timestamp	f1_415	f2_445	f3_480	f4_515	f5_555	f6_590	f7_630	f8_680	clear	nir	T	P	RH	Gas	model	mode	gain	atime	astep	led	pwm	led_V
2026-07-07T19:14:49.483	364	806	518	983	2403	2267	2568	3038	3281	424	28.17	1014.09	45.67	149955	AS7341	flash	5	100	999	10	100.0	0.1
2026-07-07T19:14:51.506	364	806	518	983	2404	2266	2568	3040	3283	424	28.17	1014.09	45.7	149821	AS7341	flash	5	100	999	10	100.0	0.1
2026-07-07T19:14:53.521	363	806	518	983	2403	2267	2568	3039	3281	424	28.17	1014.08	45.72	150089	AS7341	flash	5	100	999	10	100.0	0.1
2026-07-07T19:14:55.515	364	807	518	983	2403	2266	2567	3039	3281	424	28.17	1014.11	45.73	150089	AS7341	flash	5	100	999	10	100.0	0.1
2026-07-07T19:14:57.531	363	806	518	983	2403	2266	2567	3038	3281	424	28.18	1014.09	45.76	150089	AS7341	flash	5	100	999	10	100.0	0.1
2026-07-07T19:14:59.554	364	807	518	983	2403	2266	2567	3038	3282	424	28.17	1014.09	45.79	149821	AS7341	flash	5	100	999	10	100.0	0.1
2026-07-07T19:15:01.460	363	807	518	982	2402	2266	2567	3039	3281	423	28.17	1014.07	45.82	150089	AS7341	flash	5	100	999	10	100.0	0.1
2026-07-07T19:15:03.477	363	807	518	982	2402	2265	2566	3038	3280	423	28.17	1014.1	45.83	149821	AS7341	flash	5	100	999	10	100.0	0.1
2026-07-07T19:15:05.505	363	807	518	982	2402	2265	2566	3038	3280	423	28.17	1014.1	45.85	149420	AS7341	flash	5	100	999	10	100.0	0.1
2026-07-07T19:15:07.524	363	807	518	982	2401	2264	2565	3037	3279	423	28.17	1014.09	45.86	149955	AS7341	flash	5	100	999	10	100.0	0.1
2026-07-07T19:15:09.540	363	807	518	982	2400	2264	2565	3036	3279	423	28.17	1014.12	45.9	150224	AS7341	flash	5	100	999	10	100.0	0.1
2026-07-07T19:15:11.554	363	807	518	982	2401	2264	2565	3037	3279	423	28.17	1014.12	45.91	149955	AS7341	flash	5	100	999	10	100.0	0.1
2026-07-07T19:15:13.455	363	807	518	981	2399	2262	2563	3035	3277	424	28.18	1014.1	45.92	150224	AS7341	flash	5	100	999	10	100.0	0.1
2026-07-07T19:15:15.464	363	807	518	982	2399	2262	2563	3035	3278	424	28.18	1014.12	45.93	150089	AS7341	flash	5	100	999	10	100.0	0.1
2026-07-07T19:15:17.479	363	807	518	981	2398	2261	2563	3035	3277	424	28.18	1014.12	45.95	149821	AS7341	flash	5	100	999	10	100.0	0.1
2026-07-07T19:15:19.490	363	807	518	981	2398	2261	2562	3034	3277	423	28.18	1014.11	45.96	148624	AS7341	flash	5	100	999	10	100.0	0.1
2026-07-07T19:15:21.511	363	807	518	981	2398	2261	2562	3034	3277	423	28.18	1014.09	45.97	149420	AS7341	flash	5	100	999	10	100.0	0.1
2026-07-07T19:15:23.527	363	808	518	981	2398	2261	2562	3034	3277	423	28.17	1014.08	46.0	149154	AS7341	flash	5	100	999	10	100.0	0.1
2026-07-07T19:15:25.548	363	808	518	981	2396	2260	2561	3033	3275	423	28.17	1014.09	46.01	149553	AS7341	flash	5	100	999	10	100.0	0.1
2026-07-07T19:15:27.456	363	807	518	980	2395	2258	2559	3032	3274	423	28.18	1014.12	46.0	150224	AS7341	flash	5	100	999	10	100.0	0.1
2026-07-07T19:15:29.468	363	808	518	980	2395	2258	2559	3031	3274	423	28.18	1014.06	46.02	150089	AS7341	flash	5	100	999	10	100.0	0.1
2026-07-07T19:15:31.491	363	808	518	980	2396	2258	2559	3032	3274	423	28.17	1014.1	46.03	150359	AS7341	flash	5	100	999	10	100.0	0.1
2026-07-07T19:15:33.505	363	808	518	981	2396	2258	2559	3032	3275	423	28.18	1014.14	46.03	149154	AS7341	flash	5	100	999	10	100.0	0.1
2026-07-07T19:15:35.533	363	808	518	981	2396	2258	2559	3032	3274	423	28.18	1014.13	46.05	150089	AS7341	flash	5	100	999	10	100.0	0.1
2026-07-07T19:15:37.549	363	809	518	981	2396	2258	2559	3031	3274	423	28.18	1014.12	46.06	148756	AS7341	flash	5	100	999	10	100.0	0.1
2026-07-07T19:15:39.460	363	808	518	981	2394	2256	2557	3029	3271	423	28.19	1014.13	46.07	150359	AS7341	flash	5	100	999	10	100.0	0.1
2026-07-07T19:15:41.478	363	808	518	980	2395	2257	2558	3030	3273	423	28.19	1014.17	46.05	149553	AS7341	flash	5	100	999	10	100.0	0.1
2026-07-07T19:15:43.497	363	809	518	980	2395	2257	2558	3030	3273	423	28.18	1014.11	46.06	150629	AS7341	flash	5	100	999	10	100.0	0.1
2026-07-07T19:15:45.513	363	809	518	981	2394	2256	2558	3029	3272	423	28.18	1014.13	46.08	149287	AS7341	flash	5	100	999	10	100.0	0.1
2026-07-07T19:15:47.538	363	809	518	980	2394	2255	2556	3029	3271	423	28.19	1014.15	46.1	150224	AS7341	flash	5	100	999	10	100.0	0.1
2026-07-07T19:15:49.559	363	809	518	981	2394	2255	2556	3029	3272	423	28.18	1014.1	46.09	148756	AS7341	flash	5	100	999	10	100.0	0.1
2026-07-07T19:15:51.472	363	809	518	981	2393	2254	2555	3027	3271	422	28.19	1014.12	46.09	150224	AS7341	flash	5	100	999	10	100.0	0.1
2026-07-07T19:15:53.483	363	809	518	980	2393	2255	2556	3028	3272	423	28.19	1014.12	46.1	151036	AS7341	flash	5	100	999	10	100.0	0.1
2026-07-07T19:15:55.499	363	809	518	981	2393	2255	2556	3028	3271	423	28.19	1014.13	46.11	149553	AS7341	flash	5	100	999	10	100.0	0.1
2026-07-07T19:15:57.536	363	809	518	981	2393	2254	2555	3027	3271	422	28.18	1014.17	46.11	150359	AS7341	flash	5	100	999	10	100.0	0.1
2026-07-07T19:15:59.556	364	809	518	980	2392	2254	2555	3027	3271	422	28.19	1014.12	46.12	149553	AS7341	flash	5	100	999	10	100.0	0.1
2026-07-07T19:16:01.461	363	809	518	980	2392	2253	2554	3026	3270	422	28.2	1014.16	46.11	149955	AS7341	flash	5	100	999	10	100.0	0.1
2026-07-07T19:16:03.474	363	809	518	980	2391	2253	2554	3026	3269	422	28.19	1014.11	46.11	150089	AS7341	flash	5	100	999	10	100.0	0.1
2026-07-07T19:16:05.487	363	810	518	980	2392	2253	2555	3027	3271	422	28.2	1014.14	46.13	149687	AS7341	flash	5	100	999	10	100.0	0.1
2026-07-07T19:16:07.503	363	810	518	979	2392	2253	2554	3026	3270	422	28.19	1014.12	46.12	149154	AS7341	flash	5	100	999	10	100.0	0.1
2026-07-07T19:16:09.539	363	810	518	980	2392	2253	2554	3027	3271	422	28.2	1014.16	46.13	150359	AS7341	flash	5	100	999	10	100.0	0.1
2026-07-07T19:16:11.557	363	810	518	980	2391	2252	2553	3025	3269	422	28.19	1014.12	46.13	149287	AS7341	flash	5	100	999	10	100.0	0.1
2026-07-07T19:16:13.462	362	810	518	980	2390	2251	2553	3024	3268	422	28.21	1014.14	46.14	150765	AS7341	flash	5	100	999	10	100.0	0.1
2026-07-07T19:16:15.486	363	810	518	980	2390	2252	2553	3025	3269	422	28.19	1014.14	46.13	149553	AS7341	flash	5	100	999	10	100.0	0.1
2026-07-07T19:16:17.498	363	810	518	980	2390	2252	2553	3025	3269	422	28.2	1014.13	46.14	149955	AS7341	flash	5	100	999	10	100.0	0.1
2026-07-07T19:16:19.509	363	810	518	980	2390	2252	2553	3025	3269	422	28.2	1014.17	46.13	149955	AS7341	flash	5	100	999	10	100.0	0.1
2026-07-07T19:16:21.542	363	810	518	980	2390	2251	2552	3024	3268	422	28.19	1014.1	46.15	149553	AS7341	flash	5	100	999	10	100.0	0.1
2026-07-07T19:16:23.560	363	810	518	980	2390	2251	2553	3024	3268	422	28.2	1014.15	46.15	149955	AS7341	flash	5	100	999	10	100.0	0.1
2026-07-07T19:16:25.469	363	810	518	980	2390	2251	2552	3024	3268	422	28.21	1014.14	46.14	149553	AS7341	flash	5	100	999	10	100.0	0.1
2026-07-07T19:16:27.485	363	810	518	980	2389	2251	2552	3023	3267	422	28.2	1014.13	46.15	149553	AS7341	flash	5	100	999	10	100.0	0.1
2026-07-07T19:16:29.511	363	810	518	980	2389	2251	2553	3024	3268	422	28.2	1014.16	46.14	148888	AS7341	flash	5	100	999	10	100.0	0.1
2026-07-07T19:16:31.534	363	810	518	979	2389	2250	2551	3023	3266	422	28.21	1014.15	46.15	148888	AS7341	flash	5	100	999	10	100.0	0.1
2026-07-07T19:16:33.556	363	811	518	980	2389	2250	2551	3023	3267	422	28.21	1014.12	46.16	149420	AS7341	flash	5	100	999	10	100.0	0.1
2026-07-07T19:16:35.468	363	810	518	979	2388	2250	2551	3023	3266	422	28.21	1014.16	46.16	150224	AS7341	flash	5	100	999	10	100.0	0.1
2026-07-07T19:16:37.492	363	810	518	980	2388	2249	2550	3022	3265	422	28.21	1014.17	46.15	149553	AS7341	flash	5	100	999	10	100.0	0.1
2026-07-07T19:16:39.506	363	811	518	979	2389	2250	2552	3023	3266	422	28.21	1014.17	46.16	148624	AS7341	flash	5	100	999	10	100.0	0.1
2026-07-07T19:16:41.517	363	811	518	979	2389	2250	2551	3022	3266	422	28.21	1014.17	46.15	149021	AS7341	flash	5	100	999	10	100.0	0.1
2026-07-07T19:16:43.527	363	811	518	980	2389	2250	2550	3022	3266	422	28.22	1014.17	46.16	148888	AS7341	flash	5	100	999	10	100.0	0.1
2026-07-07T19:16:45.556	363	811	519	980	2388	2249	2550	3022	3266	422	28.21	1014.14	46.16	148888	AS7341	flash	5	100	999	10	100.0	0.1
2026-07-07T19:16:47.463	363	811	519	979	2387	2249	2550	3021	3265	422	28.22	1014.14	46.16	149687	AS7341	flash	5	100	999	10	100.0	0.1
2026-07-07T19:16:49.476	363	811	519	980	2388	2249	2550	3022	3266	422	28.22	1014.16	46.17	149021	AS7341	flash	5	100	999	10	100.0	0.1
2026-07-07T19:16:51.490	363	811	518	979	2388	2249	2549	3021	3265	422	28.22	1014.14	46.17	149420	AS7341	flash	5	100	999	10	100.0	0.1
2026-07-07T19:16:53.508	363	811	519	979	2388	2249	2551	3022	3265	422	28.22	1014.14	46.17	149021	AS7341	flash	5	100	999	10	100.0	0.1
2026-07-07T19:16:55.518	363	811	518	979	2387	2249	2549	3021	3265	422	28.22	1014.15	46.16	148756	AS7341	flash	5	100	999	10	100.0	0.1
2026-07-07T19:16:57.530	362	811	518	979	2388	2249	2551	3022	3265	422	28.22	1014.14	46.17	149553	AS7341	flash	5	100	999	10	100.0	0.1
2026-07-07T19:16:59.550	362	811	518	979	2387	2248	2549	3020	3264	422	28.22	1014.19	46.16	149021	AS7341	flash	5	100	999	10	100.0	0.1
2026-07-07T19:17:01.466	363	811	519	979	2387	2248	2549	3020	3264	422	28.23	1014.13	46.16	148624	AS7341	flash	5	100	999	10	100.0	0.1
2026-07-07T19:17:03.486	363	811	519	979	2387	2248	2548	3020	3264	422	28.22	1014.19	46.18	149821	AS7341	flash	5	100	999	10	100.0	0.1
2026-07-07T19:17:05.503	363	811	519	978	2387	2248	2549	3021	3264	422	28.22	1014.15	46.17	149287	AS7341	flash	5	100	999	10	100.0	0.1
2026-07-07T19:17:07.529	363	811	519	979	2387	2249	2550	3021	3265	422	28.22	1014.18	46.19	148756	AS7341	flash	5	100	999	10	100.0	0.1
2026-07-07T19:17:09.546	362	811	518	979	2387	2248	2548	3020	3264	422	28.23	1014.18	46.18	147707	AS7341	flash	5	100	999	10	100.0	0.1
2026-07-07T19:17:11.486	363	811	519	978	2386	2247	2549	3019	3264	422	28.23	1014.17	46.16	149687	AS7341	flash	5	100	999	10	100.0	0.1
2026-07-07T19:17:13.507	363	811	519	978	2387	2248	2548	3020	3264	422	28.23	1014.18	46.16	149021	AS7341	flash	5	100	999	10	100.0	0.1
2026-07-07T19:17:15.543	363	812	519	979	2387	2248	2549	3021	3265	422	28.23	1014.14	46.18	148888	AS7341	flash	5	100	999	10	100.0	0.1
2026-07-07T19:17:17.458	362	811	519	978	2386	2247	2548	3019	3263	422	28.24	1014.2	46.18	149021	AS7341	flash	5	100	999	10	100.0	0.1
2026-07-07T19:17:19.481	362	811	519	979	2386	2247	2547	3019	3263	422	28.23	1014.17	46.18	148888	AS7341	flash	5	100	999	10	100.0	0.1
2026-07-07T19:17:21.501	363	811	519	978	2386	2247	2548	3019	3263	422	28.24	1014.19	46.17	149553	AS7341	flash	5	100	999	10	100.0	0.1
2026-07-07T19:17:23.527	363	812	519	978	2386	2248	2549	3020	3264	422	28.24	1014.15	46.18	148624	AS7341	flash	5	100	999	10	100.0	0.1
2026-07-07T19:17:25.563	363	811	519	978	2386	2247	2549	3020	3264	422	28.24	1014.17	46.19	149154	AS7341	flash	5	100	999	10	100.0	0.1
2026-07-07T19:17:27.559	363	812	519	978	2387	2248	2548	3020	3264	422	28.25	1014.18	46.18	149021	AS7341	flash	5	100	999	10	100.0	0.1
2026-07-07T19:17:29.558	363	812	519	979	2386	2247	2548	3019	3264	422	28.25	1014.19	46.18	148492	AS7341	flash	5	100	999	10	100.0	0.1
2026-07-07T19:17:31.564	362	811	519	979	2386	2247	2548	3019	3263	422	28.24	1014.18	46.2	149021	AS7341	flash	5	100	999	10	100.0	0.1
2026-07-07T19:17:33.559	362	812	519	979	2386	2247	2549	3019	3263	422	28.24	1014.17	46.18	147707	AS7341	flash	5	100	999	10	100.0	0.1
2026-07-07T19:17:35.567	363	812	519	978	2385	2246	2547	3018	3263	422	28.24	1014.18	46.2	148361	AS7341	flash	5	100	999	10	100.0	0.1
2026-07-07T19:17:37.557	362	812	519	978	2385	2247	2548	3018	3263	422	28.25	1014.19	46.18	148888	AS7341	flash	5	100	999	10	100.0	0.1
2026-07-07T19:17:39.565	362	812	519	977	2385	2246	2546	3017	3262	422	28.25	1014.19	46.19	148492	AS7341	flash	5	100	999	10	100.0	0.1
2026-07-07T19:17:41.569	362	812	519	978	2385	2246	2548	3018	3262	422	28.25	1014.17	46.18	148888	AS7341	flash	5	100	999	10	100.0	0.1
2026-07-07T19:17:43.455	362	812	519	978	2385	2246	2547	3017	3262	422	28.26	1014.18	46.19	149553	AS7341	flash	5	100	999	10	100.0	0.1
2026-07-07T19:17:45.565	363	812	519	978	2386	2247	2548	3019	3264	422	28.24	1014.2	46.18	148230	AS7341	flash	5	100	999	10	100.0	0.1
2026-07-07T19:17:47.453	362	812	519	978	2385	2246	2547	3017	3262	422	28.26	1014.17	46.18	148492	AS7341	flash	5	100	999	10	100.0	0.1
2026-07-07T19:17:49.565	363	812	519	978	2385	2246	2548	3018	3262	422	28.25	1014.16	46.18	148361	AS7341	flash	5	100	999	10	100.0	0.1
2026-07-07T19:17:51.566	363	812	519	978	2385	2246	2548	3018	3262	422	28.26	1014.18	46.18	148492	AS7341	flash	5	100	999	10	100.0	0.1
2026-07-07T19:17:53.564	363	812	519	978	2385	2246	2547	3018	3263	422	28.26	1014.2	46.19	148230	AS7341	flash	5	100	999	10	100.0	0.1
2026-07-07T19:17:55.554	363	812	519	978	2385	2246	2548	3018	3263	422	28.26	1014.2	46.2	148888	AS7341	flash	5	100	999	10	100.0	0.1
2026-07-07T19:17:57.555	363	812	519	978	2385	2246	2548	3018	3263	422	28.27	1014.2	46.18	149021	AS7341	flash	5	100	999	10	100.0	0.1
2026-07-07T19:17:59.565	363	812	519	978	2385	2246	2547	3017	3263	422	28.27	1014.2	46.19	148230	AS7341	flash	5	100	999	10	100.0	0.1
2026-07-07T19:18:01.456	362	812	519	978	2384	2245	2546	3016	3261	422	28.26	1014.17	46.17	149955	AS7341	flash	5	100	999	10	100.0	0.1
2026-07-07T19:18:03.568	363	812	519	978	2386	2246	2548	3018	3263	422	28.26	1014.21	46.18	148230	AS7341	flash	5	100	999	10	100.0	0.1
2026-07-07T19:18:05.558	362	812	519	978	2385	2246	2547	3017	3263	422	28.26	1014.19	46.19	148492	AS7341	flash	5	100	999	10	100.0	0.1
2026-07-07T19:18:07.560	363	812	519	978	2385	2246	2547	3018	3263	422	28.27	1014.19	46.2	149154	AS7341	flash	5	100	999	10	100.0	0.1
2026-07-07T19:18:09.562	363	812	519	978	2385	2246	2547	3017	3263	422	28.26	1014.18	46.19	149154	AS7341	flash	5	100	999	10	100.0	0.1
2026-07-07T19:18:11.564	363	812	519	978	2384	2245	2546	3016	3261	422	28.26	1014.17	46.19	149021	AS7341	flash	5	100	999	10	100.0	0.1
2026-07-07T19:18:13.565	363	812	519	978	2385	2245	2546	3017	3262	422	28.27	1014.2	46.2	148624	AS7341	flash	5	100	999	10	100.0	0.1
2026-07-07T19:18:15.566	363	813	519	978	2386	2246	2547	3018	3263	422	28.27	1014.17	46.2	149021	AS7341	flash	5	100	999	10	100.0	0.1
2026-07-07T19:18:17.567	363	812	519	978	2385	2246	2547	3017	3262	422	28.26	1014.15	46.2	148756	AS7341	flash	5	100	999	10	100.0	0.1
2026-07-07T19:18:19.557	363	813	519	978	2385	2245	2545	3016	3262	422	28.28	1014.21	46.21	148230	AS7341	flash	5	100	999	10	100.0	0.1
2026-07-07T19:18:21.569	362	812	519	977	2384	2245	2546	3016	3261	422	28.28	1014.2	46.19	149287	AS7341	flash	5	100	999	10	100.0	0.1
2026-07-07T19:18:23.562	363	813	519	978	2385	2246	2546	3017	3262	422	28.27	1014.16	46.19	147968	AS7341	flash	5	100	999	10	100.0	0.1
2026-07-07T19:18:25.555	363	813	519	978	2384	2245	2545	3017	3262	422	28.28	1014.18	46.2	148492	AS7341	flash	5	100	999	10	100.0	0.1
2026-07-07T19:18:27.564	363	812	519	978	2384	2245	2547	3016	3262	422	28.28	1014.15	46.18	148492	AS7341	flash	5	100	999	10	100.0	0.1
2026-07-07T19:18:29.552	363	813	519	977	2384	2245	2546	3016	3261	422	28.27	1014.17	46.19	148624	AS7341	flash	5	100	999	10	100.0	0.1
2026-07-07T19:18:31.536	363	813	519	978	2384	2245	2545	3016	3261	422	28.28	1014.17	46.18	148756	AS7341	flash	5	100	999	10	100.0	0.1
2026-07-07T19:18:33.526	362	812	519	978	2384	2245	2546	3016	3262	422	28.29	1014.2	46.17	148492	AS7341	flash	5	100	999	10	100.0	0.1
2026-07-07T19:18:35.516	363	812	519	978	2384	2245	2545	3016	3261	422	28.29	1014.2	46.19	148492	AS7341	flash	5	100	999	10	100.0	0.1
2026-07-07T19:18:37.507	363	813	519	977	2384	2245	2547	3017	3262	422	28.28	1014.17	46.18	148230	AS7341	flash	5	100	999	10	100.0	0.1
2026-07-07T19:18:39.490	364	812	519	978	2384	2245	2546	3016	3261	422	28.29	1014.14	46.16	148756	AS7341	flash	5	100	999	10	100.0	0.1
2026-07-07T19:18:41.476	363	813	519	978	2384	2245	2545	3016	3262	422	28.28	1014.15	46.15	148230	AS7341	flash	5	100	999	10	100.0	0.1
2026-07-07T19:18:43.461	363	813	519	978	2384	2245	2546	3016	3261	422	28.29	1014.15	46.15	148756	AS7341	flash	5	100	999	10	100.0	0.1
2026-07-07T19:18:45.563	363	813	519	978	2384	2245	2547	3016	3261	422	28.29	1014.18	46.18	148230	AS7341	flash	5	100	999	10	100.0	0.1
2026-07-07T19:18:47.566	362	813	519	978	2384	2245	2545	3015	3260	422	28.29	1014.19	46.17	148099	AS7341	flash	5	100	999	10	100.0	0.1
2026-07-07T19:18:49.563	363	813	519	978	2384	2245	2545	3016	3261	422	28.29	1014.16	46.16	148230	AS7341	flash	5	100	999	10	100.0	0.1
2026-07-07T19:18:51.568	363	813	519	978	2385	2246	2547	3017	3261	422	28.3	1014.17	46.16	147968	AS7341	flash	5	100	999	10	100.0	0.1
2026-07-07T19:18:53.566	363	813	519	978	2384	2245	2545	3016	3260	422	28.29	1014.17	46.16	148756	AS7341	flash	5	100	999	10	100.0	0.1
2026-07-07T19:18:55.553	363	813	519	978	2384	2245	2546	3016	3261	422	28.29	1014.15	46.16	147707	AS7341	flash	5	100	999	10	100.0	0.1
2026-07-07T19:18:57.550	363	813	519	978	2384	2244	2546	3015	3260	422	28.3	1014.16	46.15	148492	AS7341	flash	5	100	999	10	100.0	0.1
2026-07-07T19:18:59.536	363	813	519	978	2384	2245	2546	3016	3260	422	28.29	1014.14	46.16	148756	AS7341	flash	5	100	999	10	100.0	0.1
2026-07-07T19:19:01.522	363	813	519	978	2385	2245	2546	3016	3261	422	28.3	1014.13	46.17	148624	AS7341	flash	5	100	999	10	100.0	0.1
2026-07-07T19:19:03.506	363	813	519	978	2384	2245	2546	3015	3260	422	28.3	1014.17	46.14	147707	AS7341	flash	5	100	999	10	100.0	0.1
2026-07-07T19:19:05.500	363	813	519	978	2384	2245	2546	3016	3261	422	28.31	1014.16	46.14	148492	AS7341	flash	5	100	999	10	100.0	0.1
2026-07-07T19:19:07.486	363	813	519	978	2384	2245	2545	3015	3260	422	28.3	1014.14	46.14	148230	AS7341	flash	5	100	999	10	100.0	0.1
2026-07-07T19:19:09.470	363	813	519	978	2384	2244	2545	3015	3260	422	28.3	1014.14	46.14	148888	AS7341	flash	5	100	999	10	100.0	0.1
2026-07-07T19:19:11.562	363	813	519	978	2384	2245	2545	3016	3261	422	28.29	1014.15	46.15	147577	AS7341	flash	5	100	999	10	100.0	0.1
2026-07-07T19:19:13.564	363	813	519	978	2384	2245	2545	3015	3261	422	28.31	1014.17	46.17	147447	AS7341	flash	5	100	999	10	100.0	0.1
2026-07-07T19:19:15.560	363	813	519	978	2384	2245	2545	3015	3260	422	28.3	1014.16	46.15	147707	AS7341	flash	5	100	999	10	100.0	0.1
2026-07-07T19:19:17.568	363	813	519	978	2384	2244	2544	3015	3260	422	28.31	1014.13	46.16	148756	AS7341	flash	5	100	999	10	100.0	0.1
2026-07-07T19:19:19.569	363	813	519	978	2384	2244	2545	3015	3260	422	28.31	1014.17	46.15	147707	AS7341	flash	5	100	999	10	100.0	0.1
2026-07-07T19:19:21.579	362	813	519	977	2384	2244	2544	3015	3260	422	28.31	1014.14	46.14	148624	AS7341	flash	5	100	999	10	100.0	0.1
2026-07-07T19:19:23.463	363	813	519	978	2384	2244	2544	3014	3260	422	28.32	1014.14	46.13	148492	AS7341	flash	5	100	999	10	100.0	0.1
2026-07-07T19:19:25.457	363	813	519	978	2384	2245	2545	3015	3260	422	28.32	1014.16	46.14	148361	AS7341	flash	5	100	999	10	100.0	0.1
2026-07-07T19:19:27.570	363	813	519	978	2384	2245	2545	3016	3261	422	28.31	1014.2	46.12	147968	AS7341	flash	5	100	999	10	100.0	0.1
2026-07-07T19:19:29.564	364	813	520	978	2383	2244	2545	3015	3260	422	28.32	1014.2	46.14	147058	AS7341	flash	5	100	999	10	100.0	0.1
2026-07-07T19:19:31.570	363	813	519	978	2384	2245	2546	3015	3261	422	28.32	1014.18	46.14	147968	AS7341	flash	5	100	999	10	100.0	0.1
2026-07-07T19:19:33.569	363	814	520	978	2384	2245	2546	3015	3261	422	28.32	1014.18	46.15	148361	AS7341	flash	5	100	999	10	100.0	0.1
2026-07-07T19:19:35.563	363	813	519	978	2384	2244	2545	3014	3260	422	28.32	1014.18	46.14	148492	AS7341	flash	5	100	999	10	100.0	0.1
2026-07-07T19:19:37.568	363	813	519	977	2383	2243	2544	3013	3260	422	28.33	1014.16	46.14	148756	AS7341	flash	5	100	999	10	100.0	0.1
2026-07-07T19:19:39.563	363	813	520	978	2383	2244	2544	3014	3260	422	28.33	1014.18	46.14	147577	AS7341	flash	5	100	999	10	100.0	0.1
2026-07-07T19:19:41.563	363	813	520	978	2383	2244	2545	3015	3260	422	28.32	1014.12	46.14	148361	AS7341	flash	5	100	999	10	100.0	0.1
2026-07-07T19:19:43.567	363	813	520	978	2384	2244	2545	3014	3260	422	28.33	1014.16	46.15	148230	AS7341	flash	5	100	999	10	100.0	0.1
2026-07-07T19:19:45.560	363	814	520	978	2383	2244	2544	3014	3260	422	28.33	1014.12	46.13	148099	AS7341	flash	5	100	999	10	100.0	0.1
2026-07-07T19:19:47.569	363	814	520	978	2384	2244	2545	3015	3261	422	28.33	1014.15	46.15	147968	AS7341	flash	5	100	999	10	100.0	0.1
2026-07-07T19:19:49.576	363	814	520	978	2383	2244	2545	3014	3260	422	28.33	1014.18	46.14	148756	AS7341	flash	5	100	999	10	100.0	0.1
2026-07-07T19:19:51.468	363	814	520	977	2383	2243	2543	3013	3259	422	28.34	1014.18	46.13	148492	AS7341	flash	5	100	999	10	100.0	0.1
2026-07-07T19:19:53.567	363	814	520	978	2384	2245	2545	3015	3261	422	28.33	1014.15	46.14	147837	AS7341	flash	5	100	999	10	100.0	0.1
2026-07-07T19:19:55.572	363	814	520	978	2384	2244	2544	3015	3261	422	28.34	1014.16	46.14	148230	AS7341	flash	5	100	999	10	100.0	0.1
2026-07-07T19:19:57.567	363	814	520	978	2384	2244	2544	3015	3261	422	28.34	1014.12	46.14	147707	AS7341	flash	5	100	999	10	100.0	0.1
2026-07-07T19:19:59.563	363	814	520	978	2383	2244	2544	3014	3260	422	28.35	1014.15	46.15	148230	AS7341	flash	5	100	999	10	100.0	0.1
2026-07-07T19:20:01.564	363	814	520	978	2383	2244	2544	3014	3260	422	28.34	1014.16	46.14	147707	AS7341	flash	5	100	999	10	100.0	0.1
2026-07-07T19:20:03.566	363	814	520	978	2383	2244	2544	3014	3260	422	28.34	1014.14	46.16	147968	AS7341	flash	5	100	999	10	100.0	0.1
2026-07-07T19:20:05.457	363	814	520	978	2382	2243	2543	3013	3259	422	28.36	1014.16	46.14	148756	AS7341	flash	5	100	999	10	100.0	0.1
2026-07-07T19:20:07.565	363	814	520	978	2383	2243	2544	3013	3260	422	28.34	1014.15	46.14	147577	AS7341	flash	5	100	999	10	100.0	0.1
2026-07-07T19:20:09.565	363	814	520	978	2383	2243	2544	3014	3260	422	28.35	1014.15	46.15	147837	AS7341	flash	5	100	999	10	100.0	0.1
2026-07-07T19:20:11.568	363	814	520	977	2383	2243	2543	3013	3259	422	28.35	1014.14	46.13	147447	AS7341	flash	5	100	999	10	100.0	0.1
2026-07-07T19:20:13.558	363	814	520	978	2383	2244	2545	3014	3260	422	28.35	1014.14	46.14	147707	AS7341	flash	5	100	999	10	100.0	0.1
2026-07-07T19:20:15.574	363	814	520	978	2383	2243	2544	3013	3260	422	28.35	1014.15	46.14	147707	AS7341	flash	5	100	999	10	100.0	0.1
2026-07-07T19:20:17.461	363	814	520	977	2383	2243	2543	3013	3260	422	28.36	1014.17	46.12	148099	AS7341	flash	5	100	999	10	100.0	0.1
2026-07-07T19:20:19.462	363	814	520	977	2382	2243	2542	3012	3259	421	28.36	1014.16	46.14	148888	AS7341	flash	5	100	999	10	100.0	0.1
2026-07-07T19:20:21.561	363	814	520	978	2383	2244	2544	3014	3260	422	28.35	1014.18	46.13	148099	AS7341	flash	5	100	999	10	100.0	0.1
2026-07-07T19:20:23.566	363	814	520	978	2383	2244	2544	3014	3260	422	28.36	1014.13	46.16	147188	AS7341	flash	5	100	999	10	100.0	0.1
2026-07-07T19:20:25.570	363	814	520	978	2383	2243	2544	3014	3260	422	28.36	1014.18	46.15	147447	AS7341	flash	5	100	999	10	100.0	0.1
2026-07-07T19:20:27.572	363	814	520	978	2383	2243	2543	3013	3259	422	28.36	1014.18	46.15	147058	AS7341	flash	5	100	999	10	100.0	0.1
2026-07-07T19:20:29.469	363	814	520	977	2383	2243	2543	3013	3259	422	28.37	1014.15	46.15	147837	AS7341	flash	5	100	999	10	100.0	0.1
2026-07-07T19:20:31.568	363	814	520	978	2383	2243	2544	3014	3260	422	28.36	1014.17	46.15	146929	AS7341	flash	5	100	999	10	100.0	0.1
2026-07-07T19:20:33.576	363	814	520	978	2383	2243	2544	3014	3260	422	28.37	1014.19	46.17	148230	AS7341	flash	5	100	999	10	100.0	0.1
2026-07-07T19:20:35.464	363	814	520	978	2383	2243	2543	3014	3260	422	28.37	1014.17	46.15	147188	AS7341	flash	5	100	999	10	100.0	0.1
2026-07-07T19:20:37.566	363	814	520	978	2383	2243	2544	3013	3260	422	28.36	1014.17	46.14	147577	AS7341	flash	5	100	999	10	100.0	0.1
2026-07-07T19:20:39.569	363	814	520	978	2382	2243	2544	3013	3259	422	28.37	1014.16	46.14	147447	AS7341	flash	5	100	999	10	100.0	0.1
2026-07-07T19:20:41.567	363	814	520	978	2383	2244	2543	3014	3260	422	28.37	1014.17	46.16	147968	AS7341	flash	5	100	999	10	100.0	0.1
2026-07-07T19:20:43.465	363	814	520	977	2382	2243	2543	3012	3259	422	28.37	1014.16	46.15	148230	AS7341	flash	5	100	999	10	100.0	0.1
2026-07-07T19:20:45.568	363	815	520	978	2384	2244	2544	3014	3261	422	28.37	1014.17	46.14	147188	AS7341	flash	5	100	999	10	100.0	0.1
2026-07-07T19:20:47.572	363	814	520	978	2383	2243	2543	3013	3260	422	28.37	1014.17	46.16	146929	AS7341	flash	5	100	999	10	100.0	0.1
2026-07-07T19:20:49.572	363	815	520	978	2383	2243	2544	3013	3260	422	28.38	1014.17	46.15	147968	AS7341	flash	5	100	999	10	100.0	0.1
2026-07-07T19:20:51.561	363	815	520	978	2383	2243	2543	3013	3260	422	28.38	1014.18	46.14	147188	AS7341	flash	5	100	999	10	100.0	0.1
2026-07-07T19:20:53.567	363	814	520	978	2383	2243	2543	3012	3259	422	28.38	1014.2	46.15	147707	AS7341	flash	5	100	999	10	100.0	0.1
2026-07-07T19:20:55.564	363	815	520	978	2383	2243	2543	3013	3260	422	28.38	1014.19	46.14	148099	AS7341	flash	5	100	999	10	100.0	0.1
2026-07-07T19:20:57.565	363	815	520	978	2383	2243	2544	3013	3260	422	28.38	1014.18	46.15	147447	AS7341	flash	5	100	999	10	100.0	0.1
2026-07-07T19:20:59.564	363	815	520	978	2383	2243	2543	3012	3259	422	28.38	1014.17	46.15	147707	AS7341	flash	5	100	999	10	100.0	0.1
2026-07-07T19:21:01.572	363	814	520	978	2383	2242	2543	3012	3259	422	28.38	1014.17	46.14	147188	AS7341	flash	5	100	999	10	100.0	0.1
2026-07-07T19:21:03.463	363	814	520	977	2382	2242	2543	3012	3259	422	28.39	1014.16	46.14	148492	AS7341	flash	5	100	999	10	100.0	0.1
2026-07-07T19:21:05.571	363	815	520	978	2384	2244	2544	3014	3261	422	28.38	1014.16	46.14	147447	AS7341	flash	5	100	999	10	100.0	0.1
2026-07-07T19:21:07.566	363	815	520	978	2383	2243	2544	3013	3260	422	28.39	1014.15	46.15	147707	AS7341	flash	5	100	999	10	100.0	0.1
2026-07-07T19:21:09.567	363	815	520	978	2383	2243	2544	3013	3260	422	28.39	1014.15	46.15	147447	AS7341	flash	5	100	999	10	100.0	0.1
2026-07-07T19:21:11.560	363	815	520	978	2383	2243	2544	3013	3260	422	28.39	1014.19	46.15	147188	AS7341	flash	5	100	999	10	100.0	0.1
2026-07-07T19:21:13.560	363	815	520	978	2383	2243	2543	3012	3259	422	28.39	1014.17	46.15	147707	AS7341	flash	5	100	999	10	100.0	0.1
2026-07-07T19:21:15.566	363	815	520	978	2383	2244	2545	3013	3260	422	28.39	1014.18	46.15	147707	AS7341	flash	5	100	999	10	100.0	0.1
2026-07-07T19:21:17.566	363	815	520	978	2382	2243	2543	3013	3259	422	28.39	1014.19	46.14	146801	AS7341	flash	5	100	999	10	100.0	0.1
2026-07-07T19:21:19.569	363	815	520	978	2383	2243	2544	3013	3261	422	28.39	1014.19	46.13	146672	AS7341	flash	5	100	999	10	100.0	0.1
2026-07-07T19:21:21.557	363	815	520	978	2382	2243	2544	3012	3259	422	28.4	1014.2	46.15	147317	AS7341	flash	5	100	999	10	100.0	0.1
2026-07-07T19:21:23.561	363	815	520	978	2382	2242	2543	3011	3258	422	28.4	1014.2	46.14	147188	AS7341	flash	5	100	999	10	100.0	0.1
2026-07-07T19:21:25.571	363	815	520	978	2382	2242	2542	3012	3259	422	28.4	1014.19	46.14	146929	AS7341	flash	5	100	999	10	100.0	0.1
2026-07-07T19:21:27.572	363	815	520	978	2382	2243	2544	3012	3259	422	28.41	1014.2	46.14	146929	AS7341	flash	5	100	999	10	100.0	0.1
2026-07-07T19:21:29.575	363	815	520	977	2382	2242	2542	3012	3258	421	28.39	1014.2	46.15	146801	AS7341	flash	5	100	999	10	100.0	0.1
2026-07-07T19:21:31.572	363	815	520	978	2382	2243	2544	3012	3259	422	28.41	1014.21	46.14	147707	AS7341	flash	5	100	999	10	100.0	0.1
2026-07-07T19:21:33.566	363	815	520	978	2383	2243	2543	3012	3258	422	28.4	1014.2	46.14	146160	AS7341	flash	5	100	999	10	100.0	0.1
2026-07-07T19:21:35.575	363	815	520	978	2383	2243	2544	3013	3259	422	28.41	1014.19	46.15	147447	AS7341	flash	5	100	999	10	100.0	0.1
2026-07-07T19:21:37.466	363	815	520	978	2382	2242	2543	3012	3258	422	28.41	1014.21	46.15	148230	AS7341	flash	5	100	999	10	100.0	0.1
2026-07-07T19:21:39.566	363	816	520	978	2383	2244	2544	3013	3260	422	28.41	1014.21	46.15	146929	AS7341	flash	5	100	999	10	100.0	0.1
2026-07-07T19:21:41.564	363	815	520	978	2382	2243	2544	3012	3259	422	28.41	1014.19	46.16	146929	AS7341	flash	5	100	999	10	100.0	0.1
2026-07-07T19:21:43.575	363	815	520	978	2383	2243	2543	3013	3259	422	28.4	1014.17	46.16	146929	AS7341	flash	5	100	999	10	100.0	0.1
2026-07-07T19:21:45.464	363	815	520	978	2382	2242	2542	3011	3257	422	28.41	1014.18	46.16	147317	AS7341	flash	5	100	999	10	100.0	0.1
2026-07-07T19:21:47.568	363	815	520	978	2383	2243	2543	3012	3259	422	28.41	1014.19	46.16	147447	AS7341	flash	5	100	999	10	100.0	0.1
2026-07-07T19:21:49.576	363	816	520	978	2383	2243	2544	3012	3259	422	28.41	1014.2	46.14	147577	AS7341	flash	5	100	999	10	100.0	0.1
2026-07-07T19:21:51.470	363	815	520	978	2383	2242	2543	3012	3258	422	28.43	1014.23	46.16	147837	AS7341	flash	5	100	999	10	100.0	0.1
2026-07-07T19:21:53.574	363	816	521	978	2383	2243	2543	3012	3259	422	28.41	1014.24	46.15	147707	AS7341	flash	5	100	999	10	100.0	0.1
2026-07-07T19:21:55.571	363	816	520	978	2383	2243	2544	3013	3259	422	28.41	1014.21	46.16	146929	AS7341	flash	5	100	999	10	100.0	0.1
2026-07-07T19:21:57.567	363	815	521	978	2383	2243	2543	3013	3259	422	28.42	1014.22	46.16	146160	AS7341	flash	5	100	999	10	100.0	0.1
2026-07-07T19:21:59.567	363	816	521	978	2383	2243	2543	3013	3259	422	28.42	1014.18	46.15	146672	AS7341	flash	5	100	999	10	100.0	0.1
2026-07-07T19:22:01.565	363	816	520	978	2382	2242	2542	3012	3258	422	28.42	1014.2	46.16	146929	AS7341	flash	5	100	999	10	100.0	0.1
2026-07-07T19:22:03.574	363	816	521	978	2382	2243	2544	3012	3259	422	28.42	1014.18	46.17	146544	AS7341	flash	5	100	999	10	100.0	0.1
2026-07-07T19:22:05.567	363	815	520	978	2382	2242	2543	3012	3258	422	28.43	1014.22	46.16	147058	AS7341	flash	5	100	999	10	100.0	0.1
2026-07-07T19:22:07.572	363	816	521	978	2383	2243	2543	3012	3259	422	28.42	1014.21	46.17	147577	AS7341	flash	5	100	999	10	100.0	0.1
2026-07-07T19:22:09.569	363	816	521	978	2383	2243	2544	3013	3259	422	28.42	1014.21	46.17	147447	AS7341	flash	5	100	999	10	100.0	0.1
2026-07-07T19:22:11.574	363	816	521	978	2383	2243	2543	3013	3259	422	28.43	1014.22	46.16	147188	AS7341	flash	5	100	999	10	100.0	0.1
2026-07-07T19:22:13.566	363	815	520	978	2382	2242	2542	3011	3258	422	28.43	1014.22	46.16	146672	AS7341	flash	5	100	999	10	100.0	0.1
2026-07-07T19:22:15.576	363	816	521	978	2382	2243	2544	3012	3259	422	28.43	1014.21	46.17	146801	AS7341	flash	5	100	999	10	100.0	0.1
2026-07-07T19:22:17.561	363	816	521	978	2382	2242	2543	3011	3258	422	28.43	1014.18	46.16	146929	AS7341	flash	5	100	999	10	100.0	0.1
2026-07-07T19:22:19.543	363	816	521	978	2382	2243	2543	3012	3259	422	28.44	1014.2	46.18	146416	AS7341	flash	5	100	999	10	100.0	0.1
2026-07-07T19:22:21.530	363	816	520	978	2382	2242	2543	3011	3258	422	28.43	1014.2	46.17	145905	AS7341	flash	5	100	999	10	100.0	0.1
2026-07-07T19:22:23.521	363	816	521	978	2382	2242	2543	3012	3258	422	28.44	1014.19	46.17	147058	AS7341	flash	5	100	999	10	100.0	0.1
2026-07-07T19:22:25.517	363	816	521	978	2383	2243	2543	3012	3259	422	28.44	1014.21	46.16	146672	AS7341	flash	5	100	999	10	100.0	0.1
2026-07-07T19:22:27.510	363	816	520	978	2382	2242	2542	3011	3258	422	28.44	1014.17	46.16	147188	AS7341	flash	5	100	999	10	100.0	0.1
2026-07-07T19:22:29.493	363	816	521	978	2383	2243	2544	3012	3259	422	28.44	1014.2	46.16	147317	AS7341	flash	5	100	999	10	100.0	0.1
2026-07-07T19:22:31.481	363	816	521	978	2382	2242	2542	3011	3258	422	28.45	1014.2	46.15	147058	AS7341	flash	5	100	999	10	100.0	0.1
2026-07-07T19:22:33.569	363	816	521	978	2382	2242	2543	3012	3258	422	28.44	1014.2	46.17	146160	AS7341	flash	5	100	999	10	100.0	0.1
2026-07-07T19:22:35.563	363	816	521	978	2382	2242	2542	3012	3258	422	28.44	1014.22	46.17	146672	AS7341	flash	5	100	999	10	100.0	0.1
2026-07-07T19:22:37.565	363	816	521	978	2382	2242	2543	3012	3259	422	28.44	1014.19	46.18	146288	AS7341	flash	5	100	999	10	100.0	0.1
2026-07-07T19:22:39.535	363	816	521	978	2382	2242	2542	3011	3258	422	28.45	1014.18	46.17	146801	AS7341	flash	5	100	999	10	100.0	0.1
2026-07-07T19:22:41.524	363	816	521	978	2381	2242	2542	3011	3258	422	28.45	1014.18	46.17	147968	AS7341	flash	5	100	999	10	100.0	0.1
2026-07-07T19:22:43.504	363	816	521	978	2381	2242	2542	3011	3257	422	28.45	1014.22	46.17	147447	AS7341	flash	5	100	999	10	100.0	0.1
2026-07-07T19:22:45.493	363	816	521	978	2382	2242	2543	3012	3259	422	28.45	1014.2	46.17	147188	AS7341	flash	5	100	999	10	100.0	0.1
2026-07-07T19:22:47.481	363	816	521	978	2382	2242	2542	3011	3258	422	28.46	1014.19	46.17	147707	AS7341	flash	5	100	999	10	100.0	0.1
2026-07-07T19:22:49.469	363	816	521	978	2382	2242	2544	3012	3259	422	28.45	1014.19	46.17	146544	AS7341	flash	5	100	999	10	100.0	0.1
2026-07-07T19:22:51.573	363	816	521	978	2383	2243	2543	3012	3259	422	28.45	1014.18	46.18	146929	AS7341	flash	5	100	999	10	100.0	0.1
2026-07-07T19:22:53.460	363	816	521	978	2381	2241	2541	3010	3257	422	28.46	1014.2	46.19	146672	AS7341	flash	5	100	999	10	100.0	0.1
2026-07-07T19:22:55.575	363	816	521	978	2382	2242	2542	3011	3258	422	28.45	1014.2	46.19	145399	AS7341	flash	5	100	999	10	100.0	0.1
2026-07-07T19:22:57.472	363	816	521	977	2381	2241	2541	3010	3257	422	28.47	1014.22	46.19	147058	AS7341	flash	5	100	999	10	100.0	0.1
2026-07-07T19:22:59.470	364	816	521	978	2381	2242	2542	3011	3258	422	28.46	1014.19	46.21	147058	AS7341	flash	5	100	999	10	100.0	0.1
2026-07-07T19:23:01.463	363	816	521	978	2381	2241	2543	3011	3258	422	28.46	1014.2	46.22	146544	AS7341	flash	5	100	999	10	100.0	0.1
2026-07-07T19:23:03.573	363	816	521	978	2382	2243	2543	3012	3258	422	28.46	1014.23	46.23	146288	AS7341	flash	5	100	999	10	100.0	0.1
2026-07-07T19:23:05.575	363	816	521	978	2381	2241	2543	3011	3258	422	28.46	1014.2	46.25	146033	AS7341	flash	5	100	999	10	100.0	0.1
2026-07-07T19:23:07.585	363	816	521	978	2382	2242	2542	3012	3258	422	28.46	1014.18	46.25	146288	AS7341	flash	5	100	999	10	100.0	0.1
2026-07-07T19:23:09.472	363	816	521	978	2380	2240	2541	3010	3256	422	28.47	1014.18	46.25	147317	AS7341	flash	5	100	999	10	100.0	0.1
2026-07-07T19:23:11.574	363	816	521	978	2381	2241	2542	3011	3258	422	28.46	1014.21	46.25	146544	AS7341	flash	5	100	999	10	100.0	0.1
2026-07-07T19:23:13.574	363	816	521	977	2381	2241	2543	3011	3257	422	28.47	1014.23	46.25	145778	AS7341	flash	5	100	999	10	100.0	0.1
2026-07-07T19:23:15.468	363	816	521	977	2381	2241	2541	3010	3257	422	28.48	1014.22	46.27	146160	AS7341	flash	5	100	999	10	100.0	0.1
2026-07-07T19:23:17.564	364	816	521	978	2381	2242	2542	3011	3258	422	28.46	1014.17	46.27	145905	AS7341	flash	5	100	999	10	100.0	0.1
2026-07-07T19:23:19.575	363	816	521	978	2382	2241	2542	3011	3258	422	28.47	1014.2	46.27	145652	AS7341	flash	5	100	999	10	100.0	0.1
2026-07-07T19:23:21.580	363	816	521	978	2381	2241	2542	3011	3258	422	28.48	1014.2	46.27	146416	AS7341	flash	5	100	999	10	100.0	0.1
2026-07-07T19:23:23.575	363	816	521	978	2381	2241	2542	3011	3257	422	28.47	1014.18	46.29	146160	AS7341	flash	5	100	999	10	100.0	0.1
2026-07-07T19:23:25.578	363	816	521	977	2380	2241	2542	3010	3257	422	28.47	1014.16	46.28	146416	AS7341	flash	5	100	999	10	100.0	0.1
2026-07-07T19:23:27.573	363	816	521	978	2381	2241	2541	3011	3257	422	28.47	1014.18	46.28	146544	AS7341	flash	5	100	999	10	100.0	0.1
2026-07-07T19:23:29.571	363	817	521	978	2381	2241	2543	3011	3258	422	28.47	1014.18	46.28	145778	AS7341	flash	5	100	999	10	100.0	0.1
2026-07-07T19:23:31.570	363	817	521	978	2381	2241	2542	3011	3258	422	28.47	1014.18	46.28	146929	AS7341	flash	5	100	999	10	100.0	0.1
2026-07-07T19:23:33.580	363	817	521	978	2381	2241	2543	3011	3258	422	28.47	1014.18	46.29	145905	AS7341	flash	5	100	999	10	100.0	0.1
2026-07-07T19:23:35.578	363	817	521	978	2382	2242	2543	3012	3258	422	28.47	1014.15	46.29	146801	AS7341	flash	5	100	999	10	100.0	0.1
2026-07-07T19:23:37.571	363	817	521	978	2382	2242	2542	3012	3259	422	28.48	1014.19	46.29	145652	AS7341	flash	5	100	999	10	100.0	0.1
2026-07-07T19:23:39.576	363	817	521	978	2380	2241	2541	3010	3257	422	28.48	1014.18	46.29	146033	AS7341	flash	5	100	999	10	100.0	0.1
2026-07-07T19:23:41.584	363	817	521	978	2381	2241	2541	3010	3257	422	28.48	1014.19	46.29	145905	AS7341	flash	5	100	999	10	100.0	0.1
2026-07-07T19:23:43.575	363	817	521	977	2381	2241	2543	3011	3258	422	28.47	1014.2	46.3	145778	AS7341	flash	5	100	999	10	100.0	0.1
2026-07-07T19:23:45.578	363	817	521	978	2381	2241	2542	3010	3257	422	28.48	1014.16	46.3	146160	AS7341	flash	5	100	999	10	100.0	0.1
2026-07-07T19:23:47.578	363	817	521	978	2381	2241	2542	3011	3258	422	28.48	1014.18	46.29	146672	AS7341	flash	5	100	999	10	100.0	0.1
2026-07-07T19:23:49.569	363	817	521	978	2380	2240	2541	3010	3256	422	28.48	1014.17	46.3	146416	AS7341	flash	5	100	999	10	100.0	0.1
2026-07-07T19:23:51.548	363	817	521	978	2380	2241	2542	3010	3257	422	28.48	1014.15	46.29	146160	AS7341	flash	5	100	999	10	100.0	0.1
2026-07-07T19:23:53.529	363	817	521	977	2380	2241	2542	3011	3257	422	28.49	1014.2	46.3	145905	AS7341	flash	5	100	999	10	100.0	0.1
2026-07-07T19:23:55.516	363	817	521	977	2380	2240	2541	3010	3257	422	28.49	1014.19	46.29	146416	AS7341	flash	5	100	999	10	100.0	0.1
2026-07-07T19:23:57.505	363	817	521	977	2380	2240	2541	3009	3257	422	28.49	1014.18	46.3	145778	AS7341	flash	5	100	999	10	100.0	0.1
2026-07-07T19:23:59.490	363	817	521	977	2380	2240	2542	3010	3257	422	28.49	1014.18	46.3	146416	AS7341	flash	5	100	999	10	100.0	0.1
2026-07-07T19:24:01.575	363	817	521	977	2380	2240	2541	3010	3257	422	28.48	1014.16	46.28	145525	AS7341	flash	5	100	999	10	100.0	0.1
2026-07-07T19:24:03.570	363	817	521	977	2379	2239	2540	3009	3255	421	28.49	1014.19	46.3	145525	AS7341	flash	5	100	999	10	100.0	0.1
2026-07-07T19:24:05.580	363	817	521	977	2380	2240	2542	3010	3256	422	28.48	1014.14	46.31	145399	AS7341	flash	5	100	999	10	100.0	0.1
2026-07-07T19:24:07.570	363	817	521	977	2379	2240	2541	3009	3256	422	28.49	1014.17	46.31	145905	AS7341	flash	5	100	999	10	100.0	0.1
2026-07-07T19:24:09.571	363	817	521	977	2380	2240	2542	3010	3256	422	28.49	1014.17	46.3	146288	AS7341	flash	5	100	999	10	100.0	0.1
2026-07-07T19:24:11.580	363	817	521	977	2380	2240	2542	3010	3257	422	28.5	1014.19	46.31	146288	AS7341	flash	5	100	999	10	100.0	0.1
2026-07-07T19:24:13.574	363	817	521	977	2380	2240	2541	3010	3257	422	28.49	1014.18	46.3	145652	AS7341	flash	5	100	999	10	100.0	0.1
2026-07-07T19:24:15.574	363	817	521	978	2381	2241	2543	3011	3257	422	28.5	1014.22	46.31	145652	AS7341	flash	5	100	999	10	100.0	0.1
2026-07-07T19:24:17.580	363	817	521	977	2380	2240	2542	3010	3257	422	28.5	1014.2	46.31	145399	AS7341	flash	5	100	999	10	100.0	0.1
2026-07-07T19:24:19.572	363	817	521	977	2379	2240	2540	3009	3256	422	28.49	1014.12	46.32	145905	AS7341	flash	5	100	999	10	100.0	0.1
2026-07-07T19:24:21.581	363	817	521	977	2380	2240	2542	3010	3256	422	28.5	1014.16	46.31	145399	AS7341	flash	5	100	999	10	100.0	0.1
2026-07-07T19:24:23.576	363	817	521	977	2380	2240	2542	3010	3257	422	28.5	1014.21	46.31	145905	AS7341	flash	5	100	999	10	100.0	0.1
2026-07-07T19:24:25.576	363	818	521	978	2380	2240	2542	3010	3257	422	28.5	1014.21	46.32	146160	AS7341	flash	5	100	999	10	100.0	0.1
2026-07-07T19:24:27.573	363	817	521	977	2380	2240	2542	3010	3257	421	28.49	1014.2	46.31	145778	AS7341	flash	5	100	999	10	100.0	0.1
2026-07-07T19:24:29.572	363	817	521	977	2379	2240	2540	3010	3256	422	28.5	1014.22	46.3	145905	AS7341	flash	5	100	999	10	100.0	0.1
2026-07-07T19:24:31.574	363	817	521	977	2380	2240	2541	3010	3256	422	28.51	1014.18	46.31	145399	AS7341	flash	5	100	999	10	100.0	0.1
2026-07-07T19:24:33.572	363	817	521	978	2380	2240	2541	3010	3257	422	28.5	1014.2	46.31	145905	AS7341	flash	5	100	999	10	100.0	0.1
2026-07-07T19:24:35.570	363	817	521	977	2379	2240	2542	3009	3256	422	28.5	1014.21	46.31	145905	AS7341	flash	5	100	999	10	100.0	0.1
2026-07-07T19:24:37.576	363	817	521	977	2380	2240	2541	3009	3256	422	28.5	1014.19	46.32	146672	AS7341	flash	5	100	999	10	100.0	0.1
2026-07-07T19:24:39.576	363	817	521	978	2380	2240	2541	3010	3256	422	28.51	1014.15	46.31	145778	AS7341	flash	5	100	999	10	100.0	0.1
2026-07-07T19:24:41.575	363	817	521	978	2380	2240	2541	3010	3257	422	28.5	1014.16	46.31	146416	AS7341	flash	5	100	999	10	100.0	0.1
2026-07-07T19:24:43.571	363	817	521	977	2379	2239	2540	3009	3256	422	28.51	1014.19	46.31	146416	AS7341	flash	5	100	999	10	100.0	0.1
2026-07-07T19:24:45.571	363	817	521	977	2379	2239	2541	3009	3256	422	28.51	1014.18	46.33	145652	AS7341	flash	5	100	999	10	100.0	0.1
2026-07-07T19:24:47.577	363	817	521	977	2379	2239	2541	3009	3256	422	28.51	1014.17	46.32	146160	AS7341	flash	5	100	999	10	100.0	0.1
2026-07-07T19:24:49.575	363	818	521	977	2379	2239	2541	3009	3255	422	28.5	1014.14	46.32	146288	AS7341	flash	5	100	999	10	100.0	0.1
2026-07-07T19:24:51.582	363	818	521	977	2380	2240	2542	3010	3257	422	28.51	1014.23	46.31	145652	AS7341	flash	5	100	999	10	100.0	0.1
2026-07-07T19:24:53.574	363	818	521	977	2379	2240	2541	3009	3256	422	28.51	1014.2	46.32	145778	AS7341	flash	5	100	999	10	100.0	0.1
2026-07-07T19:24:55.574	363	817	521	977	2379	2239	2541	3009	3256	422	28.52	1014.18	46.32	145652	AS7341	flash	5	100	999	10	100.0	0.1
2026-07-07T19:24:57.579	363	818	521	977	2380	2240	2541	3010	3256	422	28.51	1014.14	46.32	145399	AS7341	flash	5	100	999	10	100.0	0.1
2026-07-07T19:24:59.572	363	818	521	977	2379	2239	2540	3009	3255	422	28.51	1014.19	46.31	145652	AS7341	flash	5	100	999	10	100.0	0.1
2026-07-07T19:25:01.576	363	818	521	977	2379	2239	2541	3009	3256	422	28.52	1014.19	46.32	145021	AS7341	flash	5	100	999	10	100.0	0.1
2026-07-07T19:25:03.578	363	818	521	977	2379	2239	2541	3009	3256	422	28.52	1014.19	46.31	146160	AS7341	flash	5	100	999	10	100.0	0.1
2026-07-07T19:25:05.578	363	818	521	977	2379	2239	2540	3009	3256	422	28.52	1014.17	46.32	145147	AS7341	flash	5	100	999	10	100.0	0.1
2026-07-07T19:25:07.578	363	818	522	977	2380	2240	2541	3010	3256	422	28.52	1014.19	46.31	145273	AS7341	flash	5	100	999	10	100.0	0.1
2026-07-07T19:25:09.576	363	818	521	977	2379	2239	2541	3009	3256	422	28.52	1014.19	46.32	145905	AS7341	flash	5	100	999	10	100.0	0.1
2026-07-07T19:25:11.566	363	818	521	977	2379	2239	2541	3009	3255	422	28.52	1014.14	46.31	145652	AS7341	flash	5	100	999	10	100.0	0.1
2026-07-07T19:25:13.578	363	818	521	977	2379	2239	2541	3009	3255	422	28.53	1014.1	46.31	145147	AS7341	flash	5	100	999	10	100.0	0.1
2026-07-07T19:25:15.576	363	818	521	977	2379	2239	2541	3009	3255	422	28.53	1014.15	46.33	145905	AS7341	flash	5	100	999	10	100.0	0.1
2026-07-07T19:25:17.569	363	818	522	977	2379	2239	2542	3010	3256	421	28.54	1014.13	46.32	145778	AS7341	flash	5	100	999	10	100.0	0.1
2026-07-07T19:25:19.581	363	818	521	977	2380	2240	2541	3010	3257	422	28.53	1014.17	46.31	145021	AS7341	flash	5	100	999	10	100.0	0.1
2026-07-07T19:25:21.576	363	818	521	978	2379	2239	2542	3009	3257	422	28.54	1014.13	46.32	145147	AS7341	flash	5	100	999	10	100.0	0.1
2026-07-07T19:25:23.572	363	818	522	977	2379	2239	2541	3009	3256	422	28.53	1014.1	46.31	145147	AS7341	flash	5	100	999	10	100.0	0.1
2026-07-07T19:25:25.574	363	818	521	977	2379	2239	2541	3009	3256	422	28.53	1014.12	46.32	145652	AS7341	flash	5	100	999	10	100.0	0.1
2026-07-07T19:25:27.574	363	818	522	977	2380	2240	2542	3010	3257	422	28.53	1014.13	46.32	146160	AS7341	flash	5	100	999	10	100.0	0.1
2026-07-07T19:25:29.576	364	818	522	978	2379	2239	2541	3009	3256	422	28.54	1014.17	46.31	145905	AS7341	flash	5	100	999	10	100.0	0.1
2026-07-07T19:25:31.587	364	818	522	978	2379	2239	2540	3009	3257	422	28.54	1014.12	46.33	145525	AS7341	flash	5	100	999	10	100.0	0.1
2026-07-07T19:25:33.585	363	818	522	977	2379	2239	2541	3009	3256	422	28.54	1014.13	46.33	145147	AS7341	flash	5	100	999	10	100.0	0.1
2026-07-07T19:25:35.577	363	818	522	977	2379	2239	2541	3009	3256	422	28.54	1014.1	46.31	145399	AS7341	flash	5	100	999	10	100.0	0.1
2026-07-07T19:25:37.574	363	818	522	977	2378	2238	2541	3008	3255	422	28.54	1014.13	46.32	145399	AS7341	flash	5	100	999	10	100.0	0.1
2026-07-07T19:25:39.582	363	818	522	977	2379	2239	2540	3009	3256	422	28.54	1014.11	46.32	145905	AS7341	flash	5	100	999	10	100.0	0.1
2026-07-07T19:25:41.573	363	818	522	978	2379	2240	2542	3010	3257	422	28.54	1014.09	46.31	146033	AS7341	flash	5	100	999	10	100.0	0.1
2026-07-07T19:25:43.576	363	818	522	977	2379	2239	2542	3010	3256	422	28.55	1014.11	46.32	145399	AS7341	flash	5	100	999	10	100.0	0.1
2026-07-07T19:25:45.570	363	818	522	977	2379	2240	2541	3010	3257	421	28.55	1014.11	46.31	145147	AS7341	flash	5	100	999	10	100.0	0.1
2026-07-07T19:25:47.582	363	818	522	977	2379	2239	2541	3009	3256	421	28.54	1014.11	46.31	145778	AS7341	flash	5	100	999	10	100.0	0.1
2026-07-07T19:25:49.570	363	818	522	977	2379	2239	2541	3010	3257	422	28.55	1014.13	46.32	145905	AS7341	flash	5	100	999	10	100.0	0.1
2026-07-07T19:25:51.578	363	818	522	977	2379	2239	2541	3009	3255	422	28.55	1014.12	46.31	145021	AS7341	flash	5	100	999	10	100.0	0.1
2026-07-07T19:25:53.582	363	818	522	977	2379	2239	2541	3009	3256	422	28.55	1014.13	46.31	145273	AS7341	flash	5	100	999	10	100.0	0.1
2026-07-07T19:25:55.576	363	818	522	977	2378	2238	2540	3008	3255	422	28.55	1014.11	46.32	145652	AS7341	flash	5	100	999	10	100.0	0.1
2026-07-07T19:25:57.579	363	818	522	977	2378	2238	2541	3009	3255	422	28.54	1014.1	46.31	145525	AS7341	flash	5	100	999	10	100.0	0.1
2026-07-07T19:25:59.574	363	818	522	977	2378	2238	2540	3009	3255	422	28.55	1014.13	46.32	145652	AS7341	flash	5	100	999	10	100.0	0.1
2026-07-07T19:26:01.566	363	818	522	977	2378	2238	2540	3008	3255	422	28.56	1014.14	46.31	145652	AS7341	flash	5	100	999	10	100.0	0.1
2026-07-07T19:26:03.549	363	818	522	977	2379	2238	2540	3009	3255	422	28.55	1014.12	46.31	146033	AS7341	flash	5	100	999	10	100.0	0.1
2026-07-07T19:26:05.538	363	819	522	977	2378	2239	2540	3009	3256	422	28.56	1014.16	46.32	146033	AS7341	flash	5	100	999	10	100.0	0.1
2026-07-07T19:26:07.531	363	819	522	977	2378	2238	2540	3008	3255	422	28.56	1014.15	46.32	145905	AS7341	flash	5	100	999	10	100.0	0.1
2026-07-07T19:26:09.516	363	819	522	977	2378	2239	2540	3009	3255	422	28.55	1014.11	46.31	145147	AS7341	flash	5	100	999	10	100.0	0.1
2026-07-07T19:26:11.515	363	819	522	977	2379	2239	2540	3009	3256	422	28.56	1014.1	46.31	146160	AS7341	flash	5	100	999	10	100.0	0.1
2026-07-07T19:26:13.501	363	819	522	977	2378	2238	2540	3008	3255	422	28.56	1014.12	46.31	145147	AS7341	flash	5	100	999	10	100.0	0.1
2026-07-07T19:26:15.492	363	818	522	977	2378	2238	2540	3008	3255	422	28.56	1014.13	46.31	145021	AS7341	flash	5	100	999	10	100.0	0.1
2026-07-07T19:26:17.580	363	819	522	977	2378	2239	2540	3008	3255	422	28.55	1014.1	46.31	145021	AS7341	flash	5	100	999	10	100.0	0.1
2026-07-07T19:26:19.577	363	818	522	977	2378	2238	2540	3008	3255	422	28.56	1014.11	46.32	145399	AS7341	flash	5	100	999	10	100.0	0.1
2026-07-07T19:26:21.579	363	818	522	977	2378	2238	2540	3008	3255	421	28.56	1014.12	46.33	145652	AS7341	flash	5	100	999	10	100.0	0.1
2026-07-07T19:26:23.580	363	819	522	977	2377	2238	2539	3007	3254	421	28.56	1014.1	46.32	145399	AS7341	flash	5	100	999	10	100.0	0.1
2026-07-07T19:26:25.571	363	818	522	977	2378	2238	2540	3007	3254	422	28.56	1014.13	46.33	145147	AS7341	flash	5	100	999	10	100.0	0.1
2026-07-07T19:26:27.582	363	818	522	977	2378	2238	2539	3008	3255	422	28.56	1014.13	46.33	145399	AS7341	flash	5	100	999	10	100.0	0.1
2026-07-07T19:26:29.587	363	819	522	977	2378	2238	2540	3008	3255	421	28.57	1014.12	46.32	145525	AS7341	flash	5	100	999	10	100.0	0.1
2026-07-07T19:26:31.578	363	819	522	977	2377	2238	2540	3008	3254	422	28.56	1014.1	46.31	145652	AS7341	flash	5	100	999	10	0.0	0.1
2026-07-07T19:26:33.579	363	818	521	976	2374	2235	2538	3011	3254	420	28.59	1014.11	46.41	144396	AS7341	flash	5	100	999	10	0.0	0.1
2026-07-07T19:26:35.576	363	818	521	974	2368	2230	2536	3014	3250	420	28.63	1014.14	47.3	141708	AS7341	flash	5	100	999	10	0.0	0.1
2026-07-07T19:26:37.575	363	819	521	973	2364	2227	2535	3015	3248	421	28.64	1014.16	48.75	139004	AS7341	flash	5	100	999	10	100.0	0.1
2026-07-07T19:26:39.575	363	820	521	972	2364	2225	2534	3014	3248	421	28.6	1014.16	49.56	138658	AS7341	flash	5	100	999	10	100.0	0.1
2026-07-07T19:26:41.580	363	820	522	973	2363	2225	2533	3011	3246	421	28.59	1014.11	49.27	140167	AS7341	flash	5	100	999	10	100.0	0.1
2026-07-07T19:26:43.576	363	821	522	973	2363	2225	2532	3009	3246	421	28.6	1014.15	48.72	140284	AS7341	flash	5	100	999	10	100.0	0.1
2026-07-07T19:26:45.578	363	821	522	973	2364	2225	2532	3007	3246	421	28.59	1014.09	48.24	141112	AS7341	flash	5	100	999	10	100.0	0.1
2026-07-07T19:26:47.579	363	821	522	973	2364	2225	2531	3006	3245	421	28.59	1014.13	47.81	141949	AS7341	flash	5	100	999	10	100.0	0.1
2026-07-07T19:26:49.574	363	821	522	974	2364	2226	2531	3005	3245	421	28.58	1014.11	47.47	142431	AS7341	flash	5	100	999	10	100.0	0.1
2026-07-07T19:26:51.583	363	821	522	974	2364	2225	2530	3003	3244	421	28.59	1014.13	47.24	142796	AS7341	flash	5	100	999	10	100.0	0.1
2026-07-07T19:26:53.584	363	821	522	974	2365	2226	2531	3003	3245	421	28.58	1014.13	47.02	142674	AS7341	flash	5	100	999	10	100.0	0.1
2026-07-07T19:26:55.573	363	821	522	974	2365	2226	2531	3002	3244	421	28.59	1014.13	46.9	143530	AS7341	flash	5	100	999	10	100.0	0.1
2026-07-07T19:26:57.571	363	821	522	974	2366	2226	2531	3001	3244	421	28.59	1014.15	46.79	143776	AS7341	flash	5	100	999	10	100.0	0.1
2026-07-07T19:26:59.584	363	821	522	974	2366	2227	2531	3002	3245	421	28.59	1014.11	46.69	143776	AS7341	flash	5	100	999	10	100.0	0.1
2026-07-07T19:27:01.583	363	821	522	973	2366	2227	2531	3001	3245	421	28.59	1014.18	46.62	143407	AS7341	flash	5	100	999	10	100.0	0.1
2026-07-07T19:27:03.567	363	821	522	975	2367	2227	2531	3001	3245	421	28.59	1014.16	46.59	144148	AS7341	flash	5	100	999	10	100.0	0.1
2026-07-07T19:27:05.551	363	821	522	975	2367	2227	2530	3000	3245	420	28.6	1014.12	46.54	144272	AS7341	flash	5	100	999	10	100.0	0.1
2026-07-07T19:27:07.542	364	821	522	974	2367	2227	2531	3000	3245	421	28.59	1014.14	46.49	144396	AS7341	flash	5	100	999	10	100.0	0.1
2026-07-07T19:27:09.534	363	821	522	974	2368	2229	2532	3001	3246	421	28.6	1014.16	46.48	144396	AS7341	flash	5	100	999	10	100.0	0.1
2026-07-07T19:27:11.521	363	821	522	975	2369	2229	2532	3001	3246	421	28.59	1014.12	46.46	144272	AS7341	flash	5	100	999	10	100.0	0.1
2026-07-07T19:27:13.505	363	821	522	974	2368	2229	2531	3000	3246	420	28.59	1014.15	46.44	144396	AS7341	flash	5	100	999	10	100.0	0.1
2026-07-07T19:27:15.494	363	821	522	974	2368	2229	2532	3000	3246	421	28.59	1014.17	46.43	144896	AS7341	flash	5	100	999	10	100.0	0.1
2026-07-07T19:27:17.495	364	821	522	975	2369	2230	2533	3001	3247	421	28.6	1014.18	46.41	144645	AS7341	flash	5	100	999	10	100.0	0.1
2026-07-07T19:27:19.497	363	821	522	974	2370	2230	2533	3001	3247	421	28.59	1014.15	46.41	143900	AS7341	flash	5	100	999	10	100.0	0.1
2026-07-07T19:27:21.496	363	821	522	975	2369	2230	2532	3001	3247	421	28.6	1014.15	46.41	145021	AS7341	flash	5	100	999	10	100.0	0.1
2026-07-07T19:27:23.492	363	820	522	974	2370	2230	2533	3001	3247	421	28.59	1014.12	46.39	144521	AS7341	flash	5	100	999	10	100.0	0.1
2026-07-07T19:27:25.582	363	821	522	975	2370	2230	2533	3001	3247	421	28.59	1014.16	46.4	144148	AS7341	flash	5	100	999	10	100.0	0.1
2026-07-07T19:27:27.586	363	821	522	975	2370	2231	2533	3001	3248	421	28.59	1014.13	46.38	143900	AS7341	flash	5	100	999	10	100.0	0.1
2026-07-07T19:27:29.577	363	821	522	975	2370	2231	2533	3001	3248	421	28.6	1014.15	46.38	144396	AS7341	flash	5	100	999	10	100.0	0.1
2026-07-07T19:27:31.582	363	820	522	975	2371	2231	2534	3002	3248	421	28.6	1014.12	46.37	144645	AS7341	flash	5	100	999	10	100.0	0.1
2026-07-07T19:27:33.583	363	820	522	975	2371	2232	2534	3003	3249	421	28.6	1014.14	46.35	144896	AS7341	flash	5	100	999	10	100.0	0.1
2026-07-07T19:27:35.583	364	820	522	975	2371	2231	2533	3001	3248	421	28.59	1014.13	46.36	144396	AS7341	flash	5	100	999	10	100.0	0.1
2026-07-07T19:27:37.580	363	820	522	975	2371	2232	2534	3002	3248	421	28.6	1014.15	46.38	143900	AS7341	flash	5	100	999	10	100.0	0.1
2026-07-07T19:27:39.584	363	820	522	975	2371	2232	2534	3002	3249	421	28.6	1014.12	46.36	144024	AS7341	flash	5	100	999	10	100.0	0.1
2026-07-07T19:27:41.580	363	820	522	975	2372	2232	2535	3003	3249	421	28.6	1014.13	46.36	144148	AS7341	flash	5	100	999	10	100.0	0.1
2026-07-07T19:27:43.572	363	821	522	976	2372	2232	2535	3003	3249	421	28.6	1014.13	46.35	144396	AS7341	flash	5	100	999	10	100.0	0.1
2026-07-07T19:27:45.587	363	820	522	976	2373	2233	2535	3004	3250	421	28.6	1014.1	46.35	144396	AS7341	flash	5	100	999	10	100.0	0.1
2026-07-07T19:27:47.574	363	820	522	976	2373	2233	2535	3003	3250	421	28.6	1014.15	46.36	144645	AS7341	flash	5	100	999	10	100.0	0.1
2026-07-07T19:27:49.559	363	820	522	976	2373	2233	2536	3003	3250	421	28.61	1014.14	46.37	144645	AS7341	flash	5	100	999	10	100.0	0.1
2026-07-07T19:27:51.574	363	821	522	976	2374	2234	2537	3005	3252	421	28.61	1014.19	46.35	144770	AS7341	flash	5	100	999	10	100.0	0.1
2026-07-07T19:27:53.583	363	821	522	976	2373	2233	2536	3003	3251	421	28.6	1014.14	46.33	144148	AS7341	flash	5	100	999	10	100.0	0.1
2026-07-07T19:27:55.579	363	820	522	976	2374	2233	2536	3004	3251	421	28.61	1014.16	46.33	145147	AS7341	flash	5	100	999	10	100.0	0.1
2026-07-07T19:27:57.574	363	820	522	976	2374	2234	2537	3004	3252	421	28.61	1014.16	46.35	143653	AS7341	flash	5	100	999	10	100.0	0.1
2026-07-07T19:27:59.579	363	820	522	976	2373	2234	2536	3003	3250	421	28.6	1014.14	46.37	143900	AS7341	flash	5	100	999	10	100.0	0.1
2026-07-07T19:28:01.586	363	820	522	976	2374	2234	2537	3005	3252	421	28.6	1014.19	46.34	144896	AS7341	flash	5	100	999	10	100.0	0.1
2026-07-07T19:28:03.579	363	820	522	976	2373	2234	2536	3004	3251	421	28.6	1014.14	46.33	144396	AS7341	flash	5	100	999	10	100.0	0.1
2026-07-07T19:28:05.586	363	820	522	976	2374	2234	2537	3005	3251	421	28.61	1014.16	46.34	144645	AS7341	flash	5	100	999	10	100.0	0.1
2026-07-07T19:28:07.580	363	820	522	976	2374	2234	2536	3004	3251	421	28.6	1014.15	46.35	144024	AS7341	flash	5	100	999	10	100.0	0.1
2026-07-07T19:28:09.575	363	820	522	976	2374	2234	2537	3004	3252	421	28.61	1014.17	46.35	144645	AS7341	flash	5	100	999	10	100.0	0.1
2026-07-07T19:28:11.575	363	820	522	976	2374	2234	2536	3004	3251	421	28.61	1014.14	46.36	145021	AS7341	flash	5	100	999	10	100.0	0.1
2026-07-07T19:28:13.585	363	820	522	976	2374	2234	2537	3004	3251	421	28.6	1014.13	46.35	144148	AS7341	flash	5	100	999	10	100.0	0.1
2026-07-07T19:28:15.587	363	821	523	977	2375	2235	2538	3005	3252	421	28.61	1014.18	46.35	144272	AS7341	flash	5	100	999	10	100.0	0.1
2026-07-07T19:28:17.577	363	821	522	976	2375	2235	2538	3006	3253	421	28.61	1014.16	46.35	145021	AS7341	flash	5	100	999	10	100.0	0.1
2026-07-07T19:28:19.585	363	820	522	976	2374	2235	2537	3005	3252	421	28.61	1014.16	46.35	144645	AS7341	flash	5	100	999	10	100.0	0.1
2026-07-07T19:28:21.578	363	820	522	976	2375	2235	2537	3005	3252	421	28.61	1014.14	46.35	143900	AS7341	flash	5	100	999	10	100.0	0.1
2026-07-07T19:28:23.580	363	821	523	977	2375	2235	2537	3005	3252	421	28.62	1014.19	46.36	144521	AS7341	flash	5	100	999	10	100.0	0.1
2026-07-07T19:28:25.583	363	820	522	976	2376	2236	2538	3006	3254	421	28.62	1014.13	46.37	144896	AS7341	flash	5	100	999	10	100.0	0.1
2026-07-07T19:28:27.577	363	820	522	976	2375	2235	2538	3006	3253	421	28.62	1014.18	46.36	144521	AS7341	flash	5	100	999	10	100.0	0.1
2026-07-07T19:28:29.572	363	820	522	976	2375	2235	2538	3006	3253	421	28.61	1014.16	46.36	144024	AS7341	flash	5	100	999	10	100.0	0.1
2026-07-07T19:28:31.588	363	820	522	976	2375	2235	2537	3005	3252	421	28.62	1014.17	46.36	144896	AS7341	flash	5	100	999	10	100.0	0.1
2026-07-07T19:28:33.585	363	820	522	976	2375	2235	2537	3005	3252	421	28.62	1014.18	46.36	144396	AS7341	flash	5	100	999	10	100.0	0.1
2026-07-07T19:28:35.580	363	820	522	976	2375	2235	2538	3005	3252	421	28.61	1014.14	46.38	145147	AS7341	flash	5	100	999	10	100.0	0.1
2026-07-07T19:28:37.588	363	820	522	976	2373	2234	2537	3007	3252	421	28.62	1014.16	46.37	144645	AS7341	flash	5	100	999	10	0.0	0.1
2026-07-07T19:28:39.579	363	820	522	974	2369	2231	2536	3011	3251	420	28.66	1014.18	46.81	141949	AS7341	flash	5	100	999	10	0.0	0.1
2026-07-07T19:28:41.579	363	820	522	973	2363	2225	2534	3014	3247	420	28.68	1014.15	48.13	139235	AS7341	flash	5	100	999	10	100.0	0.1
2026-07-07T19:28:43.581	363	821	522	972	2361	2224	2532	3012	3246	421	28.66	1014.15	49.57	138658	AS7341	flash	5	100	999	10	100.0	0.1
2026-07-07T19:28:45.589	363	822	522	972	2361	2222	2531	3010	3245	421	28.65	1014.19	49.68	137973	AS7341	flash	5	100	999	10	100.0	0.1
2026-07-07T19:28:47.582	363	822	522	972	2361	2222	2530	3008	3243	420	28.65	1014.19	49.17	138429	AS7341	flash	5	100	999	10	100.0	0.1
2026-07-07T19:28:49.582	363	822	522	972	2361	2222	2529	3006	3243	420	28.64	1014.13	48.6	140050	AS7341	flash	5	100	999	10	100.0	0.1
2026-07-07T19:28:51.581	363	823	523	973	2362	2222	2529	3004	3242	420	28.64	1014.17	48.11	140284	AS7341	flash	5	100	999	10	100.0	0.1
2026-07-07T19:28:53.582	363	823	523	973	2362	2222	2529	3003	3242	420	28.65	1014.15	47.74	141828	AS7341	flash	5	100	999	10	100.0	0.1
2026-07-07T19:28:55.580	363	823	523	973	2363	2223	2529	3002	3242	420	28.64	1014.18	47.45	141469	AS7341	flash	5	100	999	10	100.0	0.1
2026-07-07T19:28:57.586	364	823	523	973	2363	2223	2529	3001	3242	420	28.64	1014.14	47.21	142190	AS7341	flash	5	100	999	10	100.0	0.1
2026-07-07T19:28:59.588	363	823	523	973	2362	2223	2528	3000	3242	420	28.64	1014.17	47.06	141708	AS7341	flash	5	100	999	10	100.0	0.1
2026-07-07T19:29:01.582	363	823	523	974	2363	2223	2528	3000	3242	421	28.64	1014.17	46.92	142674	AS7341	flash	5	100	999	10	100.0	0.1
2026-07-07T19:29:03.584	363	823	523	974	2364	2224	2529	3000	3243	420	28.64	1014.16	46.84	142918	AS7341	flash	5	100	999	10	100.0	0.1
2026-07-07T19:29:05.577	363	823	523	974	2363	2224	2529	2999	3242	420	28.64	1014.15	46.76	142190	AS7341	flash	5	100	999	10	100.0	0.1
2026-07-07T19:29:07.585	363	823	523	974	2364	2225	2529	2999	3243	420	28.64	1014.17	46.69	143162	AS7341	flash	5	100	999	10	100.0	0.1
2026-07-07T19:29:09.578	363	823	523	974	2365	2225	2529	2999	3243	420	28.64	1014.16	46.67	142190	AS7341	flash	5	100	999	10	100.0	0.1
2026-07-07T19:29:11.577	363	823	523	975	2365	2226	2530	3000	3244	421	28.64	1014.16	46.61	143162	AS7341	flash	5	100	999	10	100.0	0.1
2026-07-07T19:29:13.580	363	823	523	975	2365	2226	2530	2999	3244	420	28.64	1014.17	46.59	143407	AS7341	flash	5	100	999	10	100.0	0.1
2026-07-07T19:29:15.587	363	822	523	975	2365	2226	2529	2999	3244	421	28.64	1014.17	46.58	142431	AS7341	flash	5	100	999	10	100.0	0.1
2026-07-07T19:29:17.581	363	823	523	975	2366	2226	2530	2999	3244	421	28.64	1014.17	46.56	143653	AS7341	flash	5	100	999	10	100.0	0.1
2026-07-07T19:29:19.575	363	823	523	974	2367	2227	2531	3000	3246	421	28.64	1014.16	46.54	143530	AS7341	flash	5	100	999	10	100.0	0.1
2026-07-07T19:29:21.571	363	822	523	975	2367	2228	2531	3000	3245	421	28.64	1014.14	46.53	143284	AS7341	flash	5	100	999	10	100.0	0.1
2026-07-07T19:29:23.560	363	822	523	975	2367	2227	2531	3000	3246	421	28.64	1014.18	46.51	144645	AS7341	flash	5	100	999	10	100.0	0.1
2026-07-07T19:29:25.581	363	822	523	974	2368	2228	2531	3000	3246	421	28.64	1014.17	46.52	143407	AS7341	flash	5	100	999	10	100.0	0.1
2026-07-07T19:29:27.551	363	822	523	974	2368	2228	2532	3000	3246	421	28.64	1014.14	46.5	143284	AS7341	flash	5	100	999	10	100.0	0.1
2026-07-07T19:29:29.540	363	822	523	974	2367	2228	2531	3000	3245	421	28.64	1014.13	46.5	144148	AS7341	flash	5	100	999	10	100.0	0.1
2026-07-07T19:29:31.527	363	822	523	976	2369	2229	2533	3001	3247	421	28.65	1014.16	46.5	143284	AS7341	flash	5	100	999	10	100.0	0.1
2026-07-07T19:29:33.506	363	822	523	974	2369	2229	2532	3001	3247	421	28.65	1014.15	46.5	143653	AS7341	flash	5	100	999	10	100.0	0.1
2026-07-07T19:29:35.591	363	822	523	975	2369	2229	2532	3001	3247	421	28.64	1014.15	46.48	143284	AS7341	flash	5	100	999	10	100.0	0.1
2026-07-07T19:29:37.577	363	822	523	975	2370	2230	2533	3002	3248	421	28.64	1014.11	46.49	143530	AS7341	flash	5	100	999	10	100.0	0.1
2026-07-07T19:29:39.583	363	822	523	975	2370	2230	2533	3002	3247	421	28.65	1014.14	46.49	144645	AS7341	flash	5	100	999	10	100.0	0.1
2026-07-07T19:29:41.585	363	822	523	975	2369	2229	2533	3001	3247	421	28.65	1014.15	46.5	143900	AS7341	flash	5	100	999	10	100.0	0.1
2026-07-07T19:29:43.574	363	822	523	975	2370	2230	2533	3002	3248	421	28.65	1014.16	46.48	143900	AS7341	flash	5	100	999	10	100.0	0.1
2026-07-07T19:29:45.584	363	821	523	974	2369	2229	2532	3001	3247	421	28.65	1014.14	46.48	144024	AS7341	flash	5	100	999	10	100.0	0.1
2026-07-07T19:29:47.583	363	822	523	975	2370	2230	2533	3002	3248	421	28.64	1014.15	46.48	143530	AS7341	flash	5	100	999	10	100.0	0.1
2026-07-07T19:29:49.579	363	822	523	975	2370	2230	2533	3002	3248	421	28.65	1014.11	46.46	143162	AS7341	flash	5	100	999	10	100.0	0.1
2026-07-07T19:29:51.589	363	822	523	975	2371	2231	2534	3002	3249	421	28.65	1014.13	46.46	144024	AS7341	flash	5	100	999	10	100.0	0.1
2026-07-07T19:29:53.581	363	822	523	975	2370	2231	2534	3002	3248	421	28.65	1014.14	46.49	143900	AS7341	flash	5	100	999	10	100.0	0.1
2026-07-07T19:29:55.585	363	822	523	975	2371	2231	2534	3002	3249	421	28.65	1014.14	46.48	144148	AS7341	flash	5	100	999	10	100.0	0.1
2026-07-07T19:29:57.590	363	822	523	975	2371	2231	2535	3002	3249	421	28.65	1014.14	46.48	144024	AS7341	flash	5	100	999	10	100.0	0.1
2026-07-07T19:29:59.586	364	822	523	975	2370	2231	2534	3002	3249	421	28.64	1014.12	46.48	143653	AS7341	flash	5	100	999	10	100.0	0.1
2026-07-07T19:30:01.585	363	822	523	975	2371	2231	2534	3002	3249	421	28.65	1014.14	46.49	143040	AS7341	flash	5	100	999	10	100.0	0.1
2026-07-07T19:30:03.583	363	821	523	975	2370	2230	2534	3002	3248	421	28.65	1014.11	46.48	143530	AS7341	flash	5	100	999	10	100.0	0.1
2026-07-07T19:30:05.579	363	822	523	975	2372	2232	2535	3004	3250	421	28.65	1014.13	46.48	143776	AS7341	flash	5	100	999	10	100.0	0.1
2026-07-07T19:30:07.590	363	822	523	975	2372	2232	2536	3004	3250	421	28.66	1014.14	46.48	144148	AS7341	flash	5	100	999	10	100.0	0.1
2026-07-07T19:30:09.589	363	822	523	975	2371	2232	2535	3004	3249	421	28.66	1014.13	46.49	143284	AS7341	flash	5	100	999	10	100.0	0.1
2026-07-07T19:30:11.576	363	822	523	975	2372	2232	2535	3003	3250	421	28.65	1014.12	46.5	143407	AS7341	flash	5	100	999	10	100.0	0.1
2026-07-07T19:30:13.579	363	822	523	976	2372	2233	2536	3004	3251	421	28.65	1014.15	46.48	144148	AS7341	flash	5	100	999	10	100.0	0.1
2026-07-07T19:30:15.590	363	822	523	975	2371	2232	2535	3004	3250	421	28.65	1014.14	46.48	144148	AS7341	flash	5	100	999	10	100.0	0.1
2026-07-07T19:30:17.574	363	821	523	975	2372	2232	2535	3003	3250	421	28.66	1014.11	46.48	143653	AS7341	flash	5	100	999	10	100.0	0.1
2026-07-07T19:30:19.582	363	821	523	975	2372	2232	2535	3004	3250	421	28.65	1014.12	46.49	144272	AS7341	flash	5	100	999	10	100.0	0.1
2026-07-07T19:30:21.586	363	822	523	976	2372	2232	2536	3004	3250	421	28.65	1014.14	46.48	143900	AS7341	flash	5	100	999	10	100.0	0.1
2026-07-07T19:30:23.582	363	822	523	975	2372	2232	2536	3004	3250	421	28.65	1014.12	46.48	143407	AS7341	flash	5	100	999	10	100.0	0.1
2026-07-07T19:30:25.584	363	822	523	975	2372	2232	2536	3004	3250	421	28.66	1014.12	46.49	143776	AS7341	flash	5	100	999	10	100.0	0.1
2026-07-07T19:30:27.589	363	821	523	975	2371	2232	2535	3003	3250	421	28.66	1014.11	46.48	143530	AS7341	flash	5	100	999	10	100.0	0.1
2026-07-07T19:30:29.600	363	821	523	976	2372	2232	2536	3004	3250	421	28.65	1014.15	46.48	143407	AS7341	flash	5	100	999	10	100.0	0.1
2026-07-07T19:30:31.582	363	821	523	975	2371	2232	2535	3003	3249	421	28.66	1014.15	46.49	143776	AS7341	flash	5	100	999	10	100.0	0.1
2026-07-07T19:30:33.588	363	821	523	975	2371	2232	2535	3003	3249	421	28.66	1014.1	46.5	143776	AS7341	flash	5	100	999	10	100.0	0.1
2026-07-07T19:30:35.582	363	822	523	976	2372	2232	2535	3004	3250	421	28.66	1014.13	46.49	144024	AS7341	flash	5	100	999	10	100.0	0.1
2026-07-07T19:30:37.588	363	821	523	975	2371	2232	2535	3003	3249	421	28.65	1014.11	46.49	142796	AS7341	flash	5	100	999	10	100.0	0.1
2026-07-07T19:30:39.587	363	821	523	975	2372	2232	2536	3004	3250	421	28.66	1014.16	46.5	143407	AS7341	flash	5	100	999	10	100.0	0.1
2026-07-07T19:30:41.578	363	821	523	976	2371	2232	2535	3003	3249	421	28.66	1014.09	46.49	144024	AS7341	flash	5	100	999	10	0.0	0.1
2026-07-07T19:30:43.581	363	821	522	974	2369	2230	2535	3009	3250	420	28.68	1014.13	46.59	143040	AS7341	flash	5	100	999	10	0.0	0.1
2026-07-07T19:30:45.586	364	821	522	973	2363	2226	2533	3012	3247	420	28.7	1014.12	47.55	139467	AS7341	flash	5	100	999	10	0.0	0.1
2026-07-07T19:30:47.595	363	822	522	971	2358	2221	2530	3012	3244	421	28.72	1014.13	49.13	136623	AS7341	flash	5	100	999	10	100.0	0.1
2026-07-07T19:30:49.590	363	823	523	971	2359	2220	2531	3011	3243	421	28.69	1014.11	49.98	137295	AS7341	flash	5	100	999	10	100.0	0.1
2026-07-07T19:30:51.576	363	823	523	971	2357	2219	2528	3007	3241	420	28.68	1014.14	49.65	138544	AS7341	flash	5	100	999	10	100.0	0.1
2026-07-07T19:30:53.583	363	823	523	971	2359	2219	2529	3006	3242	420	28.68	1014.12	49.07	139235	AS7341	flash	5	100	999	10	100.0	0.1
2026-07-07T19:30:55.590	363	823	523	972	2358	2219	2527	3004	3240	420	28.68	1014.14	48.51	139816	AS7341	flash	5	100	999	10	100.0	0.1
2026-07-07T19:30:57.583	363	824	523	972	2359	2219	2527	3002	3240	420	28.68	1014.12	48.07	140638	AS7341	flash	5	100	999	10	100.0	0.1
2026-07-07T19:30:59.584	363	824	523	972	2359	2220	2527	3001	3240	420	28.68	1014.12	47.74	140756	AS7341	flash	5	100	999	10	100.0	0.1
2026-07-07T19:31:01.589	363	824	522	972	2359	2219	2526	3000	3239	420	28.68	1014.13	47.49	140402	AS7341	flash	5	100	999	10	100.0	0.1
2026-07-07T19:31:03.584	363	824	523	972	2359	2219	2526	2999	3239	420	28.68	1014.14	47.29	140874	AS7341	flash	5	100	999	10	100.0	0.1
2026-07-07T19:31:05.588	363	824	522	973	2361	2221	2527	2999	3240	420	28.68	1014.09	47.13	141589	AS7341	flash	5	100	999	10	100.0	0.1
2026-07-07T19:31:07.585	363	824	522	973	2361	2221	2527	2999	3240	420	28.68	1014.12	47.01	142069	AS7341	flash	5	100	999	10	100.0	0.1
2026-07-07T19:31:09.592	363	824	523	973	2362	2222	2528	2999	3242	420	28.67	1014.11	46.95	141949	AS7341	flash	5	100	999	10	100.0	0.1
2026-07-07T19:31:11.588	363	824	522	973	2362	2222	2528	2999	3241	420	28.68	1014.15	46.86	141828	AS7341	flash	5	100	999	10	100.0	0.1
2026-07-07T19:31:13.595	363	824	523	973	2362	2222	2527	2998	3241	420	28.68	1014.1	46.82	142310	AS7341	flash	5	100	999	10	100.0	0.1
2026-07-07T19:31:15.584	364	824	522	974	2364	2223	2529	2999	3243	420	28.67	1014.11	46.78	142674	AS7341	flash	5	100	999	10	100.0	0.1
2026-07-07T19:31:17.583	363	824	523	974	2362	2223	2528	2998	3241	420	28.68	1014.14	46.77	142796	AS7341	flash	5	100	999	10	100.0	0.1
2026-07-07T19:31:19.587	363	824	523	974	2363	2223	2528	2998	3242	420	28.68	1014.14	46.72	142674	AS7341	flash	5	100	999	10	100.0	0.1
2026-07-07T19:31:21.584	363	824	523	974	2364	2224	2529	2999	3243	421	28.68	1014.14	46.71	142674	AS7341	flash	5	100	999	10	100.0	0.1
2026-07-07T19:31:23.591	363	824	523	974	2364	2225	2529	2999	3243	421	28.68	1014.13	46.69	142674	AS7341	flash	5	100	999	10	100.0	0.1
2026-07-07T19:31:25.580	363	824	523	974	2364	2225	2529	2999	3244	421	28.68	1014.11	46.69	142918	AS7341	flash	5	100	999	10	100.0	0.1
2026-07-07T19:31:27.586	363	824	523	974	2365	2225	2530	2999	3244	421	28.68	1014.12	46.67	141949	AS7341	flash	5	100	999	10	100.0	0.1
2026-07-07T19:31:29.581	363	823	523	974	2364	2225	2529	2999	3243	421	28.68	1014.14	46.66	142796	AS7341	flash	5	100	999	10	100.0	0.1
2026-07-07T19:31:31.584	363	824	523	974	2365	2225	2530	2999	3244	421	28.67	1014.11	46.65	142431	AS7341	flash	5	100	999	10	100.0	0.1
2026-07-07T19:31:33.593	363	824	523	975	2365	2226	2530	2999	3244	421	28.68	1014.12	46.65	142431	AS7341	flash	5	100	999	10	100.0	0.1
2026-07-07T19:31:35.578	363	824	523	975	2365	2226	2530	2999	3244	421	28.67	1014.11	46.64	143162	AS7341	flash	5	100	999	10	100.0	0.1
2026-07-07T19:31:37.582	363	824	523	975	2367	2227	2532	3001	3246	421	28.68	1014.1	46.64	143407	AS7341	flash	5	100	999	10	100.0	0.1
2026-07-07T19:31:39.582	363	824	523	975	2367	2227	2531	3000	3245	421	28.68	1014.14	46.62	142796	AS7341	flash	5	100	999	10	100.0	0.1
2026-07-07T19:31:41.589	363	823	523	975	2367	2228	2532	3001	3246	421	28.67	1014.12	46.63	142190	AS7341	flash	5	100	999	10	100.0	0.1
2026-07-07T19:31:43.580	363	823	523	975	2366	2227	2531	3000	3245	421	28.68	1014.12	46.64	143407	AS7341	flash	5	100	999	10	100.0	0.1
2026-07-07T19:31:45.559	363	823	523	975	2366	2227	2531	3000	3245	421	28.67	1014.11	46.62	142674	AS7341	flash	5	100	999	10	100.0	0.1
2026-07-07T19:31:47.540	363	823	523	975	2366	2227	2531	3000	3245	421	28.67	1014.13	46.62	143407	AS7341	flash	5	100	999	10	100.0	0.1
2026-07-07T19:31:49.532	363	823	523	974	2368	2228	2532	3001	3246	421	28.68	1014.14	46.6	142674	AS7341	flash	5	100	999	10	100.0	0.1
2026-07-07T19:31:51.521	363	823	523	975	2367	2227	2531	3000	3245	421	28.68	1014.1	46.6	143407	AS7341	flash	5	100	999	10	100.0	0.1
2026-07-07T19:31:53.602	363	823	523	976	2369	2229	2534	3002	3248	421	28.67	1014.14	46.61	142431	AS7341	flash	5	100	999	10	100.0	0.1
2026-07-07T19:31:55.586	363	823	523	976	2368	2228	2533	3001	3247	421	28.68	1014.14	46.62	143284	AS7341	flash	5	100	999	10	100.0	0.1
2026-07-07T19:31:57.580	363	823	523	976	2368	2228	2533	3001	3247	421	28.68	1014.14	46.62	143162	AS7341	flash	5	100	999	10	100.0	0.1
2026-07-07T19:31:59.564	363	823	523	975	2369	2230	2534	3003	3248	421	28.68	1014.09	46.62	143162	AS7341	flash	5	100	999	10	100.0	0.1
2026-07-07T19:32:01.559	363	823	523	975	2368	2229	2533	3001	3247	421	28.68	1014.11	46.62	143162	AS7341	flash	5	100	999	10	100.0	0.1
2026-07-07T19:32:03.543	363	823	523	975	2368	2229	2533	3001	3247	421	28.68	1014.16	46.62	143530	AS7341	flash	5	100	999	10	100.0	0.1
2026-07-07T19:32:05.528	363	823	523	974	2368	2229	2533	3001	3247	421	28.68	1014.16	46.63	143162	AS7341	flash	5	100	999	10	100.0	0.1
2026-07-07T19:32:07.512	363	823	523	975	2368	2229	2533	3002	3247	421	28.68	1014.15	46.62	143653	AS7341	flash	5	100	999	10	100.0	0.1
2026-07-07T19:32:09.610	363	823	523	975	2369	2229	2534	3003	3248	421	28.68	1014.15	46.64	143040	AS7341	flash	5	100	999	10	100.0	0.1
2026-07-07T19:32:11.595	363	823	523	975	2369	2229	2534	3002	3248	421	28.67	1014.13	46.65	142069	AS7341	flash	5	100	999	10	100.0	0.1
2026-07-07T19:32:13.584	363	823	523	975	2369	2229	2533	3002	3247	421	28.67	1014.09	46.66	142431	AS7341	flash	5	100	999	10	100.0	0.1
2026-07-07T19:32:15.565	363	822	523	974	2368	2229	2533	3001	3247	421	28.68	1014.14	46.67	143162	AS7341	flash	5	100	999	10	100.0	0.1
2026-07-07T19:32:17.558	363	823	523	975	2368	2229	2533	3001	3247	421	28.68	1014.15	46.69	143530	AS7341	flash	5	100	999	10	100.0	0.1
2026-07-07T19:32:19.546	363	822	523	974	2368	2229	2533	3002	3247	421	28.68	1014.16	46.69	143407	AS7341	flash	5	100	999	10	100.0	0.1
2026-07-07T19:32:21.532	363	823	523	975	2369	2229	2534	3002	3248	421	28.68	1014.13	46.7	143407	AS7341	flash	5	100	999	10	100.0	0.1
2026-07-07T19:32:23.518	363	823	523	975	2369	2230	2534	3003	3248	421	28.68	1014.1	46.69	142796	AS7341	flash	5	100	999	10	100.0	0.1
2026-07-07T19:32:25.615	363	823	523	975	2369	2230	2535	3003	3249	421	28.67	1014.11	46.7	141828	AS7341	flash	5	100	999	10	100.0	0.1
2026-07-07T19:32:27.608	363	823	523	975	2369	2230	2534	3003	3248	421	28.68	1014.11	46.72	143040	AS7341	flash	5	100	999	10	100.0	0.1
2026-07-07T19:32:29.603	363	823	523	975	2370	2231	2535	3004	3249	421	28.68	1014.14	46.72	142674	AS7341	flash	5	100	999	10	100.0	0.1
2026-07-07T19:32:31.590	363	823	523	975	2369	2230	2534	3003	3248	421	28.68	1014.1	46.73	142918	AS7341	flash	5	100	999	10	100.0	0.1
2026-07-07T19:32:33.592	363	823	523	975	2369	2230	2534	3003	3248	421	28.68	1014.14	46.71	142918	AS7341	flash	5	100	999	10	100.0	0.1
2026-07-07T19:32:35.590	363	823	523	975	2370	2230	2535	3003	3249	421	28.68	1014.15	46.73	142796	AS7341	flash	5	100	999	10	100.0	0.1
2026-07-07T19:32:37.596	363	823	523	975	2369	2230	2534	3003	3248	420	28.68	1014.13	46.73	142674	AS7341	flash	5	100	999	10	100.0	0.1
2026-07-07T19:32:39.589	363	822	523	975	2369	2230	2535	3003	3248	421	28.68	1014.13	46.72	142674	AS7341	flash	5	100	999	10	100.0	0.1
2026-07-07T19:32:41.595	363	823	523	975	2369	2230	2535	3003	3249	421	28.68	1014.12	46.75	143040	AS7341	flash	5	100	999	10	100.0	0.1
2026-07-07T19:32:43.588	363	823	523	975	2370	2230	2535	3004	3249	421	28.68	1014.12	46.75	142918	AS7341	flash	5	100	999	10	100.0	0.1
2026-07-07T19:32:45.596	363	822	523	974	2370	2230	2535	3003	3249	421	28.68	1014.13	46.75	143284	AS7341	flash	5	100	999	10	100.0	0.1
2026-07-07T19:32:47.590	363	822	523	974	2368	2229	2535	3005	3248	421	28.68	1014.13	46.77	142431	AS7341	flash	5	100	999	10	0.0	0.1
2026-07-07T19:32:49.578	363	822	523	973	2364	2226	2533	3009	3247	420	28.72	1014.12	47.2	140756	AS7341	flash	5	100	999	10	0.0	0.1
2026-07-07T19:32:51.562	363	822	523	971	2357	2220	2530	3013	3244	420	28.74	1014.13	48.54	138087	AS7341	flash	5	100	999	10	100.0	0.1
2026-07-07T19:32:53.545	363	823	523	971	2357	2219	2529	3012	3243	421	28.72	1014.13	50.05	135737	AS7341	flash	5	100	999	10	100.0	0.1
2026-07-07T19:32:55.535	363	824	523	970	2357	2218	2529	3010	3242	420	28.71	1014.14	50.18	137182	AS7341	flash	5	100	999	10	100.0	0.1
2026-07-07T19:32:57.529	363	824	523	970	2356	2217	2527	3007	3240	420	28.71	1014.13	49.66	137973	AS7341	flash	5	100	999	10	100.0	0.1
2026-07-07T19:32:59.513	363	824	523	970	2355	2216	2526	3004	3239	420	28.7	1014.17	49.09	138658	AS7341	flash	5	100	999	10	100.0	0.1
2026-07-07T19:33:01.603	363	825	522	971	2356	2217	2526	3003	3238	420	28.69	1014.15	48.56	138201	AS7341	flash	5	100	999	10	100.0	0.1
2026-07-07T19:33:03.590	363	825	523	971	2356	2217	2525	3001	3237	420	28.7	1014.12	48.18	139351	AS7341	flash	5	100	999	10	100.0	0.1
2026-07-07T19:33:05.585	363	825	523	971	2357	2217	2525	3001	3238	420	28.7	1014.14	47.87	139235	AS7341	flash	5	100	999	10	100.0	0.1
2026-07-07T19:33:07.581	363	825	523	972	2357	2217	2525	3000	3238	420	28.7	1014.14	47.63	139933	AS7341	flash	5	100	999	10	100.0	0.1
2026-07-07T19:33:09.589	363	825	523	972	2358	2218	2525	2999	3238	420	28.7	1014.12	47.48	140520	AS7341	flash	5	100	999	10	100.0	0.1
2026-07-07T19:33:11.590	363	825	523	972	2358	2218	2525	2998	3238	420	28.69	1014.14	47.32	140284	AS7341	flash	5	100	999	10	100.0	0.1
2026-07-07T19:33:13.594	363	825	522	972	2358	2218	2525	2998	3238	420	28.69	1014.17	47.27	140402	AS7341	flash	5	100	999	10	100.0	0.1
2026-07-07T19:33:15.591	363	825	522	972	2359	2218	2525	2998	3238	420	28.69	1014.15	47.16	141949	AS7341	flash	5	100	999	10	100.0	0.1
2026-07-07T19:33:17.584	363	825	524	972	2359	2219	2526	2998	3239	420	28.69	1014.12	47.1	141350	AS7341	flash	5	100	999	10	100.0	0.1
2026-07-07T19:33:19.584	363	825	523	973	2360	2220	2526	2998	3240	419	28.69	1014.16	47.06	141828	AS7341	flash	5	100	999	10	100.0	0.1
2026-07-07T19:33:21.590	364	825	523	972	2360	2220	2526	2998	3239	420	28.69	1014.16	47.01	141589	AS7341	flash	5	100	999	10	100.0	0.1
2026-07-07T19:33:23.591	363	825	523	973	2361	2221	2528	2999	3241	420	28.7	1014.15	46.99	141231	AS7341	flash	5	100	999	10	100.0	0.1
2026-07-07T19:33:25.580	363	825	524	973	2361	2221	2527	2998	3240	420	28.7	1014.13	46.96	141828	AS7341	flash	5	100	999	10	100.0	0.1
2026-07-07T19:33:27.592	363	825	523	973	2362	2222	2527	2999	3241	420	28.69	1014.14	46.95	141469	AS7341	flash	5	100	999	10	100.0	0.1
2026-07-07T19:33:29.587	363	825	523	973	2362	2222	2528	2999	3241	421	28.69	1014.13	46.93	141708	AS7341	flash	5	100	999	10	100.0	0.1
2026-07-07T19:33:31.587	363	825	523	974	2363	2222	2528	2999	3242	421	28.69	1014.14	46.92	141589	AS7341	flash	5	100	999	10	100.0	0.1
2026-07-07T19:33:33.585	363	825	524	973	2362	2222	2528	2999	3242	420	28.7	1014.12	46.91	141708	AS7341	flash	5	100	999	10	100.0	0.1
2026-07-07T19:33:35.581	363	825	523	974	2362	2222	2528	2998	3241	420	28.69	1014.11	46.91	141949	AS7341	flash	5	100	999	10	100.0	0.1
2026-07-07T19:33:37.587	363	825	523	974	2362	2223	2528	2998	3241	420	28.69	1014.15	46.89	141828	AS7341	flash	5	100	999	10	100.0	0.1
2026-07-07T19:33:39.587	363	825	524	974	2363	2224	2529	3000	3243	421	28.69	1014.14	46.89	142190	AS7341	flash	5	100	999	10	100.0	0.1
2026-07-07T19:33:41.594	363	825	524	974	2363	2223	2529	2999	3242	421	28.69	1014.16	46.87	141708	AS7341	flash	5	100	999	10	100.0	0.1
2026-07-07T19:33:43.592	363	825	524	974	2363	2224	2530	3000	3244	421	28.69	1014.11	46.87	142674	AS7341	flash	5	100	999	10	100.0	0.1
2026-07-07T19:33:45.589	363	825	524	974	2363	2224	2530	2999	3243	421	28.69	1014.16	46.88	142310	AS7341	flash	5	100	999	10	100.0	0.1
2026-07-07T19:33:47.588	363	824	524	974	2363	2224	2529	2999	3243	421	28.69	1014.15	46.87	142190	AS7341	flash	5	100	999	10	100.0	0.1
2026-07-07T19:33:49.599	363	825	524	974	2364	2225	2530	3000	3244	421	28.7	1014.18	46.87	142190	AS7341	flash	5	100	999	10	100.0	0.1
2026-07-07T19:33:51.595	363	824	524	974	2364	2225	2531	3000	3244	421	28.69	1014.15	46.87	142674	AS7341	flash	5	100	999	10	100.0	0.1
2026-07-07T19:33:53.590	363	824	523	974	2364	2225	2530	3000	3244	421	28.69	1014.17	46.87	142190	AS7341	flash	5	100	999	10	100.0	0.1
2026-07-07T19:33:55.589	363	824	524	974	2364	2226	2531	3001	3245	421	28.69	1014.14	46.87	142069	AS7341	flash	5	100	999	10	100.0	0.1
2026-07-07T19:33:57.594	363	824	524	974	2364	2225	2530	3000	3244	421	28.7	1014.12	46.87	142310	AS7341	flash	5	100	999	10	100.0	0.1
2026-07-07T19:33:59.590	363	824	523	974	2365	2225	2530	3000	3244	420	28.69	1014.14	46.86	142310	AS7341	flash	5	100	999	10	100.0	0.1
2026-07-07T19:34:01.589	363	824	523	974	2364	2225	2531	3001	3244	421	28.7	1014.14	46.86	143407	AS7341	flash	5	100	999	10	100.0	0.1
2026-07-07T19:34:03.583	363	824	524	975	2365	2226	2532	3001	3245	420	28.69	1014.13	46.85	142069	AS7341	flash	5	100	999	10	100.0	0.1
2026-07-07T19:34:05.592	363	824	524	974	2365	2226	2531	3000	3245	421	28.69	1014.14	46.86	142190	AS7341	flash	5	100	999	10	100.0	0.1
2026-07-07T19:34:07.586	363	824	524	975	2365	2226	2531	3001	3244	420	28.69	1014.15	46.85	142431	AS7341	flash	5	100	999	10	100.0	0.1
2026-07-07T19:34:09.587	363	824	524	975	2365	2226	2532	3001	3245	421	28.69	1014.13	46.86	143040	AS7341	flash	5	100	999	10	100.0	0.1
2026-07-07T19:34:11.589	363	824	523	975	2365	2226	2532	3001	3245	421	28.69	1014.14	46.86	143040	AS7341	flash	5	100	999	10	100.0	0.1
2026-07-07T19:34:13.593	364	824	524	975	2366	2227	2532	3002	3246	421	28.69	1014.14	46.86	142431	AS7341	flash	5	100	999	10	100.0	0.1
2026-07-07T19:34:15.598	363	824	524	975	2366	2227	2532	3002	3246	421	28.68	1014.12	46.87	142190	AS7341	flash	5	100	999	10	100.0	0.1
2026-07-07T19:34:17.579	363	824	524	975	2366	2227	2532	3002	3245	421	28.69	1014.15	46.86	142431	AS7341	flash	5	100	999	10	100.0	0.1
2026-07-07T19:34:19.598	363	824	524	975	2367	2228	2533	3003	3247	421	28.69	1014.13	46.86	142431	AS7341	flash	5	100	999	10	100.0	0.1
2026-07-07T19:34:21.588	363	824	524	975	2366	2227	2532	3002	3246	421	28.69	1014.16	46.86	142431	AS7341	flash	5	100	999	10	100.0	0.1
2026-07-07T19:34:23.590	363	824	524	975	2366	2227	2533	3002	3246	421	28.68	1014.1	46.87	142310	AS7341	flash	5	100	999	10	100.0	0.1
2026-07-07T19:34:25.592	363	824	523	975	2366	2227	2533	3002	3246	421	28.68	1014.15	46.87	142190	AS7341	flash	5	100	999	10	100.0	0.1
2026-07-07T19:34:27.585	364	824	524	975	2368	2228	2534	3004	3248	421	28.69	1014.18	46.87	142431	AS7341	flash	5	100	999	10	100.0	0.1
2026-07-07T19:34:29.598	363	824	523	975	2366	2227	2532	3002	3246	421	28.69	1014.16	46.88	142069	AS7341	flash	5	100	999	10	100.0	0.1
2026-07-07T19:34:31.583	363	824	524	975	2366	2227	2532	3002	3246	421	28.7	1014.14	46.87	142553	AS7341	flash	5	100	999	10	100.0	0.1
2026-07-07T19:34:33.564	363	823	523	975	2366	2227	2532	3002	3245	421	28.69	1014.14	46.87	142553	AS7341	flash	5	100	999	10	100.0	0.1
2026-07-07T19:34:35.549	363	824	524	975	2367	2228	2533	3003	3247	421	28.69	1014.11	46.87	142796	AS7341	flash	5	100	999	10	100.0	0.1
2026-07-07T19:34:37.536	363	824	524	975	2367	2227	2533	3003	3246	421	28.68	1014.12	46.86	142553	AS7341	flash	5	100	999	10	100.0	0.1
2026-07-07T19:34:39.520	363	824	523	975	2367	2228	2534	3003	3247	421	28.69	1014.13	46.87	142674	AS7341	flash	5	100	999	10	100.0	0.1
2026-07-07T19:34:41.516	363	824	524	975	2367	2228	2533	3003	3247	421	28.69	1014.13	46.87	142674	AS7341	flash	5	100	999	10	100.0	0.1
2026-07-07T19:34:43.615	363	824	524	976	2368	2229	2535	3004	3248	421	28.68	1014.13	46.89	141708	AS7341	flash	5	100	999	10	100.0	0.1
2026-07-07T19:34:45.599	364	824	523	975	2367	2228	2534	3003	3247	421	28.68	1014.17	46.88	141949	AS7341	flash	5	100	999	10	100.0	0.1
2026-07-07T19:34:47.589	363	824	524	975	2368	2229	2535	3004	3248	421	28.69	1014.15	46.87	141231	AS7341	flash	5	100	999	10	100.0	0.1
2026-07-07T19:34:49.587	364	824	524	976	2368	2229	2534	3004	3248	421	28.69	1014.16	46.88	142553	AS7341	flash	5	100	999	10	100.0	0.1
2026-07-07T19:34:51.592	363	824	524	975	2367	2228	2534	3004	3247	421	28.7	1014.17	46.88	142431	AS7341	flash	5	100	999	10	0.0	0.1
2026-07-07T19:34:53.594	363	823	523	974	2364	2226	2533	3008	3246	420	28.72	1014.16	46.97	140993	AS7341	flash	5	100	999	10	0.0	0.1
2026-07-07T19:34:55.595	364	823	523	972	2357	2220	2530	3010	3243	420	28.74	1014.18	47.96	138429	AS7341	flash	5	100	999	10	0.0	0.1
2026-07-07T19:34:57.589	363	823	522	969	2354	2217	2529	3011	3239	420	28.76	1014.2	49.58	135189	AS7341	flash	5	100	999	10	100.0	0.15
2026-07-07T19:34:59.590	363	824	523	970	2353	2215	2527	3010	3239	419	28.72	1014.16	50.53	135737	AS7341	flash	5	100	999	10	100.0	0.15
2026-07-07T19:35:01.594	363	824	523	970	2352	2214	2525	3006	3237	420	28.72	1014.16	50.2	136734	AS7341	flash	5	100	999	10	100.0	0.15
2026-07-07T19:35:03.591	362	825	523	970	2352	2214	2524	3004	3237	420	28.71	1014.17	49.6	137295	AS7341	flash	5	100	999	10	100.0	0.15
2026-07-07T19:35:05.590	364	825	523	971	2353	2215	2524	3004	3238	420	28.72	1014.18	49.04	137633	AS7341	flash	5	100	999	10	100.0	0.15
2026-07-07T19:35:07.586	363	825	523	971	2353	2215	2525	3002	3237	420	28.71	1014.16	48.59	138888	AS7341	flash	5	100	999	10	100.0	0.15
2026-07-07T19:35:09.592	363	825	523	970	2353	2215	2524	3000	3237	420	28.71	1014.15	48.25	138773	AS7341	flash	5	100	999	10	100.0	0.15
2026-07-07T19:35:11.588	362	825	523	970	2353	2215	2524	2999	3236	420	28.72	1014.18	48.0	139467	AS7341	flash	5	100	999	10	100.0	0.15
2026-07-07T19:35:13.593	364	826	523	971	2354	2215	2524	3000	3237	420	28.72	1014.16	47.8	139816	AS7341	flash	5	100	999	10	100.0	0.15
2026-07-07T19:35:15.597	364	826	523	970	2354	2215	2524	2999	3236	420	28.72	1014.18	47.68	139235	AS7341	flash	5	100	999	10	100.0	0.15
2026-07-07T19:35:17.595	364	826	523	970	2354	2215	2523	2998	3236	420	28.72	1014.15	47.59	140167	AS7341	flash	5	100	999	10	100.0	0.15
2026-07-07T19:35:19.592	364	827	523	971	2355	2216	2524	2999	3237	420	28.72	1014.17	47.5	140520	AS7341	flash	5	100	999	10	100.0	0.15
2026-07-07T19:35:21.590	363	826	523	970	2354	2216	2523	2997	3236	420	28.72	1014.19	47.47	140050	AS7341	flash	5	100	999	10	100.0	0.15
2026-07-07T19:35:23.597	363	827	523	970	2355	2216	2524	2998	3236	420	28.72	1014.19	47.42	140284	AS7341	flash	5	100	999	10	100.0	0.15
2026-07-07T19:35:25.579	363	827	523	971	2356	2217	2525	2998	3238	420	28.72	1014.16	47.4	140520	AS7341	flash	5	100	999	10	100.0	0.15
2026-07-07T19:35:27.566	364	827	523	971	2355	2216	2524	2997	3237	420	28.72	1014.17	47.38	140874	AS7341	flash	5	100	999	10	100.0	0.15
2026-07-07T19:35:29.552	363	827	523	971	2356	2217	2524	2997	3237	420	28.72	1014.18	47.38	140993	AS7341	flash	5	100	999	10	100.0	0.15
2026-07-07T19:35:31.539	363	826	523	971	2356	2217	2524	2998	3238	420	28.72	1014.16	47.37	140756	AS7341	flash	5	100	999	10	100.0	0.15
2026-07-07T19:35:33.529	363	826	523	971	2356	2217	2525	2998	3238	420	28.72	1014.15	47.38	140284	AS7341	flash	5	100	999	10	100.0	0.15
2026-07-07T19:35:35.514	364	827	523	971	2356	2217	2524	2997	3238	420	28.73	1014.18	47.38	140993	AS7341	flash	5	100	999	10	100.0	0.15
2026-07-07T19:35:37.601	364	827	524	972	2358	2219	2526	3000	3240	420	28.73	1014.21	47.38	140993	AS7341	flash	5	100	999	10	100.0	0.15
2026-07-07T19:35:39.595	364	825	523	971	2357	2218	2525	2998	3238	420	28.73	1014.16	47.39	140402	AS7341	flash	5	100	999	10	100.0	0.15
2026-07-07T19:35:41.593	363	826	523	971	2357	2218	2525	2997	3238	420	28.73	1014.18	47.39	140402	AS7341	flash	5	100	999	10	100.0	0.15
2026-07-07T19:35:43.587	364	826	523	971	2357	2218	2525	2998	3238	420	28.73	1014.21	47.39	140520	AS7341	flash	5	100	999	10	100.0	0.15
2026-07-07T19:35:45.597	364	827	523	971	2357	2218	2526	2998	3239	420	28.73	1014.18	47.39	140638	AS7341	flash	5	100	999	10	100.0	0.15
2026-07-07T19:35:47.579	363	826	523	971	2356	2218	2525	2997	3237	420	28.74	1014.2	47.42	140520	AS7341	flash	5	100	999	10	100.0	0.15
2026-07-07T19:35:49.566	363	826	523	971	2356	2217	2524	2996	3237	419	28.75	1014.21	47.42	140756	AS7341	flash	5	100	999	10	100.0	0.15
2026-07-07T19:35:51.553	364	826	523	971	2357	2218	2526	2998	3239	420	28.74	1014.16	47.42	140874	AS7341	flash	5	100	999	10	100.0	0.15
2026-07-07T19:35:53.537	363	826	523	971	2357	2218	2525	2997	3238	420	28.75	1014.2	47.42	140756	AS7341	flash	5	100	999	10	100.0	0.15
2026-07-07T19:35:55.528	364	826	523	971	2357	2218	2525	2998	3238	420	28.75	1014.19	47.43	140402	AS7341	flash	5	100	999	10	100.0	0.15
2026-07-07T19:35:57.522	363	826	523	971	2356	2217	2524	2997	3237	420	28.75	1014.19	47.44	140874	AS7341	flash	5	100	999	10	100.0	0.15
2026-07-07T19:35:59.622	364	825	523	971	2357	2218	2525	2998	3238	420	28.74	1014.21	47.45	140050	AS7341	flash	5	100	999	10	100.0	0.15
2026-07-07T19:36:01.607	364	827	523	972	2357	2219	2526	2998	3239	420	28.75	1014.19	47.46	140284	AS7341	flash	5	100	999	10	100.0	0.15
2026-07-07T19:36:03.589	364	826	524	971	2357	2218	2525	2998	3238	420	28.75	1014.2	47.47	139816	AS7341	flash	5	100	999	10	100.0	0.15
2026-07-07T19:36:05.589	364	826	523	971	2357	2218	2526	2998	3238	420	28.75	1014.2	47.47	139933	AS7341	flash	5	100	999	10	100.0	0.15
2026-07-07T19:36:07.587	365	826	523	971	2357	2218	2526	2998	3238	420	28.75	1014.18	47.48	139816	AS7341	flash	5	100	999	10	100.0	0.15
2026-07-07T19:36:09.590	363	826	523	971	2357	2218	2526	2998	3238	420	28.76	1014.21	47.49	140050	AS7341	flash	5	100	999	10	100.0	0.15
2026-07-07T19:36:11.588	365	826	523	971	2357	2218	2525	2997	3237	420	28.75	1014.18	47.48	140167	AS7341	flash	5	100	999	10	100.0	0.15
2026-07-07T19:36:13.567	363	826	523	971	2357	2218	2526	2998	3238	420	28.76	1014.22	47.5	140402	AS7341	flash	5	100	999	10	100.0	0.15
2026-07-07T19:36:15.551	364	826	523	971	2357	2218	2525	2997	3237	420	28.76	1014.2	47.5	140520	AS7341	flash	5	100	999	10	100.0	0.15
2026-07-07T19:36:17.537	364	827	523	971	2357	2218	2526	2998	3238	420	28.76	1014.2	47.5	140284	AS7341	flash	5	100	999	10	100.0	0.15
2026-07-07T19:36:19.528	363	827	523	971	2357	2218	2525	2998	3238	420	28.77	1014.26	47.5	140284	AS7341	flash	5	100	999	10	100.0	0.15
2026-07-07T19:36:21.515	364	826	523	971	2357	2217	2525	2997	3238	420	28.76	1014.22	47.5	140284	AS7341	flash	5	100	999	10	100.0	0.15
2026-07-07T19:36:23.605	364	827	524	971	2357	2218	2525	2998	3238	420	28.76	1014.2	47.51	139816	AS7341	flash	5	100	999	10	100.0	0.15
2026-07-07T19:36:25.594	364	827	524	971	2357	2218	2525	2998	3238	420	28.76	1014.21	47.52	139933	AS7341	flash	5	100	999	10	100.0	0.15
2026-07-07T19:36:27.581	364	827	524	971	2357	2218	2525	2998	3237	420	28.77	1014.21	47.52	140756	AS7341	flash	5	100	999	10	100.0	0.15
2026-07-07T19:36:29.562	364	827	524	971	2357	2218	2526	2998	3238	420	28.77	1014.2	47.52	140993	AS7341	flash	5	100	999	10	100.0	0.15
2026-07-07T19:36:31.555	364	827	524	971	2357	2218	2525	2997	3238	420	28.78	1014.19	47.53	140638	AS7341	flash	5	100	999	10	100.0	0.15
2026-07-07T19:36:33.551	364	827	524	971	2357	2218	2525	2997	3237	420	28.78	1014.23	47.54	140402	AS7341	flash	5	100	999	10	100.0	0.15
2026-07-07T19:36:35.538	364	827	524	971	2357	2218	2525	2998	3238	420	28.78	1014.2	47.53	140284	AS7341	flash	5	100	999	10	100.0	0.15
2026-07-07T19:36:37.522	364	827	524	971	2357	2218	2525	2997	3237	420	28.77	1014.21	47.53	140520	AS7341	flash	5	100	999	10	100.0	0.15
2026-07-07T19:36:39.614	364	827	524	971	2357	2218	2526	2998	3238	420	28.78	1014.21	47.52	139004	AS7341	flash	5	100	999	10	100.0	0.15
2026-07-07T19:36:41.600	364	827	524	971	2357	2218	2525	2997	3238	420	28.78	1014.22	47.52	140050	AS7341	flash	5	100	999	10	100.0	0.15
2026-07-07T19:36:43.591	364	827	524	971	2357	2218	2525	2997	3238	420	28.78	1014.24	47.53	139933	AS7341	flash	5	100	999	10	100.0	0.15
2026-07-07T19:36:45.597	363	827	524	971	2356	2217	2524	2997	3237	420	28.79	1014.21	47.54	140284	AS7341	flash	5	100	999	10	100.0	0.15
2026-07-07T19:36:47.591	363	826	524	971	2356	2217	2525	2997	3237	420	28.79	1014.24	47.54	139699	AS7341	flash	5	100	999	10	100.0	0.15
2026-07-07T19:36:49.599	363	827	524	971	2356	2217	2525	2996	3236	420	28.79	1014.24	47.52	140050	AS7341	flash	5	100	999	10	100.0	0.15
2026-07-07T19:36:51.593	363	827	524	971	2356	2217	2524	2996	3236	419	28.8	1014.23	47.54	140638	AS7341	flash	5	100	999	10	100.0	0.15
2026-07-07T19:36:53.597	364	827	524	971	2355	2216	2524	2995	3236	419	28.79	1014.24	47.53	140167	AS7341	flash	5	100	999	10	100.0	0.15
2026-07-07T19:36:55.597	364	827	524	971	2356	2217	2524	2997	3237	420	28.79	1014.22	47.55	139699	AS7341	flash	5	100	999	10	100.0	0.15
2026-07-07T19:36:57.599	363	827	524	971	2355	2216	2524	2996	3236	420	28.79	1014.25	47.54	139816	AS7341	flash	5	100	999	10	100.0	0.15
2026-07-07T19:36:59.600	364	827	524	971	2356	2217	2524	2996	3236	420	28.8	1014.27	47.54	140050	AS7341	flash	5	100	999	10	100.0	0.15
2026-07-07T19:37:01.592	364	827	524	971	2356	2217	2525	2997	3237	420	28.8	1014.25	47.55	140167	AS7341	flash	5	100	999	10	100.0	0.15
2026-07-07T19:37:03.598	364	827	524	971	2356	2217	2524	2996	3236	420	28.8	1014.24	47.53	139699	AS7341	flash	5	100	999	10	100.0	0.15
2026-07-07T19:37:05.589	364	827	524	972	2355	2216	2524	2995	3236	419	28.8	1014.26	47.55	139467	AS7341	flash	5	100	999	10	100.0	0.15
2026-07-07T19:37:07.601	364	827	524	971	2356	2217	2524	2996	3236	420	28.8	1014.29	47.55	140402	AS7341	flash	5	100	999	10	100.0	0.15
2026-07-07T19:37:09.593	364	827	524	971	2356	2217	2524	2996	3236	420	28.8	1014.26	47.56	139816	AS7341	flash	5	100	999	10	100.0	0.15
2026-07-07T19:37:11.597	364	828	524	971	2356	2217	2524	2996	3237	420	28.8	1014.27	47.55	139467	AS7341	flash	5	100	999	10	100.0	0.15
2026-07-07T19:37:13.592	364	827	524	971	2356	2217	2524	2996	3237	420	28.81	1014.28	47.56	139351	AS7341	flash	5	100	999	10	100.0	0.15
2026-07-07T19:37:15.594	364	828	524	971	2356	2217	2524	2996	3238	420	28.8	1014.26	47.55	139699	AS7341	flash	5	100	999	10	100.0	0.15
2026-07-07T19:37:17.596	364	828	524	971	2356	2217	2525	2997	3238	420	28.8	1014.27	47.57	139816	AS7341	flash	5	100	999	10	100.0	0.15
2026-07-07T19:37:19.589	364	827	524	971	2356	2217	2525	2997	3237	420	28.81	1014.31	47.56	139467	AS7341	flash	5	100	999	10	100.0	0.15
2026-07-07T19:37:21.602	364	828	524	972	2356	2217	2524	2996	3238	419	28.81	1014.26	47.58	139816	AS7341	flash	5	100	999	10	100.0	0.15
2026-07-07T19:37:23.592	364	827	524	971	2356	2217	2524	2996	3236	420	28.81	1014.29	47.56	139816	AS7341	flash	5	100	999	10	100.0	0.15
2026-07-07T19:37:25.595	364	828	524	972	2355	2216	2524	2996	3236	420	28.81	1014.26	47.56	139933	AS7341	flash	5	100	999	10	100.0	0.15
2026-07-07T19:37:27.589	364	828	524	972	2355	2216	2523	2996	3237	419	28.82	1014.29	47.58	139816	AS7341	flash	5	100	999	10	100.0	0.15
2026-07-07T19:37:29.597	364	828	524	972	2355	2216	2524	2996	3236	420	28.82	1014.27	47.58	139467	AS7341	flash	5	100	999	10	100.0	0.15
2026-07-07T19:37:31.591	364	828	524	972	2355	2216	2523	2995	3236	419	28.81	1014.28	47.58	139351	AS7341	flash	5	100	999	10	100.0	0.15
2026-07-07T19:37:33.601	364	828	524	971	2356	2217	2525	2997	3238	420	28.82	1014.29	47.6	140167	AS7341	flash	5	100	999	10	100.0	0.15
2026-07-07T19:37:35.588	364	828	524	972	2355	2216	2524	2996	3236	420	28.82	1014.29	47.6	140167	AS7341	flash	5	100	999	10	100.0	0.15
2026-07-07T19:37:37.600	364	828	524	972	2355	2216	2524	2996	3236	419	28.82	1014.29	47.59	139004	AS7341	flash	5	100	999	10	100.0	0.15
2026-07-07T19:37:39.603	365	828	524	972	2356	2216	2524	2997	3238	420	28.82	1014.3	47.59	140756	AS7341	flash	5	100	999	10	100.0	0.15
2026-07-07T19:37:41.594	364	828	524	972	2355	2216	2524	2996	3237	420	28.82	1014.26	47.6	138544	AS7341	flash	5	100	999	10	100.0	0.15
2026-07-07T19:37:43.601	364	828	524	972	2355	2216	2524	2996	3237	420	28.82	1014.26	47.6	139235	AS7341	flash	5	100	999	10	100.0	0.15
2026-07-07T19:37:45.596	364	828	524	972	2355	2216	2524	2996	3236	419	28.83	1014.32	47.61	138773	AS7341	flash	5	100	999	10	100.0	0.15
2026-07-07T19:37:47.583	364	828	524	972	2356	2217	2525	2997	3237	420	28.83	1014.27	47.62	139467	AS7341	flash	5	100	999	10	100.0	0.15
2026-07-07T19:37:49.564	364	828	524	972	2355	2215	2523	2995	3235	419	28.83	1014.3	47.62	139933	AS7341	flash	5	100	999	10	100.0	0.15
2026-07-07T19:37:51.556	364	828	524	972	2355	2216	2524	2996	3236	419	28.83	1014.31	47.62	139235	AS7341	flash	5	100	999	10	100.0	0.15
2026-07-07T19:37:53.538	364	828	524	972	2354	2215	2523	2995	3236	419	28.83	1014.31	47.62	139933	AS7341	flash	5	100	999	10	100.0	0.15
2026-07-07T19:37:55.519	364	828	524	972	2355	2215	2523	2996	3237	419	28.84	1014.26	47.62	139699	AS7341	flash	5	100	999	10	100.0	0.15
2026-07-07T19:37:57.614	364	828	524	972	2355	2216	2524	2996	3236	420	28.83	1014.3	47.62	137973	AS7341	flash	5	100	999	10	100.0	0.15
2026-07-07T19:37:59.607	364	828	524	972	2354	2215	2523	2995	3236	419	28.84	1014.29	47.64	139004	AS7341	flash	5	100	999	10	100.0	0.15
2026-07-07T19:38:01.594	364	828	524	972	2355	2216	2524	2996	3237	420	28.84	1014.26	47.64	139933	AS7341	flash	5	100	999	10	100.0	0.15
2026-07-07T19:38:03.600	364	828	524	972	2354	2215	2523	2995	3236	420	28.84	1014.3	47.64	139119	AS7341	flash	5	100	999	10	100.0	0.15
2026-07-07T19:38:05.593	364	828	524	971	2354	2215	2523	2995	3236	419	28.84	1014.28	47.64	138888	AS7341	flash	5	100	999	10	100.0	0.15
2026-07-07T19:38:07.594	364	828	524	971	2354	2215	2523	2995	3236	420	28.84	1014.3	47.64	139119	AS7341	flash	5	100	999	10	100.0	0.15
2026-07-07T19:38:09.598	363	828	524	971	2353	2215	2522	2994	3235	419	28.85	1014.33	47.64	138544	AS7341	flash	5	100	999	10	100.0	0.15
2026-07-07T19:38:11.592	364	828	524	971	2354	2215	2523	2995	3235	419	28.85	1014.3	47.65	139119	AS7341	flash	5	100	999	10	100.0	0.15
2026-07-07T19:38:13.601	364	828	524	971	2354	2214	2523	2995	3235	419	28.84	1014.23	47.66	139119	AS7341	flash	5	100	999	10	100.0	0.15
2026-07-07T19:38:15.597	364	828	524	971	2353	2214	2522	2994	3235	419	28.85	1014.28	47.64	139235	AS7341	flash	5	100	999	10	100.0	0.15
2026-07-07T19:38:17.595	364	828	524	971	2354	2215	2523	2995	3235	419	28.85	1014.3	47.66	138544	AS7341	flash	5	100	999	10	100.0	0.15
2026-07-07T19:38:19.598	364	828	524	971	2354	2215	2523	2996	3236	419	28.85	1014.3	47.65	138888	AS7341	flash	5	100	999	10	100.0	0.15
2026-07-07T19:38:21.603	364	827	524	971	2353	2214	2522	2994	3235	419	28.85	1014.27	47.65	138658	AS7341	flash	5	100	999	10	100.0	0.15
2026-07-07T19:38:23.594	364	828	524	971	2353	2214	2522	2994	3235	419	28.85	1014.28	47.66	138773	AS7341	flash	5	100	999	10	100.0	0.15
2026-07-07T19:38:25.592	364	828	524	971	2353	2214	2521	2993	3234	419	28.86	1014.3	47.66	138429	AS7341	flash	5	100	999	10	100.0	0.15
2026-07-07T19:38:27.583	364	827	524	971	2353	2214	2522	2994	3235	419	28.86	1014.3	47.67	139119	AS7341	flash	5	100	999	10	100.0	0.15
2026-07-07T19:38:29.566	365	829	524	971	2353	2214	2522	2994	3234	419	28.86	1014.27	47.66	138888	AS7341	flash	5	100	999	10	100.0	0.15
2026-07-07T19:38:31.556	364	829	524	971	2354	2215	2523	2995	3236	419	28.86	1014.27	47.67	139235	AS7341	flash	5	100	999	10	100.0	0.15
2026-07-07T19:38:33.548	364	829	524	971	2353	2214	2522	2994	3235	419	28.86	1014.27	47.66	138888	AS7341	flash	5	100	999	10	100.0	0.15
2026-07-07T19:38:35.536	364	828	524	971	2353	2214	2522	2995	3235	419	28.86	1014.3	47.66	138888	AS7341	flash	5	100	999	10	100.0	0.15
2026-07-07T19:38:37.521	364	828	524	971	2353	2214	2522	2994	3234	419	28.87	1014.28	47.67	139467	AS7341	flash	5	100	999	10	100.0	0.15
2026-07-07T19:38:39.614	364	828	524	971	2353	2214	2522	2995	3234	419	28.86	1014.31	47.67	138201	AS7341	flash	5	100	999	10	100.0	0.15
2026-07-07T19:38:41.605	364	827	524	971	2352	2213	2521	2993	3234	419	28.87	1014.3	47.68	138544	AS7341	flash	5	100	999	10	100.0	0.15
2026-07-07T19:38:43.614	364	829	524	971	2353	2214	2522	2996	3236	419	28.86	1014.33	47.68	138544	AS7341	flash	5	100	999	10	100.0	0.15
2026-07-07T19:38:45.620	364	829	524	971	2353	2214	2522	2994	3235	419	28.87	1014.29	47.67	139119	AS7341	flash	5	100	999	10	100.0	0.15
2026-07-07T19:38:47.611	364	828	524	971	2353	2213	2521	2994	3234	419	28.87	1014.33	47.68	138888	AS7341	flash	5	100	999	10	100.0	0.15
2026-07-07T19:38:49.618	364	829	524	971	2353	2214	2521	2994	3235	419	28.87	1014.3	47.68	138888	AS7341	flash	5	100	999	10	100.0	0.15
2026-07-07T19:38:51.615	364	829	524	971	2352	2213	2521	2994	3234	419	28.86	1014.3	47.68	138544	AS7341	flash	5	100	999	10	100.0	0.15
2026-07-07T19:38:53.606	364	829	524	972	2353	2214	2522	2994	3235	419	28.88	1014.29	47.68	138658	AS7341	flash	5	100	999	10	100.0	0.15
2026-07-07T19:38:55.602	364	829	524	971	2352	2213	2522	2995	3234	419	28.87	1014.33	47.7	139004	AS7341	flash	5	100	999	10	100.0	0.15
2026-07-07T19:38:57.604	365	829	524	971	2352	2213	2522	2994	3235	419	28.88	1014.29	47.69	139004	AS7341	flash	5	100	999	10	100.0	0.15
2026-07-07T19:38:59.614	364	828	524	971	2352	2213	2521	2995	3235	419	28.88	1014.33	47.69	138315	AS7341	flash	5	100	999	10	100.0	0.15
2026-07-07T19:39:01.615	364	829	524	971	2351	2212	2520	2993	3233	419	28.88	1014.31	47.69	138429	AS7341	flash	5	100	999	10	100.0	0.15
2026-07-07T19:39:03.608	364	829	524	971	2352	2213	2521	2994	3234	419	28.88	1014.34	47.69	138201	AS7341	flash	5	100	999	10	100.0	0.15
2026-07-07T19:39:05.611	364	828	524	971	2353	2213	2521	2995	3234	419	28.88	1014.31	47.69	139583	AS7341	flash	5	100	999	10	100.0	0.15
2026-07-07T19:39:07.613	364	828	524	971	2352	2213	2521	2993	3234	419	28.88	1014.3	47.69	138315	AS7341	flash	5	100	999	10	100.0	0.15
2026-07-07T19:39:09.618	364	829	524	971	2352	2213	2521	2994	3234	419	28.89	1014.3	47.69	138658	AS7341	flash	5	100	999	10	100.0	0.15
2026-07-07T19:39:11.609	364	828	524	971	2352	2213	2521	2994	3234	419	28.89	1014.34	47.71	138429	AS7341	flash	5	100	999	10	100.0	0.15
2026-07-07T19:39:13.614	364	829	525	971	2352	2213	2521	2994	3234	419	28.9	1014.34	47.71	139004	AS7341	flash	5	100	999	10	100.0	0.15
2026-07-07T19:39:15.618	364	829	525	971	2352	2213	2521	2994	3234	419	28.9	1014.33	47.71	138315	AS7341	flash	5	100	999	10	100.0	0.15
2026-07-07T19:39:17.623	364	829	524	971	2352	2212	2521	2994	3233	419	28.89	1014.31	47.72	139235	AS7341	flash	5	100	999	10	100.0	0.15
2026-07-07T19:39:19.611	364	829	524	971	2352	2213	2521	2994	3234	419	28.89	1014.29	47.71	139235	AS7341	flash	5	100	999	10	100.0	0.15
2026-07-07T19:39:21.618	364	828	524	971	2352	2213	2521	2993	3234	419	28.9	1014.31	47.72	138773	AS7341	flash	5	100	999	10	100.0	0.15
2026-07-07T19:39:23.605	364	830	525	971	2351	2212	2520	2994	3233	419	28.89	1014.32	47.72	138429	AS7341	flash	5	100	999	10	100.0	0.15
2026-07-07T19:39:25.611	364	829	524	971	2352	2212	2521	2994	3233	419	28.89	1014.31	47.71	138315	AS7341	flash	5	100	999	10	100.0	0.15
2026-07-07T19:39:27.606	364	829	525	971	2352	2212	2521	2993	3234	419	28.9	1014.32	47.73	138315	AS7341	flash	5	100	999	10	100.0	0.15
2026-07-07T19:39:29.615	364	829	525	971	2352	2213	2521	2994	3234	419	28.91	1014.33	47.72	138773	AS7341	flash	5	100	999	10	100.0	0.15
2026-07-07T19:39:31.611	364	829	525	971	2352	2213	2520	2994	3233	419	28.9	1014.36	47.72	138315	AS7341	flash	5	100	999	10	100.0	0.15
2026-07-07T19:39:33.611	364	829	525	971	2352	2213	2521	2994	3234	419	28.91	1014.33	47.73	138429	AS7341	flash	5	100	999	10	100.0	0.15
2026-07-07T19:39:35.611	364	829	525	971	2352	2213	2521	2994	3234	419	28.91	1014.36	47.73	138429	AS7341	flash	5	100	999	10	100.0	0.15
2026-07-07T19:39:37.622	364	829	525	971	2353	2213	2521	2994	3234	419	28.91	1014.36	47.73	138429	AS7341	flash	5	100	999	10	100.0	0.15
2026-07-07T19:39:39.618	364	829	525	971	2353	2212	2521	2994	3233	419	28.9	1014.32	47.73	138087	AS7341	flash	5	100	999	10	100.0	0.15
2026-07-07T19:39:41.614	364	829	525	971	2352	2213	2521	2995	3234	419	28.91	1014.32	47.73	137973	AS7341	flash	5	100	999	10	100.0	0.15
2026-07-07T19:39:43.609	364	829	525	971	2353	2213	2521	2994	3234	419	28.92	1014.35	47.73	138087	AS7341	flash	5	100	999	10	100.0	0.15
2026-07-07T19:39:45.619	364	830	525	971	2352	2213	2521	2994	3234	419	28.92	1014.33	47.73	139119	AS7341	flash	5	100	999	10	100.0	0.15
2026-07-07T19:39:47.610	364	829	525	971	2353	2213	2521	2994	3234	419	28.91	1014.34	47.73	138888	AS7341	flash	5	100	999	10	100.0	0.15
2026-07-07T19:39:49.617	364	829	525	971	2353	2212	2521	2994	3234	419	28.92	1014.32	47.72	138201	AS7341	flash	5	100	999	10	100.0	0.15
2026-07-07T19:39:51.615	364	829	525	971	2352	2212	2520	2993	3233	419	28.91	1014.35	47.72	139119	AS7341	flash	5	100	999	10	100.0	0.15
2026-07-07T19:39:53.614	364	829	525	971	2352	2212	2520	2993	3233	419	28.92	1014.34	47.73	138201	AS7341	flash	5	100	999	10	100.0	0.15
2026-07-07T19:39:55.601	364	829	525	971	2352	2212	2520	2993	3233	419	28.92	1014.32	47.73	138429	AS7341	flash	5	100	999	10	100.0	0.15
2026-07-07T19:39:57.610	364	829	525	971	2352	2212	2520	2993	3233	419	28.92	1014.32	47.74	138429	AS7341	flash	5	100	999	10	100.0	0.15
2026-07-07T19:39:59.616	364	829	525	971	2352	2212	2520	2993	3233	419	28.92	1014.32	47.74	137973	AS7341	flash	5	100	999	10	100.0	0.15
2026-07-07T19:40:01.620	364	829	525	971	2352	2212	2521	2993	3234	419	28.93	1014.34	47.75	137520	AS7341	flash	5	100	999	10	100.0	0.15
2026-07-07T19:40:03.602	364	829	525	971	2352	2212	2520	2994	3233	420	28.92	1014.34	47.75	138544	AS7341	flash	5	100	999	10	100.0	0.15
2026-07-07T19:40:05.610	364	829	525	971	2352	2212	2520	2993	3233	419	28.93	1014.32	47.75	138888	AS7341	flash	5	100	999	10	100.0	0.15
2026-07-07T19:40:07.619	364	829	525	971	2353	2212	2521	2994	3234	419	28.93	1014.33	47.74	137973	AS7341	flash	5	100	999	10	100.0	0.15
2026-07-07T19:40:09.612	364	829	525	971	2353	2213	2521	2994	3234	419	28.93	1014.34	47.75	138087	AS7341	flash	5	100	999	10	100.0	0.15
2026-07-07T19:40:11.605	364	829	525	971	2353	2212	2521	2994	3234	419	28.93	1014.35	47.75	138429	AS7341	flash	5	100	999	10	100.0	0.15
2026-07-07T19:40:13.615	364	829	525	971	2352	2211	2520	2993	3232	419	28.93	1014.32	47.75	137407	AS7341	flash	5	100	999	10	100.0	0.15
2026-07-07T19:40:15.605	364	829	525	971	2352	2212	2521	2994	3234	419	28.94	1014.34	47.76	137746	AS7341	flash	5	100	999	10	100.0	0.15
2026-07-07T19:40:17.587	364	829	525	971	2352	2212	2520	2993	3233	419	28.93	1014.34	47.76	138201	AS7341	flash	5	100	999	10	100.0	0.15
2026-07-07T19:40:19.571	364	829	525	971	2352	2212	2520	2993	3233	419	28.94	1014.36	47.76	138201	AS7341	flash	5	100	999	10	100.0	0.15
2026-07-07T19:40:21.557	364	829	525	971	2352	2212	2520	2993	3233	419	28.94	1014.34	47.76	138773	AS7341	flash	5	100	999	10	100.0	0.15
2026-07-07T19:40:23.540	364	829	525	971	2352	2212	2520	2993	3233	419	28.94	1014.35	47.74	137973	AS7341	flash	5	100	999	10	100.0	0.15
2026-07-07T19:40:25.527	364	829	525	970	2352	2212	2520	2993	3233	419	28.94	1014.35	47.76	138658	AS7341	flash	5	100	999	10	100.0	0.15
2026-07-07T19:40:27.612	364	830	525	971	2352	2212	2520	2993	3233	419	28.93	1014.32	47.76	137746	AS7341	flash	5	100	999	10	100.0	0.15
2026-07-07T19:40:29.621	364	829	525	971	2352	2212	2520	2993	3233	419	28.94	1014.33	47.78	137973	AS7341	flash	5	100	999	10	100.0	0.15
2026-07-07T19:40:31.608	364	830	525	971	2352	2212	2521	2994	3234	419	28.94	1014.35	47.78	137070	AS7341	flash	5	100	999	10	100.0	0.15
2026-07-07T19:40:33.620	364	829	525	971	2351	2211	2520	2993	3233	419	28.94	1014.32	47.76	137973	AS7341	flash	5	100	999	10	100.0	0.15
2026-07-07T19:40:35.608	364	830	525	971	2352	2211	2520	2993	3233	419	28.95	1014.35	47.77	137746	AS7341	flash	5	100	999	10	100.0	0.15
2026-07-07T19:40:37.611	364	829	525	970	2351	2211	2519	2992	3232	419	28.95	1014.35	47.77	138201	AS7341	flash	5	100	999	10	100.0	0.15
2026-07-07T19:40:39.613	364	829	525	970	2352	2212	2520	2993	3233	419	28.95	1014.34	47.78	138087	AS7341	flash	5	100	999	10	100.0	0.15
2026-07-07T19:40:41.611	364	830	525	971	2352	2212	2520	2993	3233	419	28.96	1014.37	47.78	137860	AS7341	flash	5	100	999	10	100.0	0.15
2026-07-07T19:40:43.612	364	830	525	971	2351	2211	2520	2993	3233	419	28.95	1014.31	47.79	137860	AS7341	flash	5	100	999	10	100.0	0.15
2026-07-07T19:40:45.612	364	830	525	970	2352	2211	2520	2993	3233	419	28.96	1014.32	47.78	137860	AS7341	flash	5	100	999	10	100.0	0.15
2026-07-07T19:40:47.616	364	830	525	970	2351	2211	2520	2993	3232	419	28.95	1014.34	47.78	137973	AS7341	flash	5	100	999	10	100.0	0.15
2026-07-07T19:40:49.612	364	830	525	971	2352	2211	2520	2993	3233	419	28.96	1014.31	47.78	137746	AS7341	flash	5	100	999	10	100.0	0.15
2026-07-07T19:40:51.621	364	830	525	970	2351	2210	2519	2992	3231	419	28.97	1014.36	47.78	138544	AS7341	flash	5	100	999	10	100.0	0.15
2026-07-07T19:40:53.611	364	830	525	970	2351	2211	2519	2992	3232	419	28.95	1014.34	47.79	137860	AS7341	flash	5	100	999	10	100.0	0.15
2026-07-07T19:40:55.612	364	830	525	970	2351	2210	2519	2992	3231	419	28.96	1014.34	47.78	137860	AS7341	flash	5	100	999	10	100.0	0.15
2026-07-07T19:40:57.614	364	830	525	970	2351	2210	2519	2992	3231	419	28.97	1014.35	47.79	138315	AS7341	flash	5	100	999	10	100.0	0.15
2026-07-07T19:40:59.612	364	830	525	970	2351	2211	2520	2993	3232	419	28.97	1014.38	47.79	137860	AS7341	flash	5	100	999	10	100.0	0.15
2026-07-07T19:41:01.611	364	830	525	970	2351	2211	2519	2992	3231	419	28.96	1014.33	47.79	137407	AS7341	flash	5	100	999	10	100.0	0.15
2026-07-07T19:41:03.619	364	830	525	970	2350	2210	2518	2991	3231	419	28.97	1014.34	47.79	137746	AS7341	flash	5	100	999	10	100.0	0.15
2026-07-07T19:41:05.615	364	830	525	970	2351	2211	2519	2992	3232	419	28.97	1014.34	47.8	137407	AS7341	flash	5	100	999	10	100.0	0.15
2026-07-07T19:41:07.613	364	830	525	970	2350	2210	2518	2991	3231	419	28.97	1014.32	47.79	138315	AS7341	flash	5	100	999	10	100.0	0.15
2026-07-07T19:41:09.615	364	830	525	970	2350	2210	2518	2991	3231	419	28.98	1014.35	47.79	138201	AS7341	flash	5	100	999	10	100.0	0.15
2026-07-07T19:41:11.619	364	830	525	970	2351	2211	2519	2992	3232	419	28.97	1014.34	47.79	137295	AS7341	flash	5	100	999	10	100.0	0.15
2026-07-07T19:41:13.618	364	830	525	970	2351	2211	2519	2992	3232	419	28.97	1014.32	47.81	138201	AS7341	flash	5	100	999	10	100.0	0.15
2026-07-07T19:41:15.605	364	830	525	970	2351	2211	2519	2992	3231	419	28.98	1014.35	47.79	137295	AS7341	flash	5	100	999	10	100.0	0.15
2026-07-07T19:41:17.615	364	830	525	970	2350	2210	2518	2991	3231	419	28.98	1014.38	47.8	137746	AS7341	flash	5	100	999	10	100.0	0.15
2026-07-07T19:41:19.622	364	830	525	970	2351	2211	2519	2992	3232	419	28.98	1014.37	47.79	137973	AS7341	flash	5	100	999	10	100.0	0.15
2026-07-07T19:41:21.610	364	830	525	970	2351	2211	2519	2992	3232	419	28.98	1014.36	47.8	137746	AS7341	flash	5	100	999	10	100.0	0.15
2026-07-07T19:41:23.612	364	830	525	970	2351	2211	2519	2992	3232	419	28.98	1014.37	47.8	136734	AS7341	flash	5	100	999	10	100.0	0.15
2026-07-07T19:41:25.613	364	830	525	970	2350	2210	2519	2991	3231	419	28.98	1014.38	47.81	137633	AS7341	flash	5	100	999	10	100.0	0.15
2026-07-07T19:41:27.616	364	830	525	970	2350	2210	2519	2991	3231	419	28.98	1014.33	47.8	138315	AS7341	flash	5	100	999	10	100.0	0.15
2026-07-07T19:41:29.617	364	830	525	970	2351	2212	2520	2992	3232	419	28.98	1014.36	47.79	137295	AS7341	flash	5	100	999	10	100.0	0.15
2026-07-07T19:41:31.617	364	830	525	970	2350	2210	2519	2992	3231	419	28.98	1014.37	47.81	137860	AS7341	flash	5	100	999	10	100.0	0.15
2026-07-07T19:41:33.613	364	830	525	970	2350	2210	2518	2991	3231	419	28.99	1014.32	47.8	137746	AS7341	flash	5	100	999	10	100.0	0.15
2026-07-07T19:41:35.616	364	830	525	970	2350	2210	2519	2991	3231	419	28.98	1014.34	47.8	136958	AS7341	flash	5	100	999	10	100.0	0.15
2026-07-07T19:41:37.624	364	830	525	970	2351	2210	2519	2992	3232	419	28.99	1014.37	47.81	137295	AS7341	flash	5	100	999	10	100.0	0.15
2026-07-07T19:41:39.618	364	830	525	970	2350	2210	2518	2991	3231	419	28.99	1014.33	47.82	137182	AS7341	flash	5	100	999	10	100.0	0.15
2026-07-07T19:41:41.606	364	830	525	970	2350	2211	2519	2991	3231	419	28.99	1014.34	47.81	137070	AS7341	flash	5	100	999	10	100.0	0.15
2026-07-07T19:41:43.590	364	830	525	970	2350	2210	2519	2992	3231	419	28.99	1014.35	47.83	138087	AS7341	flash	5	100	999	10	100.0	0.15
2026-07-07T19:41:45.573	364	830	525	970	2350	2210	2519	2991	3231	419	29.0	1014.38	47.81	137746	AS7341	flash	5	100	999	10	100.0	0.15
2026-07-07T19:41:47.563	364	830	525	970	2350	2211	2519	2991	3231	419	29.0	1014.36	47.81	137295	AS7341	flash	5	100	999	10	100.0	0.15
2026-07-07T19:41:49.552	364	830	525	970	2350	2211	2519	2991	3231	419	28.99	1014.32	47.83	137295	AS7341	flash	5	100	999	10	100.0	0.15
2026-07-07T19:41:51.539	364	830	525	970	2350	2210	2518	2992	3231	419	29.0	1014.34	47.83	138658	AS7341	flash	5	100	999	10	100.0	0.15
2026-07-07T19:41:53.531	364	831	525	970	2350	2211	2519	2992	3231	419	28.99	1014.35	47.83	136958	AS7341	flash	5	100	999	10	100.0	0.15
2026-07-07T19:41:55.619	364	830	525	970	2350	2210	2518	2991	3231	419	28.99	1014.32	47.84	136623	AS7341	flash	5	100	999	10	100.0	0.15
2026-07-07T19:41:57.611	364	830	525	970	2350	2209	2518	2991	3231	419	29.0	1014.32	47.83	136289	AS7341	flash	5	100	999	10	100.0	0.15
2026-07-07T19:41:59.614	364	831	525	970	2350	2210	2519	2991	3231	419	29.0	1014.35	47.85	137070	AS7341	flash	5	100	999	10	100.0	0.15
2026-07-07T19:42:01.617	364	831	525	970	2350	2211	2519	2991	3231	419	29.0	1014.36	47.85	136958	AS7341	flash	5	100	999	10	100.0	0.15
2026-07-07T19:42:03.627	364	830	525	970	2349	2209	2518	2991	3230	419	29.0	1014.35	47.85	137182	AS7341	flash	5	100	999	10	100.0	0.15
2026-07-07T19:42:05.614	364	830	525	970	2349	2209	2518	2991	3230	419	29.0	1014.34	47.85	136400	AS7341	flash	5	100	999	10	100.0	0.15
2026-07-07T19:42:07.623	364	831	525	970	2350	2211	2518	2991	3231	419	29.01	1014.38	47.85	136623	AS7341	flash	5	100	999	10	100.0	0.15
2026-07-07T19:42:09.610	364	831	525	970	2351	2212	2520	2993	3232	419	29.0	1014.34	47.86	136958	AS7341	flash	5	100	999	10	100.0	0.15
2026-07-07T19:42:11.622	364	831	525	970	2349	2210	2518	2991	3230	419	29.01	1014.37	47.87	136734	AS7341	flash	5	100	999	10	100.0	0.15
2026-07-07T19:42:13.619	365	831	525	970	2350	2211	2519	2992	3231	419	29.01	1014.36	47.86	137070	AS7341	flash	5	100	999	10	100.0	0.15
2026-07-07T19:42:15.617	364	831	525	970	2350	2210	2519	2992	3232	419	29.0	1014.35	47.86	137520	AS7341	flash	5	100	999	10	100.0	0.15
2026-07-07T19:42:17.612	364	832	525	970	2351	2211	2519	2992	3232	419	29.01	1014.33	47.86	137520	AS7341	flash	5	100	999	10	100.0	0.15
2026-07-07T19:42:19.620	364	831	525	970	2350	2210	2518	2991	3231	419	29.01	1014.35	47.87	136511	AS7341	flash	5	100	999	10	100.0	0.15
2026-07-07T19:42:21.616	364	831	526	970	2350	2210	2519	2992	3231	419	29.01	1014.38	47.87	136846	AS7341	flash	5	100	999	10	100.0	0.15
2026-07-07T19:42:23.606	364	831	525	970	2350	2210	2518	2991	3231	419	29.01	1014.37	47.87	136623	AS7341	flash	5	100	999	10	100.0	0.15
2026-07-07T19:42:25.624	364	831	526	970	2350	2211	2518	2992	3231	419	29.01	1014.35	47.88	137070	AS7341	flash	5	100	999	10	100.0	0.15
2026-07-07T19:42:27.613	364	831	526	970	2350	2211	2519	2991	3231	419	29.01	1014.35	47.88	136958	AS7341	flash	5	100	999	10	100.0	0.15
2026-07-07T19:42:29.619	364	831	526	970	2350	2211	2519	2992	3232	419	29.02	1014.34	47.88	136958	AS7341	flash	5	100	999	10	100.0	0.15
2026-07-07T19:42:31.614	364	831	525	970	2350	2211	2518	2991	3230	419	29.02	1014.35	47.88	137520	AS7341	flash	5	100	999	10	100.0	0.15
2026-07-07T19:42:33.623	364	831	526	970	2349	2210	2518	2990	3230	419	29.02	1014.35	47.88	137520	AS7341	flash	5	100	999	10	100.0	0.15
2026-07-07T19:42:35.616	364	831	526	970	2349	2210	2518	2990	3230	419	29.02	1014.34	47.89	137746	AS7341	flash	5	100	999	10	100.0	0.15
2026-07-07T19:42:37.613	364	831	526	970	2350	2210	2518	2991	3230	419	29.02	1014.36	47.87	136958	AS7341	flash	5	100	999	10	100.0	0.15
2026-07-07T19:42:39.604	364	831	526	970	2350	2211	2518	2991	3232	419	29.03	1014.39	47.87	136846	AS7341	flash	5	100	999	10	100.0	0.15
2026-07-07T19:42:41.587	364	831	526	970	2350	2211	2519	2992	3232	419	29.02	1014.34	47.89	137070	AS7341	flash	5	100	999	10	100.0	0.15
2026-07-07T19:42:43.575	364	831	526	970	2349	2210	2518	2991	3231	419	29.03	1014.37	47.89	137520	AS7341	flash	5	100	999	10	100.0	0.15
2026-07-07T19:42:45.562	364	831	526	970	2350	2210	2518	2991	3232	419	29.02	1014.36	47.89	137520	AS7341	flash	5	100	999	10	100.0	0.15
2026-07-07T19:42:47.549	364	831	526	970	2350	2211	2519	2992	3231	419	29.03	1014.36	47.9	136846	AS7341	flash	5	100	999	10	100.0	0.15
2026-07-07T19:42:49.541	364	831	526	970	2349	2210	2518	2990	3231	419	29.02	1014.37	47.9	137070	AS7341	flash	5	100	999	10	100.0	0.15
2026-07-07T19:42:51.528	364	831	526	970	2349	2210	2518	2990	3231	419	29.03	1014.36	47.9	136958	AS7341	flash	5	100	999	10	100.0	0.15
2026-07-07T19:42:53.621	364	831	526	970	2350	2210	2519	2991	3231	419	29.02	1014.35	47.92	136289	AS7341	flash	5	100	999	10	100.0	0.15
2026-07-07T19:42:55.613	364	831	526	970	2350	2210	2518	2991	3232	419	29.03	1014.36	47.92	137070	AS7341	flash	5	100	999	10	100.0	0.15
2026-07-07T19:42:57.618	364	831	526	970	2350	2211	2519	2992	3232	419	29.03	1014.35	47.92	136734	AS7341	flash	5	100	999	10	100.0	0.15
2026-07-07T19:42:59.615	364	831	526	970	2349	2210	2518	2990	3230	419	29.03	1014.37	47.91	137633	AS7341	flash	5	100	999	10	100.0	0.15
2026-07-07T19:43:01.623	364	831	526	970	2350	2210	2518	2991	3231	419	29.03	1014.36	47.93	137407	AS7341	flash	5	100	999	10	100.0	0.15
2026-07-07T19:43:03.617	364	831	526	970	2349	2210	2518	2991	3231	419	29.03	1014.35	47.93	136511	AS7341	flash	5	100	999	10	100.0	0.15
2026-07-07T19:43:05.623	364	831	526	970	2349	2210	2519	2991	3232	419	29.03	1014.37	47.93	136623	AS7341	flash	5	100	999	10	100.0	0.15
2026-07-07T19:43:07.617	364	831	526	970	2349	2210	2518	2991	3231	419	29.03	1014.36	47.94	136289	AS7341	flash	5	100	999	10	100.0	0.15
2026-07-07T19:43:09.626	364	831	526	970	2349	2210	2518	2991	3231	419	29.04	1014.37	47.94	137182	AS7341	flash	5	100	999	10	100.0	0.15
2026-07-07T19:43:11.616	364	831	526	970	2349	2210	2518	2991	3231	419	29.03	1014.35	47.94	136623	AS7341	flash	5	100	999	10	100.0	0.15
2026-07-07T19:43:13.620	364	831	526	970	2349	2210	2518	2991	3231	419	29.04	1014.37	47.96	136623	AS7341	flash	5	100	999	10	100.0	0.15
2026-07-07T19:43:15.607	364	832	526	970	2350	2210	2519	2992	3232	419	29.04	1014.35	47.96	136400	AS7341	flash	5	100	999	10	100.0	0.15
2026-07-07T19:43:17.595	364	832	526	970	2349	2210	2518	2991	3231	419	29.04	1014.35	47.96	136734	AS7341	flash	5	100	999	10	100.0	0.15
2026-07-07T19:43:19.584	364	831	526	970	2349	2210	2518	2991	3231	419	29.05	1014.38	47.98	136511	AS7341	flash	5	100	999	10	100.0	0.15
2026-07-07T19:43:21.570	364	832	526	970	2349	2210	2518	2991	3231	419	29.04	1014.37	47.96	136511	AS7341	flash	5	100	999	10	100.0	0.15
2026-07-07T19:43:23.556	364	832	526	970	2348	2209	2518	2990	3230	419	29.05	1014.39	47.97	136846	AS7341	flash	5	100	999	10	100.0	0.15
2026-07-07T19:43:25.545	364	832	526	970	2349	2209	2517	2990	3230	419	29.05	1014.35	47.98	137860	AS7341	flash	5	100	999	10	100.0	0.15
2026-07-07T19:43:27.536	364	831	526	969	2349	2210	2518	2991	3231	419	29.05	1014.35	47.98	136068	AS7341	flash	5	100	999	10	100.0	0.15
2026-07-07T19:43:29.620	364	832	526	970	2349	2210	2518	2991	3231	419	29.03	1014.34	47.99	136068	AS7341	flash	5	100	999	10	100.0	0.15
2026-07-07T19:43:31.618	364	831	526	970	2348	2209	2517	2990	3230	419	29.04	1014.35	48.0	136846	AS7341	flash	5	100	999	10	100.0	0.15
2026-07-07T19:43:33.618	364	832	526	969	2348	2209	2518	2991	3231	419	29.05	1014.35	48.0	136068	AS7341	flash	5	100	999	10	100.0	0.15
2026-07-07T19:43:35.614	364	832	526	970	2348	2209	2518	2991	3230	419	29.04	1014.32	48.0	136178	AS7341	flash	5	100	999	10	100.0	0.15
2026-07-07T19:43:37.613	364	832	526	970	2348	2209	2518	2991	3231	419	29.05	1014.36	48.0	136734	AS7341	flash	5	100	999	10	100.0	0.15
2026-07-07T19:43:39.617	364	833	526	970	2349	2210	2518	2991	3231	419	29.05	1014.37	48.03	136958	AS7341	flash	5	100	999	10	100.0	0.15
2026-07-07T19:43:41.618	364	833	526	970	2348	2209	2518	2991	3231	419	29.05	1014.35	48.02	137070	AS7341	flash	5	100	999	10	100.0	0.15
2026-07-07T19:43:43.615	364	833	526	969	2348	2209	2517	2990	3230	419	29.06	1014.36	48.03	136623	AS7341	flash	5	100	999	10	100.0	0.15
2026-07-07T19:43:45.618	364	833	526	970	2348	2209	2517	2990	3230	419	29.05	1014.38	48.03	135737	AS7341	flash	5	100	999	10	100.0	0.15
2026-07-07T19:43:47.620	364	832	526	969	2348	2209	2517	2990	3230	419	29.06	1014.37	48.03	135847	AS7341	flash	5	100	999	10	100.0	0.15
2026-07-07T19:43:49.617	364	832	526	969	2347	2209	2517	2990	3230	419	29.05	1014.37	48.03	135847	AS7341	flash	5	100	999	10	100.0	0.15
2026-07-07T19:43:51.614	364	833	526	969	2348	2209	2518	2991	3230	419	29.05	1014.35	48.03	136178	AS7341	flash	5	100	999	10	100.0	0.15
2026-07-07T19:43:53.624	364	832	526	969	2348	2209	2518	2991	3230	419	29.05	1014.37	48.05	136846	AS7341	flash	5	100	999	10	100.0	0.15
2026-07-07T19:43:55.623	364	832	526	970	2348	2209	2518	2991	3231	419	29.06	1014.4	48.05	136846	AS7341	flash	5	100	999	10	100.0	0.15
2026-07-07T19:43:57.617	364	832	526	969	2348	2209	2518	2992	3230	419	29.06	1014.38	48.05	136400	AS7341	flash	5	100	999	10	100.0	0.15
2026-07-07T19:43:59.621	364	833	526	969	2347	2208	2516	2990	3229	419	29.07	1014.38	48.06	135080	AS7341	flash	5	100	999	10	100.0	0.15
2026-07-07T19:44:01.628	364	832	526	969	2348	2208	2517	2991	3229	419	29.06	1014.38	48.05	135737	AS7341	flash	5	100	999	10	100.0	0.15
2026-07-07T19:44:03.618	364	832	526	969	2348	2209	2518	2992	3230	419	29.06	1014.36	48.08	136068	AS7341	flash	5	100	999	10	100.0	0.15
2026-07-07T19:44:05.618	364	833	526	969	2347	2209	2517	2991	3230	419	29.06	1014.36	48.08	136400	AS7341	flash	5	100	999	10	100.0	0.15
2026-07-07T19:44:07.627	364	833	526	969	2347	2208	2517	2991	3229	419	29.06	1014.35	48.08	136511	AS7341	flash	5	100	999	10	100.0	0.15
2026-07-07T19:44:09.627	364	833	526	969	2347	2208	2517	2991	3229	419	29.07	1014.39	48.08	136846	AS7341	flash	5	100	999	10	100.0	0.15
2026-07-07T19:44:11.618	364	833	526	969	2347	2208	2516	2990	3229	419	29.06	1014.38	48.09	135517	AS7341	flash	5	100	999	10	100.0	0.15
2026-07-07T19:44:13.620	364	832	526	969	2347	2208	2516	2990	3229	419	29.07	1014.38	48.09	135627	AS7341	flash	5	100	999	10	100.0	0.15
2026-07-07T19:44:15.624	364	832	526	969	2348	2209	2518	2992	3230	419	29.08	1014.41	48.09	135627	AS7341	flash	5	100	999	10	100.0	0.15
2026-07-07T19:44:17.616	364	832	526	969	2347	2208	2517	2991	3229	419	29.07	1014.38	48.1	136511	AS7341	flash	5	100	999	10	100.0	0.15
2026-07-07T19:44:19.621	364	832	526	969	2347	2208	2517	2991	3229	419	29.07	1014.38	48.1	135737	AS7341	flash	5	100	999	10	100.0	0.15
2026-07-07T19:44:21.614	364	833	526	969	2348	2209	2518	2992	3230	419	29.07	1014.4	48.11	135737	AS7341	flash	5	100	999	10	100.0	0.15
2026-07-07T19:44:23.624	364	832	526	969	2347	2208	2517	2991	3229	419	29.07	1014.35	48.09	136178	AS7341	flash	5	100	999	10	100.0	0.15
2026-07-07T19:44:25.623	364	833	526	969	2347	2208	2517	2991	3229	419	29.08	1014.38	48.13	136178	AS7341	flash	5	100	999	10	100.0	0.15
2026-07-07T19:44:27.625	364	832	526	969	2347	2208	2517	2991	3229	419	29.07	1014.37	48.12	136734	AS7341	flash	5	100	999	10	100.0	0.15
2026-07-07T19:44:29.615	364	833	526	969	2346	2207	2516	2990	3228	419	29.07	1014.39	48.13	136178	AS7341	flash	5	100	999	10	100.0	0.15
2026-07-07T19:44:31.616	364	832	526	969	2346	2207	2516	2990	3229	419	29.08	1014.36	48.14	135957	AS7341	flash	5	100	999	10	100.0	0.15
2026-07-07T19:44:33.624	364	833	526	969	2346	2207	2516	2990	3228	419	29.08	1014.39	48.14	135517	AS7341	flash	5	100	999	10	100.0	0.15
2026-07-07T19:44:35.617	364	832	526	969	2347	2208	2517	2991	3229	419	29.07	1014.39	48.14	135737	AS7341	flash	5	100	999	10	100.0	0.15
2026-07-07T19:44:37.617	364	832	526	969	2346	2207	2516	2990	3229	419	29.08	1014.41	48.14	135957	AS7341	flash	5	100	999	10	100.0	0.15
2026-07-07T19:44:39.618	364	834	526	969	2346	2208	2516	2991	3229	419	29.08	1014.42	48.16	135517	AS7341	flash	5	100	999	10	100.0	0.15
2026-07-07T19:44:41.616	364	833	526	969	2346	2207	2516	2990	3229	419	29.07	1014.37	48.16	135737	AS7341	flash	5	100	999	10	100.0	0.15
2026-07-07T19:44:43.614	364	833	526	970	2346	2207	2516	2990	3229	419	29.08	1014.36	48.18	136289	AS7341	flash	5	100	999	10	100.0	0.15
2026-07-07T19:44:45.616	364	833	526	969	2346	2207	2516	2991	3229	419	29.08	1014.4	48.17	135847	AS7341	flash	5	100	999	10	100.0	0.15
2026-07-07T19:44:47.615	364	833	526	970	2346	2207	2516	2990	3229	419	29.08	1014.43	48.19	135627	AS7341	flash	5	100	999	10	100.0	0.15
2026-07-07T19:44:49.620	364	833	526	970	2346	2207	2516	2990	3229	419	29.08	1014.4	48.18	135627	AS7341	flash	5	100	999	10	100.0	0.15
2026-07-07T19:44:51.623	364	832	526	969	2346	2207	2516	2990	3229	419	29.08	1014.4	48.2	135737	AS7341	flash	5	100	999	10	100.0	0.15
2026-07-07T19:44:53.618	364	834	526	969	2347	2208	2518	2992	3231	419	29.08	1014.38	48.17	136400	AS7341	flash	5	100	999	10	100.0	0.15
2026-07-07T19:44:55.615	364	833	526	970	2347	2208	2517	2991	3230	419	29.09	1014.4	48.2	135957	AS7341	flash	5	100	999	10	100.0	0.15
2026-07-07T19:44:57.617	364	834	526	969	2346	2207	2516	2990	3229	419	29.09	1014.38	48.2	135627	AS7341	flash	5	100	999	10	100.0	0.15
2026-07-07T19:44:59.613	364	833	526	970	2345	2206	2515	2990	3228	419	29.09	1014.4	48.21	136511	AS7341	flash	5	100	999	10	100.0	0.15
2026-07-07T19:45:01.621	364	833	526	969	2345	2207	2516	2990	3228	419	29.08	1014.36	48.21	135189	AS7341	flash	5	100	999	10	100.0	0.15
2026-07-07T19:45:03.625	364	834	526	970	2347	2208	2517	2992	3231	419	29.09	1014.39	48.22	135189	AS7341	flash	5	100	999	10	100.0	0.15
2026-07-07T19:45:05.611	364	834	526	970	2346	2207	2517	2991	3230	419	29.09	1014.37	48.2	136846	AS7341	flash	5	100	999	10	100.0	0.15
2026-07-07T19:45:07.596	364	834	526	969	2347	2208	2517	2992	3230	419	29.09	1014.38	48.22	135737	AS7341	flash	5	100	999	10	100.0	0.15
2026-07-07T19:45:09.588	364	834	526	970	2346	2207	2516	2991	3229	419	29.09	1014.39	48.21	136400	AS7341	flash	5	100	999	10	100.0	0.15
2026-07-07T19:45:11.589	364	833	526	970	2346	2207	2516	2991	3229	419	29.09	1014.42	48.23	135517	AS7341	flash	5	100	999	10	100.0	0.15
2026-07-07T19:45:13.576	364	834	526	969	2345	2206	2516	2990	3228	419	29.09	1014.38	48.23	135080	AS7341	flash	5	100	999	10	100.0	0.15
2026-07-07T19:45:15.562	364	834	526	970	2346	2207	2516	2991	3229	419	29.1	1014.4	48.24	136178	AS7341	flash	5	100	999	10	100.0	0.15
2026-07-07T19:45:17.546	364	833	526	969	2345	2206	2515	2990	3228	419	29.1	1014.4	48.24	135408	AS7341	flash	5	100	999	10	100.0	0.15
2026-07-07T19:45:19.534	364	833	526	969	2346	2207	2516	2991	3229	419	29.1	1014.39	48.24	135957	AS7341	flash	5	100	999	10	100.0	0.15
2026-07-07T19:45:21.625	364	834	526	970	2346	2207	2516	2991	3229	419	29.09	1014.42	48.25	134754	AS7341	flash	5	100	999	10	100.0	0.15
2026-07-07T19:45:23.615	364	834	526	970	2346	2207	2516	2991	3229	419	29.1	1014.4	48.26	135080	AS7341	flash	5	100	999	10	100.0	0.15
2026-07-07T19:45:25.620	364	834	526	970	2345	2206	2516	2991	3229	419	29.09	1014.39	48.27	135847	AS7341	flash	5	100	999	10	100.0	0.15
2026-07-07T19:45:27.624	364	834	526	969	2345	2206	2516	2990	3228	419	29.1	1014.38	48.26	135189	AS7341	flash	5	100	999	10	100.0	0.15
2026-07-07T19:45:29.615	364	833	526	969	2345	2206	2516	2990	3228	419	29.09	1014.41	48.26	135957	AS7341	flash	5	100	999	10	100.0	0.15
2026-07-07T19:45:31.616	364	834	526	969	2346	2207	2516	2991	3229	419	29.1	1014.43	48.26	135080	AS7341	flash	5	100	999	10	100.0	0.15
2026-07-07T19:45:33.614	364	834	526	969	2345	2206	2515	2990	3228	419	29.09	1014.38	48.27	135957	AS7341	flash	5	100	999	10	100.0	0.15
2026-07-07T19:45:35.613	364	834	526	969	2345	2206	2515	2990	3228	419	29.1	1014.39	48.27	134971	AS7341	flash	5	100	999	10	100.0	0.15
2026-07-07T19:45:37.613	364	834	526	969	2345	2207	2516	2991	3229	419	29.1	1014.38	48.27	135627	AS7341	flash	5	100	999	10	100.0	0.15
2026-07-07T19:45:39.625	364	834	526	969	2345	2206	2516	2991	3228	419	29.1	1014.35	48.29	135517	AS7341	flash	5	100	999	10	100.0	0.15
2026-07-07T19:45:41.619	364	834	526	969	2346	2207	2516	2991	3229	419	29.1	1014.38	48.28	134863	AS7341	flash	5	100	999	10	100.0	0.15
2026-07-07T19:45:43.623	364	834	526	969	2344	2206	2515	2990	3228	419	29.1	1014.43	48.28	135298	AS7341	flash	5	100	999	10	100.0	0.15
2026-07-07T19:45:45.629	364	835	526	969	2345	2206	2516	2991	3228	419	29.1	1014.39	48.29	136400	AS7341	flash	5	100	999	10	100.0	0.15
2026-07-07T19:45:47.620	364	833	526	969	2345	2206	2516	2991	3228	419	29.1	1014.39	48.31	135737	AS7341	flash	5	100	999	10	100.0	0.15
2026-07-07T19:45:49.621	364	834	526	969	2344	2206	2515	2990	3228	419	29.1	1014.4	48.31	135298	AS7341	flash	5	100	999	10	100.0	0.15
2026-07-07T19:45:51.618	364	835	526	969	2345	2206	2516	2991	3228	419	29.11	1014.39	48.32	135517	AS7341	flash	5	100	999	10	100.0	0.15
2026-07-07T19:45:53.624	364	835	526	969	2345	2206	2516	2991	3228	419	29.1	1014.38	48.32	135408	AS7341	flash	5	100	999	10	100.0	0.15
2026-07-07T19:45:55.628	364	834	526	969	2345	2206	2515	2990	3228	419	29.1	1014.38	48.32	135737	AS7341	flash	5	100	999	10	100.0	0.15
2026-07-07T19:45:57.619	364	835	526	969	2345	2207	2516	2991	3229	419	29.1	1014.41	48.32	135737	AS7341	flash	5	100	999	10	100.0	0.15
2026-07-07T19:45:59.626	364	834	526	969	2344	2206	2515	2990	3227	418	29.1	1014.41	48.33	135957	AS7341	flash	5	100	999	10	100.0	0.15
2026-07-07T19:46:01.618	364	834	526	969	2345	2206	2515	2991	3228	419	29.1	1014.39	48.32	135737	AS7341	flash	5	100	999	10	100.0	0.15
2026-07-07T19:46:03.621	364	835	526	969	2346	2206	2516	2990	3228	419	29.11	1014.41	48.34	136289	AS7341	flash	5	100	999	10	100.0	0.15
2026-07-07T19:46:05.616	364	835	526	969	2345	2206	2516	2990	3228	419	29.1	1014.4	48.34	135847	AS7341	flash	5	100	999	10	100.0	0.15
2026-07-07T19:46:07.624	364	834	526	969	2344	2206	2515	2991	3228	419	29.11	1014.39	48.34	135517	AS7341	flash	5	100	999	10	100.0	0.15
2026-07-07T19:46:09.612	364	834	526	969	2344	2206	2515	2991	3228	419	29.11	1014.43	48.35	135847	AS7341	flash	5	100	999	10	100.0	0.15
2026-07-07T19:46:11.615	364	835	526	969	2345	2205	2515	2990	3227	419	29.11	1014.42	48.35	135080	AS7341	flash	5	100	999	10	100.0	0.15
2026-07-07T19:46:13.622	364	834	526	968	2345	2205	2515	2990	3227	418	29.1	1014.41	48.36	135298	AS7341	flash	5	100	999	10	100.0	0.15
2026-07-07T19:46:15.614	364	835	526	969	2345	2205	2515	2990	3227	419	29.11	1014.43	48.38	134863	AS7341	flash	5	100	999	10	100.0	0.15
2026-07-07T19:46:17.624	364	835	526	969	2345	2205	2515	2990	3227	419	29.1	1014.41	48.39	135517	AS7341	flash	5	100	999	10	100.0	0.15
2026-07-07T19:46:19.612	364	834	526	968	2345	2205	2515	2990	3228	419	29.11	1014.41	48.4	134646	AS7341	flash	5	100	999	10	100.0	0.15
2026-07-07T19:46:21.623	364	835	526	969	2345	2205	2515	2990	3228	419	29.11	1014.45	48.41	135298	AS7341	flash	5	100	999	10	100.0	0.15
2026-07-07T19:46:23.618	364	835	526	969	2345	2205	2515	2990	3228	419	29.11	1014.43	48.41	135627	AS7341	flash	5	100	999	10	100.0	0.15
2026-07-07T19:46:25.614	364	835	526	969	2344	2205	2515	2990	3228	418	29.11	1014.43	48.44	134863	AS7341	flash	5	100	999	10	100.0	0.15
2026-07-07T19:46:27.623	364	835	526	968	2344	2205	2515	2990	3228	418	29.12	1014.45	48.44	134971	AS7341	flash	5	100	999	10	100.0	0.15
2026-07-07T19:46:29.619	364	835	526	968	2345	2205	2515	2991	3228	419	29.11	1014.42	48.46	134538	AS7341	flash	5	100	999	10	100.0	0.15
2026-07-07T19:46:31.622	364	835	526	968	2344	2205	2514	2990	3227	418	29.11	1014.42	48.47	134646	AS7341	flash	5	100	999	10	100.0	0.15
2026-07-07T19:46:33.620	364	835	526	968	2344	2205	2515	2990	3227	419	29.12	1014.44	48.47	135517	AS7341	flash	5	100	999	10	100.0	0.15
2026-07-07T19:46:35.621	364	835	526	968	2344	2204	2515	2990	3228	419	29.11	1014.43	48.49	135080	AS7341	flash	5	100	999	10	100.0	0.15
2026-07-07T19:46:37.625	364	835	526	968	2344	2204	2514	2989	3226	418	29.12	1014.43	48.5	134538	AS7341	flash	5	100	999	10	100.0	0.15
2026-07-07T19:46:39.621	364	835	526	968	2344	2204	2515	2990	3227	420	29.11	1014.4	48.5	134214	AS7341	flash	5	100	999	10	100.0	0.15
2026-07-07T19:46:41.621	364	835	526	968	2344	2204	2515	2991	3228	418	29.12	1014.43	48.52	134646	AS7341	flash	5	100	999	10	100.0	0.15
2026-07-07T19:46:43.621	364	835	526	968	2344	2205	2515	2990	3227	419	29.12	1014.42	48.52	134971	AS7341	flash	5	100	999	10	100.0	0.15
2026-07-07T19:46:45.622	364	835	526	968	2344	2204	2515	2990	3227	418	29.12	1014.44	48.5	134863	AS7341	flash	5	100	999	10	100.0	0.15
2026-07-07T19:46:47.616	364	835	526	968	2343	2204	2514	2989	3226	418	29.12	1014.44	48.52	135517	AS7341	flash	5	100	999	10	100.0	0.15
2026-07-07T19:46:49.623	364	835	526	968	2343	2204	2514	2989	3226	419	29.12	1014.45	48.53	134322	AS7341	flash	5	100	999	10	100.0	0.15
2026-07-07T19:46:51.623	364	834	526	968	2344	2204	2515	2990	3227	419	29.12	1014.43	48.52	133785	AS7341	flash	5	100	999	10	100.0	0.15
2026-07-07T19:46:53.633	364	835	526	968	2343	2204	2514	2990	3227	418	29.12	1014.42	48.53	134214	AS7341	flash	5	100	999	10	100.0	0.15
2026-07-07T19:46:55.618	364	835	527	968	2343	2204	2514	2990	3227	419	29.12	1014.42	48.53	135847	AS7341	flash	5	100	999	10	100.0	0.15
2026-07-07T19:46:57.621	364	835	526	968	2342	2203	2513	2991	3226	418	29.13	1014.41	48.52	134754	AS7341	flash	5	100	999	10	0.0	0.15
2026-07-07T19:46:59.629	364	834	526	966	2337	2199	2513	2997	3225	418	29.16	1014.42	49.11	132306	AS7341	flash	5	100	999	10	0.0	0.15
2026-07-07T19:47:01.618	364	834	527	964	2332	2194	2512	3003	3224	418	29.19	1014.45	50.9	128058	AS7341	flash	5	100	999	10	100.0	0.15
2026-07-07T19:47:03.618	364	835	527	963	2328	2191	2509	3001	3221	419	29.17	1014.45	52.8	125750	AS7341	flash	5	100	999	10	100.0	0.15
2026-07-07T19:47:05.632	364	836	526	963	2328	2190	2508	2999	3220	419	29.15	1014.44	52.9	126606	AS7341	flash	5	100	999	10	100.0	0.15
2026-07-07T19:47:07.621	364	836	526	963	2328	2189	2506	2996	3218	419	29.15	1014.43	52.18	128058	AS7341	flash	5	100	999	10	100.0	0.15
2026-07-07T19:47:09.620	364	837	527	963	2329	2189	2505	2993	3219	419	29.15	1014.47	51.41	128450	AS7341	flash	5	100	999	10	100.0	0.15
2026-07-07T19:47:11.632	364	837	526	963	2327	2189	2504	2990	3216	418	29.14	1014.42	50.79	129945	AS7341	flash	5	100	999	10	100.0	0.15
2026-07-07T19:47:13.621	364	837	527	963	2327	2189	2503	2988	3216	418	29.14	1014.43	50.26	130553	AS7341	flash	5	100	999	10	100.0	0.15
2026-07-07T19:47:15.630	364	837	527	963	2328	2189	2503	2987	3216	417	29.14	1014.46	49.92	130655	AS7341	flash	5	100	999	10	100.0	0.15
2026-07-07T19:47:17.621	364	837	527	963	2328	2189	2503	2987	3216	417	29.14	1014.48	49.63	131475	AS7341	flash	5	100	999	10	100.0	0.15
2026-07-07T19:47:19.622	364	838	527	964	2328	2189	2503	2986	3216	417	29.14	1014.45	49.42	131372	AS7341	flash	5	100	999	10	100.0	0.15
2026-07-07T19:47:21.615	364	837	527	964	2329	2190	2503	2985	3216	418	29.14	1014.46	49.28	131786	AS7341	flash	5	100	999	10	100.0	0.15
2026-07-07T19:47:23.627	364	838	527	964	2329	2190	2503	2985	3216	418	29.14	1014.41	49.17	132515	AS7341	flash	5	100	999	10	100.0	0.15
2026-07-07T19:47:25.620	364	837	527	964	2329	2190	2502	2984	3215	418	29.14	1014.46	49.08	132725	AS7341	flash	5	100	999	10	100.0	0.15
2026-07-07T19:47:27.621	364	838	527	964	2330	2191	2503	2984	3216	418	29.14	1014.46	49.02	132411	AS7341	flash	5	100	999	10	100.0	0.15
2026-07-07T19:47:29.623	364	837	527	964	2330	2191	2503	2983	3216	418	29.13	1014.46	48.95	132620	AS7341	flash	5	100	999	10	100.0	0.15
2026-07-07T19:47:31.632	364	837	527	965	2331	2192	2503	2984	3217	418	29.15	1014.48	48.92	133359	AS7341	flash	5	100	999	10	100.0	0.15
2026-07-07T19:47:33.620	364	838	527	965	2331	2192	2503	2984	3217	418	29.14	1014.48	48.9	132725	AS7341	flash	5	100	999	10	100.0	0.15
2026-07-07T19:47:35.623	364	837	527	965	2331	2192	2503	2983	3216	418	29.14	1014.45	48.87	133466	AS7341	flash	5	100	999	10	100.0	0.15
2026-07-07T19:47:37.625	364	837	527	965	2331	2192	2503	2983	3216	418	29.14	1014.44	48.83	132515	AS7341	flash	5	100	999	10	100.0	0.15
2026-07-07T19:47:39.612	364	837	527	965	2332	2193	2504	2984	3217	418	29.14	1014.46	48.81	133147	AS7341	flash	5	100	999	10	100.0	0.15
2026-07-07T19:47:41.620	364	837	527	965	2332	2193	2504	2983	3217	418	29.14	1014.44	48.81	132936	AS7341	flash	5	100	999	10	100.0	0.15
2026-07-07T19:47:43.621	364	838	527	966	2333	2194	2505	2984	3218	419	29.15	1014.49	48.8	133572	AS7341	flash	5	100	999	10	100.0	0.15
2026-07-07T19:47:45.624	364	837	527	966	2333	2194	2505	2984	3218	418	29.14	1014.46	48.79	134214	AS7341	flash	5	100	999	10	100.0	0.15
2026-07-07T19:47:47.618	364	837	527	966	2333	2194	2505	2983	3218	418	29.14	1014.44	48.78	133785	AS7341	flash	5	100	999	10	100.0	0.15
2026-07-07T19:47:49.618	364	837	527	966	2334	2195	2506	2985	3219	419	29.14	1014.41	48.76	134000	AS7341	flash	5	100	999	10	100.0	0.15
2026-07-07T19:47:51.625	364	837	527	966	2334	2195	2506	2985	3219	419	29.14	1014.44	48.76	133359	AS7341	flash	5	100	999	10	100.0	0.15
2026-07-07T19:47:53.626	364	837	527	966	2334	2195	2506	2984	3218	419	29.14	1014.46	48.75	133253	AS7341	flash	5	100	999	10	100.0	0.15
2026-07-07T19:47:55.619	364	837	527	966	2334	2195	2506	2984	3219	419	29.14	1014.41	48.76	134000	AS7341	flash	5	100	999	10	100.0	0.15
2026-07-07T19:47:57.617	364	837	527	966	2335	2196	2507	2985	3220	419	29.15	1014.47	48.75	133679	AS7341	flash	5	100	999	10	100.0	0.15
2026-07-07T19:47:59.623	364	837	527	966	2335	2196	2507	2985	3221	419	29.14	1014.44	48.74	133466	AS7341	flash	5	100	999	10	100.0	0.15
2026-07-07T19:48:01.616	364	837	527	966	2335	2196	2507	2985	3220	419	29.14	1014.47	48.74	133042	AS7341	flash	5	100	999	10	100.0	0.15
2026-07-07T19:48:03.618	364	838	527	965	2335	2197	2507	2985	3220	419	29.14	1014.45	48.73	133359	AS7341	flash	5	100	999	10	100.0	0.15
2026-07-07T19:48:05.616	364	838	527	966	2335	2196	2507	2985	3220	419	29.14	1014.47	48.74	134214	AS7341	flash	5	100	999	10	100.0	0.15
2026-07-07T19:48:07.614	364	837	527	966	2336	2197	2507	2985	3220	419	29.15	1014.45	48.73	133679	AS7341	flash	5	100	999	10	100.0	0.15
2026-07-07T19:48:09.619	364	838	527	967	2336	2196	2508	2985	3220	419	29.15	1014.45	48.73	133572	AS7341	flash	5	100	999	10	100.0	0.15
2026-07-07T19:48:11.619	364	837	527	966	2336	2196	2507	2985	3220	419	29.14	1014.47	48.73	134107	AS7341	flash	5	100	999	10	100.0	0.15
2026-07-07T19:48:13.619	364	838	527	966	2336	2197	2508	2986	3221	419	29.14	1014.46	48.73	133679	AS7341	flash	5	100	999	10	100.0	0.15
2026-07-07T19:48:15.616	364	837	527	967	2337	2197	2508	2986	3221	419	29.14	1014.41	48.74	134000	AS7341	flash	5	100	999	10	100.0	0.15
2026-07-07T19:48:17.601	364	837	527	966	2336	2197	2508	2985	3220	419	29.15	1014.45	48.73	134000	AS7341	flash	5	100	999	10	100.0	0.15
2026-07-07T19:48:19.619	364	837	527	967	2336	2197	2508	2986	3221	419	29.15	1014.44	48.74	133785	AS7341	flash	5	100	999	10	100.0	0.15
2026-07-07T19:48:21.627	364	838	527	966	2336	2197	2508	2986	3220	419	29.14	1014.44	48.73	133359	AS7341	flash	5	100	999	10	100.0	0.15
2026-07-07T19:48:23.626	364	838	527	967	2337	2198	2509	2987	3222	419	29.15	1014.48	48.73	133466	AS7341	flash	5	100	999	10	100.0	0.15
2026-07-07T19:48:25.626	364	838	527	966	2337	2198	2509	2987	3222	418	29.14	1014.44	48.73	133572	AS7341	flash	5	100	999	10	100.0	0.15
2026-07-07T19:48:27.624	364	837	527	967	2337	2198	2509	2987	3222	419	29.15	1014.45	48.73	134000	AS7341	flash	5	100	999	10	100.0	0.15
2026-07-07T19:48:29.619	364	838	527	966	2337	2198	2509	2987	3222	419	29.14	1014.45	48.73	134538	AS7341	flash	5	100	999	10	100.0	0.15
2026-07-07T19:48:31.625	364	837	527	967	2337	2198	2509	2986	3221	419	29.15	1014.45	48.73	133359	AS7341	flash	5	100	999	10	100.0	0.15
2026-07-07T19:48:33.620	364	837	527	967	2338	2199	2510	2987	3222	419	29.14	1014.46	48.74	132936	AS7341	flash	5	100	999	10	100.0	0.15
2026-07-07T19:48:35.625	364	838	527	967	2337	2199	2510	2987	3222	419	29.15	1014.47	48.75	133359	AS7341	flash	5	100	999	10	100.0	0.15
2026-07-07T19:48:37.633	364	838	527	967	2337	2198	2509	2987	3222	419	29.15	1014.46	48.74	133359	AS7341	flash	5	100	999	10	100.0	0.15
2026-07-07T19:48:39.626	364	837	527	967	2338	2198	2510	2987	3222	419	29.14	1014.49	48.76	133253	AS7341	flash	5	100	999	10	100.0	0.15
2026-07-07T19:48:41.634	364	837	527	966	2338	2199	2510	2987	3223	419	29.15	1014.44	48.75	133572	AS7341	flash	5	100	999	10	100.0	0.15
2026-07-07T19:48:43.626	364	838	527	967	2338	2199	2510	2988	3222	419	29.15	1014.48	48.76	133359	AS7341	flash	5	100	999	10	100.0	0.15
2026-07-07T19:48:45.626	364	837	527	967	2337	2198	2509	2987	3221	419	29.15	1014.47	48.75	134107	AS7341	flash	5	100	999	10	100.0	0.15
2026-07-07T19:48:47.627	364	837	527	967	2338	2199	2510	2988	3223	419	29.15	1014.47	48.76	133572	AS7341	flash	5	100	999	10	100.0	0.15
2026-07-07T19:48:49.633	364	838	527	967	2339	2199	2510	2989	3223	419	29.15	1014.46	48.76	134107	AS7341	flash	5	100	999	10	100.0	0.15
2026-07-07T19:48:51.627	364	837	527	967	2338	2199	2510	2987	3223	419	29.15	1014.46	48.78	134322	AS7341	flash	5	100	999	10	100.0	0.15
2026-07-07T19:48:53.623	364	837	527	967	2337	2198	2509	2987	3222	419	29.15	1014.46	48.79	134000	AS7341	flash	5	100	999	10	100.0	0.15
2026-07-07T19:48:55.617	364	837	527	967	2338	2199	2510	2988	3223	419	29.15	1014.43	48.78	134430	AS7341	flash	5	100	999	10	100.0	0.15
2026-07-07T19:48:57.598	364	837	527	967	2338	2198	2510	2987	3223	419	29.15	1014.43	48.79	133572	AS7341	flash	5	100	999	10	100.0	0.15
2026-07-07T19:48:59.584	364	837	527	967	2338	2199	2510	2988	3223	419	29.15	1014.45	48.8	133466	AS7341	flash	5	100	999	10	100.0	0.15
2026-07-07T19:49:01.571	364	837	527	967	2338	2199	2511	2988	3224	419	29.15	1014.45	48.78	133572	AS7341	flash	5	100	999	10	0.0	0.15
2026-07-07T19:49:03.554	364	836	527	966	2335	2197	2510	2993	3223	418	29.18	1014.46	48.9	132515	AS7341	flash	5	100	999	10	0.0	0.15
2026-07-07T19:49:05.647	364	836	527	963	2329	2192	2509	2998	3220	418	29.2	1014.48	50.25	128747	AS7341	flash	5	100	999	10	0.0	0.15
2026-07-07T19:49:07.627	364	836	527	961	2325	2187	2507	3000	3218	418	29.21	1014.44	52.33	126415	AS7341	flash	5	100	999	10	100.0	0.15
2026-07-07T19:49:09.624	364	838	527	962	2324	2186	2505	2998	3217	418	29.19	1014.45	53.39	125562	AS7341	flash	5	100	999	10	100.0	0.15
2026-07-07T19:49:11.622	364	839	528	962	2323	2185	2503	2995	3215	418	29.17	1014.48	52.86	126415	AS7341	flash	5	100	999	10	100.0	0.15
2026-07-07T19:49:13.602	364	838	527	961	2324	2185	2502	2993	3215	418	29.17	1014.43	52.08	128156	AS7341	flash	5	100	999	10	100.0	0.15
2026-07-07T19:49:15.582	363	838	527	961	2323	2184	2500	2990	3213	418	29.17	1014.48	51.35	129044	AS7341	flash	5	100	999	10	100.0	0.15
2026-07-07T19:49:17.574	364	839	527	961	2323	2184	2500	2988	3212	418	29.17	1014.46	50.78	129044	AS7341	flash	5	100	999	10	100.0	0.15
2026-07-07T19:49:19.573	364	839	527	961	2324	2184	2499	2986	3212	418	29.17	1014.47	50.35	130248	AS7341	flash	5	100	999	10	100.0	0.15
2026-07-07T19:49:21.555	363	839	527	961	2323	2184	2499	2984	3211	418	29.17	1014.48	50.02	130553	AS7341	flash	5	100	999	10	100.0	0.15
2026-07-07T19:49:23.645	364	840	527	962	2325	2186	2501	2987	3213	418	29.15	1014.49	49.78	130350	AS7341	flash	5	100	999	10	100.0	0.15
2026-07-07T19:49:25.629	364	840	528	962	2326	2186	2502	2986	3213	418	29.16	1014.5	49.59	130859	AS7341	flash	5	100	999	10	100.0	0.15
2026-07-07T19:49:27.620	364	839	527	962	2326	2186	2501	2984	3212	418	29.16	1014.46	49.46	131372	AS7341	flash	5	100	999	10	100.0	0.15
2026-07-07T19:49:29.630	364	839	527	962	2325	2186	2501	2983	3212	418	29.16	1014.46	49.37	131166	AS7341	flash	5	100	999	10	100.0	0.15
2026-07-07T19:49:31.633	364	839	527	963	2326	2186	2500	2983	3213	418	29.16	1014.48	49.28	132097	AS7341	flash	5	100	999	10	100.0	0.15
2026-07-07T19:49:33.620	364	840	527	963	2327	2187	2501	2983	3213	418	29.16	1014.46	49.23	132097	AS7341	flash	5	100	999	10	100.0	0.15
2026-07-07T19:49:35.628	363	839	527	963	2327	2187	2501	2983	3214	418	29.16	1014.48	49.19	132306	AS7341	flash	5	100	999	10	100.0	0.15
2026-07-07T19:49:37.621	364	839	528	963	2327	2188	2501	2983	3214	418	29.17	1014.46	49.15	131682	AS7341	flash	5	100	999	10	100.0	0.15
2026-07-07T19:49:39.619	364	839	527	963	2328	2188	2501	2983	3214	418	29.16	1014.48	49.13	132306	AS7341	flash	5	100	999	10	100.0	0.15
2026-07-07T19:49:41.622	364	839	527	963	2328	2189	2502	2983	3215	418	29.16	1014.47	49.09	131889	AS7341	flash	5	100	999	10	100.0	0.15
2026-07-07T19:49:43.620	364	840	528	964	2329	2189	2502	2983	3215	418	29.16	1014.47	49.08	131993	AS7341	flash	5	100	999	10	100.0	0.15
2026-07-07T19:49:45.621	364	839	527	964	2329	2189	2503	2983	3215	418	29.16	1014.48	49.06	133253	AS7341	flash	5	100	999	10	100.0	0.15
2026-07-07T19:49:47.627	364	840	527	964	2329	2190	2503	2983	3216	418	29.16	1014.45	49.06	132936	AS7341	flash	5	100	999	10	100.0	0.15
2026-07-07T19:49:49.613	364	840	527	964	2329	2190	2503	2983	3215	418	29.16	1014.46	49.06	132620	AS7341	flash	5	100	999	10	100.0	0.15
2026-07-07T19:49:51.623	364	839	527	964	2330	2190	2503	2983	3216	418	29.16	1014.46	49.03	132515	AS7341	flash	5	100	999	10	100.0	0.15
2026-07-07T19:49:53.630	364	840	527	964	2330	2190	2504	2984	3216	418	29.16	1014.46	49.03	132515	AS7341	flash	5	100	999	10	100.0	0.15
2026-07-07T19:49:55.634	364	840	527	964	2330	2191	2504	2983	3216	418	29.17	1014.48	49.03	132936	AS7341	flash	5	100	999	10	100.0	0.15
2026-07-07T19:49:57.625	364	840	527	964	2330	2191	2503	2983	3216	418	29.16	1014.48	49.01	132097	AS7341	flash	5	100	999	10	100.0	0.15
2026-07-07T19:49:59.630	364	839	527	964	2330	2191	2503	2983	3216	418	29.16	1014.44	49.0	132515	AS7341	flash	5	100	999	10	100.0	0.15
2026-07-07T19:50:01.617	364	839	527	964	2331	2191	2505	2984	3217	418	29.16	1014.48	48.99	132725	AS7341	flash	5	100	999	10	100.0	0.15
2026-07-07T19:50:03.628	364	839	527	964	2331	2191	2505	2983	3216	418	29.16	1014.47	49.01	132725	AS7341	flash	5	100	999	10	100.0	0.15
2026-07-07T19:50:05.625	364	840	527	965	2333	2193	2506	2985	3218	418	29.17	1014.49	49.0	132515	AS7341	flash	5	100	999	10	100.0	0.15
2026-07-07T19:50:07.619	364	839	527	965	2331	2192	2505	2984	3217	418	29.16	1014.45	49.01	133147	AS7341	flash	5	100	999	10	100.0	0.15
2026-07-07T19:50:09.625	364	839	527	964	2331	2192	2505	2984	3217	418	29.17	1014.47	48.99	133572	AS7341	flash	5	100	999	10	100.0	0.15
2026-07-07T19:50:11.629	364	839	527	965	2332	2192	2506	2985	3218	418	29.16	1014.46	49.0	131993	AS7341	flash	5	100	999	10	100.0	0.15
2026-07-07T19:50:13.624	364	839	527	965	2332	2193	2506	2985	3218	418	29.15	1014.45	48.99	133042	AS7341	flash	5	100	999	10	100.0	0.15
2026-07-07T19:50:15.619	364	839	527	965	2333	2194	2506	2986	3219	418	29.17	1014.48	49.01	132411	AS7341	flash	5	100	999	10	100.0	0.15
2026-07-07T19:50:17.626	364	839	528	965	2333	2193	2506	2985	3218	418	29.17	1014.45	48.99	134000	AS7341	flash	5	100	999	10	100.0	0.15
2026-07-07T19:50:19.631	364	839	527	965	2333	2194	2506	2986	3219	418	29.16	1014.48	49.0	132306	AS7341	flash	5	100	999	10	100.0	0.15
2026-07-07T19:50:21.630	364	839	528	965	2333	2194	2506	2986	3219	418	29.16	1014.46	49.01	132515	AS7341	flash	5	100	999	10	100.0	0.15
2026-07-07T19:50:23.634	364	839	527	965	2333	2193	2506	2985	3218	418	29.16	1014.47	49.01	133253	AS7341	flash	5	100	999	10	100.0	0.15
2026-07-07T19:50:25.623	364	839	528	965	2334	2194	2506	2986	3219	418	29.16	1014.48	48.99	132831	AS7341	flash	5	100	999	10	100.0	0.15
2026-07-07T19:50:27.627	364	839	527	965	2334	2194	2506	2986	3219	418	29.16	1014.52	48.99	133147	AS7341	flash	5	100	999	10	100.0	0.15
2026-07-07T19:50:29.624	364	839	527	965	2335	2195	2508	2987	3220	419	29.16	1014.48	48.99	133359	AS7341	flash	5	100	999	10	100.0	0.15
2026-07-07T19:50:31.631	364	839	528	965	2334	2195	2507	2987	3220	419	29.17	1014.53	48.99	132725	AS7341	flash	5	100	999	10	100.0	0.15
2026-07-07T19:50:33.616	364	839	528	965	2334	2195	2507	2987	3220	418	29.17	1014.49	48.98	132620	AS7341	flash	5	100	999	10	100.0	0.15
2026-07-07T19:50:35.623	364	839	528	965	2335	2195	2507	2987	3220	419	29.16	1014.5	48.99	132515	AS7341	flash	5	100	999	10	100.0	0.15
2026-07-07T19:50:37.616	364	839	528	965	2334	2195	2508	2987	3220	419	29.16	1014.52	48.99	133359	AS7341	flash	5	100	999	10	100.0	0.15
2026-07-07T19:50:39.631	364	839	528	965	2334	2195	2508	2987	3220	419	29.17	1014.5	48.99	133359	AS7341	flash	5	100	999	10	100.0	0.15
2026-07-07T19:50:41.624	364	839	528	965	2334	2195	2508	2987	3220	419	29.16	1014.5	48.99	132515	AS7341	flash	5	100	999	10	100.0	0.15
2026-07-07T19:50:43.630	364	839	528	966	2335	2195	2509	2987	3220	419	29.16	1014.47	48.99	133572	AS7341	flash	5	100	999	10	100.0	0.15
2026-07-07T19:50:45.628	364	839	528	965	2334	2195	2507	2987	3220	418	29.17	1014.51	48.98	133147	AS7341	flash	5	100	999	10	100.0	0.15
2026-07-07T19:50:47.627	364	838	527	965	2335	2195	2509	2987	3220	418	29.17	1014.5	48.98	132620	AS7341	flash	5	100	999	10	100.0	0.15
2026-07-07T19:50:49.627	364	839	528	965	2335	2195	2507	2987	3220	419	29.16	1014.47	48.97	133572	AS7341	flash	5	100	999	10	100.0	0.15
2026-07-07T19:50:51.631	364	839	528	966	2335	2195	2509	2987	3221	419	29.16	1014.51	48.98	132831	AS7341	flash	5	100	999	10	100.0	0.15
2026-07-07T19:50:53.622	364	839	528	965	2335	2196	2508	2988	3221	419	29.17	1014.49	48.99	133147	AS7341	flash	5	100	999	10	100.0	0.15
2026-07-07T19:50:55.637	364	838	528	965	2335	2195	2508	2987	3220	419	29.17	1014.47	48.98	133466	AS7341	flash	5	100	999	10	100.0	0.15
2026-07-07T19:50:57.633	364	839	528	966	2336	2196	2509	2988	3221	419	29.17	1014.49	48.98	132831	AS7341	flash	5	100	999	10	100.0	0.15
2026-07-07T19:50:59.632	365	839	528	966	2335	2195	2508	2987	3220	420	29.16	1014.48	48.98	132620	AS7341	flash	5	100	999	10	100.0	0.15
2026-07-07T19:51:01.619	364	839	528	966	2336	2196	2509	2988	3221	419	29.17	1014.51	48.98	133253	AS7341	flash	5	100	999	10	100.0	0.15
2026-07-07T19:51:03.618	364	839	528	966	2336	2196	2510	2988	3221	419	29.17	1014.5	48.98	133042	AS7341	flash	5	100	999	10	100.0	0.15
2026-07-07T19:51:05.620	364	839	528	966	2335	2196	2509	2988	3221	419	29.17	1014.48	48.99	132515	AS7341	flash	5	100	999	10	100.0	0.15
2026-07-07T19:51:07.634	364	838	528	965	2334	2195	2509	2990	3221	419	29.18	1014.51	48.98	133147	AS7341	flash	5	100	999	10	0.0	0.15
2026-07-07T19:51:09.619	364	838	528	963	2330	2191	2508	2995	3219	419	29.21	1014.51	49.61	131064	AS7341	flash	5	100	999	10	0.0	0.15
2026-07-07T19:51:11.628	364	838	527	961	2324	2186	2506	3001	3217	418	29.24	1014.52	51.4	128058	AS7341	flash	5	100	999	10	100.0	0.15
2026-07-07T19:51:13.624	364	839	528	960	2321	2183	2503	2999	3215	418	29.21	1014.53	53.28	124535	AS7341	flash	5	100	999	10	100.0	0.15
2026-07-07T19:51:15.624	363	839	528	960	2320	2182	2503	2997	3215	418	29.2	1014.51	53.33	125186	AS7341	flash	5	100	999	10	100.0	0.15
2026-07-07T19:51:17.628	364	840	528	960	2319	2180	2500	2992	3211	418	29.2	1014.51	52.61	126224	AS7341	flash	5	100	999	10	100.0	0.15
2026-07-07T19:51:19.617	364	841	528	960	2320	2181	2500	2991	3212	418	29.19	1014.5	51.83	127960	AS7341	flash	5	100	999	10	100.0	0.15
2026-07-07T19:51:21.626	364	841	527	960	2320	2181	2499	2989	3211	418	29.19	1014.49	51.19	128648	AS7341	flash	5	100	999	10	100.0	0.15
2026-07-07T19:51:23.622	364	840	527	961	2320	2181	2498	2986	3210	417	29.2	1014.53	50.68	128945	AS7341	flash	5	100	999	10	100.0	0.15
2026-07-07T19:51:25.636	364	840	527	961	2320	2182	2498	2985	3210	417	29.19	1014.49	50.3	129844	AS7341	flash	5	100	999	10	100.0	0.15
2026-07-07T19:51:27.626	365	840	527	961	2320	2182	2498	2983	3209	417	29.2	1014.53	50.04	129343	AS7341	flash	5	100	999	10	100.0	0.15
2026-07-07T19:51:29.638	364	841	528	961	2321	2182	2498	2984	3210	418	29.2	1014.54	49.82	129844	AS7341	flash	5	100	999	10	100.0	0.15
2026-07-07T19:51:31.634	364	842	528	962	2322	2183	2499	2983	3211	417	29.19	1014.53	49.67	130859	AS7341	flash	5	100	999	10	100.0	0.15
2026-07-07T19:51:33.626	364	842	528	962	2322	2183	2498	2983	3211	417	29.2	1014.51	49.55	130248	AS7341	flash	5	100	999	10	100.0	0.15
2026-07-07T19:51:35.633	364	841	528	962	2323	2184	2499	2982	3211	418	29.19	1014.5	49.47	130451	AS7341	flash	5	100	999	10	100.0	0.15
2026-07-07T19:51:37.619	364	842	528	962	2323	2183	2499	2982	3211	418	29.19	1014.51	49.39	130757	AS7341	flash	5	100	999	10	100.0	0.15
2026-07-07T19:51:39.626	364	842	528	962	2324	2184	2499	2983	3211	418	29.2	1014.55	49.35	131475	AS7341	flash	5	100	999	10	100.0	0.15
2026-07-07T19:51:41.631	364	842	529	962	2324	2184	2499	2983	3211	418	29.19	1014.51	49.31	131682	AS7341	flash	5	100	999	10	100.0	0.15
2026-07-07T19:51:43.628	364	842	528	963	2324	2184	2499	2982	3211	418	29.19	1014.48	49.28	131064	AS7341	flash	5	100	999	10	100.0	0.15
2026-07-07T19:51:45.621	364	842	528	963	2324	2185	2499	2982	3211	418	29.19	1014.5	49.26	132097	AS7341	flash	5	100	999	10	100.0	0.15
2026-07-07T19:51:47.639	364	841	528	963	2325	2185	2500	2982	3212	418	29.19	1014.5	49.22	132097	AS7341	flash	5	100	999	10	100.0	0.15
2026-07-07T19:51:49.656	364	841	529	963	2326	2186	2501	2983	3212	418	29.18	1014.52	49.22	132097	AS7341	flash	5	100	999	10	100.0	0.15
2026-07-07T19:51:51.564	364	841	529	963	2325	2186	2500	2982	3212	418	29.2	1014.49	49.2	131682	AS7341	flash	5	100	999	10	100.0	0.15
2026-07-07T19:51:53.584	364	841	529	963	2327	2187	2502	2983	3214	418	29.19	1014.5	49.18	131578	AS7341	flash	5	100	999	10	100.0	0.15
2026-07-07T19:51:55.613	364	841	529	964	2326	2187	2501	2982	3213	418	29.19	1014.5	49.17	132936	AS7341	flash	5	100	999	10	100.0	0.15
2026-07-07T19:51:57.630	364	841	529	964	2327	2188	2502	2983	3214	418	29.18	1014.51	49.17	132515	AS7341	flash	5	100	999	10	100.0	0.15
2026-07-07T19:51:59.637	364	841	529	964	2327	2188	2502	2983	3214	418	29.19	1014.52	49.16	131578	AS7341	flash	5	100	999	10	100.0	0.15
2026-07-07T19:52:01.554	364	841	529	964	2327	2188	2502	2983	3214	418	29.2	1014.52	49.16	132411	AS7341	flash	5	100	999	10	100.0	0.15
2026-07-07T19:52:03.571	364	841	529	964	2328	2188	2502	2983	3214	418	29.18	1014.53	49.15	132515	AS7341	flash	5	100	999	10	100.0	0.15
2026-07-07T19:52:05.589	364	841	529	964	2328	2188	2502	2983	3214	418	29.19	1014.51	49.15	132411	AS7341	flash	5	100	999	10	100.0	0.15
2026-07-07T19:52:07.620	364	841	529	964	2328	2189	2503	2984	3215	418	29.18	1014.51	49.15	131786	AS7341	flash	5	100	999	10	100.0	0.15
2026-07-07T19:52:09.637	364	841	529	964	2329	2189	2504	2985	3216	418	29.18	1014.47	49.15	132097	AS7341	flash	5	100	999	10	100.0	0.15
2026-07-07T19:52:11.647	364	841	529	964	2329	2189	2503	2984	3215	418	29.18	1014.48	49.15	131682	AS7341	flash	5	100	999	10	100.0	0.15
2026-07-07T19:52:13.557	364	841	529	964	2329	2189	2503	2984	3215	418	29.2	1014.51	49.14	132936	AS7341	flash	5	100	999	10	100.0	0.15
2026-07-07T19:52:15.574	364	841	529	964	2329	2190	2504	2984	3216	418	29.19	1014.54	49.14	132725	AS7341	flash	5	100	999	10	100.0	0.15
2026-07-07T19:52:17.587	364	841	529	964	2329	2190	2504	2984	3216	418	29.19	1014.52	49.15	133042	AS7341	flash	5	100	999	10	100.0	0.15
2026-07-07T19:52:19.600	364	841	529	965	2330	2191	2505	2985	3217	418	29.18	1014.54	49.15	132620	AS7341	flash	5	100	999	10	100.0	0.15
2026-07-07T19:52:21.675	364	841	529	965	2331	2191	2506	2986	3218	418	29.18	1014.54	49.15	132831	AS7341	flash	5	100	999	10	100.0	0.15
2026-07-07T19:52:23.573	364	840	529	965	2330	2191	2505	2985	3217	418	29.19	1014.53	49.15	132097	AS7341	flash	5	100	999	10	100.0	0.15
2026-07-07T19:52:25.594	364	841	529	965	2330	2191	2505	2985	3216	418	29.18	1014.49	49.14	132097	AS7341	flash	5	100	999	10	100.0	0.15
2026-07-07T19:52:27.620	364	841	529	965	2331	2191	2505	2986	3217	418	29.18	1014.54	49.15	132097	AS7341	flash	5	100	999	10	100.0	0.15
2026-07-07T19:52:29.625	364	840	528	965	2331	2191	2505	2986	3217	418	29.18	1014.48	49.15	132725	AS7341	flash	5	100	999	10	100.0	0.15
2026-07-07T19:52:31.639	364	840	529	965	2331	2192	2506	2986	3217	418	29.19	1014.5	49.14	132306	AS7341	flash	5	100	999	10	100.0	0.15
2026-07-07T19:52:33.659	364	840	529	965	2331	2192	2506	2986	3218	418	29.18	1014.51	49.16	131475	AS7341	flash	5	100	999	10	100.0	0.15
2026-07-07T19:52:35.573	364	840	529	965	2330	2191	2505	2985	3217	418	29.19	1014.53	49.16	132725	AS7341	flash	5	100	999	10	100.0	0.15
2026-07-07T19:52:37.592	364	840	529	965	2332	2192	2506	2987	3218	418	29.19	1014.49	49.16	132831	AS7341	flash	5	100	999	10	100.0	0.15
2026-07-07T19:52:39.625	364	840	529	965	2331	2192	2506	2986	3218	418	29.18	1014.5	49.15	132411	AS7341	flash	5	100	999	10	100.0	0.15
2026-07-07T19:52:41.647	364	840	529	965	2332	2193	2507	2987	3218	418	29.18	1014.5	49.15	132306	AS7341	flash	5	100	999	10	100.0	0.15
2026-07-07T19:52:43.554	364	840	529	965	2331	2191	2506	2986	3217	418	29.19	1014.49	49.16	132831	AS7341	flash	5	100	999	10	100.0	0.15
2026-07-07T19:52:45.573	364	840	529	965	2332	2193	2507	2988	3219	418	29.18	1014.51	49.16	132097	AS7341	flash	5	100	999	10	100.0	0.15
2026-07-07T19:52:47.594	364	840	528	965	2332	2192	2506	2987	3218	418	29.18	1014.51	49.19	131889	AS7341	flash	5	100	999	10	100.0	0.15
2026-07-07T19:52:49.623	364	840	529	966	2333	2194	2508	2989	3220	419	29.18	1014.5	49.19	131786	AS7341	flash	5	100	999	10	100.0	0.15
2026-07-07T19:52:51.639	364	840	529	965	2332	2193	2507	2988	3219	418	29.18	1014.5	49.2	131682	AS7341	flash	5	100	999	10	100.0	0.15
2026-07-07T19:52:53.663	364	840	529	965	2333	2193	2508	2989	3219	418	29.18	1014.52	49.22	131475	AS7341	flash	5	100	999	10	100.0	0.15
2026-07-07T19:52:55.577	364	840	529	965	2333	2193	2508	2988	3220	418	29.18	1014.51	49.21	132831	AS7341	flash	5	100	999	10	100.0	0.15
2026-07-07T19:52:57.594	364	840	529	965	2332	2193	2507	2987	3218	418	29.18	1014.51	49.23	132725	AS7341	flash	5	100	999	10	100.0	0.15
2026-07-07T19:52:59.632	364	840	529	965	2332	2193	2507	2988	3218	418	29.18	1014.5	49.24	132515	AS7341	flash	5	100	999	10	100.0	0.15
2026-07-07T19:53:01.655	364	840	529	965	2333	2194	2508	2989	3221	419	29.18	1014.52	49.26	132515	AS7341	flash	5	100	999	10	100.0	0.15
2026-07-07T19:53:03.572	364	840	528	965	2332	2193	2507	2988	3218	418	29.19	1014.5	49.25	132411	AS7341	flash	5	100	999	10	100.0	0.15
2026-07-07T19:53:05.592	364	840	528	965	2332	2193	2508	2988	3220	418	29.18	1014.51	49.26	132515	AS7341	flash	5	100	999	10	100.0	0.15
2026-07-07T19:53:07.633	364	840	528	965	2332	2193	2507	2988	3219	418	29.19	1014.56	49.27	132306	AS7341	flash	5	100	999	10	100.0	0.15
2026-07-07T19:53:09.650	364	840	529	966	2333	2194	2508	2989	3220	419	29.17	1014.49	49.29	131475	AS7341	flash	5	100	999	10	100.0	0.15
2026-07-07T19:53:11.554	364	840	528	965	2333	2193	2508	2988	3220	418	29.19	1014.5	49.28	132515	AS7341	flash	5	100	999	10	0.0	0.15
2026-07-07T19:53:13.573	364	839	528	964	2329	2191	2506	2992	3219	418	29.21	1014.46	49.39	131682	AS7341	flash	5	100	999	10	0.0	0.15
2026-07-07T19:53:15.591	364	839	528	962	2324	2186	2505	2998	3216	418	29.23	1014.49	50.66	128352	AS7341	flash	5	100	999	10	0.0	0.15
2026-07-07T19:53:17.626	364	839	528	959	2320	2182	2504	3001	3215	418	29.25	1014.51	52.77	125000	AS7341	flash	5	100	999	10	100.0	0.15
2026-07-07T19:53:19.632	364	840	528	959	2319	2181	2503	2999	3213	418	29.22	1014.48	53.96	123252	AS7341	flash	5	100	999	10	100.0	0.15
2026-07-07T19:53:21.661	364	841	528	959	2319	2181	2501	2996	3213	418	29.21	1014.48	53.44	124535	AS7341	flash	5	100	999	10	100.0	0.15
2026-07-07T19:53:23.581	364	841	528	959	2318	2180	2499	2992	3211	417	29.22	1014.53	52.65	126129	AS7341	flash	5	100	999	10	100.0	0.15
2026-07-07T19:53:25.596	364	842	529	959	2319	2180	2499	2992	3210	417	29.21	1014.5	51.88	126415	AS7341	flash	5	100	999	10	100.0	0.15
2026-07-07T19:53:27.619	364	842	529	959	2318	2179	2498	2989	3209	417	29.21	1014.49	51.31	128254	AS7341	flash	5	100	999	10	100.0	0.15
2026-07-07T19:53:29.632	364	843	529	960	2319	2180	2498	2988	3210	417	29.21	1014.51	50.87	127376	AS7341	flash	5	100	999	10	100.0	0.15
2026-07-07T19:53:31.654	364	843	529	960	2319	2180	2497	2987	3209	417	29.2	1014.47	50.54	128450	AS7341	flash	5	100	999	10	100.0	0.15
2026-07-07T19:53:33.567	364	843	529	960	2319	2180	2497	2985	3208	417	29.21	1014.49	50.28	129643	AS7341	flash	5	100	999	10	100.0	0.15
2026-07-07T19:53:35.589	364	843	529	960	2319	2180	2497	2984	3208	417	29.2	1014.5	50.1	130350	AS7341	flash	5	100	999	10	100.0	0.15
2026-07-07T19:53:37.603	364	843	529	960	2320	2181	2497	2984	3209	417	29.2	1014.5	49.97	129643	AS7341	flash	5	100	999	10	100.0	0.15
2026-07-07T19:53:39.637	364	843	529	960	2320	2181	2497	2983	3209	417	29.2	1014.48	49.85	130553	AS7341	flash	5	100	999	10	100.0	0.15
2026-07-07T19:53:41.652	364	843	529	961	2320	2182	2497	2983	3209	417	29.2	1014.5	49.76	129543	AS7341	flash	5	100	999	10	100.0	0.15
2026-07-07T19:53:43.567	364	843	529	961	2321	2182	2497	2982	3210	417	29.21	1014.52	49.71	130046	AS7341	flash	5	100	999	10	100.0	0.15
2026-07-07T19:53:45.588	364	843	529	961	2322	2183	2498	2983	3210	417	29.21	1014.51	49.66	131064	AS7341	flash	5	100	999	10	100.0	0.15
2026-07-07T19:53:47.629	364	843	529	962	2322	2183	2498	2983	3211	417	29.2	1014.49	49.62	130046	AS7341	flash	5	100	999	10	100.0	0.15
2026-07-07T19:53:49.642	364	843	529	961	2322	2183	2498	2982	3211	417	29.2	1014.46	49.58	130451	AS7341	flash	5	100	999	10	100.0	0.15
2026-07-07T19:53:51.659	364	843	529	961	2323	2184	2499	2983	3211	417	29.2	1014.5	49.56	130961	AS7341	flash	5	100	999	10	100.0	0.15
2026-07-07T19:53:53.561	364	842	529	961	2322	2183	2498	2982	3211	417	29.21	1014.5	49.52	131475	AS7341	flash	5	100	999	10	100.0	0.15
2026-07-07T19:53:55.581	364	843	529	962	2324	2185	2500	2983	3212	418	29.2	1014.48	49.51	131269	AS7341	flash	5	100	999	10	100.0	0.15
2026-07-07T19:53:57.626	364	842	529	962	2324	2185	2500	2982	3212	418	29.2	1014.48	49.49	131166	AS7341	flash	5	100	999	10	100.0	0.15
2026-07-07T19:53:59.654	364	843	529	962	2325	2186	2500	2983	3213	418	29.19	1014.49	49.48	129945	AS7341	flash	5	100	999	10	100.0	0.15
2026-07-07T19:54:01.559	364	843	529	962	2325	2186	2500	2983	3213	418	29.21	1014.49	49.47	131064	AS7341	flash	5	100	999	10	100.0	0.15
2026-07-07T19:54:03.582	364	843	529	962	2326	2187	2501	2983	3214	418	29.19	1014.49	49.47	130961	AS7341	flash	5	100	999	10	100.0	0.15
2026-07-07T19:54:05.618	364	842	529	962	2325	2186	2500	2982	3212	418	29.19	1014.46	49.45	131475	AS7341	flash	5	100	999	10	100.0	0.15
2026-07-07T19:54:07.639	364	842	529	962	2326	2187	2501	2984	3214	418	29.19	1014.47	49.45	130451	AS7341	flash	5	100	999	10	100.0	0.15
2026-07-07T19:54:09.550	364	842	529	962	2324	2186	2500	2982	3212	417	29.2	1014.49	49.45	131889	AS7341	flash	5	100	999	10	100.0	0.15
2026-07-07T19:54:11.575	364	842	529	963	2326	2187	2502	2984	3214	418	29.2	1014.48	49.43	132097	AS7341	flash	5	100	999	10	100.0	0.15
2026-07-07T19:54:13.588	364	842	529	963	2327	2188	2502	2984	3215	418	29.19	1014.45	49.43	130859	AS7341	flash	5	100	999	10	100.0	0.15
2026-07-07T19:54:15.625	364	842	529	963	2326	2187	2502	2983	3214	418	29.19	1014.46	49.44	130859	AS7341	flash	5	100	999	10	100.0	0.15
2026-07-07T19:54:17.634	364	842	529	963	2327	2188	2502	2984	3214	418	29.19	1014.49	49.44	131475	AS7341	flash	5	100	999	10	100.0	0.15
2026-07-07T19:54:19.651	364	841	529	963	2325	2187	2501	2983	3213	418	29.19	1014.45	49.43	131064	AS7341	flash	5	100	999	10	100.0	0.15
2026-07-07T19:54:21.565	364	841	529	963	2326	2188	2502	2984	3214	418	29.2	1014.49	49.42	132097	AS7341	flash	5	100	999	10	100.0	0.15
2026-07-07T19:54:23.583	364	841	529	963	2327	2188	2502	2984	3214	418	29.19	1014.48	49.43	131889	AS7341	flash	5	100	999	10	100.0	0.15
2026-07-07T19:54:25.622	364	841	529	963	2327	2189	2503	2984	3215	418	29.2	1014.48	49.42	131269	AS7341	flash	5	100	999	10	100.0	0.15
2026-07-07T19:54:27.640	364	841	529	963	2327	2189	2504	2985	3216	418	29.19	1014.46	49.44	131475	AS7341	flash	5	100	999	10	100.0	0.15
2026-07-07T19:54:29.661	364	841	529	963	2327	2189	2503	2984	3215	418	29.19	1014.46	49.43	131372	AS7341	flash	5	100	999	10	100.0	0.15
2026-07-07T19:54:31.573	364	841	529	963	2328	2189	2503	2985	3215	418	29.21	1014.42	49.44	131475	AS7341	flash	5	100	999	10	100.0	0.15
2026-07-07T19:54:33.585	364	841	529	963	2327	2189	2504	2985	3215	418	29.2	1014.46	49.42	131993	AS7341	flash	5	100	999	10	100.0	0.15
2026-07-07T19:54:35.601	364	841	529	963	2328	2190	2504	2986	3216	418	29.2	1014.45	49.43	131578	AS7341	flash	5	100	999	10	100.0	0.15
2026-07-07T19:54:37.640	364	841	529	964	2328	2190	2504	2986	3216	418	29.2	1014.45	49.43	131682	AS7341	flash	5	100	999	10	100.0	0.15
2026-07-07T19:54:39.667	364	841	529	964	2328	2189	2504	2986	3216	418	29.19	1014.46	49.44	130859	AS7341	flash	5	100	999	10	100.0	0.15
2026-07-07T19:54:41.579	364	841	529	963	2328	2189	2504	2985	3215	418	29.2	1014.46	49.43	131682	AS7341	flash	5	100	999	10	100.0	0.15
2026-07-07T19:54:43.610	364	841	529	964	2329	2191	2505	2987	3217	418	29.19	1014.38	49.43	131682	AS7341	flash	5	100	999	10	100.0	0.15
2026-07-07T19:54:45.649	364	841	529	964	2329	2191	2506	2987	3217	418	29.19	1014.45	49.44	131682	AS7341	flash	5	100	999	10	100.0	0.15
2026-07-07T19:54:47.566	364	841	529	964	2329	2191	2505	2986	3217	418	29.2	1014.49	49.44	132097	AS7341	flash	5	100	999	10	100.0	0.15
2026-07-07T19:54:49.589	364	841	529	964	2329	2190	2505	2987	3217	418	29.19	1014.45	49.41	131786	AS7341	flash	5	100	999	10	100.0	0.15
2026-07-07T19:54:51.617	364	841	529	964	2329	2191	2506	2988	3217	418	29.19	1014.45	49.42	132097	AS7341	flash	5	100	999	10	100.0	0.15
2026-07-07T19:54:53.647	364	841	529	964	2329	2191	2506	2987	3217	418	29.19	1014.45	49.43	130553	AS7341	flash	5	100	999	10	100.0	0.15
2026-07-07T19:54:55.570	364	841	529	964	2329	2191	2505	2988	3217	418	29.2	1014.45	49.44	132620	AS7341	flash	5	100	999	10	100.0	0.15
2026-07-07T19:54:57.584	364	841	529	964	2329	2192	2506	2987	3218	418	29.2	1014.42	49.44	132306	AS7341	flash	5	100	999	10	100.0	0.15
2026-07-07T19:54:59.601	364	841	529	964	2329	2191	2506	2987	3217	418	29.2	1014.45	49.44	131372	AS7341	flash	5	100	999	10	100.0	0.15
2026-07-07T19:55:01.650	364	841	529	964	2330	2192	2507	2987	3218	418	29.19	1014.44	49.44	131889	AS7341	flash	5	100	999	10	100.0	0.15
2026-07-07T19:55:03.664	364	841	529	964	2330	2192	2506	2989	3218	418	29.19	1014.46	49.42	131166	AS7341	flash	5	100	999	10	100.0	0.15
2026-07-07T19:55:05.571	364	841	529	964	2329	2191	2506	2988	3217	418	29.2	1014.42	49.43	132306	AS7341	flash	5	100	999	10	100.0	0.15
2026-07-07T19:55:07.599	364	841	529	964	2330	2192	2506	2989	3218	418	29.2	1014.48	49.43	131889	AS7341	flash	5	100	999	10	100.0	0.15
2026-07-07T19:55:09.619	364	841	529	964	2330	2192	2506	2989	3218	418	29.19	1014.4	49.44	131682	AS7341	flash	5	100	999	10	100.0	0.15
2026-07-07T19:55:11.655	364	841	529	964	2330	2192	2507	2989	3218	418	29.19	1014.47	49.44	131578	AS7341	flash	5	100	999	10	100.0	0.15
2026-07-07T19:55:13.575	364	841	529	964	2330	2192	2506	2988	3218	418	29.2	1014.47	49.43	132306	AS7341	flash	5	100	999	10	100.0	0.15
2026-07-07T19:55:15.598	364	841	529	964	2330	2193	2507	2989	3218	418	29.19	1014.46	49.42	130859	AS7341	flash	5	100	999	10	100.0	0.15
2026-07-07T19:55:17.619	364	840	528	963	2328	2190	2505	2989	3216	418	29.2	1014.47	49.45	131682	AS7341	flash	5	100	999	10	0.0	0.15
2026-07-07T19:55:19.649	365	840	528	962	2325	2187	2507	2997	3217	418	29.24	1014.45	50.07	128648	AS7341	flash	5	100	999	10	0.0	0.15
2026-07-07T19:55:21.568	367	844	536	975	2330	2187	2508	3036	3285	427	29.26	1014.42	51.82	126129	AS7341	flash	5	100	999	10	100.0	0.2
2026-07-07T19:55:23.596	364	841	528	959	2318	2180	2502	2999	3212	418	29.24	1014.43	53.83	123890	AS7341	flash	5	100	999	10	100.0	0.2
2026-07-07T19:55:25.614	364	841	528	958	2316	2178	2500	2996	3210	417	29.23	1014.43	53.94	123798	AS7341	flash	5	100	999	10	100.0	0.2
2026-07-07T19:55:27.648	364	842	528	958	2315	2177	2498	2993	3209	417	29.22	1014.45	53.19	124627	AS7341	flash	5	100	999	10	100.0	0.2
2026-07-07T19:55:29.567	364	842	528	958	2314	2176	2497	2991	3208	417	29.23	1014.46	52.43	125750	AS7341	flash	5	100	999	10	100.0	0.2
2026-07-07T19:55:31.576	364	843	529	959	2315	2176	2496	2990	3208	417	29.23	1014.46	51.78	126893	AS7341	flash	5	100	999	10	100.0	0.2
2026-07-07T19:55:33.600	364	843	529	959	2316	2177	2496	2988	3207	417	29.23	1014.46	51.28	127765	AS7341	flash	5	100	999	10	100.0	0.2
2026-07-07T19:55:35.642	364	843	529	959	2315	2177	2495	2987	3207	417	29.22	1014.46	50.93	127862	AS7341	flash	5	100	999	10	100.0	0.2
2026-07-07T19:55:37.560	364	843	529	959	2316	2177	2495	2985	3207	417	29.23	1014.49	50.67	128058	AS7341	flash	5	100	999	10	100.0	0.2
2026-07-07T19:55:39.585	364	843	529	959	2315	2176	2495	2984	3207	417	29.23	1014.46	50.49	127862	AS7341	flash	5	100	999	10	100.0	0.2
2026-07-07T19:55:41.604	364	844	529	959	2316	2177	2496	2983	3207	417	29.23	1014.49	50.33	129343	AS7341	flash	5	100	999	10	100.0	0.2
2026-07-07T19:55:43.615	364	844	529	959	2317	2178	2496	2985	3207	417	29.23	1014.45	50.26	129243	AS7341	flash	5	100	999	10	100.0	0.2
2026-07-07T19:55:45.659	364	844	529	959	2317	2178	2496	2984	3207	417	29.23	1014.47	50.19	128846	AS7341	flash	5	100	999	10	100.0	0.2
2026-07-07T19:55:47.576	364	844	529	959	2317	2178	2496	2984	3207	417	29.24	1014.46	50.16	129443	AS7341	flash	5	100	999	10	100.0	0.2
2026-07-07T19:55:49.593	364	844	529	960	2318	2179	2497	2984	3209	417	29.23	1014.47	50.11	128846	AS7341	flash	5	100	999	10	100.0	0.2
2026-07-07T19:55:51.607	364	844	529	960	2318	2179	2497	2983	3208	417	29.23	1014.46	50.09	129643	AS7341	flash	5	100	999	10	100.0	0.2
2026-07-07T19:55:53.641	364	844	529	960	2318	2179	2496	2983	3208	417	29.23	1014.48	50.07	129643	AS7341	flash	5	100	999	10	100.0	0.2
2026-07-07T19:55:55.653	364	844	529	960	2318	2179	2496	2983	3207	417	29.24	1014.49	50.06	129844	AS7341	flash	5	100	999	10	100.0	0.2
2026-07-07T19:55:57.565	364	843	529	960	2317	2178	2496	2982	3207	417	29.24	1014.48	50.06	130248	AS7341	flash	5	100	999	10	100.0	0.2
2026-07-07T19:55:59.595	364	844	529	960	2318	2180	2497	2983	3208	417	29.24	1014.5	50.05	129443	AS7341	flash	5	100	999	10	100.0	0.2
2026-07-07T19:56:01.624	364	844	529	960	2319	2180	2498	2984	3209	417	29.24	1014.48	50.04	128846	AS7341	flash	5	100	999	10	100.0	0.2
2026-07-07T19:56:03.663	364	844	529	960	2319	2180	2498	2983	3209	417	29.23	1014.46	50.07	129044	AS7341	flash	5	100	999	10	100.0	0.2
2026-07-07T19:56:05.570	364	843	529	960	2319	2180	2497	2983	3209	417	29.25	1014.47	50.06	130248	AS7341	flash	5	100	999	10	100.0	0.2
2026-07-07T19:56:07.591	364	843	529	960	2319	2180	2497	2984	3209	418	29.24	1014.49	50.05	130046	AS7341	flash	5	100	999	10	100.0	0.2
2026-07-07T19:56:09.610	364	844	529	960	2319	2181	2498	2984	3210	417	29.24	1014.48	50.06	129543	AS7341	flash	5	100	999	10	100.0	0.2
2026-07-07T19:56:11.629	364	843	529	960	2319	2180	2498	2984	3209	418	29.24	1014.47	50.08	128945	AS7341	flash	5	100	999	10	100.0	0.2
2026-07-07T19:56:13.665	364	843	529	960	2320	2181	2498	2984	3209	418	29.24	1014.5	50.09	129343	AS7341	flash	5	100	999	10	100.0	0.2
2026-07-07T19:56:15.580	364	843	529	961	2320	2180	2497	2983	3208	418	29.25	1014.47	50.1	130451	AS7341	flash	5	100	999	10	100.0	0.2
2026-07-07T19:56:17.599	364	843	529	961	2320	2181	2498	2984	3209	418	29.25	1014.49	50.09	129144	AS7341	flash	5	100	999	10	100.0	0.2
2026-07-07T19:56:19.613	364	843	529	961	2321	2182	2500	2985	3212	417	29.24	1014.48	50.09	130248	AS7341	flash	5	100	999	10	100.0	0.2
2026-07-07T19:56:21.629	364	843	529	961	2320	2181	2498	2984	3210	418	29.24	1014.46	50.1	129144	AS7341	flash	5	100	999	10	100.0	0.2
2026-07-07T19:56:23.666	364	843	529	961	2321	2181	2499	2985	3211	418	29.25	1014.49	50.12	129744	AS7341	flash	5	100	999	10	100.0	0.2
2026-07-07T19:56:25.585	364	843	529	961	2321	2181	2499	2984	3210	418	29.26	1014.45	50.1	130248	AS7341	flash	5	100	999	10	100.0	0.2
2026-07-07T19:56:27.605	364	843	529	961	2321	2181	2499	2985	3210	418	29.25	1014.46	50.11	128846	AS7341	flash	5	100	999	10	100.0	0.2
2026-07-07T19:56:29.630	364	843	529	961	2321	2181	2499	2985	3210	418	29.25	1014.47	50.12	129443	AS7341	flash	5	100	999	10	100.0	0.2
2026-07-07T19:56:31.670	364	843	529	961	2321	2181	2499	2985	3210	418	29.25	1014.47	50.14	129643	AS7341	flash	5	100	999	10	100.0	0.2
2026-07-07T19:56:33.573	364	843	529	961	2321	2181	2498	2984	3210	418	29.26	1014.47	50.15	129744	AS7341	flash	5	100	999	10	100.0	0.2
2026-07-07T19:56:35.597	364	843	529	961	2321	2181	2498	2984	3210	418	29.26	1014.51	50.15	130248	AS7341	flash	5	100	999	10	100.0	0.2
2026-07-07T19:56:37.616	364	843	529	961	2322	2182	2499	2985	3210	418	29.25	1014.46	50.17	129643	AS7341	flash	5	100	999	10	100.0	0.2
2026-07-07T19:56:39.636	364	843	529	961	2321	2181	2498	2984	3210	418	29.25	1014.45	50.15	129744	AS7341	flash	5	100	999	10	100.0	0.2
2026-07-07T19:56:41.681	364	843	529	961	2321	2182	2499	2984	3210	418	29.26	1014.48	50.18	129144	AS7341	flash	5	100	999	10	100.0	0.2
2026-07-07T19:56:43.601	364	843	530	961	2321	2182	2499	2985	3211	418	29.26	1014.46	50.16	129945	AS7341	flash	5	100	999	10	100.0	0.2
2026-07-07T19:56:45.634	364	843	530	961	2322	2183	2500	2985	3211	418	29.26	1014.48	50.17	129744	AS7341	flash	5	100	999	10	100.0	0.2
2026-07-07T19:56:47.689	364	843	530	961	2321	2182	2499	2986	3211	418	29.26	1014.47	50.17	129443	AS7341	flash	5	100	999	10	100.0	0.2
2026-07-07T19:56:49.610	364	843	530	961	2321	2182	2498	2985	3210	418	29.27	1014.49	50.17	129844	AS7341	flash	5	100	999	10	100.0	0.2
2026-07-07T19:56:51.629	364	843	530	961	2321	2182	2499	2985	3210	418	29.26	1014.46	50.17	128846	AS7341	flash	5	100	999	10	100.0	0.2
2026-07-07T19:56:53.675	364	843	530	961	2321	2182	2499	2985	3210	418	29.27	1014.5	50.19	129543	AS7341	flash	5	100	999	10	100.0	0.2
2026-07-07T19:56:55.585	364	843	530	961	2321	2182	2498	2985	3210	418	29.28	1014.53	50.19	129443	AS7341	flash	5	100	999	10	100.0	0.2
2026-07-07T19:56:57.605	364	843	529	961	2320	2182	2498	2984	3209	418	29.26	1014.45	50.19	128945	AS7341	flash	5	100	999	10	100.0	0.2
2026-07-07T19:56:59.618	364	844	530	961	2322	2183	2500	2986	3212	418	29.26	1014.46	50.19	129744	AS7341	flash	5	100	999	10	100.0	0.2
2026-07-07T19:57:01.628	364	843	530	961	2321	2182	2499	2985	3211	418	29.27	1014.51	50.21	130655	AS7341	flash	5	100	999	10	100.0	0.2
2026-07-07T19:57:03.652	364	843	530	961	2321	2182	2499	2985	3211	418	29.27	1014.48	50.2	129243	AS7341	flash	5	100	999	10	100.0	0.2
2026-07-07T19:57:05.680	364	843	529	961	2321	2182	2499	2984	3210	418	29.27	1014.46	50.21	128549	AS7341	flash	5	100	999	10	100.0	0.2
2026-07-07T19:57:07.598	364	843	530	961	2321	2182	2499	2985	3210	418	29.28	1014.5	50.21	130147	AS7341	flash	5	100	999	10	100.0	0.2
2026-07-07T19:57:09.630	364	843	530	961	2321	2182	2499	2985	3211	418	29.27	1014.53	50.19	130046	AS7341	flash	5	100	999	10	100.0	0.2
2026-07-07T19:57:11.642	364	843	530	961	2321	2182	2499	2985	3211	418	29.28	1014.51	50.22	128846	AS7341	flash	5	100	999	10	100.0	0.2
2026-07-07T19:57:13.679	364	843	530	961	2321	2182	2499	2985	3210	418	29.28	1014.53	50.21	128450	AS7341	flash	5	100	999	10	100.0	0.2
2026-07-07T19:57:15.587	364	843	530	961	2321	2182	2499	2985	3210	418	29.28	1014.49	50.21	129643	AS7341	flash	5	100	999	10	100.0	0.2
2026-07-07T19:57:17.603	364	844	530	961	2321	2183	2500	2985	3211	418	29.28	1014.5	50.21	129844	AS7341	flash	5	100	999	10	100.0	0.2
2026-07-07T19:57:19.618	364	843	530	961	2321	2182	2499	2985	3210	418	29.28	1014.51	50.23	129844	AS7341	flash	5	100	999	10	100.0	0.2
2026-07-07T19:57:21.634	364	844	530	961	2321	2182	2499	2985	3210	418	29.28	1014.51	50.23	129844	AS7341	flash	5	100	999	10	100.0	0.2
2026-07-07T19:57:23.658	364	844	530	961	2321	2182	2499	2985	3211	418	29.28	1014.51	50.24	129643	AS7341	flash	5	100	999	10	100.0	0.2
2026-07-07T19:57:25.689	364	844	530	961	2322	2183	2500	2986	3212	418	29.28	1014.51	50.23	128648	AS7341	flash	5	100	999	10	100.0	0.2
2026-07-07T19:57:27.599	364	844	530	961	2322	2183	2500	2987	3212	418	29.29	1014.52	50.23	130248	AS7341	flash	5	100	999	10	100.0	0.2
2026-07-07T19:57:29.621	364	844	530	961	2322	2183	2500	2987	3212	418	29.28	1014.48	50.24	129543	AS7341	flash	5	100	999	10	100.0	0.2
2026-07-07T19:57:31.640	364	844	530	961	2322	2183	2500	2987	3212	418	29.29	1014.49	50.25	129044	AS7341	flash	5	100	999	10	100.0	0.2
2026-07-07T19:57:33.678	364	844	530	961	2321	2182	2500	2986	3211	418	29.29	1014.52	50.24	129144	AS7341	flash	5	100	999	10	100.0	0.2
2026-07-07T19:57:35.597	364	844	530	961	2321	2182	2500	2986	3211	418	29.3	1014.54	50.25	128846	AS7341	flash	5	100	999	10	100.0	0.2
2026-07-07T19:57:37.619	364	843	530	960	2320	2182	2498	2985	3209	417	29.29	1014.51	50.23	129443	AS7341	flash	5	100	999	10	100.0	0.2
2026-07-07T19:57:39.640	364	844	530	962	2321	2182	2499	2986	3210	418	29.29	1014.5	50.25	129144	AS7341	flash	5	100	999	10	100.0	0.2
2026-07-07T19:57:41.651	364	844	530	961	2321	2183	2500	2986	3211	418	29.29	1014.49	50.25	129443	AS7341	flash	5	100	999	10	100.0	0.2
2026-07-07T19:57:43.686	364	844	530	962	2321	2183	2499	2986	3211	418	29.29	1014.49	50.25	128846	AS7341	flash	5	100	999	10	100.0	0.2
2026-07-07T19:57:45.590	364	844	530	961	2321	2182	2499	2986	3211	418	29.3	1014.52	50.25	129443	AS7341	flash	5	100	999	10	100.0	0.2
2026-07-07T19:57:47.599	364	844	530	962	2321	2182	2499	2985	3210	418	29.29	1014.5	50.25	128945	AS7341	flash	5	100	999	10	100.0	0.2
2026-07-07T19:57:49.620	364	844	530	962	2321	2182	2499	2986	3211	418	29.3	1014.48	50.25	128549	AS7341	flash	5	100	999	10	100.0	0.2
2026-07-07T19:57:51.653	364	844	530	961	2321	2182	2499	2985	3211	418	29.29	1014.51	50.27	129044	AS7341	flash	5	100	999	10	100.0	0.2
2026-07-07T19:57:53.687	364	844	530	961	2321	2182	2499	2985	3211	418	29.3	1014.5	50.28	129343	AS7341	flash	5	100	999	10	100.0	0.2
2026-07-07T19:57:55.602	364	844	530	961	2320	2182	2499	2985	3211	418	29.31	1014.51	50.26	130147	AS7341	flash	5	100	999	10	100.0	0.2
2026-07-07T19:57:57.612	364	844	530	961	2321	2182	2499	2985	3211	418	29.31	1014.53	50.27	129243	AS7341	flash	5	100	999	10	100.0	0.2
2026-07-07T19:57:59.626	364	844	530	961	2320	2182	2499	2984	3210	417	29.3	1014.52	50.24	128648	AS7341	flash	5	100	999	10	100.0	0.2
2026-07-07T19:58:01.643	364	844	530	961	2320	2181	2498	2985	3210	417	29.3	1014.51	50.26	128846	AS7341	flash	5	100	999	10	100.0	0.2
2026-07-07T19:58:03.682	364	844	530	961	2320	2181	2498	2984	3210	417	29.3	1014.5	50.27	128648	AS7341	flash	5	100	999	10	100.0	0.2
2026-07-07T19:58:05.588	364	844	530	961	2320	2181	2498	2984	3210	417	29.31	1014.51	50.27	128846	AS7341	flash	5	100	999	10	100.0	0.2
2026-07-07T19:58:07.597	364	844	529	961	2320	2182	2499	2985	3210	417	29.3	1014.54	50.27	128945	AS7341	flash	5	100	999	10	100.0	0.2
2026-07-07T19:58:09.626	364	844	530	961	2320	2182	2499	2985	3210	417	29.3	1014.52	50.28	128352	AS7341	flash	5	100	999	10	100.0	0.2
2026-07-07T19:58:11.643	364	844	530	961	2320	2182	2499	2985	3210	417	29.31	1014.5	50.27	128058	AS7341	flash	5	100	999	10	100.0	0.2
2026-07-07T19:58:13.689	364	844	530	961	2320	2181	2499	2986	3211	417	29.31	1014.53	50.28	128846	AS7341	flash	5	100	999	10	100.0	0.2
2026-07-07T19:58:15.604	364	844	530	961	2320	2181	2498	2985	3210	417	29.32	1014.53	50.29	129643	AS7341	flash	5	100	999	10	100.0	0.2
2026-07-07T19:58:17.626	364	844	530	961	2320	2182	2499	2986	3211	417	29.31	1014.52	50.28	128945	AS7341	flash	5	100	999	10	100.0	0.2
2026-07-07T19:58:19.657	364	844	530	961	2320	2181	2499	2985	3211	417	29.31	1014.54	50.29	128254	AS7341	flash	5	100	999	10	100.0	0.2
2026-07-07T19:58:21.692	364	844	530	961	2320	2182	2499	2986	3211	417	29.31	1014.5	50.31	128846	AS7341	flash	5	100	999	10	100.0	0.2
2026-07-07T19:58:23.605	364	844	529	961	2320	2181	2498	2985	3210	417	29.31	1014.48	50.29	128549	AS7341	flash	5	100	999	10	100.0	0.2
2026-07-07T19:58:25.620	364	844	530	961	2319	2181	2498	2984	3210	417	29.31	1014.54	50.3	128450	AS7341	flash	5	100	999	10	100.0	0.2
2026-07-07T19:58:27.634	364	844	530	961	2320	2181	2498	2985	3210	417	29.31	1014.53	50.3	129543	AS7341	flash	5	100	999	10	100.0	0.2
2026-07-07T19:58:29.658	364	844	530	961	2319	2181	2498	2985	3210	417	29.31	1014.54	50.29	128846	AS7341	flash	5	100	999	10	100.0	0.2
2026-07-07T19:58:31.575	364	844	530	961	2320	2181	2498	2985	3210	417	29.32	1014.49	50.3	128648	AS7341	flash	5	100	999	10	100.0	0.2
2026-07-07T19:58:33.595	364	844	530	961	2319	2181	2498	2985	3210	417	29.32	1014.52	50.3	128254	AS7341	flash	5	100	999	10	100.0	0.2
2026-07-07T19:58:35.611	364	844	530	961	2320	2181	2498	2985	3210	417	29.32	1014.54	50.3	128549	AS7341	flash	5	100	999	10	100.0	0.2
2026-07-07T19:58:37.639	364	844	530	961	2320	2181	2498	2985	3209	417	29.32	1014.52	50.31	128058	AS7341	flash	5	100	999	10	100.0	0.2
2026-07-07T19:58:39.674	364	844	530	961	2320	2181	2498	2985	3210	417	29.32	1014.55	50.3	129144	AS7341	flash	5	100	999	10	100.0	0.2
2026-07-07T19:58:41.685	364	844	530	960	2320	2180	2498	2984	3209	417	29.32	1014.53	50.32	129144	AS7341	flash	5	100	999	10	100.0	0.2
2026-07-07T19:58:43.601	364	844	530	960	2319	2180	2497	2984	3210	417	29.33	1014.57	50.32	129243	AS7341	flash	5	100	999	10	100.0	0.2
2026-07-07T19:58:45.617	364	844	530	960	2320	2180	2498	2984	3210	417	29.32	1014.54	50.3	129044	AS7341	flash	5	100	999	10	100.0	0.2
2026-07-07T19:58:47.639	364	844	530	961	2320	2180	2498	2984	3210	417	29.32	1014.53	50.31	128747	AS7341	flash	5	100	999	10	100.0	0.2
2026-07-07T19:58:49.675	364	845	530	961	2321	2181	2499	2985	3211	417	29.32	1014.54	50.31	127765	AS7341	flash	5	100	999	10	100.0	0.2
2026-07-07T19:58:51.688	364	845	530	960	2320	2180	2498	2984	3210	417	29.32	1014.53	50.31	129243	AS7341	flash	5	100	999	10	100.0	0.2
2026-07-07T19:58:53.600	364	845	530	960	2320	2181	2498	2984	3210	417	29.33	1014.52	50.32	128648	AS7341	flash	5	100	999	10	100.0	0.2
2026-07-07T19:58:55.624	364	844	530	961	2321	2181	2498	2985	3211	417	29.33	1014.53	50.33	129343	AS7341	flash	5	100	999	10	100.0	0.2
2026-07-07T19:58:57.654	364	845	530	960	2320	2181	2498	2985	3210	417	29.32	1014.53	50.33	128747	AS7341	flash	5	100	999	10	100.0	0.2
2026-07-07T19:58:59.677	364	846	530	961	2321	2182	2499	2986	3211	417	29.32	1014.56	50.32	128747	AS7341	flash	5	100	999	10	100.0	0.2
2026-07-07T19:59:01.593	364	845	530	961	2320	2180	2497	2983	3209	417	29.33	1014.58	50.31	128747	AS7341	flash	5	100	999	10	100.0	0.2
2026-07-07T19:59:03.621	364	845	530	960	2320	2181	2498	2984	3210	417	29.32	1014.54	50.32	128058	AS7341	flash	5	100	999	10	100.0	0.2
2026-07-07T19:59:05.646	364	845	530	960	2320	2181	2498	2986	3210	417	29.33	1014.53	50.33	127960	AS7341	flash	5	100	999	10	100.0	0.2
2026-07-07T19:59:07.682	364	846	530	961	2320	2181	2499	2986	3210	417	29.33	1014.56	50.32	129243	AS7341	flash	5	100	999	10	100.0	0.2
2026-07-07T19:59:09.689	364	846	530	961	2321	2182	2499	2987	3212	417	29.33	1014.56	50.33	128648	AS7341	flash	5	100	999	10	100.0	0.2
2026-07-07T19:59:11.603	364	845	530	960	2320	2181	2498	2986	3211	417	29.34	1014.56	50.34	129443	AS7341	flash	5	100	999	10	100.0	0.2
2026-07-07T19:59:13.627	364	846	530	961	2320	2181	2498	2986	3211	417	29.33	1014.51	50.33	128254	AS7341	flash	5	100	999	10	100.0	0.2
2026-07-07T19:59:15.652	364	846	530	961	2321	2181	2499	2986	3211	417	29.33	1014.56	50.35	127667	AS7341	flash	5	100	999	10	100.0	0.2
2026-07-07T19:59:17.675	364	845	530	960	2321	2181	2499	2986	3211	417	29.33	1014.56	50.35	128450	AS7341	flash	5	100	999	10	100.0	0.2
2026-07-07T19:59:19.686	364	846	530	961	2321	2181	2499	2986	3212	418	29.34	1014.54	50.34	128846	AS7341	flash	5	100	999	10	100.0	0.2
2026-07-07T19:59:21.600	364	846	530	960	2321	2181	2498	2986	3211	417	29.35	1014.56	50.34	129144	AS7341	flash	5	100	999	10	100.0	0.2
2026-07-07T19:59:23.623	364	846	530	960	2320	2181	2498	2985	3210	417	29.34	1014.54	50.34	128747	AS7341	flash	5	100	999	10	100.0	0.2
2026-07-07T19:59:25.639	364	846	530	961	2321	2181	2498	2986	3211	417	29.34	1014.55	50.35	128450	AS7341	flash	5	100	999	10	100.0	0.2
2026-07-07T19:59:27.660	364	846	530	961	2321	2181	2499	2986	3211	417	29.34	1014.58	50.35	128254	AS7341	flash	5	100	999	10	100.0	0.2
2026-07-07T19:59:29.690	364	846	530	962	2321	2181	2499	2986	3211	417	29.34	1014.58	50.35	127765	AS7341	flash	5	100	999	10	100.0	0.2
2026-07-07T19:59:31.602	364	846	530	961	2321	2181	2499	2986	3211	417	29.35	1014.57	50.35	129945	AS7341	flash	5	100	999	10	100.0	0.2
2026-07-07T19:59:33.617	364	846	530	962	2321	2182	2499	2987	3212	417	29.35	1014.59	50.34	128846	AS7341	flash	5	100	999	10	100.0	0.2
2026-07-07T19:59:35.645	364	846	530	962	2321	2181	2499	2986	3211	417	29.35	1014.56	50.34	128450	AS7341	flash	5	100	999	10	100.0	0.2
2026-07-07T19:59:37.679	364	846	530	962	2321	2181	2499	2986	3211	417	29.35	1014.59	50.34	127862	AS7341	flash	5	100	999	10	100.0	0.2
2026-07-07T19:59:39.599	364	846	530	961	2321	2181	2499	2986	3211	418	29.35	1014.57	50.34	128846	AS7341	flash	5	100	999	10	100.0	0.2
2026-07-07T19:59:41.619	364	846	530	962	2320	2181	2499	2986	3211	418	29.35	1014.55	50.33	128747	AS7341	flash	5	100	999	10	100.0	0.2
2026-07-07T19:59:43.635	364	846	530	961	2320	2180	2498	2985	3210	417	29.35	1014.58	50.33	128450	AS7341	flash	5	100	999	10	100.0	0.2
2026-07-07T19:59:45.661	364	846	530	961	2321	2181	2498	2985	3212	418	29.35	1014.61	50.32	128450	AS7341	flash	5	100	999	10	100.0	0.2
2026-07-07T19:59:47.682	364	846	530	961	2320	2181	2498	2985	3211	417	29.35	1014.55	50.34	129044	AS7341	flash	5	100	999	10	100.0	0.2
2026-07-07T19:59:49.690	364	846	530	961	2321	2181	2499	2986	3212	418	29.35	1014.56	50.34	128254	AS7341	flash	5	100	999	10	100.0	0.2
2026-07-07T19:59:51.606	364	846	530	961	2320	2180	2498	2984	3211	418	29.36	1014.59	50.34	128747	AS7341	flash	5	100	999	10	100.0	0.2
2026-07-07T19:59:53.633	364	846	530	961	2321	2181	2499	2986	3211	418	29.35	1014.58	50.32	128648	AS7341	flash	5	100	999	10	100.0	0.2
2026-07-07T19:59:55.654	364	846	530	961	2320	2181	2498	2985	3211	418	29.35	1014.58	50.33	127765	AS7341	flash	5	100	999	10	100.0	0.2
2026-07-07T19:59:57.680	364	846	530	962	2321	2181	2499	2986	3211	418	29.35	1014.58	50.32	128747	AS7341	flash	5	100	999	10	100.0	0.2
2026-07-07T19:59:59.691	364	846	530	961	2320	2180	2499	2985	3210	418	29.36	1014.57	50.33	128254	AS7341	flash	5	100	999	10	100.0	0.2
2026-07-07T20:00:01.603	364	846	530	961	2320	2180	2498	2984	3210	418	29.37	1014.56	50.33	128846	AS7341	flash	5	100	999	10	100.0	0.2
2026-07-07T20:00:03.624	364	846	530	961	2320	2180	2499	2984	3210	418	29.36	1014.59	50.33	128450	AS7341	flash	5	100	999	10	100.0	0.2
2026-07-07T20:00:05.673	364	847	530	962	2321	2181	2499	2986	3211	418	29.36	1014.56	50.33	128254	AS7341	flash	5	100	999	10	100.0	0.2
2026-07-07T20:00:07.685	364	847	530	962	2321	2181	2500	2985	3211	418	29.36	1014.57	50.33	128058	AS7341	flash	5	100	999	10	100.0	0.2
2026-07-07T20:00:09.593	364	847	530	961	2320	2181	2499	2986	3211	418	29.37	1014.56	50.33	128846	AS7341	flash	5	100	999	10	100.0	0.2
2026-07-07T20:00:11.615	364	847	530	962	2320	2181	2499	2986	3211	418	29.37	1014.57	50.32	128648	AS7341	flash	5	100	999	10	100.0	0.2
2026-07-07T20:00:13.626	364	846	530	961	2320	2181	2499	2986	3210	418	29.36	1014.58	50.33	128254	AS7341	flash	5	100	999	10	100.0	0.2
2026-07-07T20:00:15.645	364	846	530	961	2320	2180	2499	2985	3210	418	29.37	1014.58	50.31	127473	AS7341	flash	5	100	999	10	100.0	0.2
2026-07-07T20:00:17.682	364	846	530	961	2319	2180	2499	2985	3210	418	29.37	1014.58	50.33	128254	AS7341	flash	5	100	999	10	100.0	0.2
2026-07-07T20:00:19.607	364	846	530	961	2320	2180	2498	2985	3210	418	29.38	1014.6	50.32	127570	AS7341	flash	5	100	999	10	100.0	0.2
2026-07-07T20:00:21.637	364	846	530	961	2320	2181	2499	2986	3211	418	29.37	1014.58	50.33	128352	AS7341	flash	5	100	999	10	100.0	0.2
2026-07-07T20:00:23.675	364	847	530	961	2320	2181	2500	2986	3212	418	29.38	1014.58	50.33	129243	AS7341	flash	5	100	999	10	100.0	0.2
2026-07-07T20:00:25.685	364	847	530	961	2320	2180	2499	2985	3211	418	29.37	1014.56	50.33	128254	AS7341	flash	5	100	999	10	100.0	0.2
2026-07-07T20:00:27.595	364	846	530	961	2319	2180	2498	2984	3210	418	29.39	1014.56	50.32	128747	AS7341	flash	5	100	999	10	100.0	0.2
2026-07-07T20:00:29.617	364	847	530	961	2320	2180	2499	2985	3211	418	29.38	1014.58	50.32	129343	AS7341	flash	5	100	999	10	100.0	0.2
2026-07-07T20:00:31.638	364	847	530	961	2319	2180	2498	2985	3210	418	29.38	1014.56	50.33	128352	AS7341	flash	5	100	999	10	100.0	0.2
2026-07-07T20:00:33.649	364	847	530	961	2320	2181	2500	2986	3212	418	29.38	1014.58	50.34	128254	AS7341	flash	5	100	999	10	100.0	0.2
2026-07-07T20:00:35.686	364	847	530	961	2320	2181	2499	2985	3211	418	29.38	1014.58	50.32	128058	AS7341	flash	5	100	999	10	100.0	0.2
2026-07-07T20:00:37.698	364	847	530	961	2320	2181	2500	2986	3211	418	29.39	1014.59	50.33	127667	AS7341	flash	5	100	999	10	100.0	0.2
2026-07-07T20:00:39.620	364	846	530	961	2319	2180	2498	2984	3209	418	29.4	1014.59	50.32	128254	AS7341	flash	5	100	999	10	100.0	0.2
2026-07-07T20:00:41.647	364	847	530	961	2320	2180	2499	2985	3210	418	29.39	1014.61	50.32	127667	AS7341	flash	5	100	999	10	100.0	0.2
2026-07-07T20:00:43.688	364	847	530	961	2319	2180	2499	2985	3210	418	29.39	1014.58	50.32	128747	AS7341	flash	5	100	999	10	100.0	0.2
2026-07-07T20:00:45.704	364	847	531	961	2320	2181	2499	2986	3211	418	29.39	1014.57	50.33	127667	AS7341	flash	5	100	999	10	100.0	0.2
2026-07-07T20:00:47.619	364	846	530	960	2318	2179	2497	2983	3208	418	29.4	1014.62	50.31	128254	AS7341	flash	5	100	999	10	100.0	0.2
2026-07-07T20:00:49.642	364	847	530	961	2319	2179	2498	2984	3210	418	29.39	1014.61	50.32	128058	AS7341	flash	5	100	999	10	100.0	0.2
2026-07-07T20:00:51.683	364	847	531	961	2319	2180	2499	2985	3210	418	29.39	1014.58	50.32	128058	AS7341	flash	5	100	999	10	100.0	0.2
2026-07-07T20:00:53.597	364	846	531	960	2318	2179	2497	2983	3208	418	29.39	1014.57	50.32	128648	AS7341	flash	5	100	999	10	100.0	0.2
2026-07-07T20:00:55.609	364	847	530	961	2319	2180	2498	2984	3209	418	29.4	1014.57	50.33	127667	AS7341	flash	5	100	999	10	100.0	0.2
2026-07-07T20:00:57.618	364	847	530	961	2319	2180	2499	2984	3210	418	29.39	1014.6	50.32	128648	AS7341	flash	5	100	999	10	100.0	0.2
2026-07-07T20:00:59.631	364	847	530	961	2320	2180	2499	2984	3211	418	29.39	1014.57	50.33	127960	AS7341	flash	5	100	999	10	100.0	0.2
2026-07-07T20:01:01.649	364	847	531	961	2319	2180	2498	2984	3211	418	29.4	1014.6	50.32	127960	AS7341	flash	5	100	999	10	100.0	0.2
2026-07-07T20:01:03.686	364	847	530	961	2320	2180	2499	2985	3211	418	29.4	1014.58	50.32	128254	AS7341	flash	5	100	999	10	100.0	0.2
2026-07-07T20:01:05.605	364	847	531	961	2319	2180	2498	2984	3210	418	29.4	1014.59	50.31	128648	AS7341	flash	5	100	999	10	100.0	0.2
2026-07-07T20:01:07.635	364	847	531	961	2319	2179	2498	2984	3210	418	29.4	1014.59	50.32	127960	AS7341	flash	5	100	999	10	100.0	0.2
2026-07-07T20:01:09.650	364	847	530	961	2318	2179	2498	2983	3209	418	29.4	1014.61	50.33	127862	AS7341	flash	5	100	999	10	100.0	0.2
2026-07-07T20:01:11.687	364	847	531	961	2319	2180	2498	2984	3210	418	29.4	1014.58	50.33	127862	AS7341	flash	5	100	999	10	100.0	0.2
2026-07-07T20:01:13.701	364	847	531	961	2319	2180	2499	2984	3210	418	29.4	1014.58	50.34	127086	AS7341	flash	5	100	999	10	100.0	0.2
2026-07-07T20:01:15.607	364	847	531	960	2319	2179	2498	2984	3210	418	29.42	1014.61	50.32	128352	AS7341	flash	5	100	999	10	100.0	0.2
2026-07-07T20:01:17.638	364	847	531	961	2319	2179	2498	2984	3210	418	29.41	1014.57	50.32	128648	AS7341	flash	5	100	999	10	100.0	0.2
2026-07-07T20:01:19.656	364	847	531	961	2319	2179	2498	2985	3210	418	29.4	1014.61	50.32	127570	AS7341	flash	5	100	999	10	100.0	0.2
2026-07-07T20:01:21.672	364	847	531	961	2319	2180	2499	2985	3210	418	29.41	1014.57	50.34	127765	AS7341	flash	5	100	999	10	100.0	0.2
2026-07-07T20:01:23.697	364	847	531	961	2320	2180	2499	2985	3211	418	29.41	1014.56	50.33	128747	AS7341	flash	5	100	999	10	100.0	0.2
2026-07-07T20:01:25.617	364	847	531	961	2319	2180	2498	2985	3210	418	29.42	1014.59	50.33	128450	AS7341	flash	5	100	999	10	100.0	0.2
2026-07-07T20:01:27.634	364	847	531	961	2319	2180	2499	2985	3210	418	29.41	1014.61	50.33	128352	AS7341	flash	5	100	999	10	100.0	0.2
2026-07-07T20:01:29.660	364	847	531	960	2319	2180	2499	2985	3210	418	29.41	1014.59	50.33	127765	AS7341	flash	5	100	999	10	100.0	0.2
2026-07-07T20:01:31.672	364	847	531	960	2319	2180	2498	2985	3210	418	29.41	1014.57	50.33	127667	AS7341	flash	5	100	999	10	100.0	0.2
2026-07-07T20:01:33.694	365	847	531	961	2320	2179	2498	2984	3209	418	29.42	1014.57	50.33	127667	AS7341	flash	5	100	999	10	100.0	0.2
2026-07-07T20:01:35.616	364	847	531	960	2319	2179	2498	2984	3209	418	29.42	1014.6	50.33	128352	AS7341	flash	5	100	999	10	100.0	0.2
2026-07-07T20:01:37.638	364	847	531	960	2320	2179	2498	2984	3210	418	29.42	1014.57	50.33	127667	AS7341	flash	5	100	999	10	100.0	0.2
2026-07-07T20:01:39.654	364	847	531	960	2320	2179	2498	2985	3211	418	29.41	1014.59	50.34	127279	AS7341	flash	5	100	999	10	100.0	0.2
2026-07-07T20:01:41.670	364	847	531	960	2320	2179	2498	2984	3210	418	29.41	1014.54	50.32	127473	AS7341	flash	5	100	999	10	100.0	0.2
2026-07-07T20:01:43.693	365	847	531	960	2320	2179	2498	2984	3210	418	29.41	1014.56	50.33	128549	AS7341	flash	5	100	999	10	100.0	0.2
2026-07-07T20:01:45.611	364	847	531	960	2320	2179	2498	2984	3210	418	29.42	1014.52	50.34	129044	AS7341	flash	5	100	999	10	100.0	0.2
2026-07-07T20:01:47.640	364	847	531	960	2320	2179	2498	2984	3210	418	29.42	1014.59	50.33	128156	AS7341	flash	5	100	999	10	100.0	0.2
2026-07-07T20:01:49.656	365	847	531	960	2320	2180	2498	2985	3210	418	29.41	1014.57	50.34	128058	AS7341	flash	5	100	999	10	100.0	0.2
2026-07-07T20:01:51.677	364	847	531	961	2319	2179	2498	2984	3210	418	29.42	1014.58	50.35	126701	AS7341	flash	5	100	999	10	100.0	0.2
2026-07-07T20:01:53.706	364	847	531	960	2320	2180	2499	2986	3211	418	29.42	1014.6	50.34	127667	AS7341	flash	5	100	999	10	100.0	0.2
2026-07-07T20:01:55.626	365	847	531	960	2319	2178	2498	2983	3209	417	29.44	1014.57	50.35	128352	AS7341	flash	5	100	999	10	100.0	0.2
2026-07-07T20:01:57.656	364	847	531	960	2320	2179	2498	2984	3210	418	29.42	1014.55	50.35	128058	AS7341	flash	5	100	999	10	100.0	0.2
2026-07-07T20:01:59.675	365	847	531	960	2320	2179	2499	2985	3210	418	29.43	1014.59	50.34	127862	AS7341	flash	5	100	999	10	100.0	0.2
2026-07-07T20:02:01.690	365	847	531	961	2320	2180	2499	2985	3210	418	29.42	1014.61	50.36	126797	AS7341	flash	5	100	999	10	100.0	0.2
2026-07-07T20:02:03.708	365	847	531	961	2320	2179	2498	2985	3210	418	29.43	1014.6	50.35	127960	AS7341	flash	5	100	999	10	100.0	0.2
2026-07-07T20:02:05.624	365	847	531	961	2319	2179	2498	2984	3209	418	29.44	1014.58	50.36	128254	AS7341	flash	5	100	999	10	100.0	0.2
2026-07-07T20:02:07.649	365	847	531	961	2320	2180	2498	2984	3210	418	29.43	1014.55	50.35	127862	AS7341	flash	5	100	999	10	100.0	0.2
2026-07-07T20:02:09.664	365	848	531	961	2320	2181	2499	2985	3210	418	29.43	1014.58	50.36	127862	AS7341	flash	5	100	999	10	100.0	0.2
2026-07-07T20:02:11.689	365	847	531	961	2320	2180	2499	2985	3210	418	29.43	1014.55	50.35	127667	AS7341	flash	5	100	999	10	100.0	0.2
2026-07-07T20:02:13.740	365	848	531	962	2321	2180	2499	2986	3211	418	29.43	1014.6	50.35	127279	AS7341	flash	5	100	999	10	100.0	0.2
2026-07-07T20:02:15.657	365	848	531	961	2320	2180	2498	2984	3209	418	29.44	1014.56	50.36	127667	AS7341	flash	5	100	999	10	100.0	0.2
2026-07-07T20:02:17.670	365	848	531	962	2320	2181	2499	2985	3210	418	29.44	1014.61	50.35	127570	AS7341	flash	5	100	999	10	100.0	0.2
2026-07-07T20:02:19.688	364	847	531	961	2319	2179	2497	2983	3210	418	29.43	1014.54	50.34	127667	AS7341	flash	5	100	999	10	100.0	0.2
2026-07-07T20:02:21.734	365	848	531	961	2319	2180	2498	2984	3210	418	29.43	1014.57	50.35	127667	AS7341	flash	5	100	999	10	100.0	0.2
2026-07-07T20:02:23.654	365	847	531	961	2319	2180	2498	2984	3210	418	29.44	1014.58	50.34	127960	AS7341	flash	5	100	999	10	100.0	0.2
2026-07-07T20:02:25.664	365	848	531	961	2320	2181	2499	2985	3211	418	29.43	1014.54	50.35	127667	AS7341	flash	5	100	999	10	100.0	0.2
2026-07-07T20:02:27.686	364	848	531	961	2320	2180	2498	2984	3210	418	29.44	1014.6	50.35	127473	AS7341	flash	5	100	999	10	100.0	0.2
2026-07-07T20:02:29.710	365	848	531	961	2320	2180	2499	2985	3211	418	29.44	1014.56	50.37	127473	AS7341	flash	5	100	999	10	100.0	0.2
2026-07-07T20:02:31.630	365	847	531	961	2319	2179	2497	2983	3209	418	29.44	1014.54	50.36	127862	AS7341	flash	5	100	999	10	100.0	0.2
2026-07-07T20:02:33.647	365	847	531	961	2319	2179	2497	2983	3209	418	29.44	1014.54	50.36	127570	AS7341	flash	5	100	999	10	100.0	0.2
2026-07-07T20:02:35.661	365	847	531	961	2319	2179	2498	2984	3209	418	29.44	1014.58	50.37	127667	AS7341	flash	5	100	999	10	100.0	0.2
2026-07-07T20:02:37.685	365	848	531	961	2319	2180	2498	2985	3210	418	29.44	1014.57	50.39	127279	AS7341	flash	5	100	999	10	100.0	0.2
2026-07-07T20:02:39.709	365	848	531	961	2319	2180	2498	2985	3210	418	29.44	1014.6	50.38	127279	AS7341	flash	5	100	999	10	100.0	0.2
2026-07-07T20:02:41.631	365	848	531	961	2319	2179	2497	2983	3209	417	29.45	1014.6	50.39	127862	AS7341	flash	5	100	999	10	100.0	0.2
2026-07-07T20:02:43.653	365	848	531	961	2319	2180	2498	2985	3210	418	29.45	1014.6	50.38	128648	AS7341	flash	5	100	999	10	100.0	0.2
2026-07-07T20:02:45.666	365	848	531	961	2319	2179	2498	2984	3209	418	29.45	1014.56	50.38	126893	AS7341	flash	5	100	999	10	100.0	0.2
2026-07-07T20:02:47.688	365	848	531	961	2319	2180	2498	2985	3210	418	29.44	1014.6	50.39	127376	AS7341	flash	5	100	999	10	100.0	0.2
2026-07-07T20:02:49.736	365	848	531	961	2319	2180	2498	2985	3210	418	29.44	1014.54	50.39	127376	AS7341	flash	5	100	999	10	100.0	0.2
2026-07-07T20:02:51.656	365	848	531	961	2319	2179	2498	2984	3209	418	29.45	1014.57	50.38	127279	AS7341	flash	5	100	999	10	100.0	0.2
2026-07-07T20:02:53.688	365	848	531	961	2319	2180	2498	2985	3210	418	29.44	1014.56	50.38	127667	AS7341	flash	5	100	999	10	100.0	0.2
2026-07-07T20:02:55.734	365	848	531	961	2319	2179	2498	2984	3209	418	29.44	1014.56	50.38	127086	AS7341	flash	5	100	999	10	100.0	0.2
2026-07-07T20:02:57.642	365	847	531	961	2318	2179	2497	2984	3209	417	29.46	1014.58	50.4	127960	AS7341	flash	5	100	999	10	100.0	0.2
2026-07-07T20:02:59.657	365	848	531	961	2319	2179	2498	2984	3209	418	29.45	1014.6	50.38	127765	AS7341	flash	5	100	999	10	100.0	0.2
2026-07-07T20:03:01.683	365	848	531	961	2319	2179	2497	2984	3209	417	29.45	1014.55	50.39	127473	AS7341	flash	5	100	999	10	100.0	0.2
2026-07-07T20:03:03.725	365	848	531	961	2319	2180	2498	2984	3210	418	29.45	1014.61	50.4	127376	AS7341	flash	5	100	999	10	100.0	0.2
2026-07-07T20:03:05.636	365	848	531	961	2318	2179	2497	2984	3209	418	29.46	1014.56	50.4	128058	AS7341	flash	5	100	999	10	100.0	0.2
2026-07-07T20:03:07.653	365	848	531	961	2319	2180	2498	2985	3209	418	29.46	1014.62	50.4	127862	AS7341	flash	5	100	999	10	100.0	0.2
2026-07-07T20:03:09.675	365	848	531	961	2319	2180	2498	2985	3210	418	29.45	1014.61	50.38	127473	AS7341	flash	5	100	999	10	100.0	0.2
2026-07-07T20:03:11.698	365	848	531	961	2319	2180	2498	2985	3210	418	29.46	1014.59	50.39	128058	AS7341	flash	5	100	999	10	100.0	0.2
2026-07-07T20:03:13.728	365	848	532	961	2319	2180	2498	2985	3210	418	29.45	1014.52	50.4	127473	AS7341	flash	5	100	999	10	100.0	0.2
2026-07-07T20:03:15.635	365	848	531	961	2319	2179	2498	2984	3210	418	29.46	1014.6	50.39	127279	AS7341	flash	5	100	999	10	100.0	0.2
2026-07-07T20:03:17.658	365	848	531	961	2319	2180	2498	2985	3211	418	29.46	1014.55	50.4	127376	AS7341	flash	5	100	999	10	100.0	0.2
2026-07-07T20:03:19.680	365	848	531	961	2320	2180	2499	2986	3211	418	29.46	1014.57	50.39	127376	AS7341	flash	5	100	999	10	100.0	0.2
2026-07-07T20:03:21.698	365	848	531	961	2319	2180	2498	2984	3210	417	29.46	1014.54	50.4	127279	AS7341	flash	5	100	999	10	100.0	0.2
2026-07-07T20:03:23.735	365	848	531	961	2319	2180	2499	2985	3211	418	29.46	1014.61	50.4	127862	AS7341	flash	5	100	999	10	100.0	0.2
2026-07-07T20:03:25.647	365	848	531	961	2320	2180	2499	2985	3211	418	29.47	1014.56	50.4	128058	AS7341	flash	5	100	999	10	100.0	0.2
2026-07-07T20:03:27.675	365	848	532	961	2320	2180	2499	2985	3211	418	29.46	1014.56	50.39	127667	AS7341	flash	5	100	999	10	100.0	0.2
2026-07-07T20:03:29.700	365	848	532	961	2320	2180	2499	2985	3211	418	29.46	1014.56	50.41	127086	AS7341	flash	5	100	999	10	100.0	0.2
2026-07-07T20:03:31.620	365	848	531	961	2319	2180	2498	2985	3210	418	29.47	1014.56	50.39	127960	AS7341	flash	5	100	999	10	100.0	0.2
2026-07-07T20:03:33.634	365	848	531	961	2319	2180	2497	2984	3210	417	29.47	1014.62	50.39	127473	AS7341	flash	5	100	999	10	100.0	0.2
2026-07-07T20:03:35.657	365	848	532	961	2319	2180	2498	2985	3210	418	29.47	1014.54	50.4	127667	AS7341	flash	5	100	999	10	100.0	0.2
2026-07-07T20:03:37.669	365	848	532	961	2319	2180	2498	2985	3210	418	29.47	1014.59	50.38	127183	AS7341	flash	5	100	999	10	100.0	0.2
2026-07-07T20:03:39.686	365	848	531	961	2320	2180	2499	2985	3211	418	29.47	1014.6	50.39	126893	AS7341	flash	5	100	999	10	100.0	0.2
2026-07-07T20:03:41.707	365	849	532	961	2320	2180	2499	2985	3211	418	29.47	1014.53	50.4	127086	AS7341	flash	5	100	999	10	100.0	0.2
2026-07-07T20:03:43.621	365	848	531	961	2319	2180	2499	2984	3210	418	29.48	1014.64	50.41	128450	AS7341	flash	5	100	999	10	100.0	0.2
2026-07-07T20:03:45.643	365	849	532	961	2320	2180	2499	2985	3210	418	29.47	1014.56	50.4	127570	AS7341	flash	5	100	999	10	100.0	0.2
2026-07-07T20:03:47.659	365	848	531	961	2320	2180	2499	2985	3211	418	29.47	1014.55	50.4	127279	AS7341	flash	5	100	999	10	100.0	0.2
2026-07-07T20:03:49.689	365	849	532	961	2320	2181	2499	2986	3211	418	29.48	1014.61	50.41	127279	AS7341	flash	5	100	999	10	100.0	0.2
2026-07-07T20:03:51.730	365	849	531	961	2320	2180	2499	2985	3210	418	29.47	1014.56	50.4	126319	AS7341	flash	5	100	999	10	100.0	0.2
2026-07-07T20:03:53.636	365	848	532	961	2319	2180	2498	2984	3210	418	29.48	1014.59	50.39	128549	AS7341	flash	5	100	999	10	100.0	0.2
2026-07-07T20:03:55.662	365	848	532	961	2319	2180	2498	2984	3210	418	29.48	1014.58	50.39	127473	AS7341	flash	5	100	999	10	100.0	0.2
2026-07-07T20:03:57.679	365	849	532	961	2320	2180	2499	2985	3211	418	29.48	1014.57	50.4	127183	AS7341	flash	5	100	999	10	100.0	0.2
2026-07-07T20:03:59.691	365	848	532	961	2318	2179	2498	2983	3209	417	29.48	1014.57	50.4	127473	AS7341	flash	5	100	999	10	100.0	0.2
2026-07-07T20:04:01.733	365	848	531	961	2319	2179	2498	2984	3209	417	29.48	1014.54	50.4	128254	AS7341	flash	5	100	999	10	100.0	0.2
2026-07-07T20:04:03.650	365	848	532	961	2318	2179	2497	2983	3209	417	29.48	1014.58	50.39	127376	AS7341	flash	5	100	999	10	100.0	0.2
2026-07-07T20:04:05.685	365	848	532	961	2319	2179	2498	2984	3209	418	29.47	1014.55	50.4	127279	AS7341	flash	5	100	999	10	100.0	0.2
2026-07-07T20:04:07.696	365	848	532	961	2319	2180	2498	2984	3209	417	29.48	1014.54	50.41	126224	AS7341	flash	5	100	999	10	100.0	0.2
2026-07-07T20:04:09.735	365	848	531	961	2319	2180	2498	2984	3210	417	29.48	1014.56	50.42	127183	AS7341	flash	5	100	999	10	100.0	0.2
2026-07-07T20:04:11.654	365	848	532	961	2319	2180	2498	2984	3209	417	29.49	1014.57	50.42	127862	AS7341	flash	5	100	999	10	100.0	0.2
2026-07-07T20:04:13.670	365	849	532	961	2319	2180	2498	2984	3210	417	29.48	1014.57	50.43	127376	AS7341	flash	5	100	999	10	100.0	0.2
2026-07-07T20:04:15.685	365	849	532	961	2319	2180	2498	2984	3210	418	29.48	1014.55	50.43	127183	AS7341	flash	5	100	999	10	100.0	0.2
2026-07-07T20:04:17.706	365	849	531	961	2319	2180	2498	2985	3211	417	29.48	1014.59	50.44	127376	AS7341	flash	5	100	999	10	100.0	0.2
2026-07-07T20:04:19.627	365	848	532	961	2319	2180	2498	2985	3211	418	29.49	1014.56	50.45	127667	AS7341	flash	5	100	999	10	100.0	0.2
2026-07-07T20:04:21.653	365	848	531	961	2319	2179	2498	2985	3210	417	29.48	1014.56	50.45	126606	AS7341	flash	5	100	999	10	100.0	0.2
2026-07-07T20:04:23.671	365	848	531	960	2319	2179	2498	2985	3210	417	29.48	1014.55	50.45	126990	AS7341	flash	5	100	999	10	100.0	0.2
2026-07-07T20:04:25.698	365	848	531	961	2318	2179	2498	2985	3210	417	29.49	1014.55	50.48	127570	AS7341	flash	5	100	999	10	100.0	0.2
2026-07-07T20:04:27.709	365	849	532	961	2318	2179	2498	2985	3210	417	29.48	1014.57	50.46	126893	AS7341	flash	5	100	999	10	100.0	0.2
2026-07-07T20:04:29.627	365	848	531	961	2319	2180	2499	2986	3211	418	29.5	1014.58	50.46	127279	AS7341	flash	5	100	999	10	100.0	0.2
2026-07-07T20:04:31.643	365	849	532	961	2320	2180	2499	2986	3211	417	29.49	1014.57	50.48	128058	AS7341	flash	5	100	999	10	100.0	0.2
2026-07-07T20:04:33.666	365	849	531	961	2319	2180	2499	2986	3211	418	29.48	1014.56	50.48	126893	AS7341	flash	5	100	999	10	100.0	0.2
2026-07-07T20:04:35.692	366	849	532	961	2319	2180	2499	2986	3211	417	29.49	1014.57	50.49	126701	AS7341	flash	5	100	999	10	100.0	0.2
2026-07-07T20:04:37.735	365	849	532	961	2318	2179	2498	2985	3210	417	29.49	1014.55	50.49	126415	AS7341	flash	5	100	999	10	100.0	0.2
2026-07-07T20:04:39.638	365	849	532	960	2318	2179	2497	2985	3209	417	29.5	1014.57	50.5	126893	AS7341	flash	5	100	999	10	100.0	0.2
2026-07-07T20:04:41.667	365	849	532	961	2319	2180	2499	2986	3211	418	29.49	1014.55	50.48	127183	AS7341	flash	5	100	999	10	100.0	0.2
2026-07-07T20:04:43.678	365	849	532	961	2318	2179	2498	2985	3210	417	29.49	1014.55	50.48	126701	AS7341	flash	5	100	999	10	100.0	0.2
2026-07-07T20:04:45.704	365	849	532	961	2319	2179	2499	2986	3210	418	29.49	1014.54	50.5	126797	AS7341	flash	5	100	999	10	100.0	0.2
2026-07-07T20:04:47.610	365	849	532	960	2318	2178	2497	2984	3209	417	29.5	1014.57	50.5	127376	AS7341	flash	5	100	999	10	100.0	0.2
2026-07-07T20:04:49.629	365	849	532	961	2319	2179	2498	2985	3210	417	29.49	1014.55	50.51	127279	AS7341	flash	5	100	999	10	100.0	0.2
2026-07-07T20:04:51.652	365	849	532	961	2319	2179	2498	2986	3210	418	29.5	1014.55	50.48	126893	AS7341	flash	5	100	999	10	100.0	0.2
2026-07-07T20:04:53.674	365	849	532	960	2319	2179	2498	2985	3210	418	29.5	1014.54	50.5	126510	AS7341	flash	5	100	999	10	100.0	0.2
2026-07-07T20:04:55.709	365	849	532	961	2318	2179	2498	2985	3210	417	29.49	1014.59	50.5	126893	AS7341	flash	5	100	999	10	100.0	0.2
2026-07-07T20:04:57.634	365	849	532	960	2318	2178	2497	2984	3209	417	29.51	1014.57	50.5	127473	AS7341	flash	5	100	999	10	100.0	0.2
2026-07-07T20:04:59.649	365	849	532	960	2318	2179	2498	2985	3209	417	29.5	1014.54	50.49	127086	AS7341	flash	5	100	999	10	100.0	0.2
2026-07-07T20:05:01.674	365	849	532	961	2319	2179	2498	2985	3210	417	29.5	1014.6	50.51	126701	AS7341	flash	5	100	999	10	100.0	0.2
2026-07-07T20:05:03.686	365	849	532	960	2318	2179	2497	2984	3209	417	29.5	1014.57	50.5	126797	AS7341	flash	5	100	999	10	100.0	0.2
2026-07-07T20:05:05.701	365	849	532	961	2319	2179	2498	2985	3210	417	29.51	1014.54	50.5	126701	AS7341	flash	5	100	999	10	100.0	0.2
2026-07-07T20:05:07.741	365	849	532	960	2318	2179	2498	2985	3211	417	29.5	1014.54	50.5	126701	AS7341	flash	5	100	999	10	100.0	0.2
2026-07-07T20:05:09.647	365	849	532	961	2319	2179	2498	2985	3210	417	29.51	1014.57	50.51	127183	AS7341	flash	5	100	999	10	100.0	0.2
2026-07-07T20:05:11.667	365	849	532	961	2318	2179	2498	2985	3210	417	29.5	1014.57	50.5	126701	AS7341	flash	5	100	999	10	100.0	0.2
2026-07-07T20:05:13.682	365	849	532	960	2319	2179	2498	2985	3211	417	29.5	1014.57	50.52	126224	AS7341	flash	5	100	999	10	100.0	0.2
2026-07-07T20:05:15.702	366	849	532	961	2319	2179	2498	2985	3211	417	29.5	1014.56	50.51	126701	AS7341	flash	5	100	999	10	100.0	0.2
2026-07-07T20:05:17.715	365	849	532	960	2318	2179	2498	2985	3210	417	29.5	1014.58	50.52	126893	AS7341	flash	5	100	999	10	100.0	0.2
2026-07-07T20:05:19.743	365	849	532	961	2318	2179	2498	2985	3210	417	29.51	1014.56	50.53	127473	AS7341	flash	5	100	999	10	100.0	0.2
2026-07-07T20:05:21.649	365	849	532	960	2318	2179	2497	2984	3210	417	29.51	1014.57	50.52	127279	AS7341	flash	5	100	999	10	100.0	0.2
2026-07-07T20:05:23.670	365	849	532	960	2318	2179	2497	2985	3210	417	29.5	1014.56	50.52	127279	AS7341	flash	5	100	999	10	100.0	0.2
2026-07-07T20:05:25.694	365	849	532	961	2319	2179	2499	2986	3211	418	29.5	1014.58	50.52	127473	AS7341	flash	5	100	999	10	100.0	0.2
2026-07-07T20:05:27.717	365	849	532	960	2318	2179	2498	2985	3211	417	29.5	1014.58	50.52	126797	AS7341	flash	5	100	999	10	100.0	0.2
2026-07-07T20:05:29.742	365	850	532	961	2318	2179	2498	2985	3211	417	29.51	1014.57	50.53	126319	AS7341	flash	5	100	999	10	100.0	0.2
2026-07-07T20:05:31.646	365	849	532	961	2319	2179	2498	2984	3210	417	29.51	1014.57	50.52	127473	AS7341	flash	5	100	999	10	100.0	0.2
2026-07-07T20:05:33.666	365	849	532	961	2318	2178	2497	2984	3209	417	29.5	1014.58	50.53	126893	AS7341	flash	5	100	999	10	100.0	0.2
2026-07-07T20:05:35.682	365	849	532	960	2318	2178	2497	2984	3209	417	29.5	1014.57	50.53	126893	AS7341	flash	5	100	999	10	100.0	0.2
2026-07-07T20:05:37.698	365	849	532	961	2318	2179	2498	2985	3210	417	29.49	1014.52	50.53	126606	AS7341	flash	5	100	999	10	100.0	0.2
2026-07-07T20:05:39.717	365	850	532	962	2319	2180	2499	2986	3211	417	29.5	1014.54	50.54	126510	AS7341	flash	5	100	999	10	100.0	0.2
2026-07-07T20:05:41.632	365	849	532	961	2318	2178	2497	2984	3209	417	29.51	1014.52	50.53	126129	AS7341	flash	5	100	999	10	100.0	0.2
2026-07-07T20:05:43.650	365	850	532	961	2320	2179	2499	2986	3211	417	29.5	1014.55	50.52	127862	AS7341	flash	5	100	999	10	100.0	0.2
2026-07-07T20:05:45.681	365	849	532	961	2318	2179	2498	2985	3210	417	29.5	1014.52	50.53	126893	AS7341	flash	5	100	999	10	100.0	0.2
2026-07-07T20:05:47.705	365	849	532	961	2318	2179	2498	2985	3210	417	29.5	1014.57	50.54	127570	AS7341	flash	5	100	999	10	100.0	0.2
2026-07-07T20:05:49.725	365	849	532	961	2318	2179	2498	2985	3210	417	29.49	1014.57	50.54	125939	AS7341	flash	5	100	999	10	100.0	0.2
2026-07-07T20:05:51.643	365	849	532	961	2319	2179	2498	2985	3210	417	29.5	1014.55	50.54	128254	AS7341	flash	5	100	999	10	100.0	0.2
2026-07-07T20:05:53.665	365	849	532	961	2319	2179	2498	2985	3209	417	29.5	1014.57	50.54	127570	AS7341	flash	5	100	999	10	100.0	0.2
2026-07-07T20:05:55.683	365	849	532	961	2319	2179	2498	2985	3210	417	29.49	1014.57	50.55	126893	AS7341	flash	5	100	999	10	100.0	0.2
2026-07-07T20:05:57.714	365	849	532	961	2319	2179	2498	2985	3210	417	29.49	1014.58	50.56	126701	AS7341	flash	5	100	999	10	100.0	0.2
2026-07-07T20:05:59.749	365	849	532	961	2319	2179	2498	2985	3210	417	29.49	1014.57	50.56	126701	AS7341	flash	5	100	999	10	100.0	0.2
2026-07-07T20:06:01.658	365	849	532	961	2319	2178	2497	2984	3209	417	29.51	1014.6	50.56	126990	AS7341	flash	5	100	999	10	100.0	0.2
2026-07-07T20:06:03.671	365	850	532	961	2319	2179	2498	2984	3209	417	29.49	1014.56	50.57	126893	AS7341	flash	5	100	999	10	100.0	0.2
2026-07-07T20:06:05.694	365	849	532	961	2319	2178	2497	2984	3208	417	29.5	1014.58	50.55	126701	AS7341	flash	5	100	999	10	100.0	0.2
2026-07-07T20:06:07.712	365	849	532	961	2319	2179	2499	2985	3210	417	29.49	1014.54	50.57	126510	AS7341	flash	5	100	999	10	100.0	0.2
2026-07-07T20:06:09.752	365	849	532	961	2319	2179	2498	2986	3211	417	29.49	1014.54	50.57	126129	AS7341	flash	5	100	999	10	100.0	0.2
2026-07-07T20:06:11.663	365	849	532	961	2319	2178	2498	2985	3210	417	29.49	1014.54	50.57	127473	AS7341	flash	5	100	999	10	100.0	0.2
2026-07-07T20:06:13.680	365	849	532	961	2319	2179	2499	2986	3211	417	29.5	1014.56	50.57	126893	AS7341	flash	5	100	999	10	100.0	0.2
2026-07-07T20:06:15.700	365	850	532	961	2320	2179	2499	2985	3210	417	29.49	1014.55	50.59	126701	AS7341	flash	5	100	999	10	100.0	0.2
2026-07-07T20:06:17.720	365	850	532	961	2320	2179	2499	2986	3211	417	29.49	1014.54	50.59	126606	AS7341	flash	5	100	999	10	100.0	0.2
2026-07-07T20:06:19.750	365	849	532	961	2319	2179	2498	2985	3210	417	29.49	1014.53	50.59	125939	AS7341	flash	5	100	999	10	100.0	0.2
2026-07-07T20:06:21.652	365	849	532	961	2318	2178	2497	2985	3209	417	29.5	1014.54	50.58	127376	AS7341	flash	5	100	999	10	100.0	0.2
2026-07-07T20:06:23.671	365	849	532	961	2319	2179	2498	2986	3210	418	29.49	1014.55	50.59	126415	AS7341	flash	5	100	999	10	100.0	0.2
2026-07-07T20:06:25.695	365	850	532	961	2319	2178	2498	2985	3210	417	29.49	1014.56	50.6	126606	AS7341	flash	5	100	999	10	100.0	0.2
2026-07-07T20:06:27.724	365	849	532	961	2319	2179	2498	2986	3210	417	29.5	1014.56	50.6	126893	AS7341	flash	5	100	999	10	100.0	0.2
2026-07-07T20:06:29.751	365	849	532	961	2319	2179	2499	2986	3211	417	29.5	1014.54	50.59	126701	AS7341	flash	5	100	999	10	100.0	0.2
2026-07-07T20:06:31.663	365	849	532	961	2318	2178	2497	2984	3209	417	29.5	1014.54	50.58	127183	AS7341	flash	5	100	999	10	100.0	0.2
2026-07-07T20:06:33.684	365	849	532	961	2318	2179	2498	2986	3210	418	29.5	1014.52	50.6	126606	AS7341	flash	5	100	999	10	100.0	0.2
2026-07-07T20:06:35.696	365	849	532	961	2319	2179	2498	2986	3210	418	29.5	1014.56	50.6	127376	AS7341	flash	5	100	999	10	100.0	0.2
2026-07-07T20:06:37.736	365	849	532	961	2319	2179	2498	2986	3210	417	29.5	1014.55	50.6	126701	AS7341	flash	5	100	999	10	100.0	0.2
2026-07-07T20:06:39.744	365	850	532	961	2319	2179	2498	2986	3210	417	29.5	1014.57	50.6	126797	AS7341	flash	5	100	999	10	100.0	0.2
2026-07-07T20:06:41.652	365	849	532	961	2319	2178	2498	2985	3210	418	29.51	1014.53	50.59	126893	AS7341	flash	5	100	999	10	100.0	0.2
2026-07-07T20:06:43.681	365	849	532	961	2319	2179	2498	2986	3210	417	29.5	1014.53	50.61	126797	AS7341	flash	5	100	999	10	100.0	0.2
2026-07-07T20:06:45.699	365	849	532	961	2319	2179	2498	2985	3210	418	29.5	1014.54	50.61	126893	AS7341	flash	5	100	999	10	100.0	0.2
2026-07-07T20:06:47.715	365	849	532	961	2319	2179	2498	2986	3210	418	29.5	1014.52	50.62	126701	AS7341	flash	5	100	999	10	100.0	0.2
2026-07-07T20:06:49.754	365	849	532	961	2319	2179	2498	2986	3210	417	29.5	1014.56	50.61	126510	AS7341	flash	5	100	999	10	100.0	0.2
2026-07-07T20:06:51.674	365	849	532	961	2318	2178	2497	2985	3209	417	29.5	1014.53	50.61	126797	AS7341	flash	5	100	999	10	100.0	0.2
2026-07-07T20:06:53.701	365	849	532	961	2319	2179	2498	2986	3210	417	29.5	1014.55	50.59	126510	AS7341	flash	5	100	999	10	100.0	0.2
2026-07-07T20:06:55.718	365	850	532	961	2319	2179	2499	2986	3210	418	29.5	1014.57	50.59	127086	AS7341	flash	5	100	999	10	100.0	0.2
2026-07-07T20:06:57.756	365	850	532	961	2319	2179	2499	2986	3210	417	29.51	1014.54	50.61	126797	AS7341	flash	5	100	999	10	100.0	0.2
2026-07-07T20:06:59.662	365	850	532	961	2318	2178	2497	2985	3209	417	29.51	1014.53	50.59	127086	AS7341	flash	5	100	999	10	100.0	0.2
2026-07-07T20:07:01.681	365	849	532	961	2319	2179	2498	2985	3210	417	29.51	1014.52	50.6	126797	AS7341	flash	5	100	999	10	100.0	0.2
2026-07-07T20:07:03.712	365	850	532	961	2319	2179	2498	2986	3210	417	29.5	1014.53	50.59	126701	AS7341	flash	5	100	999	10	100.0	0.2
2026-07-07T20:07:05.755	365	850	532	961	2319	2179	2499	2986	3210	418	29.51	1014.54	50.61	126510	AS7341	flash	5	100	999	10	100.0	0.2
2026-07-07T20:07:07.673	365	850	532	961	2319	2178	2498	2986	3210	418	29.51	1014.55	50.6	126701	AS7341	flash	5	100	999	10	100.0	0.2
2026-07-07T20:07:09.702	365	850	532	961	2319	2179	2498	2986	3210	418	29.5	1014.55	50.61	126893	AS7341	flash	5	100	999	10	100.0	0.2
2026-07-07T20:07:11.722	365	850	532	961	2319	2179	2499	2986	3210	418	29.51	1014.52	50.61	126415	AS7341	flash	5	100	999	10	100.0	0.2
2026-07-07T20:07:13.759	365	850	532	961	2319	2179	2498	2986	3210	418	29.51	1014.53	50.63	126224	AS7341	flash	5	100	999	10	100.0	0.2
2026-07-07T20:07:15.679	365	850	532	961	2318	2178	2498	2985	3209	418	29.52	1014.55	50.61	126893	AS7341	flash	5	100	999	10	100.0	0.2
2026-07-07T20:07:17.706	365	850	532	961	2318	2178	2498	2985	3209	418	29.51	1014.55	50.61	126129	AS7341	flash	5	100	999	10	100.0	0.2
2026-07-07T20:07:19.750	365	850	532	961	2319	2179	2498	2986	3210	418	29.5	1014.56	50.61	126701	AS7341	flash	5	100	999	10	100.0	0.2
2026-07-07T20:07:21.662	365	850	532	961	2318	2178	2497	2985	3209	418	29.52	1014.53	50.6	126701	AS7341	flash	5	100	999	10	0.0	0.2
2026-07-07T20:07:23.683	365	849	531	959	2316	2176	2499	2992	3210	417	29.54	1014.56	50.75	125374	AS7341	flash	5	100	999	10	0.0	0.2
2026-07-07T20:07:25.702	365	848	531	957	2310	2171	2497	2996	3208	417	29.57	1014.54	52.33	122173	AS7341	flash	5	100	999	10	0.0	0.2
2026-07-07T20:07:27.717	365	848	532	956	2307	2169	2497	3002	3207	417	29.58	1014.57	54.76	118124	AS7341	flash	5	100	999	10	100.0	0.2
2026-07-07T20:07:29.743	365	849	531	955	2305	2167	2495	2999	3206	418	29.54	1014.54	56.0	117296	AS7341	flash	5	100	999	10	100.0	0.2
2026-07-07T20:07:31.649	365	850	531	955	2303	2164	2492	2995	3204	417	29.54	1014.54	55.36	119047	AS7341	flash	5	100	999	10	100.0	0.2
2026-07-07T20:07:33.668	365	851	532	955	2304	2164	2491	2992	3202	417	29.54	1014.57	54.4	119642	AS7341	flash	5	100	999	10	100.0	0.2
2026-07-07T20:07:35.687	365	852	532	955	2303	2164	2489	2989	3201	417	29.53	1014.56	53.53	120330	AS7341	flash	5	100	999	10	100.0	0.2
2026-07-07T20:07:37.703	365	852	532	955	2303	2164	2489	2988	3201	417	29.53	1014.56	52.86	121026	AS7341	flash	5	100	999	10	100.0	0.2
2026-07-07T20:07:39.722	365	852	532	955	2303	2163	2487	2985	3200	417	29.53	1014.54	52.35	121552	AS7341	flash	5	100	999	10	100.0	0.2
2026-07-07T20:07:41.750	365	853	532	955	2304	2164	2487	2985	3200	417	29.53	1014.53	51.97	122441	AS7341	flash	5	100	999	10	100.0	0.2
2026-07-07T20:07:43.656	365	853	532	956	2303	2163	2486	2982	3198	417	29.54	1014.53	51.72	123071	AS7341	flash	5	100	999	10	100.0	0.2
2026-07-07T20:07:45.675	365	853	532	956	2304	2164	2487	2982	3199	417	29.54	1014.55	51.51	123343	AS7341	flash	5	100	999	10	100.0	0.2
2026-07-07T20:07:47.695	365	854	533	956	2304	2164	2486	2981	3199	417	29.53	1014.54	51.36	123434	AS7341	flash	5	100	999	10	100.0	0.2
2026-07-07T20:07:49.721	365	853	533	956	2305	2165	2488	2981	3200	417	29.53	1014.55	51.24	123798	AS7341	flash	5	100	999	10	100.0	0.2
2026-07-07T20:07:51.760	365	854	533	957	2305	2165	2487	2981	3200	417	29.53	1014.55	51.15	124350	AS7341	flash	5	100	999	10	100.0	0.2
2026-07-07T20:07:53.675	365	853	532	956	2305	2164	2486	2979	3198	417	29.53	1014.59	51.07	124350	AS7341	flash	5	100	999	10	100.0	0.2
2026-07-07T20:07:55.688	365	853	533	957	2306	2165	2487	2979	3199	417	29.53	1014.57	51.02	124627	AS7341	flash	5	100	999	10	100.0	0.2
2026-07-07T20:07:57.714	365	854	533	957	2306	2166	2487	2980	3200	417	29.52	1014.51	50.98	123890	AS7341	flash	5	100	999	10	100.0	0.2
2026-07-07T20:07:59.753	365	853	533	957	2307	2166	2488	2980	3200	417	29.52	1014.57	50.95	124813	AS7341	flash	5	100	999	10	100.0	0.2
2026-07-07T20:08:01.673	365	853	533	957	2306	2166	2487	2979	3199	417	29.53	1014.54	50.92	125750	AS7341	flash	5	100	999	10	100.0	0.2
2026-07-07T20:08:03.698	365	854	533	958	2306	2167	2489	2980	3200	417	29.52	1014.55	50.89	125093	AS7341	flash	5	100	999	10	100.0	0.2
2026-07-07T20:08:05.721	365	853	533	958	2307	2167	2489	2979	3201	417	29.53	1014.55	50.87	125000	AS7341	flash	5	100	999	10	100.0	0.2
2026-07-07T20:08:07.758	365	853	532	958	2307	2168	2489	2979	3201	417	29.52	1014.57	50.86	125186	AS7341	flash	5	100	999	10	100.0	0.2
2026-07-07T20:08:09.666	365	853	533	958	2307	2168	2488	2979	3201	417	29.53	1014.55	50.84	125280	AS7341	flash	5	100	999	10	100.0	0.2
2026-07-07T20:08:11.678	365	853	533	957	2309	2169	2490	2980	3202	417	29.52	1014.57	50.83	125562	AS7341	flash	5	100	999	10	100.0	0.2
2026-07-07T20:08:13.700	365	853	533	957	2309	2169	2490	2980	3202	417	29.52	1014.54	50.84	125280	AS7341	flash	5	100	999	10	100.0	0.2
2026-07-07T20:08:15.718	365	853	533	959	2310	2170	2490	2981	3203	418	29.52	1014.54	50.81	125000	AS7341	flash	5	100	999	10	100.0	0.2
2026-07-07T20:08:17.751	365	853	533	957	2310	2170	2491	2981	3203	417	29.52	1014.53	50.81	125000	AS7341	flash	5	100	999	10	100.0	0.2
2026-07-07T20:08:19.664	365	853	533	958	2309	2169	2489	2980	3202	417	29.53	1014.55	50.79	125939	AS7341	flash	5	100	999	10	100.0	0.2
2026-07-07T20:08:21.682	365	853	533	958	2310	2170	2490	2981	3203	417	29.53	1014.53	50.77	124813	AS7341	flash	5	100	999	10	100.0	0.2
2026-07-07T20:08:23.712	365	853	533	958	2310	2170	2491	2981	3203	417	29.53	1014.55	50.79	125656	AS7341	flash	5	100	999	10	100.0	0.2
2026-07-07T20:08:25.745	365	853	532	958	2310	2171	2492	2981	3204	418	29.53	1014.57	50.77	126606	AS7341	flash	5	100	999	10	100.0	0.2
2026-07-07T20:08:27.755	365	853	533	958	2311	2171	2492	2981	3205	418	29.52	1014.53	50.76	125750	AS7341	flash	5	100	999	10	100.0	0.2
2026-07-07T20:08:29.660	365	853	533	958	2311	2171	2491	2981	3203	418	29.53	1014.55	50.75	126319	AS7341	flash	5	100	999	10	100.0	0.2
2026-07-07T20:08:31.674	365	853	533	958	2311	2171	2492	2981	3205	418	29.53	1014.54	50.75	126129	AS7341	flash	5	100	999	10	100.0	0.2
2026-07-07T20:08:33.693	365	852	533	958	2311	2171	2492	2981	3204	418	29.53	1014.52	50.74	125750	AS7341	flash	5	100	999	10	100.0	0.2
2026-07-07T20:08:35.718	365	853	532	959	2312	2172	2492	2981	3205	418	29.52	1014.53	50.74	125939	AS7341	flash	5	100	999	10	100.0	0.2
2026-07-07T20:08:37.754	365	852	532	958	2311	2172	2492	2981	3204	417	29.53	1014.55	50.73	125374	AS7341	flash	5	100	999	10	100.0	0.2
2026-07-07T20:08:39.672	365	852	532	958	2312	2172	2492	2982	3205	418	29.53	1014.51	50.74	126415	AS7341	flash	5	100	999	10	100.0	0.2
2026-07-07T20:08:41.693	365	852	532	958	2312	2173	2492	2981	3206	418	29.53	1014.55	50.73	126415	AS7341	flash	5	100	999	10	100.0	0.2
2026-07-07T20:08:43.715	365	852	532	959	2312	2172	2492	2982	3205	417	29.52	1014.53	50.72	125750	AS7341	flash	5	100	999	10	100.0	0.2
2026-07-07T20:08:45.733	365	852	532	959	2313	2173	2494	2982	3206	418	29.53	1014.53	50.72	125750	AS7341	flash	5	100	999	10	100.0	0.2
2026-07-07T20:08:47.649	365	852	532	958	2312	2172	2493	2981	3205	418	29.54	1014.52	50.71	126510	AS7341	flash	5	100	999	10	100.0	0.2
2026-07-07T20:08:49.670	365	852	532	959	2313	2173	2493	2982	3206	418	29.54	1014.55	50.71	126129	AS7341	flash	5	100	999	10	100.0	0.2
2026-07-07T20:08:51.686	365	852	533	959	2313	2174	2495	2983	3207	418	29.53	1014.51	50.71	126701	AS7341	flash	5	100	999	10	100.0	0.2
2026-07-07T20:08:53.713	365	852	532	959	2313	2173	2494	2983	3207	418	29.53	1014.51	50.72	125750	AS7341	flash	5	100	999	10	100.0	0.2
2026-07-07T20:08:55.757	365	852	533	959	2314	2174	2494	2983	3207	418	29.53	1014.55	50.7	125750	AS7341	flash	5	100	999	10	100.0	0.2
2026-07-07T20:08:57.667	365	852	532	959	2314	2174	2494	2983	3207	418	29.53	1014.55	50.71	127086	AS7341	flash	5	100	999	10	100.0	0.2
2026-07-07T20:08:59.692	365	852	533	959	2314	2174	2494	2983	3208	418	29.52	1014.53	50.7	126319	AS7341	flash	5	100	999	10	100.0	0.2
2026-07-07T20:09:01.710	365	852	533	959	2314	2174	2494	2983	3207	418	29.53	1014.52	50.7	126129	AS7341	flash	5	100	999	10	100.0	0.2
2026-07-07T20:09:03.743	365	852	532	959	2315	2175	2495	2985	3208	418	29.53	1014.54	50.7	125750	AS7341	flash	5	100	999	10	100.0	0.2
2026-07-07T20:09:05.653	365	852	532	959	2314	2174	2494	2983	3206	418	29.54	1014.52	50.7	126606	AS7341	flash	5	100	999	10	100.0	0.2
2026-07-07T20:09:07.675	365	852	533	960	2315	2175	2495	2984	3208	418	29.53	1014.53	50.69	126034	AS7341	flash	5	100	999	10	100.0	0.2
2026-07-07T20:09:09.703	365	852	532	959	2315	2176	2495	2984	3209	418	29.53	1014.54	50.71	126510	AS7341	flash	5	100	999	10	100.0	0.2
2026-07-07T20:09:11.722	365	852	533	960	2315	2176	2496	2985	3208	418	29.52	1014.57	50.71	126606	AS7341	flash	5	100	999	10	100.0	0.2
2026-07-07T20:09:13.749	365	852	533	960	2315	2176	2496	2984	3208	418	29.52	1014.52	50.7	126510	AS7341	flash	5	100	999	10	100.0	0.2
2026-07-07T20:09:15.653	365	852	533	959	2315	2175	2495	2984	3208	418	29.53	1014.52	50.71	127376	AS7341	flash	5	100	999	10	100.0	0.2
2026-07-07T20:09:17.678	365	852	533	960	2315	2176	2495	2984	3208	418	29.52	1014.52	50.69	126319	AS7341	flash	5	100	999	10	100.0	0.2
2026-07-07T20:09:19.692	365	852	532	960	2316	2176	2497	2985	3209	418	29.53	1014.52	50.71	125845	AS7341	flash	5	100	999	10	100.0	0.2
2026-07-07T20:09:21.709	365	852	533	960	2315	2176	2496	2984	3208	418	29.51	1014.53	50.72	126319	AS7341	flash	5	100	999	10	100.0	0.2
2026-07-07T20:09:23.746	365	852	533	960	2316	2176	2497	2986	3209	418	29.51	1014.5	50.71	126034	AS7341	flash	5	100	999	10	100.0	0.2
2026-07-07T20:09:25.654	365	852	533	960	2316	2176	2496	2985	3209	418	29.53	1014.56	50.72	126415	AS7341	flash	5	100	999	10	100.0	0.2
2026-07-07T20:09:27.668	365	852	532	959	2315	2175	2496	2987	3209	418	29.52	1014.54	50.72	126319	AS7341	flash	5	100	999	10	0.0	0.2
2026-07-07T20:09:29.688	365	850	533	958	2311	2172	2497	2994	3208	417	29.57	1014.54	51.45	123343	AS7341	flash	5	100	999	10	0.0	0.2
2026-07-07T20:09:31.713	365	850	532	956	2306	2168	2497	3000	3207	417	29.59	1014.54	53.63	119557	AS7341	flash	5	100	999	10	100.0	0.2
2026-07-07T20:09:33.747	365	851	532	955	2305	2166	2496	3001	3207	418	29.57	1014.5	55.89	116724	AS7341	flash	5	100	999	10	100.0	0.2
2026-07-07T20:09:35.659	365	851	533	954	2302	2164	2492	2997	3203	417	29.56	1014.55	55.87	118207	AS7341	flash	5	100	999	10	100.0	0.2
2026-07-07T20:09:37.685	365	852	532	954	2302	2163	2490	2994	3203	417	29.54	1014.53	54.95	119047	AS7341	flash	5	100	999	10	100.0	0.2
2026-07-07T20:09:39.706	365	853	532	954	2302	2162	2490	2991	3202	417	29.54	1014.54	54.01	119642	AS7341	flash	5	100	999	10	100.0	0.2
2026-07-07T20:09:41.752	365	854	532	955	2302	2162	2489	2989	3200	417	29.54	1014.52	53.25	120677	AS7341	flash	5	100	999	10	100.0	0.2
2026-07-07T20:09:43.667	365	854	533	954	2301	2161	2488	2985	3198	417	29.55	1014.54	52.7	121729	AS7341	flash	5	100	999	10	100.0	0.2
2026-07-07T20:09:45.690	365	854	533	955	2302	2162	2488	2986	3199	417	29.55	1014.54	52.24	121729	AS7341	flash	5	100	999	10	100.0	0.2
2026-07-07T20:09:47.709	365	855	533	955	2302	2163	2488	2984	3200	417	29.55	1014.58	51.92	122531	AS7341	flash	5	100	999	10	100.0	0.2
2026-07-07T20:09:49.727	365	855	533	956	2303	2163	2488	2984	3200	417	29.54	1014.55	51.7	123252	AS7341	flash	5	100	999	10	100.0	0.2
2026-07-07T20:09:51.758	365	855	533	955	2303	2163	2487	2982	3199	417	29.54	1014.55	51.53	122710	AS7341	flash	5	100	999	10	100.0	0.2
2026-07-07T20:09:53.672	365	855	533	955	2303	2163	2487	2981	3199	417	29.54	1014.56	51.4	123707	AS7341	flash	5	100	999	10	100.0	0.2
2026-07-07T20:09:55.690	365	855	533	956	2304	2164	2487	2981	3200	417	29.54	1014.52	51.3	123161	AS7341	flash	5	100	999	10	100.0	0.2
2026-07-07T20:09:57.720	365	855	533	956	2304	2164	2488	2981	3200	417	29.54	1014.56	51.22	124535	AS7341	flash	5	100	999	10	100.0	0.2
2026-07-07T20:09:59.754	366	855	533	956	2305	2164	2488	2981	3200	417	29.54	1014.55	51.14	124074	AS7341	flash	5	100	999	10	100.0	0.2
2026-07-07T20:10:01.676	365	855	533	956	2304	2164	2487	2979	3199	417	29.55	1014.56	51.1	124442	AS7341	flash	5	100	999	10	100.0	0.2
2026-07-07T20:10:03.707	365	855	533	957	2306	2165	2488	2980	3201	417	29.54	1014.53	51.06	124720	AS7341	flash	5	100	999	10	100.0	0.2
2026-07-07T20:10:05.745	365	855	533	957	2306	2166	2489	2980	3201	417	29.53	1014.53	51.04	124535	AS7341	flash	5	100	999	10	100.0	0.2
2026-07-07T20:10:07.653	365	855	533	957	2306	2166	2489	2980	3201	417	29.55	1014.52	51.0	124813	AS7341	flash	5	100	999	10	100.0	0.2
2026-07-07T20:10:09.678	365	855	533	957	2306	2165	2488	2979	3200	417	29.54	1014.55	50.99	124906	AS7341	flash	5	100	999	10	100.0	0.2
2026-07-07T20:10:11.694	365	855	533	957	2308	2168	2490	2981	3203	417	29.53	1014.52	50.95	124906	AS7341	flash	5	100	999	10	100.0	0.2
2026-07-07T20:10:13.716	365	855	533	957	2308	2167	2490	2980	3202	417	29.54	1014.51	50.94	124442	AS7341	flash	5	100	999	10	100.0	0.2
2026-07-07T20:10:15.760	365	855	533	958	2308	2168	2490	2981	3203	417	29.54	1014.56	50.94	124535	AS7341	flash	5	100	999	10	100.0	0.2
2026-07-07T20:10:17.668	365	855	533	957	2308	2167	2490	2980	3202	417	29.55	1014.56	50.92	125280	AS7341	flash	5	100	999	10	100.0	0.2
2026-07-07T20:10:19.682	365	855	533	958	2308	2168	2490	2980	3202	417	29.54	1014.52	50.9	125562	AS7341	flash	5	100	999	10	100.0	0.2
2026-07-07T20:10:21.700	365	855	533	958	2309	2169	2491	2980	3203	417	29.54	1014.53	50.89	125280	AS7341	flash	5	100	999	10	100.0	0.2
2026-07-07T20:10:23.716	365	855	533	958	2309	2169	2491	2980	3203	417	29.55	1014.52	50.89	125280	AS7341	flash	5	100	999	10	100.0	0.2
2026-07-07T20:10:25.762	365	855	533	958	2310	2170	2492	2981	3204	418	29.54	1014.52	50.88	125000	AS7341	flash	5	100	999	10	100.0	0.2
2026-07-07T20:10:27.780	365	854	533	958	2310	2170	2492	2981	3203	417	29.55	1014.56	50.89	124720	AS7341	flash	5	100	999	10	100.0	0.2
2026-07-07T20:10:29.689	365	854	533	958	2310	2170	2492	2981	3204	417	29.55	1014.53	50.86	125750	AS7341	flash	5	100	999	10	100.0	0.2
2026-07-07T20:10:31.707	365	854	533	958	2311	2171	2493	2982	3205	418	29.54	1014.56	50.86	126129	AS7341	flash	5	100	999	10	100.0	0.2
2026-07-07T20:10:33.723	365	854	533	959	2311	2170	2492	2981	3204	417	29.54	1014.56	50.83	125374	AS7341	flash	5	100	999	10	100.0	0.2
2026-07-07T20:10:35.748	365	854	533	959	2312	2171	2493	2982	3205	418	29.54	1014.51	50.84	125374	AS7341	flash	5	100	999	10	100.0	0.2
2026-07-07T20:10:37.772	365	854	533	959	2312	2172	2494	2982	3206	418	29.54	1014.52	50.85	125280	AS7341	flash	5	100	999	10	100.0	0.2
2026-07-07T20:10:39.685	365	854	533	959	2311	2171	2493	2981	3205	418	29.55	1014.55	50.83	125750	AS7341	flash	5	100	999	10	100.0	0.2
2026-07-07T20:10:41.716	365	854	533	959	2312	2172	2493	2982	3205	418	29.54	1014.53	50.82	125939	AS7341	flash	5	100	999	10	100.0	0.2
2026-07-07T20:10:43.750	365	854	533	959	2312	2172	2493	2982	3205	417	29.53	1014.54	50.82	125093	AS7341	flash	5	100	999	10	100.0	0.2
2026-07-07T20:10:45.762	365	854	533	959	2313	2172	2494	2983	3206	418	29.54	1014.56	50.82	125186	AS7341	flash	5	100	999	10	100.0	0.2
2026-07-07T20:10:47.787	365	854	533	959	2313	2173	2495	2983	3207	418	29.53	1014.55	50.82	125562	AS7341	flash	5	100	999	10	100.0	0.2
2026-07-07T20:10:49.704	365	854	533	959	2313	2172	2494	2983	3206	418	29.54	1014.56	50.82	125562	AS7341	flash	5	100	999	10	100.0	0.2
2026-07-07T20:10:51.729	365	854	533	959	2313	2173	2495	2983	3207	418	29.54	1014.54	50.81	125939	AS7341	flash	5	100	999	10	100.0	0.2
2026-07-07T20:10:53.756	365	854	533	959	2313	2173	2495	2983	3206	418	29.53	1014.52	50.81	125374	AS7341	flash	5	100	999	10	100.0	0.2
2026-07-07T20:10:55.780	365	853	533	959	2314	2173	2495	2983	3207	418	29.53	1014.53	50.81	125186	AS7341	flash	5	100	999	10	100.0	0.2
2026-07-07T20:10:57.688	365	853	533	959	2314	2173	2495	2983	3207	418	29.54	1014.54	50.82	125939	AS7341	flash	5	100	999	10	100.0	0.2
2026-07-07T20:10:59.715	365	853	533	959	2313	2173	2495	2983	3206	418	29.54	1014.57	50.81	125845	AS7341	flash	5	100	999	10	100.0	0.2
2026-07-07T20:11:01.752	365	854	533	960	2314	2174	2496	2984	3208	418	29.54	1014.52	50.8	124813	AS7341	flash	5	100	999	10	100.0	0.2
2026-07-07T20:11:03.762	365	853	533	960	2315	2174	2496	2984	3208	418	29.53	1014.52	50.81	126319	AS7341	flash	5	100	999	10	100.0	0.2
2026-07-07T20:11:05.787	365	853	533	960	2313	2174	2496	2984	3207	418	29.53	1014.54	50.81	125750	AS7341	flash	5	100	999	10	100.0	0.2
2026-07-07T20:11:07.698	365	853	533	960	2314	2174	2496	2983	3207	418	29.54	1014.59	50.82	126319	AS7341	flash	5	100	999	10	100.0	0.2
2026-07-07T20:11:09.721	365	853	533	960	2315	2174	2496	2984	3208	418	29.54	1014.55	50.78	126129	AS7341	flash	5	100	999	10	100.0	0.2
2026-07-07T20:11:11.769	365	853	533	960	2314	2174	2496	2984	3208	418	29.53	1014.5	50.82	125750	AS7341	flash	5	100	999	10	100.0	0.2
2026-07-07T20:11:13.685	365	853	533	960	2315	2175	2496	2984	3208	418	29.54	1014.51	50.8	126034	AS7341	flash	5	100	999	10	100.0	0.2
2026-07-07T20:11:15.711	365	853	533	960	2315	2175	2497	2985	3209	418	29.54	1014.51	50.82	126606	AS7341	flash	5	100	999	10	100.0	0.2
2026-07-07T20:11:17.733	365	853	533	960	2315	2174	2497	2985	3208	418	29.54	1014.54	50.81	125939	AS7341	flash	5	100	999	10	100.0	0.2
2026-07-07T20:11:19.774	366	853	533	960	2315	2175	2497	2985	3209	418	29.54	1014.56	50.83	126797	AS7341	flash	5	100	999	10	100.0	0.2
2026-07-07T20:11:21.789	365	853	533	960	2316	2175	2497	2985	3208	418	29.53	1014.54	50.82	125562	AS7341	flash	5	100	999	10	100.0	0.2
2026-07-07T20:11:23.692	365	853	533	960	2315	2174	2496	2984	3208	418	29.55	1014.53	50.82	126797	AS7341	flash	5	100	999	10	100.0	0.2
2026-07-07T20:11:25.713	365	853	533	960	2316	2175	2497	2985	3208	418	29.54	1014.54	50.8	125845	AS7341	flash	5	100	999	10	100.0	0.2
2026-07-07T20:11:27.741	366	853	533	960	2315	2176	2498	2986	3209	418	29.54	1014.56	50.81	126510	AS7341	flash	5	100	999	10	100.0	0.2
2026-07-07T20:11:29.760	365	853	533	960	2316	2175	2497	2985	3209	418	29.54	1014.56	50.82	125750	AS7341	flash	5	100	999	10	100.0	0.2
2026-07-07T20:11:31.787	365	853	533	960	2316	2175	2497	2986	3209	418	29.53	1014.56	50.82	125374	AS7341	flash	5	100	999	10	0.0	0.2
2026-07-07T20:11:33.686	365	852	533	959	2311	2172	2496	2990	3208	418	29.58	1014.54	50.95	125000	AS7341	flash	5	100	999	10	0.0	0.2
2026-07-07T20:11:35.711	365	851	532	956	2306	2168	2496	2997	3206	418	29.6	1014.56	52.52	121201	AS7341	flash	5	100	999	10	0.0	0.2
2026-07-07T20:11:37.728	365	851	532	954	2304	2166	2496	3002	3206	418	29.62	1014.56	54.98	117461	AS7341	flash	5	100	999	10	100.0	0.2
2026-07-07T20:11:39.753	365	852	533	955	2303	2164	2494	3001	3205	418	29.57	1014.52	56.24	116319	AS7341	flash	5	100	999	10	100.0	0.2
2026-07-07T20:11:41.791	365	853	533	955	2301	2164	2492	2996	3203	417	29.57	1014.56	55.56	117296	AS7341	flash	5	100	999	10	100.0	0.2
2026-07-07T20:11:43.701	365	854	532	955	2301	2163	2491	2994	3202	417	29.58	1014.59	54.6	119132	AS7341	flash	5	100	999	10	100.0	0.2
2026-07-07T20:11:45.717	365	855	533	955	2302	2163	2491	2992	3203	417	29.56	1014.52	53.74	119899	AS7341	flash	5	100	999	10	100.0	0.2
2026-07-07T20:11:47.734	365	855	533	955	2301	2163	2490	2990	3201	417	29.56	1014.55	53.05	119985	AS7341	flash	5	100	999	10	100.0	0.2
2026-07-07T20:11:49.750	365	855	533	955	2301	2162	2488	2986	3200	417	29.56	1014.53	52.55	121729	AS7341	flash	5	100	999	10	100.0	0.2
2026-07-07T20:11:51.783	365	856	533	955	2302	2163	2488	2986	3201	417	29.57	1014.57	52.15	121995	AS7341	flash	5	100	999	10	100.0	0.2
2026-07-07T20:11:53.688	365	856	533	955	2301	2162	2487	2984	3199	417	29.57	1014.56	51.9	123525	AS7341	flash	5	100	999	10	100.0	0.2
2026-07-07T20:11:55.714	365	856	533	956	2302	2163	2487	2984	3200	417	29.57	1014.55	51.67	122800	AS7341	flash	5	100	999	10	100.0	0.2
2026-07-07T20:11:57.734	365	856	533	955	2303	2164	2488	2984	3200	417	29.56	1014.53	51.51	123343	AS7341	flash	5	100	999	10	100.0	0.2
2026-07-07T20:11:59.749	365	856	533	955	2302	2163	2487	2982	3199	417	29.56	1014.56	51.39	123707	AS7341	flash	5	100	999	10	100.0	0.2
2026-07-07T20:12:01.782	365	856	534	955	2303	2164	2488	2983	3200	417	29.57	1014.55	51.3	123616	AS7341	flash	5	100	999	10	100.0	0.2
2026-07-07T20:12:03.700	365	856	534	955	2303	2163	2487	2980	3199	417	29.57	1014.56	51.23	123525	AS7341	flash	5	100	999	10	100.0	0.2
2026-07-07T20:12:05.735	365	856	533	956	2304	2164	2487	2981	3199	417	29.56	1014.55	51.17	124535	AS7341	flash	5	100	999	10	100.0	0.2
2026-07-07T20:12:07.747	365	856	534	956	2305	2165	2488	2982	3201	417	29.57	1014.59	51.11	123798	AS7341	flash	5	100	999	10	100.0	0.2
2026-07-07T20:12:09.760	365	856	534	956	2305	2166	2488	2981	3201	417	29.56	1014.56	51.09	124258	AS7341	flash	5	100	999	10	100.0	0.2
2026-07-07T20:12:11.786	365	856	534	956	2306	2167	2489	2982	3202	417	29.56	1014.55	51.04	124074	AS7341	flash	5	100	999	10	100.0	0.2
2026-07-07T20:12:13.703	365	856	534	956	2305	2166	2489	2980	3201	417	29.57	1014.59	51.02	124627	AS7341	flash	5	100	999	10	100.0	0.2
2026-07-07T20:12:15.721	365	856	534	957	2306	2167	2489	2981	3202	417	29.56	1014.54	51.0	124813	AS7341	flash	5	100	999	10	100.0	0.2
2026-07-07T20:12:17.741	365	856	533	957	2307	2168	2490	2981	3202	417	29.57	1014.57	50.97	124627	AS7341	flash	5	100	999	10	100.0	0.2
2026-07-07T20:12:19.760	365	856	534	957	2307	2168	2490	2981	3202	417	29.56	1014.53	50.96	124627	AS7341	flash	5	100	999	10	100.0	0.2
2026-07-07T20:12:21.786	365	856	534	957	2307	2168	2490	2981	3202	417	29.57	1014.59	50.94	125374	AS7341	flash	5	100	999	10	100.0	0.2
2026-07-07T20:12:23.702	365	856	534	957	2307	2168	2490	2980	3202	417	29.57	1014.58	50.91	125280	AS7341	flash	5	100	999	10	100.0	0.2
2026-07-07T20:12:25.719	365	856	534	957	2308	2167	2490	2981	3202	417	29.57	1014.59	50.9	125186	AS7341	flash	5	100	999	10	100.0	0.2
2026-07-07T20:12:27.737	365	856	534	958	2309	2169	2491	2982	3203	417	29.57	1014.59	50.9	125750	AS7341	flash	5	100	999	10	100.0	0.2
2026-07-07T20:12:29.764	365	856	533	958	2309	2170	2491	2982	3203	417	29.56	1014.56	50.88	124813	AS7341	flash	5	100	999	10	100.0	0.2
2026-07-07T20:12:31.792	365	856	534	958	2310	2169	2492	2982	3204	417	29.56	1014.57	50.88	125845	AS7341	flash	5	100	999	10	100.0	0.2
2026-07-07T20:12:33.711	365	855	533	958	2309	2169	2491	2981	3203	417	29.57	1014.55	50.86	125093	AS7341	flash	5	100	999	10	100.0	0.2
2026-07-07T20:12:35.737	365	856	534	958	2310	2171	2492	2983	3204	417	29.56	1014.54	50.86	125656	AS7341	flash	5	100	999	10	100.0	0.2
2026-07-07T20:12:37.751	365	855	534	958	2310	2170	2492	2982	3204	418	29.57	1014.56	50.86	125093	AS7341	flash	5	100	999	10	100.0	0.2
2026-07-07T20:12:39.789	365	855	533	958	2311	2171	2493	2983	3205	418	29.56	1014.56	50.85	125000	AS7341	flash	5	100	999	10	100.0	0.2
2026-07-07T20:12:41.705	365	855	534	958	2311	2171	2493	2983	3205	418	29.56	1014.56	50.83	126034	AS7341	flash	5	100	999	10	100.0	0.2
2026-07-07T20:12:43.727	365	855	533	958	2311	2171	2493	2983	3205	418	29.56	1014.58	50.82	125280	AS7341	flash	5	100	999	10	100.0	0.2
2026-07-07T20:12:45.754	365	855	533	959	2311	2171	2493	2983	3205	417	29.56	1014.56	50.82	125280	AS7341	flash	5	100	999	10	100.0	0.2
2026-07-07T20:12:47.789	365	855	534	959	2312	2171	2494	2983	3206	418	29.56	1014.57	50.82	125000	AS7341	flash	5	100	999	10	100.0	0.2
2026-07-07T20:12:49.706	365	855	533	959	2312	2171	2494	2983	3206	418	29.57	1014.6	50.83	125000	AS7341	flash	5	100	999	10	100.0	0.2
2026-07-07T20:12:51.730	366	855	533	959	2312	2172	2495	2983	3206	418	29.57	1014.57	50.82	126606	AS7341	flash	5	100	999	10	100.0	0.2
2026-07-07T20:12:53.756	365	855	533	959	2312	2172	2494	2984	3206	418	29.57	1014.55	50.82	125468	AS7341	flash	5	100	999	10	100.0	0.2
2026-07-07T20:12:55.788	365	855	533	959	2313	2172	2495	2983	3206	418	29.56	1014.6	50.81	125280	AS7341	flash	5	100	999	10	100.0	0.2
2026-07-07T20:12:57.706	365	855	533	959	2313	2172	2495	2984	3206	418	29.57	1014.57	50.81	125939	AS7341	flash	5	100	999	10	100.0	0.2
2026-07-07T20:12:59.725	365	855	533	959	2313	2173	2495	2984	3207	418	29.57	1014.56	50.8	125656	AS7341	flash	5	100	999	10	100.0	0.2
2026-07-07T20:13:01.753	366	855	533	959	2314	2173	2496	2985	3208	418	29.56	1014.55	50.82	125656	AS7341	flash	5	100	999	10	100.0	0.2
2026-07-07T20:13:03.791	365	854	533	959	2313	2173	2495	2984	3207	418	29.56	1014.55	50.81	125093	AS7341	flash	5	100	999	10	100.0	0.2
2026-07-07T20:13:05.701	366	854	533	959	2313	2173	2495	2984	3207	418	29.57	1014.56	50.81	125374	AS7341	flash	5	100	999	10	100.0	0.2
2026-07-07T20:13:07.714	366	854	533	959	2314	2174	2496	2985	3207	418	29.57	1014.59	50.79	126129	AS7341	flash	5	100	999	10	100.0	0.2
2026-07-07T20:13:09.736	366	855	534	960	2314	2174	2496	2985	3208	418	29.57	1014.58	50.79	125186	AS7341	flash	5	100	999	10	100.0	0.2
2026-07-07T20:13:11.777	366	854	533	960	2315	2174	2497	2985	3208	418	29.57	1014.58	50.8	125374	AS7341	flash	5	100	999	10	100.0	0.2
2026-07-07T20:13:13.685	366	854	533	960	2315	2175	2497	2986	3209	418	29.57	1014.55	50.78	126034	AS7341	flash	5	100	999	10	100.0	0.2
2026-07-07T20:13:15.698	366	854	534	960	2315	2175	2497	2985	3209	418	29.57	1014.58	50.77	125845	AS7341	flash	5	100	999	10	100.0	0.2
2026-07-07T20:13:17.725	366	854	534	960	2315	2175	2497	2986	3209	418	29.56	1014.55	50.77	125562	AS7341	flash	5	100	999	10	100.0	0.2
2026-07-07T20:13:19.738	366	854	534	960	2315	2175	2497	2986	3209	418	29.56	1014.56	50.8	125374	AS7341	flash	5	100	999	10	100.0	0.2
2026-07-07T20:13:21.749	366	854	534	960	2316	2176	2498	2987	3210	418	29.57	1014.58	50.8	125374	AS7341	flash	5	100	999	10	100.0	0.2
2026-07-07T20:13:23.763	366	854	533	960	2316	2176	2498	2987	3210	418	29.57	1014.59	50.77	125562	AS7341	flash	5	100	999	10	100.0	0.2
2026-07-07T20:13:25.802	366	854	534	960	2316	2176	2498	2987	3210	418	29.57	1014.59	50.79	125374	AS7341	flash	5	100	999	10	100.0	0.2
2026-07-07T20:13:27.721	366	854	534	960	2316	2175	2498	2986	3209	418	29.57	1014.58	50.79	125939	AS7341	flash	5	100	999	10	100.0	0.2
2026-07-07T20:13:29.748	365	854	534	960	2316	2176	2498	2987	3210	418	29.57	1014.59	50.78	126129	AS7341	flash	5	100	999	10	100.0	0.2
2026-07-07T20:13:31.765	366	854	534	960	2316	2175	2498	2986	3209	418	29.57	1014.57	50.79	125374	AS7341	flash	5	100	999	10	100.0	0.2
2026-07-07T20:13:33.783	366	854	534	960	2316	2175	2498	2986	3209	418	29.57	1014.54	50.77	125562	AS7341	flash	5	100	999	10	100.0	0.2
2026-07-07T20:13:35.691	366	854	534	960	2316	2176	2498	2987	3209	418	29.58	1014.56	50.79	125750	AS7341	flash	5	100	999	10	100.0	0.2
2026-07-07T20:13:37.711	366	853	534	960	2315	2175	2498	2989	3209	418	29.57	1014.59	50.77	125468	AS7341	flash	5	100	999	10	0.0	0.2
2026-07-07T20:13:39.745	365	852	533	958	2310	2172	2498	2995	3209	418	29.61	1014.57	51.54	122980	AS7341	flash	5	100	999	10	0.0	0.2
2026-07-07T20:13:41.773	365	852	532	956	2306	2167	2497	3003	3207	418	29.64	1014.59	53.76	118794	AS7341	flash	5	100	999	10	100.0	0.2
2026-07-07T20:13:43.689	365	853	533	955	2304	2166	2496	3003	3207	418	29.63	1014.6	55.96	116643	AS7341	flash	5	100	999	10	100.0	0.2
2026-07-07T20:13:45.704	365	853	533	954	2303	2165	2495	3000	3205	417	29.6	1014.54	56.02	118124	AS7341	flash	5	100	999	10	100.0	0.2
2026-07-07T20:13:47.724	365	854	534	954	2302	2164	2493	2996	3204	417	29.6	1014.6	55.09	118290	AS7341	flash	5	100	999	10	100.0	0.2
2026-07-07T20:13:49.737	365	855	534	955	2301	2163	2491	2993	3202	417	29.59	1014.54	54.13	119217	AS7341	flash	5	100	999	10	100.0	0.2
2026-07-07T20:13:51.757	365	855	534	955	2301	2163	2490	2991	3201	417	29.6	1014.55	53.36	120851	AS7341	flash	5	100	999	10	100.0	0.2
2026-07-07T20:13:53.778	365	856	533	955	2303	2164	2490	2990	3202	417	29.6	1014.58	52.77	120071	AS7341	flash	5	100	999	10	100.0	0.2
2026-07-07T20:13:55.685	365	856	533	955	2301	2162	2488	2986	3200	417	29.6	1014.58	52.34	122441	AS7341	flash	5	100	999	10	100.0	0.2
2026-07-07T20:13:57.707	365	857	534	955	2303	2164	2489	2987	3202	417	29.6	1014.57	52.01	122352	AS7341	flash	5	100	999	10	100.0	0.2
2026-07-07T20:13:59.726	365	857	534	956	2303	2163	2488	2985	3201	417	29.59	1014.56	51.78	122531	AS7341	flash	5	100	999	10	100.0	0.2
2026-07-07T20:14:01.745	365	857	534	956	2304	2164	2488	2985	3201	417	29.59	1014.58	51.59	122800	AS7341	flash	5	100	999	10	100.0	0.2
2026-07-07T20:14:03.766	365	857	534	956	2304	2164	2489	2984	3201	417	29.59	1014.58	51.47	123707	AS7341	flash	5	100	999	10	100.0	0.2
2026-07-07T20:14:05.786	365	857	534	956	2303	2164	2488	2983	3200	417	29.59	1014.55	51.36	123161	AS7341	flash	5	100	999	10	100.0	0.2
2026-07-07T20:14:07.698	365	857	534	956	2304	2164	2488	2982	3200	417	29.6	1014.56	51.26	125093	AS7341	flash	5	100	999	10	100.0	0.2
2026-07-07T20:14:09.727	365	857	534	957	2304	2165	2489	2982	3201	417	29.58	1014.56	51.2	124906	AS7341	flash	5	100	999	10	100.0	0.2
2026-07-07T20:14:11.757	365	857	534	957	2305	2165	2489	2983	3201	417	29.58	1014.54	51.15	123982	AS7341	flash	5	100	999	10	100.0	0.2
2026-07-07T20:14:13.779	365	857	534	957	2305	2166	2489	2983	3201	417	29.58	1014.57	51.11	123616	AS7341	flash	5	100	999	10	100.0	0.2
2026-07-07T20:14:15.695	365	857	534	957	2304	2165	2488	2981	3200	417	29.6	1014.56	51.08	124627	AS7341	flash	5	100	999	10	100.0	0.2
2026-07-07T20:14:17.726	365	857	534	957	2306	2167	2490	2983	3202	417	29.58	1014.56	51.04	125374	AS7341	flash	5	100	999	10	100.0	0.2
2026-07-07T20:14:19.744	366	857	534	958	2307	2167	2490	2983	3202	417	29.58	1014.56	51.03	124906	AS7341	flash	5	100	999	10	100.0	0.2
2026-07-07T20:14:21.768	366	857	534	958	2307	2168	2490	2983	3203	417	29.58	1014.56	51.01	124442	AS7341	flash	5	100	999	10	100.0	0.2
2026-07-07T20:14:23.788	366	857	534	958	2308	2169	2491	2983	3204	417	29.58	1014.54	50.99	124350	AS7341	flash	5	100	999	10	100.0	0.2
2026-07-07T20:14:25.697	365	856	534	958	2307	2168	2490	2982	3202	417	29.59	1014.59	50.97	125656	AS7341	flash	5	100	999	10	100.0	0.2
2026-07-07T20:14:27.724	365	856	534	958	2308	2169	2491	2983	3203	417	29.58	1014.53	50.95	124906	AS7341	flash	5	100	999	10	100.0	0.2
2026-07-07T20:14:29.746	365	856	534	958	2308	2169	2491	2983	3204	417	29.57	1014.55	50.95	124627	AS7341	flash	5	100	999	10	100.0	0.2
2026-07-07T20:14:31.769	365	857	534	957	2309	2169	2492	2983	3204	417	29.57	1014.54	50.93	124813	AS7341	flash	5	100	999	10	100.0	0.2
2026-07-07T20:14:33.784	365	856	534	959	2309	2170	2492	2983	3204	417	29.58	1014.56	50.92	124720	AS7341	flash	5	100	999	10	100.0	0.2
2026-07-07T20:14:35.694	365	856	534	959	2309	2170	2492	2983	3205	417	29.59	1014.54	50.91	125468	AS7341	flash	5	100	999	10	100.0	0.2
2026-07-07T20:14:37.708	366	856	534	958	2310	2171	2493	2984	3205	417	29.57	1014.53	50.91	124627	AS7341	flash	5	100	999	10	100.0	0.2
2026-07-07T20:14:39.730	366	856	534	958	2310	2171	2493	2984	3205	417	29.57	1014.53	50.91	125000	AS7341	flash	5	100	999	10	100.0	0.2
2026-07-07T20:14:41.748	366	856	535	958	2311	2172	2494	2985	3206	418	29.57	1014.51	50.9	124906	AS7341	flash	5	100	999	10	100.0	0.2
2026-07-07T20:14:43.777	366	856	534	958	2311	2172	2494	2985	3206	417	29.57	1014.53	50.9	124627	AS7341	flash	5	100	999	10	100.0	0.2
2026-07-07T20:14:45.695	366	856	534	958	2311	2172	2493	2984	3205	417	29.58	1014.54	50.9	125374	AS7341	flash	5	100	999	10	100.0	0.2
2026-07-07T20:14:47.720	366	856	535	958	2312	2172	2494	2985	3206	418	29.58	1014.53	50.88	125000	AS7341	flash	5	100	999	10	100.0	0.2
2026-07-07T20:14:49.738	366	856	534	958	2311	2172	2494	2984	3206	418	29.57	1014.54	50.88	125000	AS7341	flash	5	100	999	10	100.0	0.2
2026-07-07T20:14:51.770	366	856	535	959	2312	2173	2495	2986	3207	418	29.58	1014.55	50.88	124813	AS7341	flash	5	100	999	10	100.0	0.2
2026-07-07T20:14:53.784	366	855	535	959	2312	2173	2495	2986	3207	418	29.58	1014.52	50.87	124813	AS7341	flash	5	100	999	10	100.0	0.2
2026-07-07T20:14:55.703	366	855	535	958	2312	2173	2494	2984	3206	418	29.58	1014.56	50.87	125656	AS7341	flash	5	100	999	10	100.0	0.2
2026-07-07T20:14:57.723	366	856	535	959	2313	2174	2496	2985	3207	418	29.58	1014.53	50.87	125186	AS7341	flash	5	100	999	10	100.0	0.2
2026-07-07T20:14:59.735	366	855	535	959	2313	2174	2496	2986	3207	418	29.58	1014.51	50.87	125093	AS7341	flash	5	100	999	10	100.0	0.2
2026-07-07T20:15:01.755	366	855	535	959	2313	2174	2496	2986	3208	418	29.58	1014.56	50.87	125000	AS7341	flash	5	100	999	10	100.0	0.2
2026-07-07T20:15:03.783	366	855	535	959	2313	2174	2496	2986	3208	418	29.57	1014.51	50.87	126129	AS7341	flash	5	100	999	10	100.0	0.2
2026-07-07T20:15:05.693	366	855	534	959	2313	2173	2495	2985	3207	418	29.58	1014.52	50.87	125845	AS7341	flash	5	100	999	10	100.0	0.2
2026-07-07T20:15:07.710	366	855	535	959	2314	2174	2496	2986	3208	418	29.58	1014.51	50.87	125374	AS7341	flash	5	100	999	10	100.0	0.2
2026-07-07T20:15:09.741	366	855	535	959	2314	2174	2497	2987	3209	418	29.57	1014.51	50.87	126224	AS7341	flash	5	100	999	10	100.0	0.2
2026-07-07T20:15:11.770	366	855	535	959	2314	2175	2497	2986	3208	418	29.58	1014.53	50.85	125000	AS7341	flash	5	100	999	10	100.0	0.2
2026-07-07T20:15:13.693	366	855	535	959	2314	2175	2497	2985	3208	418	29.58	1014.52	50.85	125562	AS7341	flash	5	100	999	10	100.0	0.2
2026-07-07T20:15:15.703	366	855	534	959	2314	2175	2497	2986	3208	418	29.57	1014.54	50.85	125280	AS7341	flash	5	100	999	10	100.0	0.2
2026-07-07T20:15:17.728	366	855	534	960	2315	2175	2498	2987	3209	418	29.57	1014.51	50.85	126129	AS7341	flash	5	100	999	10	100.0	0.2
2026-07-07T20:15:19.741	366	855	534	959	2315	2176	2498	2986	3209	418	29.58	1014.56	50.85	125374	AS7341	flash	5	100	999	10	100.0	0.2
2026-07-07T20:15:21.763	366	855	535	960	2315	2176	2498	2987	3209	418	29.57	1014.53	50.86	125186	AS7341	flash	5	100	999	10	100.0	0.2
2026-07-07T20:15:23.783	366	855	535	960	2315	2175	2498	2986	3209	418	29.57	1014.51	50.86	125186	AS7341	flash	5	100	999	10	100.0	0.2
2026-07-07T20:15:25.694	366	854	534	959	2315	2175	2497	2987	3208	418	29.58	1014.55	50.85	125750	AS7341	flash	5	100	999	10	100.0	0.2
2026-07-07T20:15:27.715	366	855	535	959	2315	2176	2498	2987	3210	418	29.57	1014.51	50.86	125468	AS7341	flash	5	100	999	10	100.0	0.2
2026-07-07T20:15:29.729	366	855	535	960	2316	2177	2499	2989	3211	418	29.57	1014.51	50.86	125656	AS7341	flash	5	100	999	10	100.0	0.2
2026-07-07T20:15:31.749	366	854	534	960	2315	2176	2498	2988	3209	418	29.57	1014.53	50.86	125939	AS7341	flash	5	100	999	10	100.0	0.2
2026-07-07T20:15:33.767	366	855	535	960	2316	2176	2500	2988	3211	418	29.57	1014.5	50.86	125374	AS7341	flash	5	100	999	10	100.0	0.2
2026-07-07T20:15:35.787	366	855	535	960	2317	2177	2500	2990	3211	418	29.57	1014.52	50.87	126224	AS7341	flash	5	100	999	10	100.0	0.2
2026-07-07T20:15:37.707	366	855	535	960	2316	2177	2499	2989	3210	418	29.58	1014.51	50.86	125845	AS7341	flash	5	100	999	10	100.0	0.2
2026-07-07T20:15:39.733	366	855	534	960	2316	2177	2499	2987	3210	418	29.56	1014.5	50.87	125656	AS7341	flash	5	100	999	10	100.0	0.2
2026-07-07T20:15:41.750	366	855	535	960	2316	2176	2499	2989	3211	418	29.57	1014.5	50.86	125374	AS7341	flash	5	100	999	10	0.0	0.2
2026-07-07T20:15:43.771	366	854	534	959	2314	2174	2500	2994	3211	418	29.6	1014.52	51.03	123616	AS7341	flash	5	100	999	10	0.0	0.2
2026-07-07T20:15:45.788	365	853	533	957	2308	2170	2498	3001	3209	418	29.63	1014.54	52.64	120851	AS7341	flash	5	100	999	10	0.0	0.2
2026-07-07T20:15:47.708	365	853	533	955	2305	2167	2498	3005	3208	418	29.66	1014.54	54.99	117214	AS7341	flash	5	100	999	10	100.0	0.25
2026-07-07T20:15:49.729	365	854	533	954	2303	2165	2496	3002	3206	418	29.6	1014.52	56.2	117461	AS7341	flash	5	100	999	10	100.0	0.25
2026-07-07T20:15:51.752	365	855	534	954	2303	2165	2495	2999	3205	418	29.6	1014.53	55.54	118290	AS7341	flash	5	100	999	10	100.0	0.25
2026-07-07T20:15:53.772	365	855	534	954	2301	2163	2492	2996	3203	417	29.59	1014.51	54.58	118290	AS7341	flash	5	100	999	10	100.0	0.25
2026-07-07T20:15:55.789	365	856	533	955	2302	2163	2492	2994	3203	418	29.59	1014.51	53.76	119642	AS7341	flash	5	100	999	10	100.0	0.25
2026-07-07T20:15:57.706	365	856	533	954	2301	2162	2490	2990	3201	417	29.6	1014.53	53.14	120764	AS7341	flash	5	100	999	10	100.0	0.25
2026-07-07T20:15:59.722	365	857	534	955	2302	2163	2490	2989	3202	417	29.59	1014.52	52.68	121201	AS7341	flash	5	100	999	10	100.0	0.25
2026-07-07T20:16:01.738	365	857	534	954	2301	2163	2489	2989	3201	417	29.59	1014.52	52.35	121552	AS7341	flash	5	100	999	10	100.0	0.25
2026-07-07T20:16:03.760	365	858	534	956	2302	2163	2489	2988	3201	417	29.58	1014.5	52.09	121995	AS7341	flash	5	100	999	10	100.0	0.25
2026-07-07T20:16:05.772	365	858	534	956	2302	2163	2489	2987	3201	417	29.6	1014.52	51.93	122980	AS7341	flash	5	100	999	10	100.0	0.25
2026-07-07T20:16:07.781	365	858	534	956	2302	2163	2489	2986	3200	417	29.59	1014.52	51.8	122262	AS7341	flash	5	100	999	10	100.0	0.25
2026-07-07T20:16:09.821	365	858	534	955	2303	2164	2489	2986	3202	417	29.6	1014.53	51.72	122710	AS7341	flash	5	100	999	10	100.0	0.25
2026-07-07T20:16:11.734	365	858	534	955	2303	2163	2489	2985	3201	417	29.6	1014.54	51.67	123434	AS7341	flash	5	100	999	10	100.0	0.25
2026-07-07T20:16:13.753	365	858	534	955	2303	2164	2489	2985	3202	417	29.6	1014.53	51.62	124074	AS7341	flash	5	100	999	10	100.0	0.25
2026-07-07T20:16:15.780	365	858	535	957	2304	2164	2489	2985	3202	417	29.6	1014.53	51.62	123161	AS7341	flash	5	100	999	10	100.0	0.25
2026-07-07T20:16:17.824	365	858	534	956	2304	2165	2490	2986	3202	417	29.6	1014.53	51.59	122352	AS7341	flash	5	100	999	10	100.0	0.25
2026-07-07T20:16:19.728	365	858	534	956	2303	2164	2489	2985	3201	417	29.61	1014.55	51.57	124350	AS7341	flash	5	100	999	10	100.0	0.25
2026-07-07T20:16:21.746	365	858	534	956	2304	2165	2490	2985	3202	417	29.59	1014.51	51.57	123434	AS7341	flash	5	100	999	10	100.0	0.25
2026-07-07T20:16:23.771	365	858	534	956	2305	2166	2490	2986	3202	417	29.6	1014.51	51.56	123434	AS7341	flash	5	100	999	10	100.0	0.25
2026-07-07T20:16:25.783	365	858	535	956	2304	2165	2490	2985	3202	417	29.6	1014.53	51.57	123707	AS7341	flash	5	100	999	10	100.0	0.25
2026-07-07T20:16:27.685	365	858	535	957	2304	2165	2490	2985	3202	417	29.61	1014.51	51.56	124258	AS7341	flash	5	100	999	10	100.0	0.25
2026-07-07T20:16:29.699	365	858	535	957	2304	2165	2489	2984	3201	417	29.61	1014.52	51.57	123798	AS7341	flash	5	100	999	10	100.0	0.25
2026-07-07T20:16:31.738	365	858	535	957	2305	2166	2491	2985	3204	417	29.6	1014.52	51.57	123616	AS7341	flash	5	100	999	10	100.0	0.25
2026-07-07T20:16:33.754	365	858	535	957	2306	2167	2492	2986	3204	417	29.61	1014.52	51.58	123434	AS7341	flash	5	100	999	10	100.0	0.25
2026-07-07T20:16:35.775	365	858	535	957	2306	2167	2492	2986	3204	417	29.61	1014.5	51.58	123982	AS7341	flash	5	100	999	10	100.0	0.25
2026-07-07T20:16:37.811	365	858	535	957	2306	2167	2491	2986	3204	417	29.61	1014.53	51.59	123525	AS7341	flash	5	100	999	10	100.0	0.25
2026-07-07T20:16:39.715	365	857	535	957	2305	2166	2490	2984	3203	417	29.61	1014.53	51.58	123798	AS7341	flash	5	100	999	10	100.0	0.25
2026-07-07T20:16:41.738	366	858	535	957	2307	2168	2492	2986	3205	417	29.62	1014.55	51.57	124442	AS7341	flash	5	100	999	10	100.0	0.25
2026-07-07T20:16:43.766	365	858	535	957	2306	2167	2492	2986	3203	417	29.61	1014.54	51.59	123616	AS7341	flash	5	100	999	10	100.0	0.25
2026-07-07T20:16:45.780	365	858	535	957	2306	2167	2491	2986	3203	417	29.61	1014.54	51.58	123343	AS7341	flash	5	100	999	10	100.0	0.25
2026-07-07T20:16:47.824	365	857	535	958	2307	2167	2492	2986	3204	417	29.61	1014.54	51.57	123252	AS7341	flash	5	100	999	10	100.0	0.25
2026-07-07T20:16:49.726	365	857	535	957	2306	2167	2491	2985	3203	417	29.63	1014.52	51.58	123982	AS7341	flash	5	100	999	10	100.0	0.25
2026-07-07T20:16:51.745	365	857	535	957	2307	2168	2492	2986	3204	417	29.62	1014.56	51.58	123616	AS7341	flash	5	100	999	10	100.0	0.25
2026-07-07T20:16:53.759	365	857	535	958	2307	2168	2492	2986	3204	417	29.62	1014.58	51.57	123707	AS7341	flash	5	100	999	10	100.0	0.25
2026-07-07T20:16:55.784	365	858	535	958	2307	2168	2492	2986	3204	417	29.62	1014.57	51.59	123343	AS7341	flash	5	100	999	10	100.0	0.25
2026-07-07T20:16:57.824	365	857	535	958	2307	2168	2492	2986	3204	417	29.62	1014.55	51.59	123343	AS7341	flash	5	100	999	10	100.0	0.25
2026-07-07T20:16:59.745	365	857	535	957	2306	2167	2492	2985	3203	417	29.64	1014.57	51.58	123890	AS7341	flash	5	100	999	10	100.0	0.25
2026-07-07T20:17:01.766	365	857	535	957	2307	2168	2492	2986	3204	417	29.62	1014.55	51.57	123434	AS7341	flash	5	100	999	10	100.0	0.25
2026-07-07T20:17:03.795	365	857	535	958	2307	2168	2492	2986	3205	417	29.63	1014.53	51.59	124258	AS7341	flash	5	100	999	10	100.0	0.25
2026-07-07T20:17:05.829	365	858	535	958	2308	2168	2493	2988	3205	417	29.63	1014.56	51.58	123798	AS7341	flash	5	100	999	10	100.0	0.25
2026-07-07T20:17:07.742	365	857	535	958	2307	2168	2492	2985	3204	417	29.63	1014.55	51.58	123890	AS7341	flash	5	100	999	10	100.0	0.25
2026-07-07T20:17:09.758	365	857	535	957	2307	2168	2492	2986	3205	417	29.63	1014.53	51.58	123798	AS7341	flash	5	100	999	10	100.0	0.25
2026-07-07T20:17:11.781	365	857	535	958	2308	2169	2493	2987	3206	417	29.62	1014.58	51.58	123343	AS7341	flash	5	100	999	10	100.0	0.25
2026-07-07T20:17:13.817	365	857	535	957	2307	2168	2492	2985	3204	417	29.63	1014.58	51.58	124258	AS7341	flash	5	100	999	10	100.0	0.25
2026-07-07T20:17:15.736	365	857	535	957	2306	2167	2492	2986	3203	417	29.64	1014.56	51.6	123707	AS7341	flash	5	100	999	10	100.0	0.25
2026-07-07T20:17:17.765	365	857	535	958	2308	2169	2494	2988	3205	417	29.63	1014.54	51.59	123525	AS7341	flash	5	100	999	10	100.0	0.25
2026-07-07T20:17:19.784	365	857	535	957	2307	2168	2493	2987	3205	417	29.64	1014.56	51.58	122890	AS7341	flash	5	100	999	10	100.0	0.25
2026-07-07T20:17:21.821	365	857	535	958	2307	2168	2493	2987	3204	417	29.63	1014.58	51.61	123707	AS7341	flash	5	100	999	10	100.0	0.25
2026-07-07T20:17:23.725	365	857	535	957	2306	2167	2492	2986	3203	417	29.64	1014.59	51.6	124906	AS7341	flash	5	100	999	10	100.0	0.25
2026-07-07T20:17:25.745	365	857	535	958	2307	2168	2493	2987	3205	417	29.63	1014.59	51.6	123707	AS7341	flash	5	100	999	10	100.0	0.25
2026-07-07T20:17:27.772	365	857	535	958	2308	2169	2494	2988	3206	417	29.63	1014.59	51.59	124350	AS7341	flash	5	100	999	10	100.0	0.25
2026-07-07T20:17:29.787	365	857	535	958	2308	2169	2493	2987	3205	417	29.63	1014.58	51.59	123525	AS7341	flash	5	100	999	10	100.0	0.25
2026-07-07T20:17:31.814	365	857	535	958	2307	2168	2493	2987	3204	417	29.64	1014.58	51.6	123343	AS7341	flash	5	100	999	10	100.0	0.25
2026-07-07T20:17:33.723	365	857	535	957	2307	2168	2493	2986	3204	418	29.64	1014.58	51.6	123525	AS7341	flash	5	100	999	10	100.0	0.25
2026-07-07T20:17:35.753	365	858	535	958	2308	2168	2493	2987	3204	418	29.63	1014.61	51.59	123252	AS7341	flash	5	100	999	10	100.0	0.25
2026-07-07T20:17:37.766	365	857	535	958	2308	2169	2493	2987	3204	417	29.63	1014.6	51.6	124258	AS7341	flash	5	100	999	10	100.0	0.25
2026-07-07T20:17:39.793	365	857	535	958	2308	2169	2493	2987	3206	417	29.63	1014.57	51.61	124627	AS7341	flash	5	100	999	10	100.0	0.25
2026-07-07T20:17:41.824	366	858	535	958	2309	2169	2493	2988	3206	417	29.63	1014.58	51.61	123161	AS7341	flash	5	100	999	10	100.0	0.25
2026-07-07T20:17:43.733	365	857	535	957	2307	2168	2492	2986	3205	417	29.64	1014.59	51.6	124074	AS7341	flash	5	100	999	10	100.0	0.25
2026-07-07T20:17:45.755	365	857	535	957	2309	2168	2493	2987	3206	418	29.63	1014.58	51.59	123890	AS7341	flash	5	100	999	10	100.0	0.25
2026-07-07T20:17:47.774	365	857	535	958	2309	2169	2493	2987	3205	418	29.64	1014.61	51.62	123525	AS7341	flash	5	100	999	10	100.0	0.25
2026-07-07T20:17:49.786	365	857	535	958	2309	2169	2494	2987	3206	417	29.63	1014.6	51.62	123434	AS7341	flash	5	100	999	10	100.0	0.25
2026-07-07T20:17:51.825	365	858	535	958	2309	2169	2494	2987	3206	418	29.64	1014.57	51.62	124166	AS7341	flash	5	100	999	10	100.0	0.25
2026-07-07T20:17:53.733	365	857	535	957	2308	2168	2493	2986	3205	417	29.64	1014.62	51.61	123798	AS7341	flash	5	100	999	10	100.0	0.25
2026-07-07T20:17:55.762	366	858	535	958	2309	2169	2494	2988	3206	418	29.64	1014.6	51.61	123525	AS7341	flash	5	100	999	10	100.0	0.25
2026-07-07T20:17:57.778	365	857	535	958	2309	2169	2494	2988	3206	417	29.64	1014.62	51.62	124813	AS7341	flash	5	100	999	10	100.0	0.25
2026-07-07T20:17:59.793	366	857	535	958	2309	2169	2494	2987	3206	417	29.64	1014.59	51.62	124166	AS7341	flash	5	100	999	10	100.0	0.25
2026-07-07T20:18:01.820	366	857	535	958	2309	2169	2494	2987	3205	418	29.64	1014.62	51.63	123798	AS7341	flash	5	100	999	10	100.0	0.25
2026-07-07T20:18:03.740	365	857	535	958	2308	2168	2493	2986	3205	417	29.64	1014.6	51.63	124720	AS7341	flash	5	100	999	10	100.0	0.25
2026-07-07T20:18:05.763	366	857	535	958	2309	2169	2494	2987	3206	418	29.64	1014.58	51.63	123707	AS7341	flash	5	100	999	10	100.0	0.25
2026-07-07T20:18:07.782	365	857	535	958	2308	2169	2493	2987	3205	418	29.64	1014.61	51.62	124074	AS7341	flash	5	100	999	10	100.0	0.25
2026-07-07T20:18:09.826	365	857	535	958	2309	2169	2494	2987	3206	418	29.65	1014.61	51.64	123525	AS7341	flash	5	100	999	10	100.0	0.25
2026-07-07T20:18:11.744	365	857	535	958	2309	2169	2494	2987	3206	418	29.65	1014.63	51.63	124627	AS7341	flash	5	100	999	10	100.0	0.25
2026-07-07T20:18:13.758	365	857	535	958	2310	2169	2494	2988	3206	418	29.65	1014.61	51.62	123707	AS7341	flash	5	100	999	10	100.0	0.25
2026-07-07T20:18:15.789	365	857	535	957	2309	2169	2493	2987	3204	418	29.65	1014.6	51.64	123434	AS7341	flash	5	100	999	10	100.0	0.25
2026-07-07T20:18:17.820	365	857	535	958	2309	2169	2493	2987	3205	418	29.64	1014.62	51.64	123525	AS7341	flash	5	100	999	10	100.0	0.25
2026-07-07T20:18:19.727	365	857	535	957	2308	2169	2493	2986	3205	418	29.65	1014.6	51.65	123707	AS7341	flash	5	100	999	10	100.0	0.25
2026-07-07T20:18:21.753	365	858	535	958	2309	2169	2493	2987	3205	418	29.65	1014.62	51.64	123525	AS7341	flash	5	100	999	10	100.0	0.25
2026-07-07T20:18:23.778	365	857	535	958	2309	2169	2495	2987	3205	418	29.65	1014.64	51.65	123434	AS7341	flash	5	100	999	10	100.0	0.25
2026-07-07T20:18:25.826	365	858	535	958	2310	2169	2494	2987	3206	418	29.65	1014.62	51.63	123434	AS7341	flash	5	100	999	10	100.0	0.25
2026-07-07T20:18:27.744	365	857	535	958	2308	2169	2493	2986	3205	418	29.66	1014.63	51.64	123890	AS7341	flash	5	100	999	10	100.0	0.25
2026-07-07T20:18:29.762	365	857	535	958	2309	2169	2493	2987	3206	418	29.65	1014.61	51.64	123707	AS7341	flash	5	100	999	10	100.0	0.25
2026-07-07T20:18:31.811	365	858	535	958	2309	2169	2494	2988	3206	418	29.65	1014.6	51.64	123616	AS7341	flash	5	100	999	10	100.0	0.25
2026-07-07T20:18:33.721	365	857	535	958	2309	2169	2493	2987	3206	418	29.65	1014.6	51.63	123707	AS7341	flash	5	100	999	10	100.0	0.25
2026-07-07T20:18:35.735	365	858	535	958	2309	2169	2494	2988	3207	418	29.65	1014.64	51.65	123525	AS7341	flash	5	100	999	10	100.0	0.25
2026-07-07T20:18:37.757	365	857	535	957	2310	2170	2494	2988	3207	418	29.65	1014.61	51.64	123434	AS7341	flash	5	100	999	10	100.0	0.25
2026-07-07T20:18:39.783	366	858	535	958	2309	2169	2495	2988	3206	418	29.65	1014.61	51.64	123343	AS7341	flash	5	100	999	10	100.0	0.25
2026-07-07T20:18:41.792	366	858	535	958	2310	2169	2494	2989	3207	418	29.65	1014.6	51.66	123343	AS7341	flash	5	100	999	10	100.0	0.25
2026-07-07T20:18:43.824	365	857	535	958	2309	2169	2494	2988	3206	418	29.65	1014.63	51.66	122980	AS7341	flash	5	100	999	10	100.0	0.25
2026-07-07T20:18:45.732	366	858	535	958	2309	2169	2494	2988	3206	418	29.66	1014.63	51.64	124720	AS7341	flash	5	100	999	10	100.0	0.25
2026-07-07T20:18:47.750	366	858	535	958	2310	2170	2495	2989	3207	418	29.66	1014.6	51.66	123525	AS7341	flash	5	100	999	10	100.0	0.25
2026-07-07T20:18:49.767	366	858	535	958	2309	2169	2494	2988	3206	418	29.66	1014.62	51.65	123434	AS7341	flash	5	100	999	10	100.0	0.25
2026-07-07T20:18:51.792	366	858	535	958	2310	2170	2495	2989	3207	418	29.65	1014.61	51.67	123252	AS7341	flash	5	100	999	10	100.0	0.25
2026-07-07T20:18:53.817	366	858	535	958	2310	2170	2494	2989	3207	418	29.66	1014.63	51.66	123343	AS7341	flash	5	100	999	10	100.0	0.25
2026-07-07T20:18:55.727	365	858	535	957	2310	2170	2496	2989	3207	418	29.66	1014.62	51.66	123982	AS7341	flash	5	100	999	10	100.0	0.25
2026-07-07T20:18:57.754	366	858	535	958	2310	2170	2494	2988	3207	418	29.66	1014.6	51.65	124258	AS7341	flash	5	100	999	10	100.0	0.25
2026-07-07T20:18:59.774	366	858	535	958	2311	2171	2496	2990	3208	418	29.66	1014.64	51.66	123707	AS7341	flash	5	100	999	10	100.0	0.25
2026-07-07T20:19:01.814	366	858	535	958	2310	2170	2495	2989	3207	418	29.66	1014.63	51.68	123890	AS7341	flash	5	100	999	10	100.0	0.25
2026-07-07T20:19:03.723	366	858	535	958	2310	2169	2494	2988	3206	418	29.67	1014.62	51.67	123616	AS7341	flash	5	100	999	10	100.0	0.25
2026-07-07T20:19:05.750	366	858	535	958	2310	2170	2496	2988	3207	418	29.65	1014.59	51.65	123343	AS7341	flash	5	100	999	10	100.0	0.25
2026-07-07T20:19:07.769	365	858	535	958	2310	2170	2495	2988	3206	418	29.66	1014.64	51.66	123252	AS7341	flash	5	100	999	10	100.0	0.25
2026-07-07T20:19:09.792	365	858	535	958	2310	2170	2496	2989	3207	418	29.66	1014.63	51.67	123343	AS7341	flash	5	100	999	10	100.0	0.25
2026-07-07T20:19:11.812	366	858	535	958	2310	2170	2495	2988	3207	418	29.66	1014.62	51.66	123434	AS7341	flash	5	100	999	10	100.0	0.25
2026-07-07T20:19:13.724	365	858	535	958	2309	2169	2495	2987	3206	418	29.67	1014.65	51.66	124258	AS7341	flash	5	100	999	10	100.0	0.25
2026-07-07T20:19:15.750	366	858	535	958	2310	2169	2495	2988	3206	418	29.67	1014.61	51.65	124074	AS7341	flash	5	100	999	10	100.0	0.25
2026-07-07T20:19:17.773	366	858	535	958	2310	2170	2496	2988	3208	418	29.67	1014.65	51.66	123890	AS7341	flash	5	100	999	10	100.0	0.25
2026-07-07T20:19:19.791	366	858	535	958	2311	2170	2496	2989	3208	418	29.67	1014.69	51.66	124074	AS7341	flash	5	100	999	10	100.0	0.25
2026-07-07T20:19:21.817	366	858	535	958	2310	2170	2496	2989	3207	418	29.67	1014.63	51.66	123890	AS7341	flash	5	100	999	10	100.0	0.25
2026-07-07T20:19:23.739	366	858	535	958	2310	2169	2495	2988	3207	418	29.68	1014.62	51.65	123616	AS7341	flash	5	100	999	10	100.0	0.25
2026-07-07T20:19:25.760	366	858	535	958	2311	2170	2496	2989	3208	418	29.67	1014.62	51.65	123343	AS7341	flash	5	100	999	10	100.0	0.25
2026-07-07T20:19:27.776	366	858	535	958	2311	2171	2496	2989	3208	418	29.67	1014.61	51.65	123525	AS7341	flash	5	100	999	10	100.0	0.25
2026-07-07T20:19:29.825	366	858	535	958	2311	2170	2496	2989	3208	418	29.67	1014.63	51.66	122980	AS7341	flash	5	100	999	10	100.0	0.25
2026-07-07T20:19:31.730	366	858	535	958	2309	2169	2495	2988	3207	418	29.68	1014.63	51.67	123616	AS7341	flash	5	100	999	10	100.0	0.25
2026-07-07T20:19:33.753	366	859	535	959	2311	2171	2497	2989	3209	418	29.67	1014.63	51.67	124074	AS7341	flash	5	100	999	10	100.0	0.25
2026-07-07T20:19:35.768	366	859	535	958	2311	2171	2497	2990	3209	418	29.68	1014.62	51.67	123343	AS7341	flash	5	100	999	10	100.0	0.25
2026-07-07T20:19:37.799	366	858	535	958	2310	2170	2496	2989	3208	418	29.68	1014.64	51.66	122800	AS7341	flash	5	100	999	10	100.0	0.25
2026-07-07T20:19:39.820	367	858	535	958	2310	2170	2495	2989	3207	418	29.68	1014.65	51.68	123161	AS7341	flash	5	100	999	10	100.0	0.25
2026-07-07T20:19:41.737	366	858	535	958	2309	2169	2496	2988	3207	418	29.69	1014.63	51.67	123707	AS7341	flash	5	100	999	10	100.0	0.25
2026-07-07T20:19:43.764	366	858	535	958	2310	2170	2496	2987	3207	419	29.68	1014.64	51.65	123525	AS7341	flash	5	100	999	10	100.0	0.25
2026-07-07T20:19:45.786	366	858	535	958	2311	2170	2496	2989	3208	418	29.68	1014.64	51.65	122980	AS7341	flash	5	100	999	10	100.0	0.25
2026-07-07T20:19:47.817	366	858	535	958	2310	2170	2496	2988	3207	418	29.68	1014.67	51.67	122980	AS7341	flash	5	100	999	10	100.0	0.25
2026-07-07T20:19:49.720	366	858	535	958	2310	2170	2496	2989	3207	418	29.69	1014.65	51.65	124258	AS7341	flash	5	100	999	10	100.0	0.25
2026-07-07T20:19:51.749	366	858	535	958	2310	2170	2496	2988	3207	418	29.68	1014.64	51.65	124074	AS7341	flash	5	100	999	10	100.0	0.25
2026-07-07T20:19:53.770	367	858	535	958	2310	2170	2496	2988	3207	418	29.69	1014.65	51.65	123890	AS7341	flash	5	100	999	10	100.0	0.25
2026-07-07T20:19:55.820	366	858	535	958	2310	2170	2496	2988	3207	418	29.68	1014.62	51.67	123616	AS7341	flash	5	100	999	10	100.0	0.25
2026-07-07T20:19:57.742	365	858	535	958	2310	2169	2495	2988	3206	418	29.69	1014.62	51.65	124258	AS7341	flash	5	100	999	10	100.0	0.25
2026-07-07T20:19:59.770	366	859	535	958	2311	2170	2497	2989	3208	418	29.69	1014.64	51.66	124258	AS7341	flash	5	100	999	10	100.0	0.25
2026-07-07T20:20:01.811	366	858	535	959	2310	2170	2497	2989	3208	418	29.7	1014.64	51.66	122980	AS7341	flash	5	100	999	10	100.0	0.25
2026-07-07T20:20:03.731	366	858	535	958	2310	2170	2496	2989	3208	418	29.7	1014.64	51.66	123707	AS7341	flash	5	100	999	10	100.0	0.25
2026-07-07T20:20:05.749	366	858	535	958	2310	2170	2496	2988	3207	418	29.69	1014.63	51.66	123890	AS7341	flash	5	100	999	10	100.0	0.25
2026-07-07T20:20:07.772	366	858	535	959	2310	2170	2496	2989	3207	418	29.7	1014.67	51.65	123161	AS7341	flash	5	100	999	10	100.0	0.25
2026-07-07T20:20:09.818	367	858	535	958	2310	2170	2496	2989	3207	418	29.69	1014.66	51.64	123252	AS7341	flash	5	100	999	10	100.0	0.25
2026-07-07T20:20:11.732	366	858	535	958	2310	2170	2496	2988	3206	418	29.71	1014.65	51.66	123525	AS7341	flash	5	100	999	10	100.0	0.25
2026-07-07T20:20:13.754	366	859	535	959	2310	2170	2496	2989	3207	418	29.7	1014.63	51.65	123890	AS7341	flash	5	100	999	10	100.0	0.25
2026-07-07T20:20:15.778	366	858	535	959	2310	2170	2496	2990	3208	418	29.7	1014.67	51.65	122890	AS7341	flash	5	100	999	10	100.0	0.25
2026-07-07T20:20:17.798	366	858	535	959	2310	2170	2496	2989	3208	418	29.7	1014.69	51.66	123798	AS7341	flash	5	100	999	10	100.0	0.25
2026-07-07T20:20:19.826	366	859	535	959	2311	2170	2497	2989	3208	418	29.7	1014.67	51.66	123525	AS7341	flash	5	100	999	10	100.0	0.25
2026-07-07T20:20:21.733	366	858	535	959	2310	2170	2496	2990	3208	418	29.72	1014.66	51.65	123616	AS7341	flash	5	100	999	10	100.0	0.25
2026-07-07T20:20:23.749	366	859	535	959	2310	2170	2497	2990	3208	418	29.71	1014.67	51.65	123161	AS7341	flash	5	100	999	10	100.0	0.25
2026-07-07T20:20:25.770	366	859	536	960	2311	2171	2497	2991	3209	418	29.72	1014.69	51.65	122890	AS7341	flash	5	100	999	10	100.0	0.25
2026-07-07T20:20:27.795	366	859	535	959	2311	2170	2497	2990	3208	418	29.7	1014.67	51.65	122800	AS7341	flash	5	100	999	10	100.0	0.25
2026-07-07T20:20:29.815	366	859	535	959	2311	2171	2497	2990	3209	418	29.71	1014.66	51.66	122890	AS7341	flash	5	100	999	10	100.0	0.25
2026-07-07T20:20:31.717	366	859	535	959	2311	2170	2497	2990	3209	418	29.72	1014.68	51.66	123525	AS7341	flash	5	100	999	10	100.0	0.25
2026-07-07T20:20:33.740	366	859	535	959	2311	2171	2497	2990	3209	418	29.72	1014.7	51.65	123890	AS7341	flash	5	100	999	10	100.0	0.25
2026-07-07T20:20:35.754	366	859	535	959	2311	2170	2497	2990	3208	418	29.71	1014.72	51.65	122890	AS7341	flash	5	100	999	10	100.0	0.25
2026-07-07T20:20:37.775	367	859	535	959	2311	2171	2497	2990	3209	418	29.72	1014.67	51.64	123616	AS7341	flash	5	100	999	10	100.0	0.25
2026-07-07T20:20:39.824	367	859	535	959	2311	2171	2497	2990	3209	418	29.72	1014.67	51.65	122980	AS7341	flash	5	100	999	10	100.0	0.25
2026-07-07T20:20:41.743	367	859	536	959	2311	2170	2497	2990	3208	418	29.72	1014.67	51.65	123616	AS7341	flash	5	100	999	10	100.0	0.25
2026-07-07T20:20:43.758	366	859	536	959	2310	2170	2497	2990	3208	418	29.72	1014.65	51.64	123161	AS7341	flash	5	100	999	10	100.0	0.25
2026-07-07T20:20:45.789	366	859	535	959	2310	2170	2497	2990	3208	418	29.72	1014.69	51.66	123525	AS7341	flash	5	100	999	10	100.0	0.25
2026-07-07T20:20:47.825	366	859	536	959	2310	2171	2497	2990	3208	418	29.72	1014.66	51.65	122710	AS7341	flash	5	100	999	10	100.0	0.25
2026-07-07T20:20:49.742	366	858	535	959	2310	2169	2495	2989	3207	418	29.72	1014.68	51.65	124074	AS7341	flash	5	100	999	10	100.0	0.25
2026-07-07T20:20:51.756	366	859	535	959	2310	2170	2496	2989	3208	418	29.72	1014.66	51.65	123343	AS7341	flash	5	100	999	10	100.0	0.25
2026-07-07T20:20:53.772	366	859	535	959	2311	2170	2497	2990	3208	418	29.73	1014.69	51.64	123434	AS7341	flash	5	100	999	10	100.0	0.25
2026-07-07T20:20:55.782	366	859	536	959	2310	2170	2497	2989	3208	418	29.73	1014.69	51.64	123161	AS7341	flash	5	100	999	10	100.0	0.25
2026-07-07T20:20:57.817	366	859	535	959	2311	2171	2497	2990	3209	418	29.73	1014.67	51.66	123525	AS7341	flash	5	100	999	10	100.0	0.25
2026-07-07T20:20:59.737	366	859	535	958	2310	2171	2497	2990	3208	418	29.73	1014.68	51.65	123434	AS7341	flash	5	100	999	10	100.0	0.25
2026-07-07T20:21:01.755	367	859	535	959	2310	2170	2497	2989	3207	418	29.73	1014.7	51.63	123161	AS7341	flash	5	100	999	10	100.0	0.25
2026-07-07T20:21:03.764	366	859	535	959	2311	2171	2497	2990	3208	418	29.73	1014.68	51.65	123616	AS7341	flash	5	100	999	10	100.0	0.25
2026-07-07T20:21:05.786	366	859	535	958	2311	2170	2497	2990	3209	418	29.73	1014.67	51.65	122173	AS7341	flash	5	100	999	10	100.0	0.25
2026-07-07T20:21:07.824	367	859	536	959	2311	2171	2497	2990	3209	418	29.73	1014.67	51.65	123071	AS7341	flash	5	100	999	10	100.0	0.25
2026-07-07T20:21:09.743	367	859	535	959	2310	2170	2496	2988	3208	418	29.73	1014.68	51.65	123161	AS7341	flash	5	100	999	10	100.0	0.25
2026-07-07T20:21:11.765	367	859	535	959	2310	2170	2496	2989	3208	418	29.74	1014.7	51.65	122800	AS7341	flash	5	100	999	10	100.0	0.25
2026-07-07T20:21:13.789	367	859	536	959	2311	2171	2497	2990	3208	418	29.73	1014.66	51.65	123071	AS7341	flash	5	100	999	10	100.0	0.25
2026-07-07T20:21:15.821	366	859	535	959	2310	2170	2497	2990	3209	418	29.74	1014.69	51.65	122710	AS7341	flash	5	100	999	10	100.0	0.25
2026-07-07T20:21:17.732	367	859	535	959	2310	2170	2496	2989	3208	418	29.75	1014.68	51.65	124074	AS7341	flash	5	100	999	10	100.0	0.25
2026-07-07T20:21:19.763	367	859	535	959	2310	2170	2497	2990	3209	418	29.74	1014.67	51.65	122800	AS7341	flash	5	100	999	10	100.0	0.25
2026-07-07T20:21:21.786	366	859	536	959	2310	2169	2496	2988	3207	418	29.74	1014.69	51.66	122800	AS7341	flash	5	100	999	10	100.0	0.25
2026-07-07T20:21:23.819	367	859	535	959	2311	2170	2497	2990	3209	418	29.74	1014.69	51.65	122710	AS7341	flash	5	100	999	10	100.0	0.25
2026-07-07T20:21:25.728	367	859	535	958	2310	2170	2496	2989	3208	418	29.75	1014.7	51.64	124166	AS7341	flash	5	100	999	10	100.0	0.25
2026-07-07T20:21:27.748	367	859	536	959	2310	2170	2496	2989	3208	418	29.74	1014.67	51.66	123343	AS7341	flash	5	100	999	10	100.0	0.25
2026-07-07T20:21:29.767	367	859	535	959	2310	2170	2496	2989	3208	418	29.74	1014.66	51.64	122980	AS7341	flash	5	100	999	10	100.0	0.25
2026-07-07T20:21:31.799	367	859	536	959	2311	2172	2497	2990	3209	418	29.74	1014.69	51.64	122980	AS7341	flash	5	100	999	10	100.0	0.25
2026-07-07T20:21:33.825	366	859	536	959	2310	2171	2497	2989	3208	418	29.75	1014.66	51.66	123343	AS7341	flash	5	100	999	10	100.0	0.25
2026-07-07T20:21:35.744	366	859	535	958	2310	2170	2496	2988	3207	418	29.76	1014.67	51.64	123890	AS7341	flash	5	100	999	10	100.0	0.25
2026-07-07T20:21:37.760	367	859	535	958	2310	2171	2496	2989	3207	418	29.75	1014.67	51.64	122980	AS7341	flash	5	100	999	10	100.0	0.25
2026-07-07T20:21:39.780	366	859	535	958	2310	2171	2496	2988	3207	418	29.75	1014.69	51.61	123616	AS7341	flash	5	100	999	10	100.0	0.25
2026-07-07T20:21:41.827	367	859	536	959	2310	2170	2497	2989	3208	418	29.75	1014.67	51.65	123707	AS7341	flash	5	100	999	10	100.0	0.25
2026-07-07T20:21:43.732	367	859	536	958	2310	2171	2496	2989	3208	418	29.76	1014.68	51.63	122980	AS7341	flash	5	100	999	10	100.0	0.25
2026-07-07T20:21:45.748	367	859	535	958	2310	2170	2496	2988	3207	418	29.75	1014.66	51.62	122620	AS7341	flash	5	100	999	10	100.0	0.25
2026-07-07T20:21:47.767	367	859	536	959	2310	2171	2497	2989	3208	418	29.76	1014.67	51.62	122890	AS7341	flash	5	100	999	10	100.0	0.25
2026-07-07T20:21:49.783	367	859	536	958	2310	2171	2496	2989	3208	418	29.76	1014.66	51.64	123343	AS7341	flash	5	100	999	10	100.0	0.25
2026-07-07T20:21:51.773	367	859	536	959	2311	2171	2497	2989	3208	418	29.76	1014.67	51.63	123798	AS7341	flash	5	100	999	10	100.0	0.25
2026-07-07T20:21:53.765	367	859	536	958	2310	2171	2496	2989	3207	418	29.76	1014.69	51.64	122800	AS7341	flash	5	100	999	10	100.0	0.25
2026-07-07T20:21:55.762	367	859	535	958	2310	2171	2497	2990	3208	418	29.77	1014.68	51.64	123525	AS7341	flash	5	100	999	10	100.0	0.25
2026-07-07T20:21:57.744	366	859	536	959	2310	2171	2497	2989	3208	418	29.77	1014.69	51.64	122890	AS7341	flash	5	100	999	10	100.0	0.25
2026-07-07T20:21:59.736	367	859	536	958	2310	2171	2496	2989	3207	418	29.76	1014.65	51.65	123161	AS7341	flash	5	100	999	10	100.0	0.25
2026-07-07T20:22:01.720	367	859	535	958	2309	2170	2495	2989	3206	418	29.77	1014.7	51.64	123707	AS7341	flash	5	100	999	10	100.0	0.25
2026-07-07T20:22:03.814	367	859	535	958	2310	2171	2496	2989	3207	418	29.76	1014.68	51.64	122620	AS7341	flash	5	100	999	10	100.0	0.25
2026-07-07T20:22:05.822	367	859	536	958	2309	2170	2496	2989	3207	418	29.76	1014.67	51.63	123252	AS7341	flash	5	100	999	10	100.0	0.25
2026-07-07T20:22:07.819	367	859	536	958	2310	2171	2496	2989	3207	418	29.77	1014.67	51.65	122441	AS7341	flash	5	100	999	10	100.0	0.25
2026-07-07T20:22:09.829	367	859	535	958	2310	2171	2496	2990	3208	418	29.76	1014.68	51.61	122620	AS7341	flash	5	100	999	10	100.0	0.25
2026-07-07T20:22:11.816	367	859	535	958	2310	2171	2496	2989	3207	418	29.76	1014.69	51.63	123343	AS7341	flash	5	100	999	10	100.0	0.25
2026-07-07T20:22:13.828	367	859	536	959	2310	2171	2496	2989	3208	418	29.77	1014.64	51.63	122531	AS7341	flash	5	100	999	10	100.0	0.25
2026-07-07T20:22:15.820	367	859	536	959	2310	2171	2497	2990	3208	418	29.76	1014.66	51.61	122620	AS7341	flash	5	100	999	10	100.0	0.25
2026-07-07T20:22:17.830	367	859	536	958	2309	2170	2496	2989	3208	418	29.77	1014.65	51.61	123890	AS7341	flash	5	100	999	10	100.0	0.25
2026-07-07T20:22:19.724	367	859	536	958	2309	2170	2495	2988	3208	418	29.77	1014.64	51.61	123890	AS7341	flash	5	100	999	10	100.0	0.25
2026-07-07T20:22:21.818	367	860	536	958	2310	2171	2496	2989	3208	418	29.76	1014.66	51.61	122084	AS7341	flash	5	100	999	10	100.0	0.25
2026-07-07T20:22:23.825	367	859	536	958	2310	2170	2496	2989	3208	418	29.77	1014.65	51.61	122980	AS7341	flash	5	100	999	10	100.0	0.25
2026-07-07T20:22:25.825	367	859	536	958	2309	2170	2496	2989	3207	418	29.77	1014.65	51.62	123434	AS7341	flash	5	100	999	10	100.0	0.25
2026-07-07T20:22:27.822	367	859	536	958	2310	2170	2496	2989	3207	418	29.77	1014.66	51.61	122710	AS7341	flash	5	100	999	10	100.0	0.25
2026-07-07T20:22:29.829	367	860	536	958	2311	2171	2497	2990	3209	418	29.77	1014.67	51.62	123525	AS7341	flash	5	100	999	10	100.0	0.25
2026-07-07T20:22:31.716	367	859	536	958	2310	2170	2495	2988	3207	418	29.78	1014.61	51.61	123343	AS7341	flash	5	100	999	10	100.0	0.25
2026-07-07T20:22:33.818	367	860	536	959	2310	2171	2497	2990	3208	418	29.77	1014.66	51.61	122352	AS7341	flash	5	100	999	10	100.0	0.25
2026-07-07T20:22:35.821	367	860	536	959	2310	2171	2496	2989	3208	418	29.78	1014.62	51.62	122352	AS7341	flash	5	100	999	10	100.0	0.25
2026-07-07T20:22:37.831	367	859	536	958	2310	2170	2496	2988	3208	418	29.78	1014.62	51.61	123525	AS7341	flash	5	100	999	10	100.0	0.25
2026-07-07T20:22:39.725	367	859	536	958	2309	2170	2495	2987	3207	418	29.79	1014.64	51.61	122980	AS7341	flash	5	100	999	10	100.0	0.25
2026-07-07T20:22:41.718	367	859	536	958	2309	2170	2496	2988	3207	418	29.79	1014.64	51.6	123890	AS7341	flash	5	100	999	10	100.0	0.25
2026-07-07T20:22:43.829	367	860	536	958	2310	2171	2496	2989	3208	418	29.77	1014.62	51.62	122441	AS7341	flash	5	100	999	10	100.0	0.25
2026-07-07T20:22:45.826	367	860	536	958	2310	2170	2496	2989	3208	418	29.78	1014.66	51.62	122441	AS7341	flash	5	100	999	10	100.0	0.25
2026-07-07T20:22:47.716	367	859	536	958	2309	2170	2495	2987	3206	418	29.79	1014.64	51.6	123161	AS7341	flash	5	100	999	10	100.0	0.25
2026-07-07T20:22:49.816	367	859	536	959	2310	2171	2496	2989	3208	418	29.78	1014.64	51.6	122441	AS7341	flash	5	100	999	10	100.0	0.25
2026-07-07T20:22:51.829	367	860	536	958	2310	2170	2496	2988	3207	418	29.79	1014.65	51.6	122084	AS7341	flash	5	100	999	10	100.0	0.25
2026-07-07T20:22:53.819	367	860	536	958	2309	2170	2495	2988	3207	418	29.79	1014.63	51.58	123071	AS7341	flash	5	100	999	10	100.0	0.25
2026-07-07T20:22:55.819	367	860	536	958	2310	2170	2496	2989	3207	418	29.78	1014.64	51.58	123525	AS7341	flash	5	100	999	10	100.0	0.25
2026-07-07T20:22:57.817	367	859	536	958	2310	2170	2496	2988	3207	418	29.79	1014.63	51.58	123525	AS7341	flash	5	100	999	10	100.0	0.25
2026-07-07T20:22:59.816	367	859	536	958	2310	2170	2496	2988	3207	418	29.79	1014.64	51.57	122800	AS7341	flash	5	100	999	10	100.0	0.25
2026-07-07T20:23:01.822	367	860	536	958	2310	2170	2496	2988	3207	418	29.79	1014.66	51.57	123343	AS7341	flash	5	100	999	10	100.0	0.25
2026-07-07T20:23:03.815	367	860	537	958	2310	2170	2496	2988	3207	418	29.79	1014.63	51.57	123252	AS7341	flash	5	100	999	10	100.0	0.25
2026-07-07T20:23:05.826	367	860	536	958	2310	2171	2496	2988	3207	418	29.79	1014.65	51.55	122710	AS7341	flash	5	100	999	10	100.0	0.25
2026-07-07T20:23:07.717	367	860	536	958	2310	2170	2495	2987	3206	418	29.8	1014.62	51.55	123252	AS7341	flash	5	100	999	10	100.0	0.25
2026-07-07T20:23:09.826	367	860	536	959	2311	2171	2497	2989	3208	418	29.79	1014.61	51.55	122890	AS7341	flash	5	100	999	10	100.0	0.25
2026-07-07T20:23:11.822	367	860	537	959	2312	2171	2497	2989	3208	418	29.8	1014.61	51.56	123707	AS7341	flash	5	100	999	10	100.0	0.25
2026-07-07T20:23:13.817	367	861	537	959	2312	2172	2497	2989	3208	418	29.8	1014.64	51.57	122620	AS7341	flash	5	100	999	10	100.0	0.25
2026-07-07T20:23:15.818	367	861	536	958	2311	2171	2496	2988	3207	418	29.8	1014.61	51.55	123616	AS7341	flash	5	100	999	10	100.0	0.25
2026-07-07T20:23:17.826	367	860	536	958	2311	2171	2496	2988	3207	418	29.8	1014.62	51.56	122800	AS7341	flash	5	100	999	10	100.0	0.25
2026-07-07T20:23:19.718	367	860	536	958	2311	2171	2496	2988	3207	418	29.8	1014.62	51.55	123161	AS7341	flash	5	100	999	10	100.0	0.25
2026-07-07T20:23:21.715	367	861	536	958	2311	2170	2496	2988	3207	418	29.8	1014.6	51.54	122980	AS7341	flash	5	100	999	10	100.0	0.25
2026-07-07T20:23:23.823	367	860	537	959	2312	2172	2497	2989	3208	418	29.79	1014.65	51.55	123161	AS7341	flash	5	100	999	10	100.0	0.25
2026-07-07T20:23:25.838	367	860	536	959	2312	2172	2497	2989	3209	418	29.8	1014.59	51.55	123343	AS7341	flash	5	100	999	10	100.0	0.25
2026-07-07T20:23:27.725	367	860	537	959	2311	2171	2496	2988	3208	418	29.81	1014.62	51.56	123161	AS7341	flash	5	100	999	10	100.0	0.25
2026-07-07T20:23:29.822	367	861	537	959	2311	2171	2497	2989	3209	418	29.79	1014.64	51.55	122710	AS7341	flash	5	100	999	10	100.0	0.25
2026-07-07T20:23:31.822	367	860	537	959	2312	2171	2497	2989	3209	418	29.8	1014.64	51.55	122620	AS7341	flash	5	100	999	10	100.0	0.25
2026-07-07T20:23:33.831	367	860	536	959	2311	2171	2496	2988	3208	418	29.8	1014.61	51.56	123343	AS7341	flash	5	100	999	10	100.0	0.25
2026-07-07T20:23:35.724	367	860	536	958	2310	2170	2495	2987	3207	418	29.81	1014.64	51.56	124074	AS7341	flash	5	100	999	10	100.0	0.25
2026-07-07T20:23:37.821	367	861	537	959	2313	2172	2498	2990	3210	418	29.8	1014.63	51.55	123071	AS7341	flash	5	100	999	10	100.0	0.25
2026-07-07T20:23:39.816	367	861	537	958	2312	2171	2497	2989	3209	418	29.81	1014.64	51.54	123161	AS7341	flash	5	100	999	10	100.0	0.25
2026-07-07T20:23:41.821	367	860	537	959	2312	2171	2497	2989	3209	418	29.81	1014.64	51.56	122441	AS7341	flash	5	100	999	10	100.0	0.25
2026-07-07T20:23:43.829	367	861	537	959	2312	2171	2497	2988	3208	418	29.8	1014.6	51.55	122620	AS7341	flash	5	100	999	10	100.0	0.25
2026-07-07T20:23:45.820	367	860	537	959	2312	2172	2497	2989	3209	418	29.81	1014.6	51.55	123707	AS7341	flash	5	100	999	10	100.0	0.25
2026-07-07T20:23:47.830	367	861	537	958	2311	2171	2496	2988	3208	418	29.81	1014.61	51.54	122620	AS7341	flash	5	100	999	10	100.0	0.25
2026-07-07T20:23:49.822	367	861	537	959	2312	2171	2497	2989	3209	418	29.81	1014.64	51.56	122352	AS7341	flash	5	100	999	10	100.0	0.25
2026-07-07T20:23:51.819	367	860	537	959	2312	2171	2497	2989	3209	418	29.81	1014.63	51.55	122531	AS7341	flash	5	100	999	10	100.0	0.25
2026-07-07T20:23:53.819	367	861	537	959	2311	2171	2496	2988	3208	418	29.81	1014.62	51.56	122800	AS7341	flash	5	100	999	10	100.0	0.25
2026-07-07T20:23:55.820	367	860	536	958	2312	2172	2497	2990	3209	418	29.82	1014.62	51.56	123434	AS7341	flash	5	100	999	10	100.0	0.25
2026-07-07T20:23:57.826	367	861	537	959	2311	2171	2497	2988	3208	418	29.81	1014.63	51.55	122620	AS7341	flash	5	100	999	10	100.0	0.25
2026-07-07T20:23:59.818	367	861	537	959	2311	2171	2497	2989	3209	418	29.81	1014.62	51.56	122710	AS7341	flash	5	100	999	10	100.0	0.25
2026-07-07T20:24:01.801	367	861	537	958	2312	2171	2497	2989	3209	418	29.82	1014.61	51.55	123252	AS7341	flash	5	100	999	10	100.0	0.25
2026-07-07T20:24:03.781	367	861	537	959	2312	2172	2497	2989	3209	418	29.82	1014.66	51.54	123525	AS7341	flash	5	100	999	10	100.0	0.25
2026-07-07T20:24:05.770	367	861	537	959	2312	2171	2497	2990	3209	418	29.82	1014.61	51.54	123798	AS7341	flash	5	100	999	10	100.0	0.25
2026-07-07T20:24:07.760	367	861	537	959	2312	2171	2497	2989	3208	418	29.82	1014.63	51.55	123525	AS7341	flash	5	100	999	10	100.0	0.25
2026-07-07T20:24:09.743	367	861	537	958	2312	2171	2497	2990	3209	418	29.82	1014.66	51.56	122800	AS7341	flash	5	100	999	10	100.0	0.25
2026-07-07T20:24:11.732	367	861	537	959	2311	2171	2497	2989	3208	418	29.82	1014.62	51.54	122620	AS7341	flash	5	100	999	10	100.0	0.25
2026-07-07T20:24:13.714	367	860	537	959	2311	2171	2497	2989	3208	418	29.82	1014.65	51.54	123707	AS7341	flash	5	100	999	10	100.0	0.25
2026-07-07T20:24:15.818	367	862	537	959	2313	2173	2498	2991	3210	418	29.82	1014.64	51.54	122890	AS7341	flash	5	100	999	10	100.0	0.25
2026-07-07T20:24:17.828	367	861	537	959	2312	2172	2498	2990	3209	418	29.82	1014.64	51.56	122980	AS7341	flash	5	100	999	10	100.0	0.25
2026-07-07T20:24:19.724	367	861	537	959	2311	2171	2496	2989	3207	418	29.83	1014.65	51.55	123707	AS7341	flash	5	100	999	10	100.0	0.25
2026-07-07T20:24:21.824	367	861	537	959	2312	2172	2497	2990	3209	418	29.82	1014.63	51.54	123161	AS7341	flash	5	100	999	10	100.0	0.25
2026-07-07T20:24:23.824	367	861	537	959	2313	2172	2498	2991	3210	418	29.82	1014.65	51.54	122262	AS7341	flash	5	100	999	10	100.0	0.25
2026-07-07T20:24:25.824	367	862	537	959	2313	2172	2498	2990	3209	418	29.82	1014.62	51.55	123071	AS7341	flash	5	100	999	10	100.0	0.25
2026-07-07T20:24:27.820	367	861	537	959	2312	2172	2498	2990	3209	418	29.83	1014.65	51.54	123343	AS7341	flash	5	100	999	10	100.0	0.25
2026-07-07T20:24:29.822	367	862	537	959	2312	2171	2497	2990	3210	418	29.83	1014.66	51.55	123434	AS7341	flash	5	100	999	10	100.0	0.25
2026-07-07T20:24:31.821	367	862	537	959	2312	2172	2498	2991	3209	418	29.83	1014.65	51.56	122620	AS7341	flash	5	100	999	10	100.0	0.25
2026-07-07T20:24:33.819	367	862	537	959	2312	2172	2497	2990	3209	418	29.82	1014.66	51.54	123616	AS7341	flash	5	100	999	10	100.0	0.25
2026-07-07T20:24:35.835	367	862	537	959	2312	2172	2497	2990	3209	418	29.83	1014.66	51.54	123343	AS7341	flash	5	100	999	10	100.0	0.25
2026-07-07T20:24:37.728	367	861	537	959	2312	2171	2497	2989	3208	418	29.84	1014.7	51.54	123982	AS7341	flash	5	100	999	10	100.0	0.25
2026-07-07T20:24:39.724	367	861	537	959	2312	2172	2497	2990	3210	418	29.83	1014.64	51.54	123890	AS7341	flash	5	100	999	10	100.0	0.25
2026-07-07T20:24:41.713	367	862	537	959	2312	2172	2498	2990	3210	418	29.83	1014.65	51.54	123525	AS7341	flash	5	100	999	10	100.0	0.25
2026-07-07T20:24:43.799	367	862	537	959	2313	2172	2498	2990	3210	418	29.82	1014.66	51.55	123434	AS7341	flash	5	100	999	10	100.0	0.25
2026-07-07T20:24:45.790	368	861	537	959	2312	2172	2498	2990	3210	418	29.83	1014.67	51.56	123434	AS7341	flash	5	100	999	10	100.0	0.25
2026-07-07T20:24:47.774	367	861	537	959	2312	2172	2497	2989	3210	418	29.83	1014.66	51.54	123343	AS7341	flash	5	100	999	10	100.0	0.25
2026-07-07T20:24:49.762	367	861	537	959	2311	2171	2497	2989	3208	418	29.84	1014.68	51.55	123161	AS7341	flash	5	100	999	10	100.0	0.25
2026-07-07T20:24:51.753	367	862	537	960	2312	2171	2497	2989	3209	418	29.83	1014.69	51.55	123616	AS7341	flash	5	100	999	10	100.0	0.25
2026-07-07T20:24:53.739	367	862	537	959	2312	2172	2497	2990	3209	418	29.84	1014.69	51.55	122980	AS7341	flash	5	100	999	10	100.0	0.25
2026-07-07T20:24:55.730	367	862	537	959	2313	2172	2498	2991	3210	418	29.84	1014.69	51.54	122262	AS7341	flash	5	100	999	10	100.0	0.25
2026-07-07T20:24:57.721	367	862	537	959	2312	2172	2498	2990	3210	418	29.84	1014.68	51.56	123434	AS7341	flash	5	100	999	10	100.0	0.25
2026-07-07T20:24:59.828	367	862	537	959	2312	2172	2498	2990	3210	418	29.83	1014.65	51.56	121906	AS7341	flash	5	100	999	10	100.0	0.25
2026-07-07T20:25:01.823	367	862	537	960	2312	2172	2498	2990	3210	418	29.83	1014.7	51.56	122890	AS7341	flash	5	100	999	10	100.0	0.25
2026-07-07T20:25:03.829	367	862	537	960	2312	2172	2498	2990	3210	418	29.83	1014.66	51.56	123071	AS7341	flash	5	100	999	10	100.0	0.25
2026-07-07T20:25:05.829	367	861	537	960	2312	2172	2497	2990	3209	418	29.84	1014.67	51.57	122262	AS7341	flash	5	100	999	10	100.0	0.25
2026-07-07T20:25:07.725	367	862	537	960	2312	2171	2497	2989	3209	418	29.84	1014.67	51.55	123707	AS7341	flash	5	100	999	10	100.0	0.25
2026-07-07T20:25:09.820	367	862	537	960	2312	2172	2498	2990	3210	418	29.83	1014.69	51.56	122084	AS7341	flash	5	100	999	10	100.0	0.25
2026-07-07T20:25:11.816	367	862	537	959	2312	2172	2497	2989	3209	418	29.84	1014.7	51.56	122084	AS7341	flash	5	100	999	10	100.0	0.25
2026-07-07T20:25:13.798	367	861	537	960	2312	2172	2497	2990	3209	418	29.83	1014.71	51.56	123343	AS7341	flash	5	100	999	10	100.0	0.25
2026-07-07T20:25:15.788	367	862	537	960	2312	2172	2498	2990	3210	418	29.84	1014.68	51.56	123161	AS7341	flash	5	100	999	10	100.0	0.25
2026-07-07T20:25:17.784	367	862	537	960	2312	2172	2498	2990	3210	418	29.83	1014.69	51.56	123161	AS7341	flash	5	100	999	10	100.0	0.25
2026-07-07T20:25:19.772	367	862	537	960	2311	2171	2497	2989	3208	418	29.84	1014.7	51.54	123161	AS7341	flash	5	100	999	10	100.0	0.25
2026-07-07T20:25:21.769	367	862	537	960	2312	2172	2498	2990	3210	418	29.84	1014.69	51.56	123890	AS7341	flash	5	100	999	10	100.0	0.25
2026-07-07T20:25:23.753	367	862	537	959	2312	2172	2497	2989	3209	418	29.84	1014.71	51.55	122352	AS7341	flash	5	100	999	10	100.0	0.25
2026-07-07T20:25:25.742	367	862	537	960	2311	2171	2497	2989	3208	418	29.84	1014.7	51.56	122710	AS7341	flash	5	100	999	10	100.0	0.25
2026-07-07T20:25:27.728	367	862	537	960	2312	2172	2497	2989	3209	418	29.84	1014.71	51.56	123525	AS7341	flash	5	100	999	10	100.0	0.25
2026-07-07T20:25:29.718	367	862	537	960	2312	2172	2497	2989	3209	418	29.84	1014.71	51.55	122980	AS7341	flash	5	100	999	10	100.0	0.25
2026-07-07T20:25:31.818	367	862	537	960	2312	2172	2498	2990	3210	418	29.84	1014.73	51.56	123071	AS7341	flash	5	100	999	10	100.0	0.25
2026-07-07T20:25:33.816	367	862	537	959	2312	2171	2497	2989	3209	418	29.84	1014.69	51.56	122710	AS7341	flash	5	100	999	10	100.0	0.25
2026-07-07T20:25:35.830	368	862	537	960	2312	2172	2497	2989	3209	418	29.84	1014.72	51.56	122710	AS7341	flash	5	100	999	10	100.0	0.25
2026-07-07T20:25:37.724	367	862	537	959	2311	2171	2497	2988	3208	418	29.84	1014.68	51.57	123071	AS7341	flash	5	100	999	10	100.0	0.25
2026-07-07T20:25:39.725	367	862	537	960	2312	2172	2498	2990	3210	418	29.84	1014.74	51.55	122980	AS7341	flash	5	100	999	10	100.0	0.25
2026-07-07T20:25:41.829	367	862	537	959	2312	2172	2498	2990	3209	418	29.83	1014.7	51.56	122800	AS7341	flash	5	100	999	10	100.0	0.25
2026-07-07T20:25:43.823	367	862	537	960	2313	2172	2498	2990	3210	418	29.84	1014.74	51.56	122890	AS7341	flash	5	100	999	10	100.0	0.25
2026-07-07T20:25:45.823	367	862	537	960	2312	2172	2498	2990	3209	418	29.84	1014.72	51.56	123161	AS7341	flash	5	100	999	10	100.0	0.25
2026-07-07T20:25:47.806	367	862	537	960	2312	2172	2497	2989	3209	418	29.85	1014.76	51.55	122084	AS7341	flash	5	100	999	10	100.0	0.25
2026-07-07T20:25:49.787	367	862	537	960	2313	2172	2498	2990	3209	418	29.85	1014.7	51.57	122800	AS7341	flash	5	100	999	10	100.0	0.25
2026-07-07T20:25:51.774	367	862	537	960	2312	2172	2498	2990	3210	418	29.85	1014.74	51.58	123252	AS7341	flash	5	100	999	10	100.0	0.25
2026-07-07T20:25:53.762	367	862	537	960	2312	2172	2498	2990	3209	418	29.85	1014.74	51.57	122262	AS7341	flash	5	100	999	10	100.0	0.25
2026-07-07T20:25:55.746	367	862	537	960	2313	2173	2498	2990	3210	418	29.85	1014.7	51.58	122980	AS7341	flash	5	100	999	10	100.0	0.25
2026-07-07T20:25:57.745	367	862	537	960	2313	2173	2499	2991	3210	418	29.84	1014.69	51.57	123161	AS7341	flash	5	100	999	10	100.0	0.25
2026-07-07T20:25:59.732	367	862	537	960	2313	2172	2498	2990	3211	418	29.85	1014.74	51.57	123343	AS7341	flash	5	100	999	10	100.0	0.25
2026-07-07T20:26:01.717	367	862	537	960	2313	2172	2499	2990	3211	418	29.85	1014.71	51.57	122620	AS7341	flash	5	100	999	10	100.0	0.25
2026-07-07T20:26:03.820	367	862	537	960	2314	2173	2500	2991	3212	418	29.85	1014.72	51.57	122710	AS7341	flash	5	100	999	10	100.0	0.25
2026-07-07T20:26:05.798	367	862	537	960	2313	2173	2499	2991	3212	418	29.85	1014.7	51.59	122980	AS7341	flash	5	100	999	10	100.0	0.25
2026-07-07T20:26:07.780	367	862	537	960	2313	2173	2499	2991	3211	418	29.86	1014.71	51.58	122084	AS7341	flash	5	100	999	10	100.0	0.25
2026-07-07T20:26:09.770	367	862	537	960	2313	2173	2498	2990	3211	418	29.85	1014.71	51.56	122262	AS7341	flash	5	100	999	10	100.0	0.25
2026-07-07T20:26:11.755	367	862	537	960	2313	2172	2498	2990	3211	418	29.84	1014.71	51.57	123343	AS7341	flash	5	100	999	10	100.0	0.25
2026-07-07T20:26:13.744	367	862	537	960	2313	2172	2499	2990	3211	418	29.85	1014.73	51.57	122352	AS7341	flash	5	100	999	10	100.0	0.25
2026-07-07T20:26:15.838	367	862	537	960	2313	2173	2499	2991	3211	418	29.85	1014.7	51.59	122262	AS7341	flash	5	100	999	10	100.0	0.25
2026-07-07T20:26:17.832	367	863	537	960	2313	2173	2499	2990	3211	419	29.85	1014.73	51.6	122084	AS7341	flash	5	100	999	10	100.0	0.25
2026-07-07T20:26:19.824	367	862	537	960	2313	2173	2499	2992	3211	418	29.85	1014.71	51.61	122890	AS7341	flash	5	100	999	10	100.0	0.25
2026-07-07T20:26:21.836	367	862	537	960	2313	2173	2499	2991	3211	418	29.85	1014.73	51.61	122980	AS7341	flash	5	100	999	10	100.0	0.25
2026-07-07T20:26:23.836	367	862	537	960	2313	2173	2499	2991	3211	418	29.85	1014.73	51.62	122710	AS7341	flash	5	100	999	10	100.0	0.25
2026-07-07T20:26:25.838	367	862	537	960	2313	2172	2499	2990	3211	418	29.85	1014.73	51.63	123252	AS7341	flash	5	100	999	10	100.0	0.25
2026-07-07T20:26:27.832	367	862	537	960	2313	2173	2499	2990	3211	418	29.86	1014.7	51.63	122352	AS7341	flash	5	100	999	10	100.0	0.25
2026-07-07T20:26:29.803	367	863	538	960	2314	2173	2499	2992	3212	418	29.85	1014.71	51.63	122980	AS7341	flash	5	100	999	10	100.0	0.25
2026-07-07T20:26:31.799	367	862	537	960	2312	2172	2498	2991	3210	419	29.86	1014.68	51.65	122262	AS7341	flash	5	100	999	10	100.0	0.25
2026-07-07T20:26:33.780	367	862	537	960	2312	2172	2499	2990	3210	418	29.86	1014.7	51.65	123071	AS7341	flash	5	100	999	10	100.0	0.25
2026-07-07T20:26:35.774	367	862	537	960	2312	2172	2498	2991	3210	418	29.86	1014.71	51.67	123252	AS7341	flash	5	100	999	10	100.0	0.25
2026-07-07T20:26:37.761	367	862	537	960	2312	2172	2498	2991	3210	419	29.87	1014.71	51.66	122084	AS7341	flash	5	100	999	10	100.0	0.25
2026-07-07T20:26:39.742	367	862	537	959	2313	2173	2499	2991	3211	418	29.87	1014.73	51.66	122980	AS7341	flash	5	100	999	10	100.0	0.25
2026-07-07T20:26:41.839	367	862	537	960	2313	2173	2499	2992	3211	418	29.85	1014.72	51.69	121552	AS7341	flash	5	100	999	10	100.0	0.25
2026-07-07T20:26:43.842	367	862	537	960	2313	2173	2499	2992	3211	418	29.86	1014.73	51.68	122710	AS7341	flash	5	100	999	10	100.0	0.25
2026-07-07T20:26:45.838	367	862	537	960	2313	2173	2499	2992	3211	418	29.87	1014.73	51.7	121906	AS7341	flash	5	100	999	10	100.0	0.25
2026-07-07T20:26:47.842	368	862	537	959	2313	2172	2499	2992	3211	418	29.86	1014.73	51.69	121906	AS7341	flash	5	100	999	10	100.0	0.25
2026-07-07T20:26:49.838	367	862	537	960	2313	2172	2499	2992	3211	418	29.86	1014.73	51.68	123525	AS7341	flash	5	100	999	10	100.0	0.25
2026-07-07T20:26:51.835	367	862	537	960	2312	2172	2498	2991	3210	419	29.86	1014.7	51.69	123071	AS7341	flash	5	100	999	10	100.0	0.25
2026-07-07T20:26:53.835	367	862	538	960	2312	2172	2498	2991	3210	418	29.87	1014.74	51.69	122620	AS7341	flash	5	100	999	10	100.0	0.25
2026-07-07T20:26:55.840	367	863	538	960	2313	2172	2499	2992	3210	418	29.86	1014.71	51.68	122084	AS7341	flash	5	100	999	10	100.0	0.25
2026-07-07T20:26:57.840	367	862	537	960	2313	2172	2499	2992	3211	418	29.86	1014.73	51.69	122710	AS7341	flash	5	100	999	10	100.0	0.25
2026-07-07T20:26:59.832	367	862	538	959	2312	2172	2498	2991	3210	418	29.86	1014.71	51.7	123434	AS7341	flash	5	100	999	10	100.0	0.25
2026-07-07T20:27:01.811	367	862	537	959	2312	2172	2498	2991	3210	418	29.87	1014.73	51.68	122084	AS7341	flash	5	100	999	10	100.0	0.25
2026-07-07T20:27:03.788	367	862	537	959	2312	2172	2498	2991	3209	419	29.86	1014.72	51.69	122890	AS7341	flash	5	100	999	10	100.0	0.25
2026-07-07T20:27:05.777	367	862	537	959	2312	2172	2498	2991	3209	418	29.86	1014.74	51.69	123161	AS7341	flash	5	100	999	10	100.0	0.25
2026-07-07T20:27:07.753	367	862	537	959	2312	2172	2498	2991	3210	419	29.86	1014.75	51.7	122890	AS7341	flash	5	100	999	10	100.0	0.25
2026-07-07T20:27:09.839	367	862	538	959	2313	2173	2499	2992	3211	419	29.84	1014.72	51.69	122620	AS7341	flash	5	100	999	10	100.0	0.25
2026-07-07T20:27:11.837	367	862	537	959	2311	2171	2498	2991	3209	418	29.85	1014.72	51.71	122262	AS7341	flash	5	100	999	10	100.0	0.25
2026-07-07T20:27:13.836	367	862	537	959	2312	2172	2498	2991	3209	419	29.85	1014.74	51.7	122620	AS7341	flash	5	100	999	10	100.0	0.25
2026-07-07T20:27:15.839	367	862	537	959	2312	2172	2498	2991	3209	419	29.85	1014.73	51.7	122620	AS7341	flash	5	100	999	10	100.0	0.25
2026-07-07T20:27:17.838	367	862	537	959	2312	2172	2498	2991	3210	418	29.85	1014.73	51.71	122173	AS7341	flash	5	100	999	10	100.0	0.25
2026-07-07T20:27:19.828	367	862	538	959	2312	2172	2498	2991	3210	418	29.86	1014.75	51.7	122980	AS7341	flash	5	100	999	10	100.0	0.25
2026-07-07T20:27:21.826	367	862	537	959	2312	2172	2498	2991	3209	419	29.86	1014.74	51.73	123161	AS7341	flash	5	100	999	10	100.0	0.25
2026-07-07T20:27:23.811	367	862	537	959	2311	2171	2498	2990	3209	419	29.86	1014.78	51.72	122800	AS7341	flash	5	100	999	10	100.0	0.25
2026-07-07T20:27:25.814	367	863	538	960	2312	2172	2499	2992	3210	419	29.85	1014.74	51.72	123161	AS7341	flash	5	100	999	10	100.0	0.25
2026-07-07T20:27:27.795	367	863	537	959	2312	2172	2498	2991	3209	419	29.86	1014.79	51.72	122173	AS7341	flash	5	100	999	10	100.0	0.25
2026-07-07T20:27:29.790	367	862	537	959	2312	2172	2499	2992	3210	419	29.86	1014.76	51.71	122980	AS7341	flash	5	100	999	10	100.0	0.25
2026-07-07T20:27:31.782	367	862	537	959	2312	2172	2499	2992	3210	418	29.86	1014.77	51.72	122262	AS7341	flash	5	100	999	10	100.0	0.25
2026-07-07T20:27:33.772	367	863	538	960	2312	2172	2498	2991	3210	418	29.86	1014.77	51.73	122890	AS7341	flash	5	100	999	10	100.0	0.25
2026-07-07T20:27:35.766	367	863	538	959	2312	2173	2499	2992	3211	419	29.87	1014.77	51.74	122173	AS7341	flash	5	100	999	10	100.0	0.25
2026-07-07T20:27:37.760	367	863	538	960	2312	2172	2499	2992	3210	418	29.86	1014.75	51.73	122980	AS7341	flash	5	100	999	10	100.0	0.25
2026-07-07T20:27:39.748	367	863	538	959	2312	2172	2499	2992	3210	419	29.86	1014.76	51.74	122084	AS7341	flash	5	100	999	10	100.0	0.25
2026-07-07T20:27:41.841	367	863	538	960	2312	2172	2499	2992	3210	419	29.85	1014.76	51.73	121552	AS7341	flash	5	100	999	10	100.0	0.25
2026-07-07T20:27:43.842	367	863	538	959	2312	2172	2499	2992	3210	419	29.86	1014.75	51.73	122441	AS7341	flash	5	100	999	10	100.0	0.25
2026-07-07T20:27:45.832	367	863	538	959	2312	2172	2499	2992	3210	418	29.86	1014.79	51.74	122620	AS7341	flash	5	100	999	10	100.0	0.25
2026-07-07T20:27:47.829	367	862	537	959	2311	2171	2499	2993	3210	418	29.86	1014.77	51.74	123071	AS7341	flash	5	100	999	10	0.0	0.25
2026-07-07T20:27:49.813	367	860	536	957	2307	2168	2500	3002	3210	418	29.91	1014.78	52.64	118963	AS7341	flash	5	100	999	10	0.0	0.25
2026-07-07T20:27:51.805	367	859	537	954	2302	2164	2499	3010	3210	418	29.94	1014.82	55.07	114569	AS7341	flash	5	100	999	10	100.0	0.25
2026-07-07T20:27:53.796	367	860	536	954	2300	2163	2499	3011	3209	419	29.92	1014.79	57.5	112040	AS7341	flash	5	100	999	10	100.0	0.25
2026-07-07T20:27:55.794	367	861	536	953	2299	2160	2496	3006	3206	418	29.89	1014.78	57.43	112718	AS7341	flash	5	100	999	10	100.0	0.25
2026-07-07T20:27:57.784	367	863	537	953	2298	2160	2494	3003	3205	419	29.89	1014.77	56.37	114726	AS7341	flash	5	100	999	10	100.0	0.25
2026-07-07T20:27:59.769	367	863	537	953	2297	2158	2492	2999	3203	418	29.89	1014.77	55.36	115199	AS7341	flash	5	100	999	10	100.0	0.25
2026-07-07T20:28:01.762	367	864	537	954	2297	2158	2491	2997	3203	418	29.89	1014.8	54.54	115916	AS7341	flash	5	100	999	10	100.0	0.25
2026-07-07T20:28:03.751	367	864	538	954	2296	2157	2489	2994	3201	418	29.88	1014.81	53.9	116887	AS7341	flash	5	100	999	10	100.0	0.25
2026-07-07T20:28:05.836	367	864	538	954	2297	2158	2489	2994	3201	418	29.88	1014.79	53.41	116806	AS7341	flash	5	100	999	10	100.0	0.25
2026-07-07T20:28:07.843	367	865	538	954	2297	2157	2488	2992	3201	418	29.88	1014.81	53.07	118124	AS7341	flash	5	100	999	10	100.0	0.25
2026-07-07T20:28:09.840	367	865	538	954	2297	2157	2488	2990	3200	418	29.88	1014.81	52.8	118290	AS7341	flash	5	100	999	10	100.0	0.25
2026-07-07T20:28:11.845	367	865	538	954	2297	2157	2488	2989	3200	418	29.89	1014.81	52.61	119132	AS7341	flash	5	100	999	10	100.0	0.25
2026-07-07T20:28:13.845	367	865	538	954	2298	2158	2488	2988	3200	418	29.88	1014.79	52.48	119728	AS7341	flash	5	100	999	10	100.0	0.25
2026-07-07T20:28:15.848	367	866	538	955	2298	2158	2488	2988	3200	418	29.88	1014.81	52.37	119728	AS7341	flash	5	100	999	10	100.0	0.25
2026-07-07T20:28:17.847	367	865	538	954	2298	2158	2487	2987	3199	418	29.88	1014.83	52.3	120503	AS7341	flash	5	100	999	10	100.0	0.25
2026-07-07T20:28:19.840	367	865	538	955	2298	2158	2487	2986	3199	418	29.88	1014.81	52.21	119557	AS7341	flash	5	100	999	10	100.0	0.25
2026-07-07T20:28:21.841	367	865	538	955	2298	2158	2487	2985	3200	418	29.88	1014.8	52.16	120764	AS7341	flash	5	100	999	10	100.0	0.25
2026-07-07T20:28:23.839	367	866	538	955	2298	2158	2487	2985	3200	418	29.88	1014.8	52.14	120330	AS7341	flash	5	100	999	10	100.0	0.25
2026-07-07T20:28:25.846	367	865	538	955	2300	2159	2488	2986	3201	418	29.88	1014.8	52.08	121026	AS7341	flash	5	100	999	10	100.0	0.25
2026-07-07T20:28:27.839	367	866	538	956	2300	2160	2488	2985	3201	418	29.88	1014.82	52.04	120851	AS7341	flash	5	100	999	10	100.0	0.25
2026-07-07T20:28:29.837	367	866	538	955	2301	2160	2488	2985	3202	418	29.88	1014.83	52.02	120244	AS7341	flash	5	100	999	10	100.0	0.25
2026-07-07T20:28:31.839	367	866	538	956	2301	2160	2488	2984	3201	418	29.89	1014.81	52.0	121376	AS7341	flash	5	100	999	10	100.0	0.25
2026-07-07T20:28:33.848	367	866	538	956	2301	2161	2488	2986	3202	418	29.88	1014.79	51.97	121818	AS7341	flash	5	100	999	10	100.0	0.25
2026-07-07T20:28:35.839	367	866	539	956	2302	2161	2489	2985	3202	418	29.88	1014.79	51.95	121201	AS7341	flash	5	100	999	10	100.0	0.25
2026-07-07T20:28:37.839	367	866	538	956	2303	2162	2489	2986	3203	418	29.88	1014.8	51.92	122352	AS7341	flash	5	100	999	10	100.0	0.25
2026-07-07T20:28:39.843	367	866	538	957	2302	2162	2489	2985	3203	418	29.88	1014.77	51.92	120677	AS7341	flash	5	100	999	10	100.0	0.25
2026-07-07T20:28:41.848	367	865	538	957	2303	2162	2489	2986	3203	418	29.88	1014.8	51.89	122262	AS7341	flash	5	100	999	10	100.0	0.25
2026-07-07T20:28:43.836	367	865	538	957	2303	2162	2489	2985	3203	418	29.88	1014.79	51.89	121818	AS7341	flash	5	100	999	10	100.0	0.25
2026-07-07T20:28:45.844	367	865	538	957	2304	2163	2491	2987	3204	418	29.88	1014.81	51.87	121026	AS7341	flash	5	100	999	10	100.0	0.25
2026-07-07T20:28:47.840	367	867	538	957	2304	2164	2491	2987	3205	418	29.88	1014.84	51.88	121818	AS7341	flash	5	100	999	10	100.0	0.25
2026-07-07T20:28:49.845	367	865	539	957	2304	2163	2490	2986	3204	418	29.88	1014.8	51.86	122352	AS7341	flash	5	100	999	10	100.0	0.25
2026-07-07T20:28:51.842	367	866	538	957	2304	2164	2491	2986	3204	418	29.88	1014.81	51.85	121552	AS7341	flash	5	100	999	10	100.0	0.25
2026-07-07T20:28:53.838	367	866	538	957	2305	2164	2491	2987	3204	418	29.88	1014.79	51.85	121906	AS7341	flash	5	100	999	10	100.0	0.25
2026-07-07T20:28:55.840	367	865	538	957	2305	2164	2491	2986	3204	418	29.88	1014.78	51.82	121288	AS7341	flash	5	100	999	10	100.0	0.25
2026-07-07T20:28:57.847	367	866	538	958	2305	2165	2492	2987	3205	418	29.88	1014.8	51.83	122352	AS7341	flash	5	100	999	10	100.0	0.25
2026-07-07T20:28:59.850	367	866	539	958	2306	2166	2492	2988	3206	418	29.88	1014.78	51.83	122441	AS7341	flash	5	100	999	10	100.0	0.25
2026-07-07T20:29:01.839	367	866	538	958	2306	2166	2493	2988	3206	418	29.88	1014.8	51.82	121818	AS7341	flash	5	100	999	10	100.0	0.25
2026-07-07T20:29:03.814	367	866	538	958	2305	2165	2492	2987	3205	418	29.89	1014.8	51.81	122441	AS7341	flash	5	100	999	10	100.0	0.25
2026-07-07T20:29:05.794	367	866	538	958	2306	2165	2492	2987	3205	418	29.89	1014.83	51.82	122441	AS7341	flash	5	100	999	10	100.0	0.25
2026-07-07T20:29:07.779	367	866	538	958	2306	2166	2493	2987	3206	418	29.89	1014.82	51.81	122084	AS7341	flash	5	100	999	10	100.0	0.25
2026-07-07T20:29:09.768	367	866	538	957	2306	2166	2493	2987	3206	418	29.89	1014.82	51.79	122620	AS7341	flash	5	100	999	10	100.0	0.25
2026-07-07T20:29:11.756	367	866	538	958	2307	2166	2493	2987	3206	418	29.89	1014.79	51.78	122084	AS7341	flash	5	100	999	10	100.0	0.25
2026-07-07T20:29:13.757	367	865	538	958	2307	2167	2494	2988	3207	418	29.89	1014.8	51.8	122352	AS7341	flash	5	100	999	10	100.0	0.25
2026-07-07T20:29:15.846	367	866	538	959	2308	2168	2495	2990	3208	418	29.88	1014.8	51.78	121906	AS7341	flash	5	100	999	10	100.0	0.25
2026-07-07T20:29:17.845	367	865	538	958	2307	2167	2494	2988	3206	418	29.88	1014.79	51.78	121729	AS7341	flash	5	100	999	10	100.0	0.25
2026-07-07T20:29:19.846	367	865	538	958	2308	2167	2494	2989	3207	418	29.89	1014.8	51.78	121201	AS7341	flash	5	100	999	10	100.0	0.25
2026-07-07T20:29:21.846	367	866	538	959	2308	2168	2495	2990	3208	419	29.89	1014.79	51.78	121906	AS7341	flash	5	100	999	10	100.0	0.25
2026-07-07T20:29:23.837	367	865	538	958	2308	2168	2495	2989	3208	419	29.89	1014.77	51.78	122084	AS7341	flash	5	100	999	10	100.0	0.25
2026-07-07T20:29:25.836	367	865	538	958	2309	2168	2495	2990	3208	419	29.89	1014.81	51.78	122173	AS7341	flash	5	100	999	10	100.0	0.25
2026-07-07T20:29:27.846	367	865	538	958	2309	2169	2496	2990	3209	419	29.89	1014.79	51.78	121201	AS7341	flash	5	100	999	10	100.0	0.25
2026-07-07T20:29:29.841	367	865	538	958	2310	2169	2496	2990	3209	419	29.89	1014.76	51.77	122620	AS7341	flash	5	100	999	10	100.0	0.25
2026-07-07T20:29:31.847	367	865	538	958	2309	2168	2495	2989	3208	419	29.89	1014.78	51.78	121552	AS7341	flash	5	100	999	10	100.0	0.25
2026-07-07T20:29:33.838	367	865	538	958	2309	2169	2496	2990	3208	419	29.89	1014.79	51.76	122262	AS7341	flash	5	100	999	10	100.0	0.25
2026-07-07T20:29:35.846	367	865	538	958	2309	2169	2496	2990	3208	419	29.89	1014.79	51.77	122262	AS7341	flash	5	100	999	10	100.0	0.25
2026-07-07T20:29:37.846	367	865	538	958	2309	2168	2496	2989	3208	418	29.88	1014.77	51.78	122441	AS7341	flash	5	100	999	10	100.0	0.25
2026-07-07T20:29:39.841	367	865	538	958	2310	2169	2497	2991	3209	419	29.89	1014.81	51.76	121464	AS7341	flash	5	100	999	10	100.0	0.25
2026-07-07T20:29:41.836	368	865	538	958	2310	2170	2497	2991	3210	419	29.88	1014.79	51.76	122352	AS7341	flash	5	100	999	10	100.0	0.25
2026-07-07T20:29:43.834	367	865	538	958	2310	2169	2496	2990	3209	419	29.89	1014.77	51.77	121552	AS7341	flash	5	100	999	10	100.0	0.25
2026-07-07T20:29:45.842	367	865	538	958	2310	2170	2497	2991	3209	419	29.89	1014.8	51.75	122262	AS7341	flash	5	100	999	10	100.0	0.25
2026-07-07T20:29:47.840	367	865	538	958	2310	2170	2497	2991	3209	419	29.89	1014.78	51.76	121818	AS7341	flash	5	100	999	10	100.0	0.25
2026-07-07T20:29:49.846	367	865	538	958	2310	2170	2497	2991	3209	419	29.88	1014.77	51.76	122262	AS7341	flash	5	100	999	10	100.0	0.25
2026-07-07T20:29:51.843	368	865	538	959	2310	2169	2496	2991	3209	419	29.89	1014.8	51.75	122531	AS7341	flash	5	100	999	10	0.0	0.25
2026-07-07T20:29:53.838	367	863	537	958	2306	2167	2497	2996	3209	419	29.93	1014.79	51.93	121376	AS7341	flash	5	100	999	10	0.0	0.25
2026-07-07T20:29:55.846	367	862	536	956	2303	2164	2498	3004	3209	418	29.95	1014.77	53.77	117626	AS7341	flash	5	100	999	10	0.0	0.25
2026-07-07T20:29:57.838	367	861	537	953	2299	2162	2499	3008	3208	419	29.98	1014.78	56.51	113482	AS7341	flash	5	100	999	10	100.0	0.25
2026-07-07T20:29:59.845	367	863	537	953	2298	2160	2497	3008	3207	418	29.93	1014.78	57.8	112870	AS7341	flash	5	100	999	10	100.0	0.25
2026-07-07T20:30:01.838	367	864	537	953	2297	2158	2494	3005	3206	418	29.92	1014.79	57.01	114100	AS7341	flash	5	100	999	10	100.0	0.25
2026-07-07T20:30:03.837	367	865	538	953	2296	2157	2492	3000	3204	418	29.92	1014.8	55.89	113945	AS7341	flash	5	100	999	10	100.0	0.25
2026-07-07T20:30:05.842	367	866	538	953	2296	2157	2491	2999	3203	418	29.92	1014.77	54.95	115596	AS7341	flash	5	100	999	10	100.0	0.25
2026-07-07T20:30:07.848	367	865	538	954	2295	2156	2489	2996	3202	418	29.92	1014.78	54.2	116969	AS7341	flash	5	100	999	10	100.0	0.25
2026-07-07T20:30:09.839	367	866	538	953	2296	2157	2489	2994	3202	418	29.92	1014.75	53.65	117874	AS7341	flash	5	100	999	10	100.0	0.25
2026-07-07T20:30:11.844	367	867	538	953	2296	2156	2488	2992	3202	418	29.92	1014.76	53.24	118040	AS7341	flash	5	100	999	10	100.0	0.25
2026-07-07T20:30:13.844	367	867	539	953	2295	2156	2487	2991	3201	418	29.92	1014.8	52.94	117626	AS7341	flash	5	100	999	10	100.0	0.25
2026-07-07T20:30:15.845	367	867	539	953	2297	2156	2488	2989	3201	418	29.92	1014.77	52.72	119217	AS7341	flash	5	100	999	10	100.0	0.25
2026-07-07T20:30:17.835	367	867	539	954	2296	2156	2488	2988	3200	418	29.92	1014.76	52.57	119132	AS7341	flash	5	100	999	10	100.0	0.25
2026-07-07T20:30:19.840	367	867	539	954	2297	2157	2488	2988	3200	418	29.92	1014.8	52.44	119814	AS7341	flash	5	100	999	10	100.0	0.25
2026-07-07T20:30:21.835	367	868	539	954	2297	2157	2487	2987	3200	418	29.92	1014.79	52.33	119047	AS7341	flash	5	100	999	10	100.0	0.25
2026-07-07T20:30:23.846	367	868	539	954	2297	2157	2488	2987	3201	418	29.92	1014.75	52.28	120071	AS7341	flash	5	100	999	10	100.0	0.25
2026-07-07T20:30:25.835	367	868	539	955	2297	2157	2488	2986	3200	418	29.91	1014.76	52.19	119472	AS7341	flash	5	100	999	10	100.0	0.25
2026-07-07T20:30:27.845	367	868	539	955	2298	2158	2488	2986	3201	418	29.93	1014.8	52.16	120330	AS7341	flash	5	100	999	10	100.0	0.25
2026-07-07T20:30:29.841	367	868	539	955	2299	2159	2489	2986	3201	418	29.92	1014.74	52.1	120330	AS7341	flash	5	100	999	10	100.0	0.25
2026-07-07T20:30:31.840	367	867	539	955	2298	2158	2488	2985	3200	418	29.92	1014.78	52.07	120938	AS7341	flash	5	100	999	10	100.0	0.25
2026-07-07T20:30:33.846	367	867	539	955	2299	2159	2489	2985	3201	418	29.92	1014.79	52.04	120851	AS7341	flash	5	100	999	10	100.0	0.25
2026-07-07T20:30:35.838	367	867	539	955	2299	2159	2488	2984	3201	418	29.92	1014.77	52.01	120677	AS7341	flash	5	100	999	10	100.0	0.25
2026-07-07T20:30:37.846	367	867	539	956	2300	2160	2489	2985	3201	418	29.92	1014.74	51.99	120677	AS7341	flash	5	100	999	10	100.0	0.25
2026-07-07T20:30:39.848	367	867	539	956	2300	2160	2489	2985	3201	418	29.92	1014.77	51.97	120330	AS7341	flash	5	100	999	10	100.0	0.25
2026-07-07T20:30:41.849	367	868	539	956	2301	2161	2491	2986	3203	418	29.92	1014.75	51.96	120503	AS7341	flash	5	100	999	10	100.0	0.25
2026-07-07T20:30:43.839	367	867	539	956	2301	2161	2490	2985	3202	418	29.92	1014.76	51.94	119985	AS7341	flash	5	100	999	10	100.0	0.25
2026-07-07T20:30:45.846	367	868	539	956	2301	2161	2490	2985	3202	418	29.92	1014.74	51.94	121026	AS7341	flash	5	100	999	10	100.0	0.25
2026-07-07T20:30:47.838	367	867	539	956	2302	2162	2490	2986	3203	418	29.92	1014.77	51.92	121641	AS7341	flash	5	100	999	10	100.0	0.25
2026-07-07T20:30:49.839	367	868	539	957	2303	2162	2491	2986	3204	418	29.92	1014.77	51.9	120590	AS7341	flash	5	100	999	10	100.0	0.25
2026-07-07T20:30:51.848	367	868	539	957	2302	2162	2491	2985	3203	418	29.91	1014.76	51.9	121906	AS7341	flash	5	100	999	10	100.0	0.25
2026-07-07T20:30:53.837	367	867	539	957	2303	2163	2491	2986	3204	418	29.92	1014.79	51.88	121376	AS7341	flash	5	100	999	10	100.0	0.25
2026-07-07T20:30:55.842	367	868	539	957	2304	2164	2492	2987	3205	418	29.93	1014.77	51.89	120677	AS7341	flash	5	100	999	10	100.0	0.25
2026-07-07T20:30:57.845	367	868	539	957	2304	2164	2492	2986	3204	418	29.92	1014.77	51.88	121729	AS7341	flash	5	100	999	10	100.0	0.25
2026-07-07T20:30:59.840	367	868	539	957	2304	2164	2492	2987	3205	418	29.92	1014.79	51.84	120590	AS7341	flash	5	100	999	10	100.0	0.25
2026-07-07T20:31:01.833	367	867	539	957	2304	2164	2492	2986	3204	418	29.92	1014.79	51.85	121376	AS7341	flash	5	100	999	10	100.0	0.25
2026-07-07T20:31:03.840	367	867	539	957	2304	2164	2493	2986	3205	418	29.92	1014.75	51.86	121906	AS7341	flash	5	100	999	10	100.0	0.25
2026-07-07T20:31:05.845	367	867	539	957	2305	2164	2493	2987	3205	418	29.92	1014.77	51.86	121641	AS7341	flash	5	100	999	10	100.0	0.25
2026-07-07T20:31:07.844	367	867	539	957	2305	2165	2492	2987	3205	418	29.92	1014.75	51.85	121729	AS7341	flash	5	100	999	10	100.0	0.25
2026-07-07T20:31:09.837	368	867	539	958	2305	2165	2493	2987	3205	418	29.92	1014.8	51.84	120938	AS7341	flash	5	100	999	10	100.0	0.25
2026-07-07T20:31:11.840	367	867	539	957	2306	2165	2493	2987	3205	418	29.93	1014.78	51.84	120851	AS7341	flash	5	100	999	10	100.0	0.25
2026-07-07T20:31:13.847	367	867	539	958	2306	2166	2493	2988	3206	418	29.92	1014.77	51.83	121464	AS7341	flash	5	100	999	10	100.0	0.25
2026-07-07T20:31:15.836	367	867	539	958	2306	2166	2494	2988	3206	418	29.92	1014.78	51.82	122084	AS7341	flash	5	100	999	10	100.0	0.25
2026-07-07T20:31:17.840	367	867	539	958	2306	2166	2494	2988	3206	418	29.93	1014.75	51.82	121906	AS7341	flash	5	100	999	10	100.0	0.25
2026-07-07T20:31:19.843	367	867	539	958	2307	2166	2495	2988	3207	418	29.92	1014.75	51.81	121906	AS7341	flash	5	100	999	10	100.0	0.25
2026-07-07T20:31:21.850	369	867	539	958	2307	2167	2494	2988	3207	418	29.93	1014.79	51.8	121906	AS7341	flash	5	100	999	10	100.0	0.25
2026-07-07T20:31:23.838	367	867	539	958	2307	2167	2495	2988	3207	418	29.92	1014.81	51.79	122262	AS7341	flash	5	100	999	10	100.0	0.25
2026-07-07T20:31:25.852	367	867	539	958	2307	2167	2495	2988	3207	418	29.93	1014.75	51.8	121729	AS7341	flash	5	100	999	10	100.0	0.25
2026-07-07T20:31:27.842	367	866	539	958	2308	2167	2496	2989	3208	418	29.92	1014.75	51.78	121552	AS7341	flash	5	100	999	10	100.0	0.25
2026-07-07T20:31:29.843	368	866	539	958	2308	2168	2495	2989	3208	419	29.92	1014.75	51.78	121906	AS7341	flash	5	100	999	10	100.0	0.25
2026-07-07T20:31:31.840	368	867	539	959	2308	2168	2496	2989	3208	419	29.92	1014.77	51.78	121906	AS7341	flash	5	100	999	10	100.0	0.25
2026-07-07T20:31:33.847	368	867	539	959	2308	2168	2495	2989	3208	418	29.92	1014.76	51.76	122173	AS7341	flash	5	100	999	10	100.0	0.25
2026-07-07T20:31:35.837	368	867	539	959	2308	2168	2495	2989	3208	418	29.92	1014.77	51.76	121729	AS7341	flash	5	100	999	10	100.0	0.25
2026-07-07T20:31:37.841	368	866	539	959	2309	2169	2497	2990	3209	419	29.92	1014.78	51.76	121906	AS7341	flash	5	100	999	10	100.0	0.25
2026-07-07T20:31:39.847	368	867	539	959	2309	2168	2496	2989	3208	418	29.92	1014.76	51.77	122173	AS7341	flash	5	100	999	10	100.0	0.25
2026-07-07T20:31:41.854	368	866	539	959	2310	2169	2496	2990	3209	419	29.93	1014.79	51.75	122441	AS7341	flash	5	100	999	10	100.0	0.25
2026-07-07T20:31:43.845	368	866	539	959	2309	2169	2497	2990	3209	419	29.92	1014.78	51.74	122352	AS7341	flash	5	100	999	10	100.0	0.25
2026-07-07T20:31:45.836	368	866	539	959	2309	2169	2496	2990	3209	419	29.92	1014.75	51.75	122262	AS7341	flash	5	100	999	10	100.0	0.25
2026-07-07T20:31:47.856	368	866	539	959	2310	2169	2498	2990	3209	419	29.92	1014.75	51.74	122441	AS7341	flash	5	100	999	10	100.0	0.25
2026-07-07T20:31:49.842	368	866	539	959	2310	2169	2497	2990	3209	419	29.92	1014.79	51.74	122352	AS7341	flash	5	100	999	10	100.0	0.25
2026-07-07T20:31:51.841	368	866	539	959	2310	2169	2497	2990	3209	419	29.93	1014.75	51.74	122173	AS7341	flash	5	100	999	10	100.0	0.25
2026-07-07T20:31:53.844	368	866	539	959	2311	2170	2497	2991	3210	419	29.92	1014.77	51.74	122620	AS7341	flash	5	100	999	10	100.0	0.25
2026-07-07T20:31:55.848	368	866	539	959	2310	2170	2497	2990	3209	419	29.92	1014.76	51.74	122084	AS7341	flash	5	100	999	10	100.0	0.25
2026-07-07T20:31:57.840	367	865	538	958	2309	2169	2497	2994	3210	419	29.92	1014.74	51.74	121376	AS7341	flash	5	100	999	10	0.0	0.25
2026-07-07T20:31:59.846	367	863	537	957	2304	2166	2498	3002	3209	419	29.98	1014.76	52.68	119132	AS7341	flash	5	100	999	10	0.0	0.25
2026-07-07T20:32:01.841	367	862	537	954	2300	2163	2499	3010	3210	419	30.0	1014.77	55.17	114804	AS7341	flash	5	100	999	10	100.0	0.25
2026-07-07T20:32:03.842	367	863	538	954	2299	2161	2498	3010	3209	419	29.97	1014.74	57.56	111890	AS7341	flash	5	100	999	10	100.0	0.25
2026-07-07T20:32:05.832	367	864	537	954	2298	2160	2497	3008	3208	418	29.95	1014.76	57.41	112946	AS7341	flash	5	100	999	10	100.0	0.25
2026-07-07T20:32:07.812	367	865	538	954	2296	2158	2494	3004	3206	418	29.95	1014.8	56.36	114256	AS7341	flash	5	100	999	10	100.0	0.25
2026-07-07T20:32:09.802	367	867	538	954	2297	2158	2493	3001	3205	418	29.95	1014.74	55.32	115676	AS7341	flash	5	100	999	10	100.0	0.25
2026-07-07T20:32:11.806	367	867	538	954	2297	2157	2491	2997	3203	418	29.95	1014.75	54.48	116077	AS7341	flash	5	100	999	10	100.0	0.25
2026-07-07T20:32:13.799	367	868	539	954	2297	2157	2491	2995	3203	418	29.95	1014.77	53.87	117051	AS7341	flash	5	100	999	10	100.0	0.25
2026-07-07T20:32:15.786	367	867	539	954	2296	2156	2490	2993	3202	418	29.95	1014.76	53.4	117132	AS7341	flash	5	100	999	10	100.0	0.25
2026-07-07T20:32:17.767	367	869	539	954	2296	2156	2489	2992	3201	418	29.95	1014.77	53.05	118374	AS7341	flash	5	100	999	10	100.0	0.25
2026-07-07T20:32:19.767	367	869	539	955	2297	2157	2489	2991	3202	418	29.94	1014.79	52.8	118794	AS7341	flash	5	100	999	10	100.0	0.25
2026-07-07T20:32:21.752	367	868	539	955	2297	2157	2489	2990	3202	418	29.94	1014.76	52.61	118374	AS7341	flash	5	100	999	10	100.0	0.25
2026-07-07T20:32:23.839	367	868	539	955	2298	2158	2489	2990	3202	418	29.94	1014.77	52.47	118963	AS7341	flash	5	100	999	10	100.0	0.25
2026-07-07T20:32:25.847	367	869	539	955	2297	2157	2488	2989	3201	418	29.95	1014.79	52.36	118710	AS7341	flash	5	100	999	10	100.0	0.25
2026-07-07T20:32:27.842	368	870	539	955	2298	2157	2489	2989	3201	418	29.94	1014.78	52.29	118963	AS7341	flash	5	100	999	10	100.0	0.25
2026-07-07T20:32:29.838	367	869	539	954	2299	2158	2489	2988	3202	418	29.95	1014.78	52.22	119985	AS7341	flash	5	100	999	10	100.0	0.25
2026-07-07T20:32:31.848	367	869	539	956	2299	2158	2489	2987	3201	418	29.95	1014.81	52.14	119472	AS7341	flash	5	100	999	10	100.0	0.25
2026-07-07T20:32:33.839	368	870	540	956	2299	2160	2489	2988	3202	418	29.95	1014.81	52.12	119472	AS7341	flash	5	100	999	10	100.0	0.25
2026-07-07T20:32:35.844	367	869	539	956	2300	2159	2489	2987	3202	418	29.94	1014.77	52.08	121113	AS7341	flash	5	100	999	10	100.0	0.25
2026-07-07T20:32:37.834	367	869	539	955	2300	2159	2489	2987	3202	418	29.94	1014.79	52.04	120677	AS7341	flash	5	100	999	10	100.0	0.25
2026-07-07T20:32:39.847	367	869	539	955	2300	2160	2489	2986	3201	418	29.95	1014.8	52.01	121026	AS7341	flash	5	100	999	10	100.0	0.25
2026-07-07T20:32:41.832	367	869	539	956	2301	2161	2490	2987	3203	418	29.95	1014.78	51.99	120677	AS7341	flash	5	100	999	10	100.0	0.25
2026-07-07T20:32:43.846	367	869	539	955	2301	2160	2490	2986	3202	418	29.94	1014.8	51.96	121113	AS7341	flash	5	100	999	10	100.0	0.25
2026-07-07T20:32:45.842	367	869	539	956	2301	2161	2491	2987	3203	418	29.94	1014.78	51.95	120157	AS7341	flash	5	100	999	10	100.0	0.25
2026-07-07T20:32:47.848	367	869	539	956	2302	2161	2491	2987	3203	418	29.95	1014.78	51.92	121113	AS7341	flash	5	100	999	10	100.0	0.25
2026-07-07T20:32:49.845	368	869	539	956	2302	2162	2491	2987	3203	418	29.94	1014.8	51.93	120851	AS7341	flash	5	100	999	10	100.0	0.25
2026-07-07T20:32:51.849	368	869	539	956	2302	2162	2491	2987	3204	418	29.95	1014.79	51.9	121026	AS7341	flash	5	100	999	10	100.0	0.25
2026-07-07T20:32:53.847	368	869	539	956	2303	2163	2492	2987	3205	418	29.94	1014.79	51.91	121201	AS7341	flash	5	100	999	10	100.0	0.25
2026-07-07T20:32:55.844	367	869	539	956	2302	2162	2491	2986	3204	418	29.95	1014.81	51.89	121376	AS7341	flash	5	100	999	10	100.0	0.25
2026-07-07T20:32:57.840	367	868	539	957	2303	2163	2492	2987	3205	418	29.95	1014.81	51.86	121201	AS7341	flash	5	100	999	10	100.0	0.25
2026-07-07T20:32:59.850	368	869	539	957	2303	2163	2492	2987	3205	418	29.95	1014.78	51.88	121376	AS7341	flash	5	100	999	10	100.0	0.25
2026-07-07T20:33:01.844	368	869	539	957	2304	2164	2493	2988	3205	418	29.95	1014.8	51.88	121288	AS7341	flash	5	100	999	10	100.0	0.25
2026-07-07T20:33:03.845	368	869	539	957	2305	2164	2493	2988	3206	418	29.95	1014.77	51.87	120851	AS7341	flash	5	100	999	10	100.0	0.25
2026-07-07T20:33:05.840	368	868	539	957	2305	2165	2494	2989	3207	418	29.94	1014.78	51.84	121906	AS7341	flash	5	100	999	10	100.0	0.25
2026-07-07T20:33:07.843	368	868	539	957	2305	2165	2494	2988	3206	418	29.94	1014.83	51.84	122084	AS7341	flash	5	100	999	10	100.0	0.25
2026-07-07T20:33:09.848	368	868	539	957	2306	2166	2495	2989	3207	418	29.94	1014.81	51.82	121288	AS7341	flash	5	100	999	10	100.0	0.25
2026-07-07T20:33:11.845	368	868	539	958	2305	2165	2494	2988	3206	418	29.94	1014.76	51.82	120503	AS7341	flash	5	100	999	10	100.0	0.25
2026-07-07T20:33:13.834	368	868	539	958	2306	2166	2495	2990	3208	418	29.94	1014.78	51.81	122352	AS7341	flash	5	100	999	10	100.0	0.25
2026-07-07T20:33:15.817	368	868	539	958	2307	2166	2496	2990	3208	418	29.94	1014.77	51.81	120677	AS7341	flash	5	100	999	10	100.0	0.25
2026-07-07T20:33:17.810	368	868	539	958	2306	2166	2495	2989	3207	418	29.94	1014.76	51.79	121201	AS7341	flash	5	100	999	10	100.0	0.25
2026-07-07T20:33:19.804	368	868	539	958	2307	2166	2495	2989	3207	418	29.94	1014.84	51.81	121729	AS7341	flash	5	100	999	10	100.0	0.25
2026-07-07T20:33:21.799	368	868	539	958	2307	2167	2496	2990	3208	418	29.95	1014.78	51.8	121729	AS7341	flash	5	100	999	10	100.0	0.25
2026-07-07T20:33:23.785	368	868	539	958	2308	2167	2496	2990	3209	418	29.94	1014.79	51.78	122352	AS7341	flash	5	100	999	10	100.0	0.25
2026-07-07T20:33:25.769	368	868	539	958	2307	2167	2496	2990	3208	418	29.94	1014.76	51.79	121906	AS7341	flash	5	100	999	10	100.0	0.25
2026-07-07T20:33:27.761	368	868	539	958	2308	2168	2497	2991	3209	418	29.94	1014.77	51.79	121906	AS7341	flash	5	100	999	10	100.0	0.25
2026-07-07T20:33:29.846	368	868	539	959	2309	2169	2498	2991	3209	419	29.93	1014.8	51.8	120677	AS7341	flash	5	100	999	10	100.0	0.25
2026-07-07T20:33:31.842	368	867	539	958	2308	2168	2496	2990	3208	418	29.94	1014.77	51.8	121729	AS7341	flash	5	100	999	10	100.0	0.25
2026-07-07T20:33:33.841	368	868	539	959	2309	2169	2498	2992	3209	419	29.94	1014.78	51.79	121641	AS7341	flash	5	100	999	10	100.0	0.25
2026-07-07T20:33:35.840	368	867	539	959	2309	2168	2497	2991	3209	419	29.94	1014.79	51.79	121906	AS7341	flash	5	100	999	10	100.0	0.25
2026-07-07T20:33:37.836	368	867	539	958	2309	2168	2497	2990	3208	419	29.94	1014.76	51.79	121818	AS7341	flash	5	100	999	10	100.0	0.25
2026-07-07T20:33:39.850	368	867	539	959	2309	2169	2498	2991	3209	419	29.94	1014.76	51.78	121729	AS7341	flash	5	100	999	10	100.0	0.25
2026-07-07T20:33:41.836	368	867	539	958	2309	2169	2498	2991	3209	419	29.94	1014.76	51.78	121818	AS7341	flash	5	100	999	10	100.0	0.25
2026-07-07T20:33:43.846	368	867	539	959	2310	2170	2499	2992	3210	419	29.94	1014.76	51.8	122620	AS7341	flash	5	100	999	10	100.0	0.25
2026-07-07T20:33:45.844	368	867	539	959	2310	2169	2498	2991	3210	418	29.94	1014.78	51.79	121906	AS7341	flash	5	100	999	10	100.0	0.25
2026-07-07T20:33:47.839	368	867	539	959	2310	2169	2498	2992	3210	419	29.94	1014.79	51.78	121729	AS7341	flash	5	100	999	10	100.0	0.25
2026-07-07T20:33:49.845	368	867	539	959	2310	2169	2498	2992	3210	419	29.94	1014.76	51.79	122173	AS7341	flash	5	100	999	10	100.0	0.25
2026-07-07T20:33:51.851	368	867	539	959	2310	2169	2498	2992	3210	419	29.94	1014.77	51.78	121026	AS7341	flash	5	100	999	10	100.0	0.25
2026-07-07T20:33:53.844	368	867	539	959	2310	2170	2499	2992	3210	419	29.94	1014.82	51.78	121201	AS7341	flash	5	100	999	10	100.0	0.25
2026-07-07T20:33:55.845	368	867	539	959	2310	2170	2499	2992	3210	419	29.95	1014.82	51.79	122352	AS7341	flash	5	100	999	10	100.0	0.25
2026-07-07T20:33:57.842	368	867	539	959	2310	2170	2499	2992	3209	419	29.94	1014.78	51.79	122262	AS7341	flash	5	100	999	10	100.0	0.25
2026-07-07T20:33:59.835	368	867	539	959	2310	2170	2499	2992	3210	419	29.94	1014.8	51.79	122084	AS7341	flash	5	100	999	10	100.0	0.25
2026-07-07T20:34:01.817	368	867	539	959	2311	2170	2500	2993	3211	419	29.94	1014.76	51.78	121818	AS7341	flash	5	100	999	10	0.0	0.25
2026-07-07T20:34:03.800	368	865	538	958	2307	2168	2499	2998	3211	419	29.97	1014.76	51.98	119985	AS7341	flash	5	100	999	10	0.0	0.25
2026-07-07T20:34:05.779	367	864	538	955	2304	2165	2500	3005	3210	419	30.01	1014.75	53.81	117296	AS7341	flash	5	100	999	10	0.0	0.25
2026-07-07T20:34:07.760	368	863	538	954	2301	2163	2501	3013	3210	419	30.03	1014.79	56.57	112416	AS7341	flash	5	100	999	10	100.0	0.25
2026-07-07T20:34:09.855	367	864	538	954	2299	2161	2499	3011	3210	419	29.97	1014.81	58.03	111221	AS7341	flash	5	100	999	10	100.0	0.25
2026-07-07T20:34:11.845	368	866	538	954	2298	2159	2496	3007	3208	418	29.97	1014.77	57.21	112870	AS7341	flash	5	100	999	10	100.0	0.25
2026-07-07T20:34:13.844	368	867	538	953	2298	2158	2494	3004	3206	418	29.97	1014.77	56.05	114100	AS7341	flash	5	100	999	10	100.0	0.25
2026-07-07T20:34:15.849	368	868	539	954	2298	2159	2494	3002	3206	418	29.96	1014.74	55.08	115437	AS7341	flash	5	100	999	10	100.0	0.25
2026-07-07T20:34:17.842	367	868	539	954	2297	2158	2492	2998	3204	418	29.97	1014.75	54.33	115756	AS7341	flash	5	100	999	10	100.0	0.25
2026-07-07T20:34:19.838	367	869	539	954	2296	2158	2491	2996	3203	418	29.97	1014.77	53.76	116319	AS7341	flash	5	100	999	10	100.0	0.25
2026-07-07T20:34:21.848	368	869	539	954	2297	2158	2491	2995	3203	418	29.96	1014.78	53.34	117461	AS7341	flash	5	100	999	10	100.0	0.25
2026-07-07T20:34:23.839	368	870	539	954	2297	2158	2490	2993	3202	418	29.96	1014.8	53.02	118124	AS7341	flash	5	100	999	10	100.0	0.25
2026-07-07T20:34:25.850	367	870	539	954	2297	2157	2490	2992	3202	418	29.97	1014.79	52.8	118207	AS7341	flash	5	100	999	10	100.0	0.25
2026-07-07T20:34:27.837	367	870	540	954	2297	2157	2489	2991	3201	418	29.96	1014.77	52.62	118794	AS7341	flash	5	100	999	10	100.0	0.25
2026-07-07T20:34:29.841	368	869	540	954	2298	2158	2489	2990	3202	418	29.96	1014.72	52.5	119132	AS7341	flash	5	100	999	10	100.0	0.25
2026-07-07T20:34:31.852	367	869	539	955	2298	2158	2489	2989	3201	418	29.96	1014.76	52.4	119728	AS7341	flash	5	100	999	10	100.0	0.25
2026-07-07T20:34:33.841	368	870	540	955	2298	2159	2490	2989	3202	418	29.96	1014.76	52.32	119642	AS7341	flash	5	100	999	10	100.0	0.25
2026-07-07T20:34:35.842	368	870	540	955	2299	2159	2490	2988	3202	418	29.96	1014.77	52.26	119899	AS7341	flash	5	100	999	10	100.0	0.25
2026-07-07T20:34:37.840	367	870	540	955	2299	2159	2489	2988	3202	418	29.95	1014.79	52.2	119899	AS7341	flash	5	100	999	10	100.0	0.25
2026-07-07T20:34:39.851	368	870	540	956	2299	2160	2489	2987	3202	418	29.95	1014.75	52.16	119728	AS7341	flash	5	100	999	10	100.0	0.25
2026-07-07T20:34:41.836	368	870	540	956	2300	2160	2490	2988	3202	418	29.95	1014.77	52.14	119472	AS7341	flash	5	100	999	10	100.0	0.25
2026-07-07T20:34:43.849	368	870	540	956	2300	2161	2490	2988	3203	418	29.95	1014.76	52.09	119642	AS7341	flash	5	100	999	10	100.0	0.25
2026-07-07T20:34:45.839	368	870	540	956	2301	2161	2491	2989	3203	418	29.95	1014.75	52.06	119642	AS7341	flash	5	100	999	10	100.0	0.25
2026-07-07T20:34:47.849	368	870	540	956	2301	2161	2491	2987	3203	418	29.95	1014.76	52.04	120590	AS7341	flash	5	100	999	10	100.0	0.25
2026-07-07T20:34:49.841	368	870	540	957	2302	2162	2491	2988	3203	418	29.95	1014.77	52.02	120330	AS7341	flash	5	100	999	10	100.0	0.25
2026-07-07T20:34:51.839	368	870	540	957	2303	2163	2492	2989	3204	418	29.95	1014.75	52.02	120938	AS7341	flash	5	100	999	10	100.0	0.25
2026-07-07T20:34:53.840	368	870	540	957	2303	2163	2492	2988	3204	418	29.95	1014.76	52.0	121201	AS7341	flash	5	100	999	10	100.0	0.25
2026-07-07T20:34:55.846	368	870	540	957	2304	2164	2493	2990	3205	418	29.95	1014.73	51.99	121376	AS7341	flash	5	100	999	10	100.0	0.25
2026-07-07T20:34:57.838	368	870	540	957	2304	2164	2494	2990	3206	418	29.95	1014.76	51.99	121026	AS7341	flash	5	100	999	10	100.0	0.25
2026-07-07T20:34:59.850	368	870	540	957	2304	2164	2493	2990	3206	418	29.95	1014.79	51.97	121464	AS7341	flash	5	100	999	10	100.0	0.25
2026-07-07T20:35:01.844	368	870	540	957	2304	2164	2493	2989	3206	418	29.95	1014.74	51.97	121552	AS7341	flash	5	100	999	10	100.0	0.25
2026-07-07T20:35:03.848	368	869	540	958	2305	2165	2494	2990	3206	418	29.95	1014.81	51.97	120503	AS7341	flash	5	100	999	10	100.0	0.25
2026-07-07T20:35:05.852	368	869	540	958	2306	2165	2495	2991	3207	418	29.95	1014.76	51.95	121376	AS7341	flash	5	100	999	10	100.0	0.25
2026-07-07T20:35:07.841	368	869	540	958	2306	2165	2494	2990	3207	418	29.95	1014.78	51.93	121113	AS7341	flash	5	100	999	10	100.0	0.25
2026-07-07T20:35:09.851	368	869	540	958	2306	2165	2494	2990	3206	418	29.95	1014.77	51.94	121201	AS7341	flash	5	100	999	10	100.0	0.25
2026-07-07T20:35:11.847	368	869	539	958	2306	2165	2495	2991	3207	418	29.95	1014.75	51.92	120590	AS7341	flash	5	100	999	10	100.0	0.25
2026-07-07T20:35:13.845	368	869	540	957	2306	2165	2495	2991	3207	418	29.95	1014.76	51.92	121113	AS7341	flash	5	100	999	10	100.0	0.25
2026-07-07T20:35:15.845	368	869	540	958	2306	2166	2495	2991	3207	418	29.95	1014.77	51.91	121818	AS7341	flash	5	100	999	10	100.0	0.25
2026-07-07T20:35:17.843	368	869	539	957	2307	2166	2495	2991	3207	418	29.94	1014.76	51.91	121641	AS7341	flash	5	100	999	10	100.0	0.25
2026-07-07T20:35:19.842	368	869	540	959	2307	2167	2497	2991	3208	418	29.95	1014.76	51.91	121464	AS7341	flash	5	100	999	10	100.0	0.25
2026-07-07T20:35:21.846	368	869	540	958	2307	2167	2497	2991	3209	418	29.95	1014.79	51.91	121818	AS7341	flash	5	100	999	10	100.0	0.25
2026-07-07T20:35:23.846	368	869	540	959	2307	2167	2497	2991	3209	419	29.95	1014.74	51.91	121026	AS7341	flash	5	100	999	10	100.0	0.25
2026-07-07T20:35:25.847	368	869	540	959	2307	2167	2497	2992	3209	419	29.95	1014.77	51.91	121641	AS7341	flash	5	100	999	10	100.0	0.25
2026-07-07T20:35:27.850	368	869	539	958	2308	2167	2497	2992	3209	418	29.94	1014.75	51.89	121995	AS7341	flash	5	100	999	10	100.0	0.25
2026-07-07T20:35:29.842	368	869	540	958	2307	2167	2497	2991	3208	418	29.94	1014.78	51.9	121552	AS7341	flash	5	100	999	10	100.0	0.25
2026-07-07T20:35:31.844	368	868	539	958	2307	2167	2497	2991	3209	418	29.94	1014.81	51.89	121729	AS7341	flash	5	100	999	10	100.0	0.25
2026-07-07T20:35:33.853	368	869	539	958	2308	2168	2497	2993	3209	418	29.94	1014.72	51.89	120851	AS7341	flash	5	100	999	10	100.0	0.25
2026-07-07T20:35:35.844	368	868	539	958	2308	2168	2498	2992	3209	419	29.94	1014.75	51.88	121818	AS7341	flash	5	100	999	10	100.0	0.25
2026-07-07T20:35:37.843	368	869	540	959	2308	2168	2498	2993	3210	418	29.95	1014.79	51.89	122084	AS7341	flash	5	100	999	10	100.0	0.25
2026-07-07T20:35:39.851	368	868	539	958	2309	2169	2498	2992	3210	419	29.95	1014.78	51.89	121552	AS7341	flash	5	100	999	10	100.0	0.25
2026-07-07T20:35:41.843	368	868	540	958	2309	2169	2499	2994	3211	419	29.94	1014.76	51.89	121729	AS7341	flash	5	100	999	10	100.0	0.25
2026-07-07T20:35:43.852	368	868	539	958	2309	2169	2499	2993	3211	419	29.95	1014.76	51.89	121818	AS7341	flash	5	100	999	10	100.0	0.25
2026-07-07T20:35:45.840	368	868	540	959	2310	2169	2499	2993	3211	419	29.94	1014.73	51.9	121729	AS7341	flash	5	100	999	10	100.0	0.25
2026-07-07T20:35:47.847	368	868	539	958	2309	2169	2499	2994	3210	419	29.95	1014.76	51.9	121995	AS7341	flash	5	100	999	10	100.0	0.25
2026-07-07T20:35:49.850	368	868	539	958	2310	2170	2500	2994	3211	419	29.94	1014.75	51.87	122262	AS7341	flash	5	100	999	10	100.0	0.25
2026-07-07T20:35:51.845	368	868	539	958	2310	2170	2499	2993	3211	419	29.95	1014.75	51.88	121729	AS7341	flash	5	100	999	10	100.0	0.25
2026-07-07T20:35:53.853	368	868	539	959	2310	2170	2499	2994	3211	419	29.95	1014.77	51.88	122173	AS7341	flash	5	100	999	10	100.0	0.25
2026-07-07T20:35:55.847	368	868	539	959	2311	2170	2500	2994	3212	419	29.94	1014.74	51.85	122262	AS7341	flash	5	100	999	10	100.0	0.25
2026-07-07T20:35:57.849	368	868	539	959	2310	2170	2500	2993	3211	419	29.95	1014.77	51.87	121026	AS7341	flash	5	100	999	10	100.0	0.25
2026-07-07T20:35:59.843	368	868	539	959	2311	2171	2501	2995	3212	419	29.95	1014.75	51.88	122084	AS7341	flash	5	100	999	10	100.0	0.25
2026-07-07T20:36:01.846	368	868	539	959	2311	2171	2500	2995	3212	419	29.95	1014.75	51.87	122352	AS7341	flash	5	100	999	10	100.0	0.25
2026-07-07T20:36:03.846	368	868	539	959	2310	2171	2500	2995	3211	419	29.95	1014.77	51.86	120938	AS7341	flash	5	100	999	10	100.0	0.25
2026-07-07T20:36:05.850	368	867	539	959	2310	2170	2500	2995	3211	419	29.95	1014.73	51.86	121818	AS7341	flash	5	100	999	10	100.0	0.25
2026-07-07T20:36:07.842	368	867	539	958	2309	2169	2500	2996	3211	419	29.95	1014.75	51.85	121818	AS7341	flash	5	100	999	10	0.0	0.25
2026-07-07T20:36:09.857	368	865	539	957	2306	2167	2500	3005	3211	419	30.0	1014.72	52.76	119217	AS7341	flash	5	100	999	10	0.0	0.25
2026-07-07T20:36:11.850	370	868	545	966	2309	2167	2505	3037	3260	425	30.03	1014.8	55.26	114256	AS7341	flash	5	100	999	10	100.0	0.3
2026-07-07T20:36:13.837	367	865	538	955	2300	2163	2502	3015	3211	419	30.0	1014.72	57.75	112340	AS7341	flash	5	100	999	10	100.0	0.3
2026-07-07T20:36:15.819	367	866	538	954	2298	2160	2499	3011	3209	419	29.99	1014.79	57.74	112946	AS7341	flash	5	100	999	10	100.0	0.3
2026-07-07T20:36:17.813	367	867	539	954	2298	2159	2496	3006	3208	419	29.98	1014.75	56.67	113945	AS7341	flash	5	100	999	10	100.0	0.3
2026-07-07T20:36:19.805	367	868	539	954	2297	2158	2494	3004	3206	419	29.97	1014.74	55.62	114962	AS7341	flash	5	100	999	10	100.0	0.3
2026-07-07T20:36:21.789	367	869	539	954	2297	2158	2493	3001	3205	419	29.97	1014.77	54.77	115836	AS7341	flash	5	100	999	10	100.0	0.3
2026-07-07T20:36:23.779	367	869	540	954	2297	2157	2492	2999	3204	419	29.97	1014.77	54.16	116969	AS7341	flash	5	100	999	10	100.0	0.3
2026-07-07T20:36:25.758	367	870	540	954	2297	2157	2491	2996	3204	418	29.97	1014.73	53.69	117791	AS7341	flash	5	100	999	10	100.0	0.3
2026-07-07T20:36:27.849	367	869	539	954	2297	2158	2491	2997	3204	419	29.97	1014.79	53.38	117461	AS7341	flash	5	100	999	10	100.0	0.3
2026-07-07T20:36:29.846	367	869	539	954	2297	2157	2490	2994	3203	418	29.98	1014.78	53.16	118374	AS7341	flash	5	100	999	10	100.0	0.3
2026-07-07T20:36:31.843	367	870	539	954	2297	2157	2489	2994	3202	418	29.97	1014.74	52.99	117461	AS7341	flash	5	100	999	10	100.0	0.3
2026-07-07T20:36:33.844	367	871	540	954	2297	2157	2491	2992	3202	418	29.97	1014.74	52.85	118040	AS7341	flash	5	100	999	10	100.0	0.3
2026-07-07T20:36:35.849	367	870	539	955	2297	2157	2490	2992	3203	418	29.97	1014.72	52.77	118878	AS7341	flash	5	100	999	10	100.0	0.3
2026-07-07T20:36:37.840	367	871	540	955	2298	2157	2490	2992	3203	418	29.98	1014.75	52.71	119132	AS7341	flash	5	100	999	10	100.0	0.3
2026-07-07T20:36:39.842	367	870	539	955	2298	2158	2491	2992	3203	418	29.97	1014.76	52.65	119472	AS7341	flash	5	100	999	10	100.0	0.3
2026-07-07T20:36:41.848	367	871	539	955	2298	2158	2491	2992	3203	418	29.97	1014.74	52.62	119472	AS7341	flash	5	100	999	10	100.0	0.3
2026-07-07T20:36:43.850	367	871	539	955	2299	2158	2491	2991	3204	418	29.98	1014.74	52.58	119387	AS7341	flash	5	100	999	10	100.0	0.3
2026-07-07T20:36:45.851	367	871	539	955	2299	2159	2491	2991	3203	418	29.97	1014.72	52.57	119814	AS7341	flash	5	100	999	10	100.0	0.3
2026-07-07T20:36:47.836	367	871	540	955	2299	2159	2491	2990	3203	418	29.97	1014.75	52.54	119642	AS7341	flash	5	100	999	10	100.0	0.3
2026-07-07T20:36:49.852	367	871	539	955	2299	2158	2491	2990	3202	418	29.97	1014.72	52.54	119899	AS7341	flash	5	100	999	10	100.0	0.3
2026-07-07T20:36:51.840	367	871	539	955	2299	2159	2491	2989	3203	418	29.97	1014.76	52.53	119472	AS7341	flash	5	100	999	10	100.0	0.3
2026-07-07T20:36:53.852	367	871	539	955	2300	2160	2492	2991	3204	418	29.98	1014.72	52.52	120330	AS7341	flash	5	100	999	10	100.0	0.3
2026-07-07T20:36:55.837	367	871	540	956	2300	2160	2492	2990	3204	418	29.98	1014.77	52.52	119814	AS7341	flash	5	100	999	10	100.0	0.3
2026-07-07T20:36:57.843	367	871	540	956	2300	2160	2492	2990	3204	418	29.98	1014.71	52.51	119985	AS7341	flash	5	100	999	10	100.0	0.3
2026-07-07T20:36:59.847	367	871	539	956	2301	2161	2493	2991	3206	418	29.98	1014.75	52.52	120244	AS7341	flash	5	100	999	10	100.0	0.3
2026-07-07T20:37:01.853	368	871	541	956	2302	2161	2494	2993	3205	418	29.98	1014.73	52.5	119642	AS7341	flash	5	100	999	10	100.0	0.3
2026-07-07T20:37:03.850	367	871	540	956	2301	2161	2493	2992	3205	418	29.98	1014.74	52.51	120071	AS7341	flash	5	100	999	10	100.0	0.3
2026-07-07T20:37:05.846	367	871	540	956	2301	2161	2493	2991	3205	418	29.98	1014.74	52.51	120677	AS7341	flash	5	100	999	10	100.0	0.3
2026-07-07T20:37:07.844	367	870	540	956	2301	2161	2493	2990	3205	418	29.99	1014.74	52.51	120157	AS7341	flash	5	100	999	10	100.0	0.3
2026-07-07T20:37:09.852	367	871	540	956	2301	2161	2493	2992	3205	418	29.98	1014.73	52.5	120244	AS7341	flash	5	100	999	10	100.0	0.3
2026-07-07T20:37:11.842	367	871	540	956	2302	2162	2494	2992	3206	418	29.99	1014.72	52.5	120157	AS7341	flash	5	100	999	10	100.0	0.3
2026-07-07T20:37:13.841	367	870	540	956	2302	2162	2494	2991	3206	418	29.99	1014.72	52.51	120071	AS7341	flash	5	100	999	10	100.0	0.3
2026-07-07T20:37:15.840	367	870	540	956	2302	2162	2494	2992	3206	418	29.98	1014.71	52.5	120330	AS7341	flash	5	100	999	10	100.0	0.3
2026-07-07T20:37:17.849	368	870	540	957	2303	2163	2495	2993	3207	419	30.0	1014.71	52.49	120157	AS7341	flash	5	100	999	10	100.0	0.3
2026-07-07T20:37:19.850	368	871	540	957	2303	2163	2495	2992	3207	419	29.98	1014.71	52.5	120071	AS7341	flash	5	100	999	10	100.0	0.3
2026-07-07T20:37:21.821	367	870	540	957	2303	2163	2495	2993	3207	418	29.99	1014.7	52.5	120503	AS7341	flash	5	100	999	10	100.0	0.3
2026-07-07T20:37:23.796	367	870	540	957	2303	2163	2494	2993	3206	418	30.0	1014.74	52.49	121376	AS7341	flash	5	100	999	10	100.0	0.3
2026-07-07T20:37:25.789	367	870	540	957	2303	2163	2494	2993	3206	418	30.0	1014.71	52.49	119985	AS7341	flash	5	100	999	10	100.0	0.3
2026-07-07T20:37:27.782	368	870	540	957	2304	2163	2495	2994	3207	419	29.99	1014.7	52.49	120416	AS7341	flash	5	100	999	10	100.0	0.3
2026-07-07T20:37:29.763	367	870	540	957	2303	2163	2495	2991	3207	418	30.0	1014.7	52.47	119728	AS7341	flash	5	100	999	10	100.0	0.3
2026-07-07T20:37:31.867	368	871	541	957	2304	2164	2496	2994	3208	419	29.99	1014.74	52.51	118878	AS7341	flash	5	100	999	10	100.0	0.3
2026-07-07T20:37:33.857	367	870	540	957	2305	2164	2496	2994	3208	419	30.0	1014.72	52.52	120244	AS7341	flash	5	100	999	10	100.0	0.3
2026-07-07T20:37:35.866	367	870	540	957	2304	2163	2495	2993	3207	419	30.0	1014.72	52.51	120244	AS7341	flash	5	100	999	10	100.0	0.3
2026-07-07T20:37:37.853	368	870	540	957	2305	2164	2496	2994	3208	419	30.0	1014.73	52.51	120071	AS7341	flash	5	100	999	10	100.0	0.3
2026-07-07T20:37:39.861	368	870	540	957	2304	2164	2496	2994	3208	418	30.0	1014.7	52.52	120330	AS7341	flash	5	100	999	10	100.0	0.3
2026-07-07T20:37:41.872	367	870	540	957	2305	2164	2496	2994	3208	419	30.01	1014.72	52.53	120330	AS7341	flash	5	100	999	10	100.0	0.3
2026-07-07T20:37:43.763	369	870	540	957	2304	2163	2496	2993	3207	418	30.02	1014.69	52.5	120851	AS7341	flash	5	100	999	10	100.0	0.3
2026-07-07T20:37:45.874	368	870	540	957	2305	2164	2497	2994	3209	418	30.01	1014.7	52.5	119985	AS7341	flash	5	100	999	10	100.0	0.3
2026-07-07T20:37:47.762	367	870	540	957	2304	2164	2496	2993	3209	419	30.01	1014.71	52.52	120764	AS7341	flash	5	100	999	10	100.0	0.3
2026-07-07T20:37:49.850	368	870	540	957	2305	2164	2497	2994	3207	419	30.0	1014.69	52.53	120416	AS7341	flash	5	100	999	10	100.0	0.3
2026-07-07T20:37:51.840	368	870	540	957	2305	2165	2497	2995	3208	419	30.01	1014.71	52.55	120416	AS7341	flash	5	100	999	10	100.0	0.3
2026-07-07T20:37:53.824	368	870	540	957	2305	2165	2497	2995	3209	419	30.01	1014.71	52.55	119985	AS7341	flash	5	100	999	10	100.0	0.3
2026-07-07T20:37:55.819	368	870	540	957	2306	2165	2497	2995	3209	419	30.01	1014.7	52.55	119985	AS7341	flash	5	100	999	10	100.0	0.3
2026-07-07T20:37:57.824	368	870	540	957	2305	2165	2497	2994	3209	418	30.01	1014.69	52.57	119985	AS7341	flash	5	100	999	10	100.0	0.3
2026-07-07T20:37:59.813	368	870	540	957	2305	2164	2496	2994	3208	419	30.02	1014.71	52.55	120157	AS7341	flash	5	100	999	10	100.0	0.3
2026-07-07T20:38:01.803	368	870	540	957	2305	2165	2497	2995	3210	419	30.01	1014.71	52.55	119985	AS7341	flash	5	100	999	10	100.0	0.3
2026-07-07T20:38:03.790	367	870	540	957	2304	2164	2496	2994	3208	419	30.02	1014.75	52.56	119985	AS7341	flash	5	100	999	10	100.0	0.3
2026-07-07T20:38:05.779	368	870	540	957	2305	2164	2496	2994	3209	418	30.02	1014.69	52.57	120851	AS7341	flash	5	100	999	10	100.0	0.3
2026-07-07T20:38:07.770	368	870	540	957	2305	2165	2497	2995	3209	419	30.02	1014.71	52.56	120503	AS7341	flash	5	100	999	10	100.0	0.3
2026-07-07T20:38:09.765	367	870	540	957	2305	2165	2497	2994	3209	418	30.03	1014.72	52.58	120764	AS7341	flash	5	100	999	10	100.0	0.3
2026-07-07T20:38:11.756	368	870	540	958	2306	2165	2497	2995	3209	419	30.03	1014.69	52.57	120071	AS7341	flash	5	100	999	10	100.0	0.3
2026-07-07T20:38:13.868	368	870	541	957	2306	2165	2498	2995	3210	419	30.02	1014.73	52.59	119642	AS7341	flash	5	100	999	10	100.0	0.3
2026-07-07T20:38:15.759	367	870	540	957	2305	2164	2496	2993	3207	418	30.04	1014.75	52.58	119985	AS7341	flash	5	100	999	10	100.0	0.3
2026-07-07T20:38:17.762	368	870	540	957	2305	2165	2497	2995	3209	419	30.02	1014.72	52.59	120330	AS7341	flash	5	100	999	10	100.0	0.3
2026-07-07T20:38:19.763	369	870	540	957	2305	2165	2497	2993	3209	419	30.04	1014.77	52.58	120157	AS7341	flash	5	100	999	10	100.0	0.3
2026-07-07T20:38:21.873	368	870	540	957	2306	2165	2498	2995	3209	419	30.03	1014.72	52.59	119472	AS7341	flash	5	100	999	10	100.0	0.3
2026-07-07T20:38:23.761	367	870	540	957	2305	2164	2496	2994	3208	419	30.04	1014.7	52.6	120677	AS7341	flash	5	100	999	10	100.0	0.3
2026-07-07T20:38:25.845	368	870	540	958	2306	2165	2498	2996	3209	419	30.03	1014.7	52.61	119301	AS7341	flash	5	100	999	10	100.0	0.3
2026-07-07T20:38:27.831	368	870	540	957	2306	2165	2498	2995	3210	419	30.04	1014.74	52.62	119814	AS7341	flash	5	100	999	10	100.0	0.3
2026-07-07T20:38:29.826	368	870	540	958	2306	2165	2498	2995	3210	419	30.04	1014.69	52.6	119814	AS7341	flash	5	100	999	10	100.0	0.3
2026-07-07T20:38:31.817	369	870	540	957	2305	2164	2497	2994	3208	419	30.04	1014.71	52.61	119642	AS7341	flash	5	100	999	10	100.0	0.3
2026-07-07T20:38:33.800	369	870	540	957	2306	2165	2497	2995	3209	419	30.04	1014.7	52.6	120071	AS7341	flash	5	100	999	10	100.0	0.3
2026-07-07T20:38:35.790	368	870	540	957	2305	2165	2497	2995	3209	418	30.04	1014.72	52.59	120590	AS7341	flash	5	100	999	10	100.0	0.3
2026-07-07T20:38:37.773	368	870	540	957	2305	2165	2497	2995	3208	419	30.04	1014.73	52.59	120503	AS7341	flash	5	100	999	10	100.0	0.3
2026-07-07T20:38:39.757	368	870	540	957	2304	2164	2496	2993	3207	418	30.04	1014.72	52.58	120157	AS7341	flash	5	100	999	10	100.0	0.3
2026-07-07T20:38:41.851	368	870	540	957	2305	2165	2497	2995	3209	419	30.04	1014.75	52.59	119557	AS7341	flash	5	100	999	10	100.0	0.3
2026-07-07T20:38:43.837	368	870	540	957	2306	2166	2498	2996	3210	419	30.04	1014.69	52.6	119899	AS7341	flash	5	100	999	10	100.0	0.3
2026-07-07T20:38:45.820	368	870	540	957	2305	2165	2497	2995	3209	419	30.05	1014.7	52.6	120244	AS7341	flash	5	100	999	10	100.0	0.3
2026-07-07T20:38:47.811	368	870	540	957	2305	2165	2497	2994	3208	419	30.05	1014.74	52.59	119985	AS7341	flash	5	100	999	10	100.0	0.3
2026-07-07T20:38:49.804	368	871	541	958	2306	2166	2498	2996	3210	419	30.05	1014.72	52.6	119814	AS7341	flash	5	100	999	10	100.0	0.3
2026-07-07T20:38:51.787	368	870	541	958	2307	2166	2499	2996	3210	419	30.04	1014.73	52.59	120071	AS7341	flash	5	100	999	10	100.0	0.3
2026-07-07T20:38:53.776	369	870	540	957	2306	2165	2498	2995	3210	419	30.05	1014.72	52.58	120330	AS7341	flash	5	100	999	10	100.0	0.3
2026-07-07T20:38:55.757	368	870	540	957	2305	2165	2497	2994	3209	419	30.05	1014.71	52.58	120677	AS7341	flash	5	100	999	10	100.0	0.3
2026-07-07T20:38:57.880	368	871	541	958	2306	2165	2498	2995	3209	419	30.05	1014.74	52.58	119985	AS7341	flash	5	100	999	10	100.0	0.3
2026-07-07T20:38:59.763	368	870	540	957	2306	2165	2498	2994	3210	419	30.05	1014.71	52.59	120244	AS7341	flash	5	100	999	10	100.0	0.3
2026-07-07T20:39:01.768	368	870	541	957	2306	2166	2498	2995	3211	419	30.05	1014.7	52.58	120764	AS7341	flash	5	100	999	10	100.0	0.3
2026-07-07T20:39:03.766	368	870	540	957	2306	2165	2498	2995	3210	419	30.05	1014.72	52.58	120330	AS7341	flash	5	100	999	10	100.0	0.3
2026-07-07T20:39:05.762	369	871	541	958	2307	2166	2498	2996	3211	419	30.05	1014.71	52.58	119899	AS7341	flash	5	100	999	10	100.0	0.3
2026-07-07T20:39:07.764	368	870	540	957	2305	2165	2498	2994	3209	419	30.05	1014.7	52.59	119047	AS7341	flash	5	100	999	10	100.0	0.3
2026-07-07T20:39:09.880	369	871	541	958	2306	2166	2498	2995	3211	419	30.04	1014.72	52.59	119217	AS7341	flash	5	100	999	10	100.0	0.3
2026-07-07T20:39:11.754	369	870	541	957	2306	2165	2498	2995	3210	419	30.06	1014.7	52.59	119985	AS7341	flash	5	100	999	10	100.0	0.3
2026-07-07T20:39:13.845	368	871	541	958	2307	2166	2499	2997	3212	419	30.05	1014.71	52.59	119985	AS7341	flash	5	100	999	10	100.0	0.3
2026-07-07T20:39:15.832	369	871	541	958	2306	2166	2498	2995	3210	419	30.05	1014.71	52.6	119557	AS7341	flash	5	100	999	10	100.0	0.3
2026-07-07T20:39:17.814	369	871	541	957	2305	2165	2497	2994	3209	418	30.06	1014.72	52.59	119814	AS7341	flash	5	100	999	10	100.0	0.3
2026-07-07T20:39:19.812	368	870	540	957	2305	2165	2497	2994	3209	418	30.06	1014.74	52.59	120157	AS7341	flash	5	100	999	10	100.0	0.3
2026-07-07T20:39:21.802	369	870	540	957	2306	2165	2497	2996	3209	419	30.06	1014.73	52.58	119814	AS7341	flash	5	100	999	10	100.0	0.3
2026-07-07T20:39:23.792	368	870	541	957	2306	2167	2498	2996	3210	419	30.06	1014.72	52.59	119814	AS7341	flash	5	100	999	10	100.0	0.3
2026-07-07T20:39:25.786	369	870	540	957	2305	2164	2497	2994	3208	418	30.06	1014.7	52.57	119899	AS7341	flash	5	100	999	10	100.0	0.3
2026-07-07T20:39:27.780	369	870	540	957	2305	2165	2497	2995	3209	418	30.05	1014.72	52.59	120503	AS7341	flash	5	100	999	10	100.0	0.3
2026-07-07T20:39:29.769	369	870	541	957	2306	2166	2498	2996	3210	419	30.06	1014.72	52.59	119985	AS7341	flash	5	100	999	10	100.0	0.3
2026-07-07T20:39:31.757	369	871	541	957	2306	2167	2498	2995	3210	419	30.06	1014.73	52.57	120330	AS7341	flash	5	100	999	10	100.0	0.3
2026-07-07T20:39:33.875	369	871	541	957	2306	2167	2498	2996	3210	419	30.05	1014.73	52.59	119132	AS7341	flash	5	100	999	10	100.0	0.3
2026-07-07T20:39:35.771	369	871	541	957	2306	2165	2498	2995	3209	419	30.07	1014.72	52.59	120157	AS7341	flash	5	100	999	10	100.0	0.3
2026-07-07T20:39:37.757	369	871	541	958	2307	2166	2499	2996	3210	419	30.07	1014.7	52.58	119814	AS7341	flash	5	100	999	10	100.0	0.3
2026-07-07T20:39:39.845	368	871	541	958	2307	2166	2498	2996	3210	419	30.06	1014.72	52.59	119642	AS7341	flash	5	100	999	10	100.0	0.3
2026-07-07T20:39:41.830	369	871	541	958	2307	2167	2498	2996	3210	419	30.07	1014.72	52.57	119301	AS7341	flash	5	100	999	10	100.0	0.3
2026-07-07T20:39:43.812	368	871	541	958	2306	2166	2498	2996	3210	419	30.07	1014.74	52.58	120330	AS7341	flash	5	100	999	10	100.0	0.3
2026-07-07T20:39:45.793	369	871	541	957	2306	2166	2498	2995	3209	419	30.07	1014.75	52.57	119728	AS7341	flash	5	100	999	10	100.0	0.3
2026-07-07T20:39:47.781	369	871	541	958	2306	2166	2498	2996	3209	419	30.07	1014.74	52.57	119814	AS7341	flash	5	100	999	10	100.0	0.3
2026-07-07T20:39:49.778	369	871	541	957	2306	2167	2498	2996	3210	419	30.08	1014.74	52.56	119985	AS7341	flash	5	100	999	10	100.0	0.3
2026-07-07T20:39:51.773	369	871	541	957	2306	2166	2498	2996	3210	419	30.07	1014.76	52.57	119642	AS7341	flash	5	100	999	10	100.0	0.3
2026-07-07T20:39:53.764	369	871	541	957	2307	2167	2498	2996	3210	419	30.08	1014.73	52.58	120330	AS7341	flash	5	100	999	10	100.0	0.3
2026-07-07T20:39:55.768	369	871	541	957	2307	2167	2498	2996	3210	419	30.07	1014.73	52.58	120157	AS7341	flash	5	100	999	10	100.0	0.3
2026-07-07T20:39:57.758	369	871	541	957	2306	2166	2498	2995	3210	419	30.08	1014.75	52.58	119985	AS7341	flash	5	100	999	10	100.0	0.3
2026-07-07T20:39:59.843	369	871	541	958	2307	2167	2499	2997	3211	419	30.07	1014.74	52.57	119301	AS7341	flash	5	100	999	10	100.0	0.3
2026-07-07T20:40:01.831	369	871	541	958	2306	2167	2498	2995	3210	419	30.08	1014.73	52.57	119814	AS7341	flash	5	100	999	10	100.0	0.3
2026-07-07T20:40:03.820	369	871	541	957	2306	2166	2497	2995	3209	418	30.08	1014.75	52.57	120071	AS7341	flash	5	100	999	10	100.0	0.3
2026-07-07T20:40:05.811	369	871	541	957	2306	2166	2498	2995	3210	419	30.08	1014.72	52.55	119899	AS7341	flash	5	100	999	10	100.0	0.3
2026-07-07T20:40:07.804	369	871	541	957	2306	2166	2498	2995	3210	418	30.08	1014.72	52.56	119814	AS7341	flash	5	100	999	10	100.0	0.3
2026-07-07T20:40:09.795	369	871	541	958	2307	2167	2499	2996	3211	419	30.08	1014.73	52.55	120157	AS7341	flash	5	100	999	10	100.0	0.3
2026-07-07T20:40:11.778	369	871	541	958	2306	2166	2498	2995	3210	418	30.08	1014.73	52.56	120503	AS7341	flash	5	100	999	10	100.0	0.3
2026-07-07T20:40:13.764	369	871	541	957	2306	2167	2498	2995	3210	419	30.09	1014.73	52.54	120330	AS7341	flash	5	100	999	10	100.0	0.3
2026-07-07T20:40:15.877	369	871	541	958	2307	2167	2499	2996	3211	419	30.08	1014.72	52.55	119557	AS7341	flash	5	100	999	10	100.0	0.3
2026-07-07T20:40:17.767	369	871	541	958	2307	2167	2499	2996	3211	418	30.1	1014.72	52.54	120157	AS7341	flash	5	100	999	10	100.0	0.3
2026-07-07T20:40:19.762	369	871	541	957	2306	2166	2497	2994	3209	419	30.1	1014.73	52.55	120330	AS7341	flash	5	100	999	10	100.0	0.3
2026-07-07T20:40:21.855	369	871	541	958	2307	2167	2499	2996	3211	419	30.08	1014.75	52.56	119472	AS7341	flash	5	100	999	10	100.0	0.3
2026-07-07T20:40:23.879	369	871	541	958	2306	2167	2498	2996	3211	419	30.09	1014.71	52.56	119472	AS7341	flash	5	100	999	10	100.0	0.3
2026-07-07T20:40:25.759	369	871	541	957	2306	2167	2498	2994	3210	418	30.1	1014.7	52.56	119985	AS7341	flash	5	100	999	10	100.0	0.3
2026-07-07T20:40:27.877	369	871	541	957	2306	2167	2498	2995	3210	418	30.08	1014.75	52.56	119472	AS7341	flash	5	100	999	10	100.0	0.3
2026-07-07T20:40:29.762	369	871	541	957	2306	2167	2498	2995	3210	419	30.1	1014.69	52.57	119985	AS7341	flash	5	100	999	10	100.0	0.3
2026-07-07T20:40:31.879	369	871	541	958	2307	2167	2499	2996	3211	419	30.09	1014.7	52.56	119047	AS7341	flash	5	100	999	10	100.0	0.3
2026-07-07T20:40:33.766	369	871	541	957	2306	2167	2498	2995	3210	419	30.1	1014.7	52.57	119301	AS7341	flash	5	100	999	10	100.0	0.3
2026-07-07T20:40:35.760	369	871	541	957	2307	2167	2498	2995	3211	419	30.1	1014.7	52.54	120157	AS7341	flash	5	100	999	10	100.0	0.3
2026-07-07T20:40:37.853	369	872	541	958	2307	2168	2499	2996	3211	419	30.09	1014.74	52.55	119472	AS7341	flash	5	100	999	10	100.0	0.3
2026-07-07T20:40:39.871	369	871	541	958	2307	2167	2499	2996	3211	419	30.09	1014.72	52.56	119642	AS7341	flash	5	100	999	10	100.0	0.3
2026-07-07T20:40:41.756	369	871	541	957	2306	2166	2498	2994	3210	418	30.11	1014.71	52.57	119814	AS7341	flash	5	100	999	10	100.0	0.3
2026-07-07T20:40:43.876	369	871	541	958	2307	2167	2499	2996	3211	419	30.09	1014.73	52.56	119132	AS7341	flash	5	100	999	10	100.0	0.3
2026-07-07T20:40:45.762	369	871	541	957	2306	2166	2498	2995	3210	418	30.1	1014.7	52.54	120330	AS7341	flash	5	100	999	10	100.0	0.3
2026-07-07T20:40:47.760	369	871	541	957	2306	2167	2498	2993	3210	418	30.1	1014.72	52.55	120157	AS7341	flash	5	100	999	10	100.0	0.3
2026-07-07T20:40:49.757	369	871	541	958	2306	2167	2498	2995	3210	418	30.1	1014.74	52.55	120677	AS7341	flash	5	100	999	10	100.0	0.3
2026-07-07T20:40:51.846	369	871	541	957	2306	2167	2498	2994	3210	419	30.09	1014.74	52.56	119472	AS7341	flash	5	100	999	10	100.0	0.3
2026-07-07T20:40:53.834	369	871	541	959	2306	2166	2498	2995	3210	418	30.11	1014.71	52.57	119472	AS7341	flash	5	100	999	10	100.0	0.3
2026-07-07T20:40:55.825	369	871	541	957	2306	2166	2498	2993	3209	418	30.1	1014.74	52.56	119217	AS7341	flash	5	100	999	10	100.0	0.3
2026-07-07T20:40:57.817	369	871	541	958	2307	2167	2498	2995	3210	419	30.1	1014.7	52.57	119985	AS7341	flash	5	100	999	10	100.0	0.3
2026-07-07T20:40:59.814	369	871	541	958	2307	2167	2499	2995	3210	419	30.1	1014.74	52.55	119728	AS7341	flash	5	100	999	10	100.0	0.3
2026-07-07T20:41:01.805	369	871	541	959	2306	2166	2498	2995	3210	418	30.1	1014.73	52.57	119899	AS7341	flash	5	100	999	10	100.0	0.3
2026-07-07T20:41:03.798	369	871	541	958	2306	2166	2498	2994	3209	418	30.11	1014.72	52.56	120330	AS7341	flash	5	100	999	10	100.0	0.3
2026-07-07T20:41:05.796	369	871	541	957	2306	2166	2498	2995	3209	418	30.11	1014.74	52.57	119814	AS7341	flash	5	100	999	10	100.0	0.3
2026-07-07T20:41:07.785	369	871	541	958	2306	2166	2498	2995	3210	418	30.1	1014.77	52.57	119047	AS7341	flash	5	100	999	10	100.0	0.3
2026-07-07T20:41:09.779	369	871	541	957	2306	2167	2498	2996	3211	418	30.11	1014.75	52.56	119985	AS7341	flash	5	100	999	10	100.0	0.3
2026-07-07T20:41:11.767	369	871	541	958	2307	2167	2499	2996	3211	419	30.1	1014.75	52.57	119472	AS7341	flash	5	100	999	10	100.0	0.3
2026-07-07T20:41:13.873	369	871	541	959	2307	2168	2499	2997	3212	419	30.1	1014.7	52.58	119132	AS7341	flash	5	100	999	10	100.0	0.3
2026-07-07T20:41:15.757	369	871	541	958	2306	2167	2498	2996	3211	419	30.12	1014.73	52.57	119985	AS7341	flash	5	100	999	10	100.0	0.3
2026-07-07T20:41:17.873	369	872	541	959	2307	2168	2499	2997	3212	418	30.11	1014.76	52.56	119301	AS7341	flash	5	100	999	10	100.0	0.3
2026-07-07T20:41:19.842	369	871	541	959	2307	2167	2499	2996	3211	419	30.11	1014.75	52.55	119472	AS7341	flash	5	100	999	10	100.0	0.3
2026-07-07T20:41:21.837	369	871	541	959	2306	2167	2498	2996	3210	418	30.11	1014.73	52.55	119472	AS7341	flash	5	100	999	10	100.0	0.3
2026-07-07T20:41:23.829	369	871	541	958	2306	2167	2498	2996	3211	418	30.11	1014.73	52.55	119985	AS7341	flash	5	100	999	10	100.0	0.3
2026-07-07T20:41:25.816	369	871	541	959	2307	2167	2499	2996	3211	418	30.12	1014.73	52.56	119899	AS7341	flash	5	100	999	10	100.0	0.3
2026-07-07T20:41:27.803	369	871	541	959	2307	2168	2499	2996	3212	419	30.11	1014.73	52.55	118794	AS7341	flash	5	100	999	10	100.0	0.3
2026-07-07T20:41:29.800	369	871	541	959	2307	2168	2499	2995	3211	419	30.11	1014.73	52.54	119642	AS7341	flash	5	100	999	10	100.0	0.3
2026-07-07T20:41:31.794	369	872	541	959	2307	2167	2499	2996	3211	419	30.11	1014.75	52.54	119387	AS7341	flash	5	100	999	10	100.0	0.3
2026-07-07T20:41:33.778	369	872	541	959	2307	2168	2499	2996	3212	419	30.12	1014.77	52.56	119642	AS7341	flash	5	100	999	10	100.0	0.3
2026-07-07T20:41:35.766	369	871	541	958	2306	2167	2498	2995	3210	418	30.11	1014.75	52.55	120330	AS7341	flash	5	100	999	10	100.0	0.3
2026-07-07T20:41:37.881	369	872	541	959	2307	2167	2499	2996	3211	419	30.11	1014.73	52.55	119301	AS7341	flash	5	100	999	10	100.0	0.3
2026-07-07T20:41:39.768	369	872	541	959	2307	2167	2499	2996	3211	418	30.12	1014.74	52.56	120244	AS7341	flash	5	100	999	10	100.0	0.3
2026-07-07T20:41:41.763	369	872	541	959	2307	2167	2499	2996	3211	418	30.11	1014.71	52.55	119985	AS7341	flash	5	100	999	10	100.0	0.3
2026-07-07T20:41:43.854	369	872	541	959	2308	2168	2500	2996	3212	419	30.11	1014.73	52.56	120071	AS7341	flash	5	100	999	10	100.0	0.3
2026-07-07T20:41:45.875	369	872	541	959	2308	2168	2499	2996	3212	419	30.12	1014.74	52.57	119301	AS7341	flash	5	100	999	10	100.0	0.3
2026-07-07T20:41:47.758	369	871	541	958	2307	2167	2498	2996	3211	418	30.12	1014.7	52.55	120244	AS7341	flash	5	100	999	10	100.0	0.3
2026-07-07T20:41:49.876	369	872	541	959	2307	2167	2499	2996	3211	419	30.11	1014.73	52.55	119047	AS7341	flash	5	100	999	10	100.0	0.3
2026-07-07T20:41:51.762	369	871	541	959	2307	2167	2499	2995	3211	419	30.12	1014.76	52.56	119985	AS7341	flash	5	100	999	10	100.0	0.3
2026-07-07T20:41:53.852	369	872	541	959	2307	2167	2499	2996	3212	419	30.11	1014.72	52.53	119728	AS7341	flash	5	100	999	10	100.0	0.3
2026-07-07T20:41:55.849	369	872	541	959	2308	2168	2499	2997	3212	419	30.12	1014.77	52.54	119301	AS7341	flash	5	100	999	10	100.0	0.3
2026-07-07T20:41:57.841	369	872	541	959	2307	2167	2499	2996	3211	419	30.12	1014.71	52.54	119472	AS7341	flash	5	100	999	10	100.0	0.3
2026-07-07T20:41:59.826	369	871	541	958	2306	2167	2498	2995	3210	418	30.13	1014.73	52.54	119642	AS7341	flash	5	100	999	10	100.0	0.3
2026-07-07T20:42:01.819	369	872	541	959	2307	2167	2499	2996	3210	418	30.12	1014.71	52.54	119301	AS7341	flash	5	100	999	10	100.0	0.3
2026-07-07T20:42:03.815	369	872	541	959	2307	2167	2498	2994	3211	418	30.12	1014.74	52.53	119728	AS7341	flash	5	100	999	10	100.0	0.3
2026-07-07T20:42:05.807	369	871	541	958	2307	2168	2499	2996	3211	419	30.13	1014.77	52.52	119557	AS7341	flash	5	100	999	10	100.0	0.3
2026-07-07T20:42:07.810	369	872	541	959	2307	2168	2500	2996	3211	419	30.12	1014.76	52.52	119557	AS7341	flash	5	100	999	10	100.0	0.3
2026-07-07T20:42:09.800	369	871	541	959	2307	2167	2499	2996	3210	418	30.12	1014.74	52.51	119557	AS7341	flash	5	100	999	10	100.0	0.3
2026-07-07T20:42:11.795	369	872	541	959	2307	2167	2499	2996	3211	418	30.13	1014.76	52.51	119814	AS7341	flash	5	100	999	10	100.0	0.3
2026-07-07T20:42:13.792	369	872	541	959	2307	2167	2499	2995	3210	418	30.13	1014.74	52.52	119387	AS7341	flash	5	100	999	10	100.0	0.3
2026-07-07T20:42:15.794	369	872	541	959	2308	2168	2500	2996	3212	419	30.13	1014.74	52.49	119387	AS7341	flash	5	100	999	10	100.0	0.3
2026-07-07T20:42:17.780	369	871	541	958	2307	2167	2499	2996	3211	418	30.13	1014.75	52.51	119642	AS7341	flash	5	100	999	10	100.0	0.3
2026-07-07T20:42:19.776	369	872	541	959	2307	2167	2499	2996	3211	418	30.13	1014.76	52.49	119301	AS7341	flash	5	100	999	10	100.0	0.3
2026-07-07T20:42:21.771	369	872	541	959	2308	2168	2499	2996	3211	419	30.14	1014.74	52.51	119985	AS7341	flash	5	100	999	10	100.0	0.3
2026-07-07T20:42:23.758	369	872	541	959	2307	2168	2499	2996	3211	419	30.14	1014.74	52.51	119814	AS7341	flash	5	100	999	10	100.0	0.3
2026-07-07T20:42:25.844	369	872	541	959	2308	2168	2500	2996	3211	419	30.12	1014.76	52.52	119387	AS7341	flash	5	100	999	10	100.0	0.3
2026-07-07T20:42:27.830	369	872	541	959	2308	2168	2500	2995	3211	419	30.14	1014.74	52.52	119472	AS7341	flash	5	100	999	10	100.0	0.3
2026-07-07T20:42:29.815	369	872	541	959	2307	2168	2499	2996	3211	419	30.14	1014.75	52.51	119132	AS7341	flash	5	100	999	10	100.0	0.3
2026-07-07T20:42:31.811	369	872	541	959	2308	2168	2500	2996	3211	419	30.14	1014.73	52.51	119557	AS7341	flash	5	100	999	10	100.0	0.3
2026-07-07T20:42:33.797	369	872	541	959	2308	2168	2500	2996	3212	419	30.14	1014.75	52.52	119557	AS7341	flash	5	100	999	10	100.0	0.3
2026-07-07T20:42:35.794	369	872	541	959	2308	2168	2499	2996	3211	419	30.14	1014.75	52.49	119387	AS7341	flash	5	100	999	10	100.0	0.3
2026-07-07T20:42:37.788	369	872	541	959	2308	2169	2501	2997	3212	419	30.14	1014.75	52.51	119642	AS7341	flash	5	100	999	10	100.0	0.3
2026-07-07T20:42:39.779	369	872	541	959	2308	2168	2500	2997	3212	419	30.14	1014.78	52.5	119387	AS7341	flash	5	100	999	10	100.0	0.3
2026-07-07T20:42:41.763	369	872	541	959	2308	2169	2500	2997	3213	419	30.14	1014.75	52.49	119472	AS7341	flash	5	100	999	10	100.0	0.3
2026-07-07T20:42:43.756	369	872	541	959	2308	2168	2500	2996	3211	418	30.15	1014.76	52.5	119642	AS7341	flash	5	100	999	10	100.0	0.3
2026-07-07T20:42:45.758	369	872	541	959	2308	2169	2501	2997	3213	419	30.15	1014.76	52.5	119899	AS7341	flash	5	100	999	10	100.0	0.3
2026-07-07T20:42:47.844	369	872	541	959	2308	2168	2500	2996	3212	418	30.14	1014.72	52.51	119472	AS7341	flash	5	100	999	10	100.0	0.3
2026-07-07T20:42:49.830	369	872	541	959	2308	2168	2500	2995	3212	418	30.15	1014.73	52.51	119047	AS7341	flash	5	100	999	10	100.0	0.3
2026-07-07T20:42:51.815	369	872	541	959	2308	2168	2500	2996	3212	419	30.15	1014.75	52.52	119814	AS7341	flash	5	100	999	10	100.0	0.3
2026-07-07T20:42:53.802	369	872	541	959	2307	2168	2500	2996	3212	418	30.15	1014.77	52.48	119642	AS7341	flash	5	100	999	10	100.0	0.3
2026-07-07T20:42:55.797	369	872	541	959	2308	2168	2500	2997	3213	420	30.14	1014.74	52.49	120157	AS7341	flash	5	100	999	10	100.0	0.3
2026-07-07T20:42:57.790	369	872	541	959	2308	2168	2500	2997	3213	419	30.15	1014.74	52.49	119557	AS7341	flash	5	100	999	10	100.0	0.3
2026-07-07T20:42:59.782	369	872	541	959	2308	2168	2500	2996	3212	419	30.15	1014.75	52.5	119814	AS7341	flash	5	100	999	10	100.0	0.3
2026-07-07T20:43:01.768	369	872	541	959	2309	2169	2501	2996	3214	419	30.15	1014.78	52.49	119472	AS7341	flash	5	100	999	10	100.0	0.3
2026-07-07T20:43:03.760	369	872	541	959	2307	2168	2500	2996	3212	419	30.15	1014.76	52.49	119472	AS7341	flash	5	100	999	10	100.0	0.3
2026-07-07T20:43:05.746	369	872	541	959	2308	2168	2500	2996	3212	418	30.15	1014.73	52.48	119814	AS7341	flash	5	100	999	10	100.0	0.3
2026-07-07T20:43:07.845	369	872	541	959	2308	2168	2500	2997	3212	419	30.14	1014.74	52.49	119899	AS7341	flash	5	100	999	10	100.0	0.3
2026-07-07T20:43:09.830	369	872	542	959	2309	2169	2501	2997	3213	419	30.15	1014.73	52.5	119217	AS7341	flash	5	100	999	10	100.0	0.3
2026-07-07T20:43:11.812	369	872	541	959	2308	2168	2500	2996	3212	419	30.15	1014.76	52.5	119472	AS7341	flash	5	100	999	10	100.0	0.3
2026-07-07T20:43:13.802	369	872	541	959	2308	2168	2499	2995	3212	419	30.15	1014.75	52.49	119642	AS7341	flash	5	100	999	10	100.0	0.3
2026-07-07T20:43:15.785	369	872	541	959	2308	2169	2501	2997	3213	419	30.16	1014.75	52.48	120071	AS7341	flash	5	100	999	10	100.0	0.3
2026-07-07T20:43:17.779	369	873	542	960	2309	2169	2501	2997	3214	419	30.16	1014.75	52.5	119642	AS7341	flash	5	100	999	10	100.0	0.3
2026-07-07T20:43:19.771	369	872	541	959	2308	2168	2500	2996	3213	419	30.16	1014.73	52.5	119814	AS7341	flash	5	100	999	10	100.0	0.3
2026-07-07T20:43:21.766	369	872	541	959	2308	2168	2500	2996	3213	419	30.16	1014.74	52.5	119642	AS7341	flash	5	100	999	10	100.0	0.3
2026-07-07T20:43:23.767	369	872	541	959	2309	2169	2501	2997	3213	419	30.16	1014.77	52.5	120244	AS7341	flash	5	100	999	10	100.0	0.3
2026-07-07T20:43:25.763	370	872	541	959	2308	2169	2501	2997	3213	419	30.16	1014.74	52.49	119557	AS7341	flash	5	100	999	10	100.0	0.3
2026-07-07T20:43:27.880	369	872	541	959	2309	2169	2501	2997	3213	419	30.15	1014.73	52.5	119557	AS7341	flash	5	100	999	10	100.0	0.3
2026-07-07T20:43:29.763	369	872	542	959	2308	2169	2500	2997	3213	420	30.17	1014.72	52.51	118963	AS7341	flash	5	100	999	10	100.0	0.3
2026-07-07T20:43:31.754	369	872	542	959	2308	2168	2500	2996	3213	420	30.16	1014.73	52.5	119728	AS7341	flash	5	100	999	10	100.0	0.3
2026-07-07T20:43:33.842	369	872	541	959	2308	2168	2500	2996	3212	418	30.16	1014.74	52.48	119301	AS7341	flash	5	100	999	10	100.0	0.3
2026-07-07T20:43:35.826	369	872	541	959	2308	2168	2500	2996	3212	419	30.16	1014.76	52.5	119301	AS7341	flash	5	100	999	10	100.0	0.3
2026-07-07T20:43:37.808	369	872	541	959	2308	2168	2500	2996	3212	419	30.17	1014.74	52.49	119132	AS7341	flash	5	100	999	10	100.0	0.3
2026-07-07T20:43:39.792	369	872	541	959	2309	2169	2501	2997	3213	419	30.16	1014.71	52.48	119557	AS7341	flash	5	100	999	10	100.0	0.3
2026-07-07T20:43:41.782	369	873	541	959	2308	2169	2500	2997	3213	419	30.16	1014.73	52.5	120244	AS7341	flash	5	100	999	10	100.0	0.3
2026-07-07T20:43:43.768	369	873	542	959	2309	2169	2501	2997	3213	419	30.17	1014.78	52.49	119728	AS7341	flash	5	100	999	10	100.0	0.3
2026-07-07T20:43:45.760	369	873	542	959	2309	2169	2501	2996	3213	419	30.16	1014.74	52.49	119899	AS7341	flash	5	100	999	10	100.0	0.3
2026-07-07T20:43:47.846	369	873	542	959	2309	2169	2501	2996	3214	420	30.15	1014.76	52.49	119217	AS7341	flash	5	100	999	10	100.0	0.3
2026-07-07T20:43:49.829	369	873	542	959	2309	2169	2501	2997	3213	420	30.16	1014.76	52.49	119217	AS7341	flash	5	100	999	10	100.0	0.3
2026-07-07T20:43:51.828	369	872	542	959	2309	2169	2501	2997	3213	419	30.16	1014.74	52.48	119642	AS7341	flash	5	100	999	10	100.0	0.3
2026-07-07T20:43:53.820	369	873	542	959	2309	2169	2501	2996	3213	419	30.16	1014.77	52.48	119047	AS7341	flash	5	100	999	10	100.0	0.3
2026-07-07T20:43:55.812	369	872	541	959	2309	2169	2501	2998	3214	419	30.16	1014.72	52.48	119814	AS7341	flash	5	100	999	10	100.0	0.3
2026-07-07T20:43:57.800	369	873	542	959	2309	2169	2501	2998	3213	420	30.16	1014.77	52.49	120157	AS7341	flash	5	100	999	10	100.0	0.3
2026-07-07T20:43:59.787	369	873	541	959	2308	2169	2500	2997	3212	420	30.17	1014.72	52.5	119985	AS7341	flash	5	100	999	10	100.0	0.3
2026-07-07T20:44:01.782	369	873	542	959	2308	2169	2501	2998	3212	420	30.17	1014.73	52.49	119899	AS7341	flash	5	100	999	10	100.0	0.3
2026-07-07T20:44:03.768	369	873	542	959	2309	2169	2501	2998	3213	420	30.17	1014.71	52.49	119814	AS7341	flash	5	100	999	10	100.0	0.3
2026-07-07T20:44:05.756	369	873	542	959	2308	2169	2500	2998	3213	420	30.17	1014.75	52.49	119642	AS7341	flash	5	100	999	10	100.0	0.3
2026-07-07T20:44:07.879	369	873	542	959	2309	2170	2501	2998	3214	420	30.16	1014.73	52.5	119132	AS7341	flash	5	100	999	10	100.0	0.3
2026-07-07T20:44:09.757	369	872	542	959	2308	2168	2500	2997	3211	420	30.17	1014.73	52.53	120244	AS7341	flash	5	100	999	10	100.0	0.3
2026-07-07T20:44:11.850	369	872	542	959	2309	2169	2501	2998	3213	419	30.16	1014.72	52.52	119132	AS7341	flash	5	100	999	10	100.0	0.3
2026-07-07T20:44:13.840	369	873	542	959	2309	2169	2501	2998	3213	420	30.17	1014.73	52.52	119557	AS7341	flash	5	100	999	10	100.0	0.3
2026-07-07T20:44:15.834	369	873	542	959	2308	2169	2501	2998	3213	420	30.17	1014.72	52.52	120157	AS7341	flash	5	100	999	10	100.0	0.3
2026-07-07T20:44:17.821	369	873	542	959	2309	2169	2501	2998	3213	420	30.17	1014.71	52.51	118626	AS7341	flash	5	100	999	10	100.0	0.3
2026-07-07T20:44:19.819	369	873	542	959	2309	2169	2501	2998	3213	419	30.17	1014.74	52.51	119387	AS7341	flash	5	100	999	10	100.0	0.3
2026-07-07T20:44:21.806	369	873	542	959	2309	2169	2501	2998	3214	420	30.17	1014.72	52.51	119985	AS7341	flash	5	100	999	10	100.0	0.3
2026-07-07T20:44:23.801	369	873	542	959	2308	2169	2501	2997	3213	419	30.18	1014.73	52.52	119814	AS7341	flash	5	100	999	10	100.0	0.3
2026-07-07T20:44:25.784	369	873	542	959	2310	2169	2501	2997	3213	420	30.17	1014.7	52.51	119642	AS7341	flash	5	100	999	10	100.0	0.3
2026-07-07T20:44:27.767	369	873	542	959	2309	2169	2501	2996	3213	420	30.18	1014.73	52.5	119728	AS7341	flash	5	100	999	10	100.0	0.3
2026-07-07T20:44:29.852	369	873	542	960	2310	2170	2502	2999	3215	420	30.17	1014.71	52.53	119301	AS7341	flash	5	100	999	10	100.0	0.3
2026-07-07T20:44:31.847	369	873	542	959	2308	2168	2500	2997	3213	420	30.17	1014.76	52.52	118963	AS7341	flash	5	100	999	10	100.0	0.3
2026-07-07T20:44:33.836	369	873	542	959	2310	2169	2502	2999	3214	420	30.17	1014.74	52.52	119728	AS7341	flash	5	100	999	10	100.0	0.3
2026-07-07T20:44:35.831	369	873	542	959	2309	2169	2501	2998	3214	420	30.18	1014.72	52.53	120157	AS7341	flash	5	100	999	10	100.0	0.3
2026-07-07T20:44:37.820	369	873	542	959	2308	2168	2501	2997	3213	420	30.18	1014.71	52.49	119472	AS7341	flash	5	100	999	10	100.0	0.3
2026-07-07T20:44:39.812	369	873	542	959	2310	2170	2502	2999	3214	420	30.18	1014.74	52.51	119472	AS7341	flash	5	100	999	10	100.0	0.3
2026-07-07T20:44:41.798	369	873	542	959	2310	2170	2502	2999	3215	420	30.18	1014.75	52.5	120071	AS7341	flash	5	100	999	10	100.0	0.3
2026-07-07T20:44:43.789	369	873	542	959	2309	2169	2501	2998	3213	420	30.18	1014.74	52.52	120330	AS7341	flash	5	100	999	10	100.0	0.3
2026-07-07T20:44:45.780	369	873	542	959	2310	2169	2501	2998	3213	420	30.18	1014.74	52.51	119301	AS7341	flash	5	100	999	10	100.0	0.3
2026-07-07T20:44:47.762	369	873	542	959	2309	2169	2501	2998	3214	420	30.18	1014.74	52.51	119899	AS7341	flash	5	100	999	10	100.0	0.3
2026-07-07T20:44:49.850	370	873	542	959	2310	2170	2502	2999	3215	420	30.17	1014.74	52.52	119301	AS7341	flash	5	100	999	10	100.0	0.3
2026-07-07T20:44:51.838	370	873	542	959	2309	2170	2502	2999	3214	420	30.18	1014.71	52.54	119642	AS7341	flash	5	100	999	10	100.0	0.3
2026-07-07T20:44:53.829	369	873	542	959	2309	2169	2501	2998	3213	420	30.18	1014.78	52.53	119557	AS7341	flash	5	100	999	10	100.0	0.3
2026-07-07T20:44:55.818	369	873	542	959	2310	2170	2502	2999	3215	420	30.19	1014.74	52.53	119642	AS7341	flash	5	100	999	10	100.0	0.3
2026-07-07T20:44:57.815	369	873	542	959	2310	2169	2501	2998	3214	420	30.18	1014.72	52.51	119642	AS7341	flash	5	100	999	10	100.0	0.3
2026-07-07T20:44:59.795	369	873	542	959	2310	2169	2502	2999	3214	420	30.18	1014.74	52.51	119814	AS7341	flash	5	100	999	10	100.0	0.3
2026-07-07T20:45:01.789	370	873	542	960	2310	2170	2502	2999	3215	420	30.19	1014.76	52.53	119301	AS7341	flash	5	100	999	10	100.0	0.3
2026-07-07T20:45:03.784	369	873	542	959	2310	2169	2502	2997	3214	420	30.19	1014.75	52.52	119985	AS7341	flash	5	100	999	10	100.0	0.3
2026-07-07T20:45:05.776	369	873	542	959	2311	2170	2502	2999	3215	420	30.18	1014.74	52.52	119899	AS7341	flash	5	100	999	10	100.0	0.3
2026-07-07T20:45:07.754	370	873	542	959	2310	2169	2502	2999	3214	420	30.18	1014.74	52.51	120071	AS7341	flash	5	100	999	10	100.0	0.3
2026-07-07T20:45:09.843	369	873	542	959	2311	2170	2502	2999	3215	420	30.18	1014.76	52.53	119132	AS7341	flash	5	100	999	10	100.0	0.3
2026-07-07T20:45:11.840	369	873	542	959	2310	2169	2501	2998	3214	420	30.19	1014.77	52.53	119301	AS7341	flash	5	100	999	10	100.0	0.3
2026-07-07T20:45:13.839	369	873	542	959	2310	2169	2502	2997	3214	420	30.19	1014.75	52.53	119472	AS7341	flash	5	100	999	10	100.0	0.3
2026-07-07T20:45:15.831	369	873	542	959	2310	2169	2501	2998	3214	420	30.18	1014.75	52.53	119814	AS7341	flash	5	100	999	10	100.0	0.3
2026-07-07T20:45:17.833	369	873	542	959	2309	2168	2500	2997	3212	419	30.19	1014.77	52.53	119728	AS7341	flash	5	100	999	10	100.0	0.3
2026-07-07T20:45:19.820	369	873	542	959	2310	2169	2501	2998	3214	420	30.19	1014.74	52.52	119387	AS7341	flash	5	100	999	10	100.0	0.3
2026-07-07T20:45:21.799	369	873	542	959	2311	2170	2502	2999	3215	420	30.19	1014.77	52.53	119557	AS7341	flash	5	100	999	10	100.0	0.3
2026-07-07T20:45:23.795	369	873	542	959	2310	2169	2501	2998	3214	420	30.19	1014.76	52.54	119301	AS7341	flash	5	100	999	10	100.0	0.3
2026-07-07T20:45:25.785	369	873	542	959	2310	2169	2502	2998	3214	420	30.19	1014.77	52.53	119301	AS7341	flash	5	100	999	10	100.0	0.3
2026-07-07T20:45:27.770	369	873	542	959	2311	2170	2503	2999	3215	420	30.19	1014.78	52.51	119642	AS7341	flash	5	100	999	10	100.0	0.3
2026-07-07T20:45:29.764	369	873	542	959	2310	2170	2502	2999	3214	420	30.19	1014.77	52.53	119814	AS7341	flash	5	100	999	10	100.0	0.3
2026-07-07T20:45:31.854	369	873	542	960	2311	2170	2502	2999	3215	420	30.18	1014.79	52.53	119472	AS7341	flash	5	100	999	10	100.0	0.3
2026-07-07T20:45:33.841	370	874	542	960	2310	2169	2502	2998	3214	420	30.19	1014.78	52.53	119301	AS7341	flash	5	100	999	10	100.0	0.3
2026-07-07T20:45:35.834	369	873	542	959	2310	2170	2502	2998	3214	420	30.2	1014.8	52.53	119642	AS7341	flash	5	100	999	10	100.0	0.3
2026-07-07T20:45:37.822	369	873	542	959	2310	2170	2502	2998	3214	420	30.19	1014.76	52.52	119301	AS7341	flash	5	100	999	10	100.0	0.3
2026-07-07T20:45:39.810	370	873	542	959	2310	2169	2502	2998	3214	420	30.19	1014.78	52.54	119814	AS7341	flash	5	100	999	10	100.0	0.3
2026-07-07T20:45:41.801	370	873	542	959	2310	2169	2502	2998	3214	420	30.2	1014.78	52.53	119387	AS7341	flash	5	100	999	10	100.0	0.3
2026-07-07T20:45:43.792	370	873	542	959	2311	2170	2503	2999	3215	420	30.19	1014.78	52.52	119642	AS7341	flash	5	100	999	10	100.0	0.3
2026-07-07T20:45:45.789	370	874	542	960	2311	2171	2503	3000	3216	420	30.19	1014.76	52.55	119472	AS7341	flash	5	100	999	10	100.0	0.3
2026-07-07T20:45:47.775	370	873	542	959	2311	2170	2502	2999	3215	420	30.2	1014.77	52.55	119642	AS7341	flash	5	100	999	10	100.0	0.3
2026-07-07T20:45:49.764	369	873	542	959	2309	2169	2501	2997	3213	420	30.2	1014.78	52.53	119387	AS7341	flash	5	100	999	10	100.0	0.3
2026-07-07T20:45:51.856	370	874	542	959	2311	2170	2502	2998	3214	420	30.19	1014.83	52.55	118963	AS7341	flash	5	100	999	10	100.0	0.3
2026-07-07T20:45:53.853	369	873	542	959	2310	2169	2502	2998	3214	420	30.19	1014.75	52.56	118963	AS7341	flash	5	100	999	10	100.0	0.3
2026-07-07T20:45:55.836	369	873	542	959	2310	2170	2502	2998	3214	420	30.19	1014.79	52.55	119047	AS7341	flash	5	100	999	10	100.0	0.3
2026-07-07T20:45:57.819	370	874	542	959	2311	2170	2503	2999	3215	420	30.2	1014.8	52.55	120071	AS7341	flash	5	100	999	10	100.0	0.3
2026-07-07T20:45:59.809	370	874	542	960	2312	2171	2503	2999	3216	420	30.19	1014.79	52.55	119472	AS7341	flash	5	100	999	10	100.0	0.3
2026-07-07T20:46:01.802	370	874	542	959	2311	2170	2502	2999	3215	420	30.2	1014.79	52.55	119642	AS7341	flash	5	100	999	10	100.0	0.3
2026-07-07T20:46:03.797	370	874	542	960	2311	2170	2503	2998	3215	420	30.2	1014.78	52.55	119047	AS7341	flash	5	100	999	10	100.0	0.3
2026-07-07T20:46:05.790	370	874	542	959	2311	2170	2503	2999	3215	420	30.2	1014.84	52.55	119557	AS7341	flash	5	100	999	10	100.0	0.3
2026-07-07T20:46:07.779	369	874	542	960	2311	2170	2503	2998	3214	420	30.2	1014.82	52.57	119985	AS7341	flash	5	100	999	10	100.0	0.3
2026-07-07T20:46:09.768	370	874	542	960	2311	2170	2503	2999	3215	420	30.2	1014.8	52.55	119472	AS7341	flash	5	100	999	10	100.0	0.3
2026-07-07T20:46:11.755	370	874	542	960	2311	2170	2503	2998	3215	420	30.2	1014.79	52.56	119301	AS7341	flash	5	100	999	10	100.0	0.3
2026-07-07T20:46:13.848	370	874	542	960	2311	2171	2504	2999	3216	420	30.19	1014.79	52.55	118794	AS7341	flash	5	100	999	10	100.0	0.3
2026-07-07T20:46:15.834	370	874	543	960	2312	2171	2504	2999	3216	420	30.19	1014.79	52.57	119047	AS7341	flash	5	100	999	10	100.0	0.3
2026-07-07T20:46:17.823	369	873	542	959	2310	2170	2502	2998	3214	420	30.2	1014.79	52.57	119642	AS7341	flash	5	100	999	10	100.0	0.3
2026-07-07T20:46:19.808	370	874	542	959	2310	2170	2503	2999	3214	420	30.2	1014.83	52.57	119132	AS7341	flash	5	100	999	10	100.0	0.3
2026-07-07T20:46:21.790	371	874	542	959	2310	2170	2502	2999	3214	420	30.2	1014.83	52.57	119387	AS7341	flash	5	100	999	10	100.0	0.3
2026-07-07T20:46:23.784	370	874	542	959	2311	2170	2503	3000	3215	420	30.2	1014.79	52.56	120157	AS7341	flash	5	100	999	10	100.0	0.3
2026-07-07T20:46:25.770	369	873	542	959	2310	2170	2502	2999	3214	420	30.2	1014.79	52.57	118963	AS7341	flash	5	100	999	10	100.0	0.3
2026-07-07T20:46:27.753	370	874	543	960	2310	2170	2502	2999	3214	420	30.2	1014.83	52.56	119642	AS7341	flash	5	100	999	10	100.0	0.3
2026-07-07T20:46:29.841	370	874	542	960	2311	2171	2504	3000	3215	420	30.19	1014.78	52.58	118963	AS7341	flash	5	100	999	10	100.0	0.3
2026-07-07T20:46:31.822	370	874	542	960	2311	2171	2504	3000	3215	420	30.2	1014.79	52.59	119047	AS7341	flash	5	100	999	10	100.0	0.3
2026-07-07T20:46:33.813	370	874	542	960	2311	2171	2504	3000	3216	420	30.19	1014.77	52.59	119301	AS7341	flash	5	100	999	10	100.0	0.3
2026-07-07T20:46:35.806	370	874	542	959	2311	2170	2503	3000	3215	420	30.2	1014.8	52.59	119132	AS7341	flash	5	100	999	10	100.0	0.3
2026-07-07T20:46:37.795	370	874	543	959	2311	2170	2503	3000	3214	420	30.2	1014.81	52.59	119301	AS7341	flash	5	100	999	10	100.0	0.3
2026-07-07T20:46:39.786	370	874	542	959	2311	2170	2503	3000	3216	420	30.21	1014.81	52.59	119728	AS7341	flash	5	100	999	10	100.0	0.3
2026-07-07T20:46:41.769	370	874	542	960	2311	2170	2503	2999	3216	420	30.2	1014.77	52.6	119217	AS7341	flash	5	100	999	10	100.0	0.3
2026-07-07T20:46:43.762	370	874	542	960	2311	2170	2503	3000	3215	420	30.21	1014.81	52.59	119728	AS7341	flash	5	100	999	10	100.0	0.3
2026-07-07T20:46:45.875	370	874	542	960	2312	2171	2504	3001	3216	420	30.19	1014.79	52.6	119132	AS7341	flash	5	100	999	10	100.0	0.3
2026-07-07T20:46:47.764	370	874	542	960	2311	2170	2503	2999	3216	420	30.21	1014.8	52.59	119642	AS7341	flash	5	100	999	10	100.0	0.3
2026-07-07T20:46:49.853	370	874	542	960	2311	2171	2504	3000	3216	420	30.19	1014.79	52.6	118794	AS7341	flash	5	100	999	10	100.0	0.3
2026-07-07T20:46:51.852	370	874	542	960	2311	2170	2503	3000	3216	420	30.2	1014.8	52.61	119132	AS7341	flash	5	100	999	10	100.0	0.3
2026-07-07T20:46:53.836	370	874	542	959	2311	2170	2503	3000	3216	420	30.2	1014.82	52.61	119132	AS7341	flash	5	100	999	10	100.0	0.3
2026-07-07T20:46:55.821	370	874	543	959	2311	2171	2504	3000	3216	420	30.2	1014.8	52.59	119642	AS7341	flash	5	100	999	10	100.0	0.3
2026-07-07T20:46:57.813	370	874	543	959	2311	2171	2503	2999	3216	420	30.2	1014.8	52.59	119985	AS7341	flash	5	100	999	10	100.0	0.3
2026-07-07T20:46:59.803	370	874	542	959	2312	2171	2504	3000	3217	420	30.21	1014.85	52.58	119557	AS7341	flash	5	100	999	10	100.0	0.3
2026-07-07T20:47:01.798	370	874	542	959	2311	2170	2503	3000	3216	420	30.21	1014.82	52.57	119387	AS7341	flash	5	100	999	10	100.0	0.3
2026-07-07T20:47:03.801	370	874	543	959	2311	2170	2503	2999	3216	420	30.2	1014.83	52.58	119387	AS7341	flash	5	100	999	10	100.0	0.3
2026-07-07T20:47:05.789	370	874	542	959	2311	2171	2503	3000	3216	420	30.21	1014.81	52.59	119642	AS7341	flash	5	100	999	10	100.0	0.3
2026-07-07T20:47:07.783	370	874	542	959	2311	2170	2503	2999	3216	420	30.21	1014.79	52.59	119472	AS7341	flash	5	100	999	10	100.0	0.3
2026-07-07T20:47:09.771	370	874	542	960	2311	2170	2504	2999	3216	420	30.21	1014.8	52.59	119301	AS7341	flash	5	100	999	10	100.0	0.3
2026-07-07T20:47:11.759	370	874	542	959	2312	2171	2503	2999	3216	420	30.21	1014.79	52.59	119642	AS7341	flash	5	100	999	10	100.0	0.3
2026-07-07T20:47:13.868	370	874	543	960	2312	2171	2504	3000	3216	420	30.2	1014.79	52.6	119301	AS7341	flash	5	100	999	10	100.0	0.3
2026-07-07T20:47:15.854	370	874	543	960	2312	2171	2505	3001	3217	420	30.21	1014.81	52.61	118963	AS7341	flash	5	100	999	10	100.0	0.3
2026-07-07T20:47:17.845	370	874	543	960	2312	2171	2504	2999	3216	420	30.21	1014.76	52.61	118878	AS7341	flash	5	100	999	10	100.0	0.3
2026-07-07T20:47:19.847	370	874	543	960	2311	2171	2504	3000	3216	420	30.21	1014.8	52.6	119387	AS7341	flash	5	100	999	10	100.0	0.3
2026-07-07T20:47:21.843	370	874	542	959	2311	2170	2503	2999	3216	420	30.21	1014.78	52.61	119472	AS7341	flash	5	100	999	10	100.0	0.3
2026-07-07T20:47:23.842	370	874	543	960	2312	2171	2504	2999	3217	420	30.21	1014.77	52.59	118626	AS7341	flash	5	100	999	10	100.0	0.3
2026-07-07T20:47:25.835	370	874	543	960	2311	2171	2504	3000	3216	420	30.22	1014.83	52.59	119301	AS7341	flash	5	100	999	10	100.0	0.3
2026-07-07T20:47:27.824	370	874	543	960	2312	2171	2504	3001	3217	420	30.21	1014.78	52.6	119301	AS7341	flash	5	100	999	10	100.0	0.3
2026-07-07T20:47:29.823	370	874	543	959	2311	2170	2503	3000	3216	420	30.21	1014.76	52.59	119217	AS7341	flash	5	100	999	10	100.0	0.3
2026-07-07T20:47:31.812	370	874	542	959	2311	2171	2504	3000	3216	420	30.22	1014.78	52.59	118794	AS7341	flash	5	100	999	10	100.0	0.3
2026-07-07T20:47:33.804	370	874	543	959	2311	2170	2503	2999	3215	420	30.21	1014.79	52.59	119047	AS7341	flash	5	100	999	10	100.0	0.3
2026-07-07T20:47:35.786	370	874	543	959	2312	2171	2504	3000	3216	420	30.21	1014.82	52.58	119387	AS7341	flash	5	100	999	10	100.0	0.3
2026-07-07T20:47:37.779	370	874	543	959	2310	2170	2503	2999	3215	420	30.22	1014.79	52.58	119301	AS7341	flash	5	100	999	10	100.0	0.3
2026-07-07T20:47:39.775	370	874	543	959	2312	2171	2504	3000	3217	420	30.21	1014.77	52.58	119387	AS7341	flash	5	100	999	10	100.0	0.3
2026-07-07T20:47:41.757	370	875	544	960	2312	2171	2504	3001	3217	420	30.21	1014.8	52.58	119642	AS7341	flash	5	100	999	10	100.0	0.3
2026-07-07T20:47:43.850	370	875	542	960	2311	2171	2504	3001	3216	420	30.21	1014.78	52.6	119047	AS7341	flash	5	100	999	10	100.0	0.3
2026-07-07T20:47:45.839	370	874	543	960	2311	2171	2504	3000	3216	420	30.22	1014.8	52.6	119387	AS7341	flash	5	100	999	10	100.0	0.3
2026-07-07T20:47:47.825	370	874	543	959	2311	2170	2503	2999	3215	420	30.22	1014.8	52.59	119642	AS7341	flash	5	100	999	10	100.0	0.3
2026-07-07T20:47:49.803	370	874	543	959	2311	2171	2504	3001	3216	420	30.21	1014.81	52.6	119472	AS7341	flash	5	100	999	10	100.0	0.3
2026-07-07T20:47:51.797	370	874	543	959	2311	2171	2503	3001	3215	420	30.22	1014.82	52.6	118794	AS7341	flash	5	100	999	10	100.0	0.3
2026-07-07T20:47:53.792	370	874	543	959	2311	2171	2503	3000	3216	420	30.22	1014.77	52.6	119132	AS7341	flash	5	100	999	10	100.0	0.3
2026-07-07T20:47:55.785	370	875	544	960	2312	2171	2504	3002	3217	420	30.22	1014.81	52.6	119557	AS7341	flash	5	100	999	10	100.0	0.3
2026-07-07T20:47:57.776	370	874	543	959	2311	2171	2504	3001	3215	420	30.22	1014.78	52.59	119387	AS7341	flash	5	100	999	10	100.0	0.3
2026-07-07T20:47:59.763	370	874	543	959	2311	2170	2504	2999	3215	420	30.22	1014.8	52.59	119217	AS7341	flash	5	100	999	10	100.0	0.3
2026-07-07T20:48:01.852	370	875	543	960	2312	2171	2505	3001	3217	420	30.21	1014.79	52.59	119132	AS7341	flash	5	100	999	10	100.0	0.3
2026-07-07T20:48:03.847	370	875	543	960	2312	2171	2504	3002	3217	420	30.22	1014.81	52.59	118710	AS7341	flash	5	100	999	10	100.0	0.3
2026-07-07T20:48:05.840	370	874	543	959	2311	2170	2503	3000	3215	420	30.22	1014.82	52.6	119387	AS7341	flash	5	100	999	10	100.0	0.3
2026-07-07T20:48:07.834	370	874	543	960	2311	2171	2504	3001	3216	420	30.21	1014.78	52.61	118710	AS7341	flash	5	100	999	10	100.0	0.3
2026-07-07T20:48:09.821	370	874	543	960	2311	2171	2504	3001	3216	420	30.22	1014.78	52.61	119132	AS7341	flash	5	100	999	10	100.0	0.3
2026-07-07T20:48:11.818	370	874	543	959	2311	2170	2504	3001	3215	420	30.22	1014.79	52.61	119132	AS7341	flash	5	100	999	10	0.0	0.3
2026-07-07T20:48:13.807	370	873	542	958	2308	2169	2505	3008	3217	420	30.25	1014.81	52.79	117791	AS7341	flash	5	100	999	10	0.0	0.3
2026-07-07T20:48:15.795	369	871	541	956	2304	2165	2505	3014	3215	419	30.29	1014.8	54.78	114178	AS7341	flash	5	100	999	10	0.0	0.3
2026-07-07T20:48:17.783	369	870	542	955	2301	2163	2506	3020	3216	419	30.31	1014.82	57.78	109548	AS7341	flash	5	100	999	10	100.0	0.3
2026-07-07T20:48:19.771	369	872	541	954	2300	2162	2505	3019	3215	420	30.26	1014.76	59.3	108484	AS7341	flash	5	100	999	10	100.0	0.3
2026-07-07T20:48:21.766	369	873	542	954	2298	2160	2503	3016	3213	420	30.25	1014.78	58.41	109620	AS7341	flash	5	100	999	10	100.0	0.3
2026-07-07T20:48:23.878	369	874	542	954	2297	2159	2501	3014	3212	419	30.25	1014.79	57.1	110342	AS7341	flash	5	100	999	10	100.0	0.3
2026-07-07T20:48:25.762	369	875	543	954	2297	2158	2498	3009	3209	419	30.26	1014.79	56.1	111965	AS7341	flash	5	100	999	10	100.0	0.3
2026-07-07T20:48:27.853	369	876	542	955	2297	2157	2497	3008	3209	419	30.25	1014.81	55.24	112870	AS7341	flash	5	100	999	10	100.0	0.3
2026-07-07T20:48:29.849	369	876	542	955	2296	2156	2495	3004	3207	419	30.25	1014.8	54.66	113636	AS7341	flash	5	100	999	10	100.0	0.3
2026-07-07T20:48:31.836	369	877	543	955	2297	2157	2495	3003	3208	419	30.25	1014.81	54.24	114412	AS7341	flash	5	100	999	10	100.0	0.3
2026-07-07T20:48:33.823	369	877	543	955	2296	2156	2494	3000	3206	419	30.25	1014.8	53.92	114647	AS7341	flash	5	100	999	10	100.0	0.3
2026-07-07T20:48:35.816	369	878	543	955	2296	2156	2493	2998	3206	419	30.25	1014.81	53.67	115358	AS7341	flash	5	100	999	10	100.0	0.3
2026-07-07T20:48:37.797	369	878	543	955	2296	2156	2492	2998	3205	419	30.25	1014.78	53.52	116319	AS7341	flash	5	100	999	10	100.0	0.3
2026-07-07T20:48:39.778	369	878	543	954	2296	2156	2492	2997	3205	419	30.25	1014.8	53.39	115836	AS7341	flash	5	100	999	10	100.0	0.3
2026-07-07T20:48:41.763	369	878	543	954	2297	2156	2492	2996	3205	419	30.25	1014.77	53.26	116969	AS7341	flash	5	100	999	10	100.0	0.3
2026-07-07T20:48:43.854	369	878	543	954	2297	2157	2492	2996	3205	419	30.23	1014.77	53.17	116400	AS7341	flash	5	100	999	10	100.0	0.3
2026-07-07T20:48:45.840	369	878	543	955	2297	2157	2492	2995	3205	419	30.25	1014.79	53.12	116887	AS7341	flash	5	100	999	10	100.0	0.3
2026-07-07T20:48:47.823	369	879	543	955	2298	2157	2493	2995	3206	419	30.25	1014.79	53.06	116643	AS7341	flash	5	100	999	10	100.0	0.3
2026-07-07T20:48:49.821	370	879	543	955	2298	2158	2493	2995	3206	419	30.24	1014.79	52.99	117132	AS7341	flash	5	100	999	10	100.0	0.3
2026-07-07T20:48:51.817	369	878	543	955	2298	2158	2493	2994	3206	419	30.25	1014.79	52.95	118542	AS7341	flash	5	100	999	10	100.0	0.3
2026-07-07T20:48:53.797	369	879	543	955	2299	2158	2493	2994	3206	419	30.25	1014.81	52.93	117461	AS7341	flash	5	100	999	10	100.0	0.3
2026-07-07T20:48:55.793	369	879	543	955	2299	2158	2492	2993	3205	419	30.25	1014.82	52.91	116319	AS7341	flash	5	100	999	10	100.0	0.3
2026-07-07T20:48:57.782	369	878	543	956	2300	2159	2494	2994	3208	419	30.24	1014.78	52.89	117461	AS7341	flash	5	100	999	10	100.0	0.3
2026-07-07T20:48:59.777	370	879	543	956	2299	2159	2493	2993	3206	419	30.24	1014.76	52.87	117791	AS7341	flash	5	100	999	10	100.0	0.3
2026-07-07T20:49:01.775	369	879	543	956	2300	2159	2494	2994	3207	419	30.24	1014.78	52.84	117791	AS7341	flash	5	100	999	10	100.0	0.3
2026-07-07T20:49:03.770	369	878	543	956	2300	2159	2494	2993	3207	419	30.24	1014.78	52.84	118207	AS7341	flash	5	100	999	10	100.0	0.3
2026-07-07T20:49:05.881	369	878	543	956	2301	2159	2494	2993	3207	419	30.24	1014.77	52.82	117626	AS7341	flash	5	100	999	10	100.0	0.3
2026-07-07T20:49:07.770	369	878	543	956	2300	2159	2493	2992	3206	419	30.25	1014.8	52.8	118290	AS7341	flash	5	100	999	10	100.0	0.3
2026-07-07T20:49:09.768	370	878	543	956	2301	2160	2494	2993	3207	419	30.24	1014.76	52.79	117957	AS7341	flash	5	100	999	10	100.0	0.3
2026-07-07T20:49:11.877	370	878	543	957	2302	2161	2495	2994	3208	419	30.23	1014.77	52.8	117132	AS7341	flash	5	100	999	10	100.0	0.3
2026-07-07T20:49:13.848	370	878	543	957	2302	2161	2495	2994	3208	419	30.24	1014.77	52.78	117957	AS7341	flash	5	100	999	10	100.0	0.3
2026-07-07T20:49:15.846	370	878	543	957	2302	2161	2494	2992	3207	419	30.25	1014.77	52.77	118207	AS7341	flash	5	100	999	10	100.0	0.3
2026-07-07T20:49:17.829	370	878	543	957	2302	2162	2495	2993	3209	419	30.24	1014.76	52.77	117874	AS7341	flash	5	100	999	10	100.0	0.3
2026-07-07T20:49:19.810	370	878	543	957	2303	2162	2496	2994	3209	419	30.24	1014.79	52.76	118458	AS7341	flash	5	100	999	10	100.0	0.3
2026-07-07T20:49:21.799	369	878	543	957	2303	2162	2496	2994	3208	419	30.24	1014.77	52.76	118458	AS7341	flash	5	100	999	10	100.0	0.3
2026-07-07T20:49:23.782	370	878	543	957	2303	2163	2497	2995	3210	419	30.24	1014.77	52.76	118458	AS7341	flash	5	100	999	10	100.0	0.3
2026-07-07T20:49:25.778	370	877	543	957	2303	2163	2497	2995	3209	419	30.24	1014.76	52.76	118626	AS7341	flash	5	100	999	10	100.0	0.3
2026-07-07T20:49:27.770	369	877	543	957	2302	2162	2496	2994	3209	419	30.23	1014.76	52.77	117957	AS7341	flash	5	100	999	10	100.0	0.3
2026-07-07T20:49:29.855	370	878	543	958	2304	2164	2498	2996	3210	419	30.23	1014.77	52.76	118040	AS7341	flash	5	100	999	10	100.0	0.3
2026-07-07T20:49:31.845	370	878	543	958	2304	2164	2498	2996	3211	419	30.24	1014.78	52.78	118290	AS7341	flash	5	100	999	10	100.0	0.3
2026-07-07T20:49:33.837	370	878	543	958	2304	2164	2498	2995	3210	419	30.24	1014.78	52.77	118290	AS7341	flash	5	100	999	10	100.0	0.3
2026-07-07T20:49:35.820	370	877	543	958	2304	2164	2498	2994	3210	419	30.24	1014.77	52.77	118124	AS7341	flash	5	100	999	10	100.0	0.3
2026-07-07T20:49:37.809	370	877	543	958	2305	2164	2499	2996	3211	419	30.25	1014.77	52.77	118374	AS7341	flash	5	100	999	10	100.0	0.3
2026-07-07T20:49:39.794	370	877	543	958	2305	2164	2498	2996	3210	419	30.24	1014.77	52.77	118290	AS7341	flash	5	100	999	10	100.0	0.3
2026-07-07T20:49:41.789	370	877	543	958	2305	2164	2498	2996	3210	419	30.24	1014.76	52.77	118124	AS7341	flash	5	100	999	10	100.0	0.3
2026-07-07T20:49:43.771	370	877	543	958	2305	2164	2498	2996	3210	419	30.24	1014.75	52.78	118458	AS7341	flash	5	100	999	10	100.0	0.3
2026-07-07T20:49:45.768	370	877	543	958	2305	2165	2499	2996	3210	419	30.24	1014.78	52.77	118794	AS7341	flash	5	100	999	10	100.0	0.3
2026-07-07T20:49:47.876	370	877	543	958	2306	2166	2500	2997	3212	419	30.23	1014.76	52.78	117791	AS7341	flash	5	100	999	10	100.0	0.3
2026-07-07T20:49:49.776	370	877	543	958	2305	2165	2499	2997	3211	419	30.26	1014.77	52.77	118794	AS7341	flash	5	100	999	10	100.0	0.3
2026-07-07T20:49:51.769	370	877	543	958	2306	2165	2499	2997	3211	419	30.25	1014.74	52.77	118290	AS7341	flash	5	100	999	10	100.0	0.3
2026-07-07T20:49:53.775	370	877	544	958	2306	2166	2500	2997	3212	419	30.25	1014.75	52.77	118710	AS7341	flash	5	100	999	10	100.0	0.3
2026-07-07T20:49:55.776	370	877	543	959	2306	2166	2499	2997	3212	419	30.25	1014.76	52.76	118458	AS7341	flash	5	100	999	10	100.0	0.3
2026-07-07T20:49:57.771	370	877	544	959	2307	2166	2500	2998	3213	419	30.25	1014.76	52.77	118710	AS7341	flash	5	100	999	10	100.0	0.3
2026-07-07T20:49:59.762	370	877	543	958	2306	2166	2500	2997	3212	419	30.24	1014.76	52.77	118458	AS7341	flash	5	100	999	10	100.0	0.3
2026-07-07T20:50:01.857	370	877	544	959	2307	2167	2501	2998	3213	420	30.25	1014.76	52.77	118290	AS7341	flash	5	100	999	10	100.0	0.3
2026-07-07T20:50:03.845	370	877	543	958	2307	2166	2500	2997	3212	419	30.25	1014.73	52.77	118124	AS7341	flash	5	100	999	10	100.0	0.3
2026-07-07T20:50:05.842	370	877	543	959	2307	2166	2500	2997	3213	419	30.26	1014.75	52.76	118207	AS7341	flash	5	100	999	10	100.0	0.3
2026-07-07T20:50:07.829	370	877	543	959	2307	2167	2501	2999	3214	419	30.25	1014.74	52.77	118290	AS7341	flash	5	100	999	10	100.0	0.3
2026-07-07T20:50:09.826	370	877	544	959	2307	2166	2500	2998	3212	420	30.25	1014.74	52.77	118124	AS7341	flash	5	100	999	10	100.0	0.3
2026-07-07T20:50:11.808	370	877	543	959	2308	2167	2501	2999	3213	420	30.26	1014.74	52.77	118458	AS7341	flash	5	100	999	10	100.0	0.3
2026-07-07T20:50:13.791	370	877	544	959	2307	2167	2501	2998	3213	420	30.25	1014.75	52.78	119132	AS7341	flash	5	100	999	10	100.0	0.3
2026-07-07T20:50:15.775	370	877	544	959	2308	2167	2501	2999	3213	420	30.25	1014.75	52.76	118963	AS7341	flash	5	100	999	10	100.0	0.3
2026-07-07T20:50:17.757	370	876	544	958	2307	2167	2502	3002	3214	420	30.25	1014.75	52.75	118963	AS7341	flash	5	100	999	10	0.0	0.3
2026-07-07T20:50:19.882	370	874	542	957	2304	2165	2504	3011	3215	420	30.3	1014.77	53.82	115041	AS7341	flash	5	100	999	10	0.0	0.3
2026-07-07T20:50:21.763	369	872	541	954	2300	2162	2504	3020	3214	420	30.34	1014.78	56.45	111517	AS7341	flash	5	100	999	10	100.0	0.3
2026-07-07T20:50:23.880	370	873	542	954	2298	2160	2506	3022	3215	420	30.3	1014.79	59.29	107994	AS7341	flash	5	100	999	10	100.0	0.3
2026-07-07T20:50:25.856	370	874	542	954	2297	2159	2503	3017	3213	420	30.28	1014.76	59.14	108274	AS7341	flash	5	100	999	10	100.0	0.3
2026-07-07T20:50:27.846	370	875	543	954	2296	2157	2500	3014	3210	419	30.28	1014.76	57.91	109980	AS7341	flash	5	100	999	10	100.0	0.3
2026-07-07T20:50:29.840	370	876	543	953	2295	2156	2499	3010	3210	419	30.29	1014.76	56.74	111000	AS7341	flash	5	100	999	10	100.0	0.3
2026-07-07T20:50:31.827	370	877	544	953	2294	2155	2496	3008	3208	419	30.28	1014.74	55.8	112416	AS7341	flash	5	100	999	10	100.0	0.3
2026-07-07T20:50:33.814	370	878	543	953	2294	2154	2494	3005	3207	419	30.28	1014.76	55.1	112794	AS7341	flash	5	100	999	10	100.0	0.3
2026-07-07T20:50:35.795	369	879	543	953	2293	2154	2494	3004	3206	419	30.28	1014.76	54.59	113482	AS7341	flash	5	100	999	10	100.0	0.3
2026-07-07T20:50:37.789	369	879	543	953	2293	2153	2493	3001	3205	419	30.28	1014.78	54.2	114334	AS7341	flash	5	100	999	10	100.0	0.3
2026-07-07T20:50:39.779	369	880	544	954	2293	2153	2492	3000	3205	419	30.28	1014.76	53.92	114962	AS7341	flash	5	100	999	10	100.0	0.3
2026-07-07T20:50:41.771	370	880	544	954	2293	2153	2491	2998	3204	418	30.27	1014.75	53.72	114569	AS7341	flash	5	100	999	10	100.0	0.3
2026-07-07T20:50:43.765	370	880	544	954	2294	2154	2493	2998	3205	419	30.28	1014.75	53.57	116077	AS7341	flash	5	100	999	10	100.0	0.3
2026-07-07T20:50:45.872	370	881	544	954	2295	2155	2493	2997	3205	419	30.27	1014.78	53.44	115358	AS7341	flash	5	100	999	10	100.0	0.3
2026-07-07T20:50:47.876	370	880	544	955	2295	2155	2493	2997	3206	419	30.27	1014.7	53.33	115836	AS7341	flash	5	100	999	10	100.0	0.3
2026-07-07T20:50:49.848	370	880	544	955	2296	2155	2493	2996	3206	419	30.27	1014.75	53.26	115676	AS7341	flash	5	100	999	10	100.0	0.3
2026-07-07T20:50:51.837	370	881	544	955	2295	2155	2492	2996	3206	419	30.28	1014.74	53.21	116077	AS7341	flash	5	100	999	10	100.0	0.3
2026-07-07T20:50:53.821	370	881	544	955	2296	2156	2493	2994	3206	419	30.28	1014.77	53.16	116481	AS7341	flash	5	100	999	10	100.0	0.3
2026-07-07T20:50:55.801	370	881	544	955	2296	2156	2493	2995	3206	419	30.28	1014.78	53.11	117132	AS7341	flash	5	100	999	10	100.0	0.3
2026-07-07T20:50:57.796	370	880	544	955	2297	2156	2493	2994	3205	419	30.28	1014.74	53.05	116643	AS7341	flash	5	100	999	10	100.0	0.3
2026-07-07T20:50:59.792	370	881	544	956	2297	2157	2493	2995	3207	419	30.27	1014.74	53.02	117051	AS7341	flash	5	100	999	10	100.0	0.3
2026-07-07T20:51:01.784	370	881	544	956	2297	2157	2493	2994	3207	419	30.28	1014.72	53.0	117626	AS7341	flash	5	100	999	10	100.0	0.3
2026-07-07T20:51:03.780	370	880	544	956	2298	2157	2493	2994	3206	419	30.27	1014.75	52.96	117296	AS7341	flash	5	100	999	10	100.0	0.3
2026-07-07T20:51:05.766	370	880	544	956	2298	2157	2493	2993	3206	419	30.28	1014.76	52.95	117461	AS7341	flash	5	100	999	10	100.0	0.3
2026-07-07T20:51:07.755	370	880	544	956	2299	2158	2494	2994	3207	419	30.27	1014.75	52.93	117626	AS7341	flash	5	100	999	10	100.0	0.3
2026-07-07T20:51:09.853	370	880	544	957	2299	2159	2495	2994	3208	419	30.26	1014.75	52.9	117132	AS7341	flash	5	100	999	10	100.0	0.3
2026-07-07T20:51:11.845	370	880	544	957	2299	2158	2494	2994	3207	419	30.28	1014.78	52.91	116481	AS7341	flash	5	100	999	10	100.0	0.3
2026-07-07T20:51:13.828	370	880	544	957	2300	2159	2495	2994	3208	419	30.26	1014.73	52.88	116969	AS7341	flash	5	100	999	10	100.0	0.3
2026-07-07T20:51:15.820	370	880	544	956	2300	2159	2495	2994	3208	419	30.27	1014.74	52.87	117296	AS7341	flash	5	100	999	10	100.0	0.3
2026-07-07T20:51:17.824	370	880	544	956	2301	2160	2495	2994	3208	419	30.27	1014.74	52.86	118040	AS7341	flash	5	100	999	10	100.0	0.3
2026-07-07T20:51:19.813	370	880	544	956	2301	2160	2496	2994	3209	419	30.27	1014.73	52.87	117791	AS7341	flash	5	100	999	10	100.0	0.3
2026-07-07T20:51:21.804	370	880	544	956	2301	2160	2496	2994	3209	419	30.27	1014.77	52.87	118207	AS7341	flash	5	100	999	10	100.0	0.3
2026-07-07T20:51:23.796	370	880	544	957	2302	2161	2496	2995	3208	419	30.27	1014.76	52.86	117791	AS7341	flash	5	100	999	10	100.0	0.3
2026-07-07T20:51:25.786	370	879	544	957	2302	2161	2497	2995	3209	419	30.27	1014.77	52.85	118124	AS7341	flash	5	100	999	10	100.0	0.3
2026-07-07T20:51:27.783	370	879	544	957	2302	2161	2497	2995	3210	419	30.27	1014.77	52.83	117957	AS7341	flash	5	100	999	10	100.0	0.3
2026-07-07T20:51:29.780	370	880	544	957	2304	2162	2498	2996	3211	419	30.27	1014.74	52.82	118542	AS7341	flash	5	100	999	10	100.0	0.3
2026-07-07T20:51:31.877	370	880	544	958	2304	2163	2499	2997	3211	419	30.26	1014.76	52.81	117461	AS7341	flash	5	100	999	10	100.0	0.3
2026-07-07T20:51:33.878	370	879	544	957	2304	2163	2498	2996	3211	419	30.26	1014.75	52.81	117791	AS7341	flash	5	100	999	10	100.0	0.3
2026-07-07T20:51:35.891	370	879	544	957	2304	2163	2498	2996	3211	419	30.27	1014.78	52.81	118040	AS7341	flash	5	100	999	10	100.0	0.3
2026-07-07T20:51:37.877	370	879	544	957	2304	2163	2498	2996	3210	419	30.27	1014.74	52.8	117709	AS7341	flash	5	100	999	10	100.0	0.3
2026-07-07T20:51:39.886	370	879	544	957	2304	2163	2498	2997	3211	419	30.27	1014.76	52.8	118207	AS7341	flash	5	100	999	10	100.0	0.3
2026-07-07T20:51:41.889	370	879	544	958	2305	2164	2499	2997	3211	419	30.26	1014.74	52.8	118207	AS7341	flash	5	100	999	10	100.0	0.3
2026-07-07T20:51:43.878	371	879	544	958	2305	2164	2498	2997	3211	419	30.27	1014.75	52.8	118290	AS7341	flash	5	100	999	10	100.0	0.3
2026-07-07T20:51:45.888	370	879	544	958	2305	2164	2498	2997	3211	419	30.26	1014.76	52.79	118290	AS7341	flash	5	100	999	10	100.0	0.3
2026-07-07T20:51:47.779	370	878	544	957	2304	2163	2499	2996	3210	419	30.28	1014.74	52.8	118290	AS7341	flash	5	100	999	10	100.0	0.3
2026-07-07T20:51:49.887	370	879	544	958	2306	2165	2500	2998	3212	419	30.26	1014.75	52.79	117709	AS7341	flash	5	100	999	10	100.0	0.3
2026-07-07T20:51:51.886	370	879	544	958	2307	2165	2500	2998	3213	419	30.27	1014.75	52.79	118290	AS7341	flash	5	100	999	10	100.0	0.3
2026-07-07T20:51:53.878	370	878	544	958	2306	2165	2499	2997	3212	419	30.27	1014.76	52.79	117132	AS7341	flash	5	100	999	10	100.0	0.3
2026-07-07T20:51:55.877	370	878	544	958	2306	2165	2500	2998	3212	419	30.27	1014.75	52.77	118040	AS7341	flash	5	100	999	10	100.0	0.3
2026-07-07T20:51:57.882	370	878	544	958	2306	2165	2499	2997	3212	419	30.27	1014.74	52.78	118374	AS7341	flash	5	100	999	10	100.0	0.3
2026-07-07T20:51:59.772	370	878	544	958	2307	2166	2500	2998	3212	419	30.28	1014.77	52.77	119132	AS7341	flash	5	100	999	10	100.0	0.3
2026-07-07T20:52:01.879	370	878	544	958	2307	2166	2501	2999	3213	419	30.26	1014.75	52.77	118290	AS7341	flash	5	100	999	10	100.0	0.3
2026-07-07T20:52:03.881	370	878	545	959	2307	2166	2500	2998	3213	419	30.27	1014.74	52.77	118290	AS7341	flash	5	100	999	10	100.0	0.3
2026-07-07T20:52:05.874	370	878	543	958	2307	2166	2500	2997	3213	419	30.27	1014.79	52.76	118290	AS7341	flash	5	100	999	10	100.0	0.3
2026-07-07T20:52:07.855	370	878	545	958	2307	2167	2501	2999	3213	419	30.27	1014.76	52.76	118124	AS7341	flash	5	100	999	10	100.0	0.3
2026-07-07T20:52:09.841	370	878	544	959	2307	2166	2501	2999	3213	419	30.27	1014.78	52.76	118290	AS7341	flash	5	100	999	10	100.0	0.3
2026-07-07T20:52:11.833	370	878	545	958	2307	2167	2501	2999	3214	420	30.27	1014.76	52.76	118626	AS7341	flash	5	100	999	10	100.0	0.3
2026-07-07T20:52:13.820	370	878	545	959	2308	2167	2501	3000	3214	420	30.27	1014.74	52.76	118878	AS7341	flash	5	100	999	10	100.0	0.3
2026-07-07T20:52:15.819	370	878	544	959	2308	2167	2502	2999	3214	419	30.27	1014.79	52.76	118458	AS7341	flash	5	100	999	10	100.0	0.3
2026-07-07T20:52:17.810	370	878	545	959	2307	2167	2502	2999	3214	420	30.27	1014.76	52.76	118374	AS7341	flash	5	100	999	10	100.0	0.3
2026-07-07T20:52:19.807	370	878	545	959	2308	2168	2502	3000	3215	420	30.27	1014.77	52.76	118794	AS7341	flash	5	100	999	10	100.0	0.3
2026-07-07T20:52:21.797	370	878	545	959	2308	2167	2502	3000	3214	420	30.27	1014.77	52.76	118794	AS7341	flash	5	100	999	10	0.0	0.3
2026-07-07T20:52:23.882	370	876	543	958	2306	2166	2504	3008	3216	420	30.3	1014.77	52.95	116643	AS7341	flash	5	100	999	10	0.0	0.3
2026-07-07T20:52:25.886	370	875	542	955	2302	2163	2505	3014	3215	420	30.34	1014.8	55.03	113022	AS7341	flash	5	100	999	10	0.0	0.3
2026-07-07T20:52:27.872	370	874	543	955	2300	2162	2507	3023	3217	420	30.37	1014.82	58.07	108907	AS7341	flash	5	100	999	10	100.0	0.3
2026-07-07T20:52:29.884	370	875	543	954	2300	2161	2506	3021	3217	420	30.31	1014.77	59.49	108204	AS7341	flash	5	100	999	10	100.0	0.3
2026-07-07T20:52:31.888	370	876	543	954	2298	2159	2503	3018	3214	420	30.3	1014.78	58.53	109620	AS7341	flash	5	100	999	10	100.0	0.3
2026-07-07T20:52:33.878	370	877	544	954	2296	2157	2500	3014	3211	419	30.3	1014.76	57.25	110488	AS7341	flash	5	100	999	10	100.0	0.3
2026-07-07T20:52:35.876	370	877	544	953	2295	2156	2498	3009	3209	419	30.3	1014.76	56.19	111517	AS7341	flash	5	100	999	10	100.0	0.3
2026-07-07T20:52:37.887	370	878	544	953	2294	2155	2496	3006	3208	419	30.3	1014.77	55.39	112416	AS7341	flash	5	100	999	10	100.0	0.3
2026-07-07T20:52:39.872	370	879	543	954	2294	2155	2495	3006	3207	419	30.29	1014.77	54.79	113790	AS7341	flash	5	100	999	10	100.0	0.3
2026-07-07T20:52:41.886	370	880	544	954	2295	2155	2495	3004	3208	419	30.29	1014.75	54.36	113945	AS7341	flash	5	100	999	10	100.0	0.3
2026-07-07T20:52:43.879	370	880	544	954	2294	2154	2495	3001	3207	419	30.29	1014.76	54.03	113945	AS7341	flash	5	100	999	10	100.0	0.3
2026-07-07T20:52:45.878	370	880	544	954	2295	2155	2494	3000	3207	419	30.29	1014.79	53.8	114569	AS7341	flash	5	100	999	10	100.0	0.3
2026-07-07T20:52:47.873	370	881	544	954	2295	2155	2494	2999	3207	419	30.29	1014.8	53.61	115041	AS7341	flash	5	100	999	10	100.0	0.3
2026-07-07T20:52:49.887	370	881	544	954	2295	2154	2494	2998	3206	419	30.29	1014.76	53.48	115836	AS7341	flash	5	100	999	10	100.0	0.3
2026-07-07T20:52:51.876	370	881	544	954	2296	2157	2494	2999	3207	419	30.29	1014.77	53.39	115676	AS7341	flash	5	100	999	10	100.0	0.3
2026-07-07T20:52:53.863	370	881	544	955	2296	2156	2494	2998	3207	419	30.29	1014.8	53.3	115676	AS7341	flash	5	100	999	10	100.0	0.3
2026-07-07T20:52:55.845	370	881	544	955	2297	2156	2494	2997	3207	419	30.29	1014.77	53.23	115836	AS7341	flash	5	100	999	10	100.0	0.3
2026-07-07T20:52:57.835	370	882	544	955	2297	2157	2494	2996	3207	419	30.3	1014.77	53.17	116643	AS7341	flash	5	100	999	10	100.0	0.3
2026-07-07T20:52:59.820	370	881	544	955	2298	2157	2495	2996	3207	419	30.3	1014.78	53.13	116562	AS7341	flash	5	100	999	10	100.0	0.3
2026-07-07T20:53:01.812	370	882	544	956	2298	2157	2494	2996	3207	419	30.29	1014.75	53.08	116643	AS7341	flash	5	100	999	10	100.0	0.3
2026-07-07T20:53:03.800	370	882	545	956	2299	2158	2496	2997	3209	419	30.29	1014.78	53.05	117543	AS7341	flash	5	100	999	10	100.0	0.3
2026-07-07T20:53:05.789	370	881	544	956	2299	2158	2495	2996	3208	419	30.28	1014.76	53.02	117461	AS7341	flash	5	100	999	10	100.0	0.3
2026-07-07T20:53:07.876	370	882	545	956	2300	2159	2496	2996	3208	419	30.28	1014.76	53.01	116481	AS7341	flash	5	100	999	10	100.0	0.3
2026-07-07T20:53:09.879	370	881	544	956	2299	2158	2495	2995	3208	419	30.29	1014.78	53.0	117296	AS7341	flash	5	100	999	10	100.0	0.3
2026-07-07T20:53:11.883	370	881	544	957	2300	2159	2496	2995	3208	419	30.28	1014.75	52.96	117379	AS7341	flash	5	100	999	10	100.0	0.3
2026-07-07T20:53:13.875	370	881	544	957	2300	2160	2496	2996	3209	419	30.28	1014.76	52.95	117132	AS7341	flash	5	100	999	10	100.0	0.3
2026-07-07T20:53:15.883	370	881	544	957	2300	2160	2496	2996	3209	419	30.29	1014.76	52.91	117132	AS7341	flash	5	100	999	10	100.0	0.3
2026-07-07T20:53:17.878	370	881	545	957	2302	2161	2497	2995	3210	419	30.29	1014.8	52.91	118124	AS7341	flash	5	100	999	10	100.0	0.3
2026-07-07T20:53:19.884	370	881	544	957	2301	2160	2497	2996	3210	419	30.29	1014.77	52.9	117461	AS7341	flash	5	100	999	10	100.0	0.3
2026-07-07T20:53:21.886	370	881	544	957	2302	2161	2497	2996	3210	419	30.28	1014.79	52.86	117296	AS7341	flash	5	100	999	10	100.0	0.3
2026-07-07T20:53:23.887	370	881	544	957	2302	2161	2497	2996	3210	419	30.28	1014.75	52.86	117957	AS7341	flash	5	100	999	10	100.0	0.3
2026-07-07T20:53:25.885	370	881	544	958	2302	2161	2497	2996	3210	419	30.28	1014.77	52.86	117626	AS7341	flash	5	100	999	10	100.0	0.3
2026-07-07T20:53:27.875	370	881	544	958	2303	2162	2498	2997	3211	419	30.28	1014.78	52.85	117791	AS7341	flash	5	100	999	10	100.0	0.3
2026-07-07T20:53:29.885	370	880	544	957	2302	2162	2497	2996	3210	419	30.28	1014.77	52.83	117791	AS7341	flash	5	100	999	10	100.0	0.3
2026-07-07T20:53:31.870	370	880	544	958	2304	2163	2499	2996	3211	419	30.28	1014.74	52.82	117957	AS7341	flash	5	100	999	10	100.0	0.3
2026-07-07T20:53:33.876	370	880	544	957	2303	2162	2498	2996	3210	419	30.28	1014.8	52.82	118124	AS7341	flash	5	100	999	10	100.0	0.3
2026-07-07T20:53:35.888	370	880	544	958	2305	2164	2500	2998	3212	419	30.28	1014.8	52.82	118458	AS7341	flash	5	100	999	10	100.0	0.3
2026-07-07T20:53:37.889	370	880	544	957	2304	2163	2500	2997	3212	419	30.27	1014.8	52.8	117874	AS7341	flash	5	100	999	10	100.0	0.3
2026-07-07T20:53:39.879	370	880	544	957	2305	2164	2499	2998	3212	419	30.28	1014.8	52.81	118458	AS7341	flash	5	100	999	10	100.0	0.3
2026-07-07T20:53:41.891	370	880	544	957	2306	2164	2500	2998	3213	419	30.27	1014.77	52.8	118710	AS7341	flash	5	100	999	10	100.0	0.3
2026-07-07T20:53:43.885	370	880	544	958	2305	2164	2499	2998	3212	419	30.28	1014.76	52.8	118124	AS7341	flash	5	100	999	10	100.0	0.3
2026-07-07T20:53:45.884	370	880	544	958	2305	2164	2500	2997	3212	419	30.27	1014.74	52.79	118626	AS7341	flash	5	100	999	10	100.0	0.3
2026-07-07T20:53:47.881	370	880	544	958	2305	2164	2500	2997	3212	419	30.28	1014.76	52.78	118290	AS7341	flash	5	100	999	10	100.0	0.3
2026-07-07T20:53:49.883	370	879	545	958	2306	2165	2501	2997	3213	419	30.27	1014.8	52.78	118794	AS7341	flash	5	100	999	10	100.0	0.3
2026-07-07T20:53:51.879	370	880	544	958	2307	2166	2502	2999	3214	420	30.27	1014.76	52.78	119132	AS7341	flash	5	100	999	10	100.0	0.3
2026-07-07T20:53:53.884	370	879	544	958	2307	2165	2501	2999	3214	419	30.28	1014.79	52.78	118290	AS7341	flash	5	100	999	10	100.0	0.3
2026-07-07T20:53:55.880	370	880	545	958	2307	2166	2501	2999	3214	419	30.27	1014.77	52.76	118207	AS7341	flash	5	100	999	10	100.0	0.3
2026-07-07T20:53:57.890	370	879	544	958	2308	2167	2501	2999	3215	420	30.28	1014.77	52.76	118963	AS7341	flash	5	100	999	10	100.0	0.3
2026-07-07T20:53:59.883	370	879	544	959	2308	2166	2502	2999	3214	420	30.27	1014.8	52.74	118878	AS7341	flash	5	100	999	10	100.0	0.3
2026-07-07T20:54:01.892	370	880	544	959	2308	2167	2503	3000	3215	420	30.28	1014.79	52.75	118710	AS7341	flash	5	100	999	10	100.0	0.3
2026-07-07T20:54:03.888	370	879	544	959	2308	2167	2503	3000	3215	420	30.27	1014.75	52.74	118458	AS7341	flash	5	100	999	10	100.0	0.3
2026-07-07T20:54:05.879	370	879	545	958	2308	2167	2503	2999	3214	419	30.28	1014.77	52.74	118374	AS7341	flash	5	100	999	10	100.0	0.3
2026-07-07T20:54:07.889	370	879	545	959	2309	2168	2503	3001	3216	420	30.28	1014.77	52.75	118207	AS7341	flash	5	100	999	10	100.0	0.3
2026-07-07T20:54:09.878	370	879	545	959	2308	2167	2502	3000	3214	420	30.28	1014.77	52.75	118710	AS7341	flash	5	100	999	10	100.0	0.3
2026-07-07T20:54:11.888	370	879	545	959	2309	2168	2502	3000	3216	420	30.28	1014.75	52.73	118542	AS7341	flash	5	100	999	10	100.0	0.3
2026-07-07T20:54:13.881	370	879	545	959	2309	2168	2503	3000	3215	420	30.27	1014.78	52.73	118458	AS7341	flash	5	100	999	10	100.0	0.3
2026-07-07T20:54:15.883	370	879	545	959	2309	2168	2503	3001	3216	420	30.28	1014.76	52.74	118290	AS7341	flash	5	100	999	10	100.0	0.3
2026-07-07T20:54:17.888	370	879	545	959	2310	2168	2504	3001	3216	420	30.28	1014.8	52.72	118794	AS7341	flash	5	100	999	10	100.0	0.3
2026-07-07T20:54:19.884	370	879	545	959	2309	2168	2503	3001	3216	420	30.28	1014.79	52.73	118626	AS7341	flash	5	100	999	10	100.0	0.3
2026-07-07T20:54:21.888	370	879	545	959	2310	2169	2504	3002	3217	420	30.28	1014.78	52.72	118626	AS7341	flash	5	100	999	10	100.0	0.3
2026-07-07T20:54:23.888	370	879	545	960	2310	2169	2504	3001	3216	420	30.28	1014.81	52.71	118626	AS7341	flash	5	100	999	10	100.0	0.3
2026-07-07T20:54:25.884	370	879	545	959	2310	2169	2504	3002	3217	420	30.28	1014.78	52.71	119047	AS7341	flash	5	100	999	10	100.0	0.3
2026-07-07T20:54:27.878	370	878	544	959	2308	2168	2504	3004	3217	420	30.28	1014.79	52.71	118794	AS7341	flash	5	100	999	10	0.0	0.3
2026-07-07T20:54:29.892	370	876	543	957	2305	2166	2506	3013	3216	420	30.33	1014.8	53.76	115517	AS7341	flash	5	100	999	10	0.0	0.3
2026-07-07T20:54:31.883	370	874	543	955	2301	2163	2506	3020	3216	420	30.36	1014.84	56.59	110927	AS7341	flash	5	100	999	10	100.0	0.3
2026-07-07T20:54:33.881	370	875	544	955	2299	2162	2508	3023	3217	420	30.33	1014.83	59.29	107925	AS7341	flash	5	100	999	10	100.0	0.3
2026-07-07T20:54:35.886	370	876	543	954	2299	2161	2505	3020	3215	420	30.3	1014.78	59.11	108554	AS7341	flash	5	100	999	10	100.0	0.3
2026-07-07T20:54:37.879	370	877	544	954	2297	2159	2502	3017	3213	420	30.31	1014.8	57.86	110052	AS7341	flash	5	100	999	10	100.0	0.3
2026-07-07T20:54:39.886	370	878	544	954	2297	2158	2500	3012	3211	419	30.3	1014.79	56.69	110634	AS7341	flash	5	100	999	10	100.0	0.3
2026-07-07T20:54:41.886	370	879	545	954	2296	2157	2499	3011	3211	419	30.3	1014.81	55.73	112190	AS7341	flash	5	100	999	10	100.0	0.3
2026-07-07T20:54:43.876	370	880	545	954	2296	2157	2498	3008	3210	419	30.3	1014.78	55.07	112946	AS7341	flash	5	100	999	10	100.0	0.3
2026-07-07T20:54:45.881	370	880	544	954	2296	2156	2497	3006	3209	419	30.3	1014.78	54.54	113405	AS7341	flash	5	100	999	10	100.0	0.3
2026-07-07T20:54:47.884	370	881	544	954	2295	2156	2496	3004	3209	419	30.29	1014.78	54.19	113945	AS7341	flash	5	100	999	10	100.0	0.3
2026-07-07T20:54:49.882	370	881	544	954	2296	2157	2495	3003	3208	419	30.3	1014.78	53.9	113868	AS7341	flash	5	100	999	10	100.0	0.3
2026-07-07T20:54:51.877	370	881	544	955	2296	2156	2496	3002	3209	419	30.29	1014.79	53.69	115199	AS7341	flash	5	100	999	10	100.0	0.3
2026-07-07T20:54:53.877	370	882	545	955	2296	2155	2495	3001	3207	419	30.29	1014.82	53.54	115836	AS7341	flash	5	100	999	10	100.0	0.3
2026-07-07T20:54:55.888	370	882	544	955	2297	2156	2496	3000	3208	419	30.29	1014.8	53.41	115676	AS7341	flash	5	100	999	10	100.0	0.3
2026-07-07T20:54:57.888	370	882	545	955	2296	2157	2496	2998	3208	419	30.29	1014.8	53.33	115997	AS7341	flash	5	100	999	10	100.0	0.3
2026-07-07T20:54:59.878	370	882	545	955	2297	2157	2495	2998	3208	419	30.29	1014.78	53.25	115836	AS7341	flash	5	100	999	10	100.0	0.3
2026-07-07T20:55:01.882	370	882	545	955	2297	2157	2495	2998	3207	419	30.29	1014.81	53.19	116724	AS7341	flash	5	100	999	10	100.0	0.3
2026-07-07T20:55:03.891	370	882	545	956	2298	2158	2496	2999	3209	419	30.29	1014.81	53.13	116481	AS7341	flash	5	100	999	10	100.0	0.3
2026-07-07T20:55:05.880	370	882	545	956	2299	2159	2497	2998	3210	419	30.28	1014.78	53.11	116724	AS7341	flash	5	100	999	10	100.0	0.3
2026-07-07T20:55:07.882	370	882	545	956	2299	2158	2497	2997	3209	419	30.29	1014.78	53.06	116724	AS7341	flash	5	100	999	10	100.0	0.3
2026-07-07T20:55:09.892	370	882	545	956	2300	2159	2497	2998	3209	419	30.29	1014.78	53.03	117626	AS7341	flash	5	100	999	10	100.0	0.3
2026-07-07T20:55:11.880	370	882	545	957	2300	2161	2498	2998	3210	419	30.28	1014.8	53.01	116969	AS7341	flash	5	100	999	10	100.0	0.3
2026-07-07T20:55:13.890	370	882	545	957	2301	2160	2498	2998	3210	419	30.28	1014.79	52.97	117791	AS7341	flash	5	100	999	10	100.0	0.3
2026-07-07T20:55:15.880	370	882	545	957	2301	2161	2498	2998	3211	419	30.29	1014.78	52.96	117543	AS7341	flash	5	100	999	10	100.0	0.3
2026-07-07T20:55:17.876	370	882	545	957	2301	2161	2498	2998	3211	419	30.29	1014.81	52.94	117626	AS7341	flash	5	100	999	10	100.0	0.3
2026-07-07T20:55:19.882	370	882	545	957	2302	2161	2498	2998	3211	419	30.28	1014.78	52.93	117214	AS7341	flash	5	100	999	10	100.0	0.3
2026-07-07T20:55:21.892	370	882	545	957	2302	2161	2499	2998	3211	419	30.28	1014.77	52.91	117957	AS7341	flash	5	100	999	10	100.0	0.3
2026-07-07T20:55:23.881	370	882	545	958	2303	2162	2499	2998	3211	419	30.29	1014.81	52.88	117626	AS7341	flash	5	100	999	10	100.0	0.3
2026-07-07T20:55:25.882	370	882	545	958	2303	2162	2499	2998	3211	419	30.28	1014.82	52.87	117709	AS7341	flash	5	100	999	10	100.0	0.3
2026-07-07T20:55:27.887	370	882	545	958	2303	2163	2500	2998	3212	419	30.28	1014.82	52.88	117709	AS7341	flash	5	100	999	10	100.0	0.3
2026-07-07T20:55:29.877	370	882	545	958	2304	2163	2500	2999	3212	419	30.29	1014.77	52.87	117791	AS7341	flash	5	100	999	10	100.0	0.3
2026-07-07T20:55:31.879	370	881	545	958	2304	2163	2500	2999	3213	419	30.29	1014.81	52.86	118207	AS7341	flash	5	100	999	10	100.0	0.3
2026-07-07T20:55:33.858	370	881	545	958	2304	2163	2500	2998	3212	419	30.29	1014.81	52.84	118458	AS7341	flash	5	100	999	10	100.0	0.3
2026-07-07T20:55:35.841	370	881	545	958	2304	2164	2500	2998	3212	419	30.29	1014.79	52.84	118374	AS7341	flash	5	100	999	10	100.0	0.3
2026-07-07T20:55:37.827	370	881	545	957	2304	2164	2500	2998	3213	419	30.29	1014.78	52.83	118040	AS7341	flash	5	100	999	10	100.0	0.3
2026-07-07T20:55:39.820	370	881	545	959	2306	2165	2502	3000	3214	419	30.29	1014.8	52.82	117874	AS7341	flash	5	100	999	10	100.0	0.3
2026-07-07T20:55:41.812	370	881	545	958	2305	2165	2500	2999	3213	419	30.29	1014.82	52.83	118290	AS7341	flash	5	100	999	10	100.0	0.3
2026-07-07T20:55:43.803	370	881	545	958	2306	2165	2502	2998	3214	419	30.29	1014.78	52.82	118542	AS7341	flash	5	100	999	10	100.0	0.3
2026-07-07T20:55:45.801	370	881	545	958	2307	2166	2502	3000	3214	420	30.29	1014.81	52.82	118124	AS7341	flash	5	100	999	10	100.0	0.3
2026-07-07T20:55:47.888	370	881	545	958	2307	2166	2503	3001	3215	420	30.28	1014.8	52.82	117296	AS7341	flash	5	100	999	10	100.0	0.3
2026-07-07T20:55:49.885	370	880	545	958	2307	2166	2502	3000	3215	420	30.29	1014.79	52.82	117791	AS7341	flash	5	100	999	10	100.0	0.3
2026-07-07T20:55:51.885	370	880	545	959	2307	2167	2503	3001	3215	420	30.29	1014.81	52.82	117874	AS7341	flash	5	100	999	10	100.0	0.3
2026-07-07T20:55:53.885	371	881	546	959	2308	2167	2503	3001	3216	420	30.29	1014.81	52.8	117957	AS7341	flash	5	100	999	10	100.0	0.3
2026-07-07T20:55:55.873	370	880	545	959	2307	2167	2502	3001	3215	420	30.29	1014.8	52.79	118458	AS7341	flash	5	100	999	10	100.0	0.3
2026-07-07T20:55:57.880	371	880	545	959	2308	2167	2504	3001	3216	420	30.28	1014.76	52.8	118458	AS7341	flash	5	100	999	10	100.0	0.3
2026-07-07T20:55:59.875	371	880	545	959	2308	2168	2504	3001	3216	420	30.29	1014.82	52.79	118458	AS7341	flash	5	100	999	10	100.0	0.3
2026-07-07T20:56:01.871	371	880	546	959	2309	2168	2505	3002	3217	420	30.28	1014.78	52.79	118458	AS7341	flash	5	100	999	10	100.0	0.3
2026-07-07T20:56:03.881	371	880	545	959	2308	2167	2503	3001	3216	420	30.29	1014.78	52.79	118458	AS7341	flash	5	100	999	10	100.0	0.3
2026-07-07T20:56:05.891	371	880	546	959	2309	2168	2503	3002	3217	420	30.28	1014.77	52.78	118794	AS7341	flash	5	100	999	10	100.0	0.3
2026-07-07T20:56:07.880	371	880	545	959	2310	2169	2505	3003	3218	420	30.28	1014.78	52.78	118458	AS7341	flash	5	100	999	10	100.0	0.3
2026-07-07T20:56:09.885	371	880	545	959	2310	2169	2506	3003	3217	420	30.28	1014.8	52.8	118710	AS7341	flash	5	100	999	10	100.0	0.3
2026-07-07T20:56:11.882	371	880	546	959	2310	2169	2504	3003	3217	420	30.28	1014.76	52.78	119047	AS7341	flash	5	100	999	10	100.0	0.3
2026-07-07T20:56:13.885	371	880	545	959	2310	2169	2504	3001	3217	420	30.28	1014.78	52.78	118207	AS7341	flash	5	100	999	10	100.0	0.3
2026-07-07T20:56:15.888	370	879	544	959	2310	2169	2505	3001	3217	420	30.28	1014.78	52.77	118542	AS7341	flash	5	100	999	10	100.0	0.3
2026-07-07T20:56:17.881	371	880	545	960	2310	2169	2505	3003	3218	420	30.27	1014.77	52.77	118374	AS7341	flash	5	100	999	10	100.0	0.3
2026-07-07T20:56:19.882	371	880	546	960	2311	2170	2506	3004	3218	420	30.28	1014.79	52.77	118626	AS7341	flash	5	100	999	10	100.0	0.3
2026-07-07T20:56:21.875	370	879	545	959	2310	2169	2505	3003	3218	420	30.27	1014.75	52.78	118794	AS7341	flash	5	100	999	10	100.0	0.3
2026-07-07T20:56:23.884	370	879	545	960	2311	2170	2507	3004	3219	420	30.28	1014.77	52.77	118374	AS7341	flash	5	100	999	10	100.0	0.3
2026-07-07T20:56:25.879	371	879	545	960	2311	2170	2506	3004	3218	420	30.28	1014.81	52.76	118963	AS7341	flash	5	100	999	10	100.0	0.3
2026-07-07T20:56:27.885	371	879	545	960	2310	2170	2506	3004	3218	420	30.27	1014.77	52.77	118290	AS7341	flash	5	100	999	10	100.0	0.3
2026-07-07T20:56:29.887	371	879	545	960	2311	2170	2506	3003	3218	420	30.28	1014.79	52.78	118794	AS7341	flash	5	100	999	10	100.0	0.3
2026-07-07T20:56:31.885	371	879	545	960	2310	2170	2505	3003	3218	420	30.27	1014.76	52.78	118374	AS7341	flash	5	100	999	10	0.0	0.3
2026-07-07T20:56:33.886	370	877	544	958	2308	2168	2507	3011	3218	420	30.31	1014.81	53.03	117296	AS7341	flash	5	100	999	10	0.0	0.3
2026-07-07T20:56:35.892	370	876	543	956	2305	2166	2508	3019	3219	420	30.35	1014.82	55.16	113175	AS7341	flash	5	100	999	10	0.0	0.3
2026-07-07T20:56:37.880	370	875	543	956	2303	2165	2511	3029	3221	420	30.37	1014.81	58.26	108766	AS7341	flash	5	100	999	10	100.0	0.0
2026-07-07T20:56:39.886	370	876	544	955	2301	2163	2510	3027	3220	420	30.31	1014.77	59.73	108204	AS7341	flash	5	100	999	10	100.0	0.0
2026-07-07T20:56:41.886	370	877	544	955	2300	2162	2508	3024	3218	420	30.29	1014.78	58.74	109049	AS7341	flash	5	100	999	10	100.0	0.0
2026-07-07T20:56:43.868	370	878	544	955	2300	2162	2507	3020	3217	420	30.28	1014.76	57.35	110561	AS7341	flash	5	100	999	10	100.0	0.0
2026-07-07T20:56:45.882	370	879	544	956	2301	2163	2506	3018	3216	420	30.28	1014.8	56.12	111517	AS7341	flash	5	100	999	10	100.0	0.0
2026-07-07T20:56:47.896	370	879	545	956	2302	2163	2505	3015	3216	420	30.27	1014.77	55.13	112642	AS7341	flash	5	100	999	10	100.0	0.0
2026-07-07T20:56:49.809	370	879	545	956	2302	2163	2505	3013	3216	420	30.27	1014.77	54.38	114804	AS7341	flash	5	100	999	10	100.0	0.0
2026-07-07T20:56:51.833	372	880	545	957	2305	2166	2506	3012	3217	420	30.26	1014.77	53.75	115997	AS7341	flash	5	100	999	10	100.0	0.0
2026-07-07T20:56:53.845	371	880	545	958	2306	2167	2507	3010	3217	420	30.25	1014.77	53.25	116238	AS7341	flash	5	100	999	10	100.0	0.0
2026-07-07T20:56:55.860	371	880	545	958	2308	2168	2508	3010	3218	420	30.24	1014.77	52.84	117214	AS7341	flash	5	100	999	10	100.0	0.0
2026-07-07T20:56:57.886	371	880	545	959	2310	2170	2509	3010	3220	420	30.23	1014.76	52.5	117132	AS7341	flash	5	100	999	10	100.0	0.0
2026-07-07T20:56:59.900	371	880	545	960	2311	2172	2510	3009	3221	421	30.22	1014.77	52.22	117874	AS7341	flash	5	100	999	10	100.0	0.0
2026-07-07T20:57:01.812	371	879	545	960	2312	2173	2510	3008	3221	420	30.24	1014.76	52.0	119985	AS7341	flash	5	100	999	10	100.0	0.0
2026-07-07T20:57:03.828	371	879	545	961	2315	2175	2512	3008	3222	420	30.22	1014.75	51.79	119301	AS7341	flash	5	100	999	10	100.0	0.0
2026-07-07T20:57:05.843	371	879	545	962	2316	2177	2513	3008	3223	421	30.21	1014.74	51.58	119301	AS7341	flash	5	100	999	10	100.0	0.0
2026-07-07T20:57:07.866	371	879	545	962	2318	2178	2514	3009	3225	421	30.2	1014.77	51.43	120244	AS7341	flash	5	100	999	10	100.0	0.0
2026-07-07T20:57:09.886	371	879	545	963	2321	2182	2517	3011	3228	421	30.19	1014.77	51.28	120157	AS7341	flash	5	100	999	10	100.0	0.0
2026-07-07T20:57:11.906	371	878	545	964	2322	2183	2518	3010	3228	421	30.19	1014.75	51.15	120503	AS7341	flash	5	100	999	10	100.0	0.0
2026-07-07T20:57:13.921	371	878	545	964	2324	2185	2519	3010	3230	421	30.18	1014.76	51.05	120330	AS7341	flash	5	100	999	10	100.0	0.0
2026-07-07T20:57:15.875	371	877	545	965	2325	2186	2520	3010	3230	421	30.19	1014.74	50.96	121906	AS7341	flash	5	100	999	10	100.0	0.0
2026-07-07T20:57:17.875	371	877	545	966	2328	2188	2522	3012	3232	422	30.16	1014.71	50.86	121729	AS7341	flash	5	100	999	10	100.0	0.0
2026-07-07T20:57:19.885	371	876	545	967	2330	2190	2524	3013	3234	422	30.16	1014.75	50.79	121906	AS7341	flash	5	100	999	10	100.0	0.0
2026-07-07T20:57:21.906	371	876	545	967	2331	2192	2525	3013	3235	422	30.16	1014.74	50.73	122262	AS7341	flash	5	100	999	10	100.0	0.0
2026-07-07T20:57:23.924	371	875	545	968	2333	2194	2527	3014	3236	422	30.15	1014.75	50.64	122620	AS7341	flash	5	100	999	10	100.0	0.0
2026-07-07T20:57:25.937	372	875	545	968	2335	2196	2529	3015	3238	422	30.14	1014.73	50.56	122262	AS7341	flash	5	100	999	10	100.0	0.0
2026-07-07T20:57:27.843	371	874	545	968	2335	2196	2529	3015	3238	422	30.14	1014.76	50.52	123525	AS7341	flash	5	100	999	10	100.0	0.0
2026-07-07T20:57:29.867	372	874	545	969	2338	2198	2531	3017	3240	422	30.13	1014.74	50.46	123434	AS7341	flash	5	100	999	10	100.0	0.0
2026-07-07T20:57:31.879	372	874	545	970	2339	2200	2533	3018	3242	423	30.12	1014.76	50.42	123343	AS7341	flash	5	100	999	10	100.0	0.0
2026-07-07T20:57:33.894	372	873	544	970	2341	2202	2534	3019	3243	423	30.12	1014.72	50.36	123252	AS7341	flash	5	100	999	10	100.0	0.0
2026-07-07T20:57:35.923	372	873	545	971	2343	2204	2536	3020	3245	423	30.11	1014.73	50.32	123798	AS7341	flash	5	100	999	10	100.0	0.0
2026-07-07T20:57:37.932	372	872	544	971	2343	2205	2537	3021	3245	423	30.1	1014.73	50.28	123707	AS7341	flash	5	100	999	10	100.0	0.0
2026-07-07T20:57:39.846	372	872	544	971	2345	2206	2538	3021	3246	423	30.1	1014.74	50.24	124350	AS7341	flash	5	100	999	10	100.0	0.0
2026-07-07T20:57:41.865	372	871	544	972	2346	2208	2539	3022	3248	423	30.09	1014.74	50.21	124350	AS7341	flash	5	100	999	10	100.0	0.0
2026-07-07T20:57:43.881	372	871	544	972	2348	2209	2541	3024	3249	423	30.08	1014.73	50.18	124813	AS7341	flash	5	100	999	10	100.0	0.0
2026-07-07T20:57:45.894	372	870	544	973	2349	2210	2543	3025	3250	424	30.07	1014.74	50.13	124627	AS7341	flash	5	100	999	10	100.0	0.0
2026-07-07T20:57:47.911	372	870	544	973	2351	2212	2544	3026	3252	424	30.06	1014.73	50.11	124442	AS7341	flash	5	100	999	10	100.0	0.0
2026-07-07T20:57:49.926	372	869	544	973	2351	2213	2545	3027	3252	424	30.06	1014.71	50.09	124627	AS7341	flash	5	100	999	10	100.0	0.0
2026-07-07T20:57:51.945	372	869	544	974	2353	2215	2546	3028	3253	424	30.06	1014.73	50.08	124627	AS7341	flash	5	100	999	10	100.0	0.0
2026-07-07T20:57:53.854	372	869	544	974	2353	2215	2547	3028	3254	424	30.06	1014.72	50.04	125562	AS7341	flash	5	100	999	10	100.0	0.0
2026-07-07T20:57:55.875	372	869	544	975	2355	2217	2548	3029	3255	424	30.04	1014.74	50.02	125656	AS7341	flash	5	100	999	10	100.0	0.0
2026-07-07T20:57:57.898	372	868	544	975	2356	2218	2550	3031	3257	424	30.04	1014.74	50.0	126034	AS7341	flash	5	100	999	10	100.0	0.0
2026-07-07T20:57:59.910	372	868	544	975	2357	2219	2551	3032	3257	424	30.02	1014.76	49.98	125468	AS7341	flash	5	100	999	10	100.0	0.0
2026-07-07T20:58:01.929	372	867	543	976	2358	2220	2551	3032	3258	424	30.02	1014.74	49.96	125562	AS7341	flash	5	100	999	10	100.0	0.0
2026-07-07T20:58:03.942	372	867	543	976	2359	2221	2553	3033	3259	424	30.02	1014.72	49.95	125750	AS7341	flash	5	100	999	10	100.0	0.0
2026-07-07T20:58:05.868	372	866	544	976	2360	2222	2554	3034	3260	425	30.01	1014.71	49.91	126319	AS7341	flash	5	100	999	10	100.0	0.0
2026-07-07T20:58:07.894	372	866	543	976	2361	2223	2555	3034	3261	425	29.99	1014.68	49.9	126510	AS7341	flash	5	100	999	10	100.0	0.0
2026-07-07T20:58:09.905	372	866	543	977	2362	2224	2556	3036	3262	425	29.99	1014.74	49.88	126224	AS7341	flash	5	100	999	10	100.0	0.0
2026-07-07T20:58:11.928	372	865	543	977	2363	2225	2556	3036	3262	425	29.98	1014.72	49.87	126129	AS7341	flash	5	100	999	10	100.0	0.0
2026-07-07T20:58:13.950	372	865	543	977	2365	2227	2558	3038	3264	425	29.97	1014.72	49.85	125186	AS7341	flash	5	100	999	10	100.0	0.0
2026-07-07T20:58:15.864	372	865	543	977	2365	2227	2558	3038	3265	425	29.97	1014.72	49.82	127183	AS7341	flash	5	100	999	10	100.0	0.0
2026-07-07T20:58:17.875	372	865	543	978	2365	2227	2559	3038	3265	425	29.96	1014.69	49.82	126034	AS7341	flash	5	100	999	10	100.0	0.0
2026-07-07T20:58:19.890	372	864	543	978	2367	2230	2561	3041	3267	425	29.95	1014.67	49.81	126701	AS7341	flash	5	100	999	10	100.0	0.0
2026-07-07T20:58:21.893	373	864	543	979	2368	2230	2562	3041	3268	426	29.94	1014.72	49.79	126893	AS7341	flash	5	100	999	10	100.0	0.0
2026-07-07T20:58:23.903	372	864	543	979	2368	2230	2562	3041	3268	425	29.93	1014.7	49.79	127279	AS7341	flash	5	100	999	10	100.0	0.0
2026-07-07T20:58:25.912	372	863	543	979	2370	2232	2564	3043	3269	426	29.92	1014.68	49.75	127086	AS7341	flash	5	100	999	10	100.0	0.0
2026-07-07T20:58:27.932	373	863	543	979	2370	2232	2564	3043	3269	426	29.91	1014.67	49.74	126415	AS7341	flash	5	100	999	10	100.0	0.0
2026-07-07T20:58:29.950	373	863	543	980	2372	2234	2566	3045	3271	426	29.9	1014.72	49.74	127183	AS7341	flash	5	100	999	10	100.0	0.0
2026-07-07T20:58:31.857	373	862	543	979	2371	2234	2565	3044	3271	426	29.9	1014.73	49.72	127473	AS7341	flash	5	100	999	10	100.0	0.0
2026-07-07T20:58:33.878	373	863	543	980	2372	2235	2566	3045	3272	426	29.89	1014.67	49.71	127862	AS7341	flash	5	100	999	10	100.0	0.0
2026-07-07T20:58:35.898	373	862	543	980	2373	2235	2567	3046	3272	426	29.87	1014.71	49.7	127862	AS7341	flash	5	100	999	10	100.0	0.0
2026-07-07T20:58:37.909	373	862	543	980	2374	2236	2568	3047	3273	426	29.87	1014.68	49.69	126701	AS7341	flash	5	100	999	10	100.0	0.0
2026-07-07T20:58:39.930	373	862	543	980	2374	2237	2568	3047	3273	426	29.85	1014.72	49.68	126893	AS7341	flash	5	100	999	10	100.0	0.0
2026-07-07T20:58:41.844	373	861	543	980	2375	2238	2569	3048	3274	426	29.86	1014.73	49.68	128254	AS7341	flash	5	100	999	10	100.0	0.0
2026-07-07T20:58:43.870	373	861	542	981	2375	2238	2570	3048	3274	426	29.84	1014.69	49.68	128156	AS7341	flash	5	100	999	10	100.0	0.0
2026-07-07T20:58:45.890	373	861	543	981	2377	2240	2571	3050	3276	426	29.83	1014.68	49.66	128254	AS7341	flash	5	100	999	10	100.0	0.0
2026-07-07T20:58:47.913	373	861	542	981	2377	2240	2572	3050	3276	426	29.82	1014.7	49.66	127086	AS7341	flash	5	100	999	10	100.0	0.0
2026-07-07T20:58:49.935	373	861	542	982	2378	2241	2573	3052	3277	426	29.82	1014.71	49.64	128549	AS7341	flash	5	100	999	10	100.0	0.0
2026-07-07T20:58:51.962	373	860	542	982	2379	2242	2573	3052	3278	427	29.81	1014.7	49.66	127183	AS7341	flash	5	100	999	10	100.0	0.0
2026-07-07T20:58:53.872	373	860	542	982	2379	2242	2573	3052	3278	427	29.81	1014.7	49.63	128648	AS7341	flash	5	100	999	10	100.0	0.0
2026-07-07T20:58:55.897	374	860	542	982	2379	2242	2574	3053	3278	427	29.8	1014.7	49.63	128846	AS7341	flash	5	100	999	10	100.0	0.0
2026-07-07T20:58:57.918	373	860	542	982	2381	2243	2576	3054	3280	427	29.79	1014.7	49.61	128549	AS7341	flash	5	100	999	10	100.0	0.0
2026-07-07T20:58:59.903	373	859	542	982	2381	2244	2576	3055	3281	427	29.78	1014.72	49.62	127862	AS7341	flash	5	100	999	10	100.0	0.0
2026-07-07T20:59:01.888	373	859	542	982	2381	2244	2576	3055	3280	427	29.78	1014.69	49.62	128352	AS7341	flash	5	100	999	10	100.0	0.0
2026-07-07T20:59:03.875	373	859	542	982	2382	2245	2577	3056	3281	427	29.77	1014.7	49.6	129144	AS7341	flash	5	100	999	10	100.0	0.0
2026-07-07T20:59:05.873	374	859	542	983	2382	2245	2578	3056	3282	427	29.76	1014.68	49.6	128450	AS7341	flash	5	100	999	10	100.0	0.0
2026-07-07T20:59:07.864	373	859	542	983	2383	2246	2578	3056	3282	427	29.75	1014.68	49.58	128254	AS7341	flash	5	100	999	10	100.0	0.0
2026-07-07T20:59:09.954	374	859	542	983	2384	2247	2579	3058	3284	427	29.74	1014.69	49.59	128846	AS7341	flash	5	100	999	10	100.0	0.0
2026-07-07T20:59:11.944	373	858	542	983	2384	2247	2580	3058	3284	427	29.74	1014.72	49.59	128058	AS7341	flash	5	100	999	10	100.0	0.0
2026-07-07T20:59:13.937	373	858	542	983	2385	2248	2581	3059	3285	427	29.73	1014.7	49.59	128549	AS7341	flash	5	100	999	10	100.0	0.0
2026-07-07T20:59:15.930	373	858	542	984	2386	2249	2582	3061	3286	428	29.73	1014.74	49.58	128648	AS7341	flash	5	100	999	10	100.0	0.0
2026-07-07T20:59:17.912	373	858	542	984	2386	2249	2581	3060	3285	427	29.72	1014.73	49.58	129844	AS7341	flash	5	100	999	10	100.0	0.0
2026-07-07T20:59:19.895	373	858	542	983	2385	2249	2581	3060	3285	427	29.71	1014.69	49.57	129243	AS7341	flash	5	100	999	10	100.0	0.0
2026-07-07T20:59:21.886	373	857	542	984	2386	2249	2582	3060	3285	428	29.7	1014.69	49.56	128846	AS7341	flash	5	100	999	10	100.0	0.0
2026-07-07T20:59:23.878	373	857	542	984	2387	2250	2583	3062	3286	428	29.7	1014.71	49.55	129443	AS7341	flash	5	100	999	10	100.0	0.0
2026-07-07T20:59:25.871	373	857	542	984	2388	2251	2584	3062	3287	428	29.68	1014.73	49.55	128846	AS7341	flash	5	100	999	10	100.0	0.0
2026-07-07T20:59:27.870	373	857	541	984	2387	2251	2583	3062	3287	428	29.68	1014.71	49.55	129044	AS7341	flash	5	100	999	10	100.0	0.0
2026-07-07T20:59:29.863	373	857	542	984	2389	2252	2585	3064	3288	428	29.67	1014.69	49.54	129543	AS7341	flash	5	100	999	10	100.0	0.0
2026-07-07T20:59:31.870	373	857	541	984	2388	2252	2584	3063	3288	428	29.67	1014.74	49.55	129243	AS7341	flash	5	100	999	10	100.0	0.0
2026-07-07T20:59:33.871	373	857	541	985	2389	2252	2586	3064	3289	428	29.65	1014.73	49.53	129643	AS7341	flash	5	100	999	10	100.0	0.0
2026-07-07T20:59:35.869	373	856	541	984	2390	2253	2586	3065	3289	428	29.65	1014.72	49.53	128747	AS7341	flash	5	100	999	10	100.0	0.0
2026-07-07T20:59:37.876	373	856	541	984	2390	2253	2586	3065	3290	428	29.64	1014.7	49.52	129443	AS7341	flash	5	100	999	10	100.0	0.0
2026-07-07T20:59:39.878	373	856	541	985	2390	2254	2586	3065	3290	428	29.64	1014.7	49.51	129844	AS7341	flash	5	100	999	10	100.0	0.0
2026-07-07T20:59:41.884	373	856	541	985	2391	2254	2588	3067	3291	428	29.62	1014.68	49.5	129744	AS7341	flash	5	100	999	10	100.0	0.0
2026-07-07T20:59:43.876	373	856	541	985	2391	2255	2588	3067	3291	428	29.62	1014.73	49.52	130046	AS7341	flash	5	100	999	10	100.0	0.0
2026-07-07T20:59:45.875	373	856	541	985	2391	2255	2588	3067	3291	428	29.61	1014.68	49.5	129945	AS7341	flash	5	100	999	10	100.0	0.0
2026-07-07T20:59:47.880	373	856	541	985	2392	2256	2589	3068	3292	428	29.6	1014.71	49.49	129844	AS7341	flash	5	100	999	10	100.0	0.0
2026-07-07T20:59:49.880	373	855	541	985	2392	2256	2589	3068	3292	428	29.59	1014.7	49.49	130046	AS7341	flash	5	100	999	10	100.0	0.0
2026-07-07T20:59:51.876	373	855	541	985	2393	2257	2590	3069	3293	428	29.59	1014.7	49.48	130248	AS7341	flash	5	100	999	10	100.0	0.0
2026-07-07T20:59:53.879	373	855	541	986	2393	2257	2590	3069	3293	428	29.58	1014.71	49.48	130451	AS7341	flash	5	100	999	10	100.0	0.0
2026-07-07T20:59:55.876	373	855	541	986	2393	2257	2591	3069	3293	428	29.57	1014.69	49.46	129643	AS7341	flash	5	100	999	10	100.0	0.0
2026-07-07T20:59:57.882	373	855	541	986	2394	2258	2591	3070	3294	429	29.57	1014.69	49.46	131064	AS7341	flash	5	100	999	10	100.0	0.0
2026-07-07T20:59:59.880	373	855	541	986	2394	2258	2592	3070	3294	429	29.55	1014.69	49.44	130553	AS7341	flash	5	100	999	10	100.0	0.0
2026-07-07T21:00:01.879	373	855	541	986	2395	2258	2592	3071	3295	429	29.55	1014.7	49.45	130553	AS7341	flash	5	100	999	10	100.0	0.0
2026-07-07T21:00:03.885	373	855	541	986	2395	2259	2593	3072	3296	429	29.53	1014.7	49.45	130655	AS7341	flash	5	100	999	10	100.0	0.0
2026-07-07T21:00:05.881	373	854	541	986	2395	2260	2593	3072	3295	429	29.54	1014.72	49.45	130655	AS7341	flash	5	100	999	10	100.0	0.0
2026-07-07T21:00:07.878	373	854	541	986	2395	2260	2593	3072	3296	429	29.53	1014.71	49.46	130655	AS7341	flash	5	100	999	10	100.0	0.0
2026-07-07T21:00:09.974	373	854	541	986	2396	2260	2594	3073	3296	429	29.52	1014.71	49.44	130350	AS7341	flash	5	100	999	10	100.0	0.0
2026-07-07T21:00:11.975	373	854	541	986	2397	2261	2595	3074	3297	429	29.51	1014.72	49.44	130553	AS7341	flash	5	100	999	10	100.0	0.0
2026-07-07T21:00:13.967	373	854	541	986	2397	2261	2595	3074	3298	429	29.51	1014.71	49.45	131475	AS7341	flash	5	100	999	10	100.0	0.0
2026-07-07T21:00:15.964	373	854	541	986	2397	2261	2595	3074	3297	429	29.49	1014.73	49.45	130248	AS7341	flash	5	100	999	10	100.0	0.0
2026-07-07T21:00:17.959	373	853	541	986	2397	2261	2595	3074	3297	429	29.49	1014.73	49.45	131889	AS7341	flash	5	100	999	10	100.0	0.0
2026-07-07T21:00:19.957	373	853	541	986	2397	2261	2595	3074	3297	429	29.48	1014.69	49.44	130451	AS7341	flash	5	100	999	10	100.0	0.0
2026-07-07T21:00:21.949	373	853	541	986	2398	2261	2596	3075	3298	429	29.47	1014.71	49.43	131269	AS7341	flash	5	100	999	10	100.0	0.0
2026-07-07T21:00:23.942	373	853	540	986	2398	2262	2596	3075	3298	429	29.47	1014.72	49.44	132306	AS7341	flash	5	100	999	10	100.0	0.0
2026-07-07T21:00:25.930	373	853	541	987	2398	2263	2597	3076	3299	429	29.46	1014.75	49.43	131682	AS7341	flash	5	100	999	10	100.0	0.0
2026-07-07T21:00:27.930	373	853	541	987	2398	2263	2597	3076	3299	429	29.45	1014.71	49.43	131475	AS7341	flash	5	100	999	10	100.0	0.0
2026-07-07T21:00:29.920	374	853	541	987	2399	2263	2597	3076	3299	429	29.44	1014.75	49.43	131889	AS7341	flash	5	100	999	10	100.0	0.0
2026-07-07T21:00:31.913	373	853	541	987	2399	2264	2598	3077	3299	429	29.44	1014.75	49.42	131682	AS7341	flash	5	100	999	10	100.0	0.0
2026-07-07T21:00:33.905	373	853	540	987	2400	2264	2598	3078	3301	429	29.44	1014.75	49.43	131475	AS7341	flash	5	100	999	10	100.0	0.0
2026-07-07T21:00:35.900	373	853	540	987	2400	2265	2599	3078	3300	429	29.43	1014.76	49.41	132831	AS7341	flash	5	100	999	10	100.0	0.0
2026-07-07T21:00:37.886	373	853	541	987	2400	2265	2599	3078	3301	429	29.41	1014.74	49.41	131993	AS7341	flash	5	100	999	10	100.0	0.0
2026-07-07T21:00:39.881	373	852	540	987	2401	2265	2599	3079	3301	429	29.41	1014.74	49.41	131786	AS7341	flash	5	100	999	10	100.0	0.0
2026-07-07T21:00:41.873	373	852	540	987	2400	2265	2600	3079	3301	429	29.4	1014.74	49.42	132202	AS7341	flash	5	100	999	10	100.0	0.0
2026-07-07T21:00:43.960	374	852	540	988	2401	2266	2601	3080	3302	429	29.39	1014.77	49.42	131269	AS7341	flash	5	100	999	10	100.0	0.0
2026-07-07T21:00:45.952	373	852	540	987	2401	2266	2601	3080	3302	430	29.38	1014.73	49.43	132097	AS7341	flash	5	100	999	10	100.0	0.0
2026-07-07T21:00:47.944	373	852	540	987	2402	2266	2601	3081	3302	429	29.37	1014.74	49.41	132202	AS7341	flash	5	100	999	10	100.0	0.0
2026-07-07T21:00:49.937	374	852	540	988	2402	2267	2601	3081	3303	430	29.37	1014.76	49.42	132097	AS7341	flash	5	100	999	10	100.0	0.0
2026-07-07T21:00:51.929	373	852	540	988	2402	2267	2602	3081	3303	430	29.37	1014.76	49.43	131578	AS7341	flash	5	100	999	10	100.0	0.0
2026-07-07T21:00:53.925	374	852	540	988	2402	2267	2602	3081	3303	429	29.36	1014.78	49.41	133147	AS7341	flash	5	100	999	10	100.0	0.0
2026-07-07T21:00:55.926	374	852	540	988	2402	2267	2602	3081	3303	429	29.35	1014.78	49.42	132620	AS7341	flash	5	100	999	10	100.0	0.0
2026-07-07T21:00:57.925	374	851	540	988	2403	2268	2602	3082	3304	430	29.35	1014.77	49.42	132936	AS7341	flash	5	100	999	10	100.0	0.0
2026-07-07T21:00:59.910	373	851	540	988	2402	2268	2603	3082	3303	430	29.34	1014.77	49.42	132411	AS7341	flash	5	100	999	10	100.0	0.0
2026-07-07T21:01:01.905	374	851	540	988	2403	2268	2603	3083	3304	430	29.33	1014.75	49.41	131993	AS7341	flash	5	100	999	10	100.0	0.0
2026-07-07T21:01:03.891	374	851	540	988	2403	2268	2603	3083	3304	430	29.32	1014.77	49.41	134107	AS7341	flash	5	100	999	10	100.0	0.0
2026-07-07T21:01:05.887	374	851	540	988	2403	2268	2603	3082	3304	430	29.32	1014.74	49.41	132411	AS7341	flash	5	100	999	10	100.0	0.0
2026-07-07T21:01:07.873	374	851	540	988	2404	2269	2604	3084	3305	430	29.31	1014.77	49.42	132306	AS7341	flash	5	100	999	10	100.0	0.0
2026-07-07T21:01:09.968	374	850	540	988	2404	2269	2605	3084	3305	430	29.3	1014.74	49.42	132936	AS7341	flash	5	100	999	10	100.0	0.0
2026-07-07T21:01:11.955	373	850	540	988	2404	2269	2604	3084	3305	430	29.3	1014.73	49.42	133253	AS7341	flash	5	100	999	10	100.0	0.0
2026-07-07T21:01:13.944	374	851	540	988	2405	2270	2605	3084	3305	430	29.29	1014.76	49.43	132620	AS7341	flash	5	100	999	10	100.0	0.0
2026-07-07T21:01:15.944	374	850	540	988	2405	2270	2606	3086	3306	430	29.28	1014.76	49.43	133359	AS7341	flash	5	100	999	10	100.0	0.0
2026-07-07T21:01:17.937	374	850	540	989	2405	2271	2606	3086	3307	430	29.27	1014.75	49.41	132725	AS7341	flash	5	100	999	10	100.0	0.0
2026-07-07T21:01:19.927	374	850	540	989	2406	2271	2606	3087	3307	430	29.27	1014.75	49.42	133359	AS7341	flash	5	100	999	10	100.0	0.0
2026-07-07T21:01:21.917	374	850	540	988	2406	2271	2606	3086	3307	430	29.26	1014.76	49.42	133359	AS7341	flash	5	100	999	10	100.0	0.0
2026-07-07T21:01:23.910	374	850	540	989	2406	2271	2607	3087	3307	430	29.25	1014.73	49.41	133359	AS7341	flash	5	100	999	10	100.0	0.0
2026-07-07T21:01:25.894	374	850	540	989	2406	2272	2607	3087	3308	430	29.25	1014.73	49.41	134322	AS7341	flash	5	100	999	10	100.0	0.0
2026-07-07T21:01:27.888	374	850	540	989	2406	2272	2607	3087	3307	430	29.24	1014.73	49.41	132620	AS7341	flash	5	100	999	10	100.0	0.0
2026-07-07T21:01:29.886	375	850	540	989	2407	2272	2608	3088	3308	430	29.23	1014.76	49.41	134107	AS7341	flash	5	100	999	10	100.0	0.0
2026-07-07T21:01:31.875	374	850	540	989	2407	2272	2608	3088	3308	430	29.23	1014.75	49.43	133785	AS7341	flash	5	100	999	10	100.0	0.0
2026-07-07T21:01:33.874	374	849	539	989	2407	2272	2608	3088	3308	430	29.22	1014.73	49.42	132831	AS7341	flash	5	100	999	10	100.0	0.0
2026-07-07T21:01:35.874	374	849	540	989	2406	2272	2608	3088	3308	430	29.21	1014.74	49.42	134214	AS7341	flash	5	100	999	10	100.0	0.0
2026-07-07T21:01:37.974	374	849	540	989	2408	2274	2610	3089	3309	430	29.19	1014.76	49.42	133785	AS7341	flash	5	100	999	10	100.0	0.0
2026-07-07T21:01:39.969	374	849	540	989	2408	2274	2609	3090	3309	430	29.19	1014.73	49.43	132936	AS7341	flash	5	100	999	10	100.0	0.0
2026-07-07T21:01:41.963	374	850	540	989	2408	2274	2610	3090	3310	430	29.18	1014.74	49.43	133892	AS7341	flash	5	100	999	10	100.0	0.0
2026-07-07T21:01:43.957	374	849	540	989	2408	2274	2610	3090	3310	430	29.18	1014.72	49.42	133466	AS7341	flash	5	100	999	10	100.0	0.0
2026-07-07T21:01:45.944	374	849	540	989	2409	2274	2610	3091	3310	430	29.18	1014.73	49.43	134214	AS7341	flash	5	100	999	10	100.0	0.0
2026-07-07T21:01:47.938	374	849	539	989	2408	2274	2610	3090	3310	430	29.17	1014.73	49.43	134538	AS7341	flash	5	100	999	10	100.0	0.0
2026-07-07T21:01:49.929	374	849	539	989	2408	2274	2610	3091	3310	430	29.16	1014.74	49.42	134646	AS7341	flash	5	100	999	10	100.0	0.0
2026-07-07T21:01:51.921	374	849	540	989	2410	2275	2611	3092	3311	430	29.15	1014.76	49.43	134430	AS7341	flash	5	100	999	10	100.0	0.0
2026-07-07T21:01:53.912	374	848	539	989	2409	2274	2611	3091	3310	430	29.14	1014.76	49.43	134754	AS7341	flash	5	100	999	10	100.0	0.0
2026-07-07T21:01:55.899	374	849	540	989	2409	2275	2611	3091	3311	430	29.14	1014.71	49.43	133785	AS7341	flash	5	100	999	10	100.0	0.0
2026-07-07T21:01:57.891	374	849	539	989	2409	2275	2611	3092	3311	431	29.13	1014.74	49.44	134322	AS7341	flash	5	100	999	10	100.0	0.0
2026-07-07T21:01:59.881	374	848	539	989	2409	2275	2611	3092	3311	430	29.13	1014.74	49.44	133785	AS7341	flash	5	100	999	10	100.0	0.0
2026-07-07T21:02:01.881	374	848	539	989	2410	2276	2612	3093	3312	430	29.12	1014.73	49.44	134646	AS7341	flash	5	100	999	10	100.0	0.0
2026-07-07T21:02:03.880	374	848	539	990	2410	2276	2613	3093	3312	431	29.11	1014.75	49.45	135408	AS7341	flash	5	100	999	10	100.0	0.0
2026-07-07T21:02:05.964	374	848	539	990	2411	2277	2614	3095	3314	431	29.09	1014.74	49.44	133785	AS7341	flash	5	100	999	10	100.0	0.0
2026-07-07T21:02:07.948	374	848	539	990	2411	2277	2613	3094	3313	431	29.1	1014.76	49.46	134646	AS7341	flash	5	100	999	10	100.0	0.0
2026-07-07T21:02:09.942	374	848	539	990	2411	2277	2614	3094	3313	431	29.1	1014.75	49.46	135408	AS7341	flash	5	100	999	10	100.0	0.0
2026-07-07T21:02:11.938	374	848	539	990	2411	2277	2614	3095	3313	431	29.08	1014.74	49.45	134863	AS7341	flash	5	100	999	10	100.0	0.0
2026-07-07T21:02:13.925	374	848	539	990	2412	2278	2615	3095	3314	431	29.08	1014.76	49.46	135298	AS7341	flash	5	100	999	10	100.0	0.0
2026-07-07T21:02:15.919	374	848	539	990	2412	2279	2616	3096	3315	431	29.07	1014.75	49.47	134646	AS7341	flash	5	100	999	10	100.0	0.0
2026-07-07T21:02:17.911	374	848	539	990	2412	2278	2615	3096	3314	431	29.06	1014.74	49.46	135298	AS7341	flash	5	100	999	10	100.0	0.0
2026-07-07T21:02:19.903	374	848	539	990	2412	2279	2615	3096	3315	431	29.05	1014.77	49.48	135408	AS7341	flash	5	100	999	10	100.0	0.0
2026-07-07T21:02:21.892	374	848	539	990	2413	2279	2616	3097	3315	431	29.05	1014.78	49.49	134971	AS7341	flash	5	100	999	10	100.0	0.0
2026-07-07T21:02:23.875	374	847	539	990	2412	2278	2615	3096	3314	431	29.04	1014.72	49.49	134646	AS7341	flash	5	100	999	10	100.0	0.0
2026-07-07T21:02:25.968	374	848	539	991	2413	2280	2617	3098	3316	431	29.02	1014.73	49.49	134214	AS7341	flash	5	100	999	10	100.0	0.0
2026-07-07T21:02:27.956	375	847	539	990	2413	2280	2617	3098	3316	431	29.03	1014.73	49.48	134863	AS7341	flash	5	100	999	10	100.0	0.0
2026-07-07T21:02:29.943	374	847	539	990	2413	2280	2616	3098	3316	431	29.03	1014.72	49.49	135957	AS7341	flash	5	100	999	10	100.0	0.0
2026-07-07T21:02:31.932	375	848	539	990	2414	2281	2618	3100	3317	431	29.02	1014.76	49.49	134863	AS7341	flash	5	100	999	10	100.0	0.0
2026-07-07T21:02:33.930	374	847	539	990	2414	2280	2617	3099	3316	431	29.01	1014.73	49.5	134863	AS7341	flash	5	100	999	10	100.0	0.0
2026-07-07T21:02:35.925	374	847	539	990	2413	2280	2617	3098	3316	431	29.0	1014.77	49.49	134863	AS7341	flash	5	100	999	10	100.0	0.0
2026-07-07T21:02:37.919	374	847	539	990	2414	2281	2618	3099	3317	431	29.0	1014.76	49.48	135298	AS7341	flash	5	100	999	10	100.0	0.0
2026-07-07T21:02:39.910	374	847	539	991	2415	2281	2619	3100	3317	431	28.98	1014.77	49.5	135080	AS7341	flash	5	100	999	10	100.0	0.0
2026-07-07T21:02:41.909	374	847	539	990	2414	2281	2619	3100	3317	431	28.98	1014.75	49.49	135080	AS7341	flash	5	100	999	10	100.0	0.0
2026-07-07T21:02:43.907	374	847	539	990	2415	2281	2619	3100	3318	431	28.97	1014.74	49.49	135408	AS7341	flash	5	100	999	10	100.0	0.0
2026-07-07T21:02:45.900	374	847	539	991	2416	2283	2620	3102	3319	432	28.97	1014.78	49.49	135737	AS7341	flash	5	100	999	10	100.0	0.0
2026-07-07T21:02:47.893	374	847	539	990	2415	2282	2620	3101	3318	431	28.96	1014.78	49.51	136178	AS7341	flash	5	100	999	10	100.0	0.0
2026-07-07T21:02:49.888	374	847	539	991	2416	2282	2620	3102	3320	431	28.96	1014.76	49.5	135517	AS7341	flash	5	100	999	10	100.0	0.0
2026-07-07T21:02:51.875	374	847	539	991	2415	2282	2620	3101	3318	431	28.95	1014.77	49.5	135627	AS7341	flash	5	100	999	10	100.0	0.0
2026-07-07T21:02:53.973	374	847	539	991	2417	2283	2621	3103	3320	432	28.93	1014.77	49.51	134646	AS7341	flash	5	100	999	10	100.0	0.0
2026-07-07T21:02:55.967	374	847	539	991	2417	2284	2622	3104	3321	432	28.94	1014.76	49.51	134863	AS7341	flash	5	100	999	10	100.0	0.0
2026-07-07T21:02:57.958	374	847	539	991	2417	2283	2621	3103	3320	432	28.94	1014.74	49.51	135298	AS7341	flash	5	100	999	10	100.0	0.0
2026-07-07T21:02:59.947	374	846	539	991	2416	2283	2621	3103	3320	432	28.93	1014.74	49.51	135737	AS7341	flash	5	100	999	10	100.0	0.0
2026-07-07T21:03:01.938	374	846	539	991	2416	2283	2621	3103	3319	431	28.92	1014.75	49.5	135517	AS7341	flash	5	100	999	10	100.0	0.0
2026-07-07T21:03:03.940	374	846	539	991	2417	2284	2622	3104	3321	432	28.91	1014.74	49.51	135957	AS7341	flash	5	100	999	10	100.0	0.0
2026-07-07T21:03:05.936	374	846	539	991	2417	2284	2622	3104	3320	432	28.9	1014.74	49.51	135847	AS7341	flash	5	100	999	10	100.0	0.0
2026-07-07T21:03:07.928	374	846	539	991	2417	2284	2622	3104	3321	432	28.9	1014.76	49.5	135517	AS7341	flash	5	100	999	10	100.0	0.0
2026-07-07T21:03:09.920	374	846	539	991	2417	2284	2623	3104	3321	432	28.89	1014.73	49.49	135957	AS7341	flash	5	100	999	10	100.0	0.0
2026-07-07T21:03:11.917	374	846	539	991	2417	2285	2623	3104	3321	432	28.89	1014.75	49.5	136068	AS7341	flash	5	100	999	10	100.0	0.0
2026-07-07T21:03:13.918	374	846	539	991	2418	2285	2623	3105	3321	432	28.88	1014.74	49.51	136178	AS7341	flash	5	100	999	10	100.0	0.0
2026-07-07T21:03:15.909	374	846	539	991	2418	2285	2623	3105	3321	432	28.87	1014.73	49.5	136068	AS7341	flash	5	100	999	10	100.0	0.0
2026-07-07T21:03:17.902	374	846	539	991	2418	2285	2624	3106	3322	432	28.86	1014.75	49.52	136178	AS7341	flash	5	100	999	10	100.0	0.0
2026-07-07T21:03:19.892	374	846	539	992	2419	2286	2625	3106	3323	432	28.87	1014.76	49.51	136958	AS7341	flash	5	100	999	10	100.0	0.0
2026-07-07T21:03:21.889	374	846	539	992	2420	2287	2625	3107	3323	432	28.86	1014.75	49.5	135957	AS7341	flash	5	100	999	10	100.0	0.0
2026-07-07T21:03:23.882	374	846	539	992	2420	2287	2626	3108	3324	432	28.85	1014.79	49.5	136623	AS7341	flash	5	100	999	10	100.0	0.0
2026-07-07T21:03:25.880	374	846	539	992	2419	2286	2625	3107	3323	432	28.85	1014.75	49.53	136289	AS7341	flash	5	100	999	10	100.0	0.0
2026-07-07T21:03:27.973	374	846	539	992	2420	2287	2626	3108	3324	432	28.84	1014.77	49.51	135957	AS7341	flash	5	100	999	10	100.0	0.0
2026-07-07T21:03:29.963	374	846	539	992	2420	2287	2626	3108	3324	432	28.83	1014.79	49.52	135627	AS7341	flash	5	100	999	10	100.0	0.0
2026-07-07T21:03:31.947	374	845	539	992	2419	2287	2625	3107	3323	432	28.83	1014.78	49.51	136178	AS7341	flash	5	100	999	10	100.0	0.0
2026-07-07T21:03:33.931	374	846	539	992	2420	2287	2626	3108	3324	432	28.83	1014.77	49.52	135847	AS7341	flash	5	100	999	10	100.0	0.0
2026-07-07T21:03:35.925	374	845	539	992	2420	2288	2626	3108	3324	432	28.82	1014.79	49.51	136511	AS7341	flash	5	100	999	10	100.0	0.0
2026-07-07T21:03:37.915	374	845	539	992	2420	2287	2626	3108	3324	432	28.82	1014.77	49.51	136178	AS7341	flash	5	100	999	10	100.0	0.0
2026-07-07T21:03:39.911	374	845	539	992	2420	2288	2627	3109	3325	432	28.81	1014.81	49.52	136846	AS7341	flash	5	100	999	10	100.0	0.0
2026-07-07T21:03:41.913	374	845	539	992	2420	2288	2627	3109	3324	432	28.81	1014.78	49.51	136623	AS7341	flash	5	100	999	10	100.0	0.0
2026-07-07T21:03:43.900	374	845	539	992	2420	2288	2627	3109	3325	432	28.8	1014.78	49.51	136846	AS7341	flash	5	100	999	10	100.0	0.0
2026-07-07T21:03:45.885	374	845	539	992	2420	2288	2627	3109	3325	432	28.79	1014.79	49.53	136623	AS7341	flash	5	100	999	10	100.0	0.0
2026-07-07T21:03:47.870	374	845	538	992	2420	2288	2627	3109	3324	432	28.79	1014.77	49.52	136958	AS7341	flash	5	100	999	10	100.0	0.0
2026-07-07T21:03:49.967	374	845	538	992	2421	2289	2628	3111	3326	432	28.77	1014.77	49.53	136400	AS7341	flash	5	100	999	10	100.0	0.0
2026-07-07T21:03:51.956	374	845	538	992	2421	2289	2628	3110	3325	432	28.77	1014.77	49.54	136734	AS7341	flash	5	100	999	10	100.0	0.0
2026-07-07T21:03:53.941	374	845	538	992	2421	2289	2628	3110	3325	432	28.77	1014.77	49.54	136846	AS7341	flash	5	100	999	10	100.0	0.0
2026-07-07T21:03:55.934	374	845	539	992	2421	2289	2628	3111	3326	432	28.76	1014.77	49.54	136958	AS7341	flash	5	100	999	10	100.0	0.0
2026-07-07T21:03:57.932	374	845	538	992	2422	2290	2629	3111	3326	432	28.75	1014.8	49.54	137070	AS7341	flash	5	100	999	10	100.0	0.0
2026-07-07T21:03:59.920	374	844	538	992	2422	2290	2629	3111	3326	432	28.75	1014.81	49.55	137295	AS7341	flash	5	100	999	10	100.0	0.0
2026-07-07T21:04:01.912	374	844	538	992	2422	2290	2630	3112	3327	432	28.74	1014.79	49.55	137746	AS7341	flash	5	100	999	10	100.0	0.0
2026-07-07T21:04:03.907	374	845	538	992	2423	2290	2630	3113	3327	432	28.74	1014.83	49.55	137520	AS7341	flash	5	100	999	10	100.0	0.0
2026-07-07T21:04:05.903	374	845	538	992	2422	2290	2629	3112	3327	432	28.72	1014.79	49.56	137182	AS7341	flash	5	100	999	10	100.0	0.0
2026-07-07T21:04:07.890	374	845	538	992	2423	2291	2630	3112	3327	432	28.73	1014.78	49.56	136511	AS7341	flash	5	100	999	10	100.0	0.0
2026-07-07T21:04:09.884	374	845	538	993	2423	2291	2631	3113	3328	432	28.72	1014.79	49.57	137295	AS7341	flash	5	100	999	10	100.0	0.0
2026-07-07T21:04:11.871	374	844	538	993	2423	2291	2631	3113	3328	432	28.72	1014.82	49.57	137295	AS7341	flash	5	100	999	10	100.0	0.0
2026-07-07T21:04:13.969	375	845	538	993	2424	2292	2632	3115	3330	433	28.69	1014.8	49.58	135957	AS7341	flash	5	100	999	10	100.0	0.0
2026-07-07T21:04:15.959	374	844	538	993	2423	2291	2631	3114	3329	433	28.7	1014.78	49.59	136623	AS7341	flash	5	100	999	10	100.0	0.0
2026-07-07T21:04:17.952	374	844	538	992	2423	2291	2631	3114	3328	433	28.69	1014.82	49.58	136958	AS7341	flash	5	100	999	10	100.0	0.0
2026-07-07T21:04:19.946	374	844	538	992	2423	2291	2630	3113	3327	432	28.69	1014.77	49.59	136958	AS7341	flash	5	100	999	10	100.0	0.0
2026-07-07T21:04:21.943	374	844	538	993	2423	2291	2631	3114	3328	433	28.68	1014.79	49.6	136511	AS7341	flash	5	100	999	10	100.0	0.0
2026-07-07T21:04:23.933	374	844	538	992	2423	2291	2631	3114	3328	432	28.68	1014.79	49.6	136734	AS7341	flash	5	100	999	10	100.0	0.0
2026-07-07T21:04:25.924	374	844	538	992	2423	2292	2632	3114	3328	433	28.67	1014.8	49.62	137295	AS7341	flash	5	100	999	10	100.0	0.0
2026-07-07T21:04:27.917	374	844	538	992	2424	2292	2632	3115	3329	433	28.67	1014.78	49.61	137295	AS7341	flash	5	100	999	10	100.0	0.0
2026-07-07T21:04:29.911	374	844	538	992	2424	2293	2633	3116	3329	433	28.66	1014.78	49.62	136846	AS7341	flash	5	100	999	10	100.0	0.0
2026-07-07T21:04:31.901	374	844	538	993	2424	2292	2632	3116	3329	433	28.66	1014.78	49.62	136958	AS7341	flash	5	100	999	10	100.0	0.0
2026-07-07T21:04:33.895	375	844	538	993	2425	2293	2634	3117	3330	433	28.66	1014.78	49.63	137407	AS7341	flash	5	100	999	10	100.0	0.0
2026-07-07T21:04:35.889	375	844	538	993	2425	2293	2633	3116	3330	433	28.65	1014.78	49.63	137407	AS7341	flash	5	100	999	10	100.0	0.0
2026-07-07T21:04:37.880	375	844	538	993	2425	2293	2633	3117	3330	433	28.64	1014.78	49.63	137973	AS7341	flash	5	100	999	10	100.0	0.0
2026-07-07T21:04:39.869	374	844	538	993	2425	2293	2634	3117	3331	433	28.64	1014.79	49.62	137633	AS7341	flash	5	100	999	10	100.0	0.0
2026-07-07T21:04:41.967	375	844	538	993	2426	2294	2634	3118	3331	433	28.62	1014.77	49.64	136623	AS7341	flash	5	100	999	10	100.0	0.0
2026-07-07T21:04:43.956	375	843	538	993	2426	2294	2635	3118	3332	433	28.62	1014.77	49.64	136734	AS7341	flash	5	100	999	10	100.0	0.0
2026-07-07T21:04:45.946	375	844	538	993	2425	2294	2634	3118	3331	433	28.62	1014.78	49.65	137860	AS7341	flash	5	100	999	10	100.0	0.0
2026-07-07T21:04:47.933	374	843	538	993	2425	2294	2634	3117	3331	433	28.61	1014.78	49.65	137973	AS7341	flash	5	100	999	10	100.0	0.0
2026-07-07T21:04:49.917	374	843	538	993	2425	2294	2634	3117	3331	433	28.61	1014.8	49.66	138429	AS7341	flash	5	100	999	10	100.0	0.0
2026-07-07T21:04:51.910	374	843	538	993	2425	2293	2634	3117	3330	433	28.6	1014.77	49.65	137746	AS7341	flash	5	100	999	10	100.0	0.0
2026-07-07T21:04:53.905	374	843	538	993	2426	2294	2634	3118	3331	433	28.59	1014.75	49.65	137973	AS7341	flash	5	100	999	10	100.0	0.0
2026-07-07T21:04:55.898	375	843	538	993	2426	2294	2635	3118	3331	433	28.59	1014.77	49.67	138544	AS7341	flash	5	100	999	10	100.0	0.0
2026-07-07T21:04:57.895	375	843	538	993	2426	2295	2636	3119	3332	433	28.59	1014.78	49.65	137746	AS7341	flash	5	100	999	10	100.0	0.0
2026-07-07T21:04:59.889	375	843	538	993	2427	2295	2636	3119	3333	433	28.58	1014.77	49.67	137746	AS7341	flash	5	100	999	10	100.0	0.0
2026-07-07T21:05:01.881	375	843	538	993	2427	2295	2636	3119	3332	433	28.57	1014.79	49.65	138201	AS7341	flash	5	100	999	10	100.0	0.0
2026-07-07T21:05:03.871	375	843	538	993	2427	2296	2636	3120	3333	433	28.58	1014.82	49.67	138658	AS7341	flash	5	100	999	10	100.0	0.0
2026-07-07T21:05:05.966	375	843	538	994	2428	2296	2637	3121	3334	433	28.56	1014.77	49.67	137746	AS7341	flash	5	100	999	10	100.0	0.0
2026-07-07T21:05:07.954	375	843	538	993	2427	2295	2636	3120	3332	433	28.56	1014.76	49.69	137520	AS7341	flash	5	100	999	10	100.0	0.0
2026-07-07T21:05:09.940	375	843	538	993	2427	2296	2637	3120	3333	433	28.56	1014.79	49.68	137973	AS7341	flash	5	100	999	10	100.0	0.0
2026-07-07T21:05:11.928	374	843	538	993	2427	2296	2637	3120	3333	433	28.55	1014.78	49.67	137746	AS7341	flash	5	100	999	10	100.0	0.0
2026-07-07T21:05:13.916	375	843	538	994	2427	2296	2637	3121	3333	433	28.55	1014.77	49.67	138201	AS7341	flash	5	100	999	10	100.0	0.0
2026-07-07T21:05:15.904	374	843	538	993	2427	2296	2637	3120	3333	433	28.54	1014.75	49.67	137973	AS7341	flash	5	100	999	10	100.0	0.0
2026-07-07T21:05:17.888	375	843	538	993	2428	2297	2638	3122	3335	433	28.54	1014.82	49.7	138429	AS7341	flash	5	100	999	10	100.0	0.0
2026-07-07T21:05:19.884	375	842	538	993	2427	2296	2637	3120	3333	433	28.53	1014.79	49.68	138429	AS7341	flash	5	100	999	10	100.0	0.0
2026-07-07T21:05:21.880	375	843	538	993	2428	2297	2638	3121	3334	433	28.52	1014.77	49.69	138201	AS7341	flash	5	100	999	10	100.0	0.0
2026-07-07T21:05:23.871	375	842	538	994	2428	2297	2638	3122	3334	433	28.52	1014.76	49.69	138087	AS7341	flash	5	100	999	10	100.0	0.0
2026-07-07T21:05:25.960	375	843	538	994	2428	2297	2639	3122	3334	433	28.51	1014.86	49.7	137860	AS7341	flash	5	100	999	10	100.0	0.0
2026-07-07T21:05:27.944	375	843	538	994	2429	2298	2639	3123	3335	433	28.51	1014.82	49.7	137860	AS7341	flash	5	100	999	10	100.0	0.0
2026-07-07T21:05:29.937	375	842	538	994	2428	2298	2639	3123	3335	433	28.51	1014.83	49.72	138429	AS7341	flash	5	100	999	10	100.0	0.0
2026-07-07T21:05:31.922	375	842	538	994	2429	2298	2640	3123	3336	433	28.5	1014.83	49.7	138658	AS7341	flash	5	100	999	10	100.0	0.0
2026-07-07T21:05:33.919	375	842	538	993	2428	2297	2639	3123	3335	433	28.5	1014.83	49.72	138429	AS7341	flash	5	100	999	10	100.0	0.0
2026-07-07T21:05:35.910	375	842	538	994	2429	2298	2639	3124	3335	433	28.49	1014.8	49.72	137633	AS7341	flash	5	100	999	10	100.0	0.0
2026-07-07T21:05:37.899	375	842	538	994	2429	2298	2639	3123	3335	433	28.49	1014.8	49.72	138315	AS7341	flash	5	100	999	10	100.0	0.0
2026-07-07T21:05:39.893	375	842	538	994	2429	2298	2640	3124	3335	434	28.48	1014.77	49.72	138429	AS7341	flash	5	100	999	10	100.0	0.0
2026-07-07T21:05:41.880	375	842	538	994	2430	2299	2640	3125	3336	433	28.48	1014.83	49.71	137860	AS7341	flash	5	100	999	10	100.0	0.0
2026-07-07T21:05:43.883	375	842	538	994	2429	2298	2640	3124	3335	433	28.47	1014.81	49.73	138544	AS7341	flash	5	100	999	10	100.0	0.0
2026-07-07T21:05:45.880	375	842	538	994	2429	2299	2640	3124	3335	433	28.46	1014.79	49.73	138773	AS7341	flash	5	100	999	10	100.0	0.0
2026-07-07T21:05:47.972	375	842	538	994	2430	2300	2641	3126	3337	434	28.46	1014.8	49.73	137746	AS7341	flash	5	100	999	10	100.0	0.0
2026-07-07T21:05:49.962	375	842	538	994	2430	2299	2641	3125	3336	434	28.46	1014.8	49.75	137746	AS7341	flash	5	100	999	10	100.0	0.0
2026-07-07T21:05:51.960	375	842	538	994	2431	2300	2642	3126	3337	434	28.46	1014.82	49.74	138429	AS7341	flash	5	100	999	10	100.0	0.0
2026-07-07T21:05:53.955	375	842	538	994	2430	2299	2642	3126	3337	434	28.44	1014.79	49.75	138544	AS7341	flash	5	100	999	10	100.0	0.0
2026-07-07T21:05:55.938	375	842	538	994	2430	2299	2642	3126	3337	434	28.44	1014.8	49.76	138888	AS7341	flash	5	100	999	10	100.0	0.0
2026-07-07T21:05:57.926	375	842	538	994	2430	2299	2641	3126	3337	434	28.43	1014.8	49.76	137860	AS7341	flash	5	100	999	10	100.0	0.0
2026-07-07T21:05:59.919	375	842	538	994	2430	2300	2642	3126	3337	434	28.44	1014.8	49.76	139119	AS7341	flash	5	100	999	10	100.0	0.0
2026-07-07T21:06:01.913	375	842	538	994	2430	2300	2642	3126	3337	434	28.43	1014.8	49.75	138544	AS7341	flash	5	100	999	10	100.0	0.0
2026-07-07T21:06:03.908	375	842	538	994	2430	2300	2642	3126	3338	434	28.43	1014.8	49.77	139351	AS7341	flash	5	100	999	10	100.0	0.0
2026-07-07T21:06:05.902	375	842	538	994	2431	2300	2642	3126	3338	434	28.42	1014.81	49.77	138544	AS7341	flash	5	100	999	10	100.0	0.0
2026-07-07T21:06:07.886	375	841	538	994	2430	2299	2641	3126	3337	434	28.41	1014.77	49.78	138658	AS7341	flash	5	100	999	10	100.0	0.0
2026-07-07T21:06:09.875	375	842	538	994	2431	2300	2643	3127	3338	434	28.41	1014.81	49.78	139119	AS7341	flash	5	100	999	10	100.0	0.0
2026-07-07T21:06:11.883	375	842	538	994	2431	2301	2643	3127	3338	434	28.41	1014.78	49.77	138888	AS7341	flash	5	100	999	10	100.0	0.0
2026-07-07T21:06:13.883	375	841	537	994	2431	2300	2643	3127	3337	434	28.4	1014.8	49.78	138658	AS7341	flash	5	100	999	10	100.0	0.0
2026-07-07T21:06:15.879	375	841	538	994	2431	2300	2643	3127	3337	434	28.39	1014.79	49.8	139467	AS7341	flash	5	100	999	10	100.0	0.0
2026-07-07T21:06:17.877	375	841	538	994	2431	2301	2643	3128	3339	434	28.39	1014.78	49.79	138429	AS7341	flash	5	100	999	10	100.0	0.0
2026-07-07T21:06:19.967	375	842	538	994	2432	2302	2644	3129	3339	434	28.38	1014.79	49.8	137520	AS7341	flash	5	100	999	10	100.0	0.0
2026-07-07T21:06:21.956	375	841	538	995	2432	2301	2644	3129	3339	434	28.38	1014.8	49.81	137520	AS7341	flash	5	100	999	10	100.0	0.0
2026-07-07T21:06:23.947	375	841	538	994	2432	2301	2644	3129	3339	434	28.38	1014.79	49.81	138315	AS7341	flash	5	100	999	10	100.0	0.0
2026-07-07T21:06:25.944	375	841	538	995	2432	2301	2644	3129	3339	434	28.37	1014.81	49.81	138658	AS7341	flash	5	100	999	10	100.0	0.0
2026-07-07T21:06:27.937	375	841	538	994	2432	2301	2644	3129	3339	434	28.36	1014.81	49.81	138201	AS7341	flash	5	100	999	10	100.0	0.0
2026-07-07T21:06:29.934	375	841	538	994	2432	2302	2644	3129	3339	434	28.36	1014.79	49.83	139004	AS7341	flash	5	100	999	10	100.0	0.0
2026-07-07T21:06:31.922	375	841	538	995	2433	2302	2645	3130	3340	434	28.36	1014.84	49.81	139119	AS7341	flash	5	100	999	10	100.0	0.0
2026-07-07T21:06:33.925	375	841	537	994	2432	2302	2644	3129	3339	434	28.36	1014.83	49.84	139119	AS7341	flash	5	100	999	10	100.0	0.0
2026-07-07T21:06:35.920	375	841	538	994	2432	2302	2645	3130	3340	434	28.35	1014.78	49.83	138429	AS7341	flash	5	100	999	10	100.0	0.0
2026-07-07T21:06:37.910	375	841	537	994	2432	2302	2645	3129	3339	434	28.35	1014.8	49.82	138888	AS7341	flash	5	100	999	10	100.0	0.0
2026-07-07T21:06:39.901	375	841	537	994	2433	2302	2645	3130	3340	434	28.34	1014.8	49.84	139467	AS7341	flash	5	100	999	10	100.0	0.0
2026-07-07T21:06:41.891	375	841	538	995	2433	2303	2646	3131	3340	434	28.34	1014.8	49.85	139119	AS7341	flash	5	100	999	10	100.0	0.0
2026-07-07T21:06:43.883	375	841	537	994	2433	2303	2646	3131	3341	434	28.33	1014.78	49.85	138888	AS7341	flash	5	100	999	10	100.0	0.0
2026-07-07T21:06:45.878	375	841	537	994	2433	2303	2646	3131	3340	434	28.32	1014.78	49.85	139119	AS7341	flash	5	100	999	10	100.0	0.0
2026-07-07T21:06:47.973	375	841	538	995	2434	2304	2647	3132	3341	434	28.32	1014.8	49.86	138658	AS7341	flash	5	100	999	10	100.0	0.0
2026-07-07T21:06:49.960	375	841	537	995	2433	2303	2646	3131	3341	434	28.32	1014.79	49.86	139119	AS7341	flash	5	100	999	10	100.0	0.0
2026-07-07T21:06:51.958	375	841	537	995	2433	2303	2646	3131	3341	434	28.31	1014.82	49.86	139235	AS7341	flash	5	100	999	10	100.0	0.0
2026-07-07T21:06:53.946	375	841	537	994	2433	2303	2646	3131	3341	434	28.31	1014.79	49.87	138658	AS7341	flash	5	100	999	10	100.0	0.0
2026-07-07T21:06:55.945	375	841	538	995	2433	2303	2647	3132	3341	434	28.3	1014.83	49.88	139119	AS7341	flash	5	100	999	10	100.0	0.0
2026-07-07T21:06:57.941	375	841	537	995	2433	2303	2647	3132	3341	434	28.3	1014.8	49.88	139351	AS7341	flash	5	100	999	10	100.0	0.0
2026-07-07T21:06:59.927	375	841	537	995	2434	2304	2647	3132	3342	434	28.29	1014.81	49.87	138888	AS7341	flash	5	100	999	10	100.0	0.0
2026-07-07T21:07:01.924	375	841	537	995	2434	2303	2647	3132	3342	434	28.28	1014.79	49.88	139467	AS7341	flash	5	100	999	10	100.0	0.0
2026-07-07T21:07:03.922	375	841	537	995	2434	2304	2647	3132	3341	434	28.29	1014.81	49.88	139235	AS7341	flash	5	100	999	10	100.0	0.0
2026-07-07T21:07:05.918	375	840	537	995	2434	2304	2647	3133	3342	434	28.28	1014.84	49.88	139004	AS7341	flash	5	100	999	10	100.0	0.0
2026-07-07T21:07:07.910	375	841	537	995	2434	2304	2647	3133	3341	434	28.28	1014.8	49.87	138658	AS7341	flash	5	100	999	10	100.0	0.0
2026-07-07T21:07:09.905	375	840	537	995	2434	2304	2647	3133	3342	434	28.27	1014.8	49.9	139816	AS7341	flash	5	100	999	10	100.0	0.0
2026-07-07T21:07:11.893	375	841	537	995	2434	2304	2647	3133	3342	434	28.27	1014.8	49.89	139816	AS7341	flash	5	100	999	10	100.0	0.0
2026-07-07T21:07:13.885	375	840	537	994	2434	2304	2647	3133	3342	434	28.27	1014.79	49.9	139119	AS7341	flash	5	100	999	10	100.0	0.0
2026-07-07T21:07:15.877	375	840	537	995	2435	2305	2648	3134	3343	434	28.26	1014.8	49.89	139699	AS7341	flash	5	100	999	10	100.0	0.0
2026-07-07T21:07:17.971	375	840	537	995	2434	2305	2649	3134	3343	434	28.25	1014.81	49.91	138315	AS7341	flash	5	100	999	10	100.0	0.0
2026-07-07T21:07:19.960	375	840	537	995	2435	2305	2649	3135	3343	434	28.25	1014.81	49.91	139119	AS7341	flash	5	100	999	10	100.0	0.0
2026-07-07T21:07:21.959	375	840	537	995	2434	2305	2649	3134	3342	434	28.25	1014.83	49.92	137973	AS7341	flash	5	100	999	10	100.0	0.0
2026-07-07T21:07:23.942	375	840	537	995	2435	2305	2649	3134	3343	434	28.25	1014.79	49.92	139467	AS7341	flash	5	100	999	10	100.0	0.0
2026-07-07T21:07:25.937	375	840	537	995	2435	2305	2649	3135	3343	434	28.24	1014.78	49.92	139119	AS7341	flash	5	100	999	10	100.0	0.0
2026-07-07T21:07:27.928	375	840	537	995	2436	2306	2650	3136	3344	434	28.24	1014.81	49.93	140284	AS7341	flash	5	100	999	10	100.0	0.0
2026-07-07T21:07:29.921	375	840	537	995	2435	2306	2650	3135	3344	434	28.23	1014.82	49.93	139583	AS7341	flash	5	100	999	10	100.0	0.0
2026-07-07T21:07:31.913	375	840	537	995	2435	2305	2650	3135	3343	434	28.23	1014.82	49.95	139351	AS7341	flash	5	100	999	10	100.0	0.0
2026-07-07T21:07:33.907	375	840	537	995	2435	2305	2649	3135	3343	434	28.22	1014.8	49.93	139816	AS7341	flash	5	100	999	10	100.0	0.0
2026-07-07T21:07:35.899	375	840	537	995	2436	2307	2651	3136	3345	435	28.22	1014.79	49.93	138315	AS7341	flash	5	100	999	10	100.0	0.0
2026-07-07T21:07:37.889	375	840	537	995	2435	2306	2650	3135	3343	434	28.21	1014.79	49.95	139351	AS7341	flash	5	100	999	10	100.0	0.0
2026-07-07T21:07:39.876	375	840	537	995	2435	2306	2650	3136	3344	435	28.21	1014.77	49.95	140638	AS7341	flash	5	100	999	10	100.0	0.0
2026-07-07T21:07:41.970	375	840	537	996	2437	2307	2652	3138	3346	435	28.2	1014.81	49.95	139235	AS7341	flash	5	100	999	10	100.0	0.0
2026-07-07T21:07:43.963	375	840	537	995	2437	2307	2652	3137	3345	435	28.2	1014.78	49.97	139467	AS7341	flash	5	100	999	10	100.0	0.0
2026-07-07T21:07:45.945	375	840	537	995	2436	2307	2651	3137	3345	435	28.2	1014.8	49.97	138429	AS7341	flash	5	100	999	10	100.0	0.0
2026-07-07T21:07:47.928	375	840	537	995	2436	2307	2651	3137	3345	435	28.2	1014.81	49.98	139699	AS7341	flash	5	100	999	10	100.0	0.0
2026-07-07T21:07:49.914	375	840	537	995	2436	2307	2651	3137	3345	435	28.19	1014.78	49.97	139816	AS7341	flash	5	100	999	10	100.0	0.0
2026-07-07T21:07:51.906	375	840	537	995	2436	2307	2651	3137	3345	435	28.19	1014.78	49.99	139699	AS7341	flash	5	100	999	10	100.0	0.0
2026-07-07T21:07:53.901	375	840	537	995	2437	2307	2652	3138	3346	435	28.19	1014.81	49.97	139351	AS7341	flash	5	100	999	10	100.0	0.0
2026-07-07T21:07:55.887	375	840	537	995	2437	2307	2652	3138	3346	435	28.18	1014.79	49.97	138087	AS7341	flash	5	100	999	10	100.0	0.0
2026-07-07T21:07:57.886	375	840	537	995	2436	2307	2652	3137	3345	435	28.18	1014.79	49.99	139583	AS7341	flash	5	100	999	10	100.0	0.0
2026-07-07T21:07:59.885	375	840	537	995	2437	2307	2652	3138	3346	435	28.17	1014.76	49.99	139583	AS7341	flash	5	100	999	10	100.0	0.0
2026-07-07T21:08:01.882	375	840	537	995	2438	2308	2653	3139	3347	435	28.17	1014.85	49.98	139699	AS7341	flash	5	100	999	10	100.0	0.0
2026-07-07T21:08:03.974	375	840	537	996	2438	2308	2653	3139	3347	435	28.16	1014.8	50.01	139583	AS7341	flash	5	100	999	10	100.0	0.0
2026-07-07T21:08:05.963	375	840	537	996	2437	2308	2653	3139	3347	435	28.16	1014.8	50.01	139816	AS7341	flash	5	100	999	10	100.0	0.0
2026-07-07T21:08:07.950	375	840	537	996	2438	2309	2653	3139	3347	435	28.15	1014.8	50.01	139816	AS7341	flash	5	100	999	10	100.0	0.0
2026-07-07T21:08:09.938	375	840	537	995	2437	2308	2653	3139	3346	435	28.15	1014.8	50.01	139583	AS7341	flash	5	100	999	10	100.0	0.0
2026-07-07T21:08:11.928	375	840	537	995	2437	2308	2653	3139	3346	435	28.15	1014.79	50.01	140520	AS7341	flash	5	100	999	10	100.0	0.0
2026-07-07T21:08:13.912	375	840	537	995	2437	2308	2653	3139	3347	435	28.15	1014.79	50.03	137860	AS7341	flash	5	100	999	10	100.0	0.0
2026-07-07T21:08:15.909	375	839	537	995	2438	2309	2653	3140	3347	435	28.14	1014.78	50.02	139816	AS7341	flash	5	100	999	10	100.0	0.0
2026-07-07T21:08:17.900	375	839	537	995	2437	2308	2653	3139	3347	435	28.14	1014.78	50.03	140284	AS7341	flash	5	100	999	10	100.0	0.0
2026-07-07T21:08:19.894	375	840	537	996	2438	2309	2654	3140	3347	435	28.13	1014.81	50.02	141469	AS7341	flash	5	100	999	10	100.0	0.0
2026-07-07T21:08:21.891	375	840	537	996	2437	2308	2653	3139	3346	435	28.13	1014.8	50.04	139699	AS7341	flash	5	100	999	10	100.0	0.0
2026-07-07T21:08:23.881	375	839	537	996	2438	2309	2654	3140	3348	435	28.13	1014.79	50.05	140520	AS7341	flash	5	100	999	10	100.0	0.0
2026-07-07T21:08:25.881	375	840	537	996	2438	2309	2654	3140	3347	435	28.12	1014.79	50.04	139816	AS7341	flash	5	100	999	10	100.0	0.0
2026-07-07T21:08:27.975	375	839	537	996	2439	2310	2655	3142	3349	435	28.11	1014.78	50.05	139467	AS7341	flash	5	100	999	10	100.0	0.0
2026-07-07T21:08:29.967	375	839	537	995	2438	2309	2654	3141	3347	435	28.11	1014.78	50.06	139699	AS7341	flash	5	100	999	10	100.0	0.0
2026-07-07T21:08:31.956	375	839	537	996	2438	2309	2654	3141	3348	435	28.1	1014.77	50.06	139699	AS7341	flash	5	100	999	10	100.0	0.0
2026-07-07T21:08:33.946	375	839	537	996	2439	2310	2655	3141	3348	435	28.11	1014.81	50.06	139816	AS7341	flash	5	100	999	10	100.0	0.0
2026-07-07T21:08:35.941	375	839	537	996	2439	2310	2655	3142	3348	435	28.1	1014.77	50.06	139816	AS7341	flash	5	100	999	10	100.0	0.0
2026-07-07T21:08:37.927	375	839	537	996	2438	2310	2655	3143	3348	435	28.1	1014.78	50.06	140756	AS7341	flash	5	100	999	10	0.0	0.0
2026-07-07T21:08:39.928	375	838	537	995	2438	2310	2658	3149	3350	435	28.13	1014.81	50.39	137182	AS7341	flash	5	100	999	10	0.0	0.0
2026-07-07T21:08:41.924	375	837	537	995	2439	2312	2662	3156	3353	436	28.15	1014.8	51.43	136178	AS7341	flash	5	100	999	10	100.0	0.0
2026-07-07T21:08:43.918	375	837	536	994	2439	2311	2663	3157	3354	436	28.13	1014.8	52.59	134107	AS7341	flash	5	100	999	10	100.0	0.0
2026-07-07T21:08:45.910	375	837	537	994	2437	2309	2660	3154	3351	435	28.11	1014.78	52.69	136400	AS7341	flash	5	100	999	10	100.0	0.0
2026-07-07T21:08:47.893	375	838	537	994	2436	2308	2658	3152	3350	435	28.1	1014.77	52.3	134214	AS7341	flash	5	100	999	10	100.0	0.0
2026-07-07T21:08:49.886	375	838	537	994	2435	2307	2657	3149	3348	435	28.1	1014.78	51.85	134754	AS7341	flash	5	100	999	10	100.0	0.0
2026-07-07T21:08:51.875	375	839	537	994	2435	2306	2656	3148	3347	435	28.09	1014.78	51.47	136623	AS7341	flash	5	100	999	10	100.0	0.0
2026-07-07T21:08:53.970	375	839	537	994	2434	2306	2654	3147	3346	435	28.08	1014.81	51.15	135957	AS7341	flash	5	100	999	10	100.0	0.0
2026-07-07T21:08:55.961	375	839	537	994	2434	2305	2654	3145	3346	435	28.08	1014.76	50.93	138429	AS7341	flash	5	100	999	10	100.0	0.0
2026-07-07T21:08:57.956	375	839	537	994	2434	2305	2654	3145	3346	435	28.07	1014.79	50.77	136400	AS7341	flash	5	100	999	10	100.0	0.0
2026-07-07T21:08:59.947	375	839	537	994	2434	2305	2653	3144	3346	435	28.06	1014.78	50.62	138087	AS7341	flash	5	100	999	10	100.0	0.0
2026-07-07T21:09:01.935	375	839	537	994	2433	2305	2652	3142	3344	435	28.07	1014.82	50.53	139351	AS7341	flash	5	100	999	10	100.0	0.0
2026-07-07T21:09:03.922	375	839	537	994	2433	2304	2652	3142	3344	435	28.06	1014.77	50.45	139119	AS7341	flash	5	100	999	10	100.0	0.0
2026-07-07T21:09:05.913	375	839	537	994	2434	2305	2652	3142	3344	435	28.05	1014.79	50.39	139119	AS7341	flash	5	100	999	10	100.0	0.0
2026-07-07T21:09:07.914	375	840	537	994	2434	2305	2652	3142	3345	435	28.05	1014.79	50.36	140167	AS7341	flash	5	100	999	10	100.0	0.0
2026-07-07T21:09:09.905	375	840	537	994	2435	2306	2653	3142	3346	435	28.05	1014.81	50.31	138544	AS7341	flash	5	100	999	10	100.0	0.0
2026-07-07T21:09:11.889	375	840	537	994	2434	2305	2653	3142	3345	435	28.05	1014.79	50.29	139816	AS7341	flash	5	100	999	10	100.0	0.0
2026-07-07T21:09:13.887	375	839	537	994	2434	2305	2652	3141	3344	435	28.04	1014.8	50.27	140284	AS7341	flash	5	100	999	10	100.0	0.0
2026-07-07T21:09:15.884	375	840	537	994	2435	2306	2653	3142	3346	435	28.04	1014.81	50.25	137520	AS7341	flash	5	100	999	10	100.0	0.0
2026-07-07T21:09:17.880	375	839	537	994	2434	2306	2652	3141	3345	435	28.04	1014.79	50.24	140050	AS7341	flash	5	100	999	10	100.0	0.0
2026-07-07T21:09:19.973	375	840	537	995	2435	2307	2654	3141	3346	435	28.02	1014.78	50.26	139235	AS7341	flash	5	100	999	10	100.0	0.0
2026-07-07T21:09:21.966	375	840	537	994	2435	2306	2653	3142	3346	435	28.03	1014.81	50.24	139119	AS7341	flash	5	100	999	10	100.0	0.0
2026-07-07T21:09:23.959	375	839	537	995	2436	2307	2654	3142	3346	435	28.02	1014.79	50.22	140284	AS7341	flash	5	100	999	10	100.0	0.0
2026-07-07T21:09:25.965	375	839	537	994	2436	2307	2654	3143	3347	435	28.02	1014.78	50.22	137520	AS7341	flash	5	100	999	10	100.0	0.0
2026-07-07T21:09:27.948	375	839	537	994	2436	2307	2653	3142	3346	435	28.02	1014.8	50.21	138888	AS7341	flash	5	100	999	10	100.0	0.0
2026-07-07T21:09:29.937	375	839	537	995	2436	2308	2654	3142	3347	435	28.01	1014.8	50.21	140284	AS7341	flash	5	100	999	10	100.0	0.0
2026-07-07T21:09:31.927	375	840	537	995	2437	2308	2655	3143	3348	435	28.01	1014.81	50.2	140402	AS7341	flash	5	100	999	10	100.0	0.0
2026-07-07T21:09:33.919	375	839	537	995	2437	2308	2655	3142	3348	435	28.01	1014.79	50.2	140520	AS7341	flash	5	100	999	10	100.0	0.0
2026-07-07T21:09:35.908	375	839	537	995	2437	2308	2655	3143	3347	435	28.0	1014.76	50.2	140284	AS7341	flash	5	100	999	10	100.0	0.0
2026-07-07T21:09:37.892	375	840	537	995	2438	2309	2655	3144	3348	435	28.0	1014.78	50.2	139004	AS7341	flash	5	100	999	10	100.0	0.0
2026-07-07T21:09:39.876	375	840	537	995	2438	2309	2655	3144	3348	435	28.0	1014.8	50.2	141231	AS7341	flash	5	100	999	10	100.0	0.0
2026-07-07T21:09:41.978	375	839	537	995	2438	2310	2656	3144	3349	435	27.99	1014.81	50.21	137860	AS7341	flash	5	100	999	10	100.0	0.0
2026-07-07T21:09:43.971	375	839	537	995	2438	2309	2656	3144	3349	435	27.99	1014.81	50.19	140050	AS7341	flash	5	100	999	10	100.0	0.0
2026-07-07T21:09:45.963	375	839	537	995	2438	2309	2655	3144	3348	435	27.99	1014.81	50.21	140050	AS7341	flash	5	100	999	10	100.0	0.0
2026-07-07T21:09:47.956	375	839	537	995	2438	2310	2656	3144	3349	435	27.99	1014.82	50.21	138544	AS7341	flash	5	100	999	10	100.0	0.0
2026-07-07T21:09:49.958	375	839	537	996	2440	2311	2658	3146	3351	435	27.97	1014.8	50.21	140520	AS7341	flash	5	100	999	10	100.0	0.0
2026-07-07T21:09:51.955	375	839	537	995	2439	2310	2657	3145	3350	435	27.97	1014.82	50.21	140167	AS7341	flash	5	100	999	10	100.0	0.0
2026-07-07T21:09:53.941	375	839	537	995	2438	2310	2656	3144	3348	435	27.97	1014.81	50.21	138201	AS7341	flash	5	100	999	10	100.0	0.0
2026-07-07T21:09:55.932	375	839	537	995	2438	2310	2657	3144	3349	435	27.96	1014.79	50.2	138658	AS7341	flash	5	100	999	10	100.0	0.0
2026-07-07T21:09:57.913	375	839	537	996	2439	2310	2657	3145	3349	435	27.96	1014.81	50.2	138888	AS7341	flash	5	100	999	10	100.0	0.0
2026-07-07T21:09:59.914	375	839	537	996	2440	2312	2658	3146	3351	435	27.95	1014.8	50.22	138888	AS7341	flash	5	100	999	10	100.0	0.0
2026-07-07T21:10:01.905	375	839	537	996	2439	2311	2657	3146	3350	435	27.95	1014.78	50.22	140520	AS7341	flash	5	100	999	10	100.0	0.0
2026-07-07T21:10:03.901	375	839	537	995	2439	2311	2658	3146	3350	435	27.95	1014.8	50.2	138658	AS7341	flash	5	100	999	10	100.0	0.0
2026-07-07T21:10:05.891	375	839	537	996	2440	2312	2658	3146	3351	435	27.95	1014.79	50.2	140402	AS7341	flash	5	100	999	10	100.0	0.0
2026-07-07T21:10:07.888	375	839	537	996	2440	2312	2658	3146	3351	435	27.94	1014.8	50.23	139119	AS7341	flash	5	100	999	10	100.0	0.0
2026-07-07T21:10:09.878	375	839	537	996	2440	2312	2659	3146	3351	435	27.94	1014.81	50.21	139004	AS7341	flash	5	100	999	10	100.0	0.0
2026-07-07T21:10:11.971	375	839	537	996	2441	2313	2659	3147	3352	435	27.93	1014.8	50.22	140284	AS7341	flash	5	100	999	10	100.0	0.0
2026-07-07T21:10:13.966	375	839	537	996	2440	2312	2659	3146	3351	436	27.93	1014.83	50.22	138429	AS7341	flash	5	100	999	10	100.0	0.0
2026-07-07T21:10:15.955	375	839	537	996	2441	2312	2659	3147	3351	436	27.93	1014.81	50.23	139583	AS7341	flash	5	100	999	10	100.0	0.0
2026-07-07T21:10:17.945	375	838	537	996	2441	2312	2659	3147	3352	436	27.92	1014.81	50.23	139119	AS7341	flash	5	100	999	10	100.0	0.0
2026-07-07T21:10:19.929	375	839	537	996	2441	2313	2660	3148	3352	436	27.92	1014.84	50.22	138658	AS7341	flash	5	100	999	10	100.0	0.0
2026-07-07T21:10:21.917	376	839	537	996	2441	2313	2660	3147	3352	435	27.92	1014.84	50.22	140050	AS7341	flash	5	100	999	10	100.0	0.0
2026-07-07T21:10:23.906	375	839	537	996	2442	2313	2660	3148	3353	436	27.92	1014.81	50.22	140993	AS7341	flash	5	100	999	10	100.0	0.0
2026-07-07T21:10:25.897	375	839	537	996	2442	2313	2661	3148	3353	436	27.92	1014.81	50.22	141828	AS7341	flash	5	100	999	10	100.0	0.0
2026-07-07T21:10:27.890	375	839	537	996	2442	2314	2661	3149	3353	436	27.91	1014.84	50.23	140756	AS7341	flash	5	100	999	10	100.0	0.0
2026-07-07T21:10:29.883	375	839	537	996	2442	2314	2661	3148	3353	436	27.9	1014.84	50.23	138888	AS7341	flash	5	100	999	10	100.0	0.0
2026-07-07T21:10:31.883	375	838	537	996	2441	2313	2660	3147	3351	435	27.9	1014.83	50.24	140284	AS7341	flash	5	100	999	10	100.0	0.0
2026-07-07T21:10:33.876	375	838	537	996	2441	2313	2661	3148	3352	436	27.9	1014.84	50.23	140050	AS7341	flash	5	100	999	10	100.0	0.0
2026-07-07T21:10:35.879	375	838	537	996	2442	2313	2661	3149	3352	436	27.9	1014.84	50.23	139816	AS7341	flash	5	100	999	10	100.0	0.0
2026-07-07T21:10:37.972	375	838	537	996	2442	2314	2662	3150	3353	436	27.89	1014.86	50.24	140638	AS7341	flash	5	100	999	10	100.0	0.0
2026-07-07T21:10:39.967	375	838	537	996	2442	2314	2662	3150	3353	436	27.89	1014.82	50.26	138429	AS7341	flash	5	100	999	10	100.0	0.0
2026-07-07T21:10:41.957	375	838	537	996	2442	2314	2661	3149	3353	436	27.89	1014.84	50.26	141469	AS7341	flash	5	100	999	10	0.0	0.0
2026-07-07T21:10:43.944	375	837	536	995	2441	2314	2662	3152	3353	436	27.91	1014.81	50.32	138544	AS7341	flash	5	100	999	10	0.0	0.0
2026-07-07T21:10:45.940	375	836	536	995	2441	2315	2666	3160	3357	436	27.93	1014.84	51.01	136958	AS7341	flash	5	100	999	10	0.0	0.0
2026-07-07T21:10:47.929	376	836	536	995	2442	2316	2670	3165	3359	436	27.95	1014.86	52.16	134754	AS7341	flash	5	100	999	10	100.0	0.0
2026-07-07T21:10:49.924	376	836	536	995	2442	2315	2668	3164	3358	436	27.9	1014.8	52.85	134646	AS7341	flash	5	100	999	10	100.0	0.0
2026-07-07T21:10:51.910	376	836	536	995	2440	2313	2665	3160	3355	436	27.9	1014.83	52.64	135080	AS7341	flash	5	100	999	10	100.0	0.0
2026-07-07T21:10:53.901	375	837	536	995	2439	2312	2664	3159	3354	436	27.89	1014.85	52.21	135517	AS7341	flash	5	100	999	10	100.0	0.0
2026-07-07T21:10:55.900	375	837	536	994	2439	2311	2663	3156	3353	436	27.89	1014.86	51.81	136289	AS7341	flash	5	100	999	10	100.0	0.0
2026-07-07T21:10:57.892	375	838	537	995	2439	2311	2662	3156	3353	436	27.88	1014.86	51.45	137520	AS7341	flash	5	100	999	10	100.0	0.0
2026-07-07T21:10:59.883	375	837	536	994	2438	2310	2661	3154	3351	435	27.88	1014.87	51.21	139119	AS7341	flash	5	100	999	10	100.0	0.0
2026-07-07T21:11:01.970	375	838	536	994	2438	2311	2661	3154	3352	436	27.86	1014.83	51.0	137070	AS7341	flash	5	100	999	10	100.0	0.0
2026-07-07T21:11:03.947	375	838	536	994	2438	2310	2660	3152	3351	436	27.87	1014.85	50.87	139235	AS7341	flash	5	100	999	10	100.0	0.0
2026-07-07T21:11:05.937	375	838	537	994	2438	2310	2660	3151	3351	436	27.86	1014.83	50.76	137295	AS7341	flash	5	100	999	10	100.0	0.0
2026-07-07T21:11:07.930	375	838	537	995	2437	2309	2659	3151	3350	435	27.86	1014.86	50.67	139933	AS7341	flash	5	100	999	10	100.0	0.0
2026-07-07T21:11:09.921	375	838	537	994	2438	2310	2659	3151	3351	436	27.86	1014.86	50.62	140284	AS7341	flash	5	100	999	10	100.0	0.0
2026-07-07T21:11:11.917	375	839	537	995	2438	2310	2660	3151	3351	436	27.86	1014.85	50.57	140284	AS7341	flash	5	100	999	10	100.0	0.0
2026-07-07T21:11:13.911	375	839	537	995	2438	2311	2660	3151	3351	436	27.85	1014.84	50.52	137973	AS7341	flash	5	100	999	10	100.0	0.0
2026-07-07T21:11:15.908	375	838	537	995	2438	2310	2660	3150	3351	436	27.85	1014.86	50.51	137973	AS7341	flash	5	100	999	10	100.0	0.0
2026-07-07T21:11:17.896	375	839	537	995	2438	2311	2659	3149	3351	436	27.84	1014.85	50.47	140520	AS7341	flash	5	100	999	10	100.0	0.0
2026-07-07T21:11:19.889	375	839	537	995	2440	2312	2660	3152	3352	436	27.85	1014.85	50.46	138773	AS7341	flash	5	100	999	10	100.0	0.0
2026-07-07T21:11:21.878	375	838	537	995	2439	2311	2659	3150	3351	436	27.84	1014.82	50.44	140402	AS7341	flash	5	100	999	10	100.0	0.0
2026-07-07T21:11:23.886	375	838	537	995	2439	2312	2660	3151	3352	436	27.84	1014.83	50.42	138888	AS7341	flash	5	100	999	10	100.0	0.0
2026-07-07T21:11:25.971	375	838	537	995	2440	2312	2660	3151	3352	436	27.83	1014.88	50.42	138429	AS7341	flash	5	100	999	10	100.0	0.0
2026-07-07T21:11:27.966	375	839	537	995	2440	2312	2661	3151	3352	436	27.83	1014.88	50.43	139583	AS7341	flash	5	100	999	10	100.0	0.0
2026-07-07T21:11:29.962	375	838	537	995	2440	2312	2661	3151	3352	436	27.83	1014.86	50.42	138429	AS7341	flash	5	100	999	10	100.0	0.0
2026-07-07T21:11:31.955	376	839	537	996	2440	2312	2661	3151	3353	436	27.82	1014.84	50.42	140993	AS7341	flash	5	100	999	10	100.0	0.0
2026-07-07T21:11:33.958	375	839	537	995	2440	2312	2660	3150	3352	436	27.83	1014.85	50.41	138773	AS7341	flash	5	100	999	10	100.0	0.0
2026-07-07T21:11:35.953	375	838	536	995	2440	2312	2661	3151	3352	436	27.82	1014.86	50.39	139119	AS7341	flash	5	100	999	10	100.0	0.0
2026-07-07T21:11:37.946	375	838	537	995	2440	2312	2661	3151	3352	436	27.82	1014.87	50.4	139351	AS7341	flash	5	100	999	10	100.0	0.0
2026-07-07T21:11:39.943	375	838	537	995	2441	2313	2662	3151	3353	436	27.81	1014.82	50.39	140520	AS7341	flash	5	100	999	10	100.0	0.0
2026-07-07T21:11:41.934	375	838	537	995	2440	2313	2661	3151	3353	436	27.81	1014.82	50.39	140993	AS7341	flash	5	100	999	10	100.0	0.0
2026-07-07T21:11:43.925	375	838	537	996	2441	2313	2661	3151	3353	436	27.81	1014.88	50.39	140520	AS7341	flash	5	100	999	10	100.0	0.0
2026-07-07T21:11:45.917	375	838	537	996	2441	2313	2662	3151	3353	436	27.8	1014.82	50.38	139351	AS7341	flash	5	100	999	10	100.0	0.0
2026-07-07T21:11:47.910	375	838	537	996	2442	2314	2662	3152	3354	436	27.8	1014.83	50.37	140874	AS7341	flash	5	100	999	10	100.0	0.0
2026-07-07T21:11:49.900	375	838	537	996	2441	2314	2662	3151	3353	436	27.8	1014.86	50.37	141469	AS7341	flash	5	100	999	10	100.0	0.0
2026-07-07T21:11:51.896	376	838	537	996	2442	2315	2663	3152	3355	436	27.8	1014.84	50.38	141828	AS7341	flash	5	100	999	10	100.0	0.0
2026-07-07T21:11:53.886	375	838	537	996	2442	2314	2662	3152	3353	436	27.79	1014.88	50.37	138658	AS7341	flash	5	100	999	10	100.0	0.0
2026-07-07T21:11:55.881	375	838	537	996	2442	2315	2663	3152	3355	436	27.79	1014.86	50.38	141589	AS7341	flash	5	100	999	10	100.0	0.0
2026-07-07T21:11:57.886	375	838	537	996	2442	2315	2663	3152	3354	436	27.79	1014.87	50.37	141469	AS7341	flash	5	100	999	10	100.0	0.0
2026-07-07T21:11:59.882	376	838	537	996	2443	2315	2663	3153	3355	436	27.78	1014.83	50.37	139933	AS7341	flash	5	100	999	10	100.0	0.0
2026-07-07T21:12:01.973	376	838	537	996	2443	2316	2665	3154	3356	436	27.77	1014.87	50.38	139235	AS7341	flash	5	100	999	10	100.0	0.0
2026-07-07T21:12:03.965	376	838	537	996	2444	2316	2665	3154	3356	436	27.77	1014.83	50.39	141231	AS7341	flash	5	100	999	10	100.0	0.0
2026-07-07T21:12:05.953	376	838	537	996	2444	2317	2665	3155	3357	436	27.77	1014.84	50.39	140638	AS7341	flash	5	100	999	10	100.0	0.0
2026-07-07T21:12:07.943	375	838	537	996	2444	2316	2665	3154	3356	436	27.77	1014.84	50.39	141708	AS7341	flash	5	100	999	10	100.0	0.0
2026-07-07T21:12:09.937	376	838	537	996	2444	2316	2665	3154	3356	436	27.77	1014.85	50.38	139699	AS7341	flash	5	100	999	10	100.0	0.0
2026-07-07T21:12:11.925	376	838	537	996	2444	2317	2665	3154	3356	436	27.76	1014.83	50.39	140638	AS7341	flash	5	100	999	10	100.0	0.0
2026-07-07T21:12:13.921	376	838	537	997	2444	2317	2665	3154	3357	436	27.75	1014.83	50.39	141469	AS7341	flash	5	100	999	10	100.0	0.0
2026-07-07T21:12:15.916	376	838	537	997	2445	2317	2666	3155	3357	436	27.76	1014.84	50.39	140050	AS7341	flash	5	100	999	10	100.0	0.0
2026-07-07T21:12:17.903	376	838	537	997	2444	2317	2666	3155	3357	436	27.75	1014.83	50.39	139351	AS7341	flash	5	100	999	10	100.0	0.0
2026-07-07T21:12:19.896	376	838	537	997	2445	2317	2666	3155	3357	436	27.75	1014.87	50.39	139235	AS7341	flash	5	100	999	10	100.0	0.0
2026-07-07T21:12:21.889	376	838	537	997	2446	2318	2667	3157	3359	436	27.75	1014.85	50.39	139933	AS7341	flash	5	100	999	10	100.0	0.0
2026-07-07T21:12:23.883	375	838	537	997	2444	2317	2666	3154	3357	436	27.75	1014.85	50.39	141708	AS7341	flash	5	100	999	10	100.0	0.0
2026-07-07T21:12:25.883	376	838	537	997	2444	2317	2666	3154	3356	436	27.74	1014.84	50.39	141350	AS7341	flash	5	100	999	10	100.0	0.0
2026-07-07T21:12:27.974	376	838	537	997	2445	2318	2667	3156	3358	436	27.74	1014.85	50.4	140993	AS7341	flash	5	100	999	10	100.0	0.0
2026-07-07T21:12:29.965	376	838	537	997	2445	2317	2666	3154	3357	436	27.73	1014.85	50.41	139699	AS7341	flash	5	100	999	10	100.0	0.0
2026-07-07T21:12:31.959	376	838	537	997	2445	2318	2667	3156	3358	436	27.73	1014.82	50.41	139816	AS7341	flash	5	100	999	10	100.0	0.0
2026-07-07T21:12:33.961	376	838	537	997	2445	2318	2667	3156	3358	436	27.73	1014.84	50.42	139351	AS7341	flash	5	100	999	10	100.0	0.0
2026-07-07T21:12:35.952	376	837	536	996	2445	2318	2666	3155	3357	436	27.73	1014.83	50.42	140050	AS7341	flash	5	100	999	10	100.0	0.0
2026-07-07T21:12:37.947	376	837	537	997	2445	2318	2667	3154	3357	436	27.72	1014.81	50.4	139816	AS7341	flash	5	100	999	10	100.0	0.0
2026-07-07T21:12:39.942	376	837	537	997	2446	2318	2667	3156	3358	436	27.72	1014.86	50.4	141589	AS7341	flash	5	100	999	10	100.0	0.0
2026-07-07T21:12:41.930	376	837	537	997	2446	2318	2667	3156	3358	436	27.72	1014.84	50.41	140993	AS7341	flash	5	100	999	10	100.0	0.0
2026-07-07T21:12:43.920	376	837	537	997	2446	2319	2668	3156	3359	436	27.72	1014.83	50.41	139699	AS7341	flash	5	100	999	10	100.0	0.0
2026-07-07T21:12:45.915	376	838	537	997	2447	2319	2669	3158	3359	436	27.71	1014.83	50.41	141708	AS7341	flash	5	100	999	10	100.0	0.0
2026-07-07T21:12:47.909	376	837	536	997	2446	2319	2668	3158	3359	437	27.71	1014.82	50.42	140050	AS7341	flash	5	100	999	10	0.0	0.0
2026-07-07T21:12:49.902	376	836	536	997	2446	2320	2671	3164	3361	437	27.75	1014.85	50.72	138201	AS7341	flash	5	100	999	10	0.0	0.0
2026-07-07T21:12:51.894	376	835	536	996	2447	2321	2675	3171	3364	437	27.77	1014.87	51.6	136846	AS7341	flash	5	100	999	10	100.0	0.0
2026-07-07T21:12:53.885	376	835	536	996	2446	2321	2675	3172	3364	437	27.75	1014.86	52.64	137520	AS7341	flash	5	100	999	10	100.0	0.0
2026-07-07T21:12:55.880	376	836	536	996	2446	2320	2674	3170	3363	437	27.73	1014.84	52.78	135737	AS7341	flash	5	100	999	10	100.0	0.0
2026-07-07T21:12:57.962	376	836	536	996	2445	2319	2673	3167	3362	437	27.71	1014.81	52.41	137182	AS7341	flash	5	100	999	10	100.0	0.0
2026-07-07T21:12:59.965	376	837	536	996	2444	2317	2671	3166	3360	437	27.71	1014.83	52.03	136846	AS7341	flash	5	100	999	10	100.0	0.0
2026-07-07T21:13:01.949	376	837	536	995	2443	2317	2670	3164	3359	437	27.71	1014.83	51.68	138544	AS7341	flash	5	100	999	10	100.0	0.0
2026-07-07T21:13:03.944	376	837	536	996	2443	2316	2669	3163	3358	436	27.71	1014.83	51.41	138544	AS7341	flash	5	100	999	10	100.0	0.0
2026-07-07T21:13:05.936	376	837	537	995	2442	2316	2668	3161	3357	436	27.7	1014.84	51.2	138429	AS7341	flash	5	100	999	10	100.0	0.0
2026-07-07T21:13:07.924	376	837	536	995	2443	2316	2668	3160	3357	436	27.7	1014.86	51.04	137973	AS7341	flash	5	100	999	10	100.0	0.0
2026-07-07T21:13:09.910	376	837	536	995	2442	2315	2667	3160	3357	436	27.7	1014.8	50.91	138201	AS7341	flash	5	100	999	10	100.0	0.0
2026-07-07T21:13:11.905	376	837	537	995	2442	2315	2666	3159	3356	436	27.7	1014.79	50.83	140638	AS7341	flash	5	100	999	10	100.0	0.0
2026-07-07T21:13:13.899	376	838	536	995	2442	2315	2666	3159	3356	436	27.7	1014.84	50.78	138658	AS7341	flash	5	100	999	10	100.0	0.0
2026-07-07T21:13:15.885	376	838	537	996	2442	2315	2666	3159	3356	436	27.7	1014.85	50.72	138888	AS7341	flash	5	100	999	10	100.0	0.0
2026-07-07T21:13:17.876	376	838	536	996	2443	2316	2667	3159	3357	436	27.69	1014.84	50.71	138773	AS7341	flash	5	100	999	10	100.0	0.0
2026-07-07T21:13:19.971	376	838	536	996	2443	2316	2666	3158	3356	436	27.68	1014.87	50.69	138888	AS7341	flash	5	100	999	10	100.0	0.0
2026-07-07T21:13:21.968	375	837	536	995	2442	2316	2666	3158	3356	436	27.68	1014.81	50.66	138888	AS7341	flash	5	100	999	10	100.0	0.0
2026-07-07T21:13:23.955	376	837	536	995	2443	2316	2667	3159	3357	436	27.68	1014.84	50.64	138773	AS7341	flash	5	100	999	10	100.0	0.0
2026-07-07T21:13:25.945	376	837	536	996	2443	2316	2666	3158	3357	436	27.67	1014.84	50.64	138888	AS7341	flash	5	100	999	10	100.0	0.0
2026-07-07T21:13:27.942	376	838	536	996	2443	2316	2666	3158	3357	436	27.68	1014.82	50.64	140284	AS7341	flash	5	100	999	10	100.0	0.0
2026-07-07T21:13:29.936	376	838	537	996	2443	2316	2666	3157	3356	436	27.67	1014.81	50.62	139467	AS7341	flash	5	100	999	10	100.0	0.0
2026-07-07T21:13:31.917	376	837	536	996	2443	2316	2667	3158	3357	436	27.67	1014.81	50.62	138658	AS7341	flash	5	100	999	10	100.0	0.0
2026-07-07T21:13:33.902	376	838	536	996	2443	2316	2666	3157	3357	436	27.67	1014.82	50.62	141112	AS7341	flash	5	100	999	10	100.0	0.0
2026-07-07T21:13:35.894	376	837	536	996	2443	2316	2666	3157	3357	436	27.67	1014.82	50.61	139933	AS7341	flash	5	100	999	10	100.0	0.0
2026-07-07T21:13:37.890	375	837	536	996	2444	2317	2667	3158	3357	436	27.66	1014.81	50.62	139933	AS7341	flash	5	100	999	10	100.0	0.0
2026-07-07T21:13:39.875	375	837	536	996	2444	2317	2667	3158	3357	436	27.66	1014.81	50.62	139816	AS7341	flash	5	100	999	10	100.0	0.0
2026-07-07T21:13:41.963	376	838	536	996	2445	2318	2668	3159	3358	436	27.65	1014.82	50.61	138658	AS7341	flash	5	100	999	10	100.0	0.0
2026-07-07T21:13:43.946	376	837	536	996	2444	2317	2668	3159	3358	436	27.65	1014.81	50.61	139816	AS7341	flash	5	100	999	10	100.0	0.0
2026-07-07T21:13:45.941	376	838	537	996	2444	2318	2668	3159	3358	436	27.65	1014.84	50.62	139583	AS7341	flash	5	100	999	10	100.0	0.0
2026-07-07T21:13:47.938	376	837	536	996	2444	2318	2668	3158	3358	436	27.65	1014.83	50.61	139119	AS7341	flash	5	100	999	10	100.0	0.0
2026-07-07T21:13:49.927	376	837	536	996	2445	2318	2668	3157	3358	436	27.64	1014.83	50.6	141231	AS7341	flash	5	100	999	10	100.0	0.0
2026-07-07T21:13:51.917	376	837	536	996	2444	2318	2668	3158	3358	436	27.64	1014.81	50.61	139235	AS7341	flash	5	100	999	10	100.0	0.0
2026-07-07T21:13:53.915	376	838	537	997	2445	2318	2668	3159	3359	437	27.64	1014.83	50.61	139583	AS7341	flash	5	100	999	10	100.0	0.0
2026-07-07T21:13:55.908	376	837	536	996	2445	2318	2668	3159	3359	436	27.64	1014.83	50.61	139351	AS7341	flash	5	100	999	10	100.0	0.0
2026-07-07T21:13:57.899	376	837	536	996	2445	2318	2669	3159	3359	437	27.63	1014.83	50.61	139699	AS7341	flash	5	100	999	10	100.0	0.0
2026-07-07T21:13:59.900	376	837	537	996	2445	2319	2669	3160	3359	437	27.63	1014.82	50.6	139351	AS7341	flash	5	100	999	10	100.0	0.0
2026-07-07T21:14:01.896	376	837	537	997	2446	2319	2670	3160	3360	437	27.63	1014.83	50.6	139235	AS7341	flash	5	100	999	10	100.0	0.0
2026-07-07T21:14:03.887	376	837	536	997	2446	2319	2670	3159	3360	437	27.63	1014.83	50.61	141708	AS7341	flash	5	100	999	10	100.0	0.0
2026-07-07T21:14:05.881	376	837	536	997	2445	2319	2669	3160	3359	437	27.62	1014.83	50.61	139816	AS7341	flash	5	100	999	10	100.0	0.0
2026-07-07T21:14:07.972	376	837	537	997	2447	2320	2671	3161	3361	437	27.62	1014.85	50.61	139583	AS7341	flash	5	100	999	10	100.0	0.0
2026-07-07T21:14:09.970	376	837	537	997	2446	2320	2670	3160	3360	437	27.62	1014.83	50.62	139235	AS7341	flash	5	100	999	10	100.0	0.0
2026-07-07T21:14:11.963	376	837	536	997	2446	2320	2670	3161	3360	437	27.62	1014.82	50.61	139119	AS7341	flash	5	100	999	10	100.0	0.0
2026-07-07T21:14:13.960	376	837	536	997	2447	2320	2671	3161	3361	437	27.62	1014.86	50.62	140050	AS7341	flash	5	100	999	10	100.0	0.0
2026-07-07T21:14:15.952	376	837	536	997	2447	2320	2671	3162	3361	437	27.62	1014.86	50.62	140402	AS7341	flash	5	100	999	10	100.0	0.0
2026-07-07T21:14:17.944	376	837	536	997	2447	2320	2671	3160	3360	437	27.61	1014.85	50.62	140874	AS7341	flash	5	100	999	10	100.0	0.0
2026-07-07T21:14:19.933	376	837	537	997	2447	2320	2671	3161	3361	437	27.61	1014.83	50.61	139583	AS7341	flash	5	100	999	10	100.0	0.0
2026-07-07T21:14:21.923	376	837	537	997	2447	2321	2671	3162	3361	437	27.61	1014.84	50.61	139933	AS7341	flash	5	100	999	10	100.0	0.0
2026-07-07T21:14:23.914	376	837	537	997	2447	2321	2671	3162	3361	437	27.6	1014.86	50.6	141469	AS7341	flash	5	100	999	10	100.0	0.0
2026-07-07T21:14:25.909	376	837	536	997	2447	2321	2672	3162	3362	437	27.6	1014.83	50.61	140638	AS7341	flash	5	100	999	10	100.0	0.0
2026-07-07T21:14:27.907	376	837	536	997	2447	2320	2672	3161	3361	437	27.59	1014.86	50.59	140050	AS7341	flash	5	100	999	10	100.0	0.0
2026-07-07T21:14:29.904	376	837	536	997	2448	2321	2672	3161	3361	437	27.59	1014.85	50.6	139816	AS7341	flash	5	100	999	10	100.0	0.0
2026-07-07T21:14:31.895	376	837	537	997	2448	2322	2672	3161	3362	437	27.59	1014.84	50.61	139583	AS7341	flash	5	100	999	10	100.0	0.0
2026-07-07T21:14:33.879	376	837	537	997	2448	2322	2672	3163	3362	437	27.59	1014.84	50.61	140874	AS7341	flash	5	100	999	10	100.0	0.0
2026-07-07T21:14:35.880	376	837	537	998	2448	2321	2672	3162	3362	437	27.59	1014.87	50.6	139933	AS7341	flash	5	100	999	10	100.0	0.0
2026-07-07T21:14:37.880	376	837	537	998	2448	2322	2672	3163	3362	437	27.58	1014.84	50.63	139933	AS7341	flash	5	100	999	10	100.0	0.0
2026-07-07T21:14:39.972	376	837	537	998	2449	2322	2673	3163	3363	437	27.57	1014.81	50.62	138658	AS7341	flash	5	100	999	10	100.0	0.0
2026-07-07T21:14:41.964	376	837	536	998	2449	2322	2673	3164	3363	437	27.58	1014.82	50.62	139816	AS7341	flash	5	100	999	10	100.0	0.0
2026-07-07T21:14:43.951	376	837	536	998	2448	2322	2672	3162	3362	437	27.57	1014.83	50.62	139816	AS7341	flash	5	100	999	10	100.0	0.0
2026-07-07T21:14:45.940	376	837	537	998	2449	2322	2673	3163	3363	437	27.58	1014.81	50.61	139933	AS7341	flash	5	100	999	10	100.0	0.0
2026-07-07T21:14:47.937	376	837	536	997	2449	2323	2673	3163	3363	437	27.57	1014.84	50.6	140050	AS7341	flash	5	100	999	10	100.0	0.0
2026-07-07T21:14:49.924	376	837	536	998	2449	2323	2674	3164	3364	437	27.57	1014.84	50.62	140050	AS7341	flash	5	100	999	10	100.0	0.0
2026-07-07T21:14:51.907	376	836	536	997	2448	2322	2673	3162	3362	437	27.57	1014.84	50.62	140756	AS7341	flash	5	100	999	10	0.0	0.0
2026-07-07T21:14:53.891	376	836	536	997	2449	2323	2675	3167	3364	437	27.59	1014.84	50.64	141708	AS7341	flash	5	100	999	10	0.0	0.0
2026-07-07T21:14:55.885	376	835	536	997	2449	2324	2678	3173	3367	437	27.62	1014.85	51.23	138087	AS7341	flash	5	100	999	10	0.0	0.0
2026-07-07T21:14:57.885	376	835	536	997	2449	2324	2681	3177	3368	438	27.63	1014.81	52.25	135627	AS7341	flash	5	100	999	10	100.0	0.0
2026-07-07T21:14:59.879	376	835	536	997	2449	2324	2680	3177	3367	438	27.59	1014.81	52.9	136068	AS7341	flash	5	100	999	10	100.0	0.0
2026-07-07T21:15:01.975	376	835	536	997	2448	2323	2679	3174	3366	437	27.58	1014.83	52.73	135627	AS7341	flash	5	100	999	10	100.0	0.0
2026-07-07T21:15:03.967	376	835	536	996	2447	2321	2676	3171	3364	437	27.57	1014.81	52.35	136846	AS7341	flash	5	100	999	10	100.0	0.0
2026-07-07T21:15:05.959	376	836	536	996	2446	2321	2676	3170	3364	437	27.57	1014.83	51.99	137520	AS7341	flash	5	100	999	10	100.0	0.0
2026-07-07T21:15:07.940	376	836	536	996	2446	2320	2674	3168	3362	437	27.57	1014.82	51.68	137070	AS7341	flash	5	100	999	10	100.0	0.0
2026-07-07T21:15:09.935	376	836	536	996	2446	2320	2674	3168	3362	437	27.57	1014.84	51.46	137973	AS7341	flash	5	100	999	10	100.0	0.0
2026-07-07T21:15:11.923	376	836	536	996	2445	2319	2673	3167	3361	437	27.56	1014.83	51.28	138888	AS7341	flash	5	100	999	10	100.0	0.0
2026-07-07T21:15:13.922	376	837	536	996	2445	2319	2672	3165	3361	437	27.56	1014.8	51.14	139235	AS7341	flash	5	100	999	10	100.0	0.0
2026-07-07T21:15:15.918	376	837	536	996	2445	2319	2672	3166	3361	437	27.56	1014.83	51.03	138658	AS7341	flash	5	100	999	10	100.0	0.0
2026-07-07T21:15:17.917	376	837	536	996	2445	2318	2671	3164	3360	437	27.55	1014.83	50.97	138888	AS7341	flash	5	100	999	10	100.0	0.0
2026-07-07T21:15:19.897	376	837	536	996	2445	2318	2671	3163	3360	437	27.55	1014.82	50.9	139816	AS7341	flash	5	100	999	10	100.0	0.0
2026-07-07T21:15:21.880	376	837	536	996	2446	2319	2672	3164	3361	437	27.55	1014.83	50.86	139351	AS7341	flash	5	100	999	10	100.0	0.0
2026-07-07T21:15:23.966	376	838	537	997	2447	2321	2674	3166	3363	437	27.54	1014.83	50.82	139119	AS7341	flash	5	100	999	10	100.0	0.0
2026-07-07T21:15:25.961	376	837	537	996	2446	2319	2672	3164	3361	437	27.54	1014.85	50.8	139119	AS7341	flash	5	100	999	10	100.0	0.0
2026-07-07T21:15:27.953	376	837	536	996	2446	2320	2672	3164	3361	437	27.54	1014.82	50.77	139235	AS7341	flash	5	100	999	10	100.0	0.0
2026-07-07T21:15:29.950	376	837	536	996	2446	2320	2672	3164	3361	437	27.54	1014.81	50.76	139583	AS7341	flash	5	100	999	10	100.0	0.0
2026-07-07T21:15:31.944	376	837	536	996	2446	2320	2672	3163	3361	437	27.54	1014.83	50.74	139699	AS7341	flash	5	100	999	10	100.0	0.0
2026-07-07T21:15:33.934	376	837	536	997	2447	2321	2673	3164	3363	437	27.53	1014.81	50.72	139583	AS7341	flash	5	100	999	10	100.0	0.0
2026-07-07T21:15:35.932	376	837	536	997	2446	2320	2672	3164	3361	437	27.53	1014.82	50.72	140402	AS7341	flash	5	100	999	10	100.0	0.0
2026-07-07T21:15:37.928	376	837	537	997	2447	2321	2673	3164	3362	437	27.54	1014.84	50.71	139583	AS7341	flash	5	100	999	10	100.0	0.0
2026-07-07T21:15:39.918	376	837	537	997	2447	2321	2673	3164	3362	437	27.53	1014.81	50.69	139467	AS7341	flash	5	100	999	10	100.0	0.0
2026-07-07T21:15:41.907	376	837	537	997	2447	2321	2673	3164	3362	437	27.53	1014.82	50.69	139933	AS7341	flash	5	100	999	10	100.0	0.0
2026-07-07T21:15:43.901	376	837	537	997	2448	2322	2674	3165	3364	437	27.52	1014.81	50.68	139699	AS7341	flash	5	100	999	10	100.0	0.0
2026-07-07T21:15:45.895	376	837	537	997	2448	2321	2673	3164	3363	437	27.53	1014.8	50.68	140874	AS7341	flash	5	100	999	10	100.0	0.0
2026-07-07T21:15:47.885	376	837	537	997	2448	2321	2673	3164	3362	437	27.52	1014.81	50.68	140284	AS7341	flash	5	100	999	10	100.0	0.0
2026-07-07T21:15:49.880	376	837	537	997	2449	2322	2674	3165	3363	437	27.53	1014.79	50.67	140402	AS7341	flash	5	100	999	10	100.0	0.0
2026-07-07T21:15:51.969	376	837	537	998	2449	2323	2675	3165	3364	437	27.51	1014.82	50.67	139004	AS7341	flash	5	100	999	10	100.0	0.0
2026-07-07T21:15:53.960	376	837	537	997	2449	2322	2674	3165	3364	437	27.52	1014.81	50.67	140402	AS7341	flash	5	100	999	10	100.0	0.0
2026-07-07T21:15:55.963	376	837	537	997	2449	2323	2674	3165	3364	437	27.51	1014.84	50.66	139816	AS7341	flash	5	100	999	10	100.0	0.0
2026-07-07T21:15:57.956	376	837	537	997	2449	2322	2674	3165	3363	437	27.51	1014.81	50.66	140050	AS7341	flash	5	100	999	10	100.0	0.0
2026-07-07T21:15:59.944	376	837	536	997	2449	2322	2674	3165	3363	437	27.51	1014.85	50.65	139467	AS7341	flash	5	100	999	10	100.0	0.0
2026-07-07T21:16:01.926	376	837	537	997	2449	2323	2674	3165	3364	437	27.51	1014.79	50.64	140167	AS7341	flash	5	100	999	10	100.0	0.0
2026-07-07T21:16:03.916	376	837	537	998	2450	2323	2675	3166	3364	437	27.51	1014.77	50.64	140993	AS7341	flash	5	100	999	10	100.0	0.0
2026-07-07T21:16:05.909	376	837	537	998	2450	2324	2675	3166	3365	437	27.51	1014.82	50.63	140402	AS7341	flash	5	100	999	10	100.0	0.0
2026-07-07T21:16:07.904	376	837	537	998	2450	2324	2676	3167	3365	437	27.51	1014.79	50.64	139816	AS7341	flash	5	100	999	10	100.0	0.0
2026-07-07T21:16:09.898	376	837	536	998	2450	2324	2675	3165	3365	437	27.5	1014.83	50.64	140520	AS7341	flash	5	100	999	10	100.0	0.0
2026-07-07T21:16:11.891	376	837	536	998	2450	2323	2675	3165	3364	437	27.5	1014.79	50.63	140284	AS7341	flash	5	100	999	10	100.0	0.0
2026-07-07T21:16:13.885	376	836	537	998	2450	2324	2676	3165	3365	437	27.5	1014.79	50.63	141112	AS7341	flash	5	100	999	10	100.0	0.0
2026-07-07T21:16:15.883	376	837	536	998	2450	2324	2676	3167	3365	437	27.49	1014.81	50.64	140520	AS7341	flash	5	100	999	10	100.0	0.0
2026-07-07T21:16:17.975	376	837	537	998	2451	2325	2677	3167	3365	437	27.49	1014.83	50.64	139699	AS7341	flash	5	100	999	10	100.0	0.0
2026-07-07T21:16:19.958	376	837	537	998	2451	2325	2677	3167	3366	437	27.49	1014.79	50.65	139933	AS7341	flash	5	100	999	10	100.0	0.0
2026-07-07T21:16:21.948	376	836	536	998	2450	2324	2676	3166	3364	437	27.49	1014.78	50.64	140284	AS7341	flash	5	100	999	10	100.0	0.0
2026-07-07T21:16:23.945	376	837	537	998	2451	2325	2677	3167	3366	437	27.49	1014.83	50.63	140284	AS7341	flash	5	100	999	10	100.0	0.0
2026-07-07T21:16:25.937	376	836	536	998	2451	2325	2676	3166	3365	437	27.48	1014.77	50.62	140993	AS7341	flash	5	100	999	10	100.0	0.0
2026-07-07T21:16:27.939	376	837	537	998	2451	2325	2677	3167	3366	437	27.49	1014.8	50.63	140520	AS7341	flash	5	100	999	10	100.0	0.0
2026-07-07T21:16:29.932	376	837	537	998	2451	2325	2677	3167	3366	437	27.49	1014.82	50.63	140402	AS7341	flash	5	100	999	10	100.0	0.0
2026-07-07T21:16:31.916	376	836	537	998	2451	2325	2677	3167	3366	437	27.49	1014.84	50.61	140520	AS7341	flash	5	100	999	10	100.0	0.0
2026-07-07T21:16:33.900	376	836	537	998	2451	2325	2676	3167	3365	437	27.48	1014.8	50.62	140402	AS7341	flash	5	100	999	10	100.0	0.0
2026-07-07T21:16:35.898	376	837	536	998	2452	2326	2678	3167	3367	437	27.49	1014.84	50.62	140756	AS7341	flash	5	100	999	10	100.0	0.0
2026-07-07T21:16:37.886	376	837	537	998	2452	2326	2678	3168	3367	438	27.48	1014.86	50.62	140638	AS7341	flash	5	100	999	10	100.0	0.0
2026-07-07T21:16:39.888	376	836	536	998	2452	2326	2678	3167	3367	437	27.48	1014.78	50.63	140993	AS7341	flash	5	100	999	10	100.0	0.0
2026-07-07T21:16:41.879	376	836	536	998	2452	2326	2677	3168	3366	437	27.47	1014.76	50.62	140284	AS7341	flash	5	100	999	10	100.0	0.0
2026-07-07T21:16:43.970	376	837	537	999	2453	2327	2679	3170	3368	438	27.47	1014.8	50.62	140050	AS7341	flash	5	100	999	10	100.0	0.0
2026-07-07T21:16:45.960	376	836	537	998	2453	2327	2679	3168	3368	438	27.47	1014.76	50.63	140050	AS7341	flash	5	100	999	10	100.0	0.0
2026-07-07T21:16:47.948	376	837	537	999	2453	2327	2679	3168	3368	438	27.47	1014.8	50.63	140520	AS7341	flash	5	100	999	10	100.0	0.0
2026-07-07T21:16:49.930	376	836	537	998	2452	2326	2678	3168	3367	437	27.47	1014.85	50.63	140756	AS7341	flash	5	100	999	10	100.0	0.0
2026-07-07T21:16:51.923	376	836	536	999	2453	2327	2679	3169	3368	438	27.47	1014.83	50.62	140050	AS7341	flash	5	100	999	10	100.0	0.0
2026-07-07T21:16:53.912	376	836	536	999	2453	2328	2679	3168	3368	438	27.47	1014.78	50.62	140520	AS7341	flash	5	100	999	10	100.0	0.0
2026-07-07T21:16:55.901	376	836	537	999	2453	2327	2679	3169	3368	438	27.46	1014.8	50.62	140402	AS7341	flash	5	100	999	10	100.0	0.0
2026-07-07T21:16:57.901	376	836	537	999	2453	2327	2679	3170	3368	438	27.46	1014.8	50.63	140050	AS7341	flash	5	100	999	10	0.0	0.0
2026-07-07T21:16:59.888	376	835	536	998	2453	2328	2682	3175	3370	438	27.5	1014.76	50.87	139583	AS7341	flash	5	100	999	10	0.0	0.0
2026-07-07T21:17:01.889	376	834	536	998	2453	2329	2685	3180	3372	438	27.51	1014.77	51.69	137520	AS7341	flash	5	100	999	10	0.0	0.0
2026-07-07T21:17:03.883	376	834	536	997	2453	2330	2688	3187	3374	438	27.52	1014.77	52.78	135517	AS7341	flash	5	100	999	10	0.0	0.0
2026-07-07T21:17:05.888	377	833	536	997	2453	2330	2690	3192	3376	438	27.53	1014.81	53.84	134107	AS7341	flash	5	100	999	10	0.0	0.0
2026-07-07T21:17:07.879	376	832	535	996	2452	2329	2692	3195	3376	439	27.54	1014.77	54.79	131993	AS7341	flash	5	100	999	10	0.0	0.0
2026-07-07T21:17:09.976	377	832	536	996	2452	2330	2695	3201	3379	439	27.54	1014.78	55.64	129443	AS7341	flash	5	100	999	10	0.0	0.0
2026-07-07T21:17:11.965	377	831	535	995	2451	2329	2696	3205	3379	439	27.55	1014.81	56.35	128450	AS7341	flash	5	100	999	10	0.0	0.0
2026-07-07T21:17:13.953	377	831	535	995	2451	2329	2698	3208	3381	439	27.55	1014.75	56.92	126893	AS7341	flash	5	100	999	10	0.0	0.0
2026-07-07T21:17:15.941	377	831	535	994	2448	2328	2697	3210	3379	439	27.56	1014.77	57.43	125939	AS7341	flash	5	100	999	10	0.0	0.0
2026-07-07T21:17:17.939	377	831	535	994	2448	2327	2698	3212	3380	439	27.57	1014.8	57.88	125000	AS7341	flash	5	100	999	10	0.0	0.0
2026-07-07T21:17:19.936	377	830	535	993	2446	2326	2698	3214	3379	439	27.57	1014.74	58.28	123707	AS7341	flash	5	100	999	10	0.0	0.0
2026-07-07T21:17:21.926	377	830	535	992	2444	2324	2697	3215	3378	439	27.57	1014.79	58.62	123071	AS7341	flash	5	100	999	10	0.0	0.0
2026-07-07T21:17:23.912	377	830	535	992	2443	2323	2697	3217	3377	439	27.58	1014.81	58.92	122800	AS7341	flash	5	100	999	10	0.0	0.0
2026-07-07T21:17:25.900	377	830	535	991	2441	2322	2697	3218	3377	439	27.58	1014.78	59.21	121906	AS7341	flash	5	100	999	10	0.0	0.0
2026-07-07T21:17:27.898	376	830	534	990	2439	2320	2696	3218	3376	439	27.59	1014.84	59.48	121026	AS7341	flash	5	100	999	10	0.0	0.0
2026-07-07T21:17:29.883	377	830	534	990	2438	2319	2696	3220	3376	439	27.59	1014.82	59.72	120071	AS7341	flash	5	100	999	10	0.0	0.0
2026-07-07T21:17:31.978	376	830	534	989	2436	2318	2696	3221	3375	439	27.59	1014.78	59.96	119557	AS7341	flash	5	100	999	10	0.0	0.0
2026-07-07T21:17:33.980	376	830	534	989	2435	2316	2695	3222	3374	439	27.59	1014.78	60.15	118710	AS7341	flash	5	100	999	10	0.0	0.0
2026-07-07T21:17:35.973	376	830	534	988	2433	2315	2694	3222	3373	438	27.6	1014.79	60.34	118124	AS7341	flash	5	100	999	10	0.0	0.0
2026-07-07T21:17:37.957	376	830	534	987	2431	2313	2693	3222	3372	438	27.6	1014.76	60.51	117791	AS7341	flash	5	100	999	10	0.0	0.0
2026-07-07T21:17:39.953	376	830	534	987	2430	2312	2693	3223	3371	438	27.61	1014.83	60.66	117296	AS7341	flash	5	100	999	10	0.0	0.0
2026-07-07T21:17:41.946	376	830	534	986	2428	2311	2692	3224	3370	438	27.61	1014.78	60.82	117132	AS7341	flash	5	100	999	10	0.0	0.0
2026-07-07T21:17:43.934	376	830	534	986	2427	2309	2691	3224	3369	438	27.61	1014.8	60.94	116806	AS7341	flash	5	100	999	10	0.0	0.0
2026-07-07T21:17:45.927	376	830	534	985	2425	2307	2690	3223	3368	438	27.62	1014.79	61.06	115756	AS7341	flash	5	100	999	10	0.0	0.0
2026-07-07T21:17:47.914	376	830	534	985	2424	2306	2689	3224	3368	438	27.61	1014.77	61.17	115041	AS7341	flash	5	100	999	10	0.0	0.0
2026-07-07T21:17:49.899	376	830	534	984	2422	2304	2688	3224	3366	438	27.62	1014.79	61.27	115437	AS7341	flash	5	100	999	10	0.0	0.0
2026-07-07T21:17:51.884	376	830	534	983	2420	2303	2686	3223	3364	438	27.62	1014.79	61.39	115120	AS7341	flash	5	100	999	10	0.0	0.0
2026-07-07T21:17:53.971	376	831	534	983	2419	2302	2686	3225	3364	438	27.62	1014.8	61.53	114256	AS7341	flash	5	100	999	10	0.0	0.0
2026-07-07T21:17:55.970	376	831	534	982	2418	2301	2686	3224	3363	438	27.63	1014.79	61.63	114178	AS7341	flash	5	100	999	10	0.0	0.0
2026-07-07T21:17:57.962	375	830	534	982	2416	2299	2684	3224	3362	438	27.63	1014.79	61.72	114100	AS7341	flash	5	100	999	10	0.0	0.0
2026-07-07T21:17:59.967	376	831	534	981	2415	2298	2683	3224	3362	437	27.63	1014.8	61.8	113636	AS7341	flash	5	100	999	10	0.0	0.0
2026-07-07T21:18:01.960	375	831	534	981	2413	2297	2683	3224	3360	437	27.64	1014.79	61.89	113945	AS7341	flash	5	100	999	10	0.0	0.0
2026-07-07T21:18:03.945	375	831	534	981	2412	2295	2681	3224	3359	437	27.63	1014.82	61.96	113482	AS7341	flash	5	100	999	10	0.0	0.0
2026-07-07T21:18:05.930	375	831	534	980	2410	2293	2680	3223	3358	437	27.64	1014.78	62.04	113559	AS7341	flash	5	100	999	10	0.0	0.0
2026-07-07T21:18:07.920	375	832	534	980	2408	2292	2678	3222	3356	437	27.64	1014.83	62.1	113713	AS7341	flash	5	100	999	10	0.0	0.0
2026-07-07T21:18:09.907	375	832	534	979	2408	2291	2678	3223	3356	437	27.64	1014.78	62.15	112794	AS7341	flash	5	100	999	10	0.0	0.0
2026-07-07T21:18:11.892	375	832	534	979	2406	2289	2677	3222	3354	437	27.65	1014.8	62.21	113328	AS7341	flash	5	100	999	10	0.0	0.0
2026-07-07T21:18:13.894	375	832	534	978	2405	2288	2676	3223	3354	437	27.65	1014.8	62.31	112870	AS7341	flash	5	100	999	10	0.0	0.0
2026-07-07T21:18:15.879	375	832	534	978	2404	2287	2675	3222	3353	437	27.65	1014.78	62.37	112340	AS7341	flash	5	100	999	10	0.0	0.0
2026-07-07T21:18:17.884	375	832	534	978	2402	2286	2674	3221	3352	437	27.65	1014.79	62.42	112265	AS7341	flash	5	100	999	10	0.0	0.0
2026-07-07T21:18:19.973	375	833	534	977	2401	2285	2674	3221	3351	436	27.65	1014.81	62.46	111147	AS7341	flash	5	100	999	10	0.0	0.0
2026-07-07T21:18:21.964	375	833	534	977	2400	2284	2672	3221	3350	436	27.66	1014.78	62.51	111221	AS7341	flash	5	100	999	10	0.0	0.0
2026-07-07T21:18:23.955	375	833	534	976	2399	2283	2672	3221	3349	436	27.66	1014.78	62.56	111369	AS7341	flash	5	100	999	10	0.0	0.0
2026-07-07T21:18:25.949	375	833	534	976	2398	2282	2671	3220	3348	436	27.66	1014.77	62.63	111369	AS7341	flash	5	100	999	10	0.0	0.0
2026-07-07T21:18:27.932	375	833	534	976	2397	2281	2670	3221	3348	436	27.66	1014.8	62.72	111443	AS7341	flash	5	100	999	10	0.0	0.0
2026-07-07T21:18:29.923	375	833	534	975	2395	2279	2669	3220	3346	436	27.66	1014.76	62.77	111369	AS7341	flash	5	100	999	10	0.0	0.0
2026-07-07T21:18:31.915	374	833	534	975	2394	2279	2668	3220	3346	436	27.67	1014.8	62.82	111000	AS7341	flash	5	100	999	10	0.0	0.0
2026-07-07T21:18:33.910	375	834	534	975	2393	2278	2668	3220	3345	436	27.67	1014.8	62.87	110634	AS7341	flash	5	100	999	10	0.0	0.0
2026-07-07T21:18:35.905	375	834	534	974	2393	2277	2667	3220	3345	436	27.67	1014.79	62.92	110927	AS7341	flash	5	100	999	10	0.0	0.0
2026-07-07T21:18:37.890	375	834	534	974	2392	2276	2667	3220	3344	436	27.67	1014.8	62.96	110780	AS7341	flash	5	100	999	10	0.0	0.0
2026-07-07T21:18:39.872	375	834	534	974	2390	2274	2665	3218	3342	435	27.67	1014.78	62.98	111000	AS7341	flash	5	100	999	10	0.0	0.0
2026-07-07T21:18:41.971	374	834	534	973	2389	2274	2665	3219	3342	436	27.66	1014.78	63.0	110342	AS7341	flash	5	100	999	10	0.0	0.0
2026-07-07T21:18:43.961	374	834	534	973	2388	2273	2663	3218	3341	435	27.67	1014.79	63.04	109908	AS7341	flash	5	100	999	10	0.0	0.0
2026-07-07T21:18:45.952	374	835	534	972	2387	2272	2663	3218	3340	435	27.68	1014.79	63.06	110342	AS7341	flash	5	100	999	10	0.0	0.0
2026-07-07T21:18:47.950	374	835	534	972	2387	2271	2663	3218	3340	435	27.68	1014.8	63.08	109764	AS7341	flash	5	100	999	10	0.0	0.0
2026-07-07T21:18:49.951	374	835	534	972	2386	2270	2662	3218	3339	435	27.68	1014.82	63.08	109620	AS7341	flash	5	100	999	10	0.0	0.0
2026-07-07T21:18:51.945	374	835	534	972	2385	2270	2662	3218	3339	435	27.68	1014.8	63.14	109620	AS7341	flash	5	100	999	10	0.0	0.0
2026-07-07T21:18:53.942	374	835	534	971	2383	2268	2659	3216	3336	435	27.68	1014.83	63.19	109836	AS7341	flash	5	100	999	10	0.0	0.0
2026-07-07T21:18:55.938	374	835	534	971	2382	2268	2659	3217	3336	435	27.68	1014.83	63.23	109908	AS7341	flash	5	100	999	10	0.0	0.0
2026-07-07T21:18:57.932	374	836	534	971	2382	2267	2659	3216	3336	435	27.68	1014.8	63.27	109548	AS7341	flash	5	100	999	10	0.0	0.0
2026-07-07T21:18:59.926	374	836	534	970	2380	2265	2657	3215	3334	435	27.68	1014.81	63.31	109620	AS7341	flash	5	100	999	10	0.0	0.0
2026-07-07T21:19:01.923	374	836	534	970	2380	2265	2657	3215	3334	435	27.68	1014.82	63.34	109908	AS7341	flash	5	100	999	10	0.0	0.0
2026-07-07T21:19:03.913	374	836	533	969	2378	2263	2655	3214	3332	435	27.69	1014.82	63.38	109620	AS7341	flash	5	100	999	10	0.0	0.0
2026-07-07T21:19:05.899	374	836	534	969	2378	2263	2655	3214	3332	435	27.69	1014.81	63.4	109191	AS7341	flash	5	100	999	10	0.0	0.0
2026-07-07T21:19:07.884	374	836	534	969	2377	2262	2655	3215	3332	434	27.69	1014.83	63.43	109620	AS7341	flash	5	100	999	10	0.0	0.0
2026-07-07T21:19:09.882	374	837	534	969	2377	2262	2655	3215	3332	435	27.69	1014.83	63.48	109334	AS7341	flash	5	100	999	10	0.0	0.0
2026-07-07T21:19:11.888	374	836	534	969	2375	2260	2653	3213	3330	434	27.68	1014.81	63.51	109548	AS7341	flash	5	100	999	10	0.0	0.0
2026-07-07T21:19:13.885	374	837	534	969	2375	2260	2653	3214	3331	434	27.69	1014.76	63.53	109120	AS7341	flash	5	100	999	10	0.0	0.0
2026-07-07T21:19:15.887	374	837	534	968	2374	2259	2652	3213	3330	434	27.68	1014.79	63.55	108625	AS7341	flash	5	100	999	10	0.0	0.0
2026-07-07T21:19:17.881	374	837	534	968	2374	2259	2653	3213	3329	434	27.69	1014.82	63.55	109120	AS7341	flash	5	100	999	10	0.0	0.0
2026-07-07T21:19:19.883	374	837	534	968	2372	2257	2651	3212	3328	434	27.69	1014.8	63.56	108484	AS7341	flash	5	100	999	10	0.0	0.0
2026-07-07T21:19:21.975	374	837	534	968	2373	2258	2652	3214	3329	434	27.69	1014.83	63.6	108766	AS7341	flash	5	100	999	10	0.0	0.0
2026-07-07T21:19:23.971	374	837	534	967	2371	2256	2650	3212	3327	434	27.69	1014.83	63.65	108134	AS7341	flash	5	100	999	10	0.0	0.0
2026-07-07T21:19:25.968	374	838	534	967	2370	2256	2650	3212	3327	434	27.7	1014.83	63.7	108484	AS7341	flash	5	100	999	10	0.0	0.0
2026-07-07T21:19:27.952	374	838	534	967	2369	2255	2648	3211	3325	434	27.68	1014.8	63.76	108484	AS7341	flash	5	100	999	10	0.0	0.0
2026-07-07T21:19:29.933	374	838	534	967	2369	2255	2649	3212	3326	434	27.69	1014.83	63.79	108625	AS7341	flash	5	100	999	10	0.0	0.0
2026-07-07T21:19:31.918	374	838	534	966	2368	2254	2648	3211	3325	434	27.69	1014.83	63.8	108625	AS7341	flash	5	100	999	10	0.0	0.0
2026-07-07T21:19:33.912	374	838	534	966	2368	2253	2647	3212	3324	434	27.69	1014.82	63.8	108625	AS7341	flash	5	100	999	10	0.0	0.0
2026-07-07T21:19:35.904	374	838	534	966	2367	2252	2647	3210	3324	434	27.69	1014.83	63.78	108204	AS7341	flash	5	100	999	10	0.0	0.0
2026-07-07T21:19:37.889	374	838	534	966	2366	2251	2646	3210	3322	434	27.69	1014.81	63.79	108204	AS7341	flash	5	100	999	10	0.0	0.0
2026-07-07T21:19:39.884	374	838	534	965	2366	2251	2645	3209	3322	434	27.69	1014.85	63.79	108836	AS7341	flash	5	100	999	10	0.0	0.0
2026-07-07T21:19:41.881	373	839	534	965	2364	2250	2645	3209	3322	434	27.7	1014.81	63.81	108695	AS7341	flash	5	100	999	10	0.0	0.0
2026-07-07T21:19:43.974	374	839	534	965	2364	2250	2644	3209	3321	434	27.69	1014.84	63.87	107855	AS7341	flash	5	100	999	10	0.0	0.0
2026-07-07T21:19:45.964	373	839	534	964	2364	2249	2644	3209	3321	433	27.7	1014.85	63.9	107994	AS7341	flash	5	100	999	10	0.0	0.0
2026-07-07T21:19:47.948	373	839	534	964	2363	2248	2643	3208	3320	433	27.7	1014.82	63.92	108064	AS7341	flash	5	100	999	10	0.0	0.0
2026-07-07T21:19:49.930	373	839	534	964	2362	2248	2643	3208	3320	433	27.7	1014.81	63.91	108134	AS7341	flash	5	100	999	10	0.0	0.0
2026-07-07T21:19:51.913	373	839	534	964	2361	2247	2642	3207	3319	433	27.69	1014.8	63.93	108204	AS7341	flash	5	100	999	10	0.0	0.0
2026-07-07T21:19:53.900	373	840	534	964	2361	2246	2642	3207	3318	433	27.7	1014.8	63.94	108204	AS7341	flash	5	100	999	10	0.0	0.0
2026-07-07T21:19:55.885	374	840	534	964	2361	2247	2642	3208	3319	433	27.7	1014.79	63.98	107786	AS7341	flash	5	100	999	10	0.0	0.0
2026-07-07T21:19:57.886	373	840	534	964	2360	2246	2641	3208	3318	433	27.69	1014.82	64.02	107786	AS7341	flash	5	100	999	10	0.0	0.0
2026-07-07T21:19:59.878	373	840	534	963	2360	2245	2641	3208	3318	433	27.7	1014.82	64.04	107925	AS7341	flash	5	100	999	10	0.0	0.0
2026-07-07T21:20:01.975	373	840	534	963	2359	2245	2640	3207	3317	433	27.69	1014.83	64.09	106960	AS7341	flash	5	100	999	10	0.0	0.0
2026-07-07T21:20:03.970	373	841	534	964	2359	2245	2640	3208	3318	433	27.69	1014.82	64.1	107578	AS7341	flash	5	100	999	10	0.0	0.0
2026-07-07T21:20:05.969	373	840	534	963	2358	2243	2639	3206	3316	433	27.7	1014.83	64.13	107647	AS7341	flash	5	100	999	10	0.0	0.0
2026-07-07T21:20:07.959	373	841	534	963	2357	2243	2639	3206	3315	433	27.7	1014.8	64.16	107647	AS7341	flash	5	100	999	10	0.0	0.0
2026-07-07T21:20:09.949	373	840	534	963	2356	2242	2637	3205	3314	433	27.7	1014.82	64.16	107647	AS7341	flash	5	100	999	10	0.0	0.0
2026-07-07T21:20:11.934	373	841	534	962	2356	2241	2637	3205	3314	433	27.7	1014.8	64.16	107371	AS7341	flash	5	100	999	10	0.0	0.0
2026-07-07T21:20:13.931	373	840	534	962	2355	2241	2636	3205	3313	433	27.7	1014.8	64.17	107371	AS7341	flash	5	100	999	10	0.0	0.0
2026-07-07T21:20:15.919	373	841	534	962	2355	2241	2637	3205	3314	433	27.7	1014.82	64.18	107647	AS7341	flash	5	100	999	10	0.0	0.0
2026-07-07T21:20:17.906	373	841	534	962	2354	2240	2636	3205	3313	433	27.7	1014.79	64.18	108064	AS7341	flash	5	100	999	10	0.0	0.0
2026-07-07T21:20:19.897	373	841	534	962	2354	2240	2636	3205	3313	433	27.7	1014.79	64.21	107925	AS7341	flash	5	100	999	10	0.0	0.0
2026-07-07T21:20:21.882	373	841	534	962	2354	2239	2635	3204	3313	433	27.71	1014.82	64.23	107647	AS7341	flash	5	100	999	10	0.0	0.0
2026-07-07T21:20:23.883	373	842	534	962	2353	2238	2635	3204	3312	433	27.71	1014.84	64.22	107717	AS7341	flash	5	100	999	10	0.0	0.0
2026-07-07T21:20:25.976	374	842	534	962	2353	2238	2635	3204	3312	433	27.7	1014.83	64.22	106892	AS7341	flash	5	100	999	10	0.0	0.0
2026-07-07T21:20:27.972	373	842	534	961	2352	2238	2634	3203	3311	433	27.7	1014.83	64.22	106960	AS7341	flash	5	100	999	10	0.0	0.0
2026-07-07T21:20:29.955	373	842	534	961	2352	2237	2634	3203	3311	433	27.7	1014.79	64.25	107097	AS7341	flash	5	100	999	10	0.0	0.0
2026-07-07T21:20:31.939	373	842	534	961	2351	2237	2634	3203	3311	432	27.71	1014.82	64.26	107509	AS7341	flash	5	100	999	10	0.0	0.0
2026-07-07T21:20:33.927	373	842	534	961	2351	2237	2633	3203	3310	433	27.7	1014.8	64.28	107717	AS7341	flash	5	100	999	10	0.0	0.0
2026-07-07T21:20:35.914	373	842	534	961	2350	2236	2633	3202	3310	432	27.71	1014.79	64.28	107234	AS7341	flash	5	100	999	10	0.0	0.0
2026-07-07T21:20:37.911	373	842	534	960	2350	2236	2633	3202	3310	432	27.71	1014.84	64.29	107717	AS7341	flash	5	100	999	10	0.0	0.0
2026-07-07T21:20:39.907	373	842	534	960	2350	2236	2632	3203	3310	432	27.71	1014.82	64.28	107509	AS7341	flash	5	100	999	10	0.0	0.0
2026-07-07T21:20:41.898	373	842	534	960	2349	2235	2632	3202	3309	432	27.71	1014.8	64.33	107647	AS7341	flash	5	100	999	10	0.0	0.0
2026-07-07T21:20:43.889	373	843	534	960	2349	2235	2632	3202	3309	432	27.7	1014.81	64.33	106960	AS7341	flash	5	100	999	10	0.0	0.0
2026-07-07T21:20:45.887	373	843	534	960	2348	2233	2630	3201	3307	432	27.7	1014.78	64.36	107234	AS7341	flash	5	100	999	10	0.0	0.0
2026-07-07T21:20:47.981	373	843	534	960	2349	2235	2631	3203	3309	432	27.7	1014.77	64.37	106484	AS7341	flash	5	100	999	10	0.0	0.0
2026-07-07T21:20:49.978	373	843	534	960	2347	2233	2630	3202	3308	432	27.71	1014.77	64.4	106416	AS7341	flash	5	100	999	10	0.0	0.0
2026-07-07T21:20:51.968	373	843	534	960	2347	2233	2630	3201	3307	432	27.71	1014.8	64.4	106687	AS7341	flash	5	100	999	10	0.0	0.0
2026-07-07T21:20:53.964	373	843	534	959	2346	2232	2630	3200	3307	432	27.7	1014.77	64.39	107234	AS7341	flash	5	100	999	10	0.0	0.0
2026-07-07T21:20:55.967	373	843	534	959	2346	2232	2629	3201	3306	432	27.7	1014.77	64.39	108695	AS7341	flash	5	100	999	10	0.0	0.0
2026-07-07T21:20:57.958	374	843	534	959	2345	2231	2629	3200	3306	432	27.7	1014.79	64.39	106892	AS7341	flash	5	100	999	10	0.0	0.0
2026-07-07T21:20:59.947	373	843	534	959	2345	2231	2628	3201	3305	432	27.71	1014.81	64.4	107509	AS7341	flash	5	100	999	10	0.0	0.0
2026-07-07T21:21:01.934	373	844	534	959	2345	2231	2628	3200	3305	432	27.71	1014.81	64.42	106687	AS7341	flash	5	100	999	10	0.0	0.0
2026-07-07T21:21:03.930	373	844	534	959	2345	2230	2629	3201	3306	432	27.71	1014.82	64.43	107786	AS7341	flash	5	100	999	10	0.0	0.0
2026-07-07T21:21:05.920	373	844	534	958	2344	2230	2628	3200	3305	432	27.71	1014.74	64.45	107647	AS7341	flash	5	100	999	10	0.0	0.0
2026-07-07T21:21:07.912	373	844	534	958	2344	2230	2627	3199	3304	432	27.71	1014.78	64.46	107509	AS7341	flash	5	100	999	10	0.0	0.0
2026-07-07T21:21:09.899	373	844	535	959	2344	2229	2627	3200	3305	432	27.71	1014.78	64.48	107097	AS7341	flash	5	100	999	10	0.0	0.0
2026-07-07T21:21:11.893	373	844	534	958	2343	2229	2626	3199	3303	432	27.71	1014.79	64.5	107303	AS7341	flash	5	100	999	10	0.0	0.0
2026-07-07T21:21:13.887	373	844	535	958	2343	2229	2627	3199	3304	432	27.71	1014.83	64.52	107028	AS7341	flash	5	100	999	10	0.0	0.0
2026-07-07T21:21:15.889	373	844	534	958	2342	2228	2626	3198	3303	432	27.71	1014.79	64.54	107371	AS7341	flash	5	100	999	10	0.0	0.0
2026-07-07T21:21:17.884	373	844	535	958	2342	2228	2626	3199	3304	432	27.71	1014.78	64.55	107303	AS7341	flash	5	100	999	10	0.0	0.0
2026-07-07T21:21:19.886	373	844	534	958	2342	2228	2626	3199	3303	432	27.71	1014.78	64.57	107234	AS7341	flash	5	100	999	10	0.0	0.0
2026-07-07T21:21:21.889	373	844	535	958	2341	2227	2625	3198	3302	432	27.71	1014.8	64.57	106619	AS7341	flash	5	100	999	10	0.0	0.0
2026-07-07T21:21:23.883	373	845	535	958	2341	2226	2625	3198	3302	432	27.7	1014.77	64.58	106823	AS7341	flash	5	100	999	10	0.0	0.0
2026-07-07T21:21:25.979	373	845	535	958	2341	2227	2625	3198	3302	432	27.7	1014.79	64.6	106147	AS7341	flash	5	100	999	10	0.0	0.0
2026-07-07T21:21:27.973	373	845	535	957	2341	2227	2625	3199	3303	432	27.71	1014.78	64.65	106755	AS7341	flash	5	100	999	10	0.0	0.0
2026-07-07T21:21:29.970	373	845	535	957	2340	2226	2625	3198	3302	432	27.71	1014.79	64.65	106687	AS7341	flash	5	100	999	10	0.0	0.0
2026-07-07T21:21:31.948	373	845	535	957	2340	2225	2624	3198	3301	432	27.71	1014.77	64.67	107028	AS7341	flash	5	100	999	10	0.0	0.0
2026-07-07T21:21:33.937	373	845	535	957	2339	2225	2623	3197	3300	432	27.72	1014.79	64.68	106484	AS7341	flash	5	100	999	10	0.0	0.0
2026-07-07T21:21:35.922	373	845	535	957	2339	2224	2623	3198	3300	432	27.71	1014.8	64.7	106960	AS7341	flash	5	100	999	10	0.0	0.0
2026-07-07T21:21:37.909	373	845	535	957	2338	2224	2622	3196	3300	432	27.71	1014.76	64.69	106552	AS7341	flash	5	100	999	10	0.0	0.0
2026-07-07T21:21:39.902	373	845	535	957	2339	2225	2623	3197	3301	432	27.71	1014.78	64.69	106755	AS7341	flash	5	100	999	10	0.0	0.0
2026-07-07T21:21:41.897	373	845	535	957	2338	2224	2622	3197	3299	431	27.7	1014.79	64.7	106349	AS7341	flash	5	100	999	10	0.0	0.0
2026-07-07T21:21:43.888	373	845	535	956	2337	2223	2622	3196	3299	431	27.72	1014.77	64.7	107028	AS7341	flash	5	100	999	10	0.0	0.0
2026-07-07T21:21:45.881	373	845	535	957	2338	2224	2622	3196	3300	432	27.71	1014.8	64.7	106687	AS7341	flash	5	100	999	10	0.0	0.0
2026-07-07T21:21:47.879	373	845	535	956	2337	2224	2622	3197	3299	432	27.71	1014.76	64.71	106823	AS7341	flash	5	100	999	10	0.0	0.0
2026-07-07T21:21:49.968	373	846	535	956	2338	2224	2623	3198	3300	432	27.7	1014.77	64.71	106619	AS7341	flash	5	100	999	10	0.0	0.0
2026-07-07T21:21:51.962	373	845	535	956	2336	2222	2621	3195	3298	431	27.71	1014.77	64.74	106281	AS7341	flash	5	100	999	10	0.0	0.0
2026-07-07T21:21:53.950	373	846	535	956	2337	2223	2622	3196	3299	432	27.71	1014.76	64.73	106484	AS7341	flash	5	100	999	10	0.0	0.0
2026-07-07T21:21:55.940	373	846	535	956	2336	2222	2621	3197	3298	431	27.71	1014.78	64.73	107028	AS7341	flash	5	100	999	10	0.0	0.0
2026-07-07T21:21:57.933	373	846	535	956	2336	2221	2620	3195	3298	431	27.71	1014.77	64.78	106619	AS7341	flash	5	100	999	10	0.0	0.0
2026-07-07T21:21:59.920	373	846	535	956	2336	2222	2621	3196	3298	431	27.71	1014.79	64.76	107097	AS7341	flash	5	100	999	10	0.0	0.0
2026-07-07T21:22:01.907	373	846	535	956	2335	2221	2620	3195	3298	431	27.71	1014.77	64.76	106619	AS7341	flash	5	100	999	10	0.0	0.0
2026-07-07T21:22:03.893	373	846	535	955	2335	2221	2620	3196	3298	431	27.71	1014.78	64.75	107028	AS7341	flash	5	100	999	10	0.0	0.0
2026-07-07T21:22:05.883	373	846	535	955	2334	2220	2619	3195	3297	431	27.71	1014.76	64.74	106484	AS7341	flash	5	100	999	10	0.0	0.0
2026-07-07T21:22:07.970	373	847	535	956	2335	2221	2620	3196	3298	431	27.7	1014.75	64.73	106349	AS7341	flash	5	100	999	10	0.0	0.0
2026-07-07T21:22:09.962	373	847	535	956	2335	2221	2620	3196	3298	431	27.71	1014.78	64.74	106755	AS7341	flash	5	100	999	10	0.0	0.0
2026-07-07T21:22:11.956	373	846	535	955	2334	2220	2619	3195	3297	431	27.71	1014.79	64.74	106960	AS7341	flash	5	100	999	10	0.0	0.0
2026-07-07T21:22:13.944	373	846	535	955	2334	2220	2619	3196	3297	431	27.72	1014.78	64.74	106416	AS7341	flash	5	100	999	10	0.0	0.0
2026-07-07T21:22:15.935	373	846	535	955	2334	2220	2619	3195	3297	431	27.72	1014.79	64.76	107234	AS7341	flash	5	100	999	10	0.0	0.0
2026-07-07T21:22:17.931	373	847	535	955	2334	2220	2620	3197	3297	431	27.72	1014.82	64.76	106687	AS7341	flash	5	100	999	10	0.0	0.0
2026-07-07T21:22:19.930	373	847	535	955	2333	2219	2618	3194	3296	431	27.71	1014.77	64.78	106960	AS7341	flash	5	100	999	10	0.0	0.0
2026-07-07T21:22:21.927	372	847	535	955	2333	2219	2618	3194	3296	431	27.71	1014.77	64.8	106552	AS7341	flash	5	100	999	10	0.0	0.0
2026-07-07T21:22:23.916	372	847	535	955	2332	2218	2617	3193	3295	431	27.72	1014.77	64.79	107165	AS7341	flash	5	100	999	10	0.0	0.0
2026-07-07T21:22:25.904	372	847	535	955	2332	2218	2618	3194	3295	431	27.71	1014.78	64.78	107303	AS7341	flash	5	100	999	10	0.0	0.0
2026-07-07T21:22:27.893	373	847	535	955	2332	2218	2618	3194	3295	431	27.71	1014.76	64.8	107303	AS7341	flash	5	100	999	10	0.0	0.0
2026-07-07T21:22:29.885	373	847	535	955	2332	2218	2617	3195	3295	431	27.72	1014.78	64.82	107028	AS7341	flash	5	100	999	10	0.0	0.0
2026-07-07T21:22:31.884	372	847	535	954	2332	2218	2617	3195	3295	431	27.71	1014.78	64.82	107165	AS7341	flash	5	100	999	10	0.0	0.0
2026-07-07T21:22:33.886	373	847	535	954	2332	2218	2618	3194	3295	431	27.72	1014.78	64.84	106619	AS7341	flash	5	100	999	10	0.0	0.0
2026-07-07T21:22:35.881	372	847	535	954	2331	2217	2617	3194	3295	431	27.72	1014.77	64.85	106823	AS7341	flash	5	100	999	10	0.0	0.0
2026-07-07T21:22:37.971	373	847	535	954	2332	2218	2618	3194	3295	431	27.71	1014.79	64.89	106552	AS7341	flash	5	100	999	10	0.0	0.0
2026-07-07T21:22:39.955	372	847	535	954	2331	2217	2617	3194	3295	431	27.71	1014.77	64.88	106687	AS7341	flash	5	100	999	10	0.0	0.0
2026-07-07T21:22:41.951	373	847	535	954	2331	2217	2616	3194	3294	431	27.71	1014.75	64.9	106281	AS7341	flash	5	100	999	10	0.0	0.0
2026-07-07T21:22:43.938	372	847	535	954	2330	2216	2616	3193	3294	431	27.72	1014.79	64.89	106892	AS7341	flash	5	100	999	10	0.0	0.0
2026-07-07T21:22:45.925	372	847	535	954	2329	2215	2615	3193	3293	431	27.72	1014.77	64.91	106823	AS7341	flash	5	100	999	10	0.0	0.0
2026-07-07T21:22:47.908	373	847	535	954	2330	2216	2616	3193	3293	431	27.72	1014.79	64.92	106687	AS7341	flash	5	100	999	10	0.0	0.0
2026-07-07T21:22:49.894	372	848	535	954	2330	2216	2616	3193	3294	431	27.71	1014.77	64.91	106552	AS7341	flash	5	100	999	10	0.0	0.0
2026-07-07T21:22:51.884	372	847	535	954	2330	2216	2616	3194	3293	431	27.71	1014.75	64.91	106960	AS7341	flash	5	100	999	10	0.0	0.0
2026-07-07T21:22:53.976	373	848	535	954	2329	2216	2616	3194	3293	431	27.71	1014.77	64.92	106281	AS7341	flash	5	100	999	10	0.0	0.0
2026-07-07T21:22:55.973	373	848	535	954	2330	2216	2616	3194	3293	431	27.71	1014.79	64.92	106281	AS7341	flash	5	100	999	10	0.0	0.0
2026-07-07T21:22:57.965	373	848	535	954	2329	2216	2616	3193	3293	431	27.71	1014.76	64.92	106687	AS7341	flash	5	100	999	10	0.0	0.0
2026-07-07T21:22:59.956	373	848	535	954	2329	2215	2615	3194	3293	431	27.72	1014.78	64.92	106552	AS7341	flash	5	100	999	10	0.0	0.0
2026-07-07T21:23:01.946	372	848	535	953	2329	2215	2615	3192	3292	431	27.72	1014.8	64.93	106823	AS7341	flash	5	100	999	10	0.0	0.0
2026-07-07T21:23:03.933	372	848	535	953	2328	2214	2614	3193	3292	431	27.72	1014.78	64.93	106960	AS7341	flash	5	100	999	10	0.0	0.0
2026-07-07T21:23:05.925	372	848	535	953	2328	2214	2615	3192	3292	431	27.72	1014.76	64.96	106687	AS7341	flash	5	100	999	10	0.0	0.0
2026-07-07T21:23:07.919	373	848	535	953	2328	2214	2614	3192	3292	431	27.71	1014.75	64.99	107097	AS7341	flash	5	100	999	10	0.0	0.0
2026-07-07T21:23:09.911	372	848	535	953	2327	2214	2613	3192	3291	431	27.71	1014.77	65.0	106755	AS7341	flash	5	100	999	10	0.0	0.0
2026-07-07T21:23:11.914	372	849	535	953	2327	2213	2613	3191	3291	431	27.71	1014.78	65.01	106960	AS7341	flash	5	100	999	10	0.0	0.0
2026-07-07T21:23:13.903	372	848	535	953	2327	2213	2614	3191	3292	431	27.72	1014.76	65.01	106823	AS7341	flash	5	100	999	10	0.0	0.0
2026-07-07T21:23:15.894	372	848	535	953	2327	2213	2613	3192	3291	431	27.71	1014.77	64.99	106552	AS7341	flash	5	100	999	10	0.0	0.0
2026-07-07T21:23:17.890	372	849	535	953	2327	2213	2614	3192	3292	431	27.71	1014.77	64.98	107097	AS7341	flash	5	100	999	10	0.0	0.0
2026-07-07T21:23:19.976	372	849	535	953	2327	2213	2614	3193	3292	431	27.71	1014.8	64.99	105945	AS7341	flash	5	100	999	10	0.0	0.0
2026-07-07T21:23:21.969	372	849	535	953	2326	2212	2613	3191	3290	431	27.71	1014.75	65.01	106214	AS7341	flash	5	100	999	10	0.0	0.0
2026-07-07T21:23:23.962	372	849	535	953	2326	2212	2612	3190	3290	431	27.72	1014.78	65.0	107028	AS7341	flash	5	100	999	10	0.0	0.0
2026-07-07T21:23:25.950	372	849	535	953	2326	2212	2613	3192	3290	430	27.71	1014.75	65.0	106416	AS7341	flash	5	100	999	10	0.0	0.0
2026-07-07T21:23:27.940	372	849	535	953	2326	2212	2613	3191	3290	431	27.71	1014.77	65.0	106892	AS7341	flash	5	100	999	10	0.0	0.0
2026-07-07T21:23:29.932	372	849	535	953	2325	2212	2612	3190	3290	430	27.71	1014.77	65.0	106960	AS7341	flash	5	100	999	10	0.0	0.0
2026-07-07T21:23:31.914	372	849	535	953	2326	2212	2612	3191	3290	431	27.72	1014.76	65.01	106892	AS7341	flash	5	100	999	10	0.0	0.0
2026-07-07T21:23:33.898	372	849	535	953	2325	2211	2611	3190	3289	431	27.72	1014.81	65.04	106552	AS7341	flash	5	100	999	10	0.0	0.0
2026-07-07T21:23:35.886	372	849	535	952	2325	2211	2611	3191	3289	430	27.72	1014.8	65.04	106687	AS7341	flash	5	100	999	10	0.0	0.0
2026-07-07T21:23:37.888	372	850	536	953	2325	2211	2612	3191	3290	431	27.71	1014.78	65.04	107028	AS7341	flash	5	100	999	10	0.0	0.0
2026-07-07T21:23:39.883	372	849	535	952	2324	2211	2611	3191	3289	430	27.71	1014.8	65.04	106619	AS7341	flash	5	100	999	10	0.0	0.0
2026-07-07T21:23:41.981	372	849	535	953	2324	2211	2611	3191	3289	430	27.71	1014.78	65.06	106960	AS7341	flash	5	100	999	10	0.0	0.0
2026-07-07T21:23:43.970	372	850	535	953	2325	2211	2611	3191	3289	430	27.71	1014.77	65.08	106147	AS7341	flash	5	100	999	10	0.0	0.0
2026-07-07T21:23:45.958	372	849	535	952	2324	2210	2611	3190	3288	430	27.71	1014.79	65.09	106823	AS7341	flash	5	100	999	10	0.0	0.0
2026-07-07T21:23:47.955	372	850	535	952	2324	2210	2610	3189	3288	430	27.71	1014.75	65.08	106755	AS7341	flash	5	100	999	10	0.0	0.0
2026-07-07T21:23:49.950	372	850	535	952	2324	2210	2611	3191	3289	431	27.71	1014.74	65.08	106960	AS7341	flash	5	100	999	10	0.0	0.0
2026-07-07T21:23:51.941	372	850	535	952	2323	2209	2610	3189	3288	430	27.71	1014.75	65.08	106823	AS7341	flash	5	100	999	10	0.0	0.0
2026-07-07T21:23:53.932	372	850	535	952	2323	2210	2610	3189	3288	430	27.72	1014.77	65.07	107097	AS7341	flash	5	100	999	10	0.0	0.0
2026-07-07T21:23:55.920	372	850	535	952	2323	2210	2610	3189	3288	430	27.71	1014.75	65.07	107097	AS7341	flash	5	100	999	10	0.0	0.0
2026-07-07T21:23:57.908	372	850	535	952	2323	2209	2609	3188	3287	430	27.72	1014.76	65.08	107028	AS7341	flash	5	100	999	10	0.0	0.0
2026-07-07T21:23:59.896	372	850	535	952	2322	2209	2609	3188	3287	430	27.71	1014.8	65.07	107097	AS7341	flash	5	100	999	10	0.0	0.0
2026-07-07T21:24:01.885	372	850	535	952	2322	2209	2609	3188	3287	430	27.71	1014.8	65.08	107097	AS7341	flash	5	100	999	10	0.0	0.0
2026-07-07T21:24:03.886	372	850	536	952	2322	2208	2608	3187	3287	430	27.71	1014.78	65.1	106687	AS7341	flash	5	100	999	10	0.0	0.0
2026-07-07T21:24:05.884	372	850	535	952	2322	2208	2609	3188	3287	430	27.71	1014.78	65.11	106619	AS7341	flash	5	100	999	10	0.0	0.0
2026-07-07T21:24:07.981	372	850	536	952	2323	2209	2610	3190	3288	430	27.71	1014.77	65.11	106349	AS7341	flash	5	100	999	10	0.0	0.0
2026-07-07T21:24:09.973	372	850	536	952	2322	2209	2609	3189	3287	430	27.71	1014.78	65.09	106687	AS7341	flash	5	100	999	10	0.0	0.0
2026-07-07T21:24:11.961	372	850	536	952	2322	2208	2608	3188	3287	430	27.71	1014.78	65.11	106552	AS7341	flash	5	100	999	10	0.0	0.0
2026-07-07T21:24:13.949	372	850	536	952	2321	2208	2608	3188	3286	430	27.71	1014.76	65.1	107097	AS7341	flash	5	100	999	10	0.0	0.0
2026-07-07T21:24:15.943	372	850	536	951	2322	2208	2608	3189	3287	430	27.71	1014.78	65.1	106960	AS7341	flash	5	100	999	10	0.0	0.0
2026-07-07T21:24:17.935	372	851	536	952	2322	2208	2608	3188	3287	430	27.72	1014.78	65.12	107097	AS7341	flash	5	100	999	10	0.0	0.0
2026-07-07T21:24:19.918	372	851	536	951	2322	2208	2608	3188	3287	430	27.71	1014.76	65.1	106892	AS7341	flash	5	100	999	10	0.0	0.0
2026-07-07T21:24:21.908	372	850	535	951	2321	2207	2608	3187	3286	430	27.71	1014.76	65.11	107234	AS7341	flash	5	100	999	10	0.0	0.0
2026-07-07T21:24:23.906	372	851	536	951	2321	2207	2608	3189	3286	430	27.71	1014.75	65.11	107097	AS7341	flash	5	100	999	10	0.0	0.0
2026-07-07T21:24:25.896	372	851	536	951	2321	2208	2608	3189	3287	430	27.71	1014.77	65.13	107578	AS7341	flash	5	100	999	10	0.0	0.0
2026-07-07T21:24:27.884	372	851	536	951	2321	2207	2608	3188	3286	430	27.71	1014.78	65.13	107234	AS7341	flash	5	100	999	10	0.0	0.0
2026-07-07T21:24:29.874	372	851	536	951	2322	2208	2609	3189	3287	430	27.71	1014.75	65.12	107303	AS7341	flash	5	100	999	10	0.0	0.0
2026-07-07T21:24:31.962	372	851	536	952	2321	2207	2608	3188	3286	430	27.7	1014.75	65.12	106349	AS7341	flash	5	100	999	10	0.0	0.0
2026-07-07T21:24:33.953	372	851	536	951	2321	2207	2608	3187	3286	430	27.71	1014.77	65.12	106892	AS7341	flash	5	100	999	10	0.0	0.0
2026-07-07T21:24:35.945	372	851	536	951	2322	2208	2609	3189	3287	430	27.7	1014.73	65.1	107303	AS7341	flash	5	100	999	10	0.0	0.0
2026-07-07T21:24:37.935	372	851	536	951	2321	2207	2608	3188	3286	430	27.71	1014.76	65.09	106552	AS7341	flash	5	100	999	10	0.0	0.0
2026-07-07T21:24:39.927	372	851	536	951	2320	2207	2608	3187	3285	430	27.71	1014.75	65.1	106552	AS7341	flash	5	100	999	10	0.0	0.0
2026-07-07T21:24:41.912	372	851	536	951	2321	2207	2608	3188	3286	430	27.71	1014.75	65.13	107234	AS7341	flash	5	100	999	10	0.0	0.0
2026-07-07T21:24:43.901	372	851	536	951	2320	2207	2607	3187	3286	430	27.71	1014.74	65.13	106755	AS7341	flash	5	100	999	10	0.0	0.0
2026-07-07T21:24:45.896	372	851	536	951	2321	2207	2608	3188	3287	430	27.71	1014.74	65.13	106823	AS7341	flash	5	100	999	10	0.0	0.0
2026-07-07T21:24:47.893	372	851	536	951	2320	2206	2607	3188	3285	430	27.71	1014.74	65.14	106892	AS7341	flash	5	100	999	10	0.0	0.0
2026-07-07T21:24:49.888	372	851	536	951	2320	2206	2607	3187	3286	430	27.71	1014.77	65.16	106960	AS7341	flash	5	100	999	10	0.0	0.0
2026-07-07T21:24:51.886	372	851	536	951	2320	2206	2607	3188	3285	430	27.71	1014.77	65.15	107165	AS7341	flash	5	100	999	10	0.0	0.0
2026-07-07T21:24:53.979	372	851	536	951	2321	2207	2608	3189	3286	430	27.71	1014.77	65.18	106214	AS7341	flash	5	100	999	10	0.0	0.0
2026-07-07T21:24:55.975	372	851	536	951	2321	2207	2608	3189	3287	430	27.71	1014.77	65.18	107371	AS7341	flash	5	100	999	10	0.0	0.0
2026-07-07T21:24:57.967	372	852	536	951	2320	2206	2607	3188	3286	430	27.71	1014.75	65.2	106619	AS7341	flash	5	100	999	10	0.0	0.0
2026-07-07T21:24:59.953	372	851	536	951	2320	2207	2607	3188	3286	430	27.71	1014.78	65.19	107165	AS7341	flash	5	100	999	10	0.0	0.0
2026-07-07T21:25:01.948	372	851	536	951	2320	2206	2607	3188	3286	430	27.71	1014.76	65.2	107028	AS7341	flash	5	100	999	10	0.0	0.0
2026-07-07T21:25:03.934	372	852	536	951	2321	2207	2608	3189	3287	430	27.71	1014.78	65.22	107509	AS7341	flash	5	100	999	10	0.0	0.0
2026-07-07T21:25:05.935	372	851	536	951	2319	2206	2607	3187	3285	430	27.72	1014.75	65.24	107303	AS7341	flash	5	100	999	10	0.0	0.0
2026-07-07T21:25:07.922	372	851	536	951	2319	2205	2606	3188	3285	430	27.71	1014.77	65.24	107647	AS7341	flash	5	100	999	10	0.0	0.0
2026-07-07T21:25:09.914	372	852	536	951	2319	2206	2607	3187	3285	430	27.71	1014.74	65.26	106960	AS7341	flash	5	100	999	10	0.0	0.0
2026-07-07T21:25:11.918	372	852	536	951	2318	2205	2605	3186	3284	430	27.7	1014.76	65.26	107097	AS7341	flash	5	100	999	10	0.0	0.0
2026-07-07T21:25:13.911	372	852	536	951	2319	2205	2606	3188	3285	430	27.71	1014.78	65.26	107097	AS7341	flash	5	100	999	10	0.0	0.0
2026-07-07T21:25:15.908	372	852	536	951	2319	2205	2606	3188	3285	430	27.71	1014.78	65.26	107234	AS7341	flash	5	100	999	10	0.0	0.0
2026-07-07T21:25:17.906	372	852	536	951	2319	2205	2606	3188	3284	430	27.71	1014.78	65.24	107234	AS7341	flash	5	100	999	10	0.0	0.0
2026-07-07T21:25:19.897	372	852	536	950	2319	2205	2606	3188	3285	430	27.7	1014.77	65.23	106960	AS7341	flash	5	100	999	10	0.0	0.0
2026-07-07T21:25:21.886	372	852	536	951	2319	2206	2606	3187	3286	430	27.71	1014.77	65.21	106960	AS7341	flash	5	100	999	10	0.0	0.0
2026-07-07T21:25:23.877	372	852	536	951	2318	2205	2606	3187	3284	430	27.7	1014.76	65.21	107440	AS7341	flash	5	100	999	10	0.0	0.0
2026-07-07T21:25:25.973	372	852	536	951	2319	2205	2606	3188	3285	430	27.7	1014.75	65.23	106960	AS7341	flash	5	100	999	10	0.0	0.0
2026-07-07T21:25:27.969	372	852	536	950	2318	2205	2605	3186	3284	430	27.71	1014.78	65.22	106892	AS7341	flash	5	100	999	10	0.0	0.0
2026-07-07T21:25:29.955	372	852	536	950	2318	2205	2605	3187	3284	430	27.71	1014.76	65.23	106892	AS7341	flash	5	100	999	10	0.0	0.0
2026-07-07T21:25:31.950	372	852	536	950	2318	2204	2605	3186	3284	430	27.7	1014.73	65.24	106823	AS7341	flash	5	100	999	10	0.0	0.0
2026-07-07T21:25:33.938	372	852	536	950	2319	2205	2606	3187	3285	430	27.71	1014.76	65.23	107028	AS7341	flash	5	100	999	10	0.0	0.0
2026-07-07T21:25:35.924	372	852	536	950	2317	2204	2604	3185	3283	430	27.71	1014.77	65.23	107371	AS7341	flash	5	100	999	10	0.0	0.0
2026-07-07T21:25:37.913	372	852	536	950	2317	2203	2604	3185	3283	430	27.71	1014.77	65.23	107165	AS7341	flash	5	100	999	10	0.0	0.0
2026-07-07T21:25:39.902	372	852	536	950	2317	2204	2604	3186	3283	430	27.71	1014.74	65.24	107647	AS7341	flash	5	100	999	10	0.0	0.0
2026-07-07T21:25:41.882	372	852	536	950	2317	2204	2605	3185	3283	430	27.71	1014.8	65.22	107371	AS7341	flash	5	100	999	10	0.0	0.0
2026-07-07T21:25:43.976	372	853	536	951	2318	2204	2605	3187	3284	430	27.7	1014.78	65.21	106892	AS7341	flash	5	100	999	10	0.0	0.0
2026-07-07T21:25:45.971	372	852	536	950	2318	2204	2605	3186	3284	430	27.7	1014.75	65.21	107371	AS7341	flash	5	100	999	10	0.0	0.0
2026-07-07T21:25:47.974	373	853	536	950	2318	2204	2605	3187	3284	430	27.7	1014.77	65.21	107578	AS7341	flash	5	100	999	10	0.0	0.0
2026-07-07T21:25:49.960	372	852	536	950	2318	2204	2605	3186	3284	430	27.7	1014.75	65.21	107371	AS7341	flash	5	100	999	10	0.0	0.0
2026-07-07T21:25:51.957	372	852	536	950	2317	2204	2605	3185	3283	430	27.7	1014.75	65.22	107303	AS7341	flash	5	100	999	10	0.0	0.0
2026-07-07T21:25:53.946	372	852	536	950	2317	2203	2604	3186	3283	430	27.71	1014.8	65.24	107647	AS7341	flash	5	100	999	10	0.0	0.0
2026-07-07T21:25:55.937	372	852	536	950	2317	2203	2604	3185	3283	430	27.71	1014.77	65.28	106823	AS7341	flash	5	100	999	10	0.0	0.0
2026-07-07T21:25:57.926	372	852	536	950	2317	2203	2604	3185	3283	430	27.71	1014.77	65.28	107647	AS7341	flash	5	100	999	10	0.0	0.0
2026-07-07T21:25:59.926	372	852	536	950	2316	2202	2603	3184	3281	430	27.71	1014.76	65.29	107303	AS7341	flash	5	100	999	10	0.0	0.0
2026-07-07T21:26:01.913	372	852	536	950	2317	2203	2604	3185	3283	430	27.71	1014.78	65.29	107371	AS7341	flash	5	100	999	10	0.0	0.0
2026-07-07T21:26:03.902	372	852	536	950	2317	2203	2604	3185	3283	430	27.71	1014.77	65.3	107786	AS7341	flash	5	100	999	10	0.0	0.0
2026-07-07T21:26:05.894	372	853	536	950	2317	2203	2604	3186	3283	430	27.7	1014.76	65.27	107786	AS7341	flash	5	100	999	10	0.0	0.0
2026-07-07T21:26:07.887	372	853	536	950	2317	2203	2604	3187	3283	430	27.7	1014.8	65.29	107303	AS7341	flash	5	100	999	10	0.0	0.0
2026-07-07T21:26:09.882	372	852	536	950	2316	2203	2604	3185	3283	430	27.7	1014.76	65.3	107371	AS7341	flash	5	100	999	10	0.0	0.0
2026-07-07T21:26:11.883	372	853	536	950	2317	2203	2605	3186	3283	430	27.71	1014.78	65.31	107097	AS7341	flash	5	100	999	10	0.0	0.0
2026-07-07T21:26:13.974	372	853	536	950	2317	2203	2605	3187	3284	430	27.7	1014.77	65.34	106823	AS7341	flash	5	100	999	10	0.0	0.0
2026-07-07T21:26:15.964	372	853	536	950	2316	2203	2604	3186	3283	430	27.7	1014.77	65.36	107371	AS7341	flash	5	100	999	10	0.0	0.0
2026-07-07T21:26:17.965	372	853	536	950	2317	2203	2604	3186	3283	430	27.7	1014.77	65.36	107165	AS7341	flash	5	100	999	10	0.0	0.0
2026-07-07T21:26:19.957	372	853	536	950	2316	2202	2604	3185	3283	430	27.7	1014.76	65.37	107371	AS7341	flash	5	100	999	10	0.0	0.0
2026-07-07T21:26:21.946	372	853	536	950	2316	2203	2604	3186	3283	430	27.7	1014.78	65.37	107578	AS7341	flash	5	100	999	10	0.0	0.0
2026-07-07T21:26:23.935	372	853	536	950	2316	2202	2603	3185	3282	430	27.71	1014.79	65.35	107717	AS7341	flash	5	100	999	10	0.0	0.0
2026-07-07T21:26:25.927	372	853	536	950	2316	2202	2604	3185	3283	430	27.7	1014.76	65.34	107234	AS7341	flash	5	100	999	10	0.0	0.0
2026-07-07T21:26:27.926	372	853	536	950	2316	2202	2603	3185	3282	430	27.71	1014.77	65.36	107028	AS7341	flash	5	100	999	10	0.0	0.0
2026-07-07T21:26:29.927	372	853	536	950	2316	2202	2603	3185	3283	430	27.71	1014.77	65.34	107371	AS7341	flash	5	100	999	10	0.0	0.0
2026-07-07T21:26:31.911	372	853	536	950	2316	2202	2603	3185	3282	430	27.71	1014.78	65.32	107647	AS7341	flash	5	100	999	10	0.0	0.0
2026-07-07T21:26:33.898	372	853	536	950	2316	2202	2603	3185	3283	430	27.7	1014.79	65.3	107303	AS7341	flash	5	100	999	10	0.0	0.0
2026-07-07T21:26:35.883	372	853	536	950	2316	2202	2603	3186	3282	430	27.71	1014.79	65.3	107371	AS7341	flash	5	100	999	10	0.0	0.0
2026-07-07T21:26:37.878	372	853	536	950	2316	2202	2603	3185	3282	430	27.7	1014.79	65.27	107509	AS7341	flash	5	100	999	10	0.0	0.0
2026-07-07T21:26:39.964	372	854	536	950	2317	2203	2604	3186	3283	430	27.7	1014.79	65.26	107234	AS7341	flash	5	100	999	10	0.0	0.0
2026-07-07T21:26:41.981	372	853	536	949	2315	2202	2603	3185	3282	430	27.7	1014.77	65.28	107371	AS7341	flash	5	100	999	10	0.0	0.0
2026-07-07T21:26:43.890	372	853	536	949	2315	2201	2603	3185	3282	430	27.71	1014.76	65.28	107647	AS7341	flash	5	100	999	10	0.0	0.0
2026-07-07T21:26:45.906	372	853	536	950	2316	2202	2604	3186	3283	430	27.7	1014.78	65.29	107925	AS7341	flash	5	100	999	10	0.0	0.0
2026-07-07T21:26:47.916	372	853	536	950	2315	2202	2603	3186	3282	430	27.7	1014.78	65.28	107786	AS7341	flash	5	100	999	10	0.0	0.0
2026-07-07T21:26:49.937	372	854	536	950	2316	2202	2603	3185	3283	430	27.7	1014.78	65.25	107234	AS7341	flash	5	100	999	10	0.0	0.0
2026-07-07T21:26:51.948	372	853	536	949	2316	2202	2603	3185	3282	430	27.7	1014.77	65.25	107647	AS7341	flash	5	100	999	10	0.0	0.0
2026-07-07T21:26:53.963	372	853	536	950	2315	2201	2603	3185	3281	430	27.71	1014.83	65.24	107994	AS7341	flash	5	100	999	10	0.0	0.0
2026-07-07T21:26:55.935	372	853	536	949	2315	2201	2602	3184	3282	430	27.71	1014.77	65.21	108766	AS7341	flash	5	100	999	10	0.0	0.0
2026-07-07T21:26:57.982	372	853	536	950	2315	2202	2603	3185	3283	430	27.7	1014.8	65.21	107371	AS7341	flash	5	100	999	10	0.0	0.0
2026-07-07T21:26:59.880	372	853	536	950	2316	2202	2603	3186	3283	430	27.71	1014.78	65.21	108414	AS7341	flash	5	100	999	10	0.0	0.0
2026-07-07T21:27:01.896	372	853	536	950	2315	2201	2603	3185	3282	430	27.7	1014.81	65.22	107509	AS7341	flash	5	100	999	10	0.0	0.0
2026-07-07T21:27:03.903	372	853	536	950	2315	2202	2603	3185	3282	430	27.7	1014.77	65.2	107925	AS7341	flash	5	100	999	10	0.0	0.0
2026-07-07T21:27:05.915	372	854	536	950	2316	2202	2604	3187	3283	430	27.69	1014.8	65.19	107509	AS7341	flash	5	100	999	10	0.0	0.0
