timestamp	f1_415	f2_445	f3_480	f4_515	f5_555	f6_590	f7_630	f8_680	clear	nir	T	P	RH	Gas	model	mode	gain	atime	astep	led	pwm	led_V
2026-07-09T14:39:22.575	433	911	606	1122	2862	2802	3300	3664	3884	508	26.58	1018.44	56.82	131682	AS7341	flash	5	100	999	10	0.0	0.0
2026-07-09T14:39:24.587	439	918	615	1144	2864	2804	3301	3672	3904	510	26.58	1018.44	56.77	136289	AS7341	flash	5	100	999	10	100.0	0.15
2026-07-09T14:39:26.494	433	911	606	1122	2861	2802	3298	3661	3883	507	26.58	1018.44	56.69	141350	AS7341	flash	5	100	999	10	100.0	0.15
2026-07-09T14:39:28.509	433	912	606	1122	2861	2801	3296	3657	3882	507	26.55	1018.44	56.1	147447	AS7341	flash	5	100	999	10	100.0	0.15
2026-07-09T14:39:30.526	432	913	606	1123	2862	2802	3294	3653	3881	507	26.54	1018.43	55.1	152134	AS7341	flash	5	100	999	10	100.0	0.15
2026-07-09T14:39:32.548	432	913	606	1124	2864	2803	3294	3650	3881	507	26.54	1018.42	54.08	157869	AS7341	flash	5	100	999	10	100.0	0.15
2026-07-09T14:39:34.560	432	913	606	1124	2866	2804	3293	3647	3880	507	26.54	1018.41	53.17	162149	AS7341	flash	5	100	999	10	100.0	0.15
2026-07-09T14:39:36.577	432	913	607	1125	2870	2806	3295	3645	3882	507	26.53	1018.42	52.41	167165	AS7341	flash	5	100	999	10	100.0	0.15
2026-07-09T14:39:38.586	432	914	607	1126	2872	2810	3297	3644	3884	507	26.54	1018.43	51.82	172325	AS7341	flash	5	100	999	10	100.0	0.15
2026-07-09T14:39:40.495	432	914	607	1126	2874	2811	3298	3642	3884	507	26.54	1018.43	51.35	175945	AS7341	flash	5	100	999	10	100.0	0.15
2026-07-09T14:39:42.508	433	914	607	1128	2879	2816	3302	3644	3888	508	26.54	1018.42	50.94	180107	AS7341	flash	5	100	999	10	100.0	0.15
2026-07-09T14:39:44.523	433	914	607	1129	2882	2819	3304	3643	3890	508	26.53	1018.44	50.63	182860	AS7341	flash	5	100	999	10	100.0	0.15
2026-07-09T14:39:46.547	434	913	607	1130	2886	2823	3308	3645	3894	508	26.54	1018.43	50.34	186318	AS7341	flash	5	100	999	10	100.0	0.15
2026-07-09T14:39:48.564	434	912	607	1131	2889	2827	3310	3645	3896	508	26.53	1018.44	50.13	186639	AS7341	flash	5	100	999	10	100.0	0.15
2026-07-09T14:39:50.577	434	913	608	1133	2893	2830	3313	3645	3899	509	26.53	1018.42	49.95	190416	AS7341	flash	5	100	999	10	100.0	0.15
2026-07-09T14:39:52.592	434	912	608	1133	2896	2833	3316	3646	3901	509	26.53	1018.4	49.79	192757	AS7341	flash	5	100	999	10	100.0	0.15
2026-07-09T14:39:54.611	434	912	608	1134	2900	2837	3319	3647	3904	509	26.55	1018.42	49.66	194694	AS7341	flash	5	100	999	10	100.0	0.15
2026-07-09T14:39:56.513	434	912	608	1136	2903	2841	3322	3649	3907	510	26.55	1018.41	49.55	197141	AS7341	flash	5	100	999	10	100.0	0.15
2026-07-09T14:39:58.526	434	911	608	1136	2907	2844	3326	3650	3910	510	26.55	1018.42	49.45	200014	AS7341	flash	5	100	999	10	100.0	0.15
2026-07-09T14:40:00.540	435	911	608	1138	2911	2849	3330	3653	3915	510	26.55	1018.41	49.37	200991	AS7341	flash	5	100	999	10	100.0	0.15
2026-07-09T14:40:02.563	435	911	608	1139	2913	2851	3332	3654	3917	510	26.55	1018.42	49.28	202349	AS7341	flash	5	100	999	10	100.0	0.15
2026-07-09T14:40:04.573	435	911	608	1140	2917	2854	3334	3656	3920	510	26.55	1018.38	49.21	203600	AS7341	flash	5	100	999	10	100.0	0.15
2026-07-09T14:40:06.658	435	910	608	1140	2918	2857	3337	3656	3921	510	26.56	1018.41	49.16	206537	AS7341	flash	5	100	999	10	100.0	0.15
2026-07-09T14:40:08.558	435	910	608	1141	2921	2860	3340	3657	3923	511	26.56	1018.39	49.11	206407	AS7341	flash	5	100	999	10	100.0	0.15
2026-07-09T14:40:10.583	435	909	608	1142	2924	2863	3342	3660	3926	511	26.56	1018.42	49.06	207317	AS7341	flash	5	100	999	10	100.0	0.15
2026-07-09T14:40:12.592	435	909	609	1143	2926	2865	3345	3661	3928	512	26.57	1018.42	49.01	206667	AS7341	flash	5	100	999	10	100.0	0.15
2026-07-09T14:40:14.603	436	909	608	1144	2930	2868	3348	3664	3932	512	26.57	1018.4	48.96	208103	AS7341	flash	5	100	999	10	100.0	0.15
2026-07-09T14:40:16.615	436	909	609	1145	2932	2870	3349	3664	3933	512	26.57	1018.41	48.94	206278	AS7341	flash	5	100	999	10	100.0	0.15
2026-07-09T14:40:18.531	436	909	609	1145	2932	2870	3349	3663	3934	512	26.58	1018.39	48.9	209028	AS7341	flash	5	100	999	10	100.0	0.15
2026-07-09T14:40:20.547	436	909	609	1145	2934	2872	3350	3664	3935	512	26.59	1018.38	48.86	209160	AS7341	flash	5	100	999	10	100.0	0.15
2026-07-09T14:40:22.562	436	909	609	1146	2935	2873	3351	3664	3935	512	26.59	1018.39	48.84	209960	AS7341	flash	5	100	999	10	100.0	0.15
2026-07-09T14:40:24.576	436	909	609	1146	2937	2874	3352	3664	3937	512	26.6	1018.45	48.8	210767	AS7341	flash	5	100	999	10	100.0	0.15
2026-07-09T14:40:26.588	436	909	610	1147	2939	2876	3354	3666	3939	513	26.59	1018.4	48.78	211443	AS7341	flash	5	100	999	10	100.0	0.15
2026-07-09T14:40:28.594	437	909	609	1148	2941	2878	3356	3667	3940	513	26.6	1018.41	48.73	213361	AS7341	flash	5	100	999	10	0.0	0.0
2026-07-09T14:40:30.605	437	909	609	1148	2943	2880	3359	3670	3942	513	26.63	1018.4	48.76	212809	AS7341	flash	5	100	999	10	0.0	0.0
2026-07-09T14:40:32.520	437	908	610	1148	2943	2880	3360	3672	3943	513	26.66	1018.42	49.0	214892	AS7341	flash	5	100	999	10	0.0	0.0
2026-07-09T14:40:34.533	437	909	610	1149	2944	2882	3362	3676	3946	514	26.66	1018.37	49.5	213499	AS7341	flash	5	100	999	10	0.0	0.0
2026-07-09T14:40:36.547	437	908	609	1148	2951	2885	3366	3696	3985	519	26.67	1018.43	50.13	214333	AS7341	flash	5	100	999	10	100.0	0.15
2026-07-09T14:40:38.563	436	908	610	1147	2941	2879	3361	3677	3946	513	26.69	1018.4	50.75	212672	AS7341	flash	5	100	999	10	100.0	0.15
2026-07-09T14:40:40.569	437	908	609	1148	2941	2879	3360	3676	3945	514	26.66	1018.42	51.1	215033	AS7341	flash	5	100	999	10	100.0	0.15
2026-07-09T14:40:42.584	437	908	609	1148	2942	2879	3360	3675	3943	513	26.66	1018.39	50.89	214333	AS7341	flash	5	100	999	10	100.0	0.15
2026-07-09T14:40:44.598	437	908	609	1148	2943	2880	3360	3675	3945	513	26.66	1018.4	50.5	217159	AS7341	flash	5	100	999	10	100.0	0.15
2026-07-09T14:40:46.617	437	908	610	1149	2944	2882	3361	3674	3946	513	26.66	1018.4	50.11	218456	AS7341	flash	5	100	999	10	100.0	0.15
2026-07-09T14:40:48.523	436	908	610	1149	2945	2882	3361	3674	3946	513	26.68	1018.4	49.78	220061	AS7341	flash	5	100	999	10	100.0	0.15
2026-07-09T14:40:50.541	437	908	610	1150	2948	2885	3364	3676	3948	513	26.68	1018.4	49.5	221542	AS7341	flash	5	100	999	10	100.0	0.15
2026-07-09T14:40:52.552	437	908	610	1150	2949	2887	3365	3676	3949	513	26.69	1018.45	49.26	222439	AS7341	flash	5	100	999	10	100.0	0.15
2026-07-09T14:40:54.564	437	908	610	1151	2951	2888	3367	3676	3951	513	26.69	1018.4	49.08	222439	AS7341	flash	5	100	999	10	100.0	0.15
2026-07-09T14:40:56.629	437	908	610	1151	2953	2891	3369	3677	3953	513	26.7	1018.4	48.96	222439	AS7341	flash	5	100	999	10	100.0	0.15
2026-07-09T14:40:58.537	437	907	610	1152	2955	2892	3370	3678	3955	514	26.7	1018.42	48.83	225023	AS7341	flash	5	100	999	10	100.0	0.15
2026-07-09T14:41:00.556	437	908	610	1153	2957	2894	3372	3679	3957	514	26.71	1018.42	48.72	224563	AS7341	flash	5	100	999	10	100.0	0.15
2026-07-09T14:41:02.569	437	908	610	1153	2960	2897	3375	3681	3959	515	26.72	1018.42	48.66	225949	AS7341	flash	5	100	999	10	100.0	0.15
2026-07-09T14:41:04.592	437	907	610	1154	2961	2898	3376	3682	3960	515	26.72	1018.42	48.59	226105	AS7341	flash	5	100	999	10	100.0	0.15
2026-07-09T14:41:06.614	437	907	610	1154	2963	2900	3377	3683	3961	514	26.72	1018.41	48.54	227040	AS7341	flash	5	100	999	10	100.0	0.15
2026-07-09T14:41:08.528	437	907	610	1154	2963	2900	3377	3682	3961	515	26.74	1018.41	48.49	226883	AS7341	flash	5	100	999	10	100.0	0.15
2026-07-09T14:41:10.547	438	907	610	1155	2965	2903	3380	3684	3963	514	26.74	1018.41	48.45	228616	AS7341	flash	5	100	999	10	100.0	0.15
2026-07-09T14:41:12.563	438	907	611	1156	2967	2904	3381	3685	3965	515	26.74	1018.4	48.43	229252	AS7341	flash	5	100	999	10	100.0	0.15
2026-07-09T14:41:14.588	438	907	611	1156	2968	2906	3383	3686	3966	516	26.75	1018.42	48.4	228616	AS7341	flash	5	100	999	10	100.0	0.15
2026-07-09T14:41:16.607	438	906	610	1156	2970	2907	3384	3687	3968	516	26.75	1018.38	48.36	230053	AS7341	flash	5	100	999	10	100.0	0.15
2026-07-09T14:41:18.620	438	906	611	1157	2970	2907	3385	3687	3969	516	26.76	1018.4	48.36	230053	AS7341	flash	5	100	999	10	100.0	0.15
2026-07-09T14:41:20.532	438	906	611	1156	2969	2906	3383	3685	3968	516	26.77	1018.39	48.33	231998	AS7341	flash	5	100	999	10	100.0	0.15
2026-07-09T14:41:22.543	438	906	610	1157	2970	2907	3384	3685	3968	516	26.77	1018.38	48.31	230859	AS7341	flash	5	100	999	10	100.0	0.15
2026-07-09T14:41:24.555	438	906	611	1157	2971	2908	3384	3687	3969	516	26.77	1018.4	48.3	232489	AS7341	flash	5	100	999	10	100.0	0.15
2026-07-09T14:41:26.575	438	907	611	1157	2971	2907	3383	3686	3969	516	26.78	1018.41	48.28	233147	AS7341	flash	5	100	999	10	100.0	0.15
2026-07-09T14:41:28.593	438	907	611	1157	2971	2907	3383	3686	3968	516	26.78	1018.36	48.27	232161	AS7341	flash	5	100	999	10	100.0	0.15
2026-07-09T14:41:30.606	438	907	611	1157	2971	2907	3383	3686	3968	516	26.78	1018.4	48.25	233478	AS7341	flash	5	100	999	10	100.0	0.15
2026-07-09T14:41:32.620	438	907	611	1157	2971	2907	3382	3685	3968	516	26.79	1018.37	48.24	233975	AS7341	flash	5	100	999	10	100.0	0.15
2026-07-09T14:41:34.634	438	907	611	1157	2971	2907	3382	3685	3967	516	26.8	1018.38	48.24	234642	AS7341	flash	5	100	999	10	100.0	0.15
2026-07-09T14:41:36.539	438	907	611	1157	2970	2906	3381	3684	3967	516	26.82	1018.34	48.22	235145	AS7341	flash	5	100	999	10	100.0	0.15
2026-07-09T14:41:38.558	438	907	611	1157	2971	2906	3381	3684	3967	516	26.81	1018.35	48.21	235650	AS7341	flash	5	100	999	10	100.0	0.15
2026-07-09T14:41:40.576	438	907	611	1157	2970	2906	3380	3683	3966	515	26.82	1018.4	48.2	235818	AS7341	flash	5	100	999	10	100.0	0.15
2026-07-09T14:41:42.599	438	907	611	1157	2971	2906	3380	3683	3966	515	26.82	1018.36	48.17	235818	AS7341	flash	5	100	999	10	100.0	0.15
2026-07-09T14:41:44.611	438	907	611	1157	2971	2906	3381	3683	3967	515	26.83	1018.38	48.17	235818	AS7341	flash	5	100	999	10	100.0	0.15
2026-07-09T14:41:46.633	438	907	611	1158	2972	2907	3382	3684	3968	516	26.83	1018.4	48.15	235145	AS7341	flash	5	100	999	10	100.0	0.15
2026-07-09T14:41:48.546	438	907	611	1158	2971	2906	3380	3683	3966	515	26.86	1018.4	48.14	237006	AS7341	flash	5	100	999	10	100.0	0.15
2026-07-09T14:41:50.567	438	907	611	1158	2971	2905	3379	3682	3967	515	26.84	1018.38	48.12	236836	AS7341	flash	5	100	999	10	100.0	0.15
2026-07-09T14:41:52.581	438	907	611	1158	2971	2906	3379	3682	3967	515	26.85	1018.37	48.11	235481	AS7341	flash	5	100	999	10	100.0	0.15
2026-07-09T14:41:54.601	438	907	611	1158	2971	2905	3379	3682	3967	515	26.86	1018.36	48.1	237690	AS7341	flash	5	100	999	10	100.0	0.15
2026-07-09T14:41:56.626	438	907	611	1158	2971	2905	3379	3681	3966	515	26.86	1018.37	48.1	238206	AS7341	flash	5	100	999	10	100.0	0.15
2026-07-09T14:41:58.534	438	907	611	1157	2970	2904	3378	3679	3965	515	26.88	1018.37	48.08	238551	AS7341	flash	5	100	999	10	100.0	0.15
2026-07-09T14:42:00.556	438	907	611	1158	2971	2905	3378	3680	3966	515	26.88	1018.37	48.06	238034	AS7341	flash	5	100	999	10	100.0	0.15
2026-07-09T14:42:02.576	438	908	611	1158	2971	2905	3378	3680	3966	515	26.89	1018.39	48.05	239071	AS7341	flash	5	100	999	10	100.0	0.15
2026-07-09T14:42:04.598	438	908	611	1158	2971	2904	3377	3679	3965	515	26.89	1018.37	48.03	238551	AS7341	flash	5	100	999	10	100.0	0.15
2026-07-09T14:42:06.616	438	908	611	1158	2971	2905	3378	3680	3966	515	26.89	1018.41	48.01	238379	AS7341	flash	5	100	999	10	100.0	0.15
2026-07-09T14:42:08.633	438	908	611	1158	2971	2904	3377	3679	3966	515	26.9	1018.37	48.0	238724	AS7341	flash	5	100	999	10	100.0	0.15
2026-07-09T14:42:10.534	438	908	611	1158	2970	2904	3377	3678	3965	515	26.91	1018.36	47.99	239593	AS7341	flash	5	100	999	10	100.0	0.15
2026-07-09T14:42:12.555	438	908	611	1158	2971	2904	3376	3678	3965	515	26.91	1018.37	47.98	239244	AS7341	flash	5	100	999	10	100.0	0.15
2026-07-09T14:42:14.571	438	908	611	1158	2971	2904	3376	3678	3964	515	26.92	1018.39	47.96	239593	AS7341	flash	5	100	999	10	100.0	0.15
2026-07-09T14:42:16.590	438	908	611	1158	2971	2903	3375	3677	3964	515	26.92	1018.38	47.93	239244	AS7341	flash	5	100	999	10	100.0	0.15
2026-07-09T14:42:18.601	438	908	611	1158	2971	2904	3376	3678	3965	515	26.93	1018.41	47.93	241348	AS7341	flash	5	100	999	10	100.0	0.15
2026-07-09T14:42:20.615	438	908	611	1159	2972	2904	3376	3678	3965	515	26.94	1018.4	47.91	239418	AS7341	flash	5	100	999	10	100.0	0.15
2026-07-09T14:42:22.640	438	908	611	1158	2971	2904	3376	3677	3964	515	26.94	1018.37	47.92	240643	AS7341	flash	5	100	999	10	100.0	0.15
2026-07-09T14:42:24.549	438	908	611	1158	2972	2904	3376	3677	3965	515	26.96	1018.38	47.89	240995	AS7341	flash	5	100	999	10	100.0	0.15
2026-07-09T14:42:26.565	438	908	611	1158	2972	2904	3376	3677	3965	515	26.96	1018.38	47.88	240117	AS7341	flash	5	100	999	10	100.0	0.15
2026-07-09T14:42:28.578	438	908	612	1158	2972	2904	3376	3677	3965	515	26.97	1018.41	47.85	239593	AS7341	flash	5	100	999	10	100.0	0.15
2026-07-09T14:42:30.603	438	908	612	1159	2971	2903	3375	3676	3964	515	26.97	1018.37	47.86	240292	AS7341	flash	5	100	999	10	100.0	0.15
2026-07-09T14:42:32.617	438	908	612	1158	2971	2902	3374	3675	3962	515	26.98	1018.41	47.85	240467	AS7341	flash	5	100	999	10	100.0	0.15
2026-07-09T14:42:34.536	438	908	612	1158	2971	2903	3374	3675	3963	515	26.98	1018.37	47.83	240995	AS7341	flash	5	100	999	10	100.0	0.15
2026-07-09T14:42:36.556	438	908	612	1158	2970	2901	3373	3673	3961	515	26.98	1018.36	47.81	241703	AS7341	flash	5	100	999	10	100.0	0.15
2026-07-09T14:42:38.573	438	909	612	1159	2970	2902	3373	3674	3963	515	26.99	1018.36	47.79	242058	AS7341	flash	5	100	999	10	100.0	0.15
2026-07-09T14:42:40.595	438	909	612	1159	2970	2901	3373	3673	3962	515	27.0	1018.36	47.78	241703	AS7341	flash	5	100	999	10	100.0	0.15
2026-07-09T14:42:42.622	438	909	612	1159	2971	2902	3373	3674	3962	515	27.01	1018.39	47.75	240995	AS7341	flash	5	100	999	10	100.0	0.15
2026-07-09T14:42:44.636	438	909	612	1158	2969	2900	3371	3672	3961	515	27.01	1018.4	47.74	241348	AS7341	flash	5	100	999	10	100.0	0.15
2026-07-09T14:42:46.548	438	909	612	1158	2969	2900	3370	3671	3960	515	27.03	1018.36	47.72	243670	AS7341	flash	5	100	999	10	100.0	0.15
2026-07-09T14:42:48.573	438	909	612	1159	2970	2901	3371	3672	3961	515	27.03	1018.38	47.71	243130	AS7341	flash	5	100	999	10	100.0	0.15
2026-07-09T14:42:50.586	438	909	612	1158	2969	2900	3370	3671	3960	515	27.04	1018.41	47.68	242058	AS7341	flash	5	100	999	10	100.0	0.15
2026-07-09T14:42:52.595	438	909	612	1158	2969	2900	3370	3671	3960	515	27.04	1018.37	47.68	242414	AS7341	flash	5	100	999	10	100.0	0.15
2026-07-09T14:42:54.611	438	909	612	1158	2969	2899	3369	3670	3959	515	27.05	1018.36	47.67	242414	AS7341	flash	5	100	999	10	100.0	0.15
2026-07-09T14:42:56.628	438	909	612	1158	2969	2899	3369	3670	3958	515	27.06	1018.39	47.65	243490	AS7341	flash	5	100	999	10	100.0	0.15
2026-07-09T14:42:58.534	438	910	612	1158	2968	2898	3367	3668	3957	514	27.07	1018.35	47.64	242951	AS7341	flash	5	100	999	10	100.0	0.15
2026-07-09T14:43:00.548	438	910	612	1158	2968	2898	3367	3668	3958	514	27.07	1018.36	47.6	244212	AS7341	flash	5	100	999	10	100.0	0.15
2026-07-09T14:43:02.574	437	910	612	1158	2967	2897	3366	3668	3957	514	27.08	1018.37	47.6	243130	AS7341	flash	5	100	999	10	100.0	0.15
2026-07-09T14:43:04.592	438	910	612	1158	2967	2897	3365	3667	3956	514	27.08	1018.38	47.58	243130	AS7341	flash	5	100	999	10	100.0	0.15
2026-07-09T14:43:06.605	438	910	612	1158	2967	2896	3365	3666	3957	514	27.08	1018.35	47.57	244212	AS7341	flash	5	100	999	10	100.0	0.15
2026-07-09T14:43:08.626	438	910	612	1158	2967	2897	3366	3667	3957	514	27.1	1018.38	47.55	243490	AS7341	flash	5	100	999	10	100.0	0.15
2026-07-09T14:43:10.534	438	910	612	1158	2966	2896	3364	3665	3956	514	27.11	1018.37	47.54	244574	AS7341	flash	5	100	999	10	100.0	0.15
2026-07-09T14:43:12.552	438	910	612	1158	2968	2897	3365	3666	3957	514	27.1	1018.38	47.52	244574	AS7341	flash	5	100	999	10	100.0	0.15
2026-07-09T14:43:14.575	437	910	612	1158	2967	2896	3364	3665	3957	514	27.11	1018.39	47.49	244574	AS7341	flash	5	100	999	10	100.0	0.15
2026-07-09T14:43:16.598	437	910	612	1158	2966	2896	3364	3664	3956	514	27.11	1018.39	47.51	243670	AS7341	flash	5	100	999	10	100.0	0.15
2026-07-09T14:43:18.621	437	910	612	1158	2966	2895	3364	3664	3956	514	27.12	1018.37	47.48	243130	AS7341	flash	5	100	999	10	100.0	0.15
2026-07-09T14:43:20.532	438	911	612	1158	2966	2896	3364	3664	3955	514	27.14	1018.38	47.48	245303	AS7341	flash	5	100	999	10	100.0	0.15
2026-07-09T14:43:22.550	438	910	612	1158	2966	2894	3362	3663	3955	514	27.14	1018.39	47.47	245121	AS7341	flash	5	100	999	10	100.0	0.15
2026-07-09T14:43:24.561	437	910	612	1158	2965	2894	3362	3662	3954	514	27.14	1018.38	47.46	244574	AS7341	flash	5	100	999	10	100.0	0.15
2026-07-09T14:43:26.571	437	911	612	1158	2965	2894	3362	3662	3954	514	27.15	1018.4	47.44	243850	AS7341	flash	5	100	999	10	100.0	0.15
2026-07-09T14:43:28.590	437	910	612	1158	2966	2894	3362	3662	3955	514	27.15	1018.42	47.42	245486	AS7341	flash	5	100	999	10	100.0	0.15
2026-07-09T14:43:30.601	438	911	612	1158	2966	2895	3362	3662	3955	514	27.15	1018.39	47.42	246589	AS7341	flash	5	100	999	10	100.0	0.15
2026-07-09T14:43:32.620	437	910	612	1158	2965	2893	3361	3662	3954	514	27.15	1018.37	47.41	244756	AS7341	flash	5	100	999	10	100.0	0.15
2026-07-09T14:43:34.634	438	911	612	1158	2965	2894	3362	3662	3954	514	27.16	1018.38	47.41	244212	AS7341	flash	5	100	999	10	100.0	0.15
2026-07-09T14:43:36.544	437	911	612	1158	2965	2893	3360	3660	3953	514	27.18	1018.4	47.39	246959	AS7341	flash	5	100	999	10	100.0	0.15
2026-07-09T14:43:38.537	437	911	612	1158	2965	2893	3360	3661	3953	514	27.18	1018.38	47.37	245669	AS7341	flash	5	100	999	10	100.0	0.15
2026-07-09T14:43:40.530	437	911	612	1157	2965	2893	3359	3660	3952	514	27.19	1018.39	47.36	246220	AS7341	flash	5	100	999	10	100.0	0.15
2026-07-09T14:43:42.625	438	911	612	1158	2966	2894	3361	3661	3954	514	27.18	1018.39	47.37	246404	AS7341	flash	5	100	999	10	100.0	0.15
2026-07-09T14:43:44.614	437	911	612	1158	2965	2893	3359	3660	3952	514	27.19	1018.39	47.36	244574	AS7341	flash	5	100	999	10	100.0	0.15
2026-07-09T14:43:46.603	437	911	612	1158	2964	2892	3359	3659	3952	514	27.2	1018.4	47.34	246589	AS7341	flash	5	100	999	10	100.0	0.15
2026-07-09T14:43:48.597	437	911	612	1158	2964	2891	3358	3658	3951	513	27.21	1018.39	47.33	246959	AS7341	flash	5	100	999	10	100.0	0.15
2026-07-09T14:43:50.595	437	911	612	1158	2964	2891	3358	3658	3951	514	27.21	1018.37	47.33	245303	AS7341	flash	5	100	999	10	100.0	0.15
2026-07-09T14:43:52.583	437	912	612	1158	2963	2891	3357	3657	3950	514	27.22	1018.4	47.33	246774	AS7341	flash	5	100	999	10	100.0	0.15
2026-07-09T14:43:54.572	437	912	612	1157	2963	2891	3357	3657	3950	514	27.22	1018.37	47.31	245303	AS7341	flash	5	100	999	10	100.0	0.15
2026-07-09T14:43:56.560	437	912	613	1158	2963	2891	3357	3657	3950	513	27.22	1018.4	47.31	246404	AS7341	flash	5	100	999	10	100.0	0.15
2026-07-09T14:43:58.550	438	912	613	1158	2963	2890	3356	3656	3949	513	27.23	1018.37	47.29	245121	AS7341	flash	5	100	999	10	100.0	0.15
2026-07-09T14:44:00.541	437	912	613	1158	2964	2891	3357	3657	3951	514	27.23	1018.39	47.28	246959	AS7341	flash	5	100	999	10	100.0	0.15
2026-07-09T14:44:02.532	437	912	613	1158	2963	2890	3356	3656	3950	513	27.24	1018.37	47.28	246404	AS7341	flash	5	100	999	10	100.0	0.15
2026-07-09T14:44:04.628	438	912	613	1158	2963	2890	3356	3656	3950	513	27.24	1018.4	47.27	245486	AS7341	flash	5	100	999	10	100.0	0.15
2026-07-09T14:44:06.619	437	912	613	1158	2963	2890	3356	3656	3950	514	27.25	1018.4	47.27	246774	AS7341	flash	5	100	999	10	100.0	0.15
2026-07-09T14:44:08.612	437	912	613	1157	2962	2889	3355	3654	3949	513	27.25	1018.38	47.26	245852	AS7341	flash	5	100	999	10	100.0	0.15
2026-07-09T14:44:10.610	438	912	612	1157	2962	2889	3354	3654	3948	513	27.26	1018.38	47.24	245121	AS7341	flash	5	100	999	10	100.0	0.15
2026-07-09T14:44:12.613	437	912	612	1157	2962	2889	3354	3654	3948	513	27.27	1018.37	47.24	245852	AS7341	flash	5	100	999	10	100.0	0.15
2026-07-09T14:44:14.602	437	912	613	1157	2962	2889	3354	3654	3948	513	27.27	1018.4	47.23	246220	AS7341	flash	5	100	999	10	100.0	0.15
2026-07-09T14:44:16.595	437	912	612	1157	2961	2888	3353	3652	3946	513	27.27	1018.38	47.23	246959	AS7341	flash	5	100	999	10	100.0	0.15
2026-07-09T14:44:18.586	437	912	612	1157	2961	2888	3353	3652	3946	513	27.27	1018.34	47.21	246774	AS7341	flash	5	100	999	10	100.0	0.15
2026-07-09T14:44:20.583	437	912	613	1157	2961	2887	3352	3652	3946	513	27.28	1018.4	47.21	246959	AS7341	flash	5	100	999	10	100.0	0.15
2026-07-09T14:44:22.568	438	912	613	1157	2960	2886	3351	3650	3945	513	27.28	1018.38	47.2	246774	AS7341	flash	5	100	999	10	100.0	0.15
2026-07-09T14:44:24.561	438	912	612	1157	2961	2887	3352	3651	3946	513	27.29	1018.4	47.19	245669	AS7341	flash	5	100	999	10	100.0	0.15
2026-07-09T14:44:26.548	437	913	613	1157	2961	2887	3352	3652	3946	513	27.29	1018.37	47.19	246589	AS7341	flash	5	100	999	10	100.0	0.15
2026-07-09T14:44:28.570	438	912	613	1157	2961	2887	3352	3652	3946	513	27.29	1018.38	47.17	247144	AS7341	flash	5	100	999	10	100.0	0.15
2026-07-09T14:44:30.587	437	913	613	1157	2960	2887	3351	3650	3945	513	27.3	1018.39	47.16	246774	AS7341	flash	5	100	999	10	100.0	0.15
2026-07-09T14:44:32.598	437	913	613	1157	2961	2887	3351	3651	3946	513	27.31	1018.41	47.17	247144	AS7341	flash	5	100	999	10	100.0	0.15
2026-07-09T14:44:34.606	438	913	613	1157	2960	2886	3351	3651	3945	513	27.3	1018.35	47.15	245852	AS7341	flash	5	100	999	10	100.0	0.15
2026-07-09T14:44:36.636	437	913	613	1157	2959	2886	3350	3649	3944	513	27.31	1018.39	47.14	247702	AS7341	flash	5	100	999	10	100.0	0.15
2026-07-09T14:44:38.547	437	913	613	1157	2959	2885	3349	3649	3944	513	27.33	1018.38	47.15	248075	AS7341	flash	5	100	999	10	100.0	0.15
2026-07-09T14:44:40.566	437	913	613	1157	2959	2886	3349	3649	3945	513	27.32	1018.37	47.12	246774	AS7341	flash	5	100	999	10	100.0	0.15
2026-07-09T14:44:42.585	438	913	613	1157	2959	2885	3349	3649	3944	513	27.33	1018.39	47.12	247702	AS7341	flash	5	100	999	10	100.0	0.15
2026-07-09T14:44:44.598	437	913	613	1157	2959	2885	3349	3648	3943	513	27.34	1018.38	47.13	247144	AS7341	flash	5	100	999	10	100.0	0.15
2026-07-09T14:44:46.616	437	913	613	1157	2958	2884	3348	3647	3943	513	27.35	1018.42	47.11	246589	AS7341	flash	5	100	999	10	100.0	0.15
2026-07-09T14:44:48.634	437	914	613	1157	2959	2885	3349	3648	3944	513	27.35	1018.38	47.11	247144	AS7341	flash	5	100	999	10	100.0	0.15
2026-07-09T14:44:50.542	438	914	613	1157	2959	2884	3348	3647	3943	513	27.37	1018.39	47.11	247144	AS7341	flash	5	100	999	10	100.0	0.15
2026-07-09T14:44:52.556	437	914	613	1157	2959	2885	3348	3648	3944	513	27.36	1018.39	47.08	247144	AS7341	flash	5	100	999	10	100.0	0.15
2026-07-09T14:44:54.583	437	913	613	1157	2958	2884	3348	3647	3943	513	27.36	1018.36	47.09	246959	AS7341	flash	5	100	999	10	100.0	0.15
2026-07-09T14:44:56.609	438	914	613	1157	2958	2884	3347	3646	3942	513	27.37	1018.38	47.08	246774	AS7341	flash	5	100	999	10	100.0	0.15
2026-07-09T14:44:58.629	437	914	613	1157	2959	2884	3347	3647	3943	513	27.37	1018.4	47.09	247515	AS7341	flash	5	100	999	10	100.0	0.15
2026-07-09T14:45:00.542	437	914	613	1157	2958	2883	3346	3645	3942	512	27.38	1018.37	47.07	247515	AS7341	flash	5	100	999	10	100.0	0.15
2026-07-09T14:45:02.554	437	914	613	1157	2958	2883	3346	3645	3941	513	27.38	1018.39	47.05	247888	AS7341	flash	5	100	999	10	100.0	0.15
2026-07-09T14:45:04.568	437	914	613	1157	2957	2882	3346	3645	3941	513	27.38	1018.38	47.06	247144	AS7341	flash	5	100	999	10	100.0	0.15
2026-07-09T14:45:06.581	437	914	613	1157	2958	2884	3347	3646	3942	513	27.39	1018.38	47.05	247144	AS7341	flash	5	100	999	10	100.0	0.15
2026-07-09T14:45:08.593	437	914	613	1157	2958	2883	3346	3645	3941	512	27.4	1018.34	47.05	247702	AS7341	flash	5	100	999	10	100.0	0.15
2026-07-09T14:45:10.617	438	914	613	1157	2957	2882	3345	3644	3941	513	27.4	1018.37	47.05	246774	AS7341	flash	5	100	999	10	100.0	0.15
2026-07-09T14:45:12.628	437	914	613	1157	2958	2883	3346	3645	3942	513	27.4	1018.39	47.04	246774	AS7341	flash	5	100	999	10	100.0	0.15
2026-07-09T14:45:14.533	438	914	613	1156	2956	2882	3344	3644	3940	512	27.42	1018.39	47.03	248449	AS7341	flash	5	100	999	10	100.0	0.15
2026-07-09T14:45:16.550	438	914	613	1156	2957	2881	3344	3643	3940	512	27.42	1018.37	47.03	248075	AS7341	flash	5	100	999	10	100.0	0.15
2026-07-09T14:45:18.564	437	914	613	1157	2957	2881	3344	3643	3940	513	27.42	1018.37	47.01	246589	AS7341	flash	5	100	999	10	100.0	0.15
2026-07-09T14:45:20.577	437	914	613	1156	2956	2880	3343	3642	3939	512	27.43	1018.37	47.01	247888	AS7341	flash	5	100	999	10	100.0	0.15
2026-07-09T14:45:22.595	438	914	613	1156	2955	2880	3343	3642	3939	512	27.42	1018.34	47.03	248075	AS7341	flash	5	100	999	10	100.0	0.15
2026-07-09T14:45:24.610	438	914	613	1156	2955	2879	3342	3641	3938	512	27.43	1018.32	47.0	246404	AS7341	flash	5	100	999	10	100.0	0.15
2026-07-09T14:45:26.518	437	914	613	1156	2954	2879	3341	3640	3937	512	27.44	1018.33	47.0	248637	AS7341	flash	5	100	999	10	100.0	0.15
2026-07-09T14:45:28.548	437	915	613	1156	2955	2880	3342	3641	3938	512	27.43	1018.36	47.0	247702	AS7341	flash	5	100	999	10	100.0	0.15
2026-07-09T14:45:30.562	437	914	613	1156	2955	2880	3342	3641	3938	512	27.45	1018.35	47.01	247888	AS7341	flash	5	100	999	10	100.0	0.15
2026-07-09T14:45:32.578	438	915	613	1156	2954	2879	3341	3640	3937	512	27.45	1018.33	47.0	246036	AS7341	flash	5	100	999	10	100.0	0.15
2026-07-09T14:45:34.603	438	915	613	1156	2953	2878	3340	3639	3936	512	27.45	1018.33	46.99	249013	AS7341	flash	5	100	999	10	100.0	0.15
2026-07-09T14:45:36.613	437	915	613	1156	2954	2878	3340	3640	3936	512	27.46	1018.35	46.99	248262	AS7341	flash	5	100	999	10	100.0	0.15
2026-07-09T14:45:38.632	438	915	613	1156	2954	2879	3341	3640	3937	512	27.46	1018.33	46.99	247702	AS7341	flash	5	100	999	10	100.0	0.15
2026-07-09T14:45:40.544	437	915	613	1156	2954	2878	3340	3639	3936	512	27.48	1018.32	46.98	248824	AS7341	flash	5	100	999	10	100.0	0.15
2026-07-09T14:45:42.564	438	915	613	1156	2953	2878	3340	3639	3936	512	27.47	1018.35	46.98	247888	AS7341	flash	5	100	999	10	100.0	0.15
2026-07-09T14:45:44.574	437	915	613	1156	2953	2877	3339	3638	3935	512	27.47	1018.33	46.97	247888	AS7341	flash	5	100	999	10	100.0	0.15
2026-07-09T14:45:46.593	437	915	613	1156	2952	2877	3338	3638	3935	512	27.47	1018.35	46.97	248075	AS7341	flash	5	100	999	10	100.0	0.15
2026-07-09T14:45:48.608	438	915	613	1156	2952	2876	3338	3637	3934	512	27.48	1018.33	46.97	247144	AS7341	flash	5	100	999	10	100.0	0.15
2026-07-09T14:45:50.635	438	915	613	1156	2953	2876	3338	3638	3935	512	27.49	1018.32	46.97	247515	AS7341	flash	5	100	999	10	100.0	0.15
2026-07-09T14:45:52.546	438	915	613	1155	2951	2875	3337	3636	3933	512	27.5	1018.29	46.97	247888	AS7341	flash	5	100	999	10	100.0	0.15
2026-07-09T14:45:54.561	437	915	613	1156	2952	2876	3338	3637	3934	512	27.5	1018.32	46.97	248637	AS7341	flash	5	100	999	10	100.0	0.15
2026-07-09T14:45:56.579	437	915	613	1156	2951	2876	3337	3636	3934	512	27.51	1018.33	46.98	247888	AS7341	flash	5	100	999	10	100.0	0.15
2026-07-09T14:45:58.592	437	916	614	1156	2952	2876	3338	3637	3935	512	27.51	1018.37	46.98	246774	AS7341	flash	5	100	999	10	100.0	0.15
2026-07-09T14:46:00.620	437	916	613	1156	2952	2876	3338	3637	3935	512	27.51	1018.32	46.98	246774	AS7341	flash	5	100	999	10	100.0	0.15
2026-07-09T14:46:02.634	437	916	613	1156	2951	2876	3337	3636	3934	512	27.51	1018.3	46.99	247329	AS7341	flash	5	100	999	10	100.0	0.15
2026-07-09T14:46:04.539	437	915	613	1155	2950	2874	3336	3635	3932	512	27.52	1018.32	46.96	247888	AS7341	flash	5	100	999	10	100.0	0.15
2026-07-09T14:46:06.556	437	915	613	1156	2950	2874	3336	3635	3932	512	27.53	1018.34	46.97	247702	AS7341	flash	5	100	999	10	100.0	0.15
2026-07-09T14:46:08.570	437	916	614	1156	2951	2875	3337	3636	3934	512	27.53	1018.33	46.97	247702	AS7341	flash	5	100	999	10	100.0	0.15
2026-07-09T14:46:10.588	437	916	613	1156	2951	2875	3336	3635	3933	512	27.54	1018.33	46.98	247515	AS7341	flash	5	100	999	10	100.0	0.15
2026-07-09T14:46:12.605	437	916	614	1156	2950	2875	3336	3635	3932	512	27.54	1018.32	46.96	248262	AS7341	flash	5	100	999	10	100.0	0.15
2026-07-09T14:46:14.621	437	916	614	1156	2951	2875	3336	3636	3934	512	27.54	1018.31	46.97	247515	AS7341	flash	5	100	999	10	100.0	0.15
2026-07-09T14:46:16.635	437	916	614	1155	2950	2873	3335	3634	3931	512	27.54	1018.33	46.97	246959	AS7341	flash	5	100	999	10	100.0	0.15
2026-07-09T14:46:18.543	437	916	614	1155	2949	2873	3334	3633	3931	512	27.56	1018.31	46.97	247888	AS7341	flash	5	100	999	10	100.0	0.15
2026-07-09T14:46:20.569	438	916	613	1155	2949	2873	3334	3633	3931	511	27.56	1018.32	46.98	248075	AS7341	flash	5	100	999	10	100.0	0.15
2026-07-09T14:46:22.584	437	916	614	1155	2949	2873	3334	3633	3931	511	27.55	1018.33	46.98	247144	AS7341	flash	5	100	999	10	100.0	0.15
2026-07-09T14:46:24.598	437	916	614	1155	2949	2872	3333	3633	3930	511	27.56	1018.31	46.98	247515	AS7341	flash	5	100	999	10	100.0	0.15
2026-07-09T14:46:26.617	437	916	613	1155	2948	2872	3333	3632	3930	511	27.56	1018.3	46.99	246774	AS7341	flash	5	100	999	10	100.0	0.15
2026-07-09T14:46:28.632	438	916	614	1155	2948	2872	3332	3632	3930	511	27.57	1018.36	46.99	247515	AS7341	flash	5	100	999	10	100.0	0.15
2026-07-09T14:46:30.538	437	916	614	1155	2948	2871	3332	3632	3929	511	27.58	1018.35	47.0	247888	AS7341	flash	5	100	999	10	100.0	0.15
2026-07-09T14:46:32.554	438	917	614	1155	2948	2871	3332	3632	3930	511	27.58	1018.33	46.98	247888	AS7341	flash	5	100	999	10	100.0	0.15
2026-07-09T14:46:34.580	436	916	614	1155	2947	2871	3331	3631	3929	511	27.58	1018.34	46.98	247144	AS7341	flash	5	100	999	10	100.0	0.15
2026-07-09T14:46:36.596	438	916	614	1155	2947	2870	3331	3631	3928	511	27.59	1018.35	46.99	248637	AS7341	flash	5	100	999	10	100.0	0.15
2026-07-09T14:46:38.615	437	917	614	1155	2946	2870	3331	3631	3928	511	27.59	1018.31	46.99	248824	AS7341	flash	5	100	999	10	100.0	0.15
2026-07-09T14:46:40.634	437	917	613	1155	2948	2871	3332	3632	3930	511	27.59	1018.34	46.99	247515	AS7341	flash	5	100	999	10	100.0	0.15
2026-07-09T14:46:42.554	436	916	614	1154	2946	2869	3329	3629	3927	511	27.61	1018.35	46.98	248075	AS7341	flash	5	100	999	10	100.0	0.15
2026-07-09T14:46:44.565	436	917	614	1154	2945	2869	3329	3629	3927	511	27.6	1018.32	46.98	247329	AS7341	flash	5	100	999	10	100.0	0.15
2026-07-09T14:46:46.584	436	916	613	1154	2945	2869	3330	3629	3927	511	27.61	1018.34	46.98	246959	AS7341	flash	5	100	999	10	100.0	0.15
2026-07-09T14:46:48.601	437	917	613	1154	2945	2869	3329	3629	3927	511	27.61	1018.33	47.0	246959	AS7341	flash	5	100	999	10	100.0	0.15
2026-07-09T14:46:50.619	438	917	614	1155	2945	2869	3329	3629	3927	511	27.61	1018.33	46.98	250910	AS7341	flash	5	100	999	10	100.0	0.15
2026-07-09T14:46:52.627	437	917	614	1154	2945	2868	3329	3629	3927	511	27.61	1018.31	46.99	249013	AS7341	flash	5	100	999	10	100.0	0.15
2026-07-09T14:46:54.543	437	917	614	1154	2945	2868	3329	3629	3927	511	27.63	1018.3	47.0	247329	AS7341	flash	5	100	999	10	100.0	0.15
2026-07-09T14:46:56.557	437	917	614	1154	2945	2868	3329	3629	3927	511	27.63	1018.31	46.99	247515	AS7341	flash	5	100	999	10	100.0	0.15
2026-07-09T14:46:58.568	437	917	614	1154	2945	2868	3328	3628	3926	511	27.64	1018.37	46.98	247329	AS7341	flash	5	100	999	10	100.0	0.15
2026-07-09T14:47:00.584	436	917	614	1154	2944	2868	3328	3628	3926	511	27.64	1018.34	46.99	247144	AS7341	flash	5	100	999	10	100.0	0.15
2026-07-09T14:47:02.600	437	917	614	1154	2944	2867	3328	3628	3926	511	27.64	1018.36	46.99	247515	AS7341	flash	5	100	999	10	100.0	0.15
2026-07-09T14:47:04.610	437	917	613	1154	2944	2867	3327	3627	3925	511	27.64	1018.33	46.99	248262	AS7341	flash	5	100	999	10	100.0	0.15
2026-07-09T14:47:06.625	437	917	613	1154	2944	2867	3328	3628	3926	511	27.65	1018.31	47.0	247144	AS7341	flash	5	100	999	10	100.0	0.15
2026-07-09T14:47:08.529	437	917	614	1154	2943	2866	3326	3627	3925	511	27.67	1018.36	47.0	248075	AS7341	flash	5	100	999	10	100.0	0.15
2026-07-09T14:47:10.542	438	918	613	1154	2945	2868	3328	3629	3927	511	27.66	1018.35	46.99	247144	AS7341	flash	5	100	999	10	100.0	0.15
2026-07-09T14:47:12.569	438	918	613	1154	2944	2866	3327	3627	3925	511	27.66	1018.33	47.01	248262	AS7341	flash	5	100	999	10	100.0	0.15
2026-07-09T14:47:14.578	438	918	613	1154	2943	2866	3326	3626	3925	511	27.67	1018.33	47.0	247702	AS7341	flash	5	100	999	10	100.0	0.15
2026-07-09T14:47:16.590	437	918	614	1154	2944	2867	3327	3627	3925	511	27.67	1018.34	47.0	248262	AS7341	flash	5	100	999	10	100.0	0.15
2026-07-09T14:47:18.605	436	918	613	1154	2942	2865	3326	3626	3924	511	27.67	1018.32	47.01	246404	AS7341	flash	5	100	999	10	100.0	0.15
2026-07-09T14:47:20.627	436	918	613	1154	2942	2865	3325	3626	3924	511	27.67	1018.34	47.02	246959	AS7341	flash	5	100	999	10	100.0	0.15
2026-07-09T14:47:22.539	436	918	613	1153	2941	2864	3324	3624	3922	511	27.69	1018.34	47.02	247144	AS7341	flash	5	100	999	10	100.0	0.15
2026-07-09T14:47:24.557	436	918	613	1154	2941	2864	3324	3625	3922	511	27.69	1018.33	47.02	246589	AS7341	flash	5	100	999	10	100.0	0.15
2026-07-09T14:47:26.569	436	918	613	1153	2941	2864	3324	3625	3922	511	27.68	1018.33	47.01	246404	AS7341	flash	5	100	999	10	100.0	0.15
2026-07-09T14:47:28.590	436	918	613	1153	2941	2864	3324	3625	3922	511	27.69	1018.31	47.02	246404	AS7341	flash	5	100	999	10	100.0	0.15
2026-07-09T14:47:30.616	436	918	613	1153	2940	2863	3323	3624	3922	511	27.68	1018.32	47.03	246404	AS7341	flash	5	100	999	10	100.0	0.15
2026-07-09T14:47:32.633	436	918	613	1153	2940	2863	3323	3624	3922	511	27.7	1018.33	47.04	246404	AS7341	flash	5	100	999	10	100.0	0.15
2026-07-09T14:47:34.645	436	918	614	1153	2940	2862	3322	3624	3921	511	27.7	1018.33	47.04	246220	AS7341	flash	5	100	999	10	100.0	0.15
2026-07-09T14:47:36.562	436	918	613	1153	2939	2862	3321	3623	3920	510	27.71	1018.33	47.06	246404	AS7341	flash	5	100	999	10	100.0	0.15
2026-07-09T14:47:38.579	436	918	613	1153	2939	2862	3322	3623	3921	510	27.7	1018.32	47.04	246036	AS7341	flash	5	100	999	10	100.0	0.15
2026-07-09T14:47:40.596	437	919	613	1153	2940	2862	3322	3623	3922	511	27.71	1018.34	47.05	245852	AS7341	flash	5	100	999	10	100.0	0.15
2026-07-09T14:47:42.615	436	918	613	1153	2939	2862	3321	3623	3920	510	27.71	1018.36	47.04	246036	AS7341	flash	5	100	999	10	100.0	0.15
2026-07-09T14:47:44.627	437	919	613	1153	2939	2862	3322	3623	3921	510	27.71	1018.34	47.06	246959	AS7341	flash	5	100	999	10	100.0	0.15
2026-07-09T14:47:46.637	436	919	613	1153	2938	2861	3320	3622	3919	510	27.72	1018.36	47.07	246036	AS7341	flash	5	100	999	10	100.0	0.15
2026-07-09T14:47:48.647	436	919	613	1153	2938	2861	3321	3622	3920	510	27.71	1018.32	47.09	246036	AS7341	flash	5	100	999	10	100.0	0.15
2026-07-09T14:47:50.554	437	918	613	1152	2938	2860	3320	3621	3919	510	27.73	1018.34	47.08	246959	AS7341	flash	5	100	999	10	100.0	0.15
2026-07-09T14:47:52.565	436	918	613	1152	2938	2860	3320	3622	3919	510	27.73	1018.32	47.1	246404	AS7341	flash	5	100	999	10	100.0	0.15
2026-07-09T14:47:54.585	436	919	613	1152	2938	2860	3320	3622	3919	510	27.73	1018.32	47.11	246589	AS7341	flash	5	100	999	10	100.0	0.15
2026-07-09T14:47:56.600	436	919	613	1152	2938	2860	3320	3622	3919	510	27.73	1018.32	47.1	247329	AS7341	flash	5	100	999	10	100.0	0.15
2026-07-09T14:47:58.625	436	919	613	1152	2937	2859	3319	3621	3918	510	27.73	1018.32	47.12	245486	AS7341	flash	5	100	999	10	100.0	0.15
2026-07-09T14:48:00.639	436	919	613	1152	2937	2859	3319	3621	3919	510	27.73	1018.32	47.13	245669	AS7341	flash	5	100	999	10	100.0	0.15
2026-07-09T14:48:02.650	437	919	613	1152	2936	2858	3318	3620	3917	510	27.74	1018.33	47.13	246220	AS7341	flash	5	100	999	10	100.0	0.15
2026-07-09T14:48:04.561	436	919	613	1152	2935	2858	3317	3619	3917	510	27.75	1018.28	47.13	246774	AS7341	flash	5	100	999	10	100.0	0.15
2026-07-09T14:48:06.589	436	919	613	1152	2935	2858	3317	3619	3916	510	27.75	1018.33	47.13	246036	AS7341	flash	5	100	999	10	100.0	0.15
2026-07-09T14:48:08.607	436	919	613	1152	2936	2858	3317	3620	3916	510	27.75	1018.37	47.14	247515	AS7341	flash	5	100	999	10	100.0	0.15
2026-07-09T14:48:10.626	436	919	613	1152	2936	2858	3318	3620	3917	510	27.75	1018.32	47.15	246036	AS7341	flash	5	100	999	10	100.0	0.15
2026-07-09T14:48:12.636	436	919	613	1152	2936	2858	3318	3620	3917	510	27.75	1018.31	47.14	245669	AS7341	flash	5	100	999	10	100.0	0.15
2026-07-09T14:48:14.544	437	919	613	1152	2934	2857	3317	3619	3916	510	27.77	1018.32	47.14	246404	AS7341	flash	5	100	999	10	100.0	0.15
2026-07-09T14:48:16.557	436	920	613	1152	2935	2858	3318	3620	3917	510	27.78	1018.36	47.15	246774	AS7341	flash	5	100	999	10	100.0	0.15
2026-07-09T14:48:18.572	436	920	613	1152	2935	2858	3317	3620	3917	510	27.76	1018.35	47.15	247144	AS7341	flash	5	100	999	10	100.0	0.15
2026-07-09T14:48:20.583	437	920	613	1152	2935	2857	3316	3619	3916	510	27.77	1018.35	47.15	245669	AS7341	flash	5	100	999	10	100.0	0.15
2026-07-09T14:48:22.595	436	920	613	1152	2935	2857	3316	3619	3916	510	27.78	1018.33	47.17	245669	AS7341	flash	5	100	999	10	100.0	0.15
2026-07-09T14:48:24.610	436	920	613	1152	2934	2856	3316	3618	3915	510	27.77	1018.3	47.17	245669	AS7341	flash	5	100	999	10	100.0	0.15
2026-07-09T14:48:26.628	436	920	613	1151	2934	2856	3316	3618	3915	510	27.79	1018.34	47.17	248637	AS7341	flash	5	100	999	10	100.0	0.15
2026-07-09T14:48:28.645	436	920	613	1152	2933	2856	3315	3618	3915	510	27.79	1018.31	47.19	245486	AS7341	flash	5	100	999	10	100.0	0.15
2026-07-09T14:48:30.547	436	920	613	1151	2933	2855	3314	3617	3914	510	27.81	1018.32	47.17	246774	AS7341	flash	5	100	999	10	100.0	0.15
2026-07-09T14:48:32.571	437	920	613	1151	2933	2854	3314	3617	3914	510	27.8	1018.34	47.18	246404	AS7341	flash	5	100	999	10	100.0	0.15
2026-07-09T14:48:34.598	436	920	613	1151	2932	2854	3314	3616	3913	510	27.79	1018.33	47.18	247144	AS7341	flash	5	100	999	10	100.0	0.15
2026-07-09T14:48:36.614	436	920	613	1151	2933	2855	3315	3618	3915	510	27.81	1018.35	47.19	248449	AS7341	flash	5	100	999	10	100.0	0.15
2026-07-09T14:48:38.634	436	920	613	1151	2931	2853	3313	3616	3912	510	27.81	1018.35	47.19	246774	AS7341	flash	5	100	999	10	100.0	0.15
2026-07-09T14:48:40.655	437	920	613	1151	2932	2854	3313	3616	3913	510	27.81	1018.32	47.2	248824	AS7341	flash	5	100	999	10	100.0	0.15
2026-07-09T14:48:42.557	437	920	613	1151	2931	2853	3312	3615	3912	510	27.82	1018.33	47.18	247515	AS7341	flash	5	100	999	10	100.0	0.15
2026-07-09T14:48:44.575	436	920	613	1151	2931	2853	3312	3615	3912	510	27.82	1018.31	47.2	245852	AS7341	flash	5	100	999	10	100.0	0.15
2026-07-09T14:48:46.590	436	920	613	1151	2931	2853	3313	3616	3912	510	27.82	1018.3	47.2	246589	AS7341	flash	5	100	999	10	100.0	0.15
2026-07-09T14:48:48.611	436	920	613	1151	2931	2853	3313	3616	3913	510	27.82	1018.3	47.2	250147	AS7341	flash	5	100	999	10	100.0	0.15
2026-07-09T14:48:50.623	436	920	613	1151	2931	2853	3313	3616	3912	510	27.83	1018.34	47.22	245486	AS7341	flash	5	100	999	10	100.0	0.15
2026-07-09T14:48:52.638	436	921	613	1151	2930	2852	3312	3615	3912	510	27.83	1018.32	47.22	245669	AS7341	flash	5	100	999	10	100.0	0.15
2026-07-09T14:48:54.562	437	920	614	1150	2930	2851	3311	3614	3911	510	27.84	1018.3	47.2	247144	AS7341	flash	5	100	999	10	100.0	0.15
2026-07-09T14:48:56.577	436	921	613	1151	2929	2851	3310	3614	3910	509	27.84	1018.33	47.2	248824	AS7341	flash	5	100	999	10	100.0	0.15
2026-07-09T14:48:58.593	436	921	614	1151	2929	2850	3310	3614	3910	509	27.85	1018.35	47.21	246404	AS7341	flash	5	100	999	10	100.0	0.15
2026-07-09T14:49:00.608	436	920	613	1150	2929	2850	3310	3613	3910	509	27.85	1018.33	47.22	244938	AS7341	flash	5	100	999	10	100.0	0.15
2026-07-09T14:49:02.632	436	920	613	1150	2928	2850	3310	3613	3909	509	27.85	1018.32	47.23	249768	AS7341	flash	5	100	999	10	100.0	0.15
2026-07-09T14:49:04.645	436	921	613	1150	2929	2850	3310	3613	3910	509	27.85	1018.31	47.23	246404	AS7341	flash	5	100	999	10	100.0	0.15
2026-07-09T14:49:06.553	436	921	614	1150	2928	2850	3309	3612	3909	509	27.87	1018.31	47.23	245669	AS7341	flash	5	100	999	10	100.0	0.15
2026-07-09T14:49:08.568	437	921	613	1150	2928	2849	3309	3612	3908	509	27.87	1018.35	47.23	246774	AS7341	flash	5	100	999	10	100.0	0.15
2026-07-09T14:49:10.586	436	921	613	1150	2928	2850	3309	3613	3909	509	27.86	1018.36	47.24	245303	AS7341	flash	5	100	999	10	100.0	0.15
2026-07-09T14:49:12.605	437	921	613	1150	2927	2849	3309	3612	3908	509	27.88	1018.32	47.25	248824	AS7341	flash	5	100	999	10	100.0	0.15
2026-07-09T14:49:14.621	437	921	614	1150	2927	2849	3308	3612	3908	509	27.87	1018.33	47.25	249013	AS7341	flash	5	100	999	10	100.0	0.15
2026-07-09T14:49:16.642	436	921	614	1150	2927	2849	3308	3612	3909	509	27.87	1018.31	47.26	246404	AS7341	flash	5	100	999	10	100.0	0.15
2026-07-09T14:49:18.551	436	921	614	1150	2927	2849	3308	3612	3909	509	27.89	1018.34	47.26	249957	AS7341	flash	5	100	999	10	100.0	0.15
2026-07-09T14:49:20.566	436	921	614	1150	2927	2849	3308	3612	3908	509	27.89	1018.3	47.28	249013	AS7341	flash	5	100	999	10	100.0	0.15
2026-07-09T14:49:22.579	436	921	614	1150	2926	2848	3307	3611	3907	509	27.89	1018.33	47.28	246404	AS7341	flash	5	100	999	10	100.0	0.15
2026-07-09T14:49:24.597	437	921	614	1150	2927	2848	3308	3612	3908	509	27.89	1018.32	47.28	246220	AS7341	flash	5	100	999	10	100.0	0.15
2026-07-09T14:49:26.606	437	921	614	1149	2925	2847	3306	3611	3907	509	27.89	1018.32	47.3	244393	AS7341	flash	5	100	999	10	100.0	0.15
2026-07-09T14:49:28.625	436	921	614	1150	2926	2847	3307	3611	3907	509	27.89	1018.32	47.3	247888	AS7341	flash	5	100	999	10	100.0	0.15
2026-07-09T14:49:30.639	436	921	614	1149	2926	2847	3307	3612	3908	509	27.89	1018.3	47.31	244574	AS7341	flash	5	100	999	10	100.0	0.15
2026-07-09T14:49:32.547	437	922	614	1149	2924	2846	3305	3610	3906	509	27.9	1018.31	47.31	249579	AS7341	flash	5	100	999	10	100.0	0.15
2026-07-09T14:49:34.576	436	921	614	1149	2925	2846	3305	3610	3906	509	27.9	1018.31	47.32	246036	AS7341	flash	5	100	999	10	100.0	0.15
2026-07-09T14:49:36.604	436	921	614	1149	2925	2846	3306	3610	3906	509	27.9	1018.31	47.33	245669	AS7341	flash	5	100	999	10	100.0	0.15
2026-07-09T14:49:38.632	436	922	614	1149	2925	2846	3306	3611	3907	509	27.9	1018.33	47.32	244938	AS7341	flash	5	100	999	10	100.0	0.15
2026-07-09T14:49:40.651	436	922	614	1149	2925	2846	3306	3611	3907	509	27.9	1018.33	47.35	246589	AS7341	flash	5	100	999	10	100.0	0.15
2026-07-09T14:49:42.563	436	921	614	1149	2923	2844	3303	3608	3903	509	27.91	1018.31	47.36	249013	AS7341	flash	5	100	999	10	100.0	0.15
2026-07-09T14:49:44.586	436	922	614	1149	2924	2845	3304	3609	3905	509	27.91	1018.32	47.36	248824	AS7341	flash	5	100	999	10	100.0	0.15
2026-07-09T14:49:46.614	436	922	613	1149	2923	2844	3303	3608	3904	509	27.91	1018.3	47.36	244031	AS7341	flash	5	100	999	10	100.0	0.15
2026-07-09T14:49:48.634	436	922	614	1149	2924	2844	3304	3609	3905	509	27.91	1018.32	47.36	247515	AS7341	flash	5	100	999	10	100.0	0.15
2026-07-09T14:49:50.650	435	922	613	1148	2923	2844	3303	3608	3903	509	27.91	1018.31	47.38	245121	AS7341	flash	5	100	999	10	100.0	0.15
2026-07-09T14:49:52.554	435	922	613	1148	2921	2842	3302	3606	3902	509	27.92	1018.32	47.39	247888	AS7341	flash	5	100	999	10	100.0	0.15
2026-07-09T14:49:54.577	436	922	614	1148	2922	2843	3302	3607	3903	509	27.92	1018.34	47.41	245669	AS7341	flash	5	100	999	10	100.0	0.15
2026-07-09T14:49:56.594	436	922	614	1148	2922	2843	3303	3608	3903	509	27.92	1018.34	47.4	244574	AS7341	flash	5	100	999	10	100.0	0.15
2026-07-09T14:49:58.610	436	922	614	1148	2921	2843	3302	3607	3902	509	27.92	1018.3	47.41	246036	AS7341	flash	5	100	999	10	100.0	0.15
2026-07-09T14:50:00.635	436	922	614	1149	2922	2843	3303	3608	3903	509	27.92	1018.34	47.4	244574	AS7341	flash	5	100	999	10	100.0	0.15
2026-07-09T14:50:02.653	436	922	614	1148	2921	2842	3301	3607	3902	509	27.92	1018.31	47.43	248262	AS7341	flash	5	100	999	10	100.0	0.15
2026-07-09T14:50:04.563	435	922	614	1148	2920	2841	3300	3606	3901	509	27.94	1018.36	47.42	249201	AS7341	flash	5	100	999	10	100.0	0.15
2026-07-09T14:50:06.578	435	922	614	1148	2920	2841	3301	3607	3901	509	27.93	1018.35	47.43	244031	AS7341	flash	5	100	999	10	100.0	0.15
2026-07-09T14:50:08.591	436	922	614	1148	2921	2842	3301	3607	3902	509	27.94	1018.32	47.44	249390	AS7341	flash	5	100	999	10	100.0	0.15
2026-07-09T14:50:10.611	436	922	614	1148	2920	2841	3301	3606	3901	509	27.93	1018.33	47.43	244212	AS7341	flash	5	100	999	10	100.0	0.15
2026-07-09T14:50:12.629	435	922	614	1148	2920	2840	3300	3606	3901	509	27.94	1018.31	47.45	248449	AS7341	flash	5	100	999	10	100.0	0.15
2026-07-09T14:50:14.653	435	922	614	1148	2920	2841	3300	3606	3901	509	27.94	1018.35	47.47	248262	AS7341	flash	5	100	999	10	100.0	0.15
2026-07-09T14:50:16.567	435	922	614	1148	2918	2839	3298	3604	3899	508	27.95	1018.33	47.46	245486	AS7341	flash	5	100	999	10	100.0	0.15
2026-07-09T14:50:18.587	435	922	614	1147	2919	2840	3299	3606	3900	509	27.95	1018.33	47.46	248637	AS7341	flash	5	100	999	10	100.0	0.15
2026-07-09T14:50:20.602	435	922	614	1148	2918	2839	3299	3605	3899	508	27.95	1018.3	47.45	248262	AS7341	flash	5	100	999	10	100.0	0.15
2026-07-09T14:50:22.623	435	922	614	1148	2918	2839	3299	3605	3899	508	27.95	1018.31	47.47	244393	AS7341	flash	5	100	999	10	100.0	0.15
2026-07-09T14:50:24.640	435	922	614	1147	2918	2839	3298	3605	3899	508	27.94	1018.31	47.48	247144	AS7341	flash	5	100	999	10	100.0	0.15
2026-07-09T14:50:26.651	435	922	614	1147	2918	2839	3298	3604	3899	508	27.95	1018.3	47.48	247515	AS7341	flash	5	100	999	10	100.0	0.15
2026-07-09T14:50:28.670	435	923	614	1147	2917	2839	3298	3604	3898	508	27.95	1018.33	47.47	245121	AS7341	flash	5	100	999	10	100.0	0.15
2026-07-09T14:50:30.579	435	923	614	1147	2917	2838	3297	3604	3898	508	27.96	1018.3	47.49	248449	AS7341	flash	5	100	999	10	100.0	0.15
2026-07-09T14:50:32.605	435	922	614	1147	2918	2838	3298	3604	3899	508	27.96	1018.32	47.47	243490	AS7341	flash	5	100	999	10	100.0	0.15
2026-07-09T14:50:34.628	435	923	614	1147	2917	2838	3297	3604	3898	508	27.96	1018.34	47.49	247515	AS7341	flash	5	100	999	10	100.0	0.15
2026-07-09T14:50:36.649	435	923	614	1147	2918	2838	3298	3605	3899	508	27.96	1018.32	47.5	243310	AS7341	flash	5	100	999	10	100.0	0.15
2026-07-09T14:50:38.669	435	923	614	1147	2917	2838	3298	3604	3898	508	27.96	1018.31	47.49	246220	AS7341	flash	5	100	999	10	100.0	0.15
2026-07-09T14:50:40.588	435	923	614	1147	2916	2837	3297	3603	3897	508	27.97	1018.33	47.51	244938	AS7341	flash	5	100	999	10	100.0	0.15
2026-07-09T14:50:42.598	435	923	614	1147	2916	2837	3296	3603	3897	508	27.97	1018.33	47.51	246404	AS7341	flash	5	100	999	10	100.0	0.15
2026-07-09T14:50:44.613	436	923	614	1147	2916	2837	3296	3603	3897	508	27.98	1018.33	47.52	244574	AS7341	flash	5	100	999	10	100.0	0.15
2026-07-09T14:50:46.625	435	923	614	1147	2915	2836	3296	3602	3896	508	27.97	1018.34	47.51	247144	AS7341	flash	5	100	999	10	100.0	0.15
2026-07-09T14:50:48.638	436	923	614	1147	2915	2836	3296	3603	3896	508	27.97	1018.33	47.52	247515	AS7341	flash	5	100	999	10	100.0	0.15
2026-07-09T14:50:50.653	435	923	614	1147	2915	2835	3295	3602	3896	508	27.98	1018.33	47.52	243130	AS7341	flash	5	100	999	10	100.0	0.15
2026-07-09T14:50:52.676	435	923	614	1147	2915	2836	3295	3602	3896	508	27.99	1018.32	47.52	243310	AS7341	flash	5	100	999	10	100.0	0.15
2026-07-09T14:50:54.585	435	923	614	1146	2914	2835	3295	3601	3896	508	28.0	1018.33	47.52	244574	AS7341	flash	5	100	999	10	100.0	0.15
2026-07-09T14:50:56.607	435	923	614	1146	2915	2836	3295	3602	3896	508	27.99	1018.3	47.52	244393	AS7341	flash	5	100	999	10	100.0	0.15
2026-07-09T14:50:58.623	435	924	614	1147	2915	2836	3296	3603	3896	508	27.99	1018.3	47.52	243850	AS7341	flash	5	100	999	10	100.0	0.15
2026-07-09T14:51:00.634	435	923	614	1146	2914	2835	3295	3602	3896	508	27.99	1018.33	47.52	243310	AS7341	flash	5	100	999	10	100.0	0.15
2026-07-09T14:51:02.654	435	923	614	1146	2914	2835	3294	3601	3895	508	28.0	1018.3	47.53	247888	AS7341	flash	5	100	999	10	100.0	0.15
2026-07-09T14:51:04.674	435	924	614	1147	2915	2836	3295	3602	3896	508	28.0	1018.34	47.53	245486	AS7341	flash	5	100	999	10	100.0	0.15
2026-07-09T14:51:06.584	435	923	614	1146	2913	2834	3293	3601	3894	508	28.01	1018.32	47.53	244756	AS7341	flash	5	100	999	10	100.0	0.15
2026-07-09T14:51:08.608	435	923	614	1146	2914	2834	3294	3601	3895	508	28.01	1018.38	47.53	246774	AS7341	flash	5	100	999	10	100.0	0.15
2026-07-09T14:51:10.626	435	924	614	1146	2914	2834	3294	3601	3894	508	28.01	1018.31	47.54	247888	AS7341	flash	5	100	999	10	100.0	0.15
2026-07-09T14:51:12.641	435	923	614	1146	2913	2833	3293	3600	3893	508	28.01	1018.35	47.53	244393	AS7341	flash	5	100	999	10	100.0	0.15
2026-07-09T14:51:14.656	436	923	614	1146	2913	2833	3293	3600	3893	508	28.01	1018.34	47.55	247329	AS7341	flash	5	100	999	10	100.0	0.15
2026-07-09T14:51:16.681	435	924	614	1146	2913	2834	3293	3601	3894	508	28.01	1018.34	47.54	247329	AS7341	flash	5	100	999	10	100.0	0.15
2026-07-09T14:51:18.589	435	923	614	1146	2912	2832	3292	3599	3893	508	28.03	1018.37	47.56	246036	AS7341	flash	5	100	999	10	100.0	0.15
2026-07-09T14:51:20.608	435	924	614	1145	2911	2832	3291	3599	3892	508	28.02	1018.33	47.55	247515	AS7341	flash	5	100	999	10	100.0	0.15
2026-07-09T14:51:22.623	435	923	614	1146	2912	2832	3292	3599	3893	508	28.02	1018.35	47.56	247329	AS7341	flash	5	100	999	10	100.0	0.15
2026-07-09T14:51:24.645	435	924	614	1145	2912	2832	3292	3599	3892	508	28.02	1018.35	47.58	246036	AS7341	flash	5	100	999	10	100.0	0.15
2026-07-09T14:51:26.659	435	923	614	1145	2910	2831	3290	3598	3891	508	28.02	1018.34	47.58	242772	AS7341	flash	5	100	999	10	100.0	0.15
2026-07-09T14:51:28.673	435	924	614	1146	2912	2833	3292	3600	3894	508	28.02	1018.34	47.59	247144	AS7341	flash	5	100	999	10	100.0	0.15
2026-07-09T14:51:30.580	435	924	614	1145	2910	2831	3290	3598	3891	508	28.03	1018.35	47.57	243130	AS7341	flash	5	100	999	10	100.0	0.15
2026-07-09T14:51:32.593	435	924	614	1145	2910	2831	3290	3598	3891	508	28.02	1018.33	47.57	245669	AS7341	flash	5	100	999	10	100.0	0.15
2026-07-09T14:51:34.610	435	924	614	1145	2910	2831	3290	3598	3891	508	28.03	1018.36	47.58	247888	AS7341	flash	5	100	999	10	100.0	0.15
2026-07-09T14:51:36.628	435	924	614	1145	2911	2831	3290	3598	3892	508	28.03	1018.34	47.58	245852	AS7341	flash	5	100	999	10	100.0	0.15
2026-07-09T14:51:38.643	435	924	614	1145	2910	2830	3289	3597	3890	508	28.03	1018.3	47.6	245121	AS7341	flash	5	100	999	10	100.0	0.15
2026-07-09T14:51:40.669	435	924	614	1145	2910	2830	3289	3597	3890	508	28.03	1018.32	47.6	244574	AS7341	flash	5	100	999	10	100.0	0.15
2026-07-09T14:51:42.586	435	924	614	1145	2909	2830	3289	3597	3890	508	28.05	1018.36	47.61	246036	AS7341	flash	5	100	999	10	100.0	0.15
2026-07-09T14:51:44.604	435	924	614	1145	2909	2830	3289	3597	3890	507	28.05	1018.34	47.59	247515	AS7341	flash	5	100	999	10	100.0	0.15
2026-07-09T14:51:46.620	435	924	614	1145	2909	2829	3288	3597	3890	508	28.04	1018.35	47.6	245486	AS7341	flash	5	100	999	10	100.0	0.15
2026-07-09T14:51:48.632	435	924	614	1145	2909	2830	3289	3597	3890	508	28.04	1018.33	47.6	247888	AS7341	flash	5	100	999	10	100.0	0.15
2026-07-09T14:51:50.650	435	924	614	1145	2910	2830	3289	3598	3891	508	28.05	1018.32	47.59	245303	AS7341	flash	5	100	999	10	100.0	0.15
2026-07-09T14:51:52.671	435	925	614	1145	2910	2830	3290	3598	3891	508	28.05	1018.36	47.61	247515	AS7341	flash	5	100	999	10	100.0	0.15
2026-07-09T14:51:54.579	435	924	614	1145	2908	2829	3288	3596	3889	507	28.06	1018.32	47.59	249013	AS7341	flash	5	100	999	10	100.0	0.15
2026-07-09T14:51:56.596	435	924	614	1145	2910	2830	3290	3598	3891	508	28.06	1018.34	47.6	247888	AS7341	flash	5	100	999	10	100.0	0.15
2026-07-09T14:51:58.613	435	924	614	1145	2909	2829	3289	3597	3890	508	28.06	1018.29	47.59	248262	AS7341	flash	5	100	999	10	100.0	0.15
2026-07-09T14:52:00.635	435	924	614	1145	2908	2829	3288	3597	3890	508	28.06	1018.34	47.61	244393	AS7341	flash	5	100	999	10	100.0	0.15
2026-07-09T14:52:02.650	435	925	614	1145	2908	2828	3288	3596	3889	508	28.06	1018.31	47.61	243130	AS7341	flash	5	100	999	10	100.0	0.15
2026-07-09T14:52:04.661	435	924	614	1145	2908	2828	3288	3597	3889	507	28.07	1018.35	47.61	244938	AS7341	flash	5	100	999	10	100.0	0.15
2026-07-09T14:52:06.673	435	925	614	1144	2908	2828	3287	3596	3889	507	28.07	1018.32	47.62	247329	AS7341	flash	5	100	999	10	100.0	0.15
2026-07-09T14:52:08.583	435	924	614	1144	2907	2827	3287	3595	3888	507	28.08	1018.32	47.61	247888	AS7341	flash	5	100	999	10	100.0	0.15
2026-07-09T14:52:10.594	435	924	614	1144	2907	2827	3286	3595	3888	507	28.07	1018.35	47.62	244756	AS7341	flash	5	100	999	10	100.0	0.15
2026-07-09T14:52:12.612	435	924	614	1144	2906	2826	3286	3594	3887	507	28.08	1018.33	47.63	242236	AS7341	flash	5	100	999	10	100.0	0.15
2026-07-09T14:52:14.624	435	925	614	1144	2908	2828	3288	3597	3889	507	28.07	1018.32	47.62	248075	AS7341	flash	5	100	999	10	100.0	0.15
2026-07-09T14:52:16.645	435	925	614	1144	2907	2827	3286	3595	3888	507	28.07	1018.31	47.62	247144	AS7341	flash	5	100	999	10	100.0	0.15
2026-07-09T14:52:18.660	435	925	614	1144	2906	2827	3286	3595	3887	507	28.08	1018.34	47.64	245852	AS7341	flash	5	100	999	10	100.0	0.15
2026-07-09T14:52:20.672	435	925	614	1144	2906	2826	3286	3595	3887	507	28.08	1018.3	47.64	244574	AS7341	flash	5	100	999	10	100.0	0.15
2026-07-09T14:52:22.683	435	925	614	1144	2906	2826	3286	3595	3887	507	28.08	1018.34	47.65	244031	AS7341	flash	5	100	999	10	100.0	0.15
2026-07-09T14:52:24.593	435	925	614	1144	2906	2826	3285	3594	3887	507	28.09	1018.31	47.63	243130	AS7341	flash	5	100	999	10	100.0	0.15
2026-07-09T14:52:26.605	435	925	614	1144	2905	2825	3285	3594	3886	507	28.09	1018.33	47.64	245669	AS7341	flash	5	100	999	10	100.0	0.15
2026-07-09T14:52:28.628	436	925	614	1144	2906	2826	3286	3595	3887	507	28.08	1018.3	47.65	244938	AS7341	flash	5	100	999	10	100.0	0.15
2026-07-09T14:52:30.649	435	925	614	1144	2906	2825	3285	3594	3887	507	28.09	1018.32	47.64	244574	AS7341	flash	5	100	999	10	100.0	0.15
2026-07-09T14:52:32.668	435	925	614	1144	2906	2826	3285	3594	3887	507	28.09	1018.31	47.64	246220	AS7341	flash	5	100	999	10	100.0	0.15
2026-07-09T14:52:34.683	435	925	614	1144	2905	2825	3285	3594	3886	507	28.1	1018.32	47.66	247144	AS7341	flash	5	100	999	10	100.0	0.15
2026-07-09T14:52:36.593	435	925	614	1143	2905	2825	3285	3594	3886	507	28.11	1018.32	47.66	247144	AS7341	flash	5	100	999	10	100.0	0.15
2026-07-09T14:52:38.620	435	925	614	1144	2905	2825	3285	3594	3886	507	28.1	1018.32	47.66	247144	AS7341	flash	5	100	999	10	100.0	0.15
2026-07-09T14:52:40.632	435	925	614	1144	2906	2826	3285	3594	3887	507	28.1	1018.31	47.66	242414	AS7341	flash	5	100	999	10	100.0	0.15
2026-07-09T14:52:42.643	435	925	614	1144	2905	2825	3284	3593	3886	507	28.1	1018.33	47.66	246404	AS7341	flash	5	100	999	10	100.0	0.15
2026-07-09T14:52:44.667	435	925	614	1144	2904	2824	3284	3593	3885	507	28.11	1018.32	47.66	244574	AS7341	flash	5	100	999	10	100.0	0.15
2026-07-09T14:52:46.579	435	925	614	1143	2903	2824	3283	3592	3884	507	28.12	1018.33	47.66	247515	AS7341	flash	5	100	999	10	100.0	0.15
2026-07-09T14:52:48.602	435	925	614	1143	2904	2824	3284	3593	3885	507	28.11	1018.32	47.65	246774	AS7341	flash	5	100	999	10	100.0	0.15
2026-07-09T14:52:50.611	435	925	614	1144	2905	2824	3284	3593	3886	507	28.12	1018.34	47.65	244393	AS7341	flash	5	100	999	10	100.0	0.15
2026-07-09T14:52:52.625	435	925	614	1144	2904	2824	3284	3593	3885	507	28.11	1018.29	47.66	243670	AS7341	flash	5	100	999	10	100.0	0.15
2026-07-09T14:52:54.639	435	925	614	1143	2903	2823	3283	3592	3884	507	28.12	1018.34	47.66	246959	AS7341	flash	5	100	999	10	100.0	0.15
2026-07-09T14:52:56.654	435	926	614	1144	2905	2825	3284	3594	3886	507	28.12	1018.34	47.67	246589	AS7341	flash	5	100	999	10	100.0	0.15
2026-07-09T14:52:58.674	435	925	614	1143	2904	2823	3283	3593	3884	507	28.12	1018.3	47.68	246220	AS7341	flash	5	100	999	10	100.0	0.15
2026-07-09T14:53:00.577	435	926	614	1143	2903	2823	3282	3592	3884	507	28.13	1018.33	47.68	248637	AS7341	flash	5	100	999	10	100.0	0.15
2026-07-09T14:53:02.594	435	926	614	1143	2904	2824	3284	3593	3885	507	28.13	1018.34	47.67	248449	AS7341	flash	5	100	999	10	100.0	0.15
2026-07-09T14:53:04.609	435	926	614	1143	2903	2823	3282	3592	3884	507	28.12	1018.33	47.67	247144	AS7341	flash	5	100	999	10	100.0	0.15
2026-07-09T14:53:06.633	435	926	614	1143	2903	2823	3282	3592	3884	507	28.12	1018.33	47.68	246404	AS7341	flash	5	100	999	10	100.0	0.15
2026-07-09T14:53:08.650	435	926	614	1144	2904	2824	3283	3593	3885	507	28.12	1018.3	47.67	241525	AS7341	flash	5	100	999	10	100.0	0.15
2026-07-09T14:53:10.665	435	926	614	1143	2903	2823	3283	3592	3884	507	28.13	1018.32	47.68	247702	AS7341	flash	5	100	999	10	100.0	0.15
2026-07-09T14:53:12.682	435	926	614	1143	2903	2823	3283	3593	3885	507	28.13	1018.35	47.68	240643	AS7341	flash	5	100	999	10	100.0	0.15
2026-07-09T14:53:14.587	435	926	614	1143	2902	2822	3281	3591	3883	507	28.14	1018.38	47.7	246036	AS7341	flash	5	100	999	10	100.0	0.15
2026-07-09T14:53:16.602	435	926	614	1143	2902	2821	3281	3591	3883	507	28.14	1018.35	47.68	245669	AS7341	flash	5	100	999	10	100.0	0.15
2026-07-09T14:53:18.615	435	926	614	1143	2903	2822	3282	3592	3884	507	28.14	1018.38	47.69	245669	AS7341	flash	5	100	999	10	100.0	0.15
2026-07-09T14:53:20.625	435	926	614	1143	2902	2822	3281	3591	3883	507	28.14	1018.32	47.7	245303	AS7341	flash	5	100	999	10	100.0	0.15
2026-07-09T14:53:22.637	435	926	614	1143	2901	2820	3281	3590	3882	507	28.14	1018.34	47.69	243850	AS7341	flash	5	100	999	10	100.0	0.15
2026-07-09T14:53:24.652	435	926	614	1143	2903	2822	3282	3592	3884	507	28.14	1018.35	47.69	246036	AS7341	flash	5	100	999	10	100.0	0.15
2026-07-09T14:53:26.665	435	926	614	1143	2901	2821	3281	3591	3882	507	28.14	1018.34	47.7	245852	AS7341	flash	5	100	999	10	100.0	0.15
2026-07-09T14:53:28.680	435	926	614	1143	2902	2821	3281	3591	3883	507	28.14	1018.34	47.71	245669	AS7341	flash	5	100	999	10	100.0	0.15
2026-07-09T14:53:30.587	435	926	614	1143	2900	2820	3280	3590	3881	507	28.17	1018.35	47.71	243490	AS7341	flash	5	100	999	10	100.0	0.15
2026-07-09T14:53:32.599	435	926	614	1143	2901	2821	3280	3590	3882	507	28.15	1018.35	47.72	245303	AS7341	flash	5	100	999	10	100.0	0.15
2026-07-09T14:53:34.614	435	926	614	1142	2900	2820	3280	3590	3881	507	28.15	1018.31	47.71	245486	AS7341	flash	5	100	999	10	100.0	0.15
2026-07-09T14:53:36.629	436	926	614	1143	2901	2821	3281	3591	3882	507	28.16	1018.32	47.73	245669	AS7341	flash	5	100	999	10	100.0	0.15
2026-07-09T14:53:38.642	435	926	614	1142	2901	2821	3281	3591	3882	507	28.16	1018.34	47.73	244938	AS7341	flash	5	100	999	10	100.0	0.15
2026-07-09T14:53:40.672	435	927	614	1143	2901	2821	3281	3591	3882	507	28.16	1018.36	47.73	242951	AS7341	flash	5	100	999	10	100.0	0.15
2026-07-09T14:53:42.685	435	927	615	1143	2901	2821	3280	3591	3882	507	28.16	1018.32	47.73	245303	AS7341	flash	5	100	999	10	100.0	0.15
2026-07-09T14:53:44.594	435	926	614	1142	2900	2820	3279	3590	3882	507	28.18	1018.32	47.73	245852	AS7341	flash	5	100	999	10	100.0	0.15
2026-07-09T14:53:46.614	435	926	614	1142	2901	2820	3280	3590	3882	507	28.16	1018.33	47.73	244574	AS7341	flash	5	100	999	10	100.0	0.15
2026-07-09T14:53:48.630	435	927	614	1142	2901	2821	3281	3591	3882	507	28.16	1018.33	47.72	245303	AS7341	flash	5	100	999	10	100.0	0.15
2026-07-09T14:53:50.647	435	927	615	1143	2900	2819	3280	3590	3881	507	28.17	1018.29	47.73	241172	AS7341	flash	5	100	999	10	100.0	0.15
2026-07-09T14:53:52.657	435	927	614	1142	2901	2820	3281	3591	3883	507	28.17	1018.31	47.73	244938	AS7341	flash	5	100	999	10	100.0	0.15
2026-07-09T14:53:54.666	435	926	614	1142	2900	2818	3279	3588	3879	507	28.17	1018.33	47.73	244938	AS7341	flash	5	100	999	10	100.0	0.15
2026-07-09T14:53:56.677	435	927	614	1142	2900	2819	3279	3590	3881	507	28.17	1018.33	47.75	243490	AS7341	flash	5	100	999	10	100.0	0.15
2026-07-09T14:53:58.578	434	926	614	1142	2898	2818	3277	3587	3879	507	28.19	1018.34	47.74	245669	AS7341	flash	5	100	999	10	100.0	0.15
2026-07-09T14:54:00.589	435	927	614	1142	2899	2818	3278	3589	3880	507	28.18	1018.36	47.71	246036	AS7341	flash	5	100	999	10	100.0	0.15
2026-07-09T14:54:02.600	435	927	614	1142	2899	2819	3278	3589	3880	507	28.18	1018.34	47.73	241703	AS7341	flash	5	100	999	10	100.0	0.15
2026-07-09T14:54:04.623	435	927	615	1142	2900	2818	3278	3589	3880	507	28.18	1018.34	47.74	246220	AS7341	flash	5	100	999	10	100.0	0.15
2026-07-09T14:54:06.650	435	927	614	1142	2899	2819	3279	3590	3881	507	28.18	1018.33	47.75	245669	AS7341	flash	5	100	999	10	100.0	0.15
2026-07-09T14:54:08.677	435	927	615	1142	2898	2818	3277	3588	3879	507	28.18	1018.35	47.76	244756	AS7341	flash	5	100	999	10	100.0	0.15
2026-07-09T14:54:10.586	435	927	615	1142	2898	2817	3277	3588	3879	507	28.18	1018.35	47.77	245852	AS7341	flash	5	100	999	10	100.0	0.15
2026-07-09T14:54:12.604	435	927	615	1142	2898	2818	3278	3588	3879	507	28.18	1018.33	47.75	241348	AS7341	flash	5	100	999	10	100.0	0.15
2026-07-09T14:54:14.624	435	927	614	1142	2899	2817	3277	3588	3879	506	28.18	1018.35	47.76	239767	AS7341	flash	5	100	999	10	100.0	0.15
2026-07-09T14:54:16.652	435	927	614	1142	2899	2817	3277	3588	3879	507	28.19	1018.35	47.77	244393	AS7341	flash	5	100	999	10	100.0	0.15
2026-07-09T14:54:18.665	435	927	614	1142	2897	2817	3276	3587	3878	506	28.19	1018.33	47.75	239767	AS7341	flash	5	100	999	10	100.0	0.15
2026-07-09T14:54:20.583	434	927	614	1141	2899	2817	3278	3587	3878	507	28.19	1018.33	47.77	241525	AS7341	flash	5	100	999	10	100.0	0.15
2026-07-09T14:54:22.610	435	927	615	1142	2897	2817	3277	3587	3878	506	28.19	1018.35	47.77	243670	AS7341	flash	5	100	999	10	100.0	0.15
2026-07-09T14:54:24.623	435	927	615	1142	2898	2816	3278	3587	3878	506	28.18	1018.35	47.78	241703	AS7341	flash	5	100	999	10	100.0	0.15
2026-07-09T14:54:26.635	435	927	615	1142	2899	2817	3277	3588	3879	507	28.19	1018.37	47.78	244756	AS7341	flash	5	100	999	10	100.0	0.15
2026-07-09T14:54:28.661	435	927	615	1142	2898	2817	3277	3588	3878	507	28.19	1018.33	47.8	245303	AS7341	flash	5	100	999	10	100.0	0.15
2026-07-09T14:54:30.574	435	927	614	1141	2897	2816	3276	3587	3877	506	28.2	1018.32	47.79	244938	AS7341	flash	5	100	999	10	100.0	0.15
2026-07-09T14:54:32.596	435	927	614	1141	2897	2816	3276	3587	3878	506	28.19	1018.35	47.77	242058	AS7341	flash	5	100	999	10	100.0	0.15
2026-07-09T14:54:34.610	435	927	615	1142	2898	2816	3276	3587	3878	507	28.19	1018.32	47.8	243490	AS7341	flash	5	100	999	10	100.0	0.15
2026-07-09T14:54:36.626	435	927	614	1141	2897	2816	3276	3587	3877	506	28.2	1018.37	47.8	243490	AS7341	flash	5	100	999	10	100.0	0.15
2026-07-09T14:54:38.638	435	927	615	1141	2897	2815	3275	3586	3877	506	28.19	1018.35	47.8	244938	AS7341	flash	5	100	999	10	100.0	0.15
2026-07-09T14:54:40.656	435	927	615	1142	2898	2816	3276	3587	3878	507	28.19	1018.31	47.82	239767	AS7341	flash	5	100	999	10	100.0	0.15
2026-07-09T14:54:42.674	435	927	614	1141	2897	2815	3275	3586	3877	506	28.19	1018.33	47.83	244574	AS7341	flash	5	100	999	10	100.0	0.15
2026-07-09T14:54:44.579	434	927	614	1141	2896	2814	3274	3585	3876	506	28.2	1018.32	47.82	243850	AS7341	flash	5	100	999	10	100.0	0.15
2026-07-09T14:54:46.592	434	927	614	1141	2897	2816	3275	3586	3877	506	28.2	1018.3	47.83	240995	AS7341	flash	5	100	999	10	100.0	0.15
2026-07-09T14:54:48.608	435	927	614	1141	2895	2815	3275	3586	3876	506	28.2	1018.33	47.83	244756	AS7341	flash	5	100	999	10	100.0	0.15
2026-07-09T14:54:50.629	434	927	614	1141	2896	2814	3274	3585	3876	506	28.2	1018.32	47.83	244393	AS7341	flash	5	100	999	10	100.0	0.15
2026-07-09T14:54:52.637	435	928	615	1141	2897	2815	3276	3587	3877	506	28.2	1018.29	47.84	246036	AS7341	flash	5	100	999	10	100.0	0.15
2026-07-09T14:54:54.658	435	927	614	1141	2896	2814	3274	3586	3876	506	28.2	1018.32	47.84	240995	AS7341	flash	5	100	999	10	100.0	0.15
2026-07-09T14:54:56.669	435	927	614	1141	2896	2814	3274	3585	3875	506	28.21	1018.33	47.85	239767	AS7341	flash	5	100	999	10	100.0	0.15
2026-07-09T14:54:58.576	434	927	614	1141	2895	2813	3273	3585	3875	506	28.22	1018.31	47.85	244756	AS7341	flash	5	100	999	10	100.0	0.15
2026-07-09T14:55:00.590	435	928	615	1141	2897	2815	3275	3587	3878	507	28.21	1018.33	47.85	244574	AS7341	flash	5	100	999	10	100.0	0.15
2026-07-09T14:55:02.620	435	927	614	1141	2895	2813	3273	3585	3875	506	28.21	1018.35	47.85	242236	AS7341	flash	5	100	999	10	100.0	0.15
2026-07-09T14:55:04.644	435	928	615	1141	2896	2814	3274	3586	3876	506	28.21	1018.35	47.85	241348	AS7341	flash	5	100	999	10	100.0	0.15
2026-07-09T14:55:06.657	435	928	615	1141	2896	2814	3275	3586	3876	506	28.21	1018.35	47.83	240292	AS7341	flash	5	100	999	10	100.0	0.15
2026-07-09T14:55:08.673	435	928	615	1141	2895	2814	3274	3585	3875	506	28.22	1018.33	47.86	243850	AS7341	flash	5	100	999	10	100.0	0.15
2026-07-09T14:55:10.579	435	928	615	1141	2895	2813	3274	3585	3876	506	28.22	1018.33	47.85	240643	AS7341	flash	5	100	999	10	100.0	0.15
2026-07-09T14:55:12.594	435	928	615	1141	2895	2813	3274	3585	3875	506	28.22	1018.32	47.84	244938	AS7341	flash	5	100	999	10	100.0	0.15
2026-07-09T14:55:14.624	435	928	615	1141	2895	2813	3273	3585	3875	506	28.21	1018.3	47.85	244756	AS7341	flash	5	100	999	10	100.0	0.15
2026-07-09T14:55:16.643	435	928	615	1141	2895	2813	3273	3585	3875	506	28.22	1018.34	47.87	244393	AS7341	flash	5	100	999	10	100.0	0.15
2026-07-09T14:55:18.670	434	928	614	1141	2894	2813	3273	3584	3874	506	28.22	1018.34	47.87	242414	AS7341	flash	5	100	999	10	100.0	0.15
2026-07-09T14:55:20.587	435	927	614	1140	2894	2812	3272	3584	3873	506	28.23	1018.3	47.85	244393	AS7341	flash	5	100	999	10	100.0	0.15
2026-07-09T14:55:22.605	434	928	615	1140	2894	2813	3272	3584	3874	506	28.22	1018.3	47.85	242951	AS7341	flash	5	100	999	10	100.0	0.15
2026-07-09T14:55:24.617	434	927	614	1140	2893	2812	3272	3583	3873	506	28.22	1018.32	47.88	244938	AS7341	flash	5	100	999	10	100.0	0.15
2026-07-09T14:55:26.643	434	927	614	1140	2893	2811	3271	3582	3872	506	28.22	1018.32	47.87	244393	AS7341	flash	5	100	999	10	100.0	0.15
2026-07-09T14:55:28.664	435	928	615	1140	2894	2812	3272	3584	3874	506	28.22	1018.33	47.88	240292	AS7341	flash	5	100	999	10	100.0	0.15
2026-07-09T14:55:30.679	434	928	614	1140	2893	2812	3272	3584	3873	506	28.22	1018.34	47.9	244938	AS7341	flash	5	100	999	10	100.0	0.15
2026-07-09T14:55:32.594	434	928	615	1140	2894	2812	3272	3584	3874	506	28.23	1018.34	47.88	244574	AS7341	flash	5	100	999	10	100.0	0.15
2026-07-09T14:55:34.620	434	928	615	1140	2894	2812	3272	3584	3874	506	28.23	1018.34	47.89	242414	AS7341	flash	5	100	999	10	100.0	0.15
2026-07-09T14:55:36.637	434	928	615	1141	2893	2812	3272	3585	3874	506	28.23	1018.3	47.89	244574	AS7341	flash	5	100	999	10	100.0	0.15
2026-07-09T14:55:38.647	435	928	615	1140	2893	2812	3272	3584	3874	506	28.23	1018.32	47.9	240819	AS7341	flash	5	100	999	10	100.0	0.15
2026-07-09T14:55:40.663	434	928	615	1140	2893	2811	3271	3584	3873	506	28.23	1018.3	47.89	240643	AS7341	flash	5	100	999	10	100.0	0.15
2026-07-09T14:55:42.687	435	928	615	1140	2893	2812	3273	3584	3874	506	28.23	1018.3	47.9	241172	AS7341	flash	5	100	999	10	100.0	0.15
2026-07-09T14:55:44.591	434	928	615	1140	2893	2811	3272	3583	3873	506	28.24	1018.37	47.9	244393	AS7341	flash	5	100	999	10	100.0	0.15
2026-07-09T14:55:46.601	435	928	615	1140	2893	2811	3273	3584	3874	506	28.23	1018.34	47.88	242772	AS7341	flash	5	100	999	10	100.0	0.15
2026-07-09T14:55:48.615	434	928	615	1140	2894	2811	3273	3584	3874	506	28.23	1018.32	47.89	242414	AS7341	flash	5	100	999	10	100.0	0.15
2026-07-09T14:55:50.630	434	928	615	1140	2893	2812	3272	3585	3874	506	28.24	1018.34	47.91	242414	AS7341	flash	5	100	999	10	100.0	0.15
2026-07-09T14:55:52.652	434	928	615	1140	2893	2812	3273	3584	3874	506	28.24	1018.33	47.92	243850	AS7341	flash	5	100	999	10	100.0	0.15
2026-07-09T14:55:54.672	435	928	615	1140	2893	2813	3272	3585	3874	506	28.25	1018.32	47.93	243850	AS7341	flash	5	100	999	10	100.0	0.15
2026-07-09T14:55:56.581	434	928	615	1140	2893	2811	3272	3584	3873	506	28.25	1018.3	47.91	246036	AS7341	flash	5	100	999	10	100.0	0.15
2026-07-09T14:55:58.604	435	928	615	1140	2893	2811	3271	3584	3873	506	28.24	1018.34	47.92	243850	AS7341	flash	5	100	999	10	100.0	0.15
2026-07-09T14:56:00.629	435	928	615	1140	2893	2811	3272	3584	3873	506	28.24	1018.34	47.92	240292	AS7341	flash	5	100	999	10	100.0	0.15
2026-07-09T14:56:02.647	434	929	615	1140	2892	2812	3272	3584	3873	506	28.24	1018.35	47.93	242593	AS7341	flash	5	100	999	10	100.0	0.15
2026-07-09T14:56:04.664	435	929	615	1140	2893	2812	3272	3584	3874	506	28.24	1018.31	47.9	239244	AS7341	flash	5	100	999	10	100.0	0.15
2026-07-09T14:56:06.581	434	928	615	1139	2892	2810	3271	3583	3872	506	28.26	1018.31	47.91	241348	AS7341	flash	5	100	999	10	100.0	0.15
2026-07-09T14:56:08.593	434	927	615	1140	2892	2810	3271	3583	3873	506	28.25	1018.32	47.92	243490	AS7341	flash	5	100	999	10	100.0	0.15
2026-07-09T14:56:10.610	435	929	615	1140	2892	2810	3271	3584	3873	506	28.26	1018.34	47.91	242414	AS7341	flash	5	100	999	10	100.0	0.15
2026-07-09T14:56:12.635	434	928	615	1140	2891	2810	3270	3583	3872	506	28.25	1018.33	47.93	240643	AS7341	flash	5	100	999	10	100.0	0.15
2026-07-09T14:56:14.650	435	929	615	1140	2892	2810	3271	3584	3873	506	28.25	1018.32	47.93	244212	AS7341	flash	5	100	999	10	100.0	0.15
2026-07-09T14:56:16.674	434	929	615	1140	2892	2810	3271	3584	3873	506	28.26	1018.33	47.95	240292	AS7341	flash	5	100	999	10	100.0	0.15
2026-07-09T14:56:18.583	434	929	615	1140	2891	2809	3270	3583	3872	506	28.27	1018.37	47.95	243490	AS7341	flash	5	100	999	10	100.0	0.15
2026-07-09T14:56:20.600	434	929	615	1140	2891	2809	3271	3582	3872	506	28.26	1018.33	47.95	242414	AS7341	flash	5	100	999	10	100.0	0.15
2026-07-09T14:56:22.620	434	928	615	1140	2890	2809	3269	3582	3870	506	28.26	1018.3	47.92	243490	AS7341	flash	5	100	999	10	100.0	0.15
2026-07-09T14:56:24.635	435	929	615	1140	2891	2810	3271	3583	3872	506	28.27	1018.35	47.93	241172	AS7341	flash	5	100	999	10	100.0	0.15
2026-07-09T14:56:26.661	434	928	615	1139	2890	2810	3269	3582	3871	506	28.26	1018.33	47.93	243130	AS7341	flash	5	100	999	10	100.0	0.15
2026-07-09T14:56:28.585	434	929	615	1139	2891	2809	3269	3582	3871	506	28.27	1018.34	47.93	244574	AS7341	flash	5	100	999	10	100.0	0.15
2026-07-09T14:56:30.590	434	928	615	1139	2890	2809	3270	3582	3870	506	28.27	1018.35	47.91	241172	AS7341	flash	5	100	999	10	100.0	0.15
2026-07-09T14:56:32.610	434	929	615	1140	2890	2810	3269	3582	3871	506	28.27	1018.32	47.92	239942	AS7341	flash	5	100	999	10	100.0	0.15
2026-07-09T14:56:34.619	434	929	615	1140	2890	2809	3270	3582	3871	506	28.27	1018.34	47.93	243670	AS7341	flash	5	100	999	10	100.0	0.15
2026-07-09T14:56:36.639	434	928	615	1139	2890	2809	3269	3581	3870	506	28.27	1018.31	47.93	244031	AS7341	flash	5	100	999	10	100.0	0.15
2026-07-09T14:56:38.652	434	929	615	1140	2891	2809	3270	3583	3871	506	28.27	1018.34	47.93	243130	AS7341	flash	5	100	999	10	100.0	0.15
2026-07-09T14:56:40.663	434	928	615	1139	2890	2809	3268	3581	3870	506	28.27	1018.33	47.93	239418	AS7341	flash	5	100	999	10	100.0	0.15
2026-07-09T14:56:42.683	434	929	615	1139	2890	2809	3270	3582	3871	506	28.27	1018.36	47.91	244212	AS7341	flash	5	100	999	10	100.0	0.15
2026-07-09T14:56:44.700	435	929	615	1139	2890	2808	3268	3582	3870	506	28.28	1018.34	47.92	242414	AS7341	flash	5	100	999	10	100.0	0.15
2026-07-09T14:56:46.616	434	928	615	1139	2889	2807	3267	3580	3869	506	28.28	1018.32	47.92	243670	AS7341	flash	5	100	999	10	100.0	0.15
2026-07-09T14:56:48.634	434	929	615	1139	2889	2808	3268	3581	3870	506	28.28	1018.35	47.91	243490	AS7341	flash	5	100	999	10	100.0	0.15
2026-07-09T14:56:50.658	434	928	615	1139	2889	2808	3269	3581	3870	506	28.27	1018.34	47.92	243850	AS7341	flash	5	100	999	10	100.0	0.15
2026-07-09T14:56:52.681	434	929	615	1139	2890	2809	3269	3582	3871	506	28.28	1018.33	47.91	243850	AS7341	flash	5	100	999	10	100.0	0.15
2026-07-09T14:56:54.703	434	929	615	1139	2889	2809	3268	3581	3870	506	28.28	1018.34	47.92	240643	AS7341	flash	5	100	999	10	100.0	0.15
2026-07-09T14:56:56.610	434	929	615	1139	2888	2807	3266	3579	3868	505	28.29	1018.33	47.91	242058	AS7341	flash	5	100	999	10	100.0	0.15
2026-07-09T14:56:58.638	434	929	615	1139	2889	2808	3268	3581	3869	506	28.28	1018.34	47.9	243490	AS7341	flash	5	100	999	10	100.0	0.15
2026-07-09T14:57:00.654	434	929	615	1139	2889	2807	3269	3581	3870	506	28.28	1018.33	47.91	241703	AS7341	flash	5	100	999	10	100.0	0.15
2026-07-09T14:57:02.670	434	929	615	1139	2889	2807	3267	3581	3869	506	28.28	1018.35	47.9	243130	AS7341	flash	5	100	999	10	100.0	0.15
2026-07-09T14:57:04.682	434	928	615	1139	2889	2807	3268	3581	3869	506	28.29	1018.34	47.91	241703	AS7341	flash	5	100	999	10	100.0	0.15
2026-07-09T14:57:06.696	434	928	615	1139	2888	2806	3267	3580	3869	506	28.29	1018.34	47.92	241525	AS7341	flash	5	100	999	10	100.0	0.15
2026-07-09T14:57:08.710	434	928	615	1139	2889	2807	3269	3581	3870	506	28.29	1018.33	47.94	242951	AS7341	flash	5	100	999	10	100.0	0.15
2026-07-09T14:57:10.626	434	928	615	1139	2888	2807	3266	3579	3868	506	28.29	1018.34	47.93	244212	AS7341	flash	5	100	999	10	100.0	0.15
2026-07-09T14:57:12.644	434	928	615	1139	2889	2809	3269	3582	3870	506	28.3	1018.35	47.94	244031	AS7341	flash	5	100	999	10	100.0	0.15
2026-07-09T14:57:14.660	434	930	615	1139	2890	2808	3269	3582	3871	506	28.29	1018.36	47.92	240995	AS7341	flash	5	100	999	10	100.0	0.15
2026-07-09T14:57:16.687	434	929	615	1139	2889	2808	3269	3581	3870	506	28.29	1018.38	47.93	245303	AS7341	flash	5	100	999	10	100.0	0.15
2026-07-09T14:57:18.708	434	929	615	1139	2889	2808	3268	3580	3869	506	28.29	1018.34	47.93	241172	AS7341	flash	5	100	999	10	100.0	0.15
2026-07-09T14:57:20.621	434	929	615	1139	2888	2805	3267	3579	3868	506	28.31	1018.32	47.94	240292	AS7341	flash	5	100	999	10	100.0	0.15
2026-07-09T14:57:22.636	434	930	615	1139	2888	2806	3268	3581	3869	506	28.3	1018.33	47.91	240117	AS7341	flash	5	100	999	10	100.0	0.15
2026-07-09T14:57:24.654	434	928	615	1139	2888	2807	3268	3580	3868	506	28.3	1018.36	47.92	243670	AS7341	flash	5	100	999	10	100.0	0.15
2026-07-09T14:57:26.669	434	929	615	1139	2888	2806	3268	3581	3869	506	28.29	1018.34	47.93	243130	AS7341	flash	5	100	999	10	100.0	0.15
2026-07-09T14:57:28.681	434	930	615	1139	2888	2806	3267	3580	3868	506	28.3	1018.36	47.92	240819	AS7341	flash	5	100	999	10	100.0	0.15
2026-07-09T14:57:30.699	434	929	615	1139	2888	2806	3267	3580	3868	506	28.3	1018.32	47.92	242772	AS7341	flash	5	100	999	10	100.0	0.15
2026-07-09T14:57:32.613	434	930	615	1139	2887	2805	3267	3579	3867	506	28.31	1018.34	47.93	240292	AS7341	flash	5	100	999	10	100.0	0.15
2026-07-09T14:57:34.626	434	929	615	1139	2888	2806	3267	3580	3868	506	28.31	1018.35	47.91	243130	AS7341	flash	5	100	999	10	100.0	0.15
2026-07-09T14:57:36.643	434	930	615	1139	2888	2806	3267	3580	3869	506	28.3	1018.31	47.91	245303	AS7341	flash	5	100	999	10	100.0	0.15
2026-07-09T14:57:38.665	434	930	615	1139	2888	2807	3268	3581	3869	506	28.3	1018.36	47.91	243850	AS7341	flash	5	100	999	10	100.0	0.15
2026-07-09T14:57:40.681	434	930	615	1139	2888	2807	3266	3579	3868	506	28.31	1018.34	47.91	239244	AS7341	flash	5	100	999	10	100.0	0.15
2026-07-09T14:57:42.705	434	928	615	1138	2887	2806	3266	3579	3868	506	28.31	1018.36	47.91	238897	AS7341	flash	5	100	999	10	100.0	0.15
2026-07-09T14:57:44.617	434	929	615	1139	2887	2805	3267	3579	3868	506	28.32	1018.4	47.92	242951	AS7341	flash	5	100	999	10	100.0	0.15
2026-07-09T14:57:46.640	434	930	615	1139	2887	2806	3267	3579	3867	506	28.31	1018.35	47.91	242951	AS7341	flash	5	100	999	10	100.0	0.15
2026-07-09T14:57:48.653	434	929	615	1139	2888	2807	3266	3580	3868	506	28.31	1018.33	47.91	243670	AS7341	flash	5	100	999	10	100.0	0.15
2026-07-09T14:57:50.676	434	930	615	1139	2887	2804	3266	3579	3867	506	28.31	1018.34	47.92	244031	AS7341	flash	5	100	999	10	100.0	0.15
2026-07-09T14:57:52.691	434	930	615	1139	2888	2806	3267	3580	3868	506	28.31	1018.34	47.92	243850	AS7341	flash	5	100	999	10	100.0	0.15
2026-07-09T14:57:54.708	434	930	615	1139	2888	2806	3268	3580	3869	506	28.32	1018.33	47.92	242772	AS7341	flash	5	100	999	10	100.0	0.15
2026-07-09T14:57:56.612	434	930	615	1138	2887	2806	3265	3579	3867	506	28.33	1018.33	47.91	244393	AS7341	flash	5	100	999	10	100.0	0.15
2026-07-09T14:57:58.627	434	929	615	1138	2888	2806	3267	3580	3868	506	28.33	1018.33	47.91	243490	AS7341	flash	5	100	999	10	100.0	0.15
2026-07-09T14:58:00.642	434	930	615	1139	2888	2806	3267	3580	3869	506	28.32	1018.35	47.91	240117	AS7341	flash	5	100	999	10	100.0	0.15
2026-07-09T14:58:02.657	434	930	615	1139	2887	2805	3267	3580	3868	506	28.32	1018.34	47.92	239942	AS7341	flash	5	100	999	10	100.0	0.15
2026-07-09T14:58:04.673	434	929	615	1139	2888	2806	3266	3580	3869	506	28.33	1018.33	47.93	239767	AS7341	flash	5	100	999	10	100.0	0.15
2026-07-09T14:58:06.697	434	929	615	1139	2887	2805	3267	3579	3868	506	28.32	1018.37	47.92	239593	AS7341	flash	5	100	999	10	100.0	0.15
2026-07-09T14:58:08.710	434	930	615	1139	2886	2804	3264	3578	3866	505	28.33	1018.38	47.94	242593	AS7341	flash	5	100	999	10	100.0	0.15
2026-07-09T14:58:10.616	434	930	615	1139	2886	2804	3266	3578	3866	505	28.33	1018.35	47.9	238551	AS7341	flash	5	100	999	10	100.0	0.15
2026-07-09T14:58:12.630	434	929	615	1139	2887	2807	3266	3580	3869	506	28.33	1018.39	47.92	246036	AS7341	flash	5	100	999	10	100.0	0.15
2026-07-09T14:58:14.646	434	929	615	1139	2887	2806	3266	3579	3868	506	28.33	1018.36	47.92	242951	AS7341	flash	5	100	999	10	100.0	0.15
2026-07-09T14:58:16.660	434	929	615	1139	2887	2806	3267	3580	3868	506	28.33	1018.4	47.92	243310	AS7341	flash	5	100	999	10	100.0	0.15
2026-07-09T14:58:18.676	434	929	615	1138	2886	2804	3266	3579	3867	506	28.33	1018.38	47.91	243310	AS7341	flash	5	100	999	10	100.0	0.15
2026-07-09T14:58:20.692	434	930	615	1139	2886	2805	3266	3579	3867	506	28.33	1018.34	47.93	243490	AS7341	flash	5	100	999	10	100.0	0.15
2026-07-09T14:58:22.714	434	930	615	1138	2887	2805	3266	3580	3868	506	28.33	1018.33	47.94	242951	AS7341	flash	5	100	999	10	100.0	0.15
2026-07-09T14:58:24.629	434	929	615	1138	2886	2804	3266	3579	3867	506	28.34	1018.41	47.94	244212	AS7341	flash	5	100	999	10	100.0	0.15
2026-07-09T14:58:26.654	435	929	615	1139	2887	2805	3267	3579	3868	506	28.34	1018.37	47.94	244938	AS7341	flash	5	100	999	10	100.0	0.15
2026-07-09T14:58:28.673	434	930	615	1139	2886	2805	3266	3579	3867	506	28.33	1018.37	47.93	243850	AS7341	flash	5	100	999	10	100.0	0.15
2026-07-09T14:58:30.684	434	930	615	1138	2886	2805	3266	3579	3867	505	28.33	1018.36	47.94	243670	AS7341	flash	5	100	999	10	100.0	0.15
2026-07-09T14:58:32.708	434	929	615	1138	2887	2805	3266	3580	3868	506	28.33	1018.38	47.94	242593	AS7341	flash	5	100	999	10	100.0	0.15
2026-07-09T14:58:34.724	434	929	615	1138	2887	2806	3266	3580	3867	506	28.33	1018.37	47.94	240467	AS7341	flash	5	100	999	10	100.0	0.15
2026-07-09T14:58:36.633	434	929	615	1138	2885	2803	3264	3578	3866	505	28.34	1018.35	47.96	243130	AS7341	flash	5	100	999	10	100.0	0.15
2026-07-09T14:58:38.649	434	929	615	1138	2886	2804	3266	3579	3867	506	28.33	1018.37	47.95	242772	AS7341	flash	5	100	999	10	100.0	0.15
2026-07-09T14:58:40.669	434	929	615	1138	2886	2804	3266	3578	3866	505	28.32	1018.35	47.96	238206	AS7341	flash	5	100	999	10	100.0	0.15
2026-07-09T14:58:42.692	434	930	615	1138	2885	2804	3264	3578	3866	505	28.33	1018.38	47.97	242058	AS7341	flash	5	100	999	10	100.0	0.15
2026-07-09T14:58:44.716	434	929	615	1138	2886	2805	3266	3579	3866	506	28.33	1018.38	47.98	244212	AS7341	flash	5	100	999	10	100.0	0.15
2026-07-09T14:58:46.624	434	929	615	1138	2885	2803	3264	3578	3866	505	28.34	1018.38	47.97	244574	AS7341	flash	5	100	999	10	100.0	0.15
2026-07-09T14:58:48.644	434	930	615	1138	2886	2805	3266	3579	3867	506	28.33	1018.34	47.99	243310	AS7341	flash	5	100	999	10	100.0	0.15
2026-07-09T14:58:50.658	434	929	615	1138	2886	2805	3265	3579	3867	506	28.33	1018.38	47.99	243130	AS7341	flash	5	100	999	10	100.0	0.15
2026-07-09T14:58:52.675	434	930	615	1138	2885	2805	3264	3579	3867	505	28.33	1018.4	47.98	243850	AS7341	flash	5	100	999	10	100.0	0.15
2026-07-09T14:58:54.697	434	930	615	1138	2886	2804	3266	3579	3866	506	28.33	1018.41	47.99	243670	AS7341	flash	5	100	999	10	100.0	0.15
2026-07-09T14:58:56.717	434	929	615	1138	2885	2803	3265	3578	3866	505	28.32	1018.38	47.99	244212	AS7341	flash	5	100	999	10	100.0	0.15
2026-07-09T14:58:58.630	434	930	615	1137	2884	2803	3264	3576	3865	505	28.34	1018.4	47.99	242951	AS7341	flash	5	100	999	10	100.0	0.15
2026-07-09T14:59:00.652	434	930	615	1138	2885	2803	3264	3577	3865	505	28.33	1018.32	47.99	242951	AS7341	flash	5	100	999	10	100.0	0.15
2026-07-09T14:59:02.672	434	930	615	1138	2885	2803	3264	3578	3865	505	28.33	1018.39	47.99	243850	AS7341	flash	5	100	999	10	100.0	0.15
2026-07-09T14:59:04.689	434	929	615	1138	2884	2802	3263	3578	3865	505	28.33	1018.34	48.01	242772	AS7341	flash	5	100	999	10	100.0	0.15
2026-07-09T14:59:06.720	434	930	615	1138	2885	2804	3265	3578	3866	505	28.32	1018.34	48.02	241348	AS7341	flash	5	100	999	10	100.0	0.15
2026-07-09T14:59:08.637	434	930	615	1137	2884	2803	3265	3578	3865	505	28.34	1018.36	48.02	240995	AS7341	flash	5	100	999	10	100.0	0.15
2026-07-09T14:59:10.660	434	929	615	1138	2885	2803	3264	3578	3865	505	28.33	1018.39	48.0	244031	AS7341	flash	5	100	999	10	100.0	0.15
2026-07-09T14:59:12.670	434	929	615	1138	2885	2802	3265	3578	3865	505	28.33	1018.35	48.01	242414	AS7341	flash	5	100	999	10	100.0	0.15
2026-07-09T14:59:14.685	434	930	615	1138	2885	2804	3265	3579	3866	506	28.33	1018.39	48.02	241703	AS7341	flash	5	100	999	10	100.0	0.15
2026-07-09T14:59:16.703	434	930	615	1138	2884	2803	3265	3578	3865	506	28.33	1018.36	48.02	243130	AS7341	flash	5	100	999	10	100.0	0.15
2026-07-09T14:59:18.719	434	930	615	1138	2884	2804	3264	3578	3865	506	28.33	1018.37	48.02	242772	AS7341	flash	5	100	999	10	100.0	0.15
2026-07-09T14:59:20.630	434	930	615	1137	2884	2803	3263	3577	3864	505	28.34	1018.38	48.03	240643	AS7341	flash	5	100	999	10	100.0	0.15
2026-07-09T14:59:22.650	434	930	615	1137	2885	2804	3264	3578	3866	505	28.33	1018.37	48.01	241703	AS7341	flash	5	100	999	10	100.0	0.15
2026-07-09T14:59:24.667	434	930	615	1138	2884	2803	3263	3578	3865	505	28.33	1018.38	48.02	240995	AS7341	flash	5	100	999	10	100.0	0.15
2026-07-09T14:59:26.681	434	930	615	1138	2884	2803	3265	3578	3865	505	28.33	1018.35	48.03	243490	AS7341	flash	5	100	999	10	100.0	0.15
2026-07-09T14:59:28.698	434	929	615	1138	2884	2803	3264	3577	3864	505	28.33	1018.39	48.03	242951	AS7341	flash	5	100	999	10	100.0	0.15
2026-07-09T14:59:30.710	434	931	615	1138	2884	2803	3265	3578	3865	505	28.33	1018.37	48.03	243670	AS7341	flash	5	100	999	10	100.0	0.15
2026-07-09T14:59:32.724	434	931	615	1138	2884	2802	3263	3578	3865	505	28.33	1018.38	48.03	239244	AS7341	flash	5	100	999	10	100.0	0.15
2026-07-09T14:59:34.627	434	929	615	1138	2884	2802	3263	3578	3865	506	28.34	1018.37	48.04	242414	AS7341	flash	5	100	999	10	100.0	0.15
2026-07-09T14:59:36.645	434	931	615	1138	2884	2803	3264	3578	3865	505	28.33	1018.38	48.04	239593	AS7341	flash	5	100	999	10	100.0	0.15
2026-07-09T14:59:38.664	434	931	616	1138	2884	2803	3264	3579	3865	505	28.32	1018.4	48.04	240117	AS7341	flash	5	100	999	10	100.0	0.15
2026-07-09T14:59:40.683	434	931	615	1138	2883	2803	3263	3577	3865	505	28.32	1018.37	48.05	243130	AS7341	flash	5	100	999	10	100.0	0.15
2026-07-09T14:59:42.710	434	930	615	1138	2884	2802	3264	3579	3865	505	28.33	1018.39	48.05	240643	AS7341	flash	5	100	999	10	100.0	0.15
2026-07-09T14:59:44.726	434	930	615	1137	2883	2802	3263	3578	3864	505	28.33	1018.39	48.07	241703	AS7341	flash	5	100	999	10	100.0	0.15
2026-07-09T14:59:46.629	434	930	615	1137	2883	2802	3263	3577	3864	505	28.33	1018.39	48.07	242772	AS7341	flash	5	100	999	10	100.0	0.15
2026-07-09T14:59:48.648	434	930	615	1138	2884	2802	3263	3578	3866	505	28.32	1018.39	48.06	242058	AS7341	flash	5	100	999	10	100.0	0.15
2026-07-09T14:59:50.681	434	930	615	1138	2884	2803	3263	3578	3865	506	28.32	1018.34	48.07	242058	AS7341	flash	5	100	999	10	100.0	0.15
2026-07-09T14:59:52.695	434	930	615	1137	2884	2803	3264	3578	3865	505	28.32	1018.35	48.08	244212	AS7341	flash	5	100	999	10	100.0	0.15
2026-07-09T14:59:54.715	434	931	615	1137	2883	2802	3262	3577	3864	505	28.33	1018.39	48.08	242058	AS7341	flash	5	100	999	10	100.0	0.15
2026-07-09T14:59:56.686	434	931	615	1137	2883	2802	3262	3577	3864	505	28.33	1018.36	48.08	243130	AS7341	flash	5	100	999	10	100.0	0.15
2026-07-09T14:59:58.700	434	931	615	1137	2884	2801	3263	3578	3865	505	28.33	1018.37	48.09	242772	AS7341	flash	5	100	999	10	100.0	0.15
2026-07-09T15:00:00.728	434	931	615	1137	2883	2801	3263	3577	3864	505	28.33	1018.34	48.09	239593	AS7341	flash	5	100	999	10	100.0	0.15
2026-07-09T15:00:02.629	434	930	615	1137	2883	2802	3263	3577	3865	505	28.34	1018.35	48.09	243490	AS7341	flash	5	100	999	10	100.0	0.15
2026-07-09T15:00:04.655	434	931	615	1138	2883	2801	3262	3577	3864	505	28.33	1018.38	48.09	242236	AS7341	flash	5	100	999	10	100.0	0.15
2026-07-09T15:00:06.668	434	931	615	1137	2882	2801	3262	3577	3863	505	28.33	1018.41	48.11	242414	AS7341	flash	5	100	999	10	100.0	0.15
2026-07-09T15:00:08.688	434	930	615	1138	2883	2802	3263	3578	3864	505	28.33	1018.38	48.11	243130	AS7341	flash	5	100	999	10	100.0	0.15
2026-07-09T15:00:10.710	434	930	615	1137	2883	2802	3263	3578	3865	505	28.33	1018.35	48.11	243130	AS7341	flash	5	100	999	10	100.0	0.15
2026-07-09T15:00:12.724	434	930	615	1137	2883	2802	3262	3578	3864	505	28.34	1018.35	48.11	240643	AS7341	flash	5	100	999	10	100.0	0.15
2026-07-09T15:00:14.746	434	930	615	1137	2882	2801	3263	3577	3863	505	28.33	1018.34	48.12	242414	AS7341	flash	5	100	999	10	100.0	0.15
2026-07-09T15:00:16.657	434	930	615	1137	2882	2801	3262	3577	3863	505	28.34	1018.36	48.11	243130	AS7341	flash	5	100	999	10	100.0	0.15
2026-07-09T15:00:18.673	434	930	615	1137	2883	2802	3263	3577	3864	505	28.34	1018.38	48.11	242772	AS7341	flash	5	100	999	10	100.0	0.15
2026-07-09T15:00:20.691	434	930	615	1137	2883	2801	3263	3578	3865	505	28.33	1018.39	48.12	242772	AS7341	flash	5	100	999	10	100.0	0.15
2026-07-09T15:00:22.709	434	930	615	1137	2882	2800	3261	3576	3863	505	28.33	1018.42	48.13	239942	AS7341	flash	5	100	999	10	100.0	0.15
2026-07-09T15:00:24.726	434	931	615	1137	2882	2801	3263	3577	3864	505	28.33	1018.36	48.14	240643	AS7341	flash	5	100	999	10	100.0	0.15
2026-07-09T15:00:26.737	434	931	615	1137	2882	2801	3262	3577	3863	505	28.33	1018.35	48.14	241703	AS7341	flash	5	100	999	10	100.0	0.15
2026-07-09T15:00:28.647	434	931	615	1137	2882	2800	3263	3577	3863	505	28.34	1018.41	48.16	242058	AS7341	flash	5	100	999	10	100.0	0.15
2026-07-09T15:00:30.664	434	931	615	1137	2882	2801	3262	3578	3864	505	28.33	1018.37	48.16	241880	AS7341	flash	5	100	999	10	100.0	0.15
2026-07-09T15:00:32.678	434	931	615	1137	2882	2801	3263	3577	3864	505	28.33	1018.37	48.16	241172	AS7341	flash	5	100	999	10	100.0	0.15
2026-07-09T15:00:34.694	434	931	615	1137	2882	2801	3262	3577	3863	505	28.33	1018.36	48.18	243130	AS7341	flash	5	100	999	10	100.0	0.15
2026-07-09T15:00:36.718	434	931	615	1137	2881	2800	3262	3576	3863	505	28.33	1018.38	48.17	240995	AS7341	flash	5	100	999	10	0.0	0.15
2026-07-09T15:00:38.730	434	931	615	1137	2880	2800	3261	3579	3863	505	28.34	1018.33	48.18	243850	AS7341	flash	5	100	999	10	0.0	0.15
2026-07-09T15:00:40.644	434	929	615	1135	2876	2796	3259	3581	3860	505	28.38	1018.38	48.68	236836	AS7341	flash	5	100	999	10	0.0	0.15
2026-07-09T15:00:42.669	434	930	615	1133	2871	2791	3257	3584	3858	505	28.39	1018.35	50.05	236836	AS7341	flash	5	100	999	10	0.0	0.15
2026-07-09T15:00:44.689	434	931	614	1131	2863	2784	3252	3585	3855	504	28.4	1018.39	51.77	227668	AS7341	flash	5	100	999	10	0.0	0.15
2026-07-09T15:00:46.695	433	930	614	1128	2855	2776	3246	3585	3849	504	28.41	1018.36	53.49	225177	AS7341	flash	5	100	999	10	0.0	0.15
2026-07-09T15:00:48.711	433	931	614	1125	2848	2768	3241	3586	3844	504	28.42	1018.38	55.08	222740	AS7341	flash	5	100	999	10	0.0	0.15
2026-07-09T15:00:50.727	433	932	614	1123	2841	2760	3235	3586	3838	503	28.43	1018.4	56.48	214333	AS7341	flash	5	100	999	10	0.0	0.15
2026-07-09T15:00:52.643	432	932	613	1120	2832	2751	3226	3583	3831	502	28.45	1018.4	57.64	211037	AS7341	flash	5	100	999	10	0.0	0.15
2026-07-09T15:00:54.658	432	933	613	1118	2826	2744	3221	3582	3825	502	28.45	1018.38	58.71	209293	AS7341	flash	5	100	999	10	0.0	0.15
2026-07-09T15:00:56.686	431	933	613	1115	2817	2736	3214	3580	3818	501	28.45	1018.39	59.63	206020	AS7341	flash	5	100	999	10	100.0	0.15
2026-07-09T15:00:58.701	431	935	613	1113	2813	2731	3210	3580	3816	501	28.46	1018.41	60.38	201853	AS7341	flash	5	100	999	10	100.0	0.15
2026-07-09T15:01:00.709	431	936	613	1114	2811	2728	3207	3573	3812	500	28.42	1018.35	60.1	205122	AS7341	flash	5	100	999	10	100.0	0.15
2026-07-09T15:01:02.727	431	937	614	1114	2811	2728	3205	3568	3810	500	28.41	1018.38	58.4	208235	AS7341	flash	5	100	999	10	100.0	0.15
2026-07-09T15:01:04.745	431	937	614	1114	2811	2729	3204	3564	3809	500	28.41	1018.36	56.55	210767	AS7341	flash	5	100	999	10	100.0	0.15
2026-07-09T15:01:06.662	431	938	614	1115	2813	2730	3204	3560	3809	500	28.42	1018.42	55.05	212809	AS7341	flash	5	100	999	10	100.0	0.15
2026-07-09T15:01:08.669	431	938	614	1116	2814	2731	3203	3557	3808	500	28.41	1018.41	53.77	218022	AS7341	flash	5	100	999	10	100.0	0.15
2026-07-09T15:01:10.691	431	939	615	1116	2816	2733	3204	3555	3810	500	28.41	1018.36	52.78	219329	AS7341	flash	5	100	999	10	100.0	0.15
2026-07-09T15:01:12.710	431	939	615	1116	2818	2734	3204	3553	3810	500	28.4	1018.35	52.01	219768	AS7341	flash	5	100	999	10	100.0	0.15
2026-07-09T15:01:14.721	433	939	615	1117	2819	2735	3205	3550	3809	500	28.4	1018.36	51.42	221542	AS7341	flash	5	100	999	10	100.0	0.15
2026-07-09T15:01:16.742	431	939	615	1117	2820	2737	3205	3549	3810	500	28.39	1018.36	50.94	224257	AS7341	flash	5	100	999	10	100.0	0.15
2026-07-09T15:01:18.758	432	939	615	1118	2823	2739	3207	3549	3811	500	28.4	1018.39	50.56	223952	AS7341	flash	5	100	999	10	100.0	0.15
2026-07-09T15:01:20.674	431	939	615	1118	2823	2739	3206	3547	3811	500	28.4	1018.37	50.27	226260	AS7341	flash	5	100	999	10	100.0	0.15
2026-07-09T15:01:22.693	432	939	615	1119	2825	2741	3207	3546	3812	500	28.4	1018.38	50.04	227353	AS7341	flash	5	100	999	10	100.0	0.15
2026-07-09T15:01:24.720	432	939	615	1119	2826	2743	3209	3545	3813	500	28.4	1018.37	49.85	228457	AS7341	flash	5	100	999	10	100.0	0.15
2026-07-09T15:01:26.741	432	939	615	1120	2829	2745	3211	3547	3815	501	28.4	1018.37	49.68	227668	AS7341	flash	5	100	999	10	100.0	0.15
2026-07-09T15:01:28.757	432	939	615	1120	2831	2747	3212	3547	3817	501	28.4	1018.4	49.54	230053	AS7341	flash	5	100	999	10	100.0	0.15
2026-07-09T15:01:30.671	432	938	615	1121	2832	2747	3212	3545	3816	501	28.42	1018.37	49.41	230859	AS7341	flash	5	100	999	10	100.0	0.15
2026-07-09T15:01:32.691	432	938	615	1121	2833	2749	3213	3545	3817	501	28.4	1018.39	49.33	232161	AS7341	flash	5	100	999	10	100.0	0.15
2026-07-09T15:01:34.704	432	938	615	1122	2835	2751	3215	3547	3819	501	28.4	1018.41	49.25	231834	AS7341	flash	5	100	999	10	100.0	0.15
2026-07-09T15:01:36.720	432	938	616	1123	2837	2753	3217	3548	3820	501	28.4	1018.38	49.17	233644	AS7341	flash	5	100	999	10	100.0	0.15
2026-07-09T15:01:38.735	432	938	615	1123	2838	2754	3218	3547	3821	501	28.41	1018.36	49.12	233313	AS7341	flash	5	100	999	10	100.0	0.15
2026-07-09T15:01:40.752	432	938	616	1123	2839	2755	3219	3547	3821	501	28.4	1018.38	49.06	232818	AS7341	flash	5	100	999	10	100.0	0.15
2026-07-09T15:01:42.660	432	937	615	1123	2839	2755	3218	3546	3821	501	28.41	1018.36	49.0	234475	AS7341	flash	5	100	999	10	100.0	0.15
2026-07-09T15:01:44.675	432	938	616	1124	2842	2758	3222	3550	3825	502	28.41	1018.38	48.95	234475	AS7341	flash	5	100	999	10	100.0	0.15
2026-07-09T15:01:46.686	432	938	616	1124	2842	2758	3222	3549	3824	502	28.41	1018.4	48.91	235145	AS7341	flash	5	100	999	10	100.0	0.15
2026-07-09T15:01:48.697	433	937	616	1125	2844	2760	3224	3549	3826	502	28.39	1018.35	48.89	234142	AS7341	flash	5	100	999	10	100.0	0.15
2026-07-09T15:01:50.718	432	937	616	1125	2845	2761	3224	3550	3827	502	28.41	1018.38	48.85	234142	AS7341	flash	5	100	999	10	100.0	0.15
2026-07-09T15:01:52.731	432	937	616	1126	2846	2762	3225	3550	3827	502	28.4	1018.39	48.83	233975	AS7341	flash	5	100	999	10	100.0	0.15
2026-07-09T15:01:54.751	433	937	616	1126	2848	2764	3226	3552	3830	502	28.4	1018.39	48.8	234308	AS7341	flash	5	100	999	10	100.0	0.15
2026-07-09T15:01:56.766	433	937	616	1126	2848	2765	3228	3552	3830	502	28.39	1018.37	48.79	234475	AS7341	flash	5	100	999	10	100.0	0.15
2026-07-09T15:01:58.673	433	936	616	1126	2848	2764	3227	3551	3829	502	28.41	1018.37	48.76	236157	AS7341	flash	5	100	999	10	100.0	0.15
2026-07-09T15:02:00.687	433	936	616	1127	2849	2766	3229	3553	3831	502	28.41	1018.37	48.74	237006	AS7341	flash	5	100	999	10	100.0	0.15
2026-07-09T15:02:02.702	433	936	616	1127	2850	2767	3231	3554	3833	502	28.4	1018.37	48.71	235818	AS7341	flash	5	100	999	10	100.0	0.15
2026-07-09T15:02:04.730	433	936	616	1128	2851	2768	3231	3554	3834	502	28.39	1018.33	48.7	236836	AS7341	flash	5	100	999	10	100.0	0.15
2026-07-09T15:02:06.739	433	936	616	1128	2852	2769	3232	3554	3835	502	28.4	1018.38	48.69	235818	AS7341	flash	5	100	999	10	100.0	0.15
2026-07-09T15:02:08.754	433	936	616	1128	2852	2769	3232	3554	3834	502	28.39	1018.38	48.68	236157	AS7341	flash	5	100	999	10	100.0	0.15
2026-07-09T15:02:10.781	433	936	616	1128	2854	2771	3234	3556	3836	503	28.4	1018.39	48.66	237177	AS7341	flash	5	100	999	10	100.0	0.15
2026-07-09T15:02:12.687	433	936	616	1128	2853	2771	3233	3555	3835	503	28.41	1018.38	48.66	238724	AS7341	flash	5	100	999	10	100.0	0.15
2026-07-09T15:02:14.704	433	936	616	1129	2856	2773	3236	3557	3838	503	28.4	1018.38	48.64	238551	AS7341	flash	5	100	999	10	100.0	0.15
2026-07-09T15:02:16.729	433	935	616	1129	2855	2773	3236	3557	3837	503	28.4	1018.37	48.62	237006	AS7341	flash	5	100	999	10	100.0	0.15
2026-07-09T15:02:18.744	433	935	616	1129	2856	2774	3237	3558	3838	503	28.39	1018.37	48.62	237177	AS7341	flash	5	100	999	10	100.0	0.15
2026-07-09T15:02:20.763	433	935	616	1130	2857	2775	3238	3559	3839	503	28.4	1018.39	48.62	236836	AS7341	flash	5	100	999	10	100.0	0.15
2026-07-09T15:02:22.673	434	935	616	1129	2857	2774	3237	3558	3838	503	28.4	1018.37	48.61	238206	AS7341	flash	5	100	999	10	100.0	0.15
2026-07-09T15:02:24.689	433	935	616	1130	2858	2776	3239	3559	3839	503	28.39	1018.38	48.6	239071	AS7341	flash	5	100	999	10	100.0	0.15
2026-07-09T15:02:26.700	433	935	616	1129	2859	2776	3239	3560	3840	503	28.41	1018.38	48.61	238379	AS7341	flash	5	100	999	10	100.0	0.15
2026-07-09T15:02:28.719	433	935	616	1130	2860	2778	3240	3561	3841	503	28.39	1018.36	48.6	237862	AS7341	flash	5	100	999	10	100.0	0.15
2026-07-09T15:02:30.732	433	935	616	1130	2859	2777	3240	3560	3840	503	28.39	1018.38	48.6	238034	AS7341	flash	5	100	999	10	100.0	0.15
2026-07-09T15:02:32.749	433	935	616	1130	2859	2777	3240	3560	3840	503	28.4	1018.39	48.58	237690	AS7341	flash	5	100	999	10	100.0	0.15
2026-07-09T15:02:34.776	433	934	616	1130	2860	2778	3241	3561	3841	503	28.4	1018.41	48.58	238206	AS7341	flash	5	100	999	10	100.0	0.15
2026-07-09T15:02:36.678	433	934	616	1130	2860	2778	3240	3561	3841	503	28.41	1018.41	48.57	238724	AS7341	flash	5	100	999	10	100.0	0.15
2026-07-09T15:02:38.696	434	934	616	1130	2861	2779	3242	3561	3842	503	28.41	1018.43	48.56	238551	AS7341	flash	5	100	999	10	100.0	0.15
2026-07-09T15:02:40.714	434	936	616	1131	2862	2780	3243	3563	3844	504	28.39	1018.38	48.57	239593	AS7341	flash	5	100	999	10	100.0	0.15
2026-07-09T15:02:42.724	433	934	616	1131	2862	2779	3242	3562	3843	503	28.41	1018.4	48.57	237519	AS7341	flash	5	100	999	10	100.0	0.15
2026-07-09T15:02:44.741	434	934	616	1131	2862	2780	3244	3563	3844	504	28.4	1018.42	48.55	238034	AS7341	flash	5	100	999	10	100.0	0.15
2026-07-09T15:02:46.760	434	934	616	1131	2863	2780	3243	3563	3844	504	28.41	1018.38	48.57	234810	AS7341	flash	5	100	999	10	100.0	0.15
2026-07-09T15:02:48.776	433	935	616	1131	2863	2780	3244	3563	3843	503	28.41	1018.4	48.56	238034	AS7341	flash	5	100	999	10	100.0	0.15
2026-07-09T15:02:50.679	434	934	616	1131	2863	2780	3243	3563	3844	504	28.42	1018.39	48.54	239244	AS7341	flash	5	100	999	10	100.0	0.15
2026-07-09T15:02:52.688	434	935	616	1131	2863	2781	3244	3564	3845	504	28.41	1018.4	48.55	239418	AS7341	flash	5	100	999	10	100.0	0.15
2026-07-09T15:02:54.705	434	934	616	1131	2864	2782	3245	3564	3845	504	28.41	1018.39	48.54	238206	AS7341	flash	5	100	999	10	100.0	0.15
2026-07-09T15:02:56.727	434	934	616	1132	2865	2783	3246	3565	3846	504	28.41	1018.41	48.54	238551	AS7341	flash	5	100	999	10	100.0	0.15
2026-07-09T15:02:58.743	434	934	616	1132	2864	2782	3245	3565	3845	504	28.41	1018.39	48.54	238379	AS7341	flash	5	100	999	10	100.0	0.15
2026-07-09T15:03:00.765	434	935	616	1132	2864	2782	3245	3565	3845	504	28.41	1018.38	48.54	238897	AS7341	flash	5	100	999	10	100.0	0.15
2026-07-09T15:03:02.671	434	934	616	1132	2864	2782	3245	3564	3846	504	28.42	1018.39	48.52	235650	AS7341	flash	5	100	999	10	100.0	0.15
2026-07-09T15:03:04.694	434	934	616	1132	2864	2782	3246	3565	3846	504	28.41	1018.39	48.53	239767	AS7341	flash	5	100	999	10	100.0	0.15
2026-07-09T15:03:06.725	434	934	616	1132	2865	2783	3246	3565	3846	504	28.41	1018.39	48.52	239418	AS7341	flash	5	100	999	10	100.0	0.15
2026-07-09T15:03:08.744	434	934	616	1132	2865	2783	3247	3565	3847	504	28.41	1018.37	48.52	238551	AS7341	flash	5	100	999	10	100.0	0.15
2026-07-09T15:03:10.768	434	933	616	1132	2866	2784	3247	3566	3847	504	28.41	1018.36	48.52	238206	AS7341	flash	5	100	999	10	100.0	0.15
2026-07-09T15:03:12.682	434	933	616	1132	2865	2784	3247	3566	3847	504	28.42	1018.38	48.5	238379	AS7341	flash	5	100	999	10	100.0	0.15
2026-07-09T15:03:14.702	434	934	616	1132	2865	2783	3247	3566	3847	504	28.41	1018.39	48.49	239767	AS7341	flash	5	100	999	10	100.0	0.15
2026-07-09T15:03:16.716	434	933	616	1132	2866	2784	3247	3566	3848	504	28.42	1018.39	48.49	238551	AS7341	flash	5	100	999	10	100.0	0.15
2026-07-09T15:03:18.737	434	934	616	1132	2866	2784	3248	3567	3848	504	28.42	1018.37	48.49	238379	AS7341	flash	5	100	999	10	100.0	0.15
2026-07-09T15:03:20.746	434	934	616	1132	2866	2784	3248	3567	3848	504	28.42	1018.42	48.49	239593	AS7341	flash	5	100	999	10	100.0	0.15
2026-07-09T15:03:22.762	434	934	616	1132	2867	2785	3248	3567	3848	504	28.42	1018.41	48.5	240117	AS7341	flash	5	100	999	10	100.0	0.15
2026-07-09T15:03:24.673	434	933	616	1132	2866	2784	3247	3566	3847	504	28.43	1018.43	48.48	239767	AS7341	flash	5	100	999	10	100.0	0.15
2026-07-09T15:03:26.696	434	933	616	1132	2866	2785	3248	3567	3848	504	28.42	1018.43	48.48	239071	AS7341	flash	5	100	999	10	100.0	0.15
2026-07-09T15:03:28.708	434	933	616	1132	2866	2785	3248	3567	3848	504	28.43	1018.43	48.48	239767	AS7341	flash	5	100	999	10	100.0	0.15
2026-07-09T15:03:30.721	434	934	616	1132	2867	2785	3249	3568	3849	504	28.42	1018.41	48.48	239418	AS7341	flash	5	100	999	10	100.0	0.15
2026-07-09T15:03:32.737	434	933	616	1132	2868	2786	3249	3568	3849	504	28.42	1018.4	48.48	238897	AS7341	flash	5	100	999	10	100.0	0.15
2026-07-09T15:03:34.742	434	933	616	1133	2868	2786	3250	3569	3850	504	28.42	1018.39	48.49	238551	AS7341	flash	5	100	999	10	100.0	0.15
2026-07-09T15:03:36.759	434	933	616	1133	2867	2786	3249	3568	3849	504	28.42	1018.39	48.49	239593	AS7341	flash	5	100	999	10	100.0	0.15
2026-07-09T15:03:38.671	434	933	616	1132	2867	2785	3249	3568	3849	504	28.43	1018.42	48.48	240467	AS7341	flash	5	100	999	10	100.0	0.15
2026-07-09T15:03:40.690	434	933	616	1132	2868	2786	3249	3568	3849	504	28.41	1018.4	48.47	239244	AS7341	flash	5	100	999	10	100.0	0.15
2026-07-09T15:03:42.709	434	933	616	1133	2868	2786	3250	3569	3850	504	28.43	1018.39	48.48	240292	AS7341	flash	5	100	999	10	100.0	0.15
2026-07-09T15:03:44.726	434	933	616	1133	2868	2786	3249	3568	3849	504	28.43	1018.39	48.47	238551	AS7341	flash	5	100	999	10	100.0	0.15
2026-07-09T15:03:46.748	434	933	616	1133	2867	2786	3249	3568	3849	504	28.43	1018.37	48.46	239942	AS7341	flash	5	100	999	10	100.0	0.15
2026-07-09T15:03:48.766	434	933	616	1132	2868	2786	3249	3568	3849	504	28.43	1018.4	48.48	239942	AS7341	flash	5	100	999	10	100.0	0.15
2026-07-09T15:03:50.678	434	933	616	1132	2867	2786	3249	3568	3850	504	28.43	1018.39	48.47	238897	AS7341	flash	5	100	999	10	100.0	0.15
2026-07-09T15:03:52.696	434	933	616	1133	2868	2786	3250	3568	3850	504	28.43	1018.44	48.47	239593	AS7341	flash	5	100	999	10	100.0	0.15
2026-07-09T15:03:54.712	434	933	616	1133	2868	2786	3250	3569	3850	504	28.43	1018.41	48.46	240467	AS7341	flash	5	100	999	10	100.0	0.15
2026-07-09T15:03:56.722	434	933	616	1133	2868	2787	3251	3570	3851	504	28.42	1018.39	48.48	239767	AS7341	flash	5	100	999	10	100.0	0.15
2026-07-09T15:03:58.745	434	933	616	1133	2868	2786	3250	3569	3850	504	28.43	1018.4	48.48	240117	AS7341	flash	5	100	999	10	100.0	0.15
2026-07-09T15:04:00.763	434	933	616	1132	2868	2786	3250	3569	3850	504	28.43	1018.41	48.48	239418	AS7341	flash	5	100	999	10	100.0	0.15
2026-07-09T15:04:02.774	434	933	616	1133	2868	2787	3250	3569	3850	504	28.43	1018.37	48.47	239942	AS7341	flash	5	100	999	10	100.0	0.15
2026-07-09T15:04:04.689	434	933	616	1133	2868	2786	3249	3568	3849	504	28.43	1018.4	48.48	240467	AS7341	flash	5	100	999	10	100.0	0.15
2026-07-09T15:04:06.706	434	933	616	1133	2868	2786	3250	3569	3850	504	28.43	1018.41	48.48	239767	AS7341	flash	5	100	999	10	100.0	0.15
2026-07-09T15:04:08.727	434	933	616	1133	2869	2787	3251	3570	3851	504	28.43	1018.4	48.48	238379	AS7341	flash	5	100	999	10	100.0	0.15
2026-07-09T15:04:10.746	434	933	616	1133	2868	2787	3250	3569	3850	504	28.43	1018.46	48.48	240292	AS7341	flash	5	100	999	10	100.0	0.15
2026-07-09T15:04:12.759	434	933	616	1133	2869	2787	3251	3570	3851	504	28.43	1018.43	48.48	240117	AS7341	flash	5	100	999	10	100.0	0.15
2026-07-09T15:04:14.775	434	933	616	1133	2869	2787	3251	3570	3851	504	28.42	1018.42	48.47	239942	AS7341	flash	5	100	999	10	100.0	0.15
2026-07-09T15:04:16.681	434	933	616	1133	2868	2786	3250	3569	3850	504	28.44	1018.41	48.48	239942	AS7341	flash	5	100	999	10	100.0	0.15
2026-07-09T15:04:18.696	434	933	616	1133	2869	2787	3250	3570	3851	504	28.42	1018.39	48.47	239418	AS7341	flash	5	100	999	10	100.0	0.15
2026-07-09T15:04:20.709	434	934	616	1133	2869	2787	3251	3570	3851	504	28.43	1018.42	48.47	239071	AS7341	flash	5	100	999	10	100.0	0.15
2026-07-09T15:04:22.736	434	933	616	1133	2869	2787	3251	3570	3851	504	28.43	1018.39	48.46	237862	AS7341	flash	5	100	999	10	100.0	0.15
2026-07-09T15:04:24.754	434	933	616	1133	2869	2787	3251	3570	3851	504	28.43	1018.43	48.46	241703	AS7341	flash	5	100	999	10	100.0	0.15
2026-07-09T15:04:26.771	434	933	616	1133	2869	2787	3251	3570	3851	504	28.43	1018.41	48.47	240643	AS7341	flash	5	100	999	10	100.0	0.15
2026-07-09T15:04:28.682	434	933	616	1133	2869	2787	3251	3569	3851	504	28.44	1018.41	48.46	239244	AS7341	flash	5	100	999	10	100.0	0.15
2026-07-09T15:04:30.698	434	933	616	1133	2869	2787	3251	3569	3851	504	28.43	1018.39	48.46	240643	AS7341	flash	5	100	999	10	100.0	0.15
2026-07-09T15:04:32.715	434	934	616	1133	2869	2787	3252	3570	3851	504	28.43	1018.38	48.46	239767	AS7341	flash	5	100	999	10	100.0	0.15
2026-07-09T15:04:34.728	434	933	616	1133	2869	2787	3251	3570	3851	504	28.43	1018.39	48.47	239593	AS7341	flash	5	100	999	10	100.0	0.15
2026-07-09T15:04:36.743	434	933	616	1133	2869	2787	3251	3570	3851	504	28.43	1018.41	48.47	238897	AS7341	flash	5	100	999	10	100.0	0.15
2026-07-09T15:04:38.764	434	933	616	1133	2869	2788	3252	3570	3851	504	28.43	1018.4	48.48	239418	AS7341	flash	5	100	999	10	100.0	0.15
2026-07-09T15:04:40.777	434	933	616	1133	2869	2787	3251	3570	3851	504	28.44	1018.41	48.47	238551	AS7341	flash	5	100	999	10	100.0	0.15
2026-07-09T15:04:42.687	434	933	616	1133	2868	2787	3251	3569	3850	504	28.45	1018.38	48.48	239418	AS7341	flash	5	100	999	10	100.0	0.15
2026-07-09T15:04:44.707	434	933	616	1133	2869	2787	3251	3570	3851	504	28.44	1018.39	48.47	240819	AS7341	flash	5	100	999	10	100.0	0.15
2026-07-09T15:04:46.720	434	933	616	1133	2868	2787	3251	3569	3850	504	28.44	1018.4	48.47	240995	AS7341	flash	5	100	999	10	100.0	0.15
2026-07-09T15:04:48.743	434	933	616	1133	2869	2787	3251	3570	3851	504	28.43	1018.42	48.46	240292	AS7341	flash	5	100	999	10	100.0	0.15
2026-07-09T15:04:50.767	434	933	616	1133	2869	2788	3252	3570	3852	504	28.44	1018.42	48.47	239942	AS7341	flash	5	100	999	10	100.0	0.15
2026-07-09T15:04:52.678	434	933	616	1133	2869	2788	3251	3571	3852	504	28.45	1018.39	48.47	240117	AS7341	flash	5	100	999	10	100.0	0.15
2026-07-09T15:04:54.694	434	933	616	1133	2869	2787	3251	3570	3851	504	28.44	1018.41	48.45	240819	AS7341	flash	5	100	999	10	100.0	0.15
2026-07-09T15:04:56.717	434	933	616	1133	2869	2788	3252	3571	3852	504	28.44	1018.41	48.44	239942	AS7341	flash	5	100	999	10	100.0	0.15
2026-07-09T15:04:58.731	434	933	616	1133	2869	2787	3251	3570	3851	504	28.44	1018.43	48.44	239942	AS7341	flash	5	100	999	10	100.0	0.15
2026-07-09T15:05:00.751	434	933	616	1133	2869	2787	3251	3570	3851	504	28.44	1018.42	48.44	241703	AS7341	flash	5	100	999	10	100.0	0.15
2026-07-09T15:05:02.765	434	933	616	1133	2870	2788	3253	3571	3853	504	28.43	1018.37	48.44	239071	AS7341	flash	5	100	999	10	100.0	0.15
2026-07-09T15:05:04.673	434	933	616	1133	2868	2787	3251	3569	3851	504	28.45	1018.41	48.44	241880	AS7341	flash	5	100	999	10	100.0	0.15
2026-07-09T15:05:06.690	434	933	616	1133	2869	2787	3251	3570	3851	504	28.44	1018.38	48.44	240292	AS7341	flash	5	100	999	10	100.0	0.15
2026-07-09T15:05:08.708	434	933	616	1133	2869	2788	3252	3570	3851	504	28.44	1018.37	48.43	239244	AS7341	flash	5	100	999	10	100.0	0.15
2026-07-09T15:05:10.718	434	933	616	1133	2869	2787	3250	3570	3851	504	28.45	1018.37	48.43	240117	AS7341	flash	5	100	999	10	100.0	0.15
2026-07-09T15:05:12.736	434	933	616	1133	2869	2788	3252	3571	3851	504	28.45	1018.4	48.44	239942	AS7341	flash	5	100	999	10	100.0	0.15
2026-07-09T15:05:14.746	434	933	616	1133	2870	2788	3252	3571	3852	504	28.44	1018.39	48.45	239593	AS7341	flash	5	100	999	10	100.0	0.15
2026-07-09T15:05:16.767	434	933	616	1133	2869	2787	3252	3570	3850	504	28.44	1018.37	48.45	238897	AS7341	flash	5	100	999	10	100.0	0.15
2026-07-09T15:05:18.673	434	933	616	1133	2869	2788	3251	3570	3851	504	28.45	1018.37	48.46	241348	AS7341	flash	5	100	999	10	100.0	0.15
2026-07-09T15:05:20.695	434	934	616	1133	2869	2788	3252	3571	3852	504	28.44	1018.38	48.45	239942	AS7341	flash	5	100	999	10	100.0	0.15
2026-07-09T15:05:22.714	434	933	616	1133	2869	2788	3252	3571	3851	504	28.45	1018.39	48.45	241703	AS7341	flash	5	100	999	10	100.0	0.15
2026-07-09T15:05:24.729	434	933	616	1133	2869	2788	3252	3571	3852	504	28.44	1018.36	48.45	240995	AS7341	flash	5	100	999	10	100.0	0.15
2026-07-09T15:05:26.744	434	933	616	1133	2870	2788	3253	3571	3852	504	28.45	1018.4	48.46	239071	AS7341	flash	5	100	999	10	100.0	0.15
2026-07-09T15:05:28.757	434	933	616	1133	2869	2787	3252	3571	3851	504	28.45	1018.4	48.45	239418	AS7341	flash	5	100	999	10	100.0	0.15
2026-07-09T15:05:30.775	434	933	616	1133	2869	2788	3253	3571	3852	504	28.45	1018.38	48.45	239942	AS7341	flash	5	100	999	10	100.0	0.15
2026-07-09T15:05:32.681	434	933	616	1133	2868	2787	3251	3570	3850	504	28.46	1018.42	48.44	239593	AS7341	flash	5	100	999	10	100.0	0.15
2026-07-09T15:05:34.694	434	933	616	1133	2869	2787	3251	3570	3851	504	28.45	1018.39	48.44	240819	AS7341	flash	5	100	999	10	100.0	0.15
2026-07-09T15:05:36.705	434	933	616	1133	2869	2787	3252	3571	3851	504	28.46	1018.4	48.44	240643	AS7341	flash	5	100	999	10	100.0	0.15
2026-07-09T15:05:38.724	434	933	616	1133	2869	2788	3252	3571	3852	504	28.46	1018.38	48.44	238897	AS7341	flash	5	100	999	10	100.0	0.15
2026-07-09T15:05:40.736	434	933	616	1133	2869	2787	3251	3571	3851	504	28.45	1018.37	48.45	238724	AS7341	flash	5	100	999	10	100.0	0.15
2026-07-09T15:05:42.752	434	933	616	1133	2869	2788	3252	3571	3852	504	28.45	1018.4	48.44	239942	AS7341	flash	5	100	999	10	100.0	0.15
2026-07-09T15:05:44.770	434	933	616	1133	2869	2788	3252	3571	3852	504	28.45	1018.39	48.43	238897	AS7341	flash	5	100	999	10	100.0	0.15
2026-07-09T15:05:46.686	434	933	616	1133	2868	2786	3250	3569	3850	504	28.46	1018.39	48.44	238897	AS7341	flash	5	100	999	10	100.0	0.15
2026-07-09T15:05:48.704	435	933	616	1132	2867	2786	3250	3569	3849	504	28.46	1018.38	48.42	239244	AS7341	flash	5	100	999	10	100.0	0.15
2026-07-09T15:05:50.726	434	933	616	1133	2869	2788	3252	3571	3852	504	28.45	1018.38	48.44	239942	AS7341	flash	5	100	999	10	100.0	0.15
2026-07-09T15:05:52.752	434	933	616	1133	2869	2788	3252	3571	3852	504	28.45	1018.38	48.44	240467	AS7341	flash	5	100	999	10	100.0	0.15
2026-07-09T15:05:54.773	434	933	616	1133	2868	2787	3250	3570	3850	504	28.45	1018.41	48.43	239071	AS7341	flash	5	100	999	10	100.0	0.15
2026-07-09T15:05:56.676	434	933	616	1132	2867	2786	3250	3569	3850	504	28.46	1018.39	48.44	239593	AS7341	flash	5	100	999	10	0.0	0.15
2026-07-09T15:05:58.692	434	933	616	1132	2867	2786	3251	3571	3851	504	28.47	1018.39	48.44	239942	AS7341	flash	5	100	999	10	0.0	0.15
2026-07-09T15:06:00.708	434	932	616	1131	2863	2783	3249	3576	3849	504	28.49	1018.4	49.05	236836	AS7341	flash	5	100	999	10	0.0	0.15
2026-07-09T15:06:02.732	434	932	615	1129	2857	2777	3246	3577	3846	504	28.51	1018.35	50.57	230214	AS7341	flash	5	100	999	10	0.0	0.15
2026-07-09T15:06:04.756	433	933	615	1126	2851	2771	3242	3581	3843	504	28.52	1018.32	52.44	227983	AS7341	flash	5	100	999	10	0.0	0.15
2026-07-09T15:06:06.768	433	933	615	1124	2842	2762	3235	3580	3837	503	28.53	1018.35	54.26	223496	AS7341	flash	5	100	999	10	0.0	0.15
2026-07-09T15:06:08.677	432	933	614	1121	2834	2754	3229	3580	3831	502	28.54	1018.39	55.81	218891	AS7341	flash	5	100	999	10	0.0	0.15
2026-07-09T15:06:10.704	432	934	614	1118	2827	2746	3223	3580	3827	502	28.55	1018.39	57.25	212124	AS7341	flash	5	100	999	10	0.0	0.15
2026-07-09T15:06:12.728	432	935	614	1116	2820	2739	3217	3580	3821	501	28.56	1018.37	58.43	212947	AS7341	flash	5	100	999	10	0.0	0.15
2026-07-09T15:06:14.748	432	936	614	1113	2812	2730	3209	3578	3814	501	28.56	1018.39	59.44	207317	AS7341	flash	5	100	999	10	0.0	0.15
2026-07-09T15:06:16.772	431	937	614	1111	2804	2722	3204	3577	3808	500	28.56	1018.38	60.24	201606	AS7341	flash	5	100	999	10	100.0	0.15
2026-07-09T15:06:18.688	431	938	614	1110	2799	2717	3200	3576	3804	500	28.58	1018.36	60.88	199772	AS7341	flash	5	100	999	10	100.0	0.15
2026-07-09T15:06:20.702	431	939	614	1110	2798	2716	3197	3570	3802	499	28.54	1018.38	60.52	203223	AS7341	flash	5	100	999	10	100.0	0.15
2026-07-09T15:06:22.717	431	940	614	1110	2798	2716	3196	3566	3800	499	28.53	1018.38	58.75	205763	AS7341	flash	5	100	999	10	100.0	0.15
2026-07-09T15:06:24.729	431	940	615	1110	2798	2715	3194	3560	3798	499	28.52	1018.39	56.87	209693	AS7341	flash	5	100	999	10	100.0	0.15
2026-07-09T15:06:26.742	431	941	615	1111	2799	2716	3193	3556	3798	499	28.53	1018.42	55.26	211579	AS7341	flash	5	100	999	10	100.0	0.15
2026-07-09T15:06:28.761	431	941	615	1111	2800	2717	3191	3551	3796	499	28.52	1018.35	53.99	214612	AS7341	flash	5	100	999	10	100.0	0.15
2026-07-09T15:06:30.679	431	942	615	1112	2801	2718	3191	3548	3796	499	28.53	1018.37	53.04	216873	AS7341	flash	5	100	999	10	100.0	0.15
2026-07-09T15:06:32.699	431	942	615	1112	2804	2721	3194	3548	3799	499	28.52	1018.42	52.27	218456	AS7341	flash	5	100	999	10	100.0	0.15
2026-07-09T15:06:34.714	431	942	615	1113	2805	2721	3193	3545	3798	499	28.52	1018.38	51.66	219037	AS7341	flash	5	100	999	10	100.0	0.15
2026-07-09T15:06:36.724	431	942	615	1113	2806	2722	3194	3543	3798	499	28.52	1018.39	51.18	221244	AS7341	flash	5	100	999	10	100.0	0.15
2026-07-09T15:06:38.736	431	942	616	1114	2808	2724	3194	3542	3799	499	28.52	1018.36	50.81	221393	AS7341	flash	5	100	999	10	100.0	0.15
2026-07-09T15:06:40.759	431	942	616	1114	2810	2726	3195	3541	3800	499	28.52	1018.41	50.52	224716	AS7341	flash	5	100	999	10	100.0	0.15
2026-07-09T15:06:42.775	431	942	616	1115	2811	2727	3196	3539	3800	499	28.51	1018.36	50.27	224870	AS7341	flash	5	100	999	10	100.0	0.15
2026-07-09T15:06:44.681	431	942	616	1116	2812	2728	3196	3538	3800	499	28.52	1018.35	50.09	226105	AS7341	flash	5	100	999	10	100.0	0.15
2026-07-09T15:06:46.693	431	942	616	1115	2814	2730	3198	3539	3802	500	28.51	1018.37	49.91	227353	AS7341	flash	5	100	999	10	100.0	0.15
2026-07-09T15:06:48.717	432	942	616	1116	2816	2732	3199	3539	3803	499	28.51	1018.37	49.79	227668	AS7341	flash	5	100	999	10	100.0	0.15
2026-07-09T15:06:50.747	432	942	616	1117	2818	2734	3201	3539	3805	500	28.51	1018.35	49.67	228299	AS7341	flash	5	100	999	10	100.0	0.15
2026-07-09T15:06:52.662	432	942	616	1117	2818	2734	3201	3538	3804	500	28.52	1018.38	49.56	229093	AS7341	flash	5	100	999	10	100.0	0.15
2026-07-09T15:06:54.673	432	942	616	1118	2821	2737	3203	3539	3807	500	28.51	1018.37	49.46	228299	AS7341	flash	5	100	999	10	100.0	0.15
2026-07-09T15:06:56.699	433	942	616	1118	2823	2739	3205	3541	3809	500	28.5	1018.41	49.41	230536	AS7341	flash	5	100	999	10	100.0	0.15
2026-07-09T15:06:58.714	433	941	616	1118	2823	2739	3205	3539	3808	500	28.5	1018.39	49.33	229572	AS7341	flash	5	100	999	10	100.0	0.15
2026-07-09T15:07:00.734	432	941	616	1119	2825	2741	3207	3540	3810	500	28.5	1018.42	49.29	229732	AS7341	flash	5	100	999	10	100.0	0.15
2026-07-09T15:07:02.754	432	941	616	1120	2827	2743	3209	3541	3812	500	28.51	1018.38	49.23	231998	AS7341	flash	5	100	999	10	100.0	0.15
2026-07-09T15:07:04.769	432	941	616	1120	2828	2744	3209	3541	3812	500	28.5	1018.4	49.17	231508	AS7341	flash	5	100	999	10	100.0	0.15
2026-07-09T15:07:06.683	432	941	616	1120	2828	2744	3209	3540	3812	500	28.51	1018.38	49.12	231834	AS7341	flash	5	100	999	10	100.0	0.15
2026-07-09T15:07:08.693	432	941	616	1121	2830	2746	3211	3542	3814	501	28.51	1018.4	49.08	232818	AS7341	flash	5	100	999	10	100.0	0.15
2026-07-09T15:07:10.713	432	940	616	1121	2831	2747	3212	3542	3815	501	28.5	1018.36	49.05	231834	AS7341	flash	5	100	999	10	100.0	0.15
2026-07-09T15:07:12.727	432	940	616	1121	2832	2749	3213	3543	3816	501	28.5	1018.38	49.0	233147	AS7341	flash	5	100	999	10	100.0	0.15
2026-07-09T15:07:14.754	432	940	616	1122	2834	2750	3215	3544	3818	501	28.5	1018.4	48.98	232489	AS7341	flash	5	100	999	10	100.0	0.15
2026-07-09T15:07:16.673	432	940	616	1122	2835	2751	3215	3544	3818	501	28.51	1018.41	48.96	233644	AS7341	flash	5	100	999	10	100.0	0.15
2026-07-09T15:07:18.697	432	940	616	1122	2835	2752	3216	3544	3819	501	28.51	1018.38	48.93	233147	AS7341	flash	5	100	999	10	100.0	0.15
2026-07-09T15:07:20.711	432	939	616	1123	2837	2753	3217	3545	3819	501	28.51	1018.38	48.9	234142	AS7341	flash	5	100	999	10	100.0	0.15
2026-07-09T15:07:22.729	432	939	616	1123	2837	2754	3218	3545	3820	501	28.51	1018.35	48.86	233644	AS7341	flash	5	100	999	10	100.0	0.15
2026-07-09T15:07:24.753	433	939	616	1124	2840	2756	3220	3547	3823	502	28.51	1018.39	48.85	234642	AS7341	flash	5	100	999	10	100.0	0.15
2026-07-09T15:07:26.771	433	939	616	1124	2841	2757	3221	3548	3823	502	28.51	1018.42	48.84	232818	AS7341	flash	5	100	999	10	100.0	0.15
2026-07-09T15:07:28.676	433	939	616	1124	2841	2757	3221	3547	3823	502	28.52	1018.33	48.82	234142	AS7341	flash	5	100	999	10	100.0	0.15
2026-07-09T15:07:30.685	433	939	616	1124	2841	2758	3222	3548	3824	502	28.51	1018.38	48.8	234977	AS7341	flash	5	100	999	10	100.0	0.15
2026-07-09T15:07:32.704	433	939	616	1124	2843	2759	3224	3549	3824	502	28.51	1018.38	48.78	235987	AS7341	flash	5	100	999	10	100.0	0.15
2026-07-09T15:07:34.725	433	939	616	1125	2844	2760	3225	3550	3825	502	28.51	1018.38	48.76	234142	AS7341	flash	5	100	999	10	100.0	0.15
2026-07-09T15:07:36.748	433	938	616	1125	2844	2760	3225	3550	3827	502	28.51	1018.34	48.75	234810	AS7341	flash	5	100	999	10	100.0	0.15
2026-07-09T15:07:38.762	433	938	616	1125	2845	2762	3226	3550	3826	502	28.51	1018.38	48.74	236157	AS7341	flash	5	100	999	10	100.0	0.15
2026-07-09T15:07:40.779	433	938	616	1126	2847	2763	3228	3553	3828	502	28.51	1018.36	48.73	237006	AS7341	flash	5	100	999	10	100.0	0.15
2026-07-09T15:07:42.794	433	938	616	1126	2846	2763	3227	3552	3828	502	28.52	1018.38	48.73	235145	AS7341	flash	5	100	999	10	100.0	0.15
2026-07-09T15:07:44.706	433	938	616	1126	2847	2764	3228	3553	3829	502	28.52	1018.35	48.72	235650	AS7341	flash	5	100	999	10	100.0	0.15
2026-07-09T15:07:46.720	433	938	617	1126	2847	2765	3229	3554	3830	502	28.52	1018.4	48.71	236496	AS7341	flash	5	100	999	10	100.0	0.15
2026-07-09T15:07:48.735	433	938	616	1126	2848	2765	3229	3554	3830	502	28.51	1018.35	48.69	236496	AS7341	flash	5	100	999	10	100.0	0.15
2026-07-09T15:07:50.756	433	938	616	1126	2847	2765	3230	3553	3830	502	28.51	1018.38	48.69	236666	AS7341	flash	5	100	999	10	100.0	0.15
2026-07-09T15:07:52.777	433	937	616	1126	2847	2765	3230	3553	3829	502	28.51	1018.39	48.68	235313	AS7341	flash	5	100	999	10	100.0	0.15
2026-07-09T15:07:54.789	433	937	616	1127	2849	2767	3231	3555	3831	503	28.5	1018.37	48.68	236496	AS7341	flash	5	100	999	10	100.0	0.15
2026-07-09T15:07:56.803	433	937	616	1127	2850	2766	3231	3554	3831	503	28.5	1018.37	48.67	235650	AS7341	flash	5	100	999	10	100.0	0.15
2026-07-09T15:07:58.704	433	937	616	1127	2849	2767	3231	3554	3831	502	28.51	1018.41	48.66	236666	AS7341	flash	5	100	999	10	100.0	0.15
2026-07-09T15:08:00.718	433	937	617	1127	2851	2768	3233	3556	3833	503	28.51	1018.39	48.66	235481	AS7341	flash	5	100	999	10	100.0	0.15
2026-07-09T15:08:02.736	433	937	616	1127	2851	2768	3233	3556	3833	503	28.5	1018.37	48.65	236496	AS7341	flash	5	100	999	10	100.0	0.15
2026-07-09T15:08:04.751	433	937	616	1127	2850	2769	3233	3556	3833	503	28.51	1018.36	48.66	236326	AS7341	flash	5	100	999	10	100.0	0.15
2026-07-09T15:08:06.769	433	937	616	1128	2853	2771	3235	3558	3835	503	28.5	1018.34	48.65	236496	AS7341	flash	5	100	999	10	100.0	0.15
2026-07-09T15:08:08.779	433	937	616	1128	2852	2770	3235	3558	3835	503	28.51	1018.39	48.65	235145	AS7341	flash	5	100	999	10	100.0	0.15
2026-07-09T15:08:10.796	433	937	616	1128	2853	2771	3236	3559	3836	503	28.5	1018.35	48.65	237862	AS7341	flash	5	100	999	10	100.0	0.15
2026-07-09T15:08:12.812	433	937	616	1128	2852	2770	3235	3558	3835	503	28.5	1018.33	48.64	236326	AS7341	flash	5	100	999	10	100.0	0.15
2026-07-09T15:08:14.718	433	937	616	1128	2853	2770	3235	3558	3836	503	28.51	1018.36	48.64	237006	AS7341	flash	5	100	999	10	100.0	0.15
2026-07-09T15:08:16.734	433	937	616	1128	2853	2772	3236	3558	3836	503	28.5	1018.33	48.63	238206	AS7341	flash	5	100	999	10	100.0	0.15
2026-07-09T15:08:18.748	433	937	617	1128	2854	2772	3237	3559	3837	503	28.5	1018.33	48.65	236157	AS7341	flash	5	100	999	10	100.0	0.15
2026-07-09T15:08:20.760	434	937	616	1128	2854	2772	3237	3559	3837	503	28.5	1018.37	48.64	237177	AS7341	flash	5	100	999	10	100.0	0.15
2026-07-09T15:08:22.771	433	936	616	1128	2854	2772	3237	3559	3836	503	28.49	1018.35	48.62	238034	AS7341	flash	5	100	999	10	100.0	0.15
2026-07-09T15:08:24.783	434	936	617	1129	2855	2773	3238	3560	3838	503	28.5	1018.39	48.64	237177	AS7341	flash	5	100	999	10	100.0	0.15
2026-07-09T15:08:26.689	433	936	616	1128	2854	2772	3237	3559	3836	503	28.5	1018.35	48.62	238897	AS7341	flash	5	100	999	10	100.0	0.15
2026-07-09T15:08:28.805	434	936	616	1129	2855	2774	3238	3560	3838	503	28.49	1018.35	48.62	237348	AS7341	flash	5	100	999	10	100.0	0.15
2026-07-09T15:08:30.709	433	936	616	1128	2855	2772	3237	3559	3837	503	28.5	1018.37	48.63	238724	AS7341	flash	5	100	999	10	100.0	0.15
2026-07-09T15:08:32.724	434	936	616	1129	2855	2773	3238	3560	3838	503	28.5	1018.37	48.62	238206	AS7341	flash	5	100	999	10	100.0	0.15
2026-07-09T15:08:34.746	434	936	616	1129	2856	2774	3239	3560	3838	503	28.5	1018.36	48.62	237862	AS7341	flash	5	100	999	10	100.0	0.15
2026-07-09T15:08:36.772	434	936	616	1129	2856	2774	3239	3561	3839	503	28.5	1018.37	48.62	237177	AS7341	flash	5	100	999	10	100.0	0.15
2026-07-09T15:08:38.791	433	936	616	1129	2856	2775	3239	3561	3839	503	28.5	1018.35	48.61	238034	AS7341	flash	5	100	999	10	100.0	0.15
2026-07-09T15:08:40.701	434	936	616	1129	2857	2775	3241	3562	3840	503	28.51	1018.37	48.6	237862	AS7341	flash	5	100	999	10	100.0	0.15
2026-07-09T15:08:42.722	434	936	617	1130	2858	2776	3241	3563	3841	504	28.5	1018.35	48.6	238551	AS7341	flash	5	100	999	10	100.0	0.15
2026-07-09T15:08:44.738	434	936	617	1130	2857	2775	3241	3562	3840	503	28.5	1018.38	48.61	237348	AS7341	flash	5	100	999	10	100.0	0.15
2026-07-09T15:08:46.749	434	936	616	1130	2858	2777	3242	3564	3841	504	28.49	1018.4	48.6	239593	AS7341	flash	5	100	999	10	100.0	0.15
2026-07-09T15:08:48.772	434	936	616	1129	2858	2776	3241	3563	3840	503	28.49	1018.39	48.6	238551	AS7341	flash	5	100	999	10	100.0	0.15
2026-07-09T15:08:50.787	434	936	616	1129	2858	2776	3241	3563	3841	503	28.5	1018.38	48.59	237177	AS7341	flash	5	100	999	10	100.0	0.15
2026-07-09T15:08:52.807	434	936	616	1130	2858	2777	3242	3563	3841	503	28.51	1018.39	48.59	237519	AS7341	flash	5	100	999	10	100.0	0.15
2026-07-09T15:08:54.712	434	936	617	1130	2858	2776	3241	3563	3841	503	28.51	1018.38	48.58	238379	AS7341	flash	5	100	999	10	100.0	0.15
2026-07-09T15:08:56.732	434	936	616	1130	2858	2776	3241	3563	3841	503	28.5	1018.39	48.57	238206	AS7341	flash	5	100	999	10	100.0	0.15
2026-07-09T15:08:58.747	434	936	616	1130	2858	2777	3242	3563	3841	503	28.5	1018.36	48.59	238551	AS7341	flash	5	100	999	10	100.0	0.15
2026-07-09T15:09:00.769	434	936	616	1130	2859	2777	3242	3564	3842	504	28.5	1018.42	48.59	237348	AS7341	flash	5	100	999	10	100.0	0.15
2026-07-09T15:09:02.788	434	936	617	1130	2860	2778	3243	3565	3843	504	28.5	1018.42	48.59	237862	AS7341	flash	5	100	999	10	100.0	0.15
2026-07-09T15:09:04.810	434	936	617	1130	2860	2778	3243	3565	3843	504	28.5	1018.41	48.59	237177	AS7341	flash	5	100	999	10	100.0	0.15
2026-07-09T15:09:06.714	434	936	617	1131	2860	2778	3243	3564	3843	504	28.51	1018.37	48.58	237862	AS7341	flash	5	100	999	10	100.0	0.15
2026-07-09T15:09:08.736	434	936	617	1130	2860	2778	3244	3565	3843	504	28.5	1018.37	48.56	238551	AS7341	flash	5	100	999	10	100.0	0.15
2026-07-09T15:09:10.750	434	936	617	1130	2859	2778	3243	3564	3842	503	28.51	1018.39	48.57	238206	AS7341	flash	5	100	999	10	100.0	0.15
2026-07-09T15:09:12.766	434	936	617	1130	2860	2778	3243	3565	3843	504	28.5	1018.38	48.57	238551	AS7341	flash	5	100	999	10	100.0	0.15
2026-07-09T15:09:14.783	434	936	617	1130	2860	2778	3243	3565	3843	504	28.5	1018.37	48.58	238724	AS7341	flash	5	100	999	10	100.0	0.15
2026-07-09T15:09:16.799	434	936	617	1130	2860	2779	3244	3565	3843	504	28.5	1018.37	48.58	237862	AS7341	flash	5	100	999	10	100.0	0.15
2026-07-09T15:09:18.819	434	935	616	1130	2860	2778	3243	3565	3842	504	28.5	1018.39	48.56	236836	AS7341	flash	5	100	999	10	100.0	0.15
2026-07-09T15:09:20.833	434	935	616	1130	2860	2778	3244	3565	3843	504	28.5	1018.41	48.58	238379	AS7341	flash	5	100	999	10	100.0	0.15
2026-07-09T15:09:22.739	434	935	617	1130	2860	2779	3244	3565	3844	504	28.51	1018.41	48.56	238897	AS7341	flash	5	100	999	10	100.0	0.15
2026-07-09T15:09:24.758	434	936	616	1131	2861	2779	3244	3566	3844	504	28.5	1018.4	48.57	239244	AS7341	flash	5	100	999	10	100.0	0.15
2026-07-09T15:09:26.773	434	936	617	1131	2861	2779	3245	3566	3844	504	28.5	1018.4	48.57	237519	AS7341	flash	5	100	999	10	100.0	0.15
2026-07-09T15:09:28.782	434	935	617	1131	2861	2779	3244	3565	3844	504	28.5	1018.37	48.58	238206	AS7341	flash	5	100	999	10	100.0	0.15
2026-07-09T15:09:30.798	434	935	616	1130	2861	2779	3245	3566	3844	504	28.5	1018.37	48.59	237862	AS7341	flash	5	100	999	10	100.0	0.15
2026-07-09T15:09:32.811	434	935	617	1131	2861	2779	3245	3566	3844	504	28.5	1018.37	48.58	239071	AS7341	flash	5	100	999	10	100.0	0.15
2026-07-09T15:09:34.829	434	936	617	1131	2861	2780	3245	3566	3845	504	28.49	1018.37	48.58	238206	AS7341	flash	5	100	999	10	100.0	0.15
2026-07-09T15:09:36.843	434	935	617	1131	2862	2780	3246	3567	3845	504	28.5	1018.38	48.59	238034	AS7341	flash	5	100	999	10	100.0	0.15
2026-07-09T15:09:38.755	434	935	616	1130	2860	2778	3244	3565	3843	504	28.5	1018.36	48.58	238897	AS7341	flash	5	100	999	10	100.0	0.15
2026-07-09T15:09:40.777	434	935	616	1130	2861	2780	3246	3567	3845	504	28.5	1018.39	48.59	238551	AS7341	flash	5	100	999	10	100.0	0.15
2026-07-09T15:09:42.800	434	935	617	1131	2861	2780	3245	3567	3845	504	28.49	1018.35	48.58	237519	AS7341	flash	5	100	999	10	100.0	0.15
2026-07-09T15:09:44.821	434	935	616	1130	2862	2780	3246	3567	3845	504	28.49	1018.39	48.61	238551	AS7341	flash	5	100	999	10	100.0	0.15
2026-07-09T15:09:46.831	434	935	617	1131	2861	2780	3245	3566	3844	504	28.49	1018.36	48.6	238724	AS7341	flash	5	100	999	10	100.0	0.15
2026-07-09T15:09:48.855	434	935	617	1130	2862	2780	3246	3567	3845	504	28.49	1018.37	48.61	237519	AS7341	flash	5	100	999	10	100.0	0.15
2026-07-09T15:09:50.760	434	935	616	1130	2861	2779	3245	3566	3844	504	28.5	1018.33	48.6	238551	AS7341	flash	5	100	999	10	100.0	0.15
2026-07-09T15:09:52.771	434	935	616	1130	2861	2780	3245	3567	3845	504	28.49	1018.38	48.58	238724	AS7341	flash	5	100	999	10	100.0	0.15
2026-07-09T15:09:54.798	434	935	616	1130	2862	2780	3245	3567	3845	504	28.49	1018.36	48.6	238724	AS7341	flash	5	100	999	10	100.0	0.15
2026-07-09T15:09:56.812	434	935	616	1131	2861	2780	3245	3566	3844	504	28.49	1018.35	48.6	238379	AS7341	flash	5	100	999	10	100.0	0.15
2026-07-09T15:09:58.827	434	935	617	1131	2862	2781	3246	3568	3845	504	28.49	1018.36	48.59	238206	AS7341	flash	5	100	999	10	100.0	0.15
2026-07-09T15:10:00.841	434	935	616	1131	2862	2780	3246	3567	3845	504	28.49	1018.33	48.62	237690	AS7341	flash	5	100	999	10	100.0	0.15
2026-07-09T15:10:02.855	434	935	617	1131	2862	2780	3246	3567	3845	504	28.49	1018.38	48.6	238034	AS7341	flash	5	100	999	10	100.0	0.15
2026-07-09T15:10:04.767	434	935	617	1131	2862	2780	3246	3567	3845	504	28.49	1018.35	48.6	239593	AS7341	flash	5	100	999	10	100.0	0.15
2026-07-09T15:10:06.783	434	935	616	1130	2862	2780	3246	3567	3845	504	28.5	1018.35	48.61	239244	AS7341	flash	5	100	999	10	100.0	0.15
2026-07-09T15:10:08.798	434	935	617	1131	2862	2781	3247	3568	3846	504	28.49	1018.37	48.6	239593	AS7341	flash	5	100	999	10	100.0	0.15
2026-07-09T15:10:10.817	434	935	617	1131	2862	2781	3246	3567	3845	504	28.49	1018.36	48.58	238379	AS7341	flash	5	100	999	10	100.0	0.15
2026-07-09T15:10:12.828	434	935	616	1131	2862	2781	3247	3568	3846	504	28.49	1018.36	48.6	239071	AS7341	flash	5	100	999	10	100.0	0.15
2026-07-09T15:10:14.840	434	935	617	1131	2861	2780	3246	3567	3845	504	28.49	1018.38	48.6	237519	AS7341	flash	5	100	999	10	100.0	0.15
2026-07-09T15:10:16.856	434	935	617	1131	2862	2781	3247	3568	3846	504	28.49	1018.37	48.6	238206	AS7341	flash	5	100	999	10	100.0	0.15
2026-07-09T15:10:18.766	434	935	617	1131	2862	2780	3246	3567	3845	504	28.5	1018.34	48.6	238897	AS7341	flash	5	100	999	10	100.0	0.15
2026-07-09T15:10:20.793	434	935	616	1131	2862	2781	3247	3568	3846	504	28.48	1018.36	48.6	239071	AS7341	flash	5	100	999	10	100.0	0.15
2026-07-09T15:10:22.809	434	935	617	1131	2862	2781	3247	3567	3845	504	28.48	1018.33	48.6	239244	AS7341	flash	5	100	999	10	100.0	0.15
2026-07-09T15:10:24.827	434	935	616	1131	2862	2781	3247	3568	3846	504	28.48	1018.31	48.61	239418	AS7341	flash	5	100	999	10	100.0	0.15
2026-07-09T15:10:26.842	434	935	617	1131	2863	2782	3248	3569	3847	504	28.48	1018.36	48.6	237862	AS7341	flash	5	100	999	10	100.0	0.15
2026-07-09T15:10:28.749	434	935	616	1131	2862	2781	3246	3568	3846	504	28.49	1018.32	48.61	239942	AS7341	flash	5	100	999	10	100.0	0.15
2026-07-09T15:10:30.772	434	935	617	1131	2862	2781	3247	3568	3846	504	28.49	1018.33	48.61	237519	AS7341	flash	5	100	999	10	100.0	0.15
2026-07-09T15:10:32.793	434	935	616	1131	2863	2781	3247	3568	3846	504	28.48	1018.36	48.62	239071	AS7341	flash	5	100	999	10	100.0	0.15
2026-07-09T15:10:34.806	434	935	616	1131	2863	2782	3248	3569	3847	504	28.48	1018.33	48.62	239244	AS7341	flash	5	100	999	10	100.0	0.15
2026-07-09T15:10:36.827	434	935	617	1131	2862	2781	3247	3568	3846	504	28.49	1018.35	48.64	239942	AS7341	flash	5	100	999	10	100.0	0.15
2026-07-09T15:10:38.839	434	935	616	1131	2862	2781	3247	3568	3846	504	28.49	1018.34	48.62	238897	AS7341	flash	5	100	999	10	100.0	0.15
2026-07-09T15:10:40.851	434	935	617	1131	2863	2781	3248	3569	3846	504	28.49	1018.36	48.6	238551	AS7341	flash	5	100	999	10	100.0	0.15
2026-07-09T15:10:42.755	434	935	617	1131	2862	2781	3247	3568	3846	504	28.5	1018.31	48.62	238551	AS7341	flash	5	100	999	10	100.0	0.15
2026-07-09T15:10:44.770	434	935	616	1131	2862	2781	3247	3568	3846	504	28.5	1018.29	48.62	239593	AS7341	flash	5	100	999	10	100.0	0.15
2026-07-09T15:10:46.782	434	935	617	1131	2862	2781	3247	3568	3846	504	28.49	1018.34	48.62	240292	AS7341	flash	5	100	999	10	100.0	0.15
2026-07-09T15:10:48.807	434	935	617	1131	2863	2782	3248	3569	3847	504	28.48	1018.34	48.6	239244	AS7341	flash	5	100	999	10	100.0	0.15
2026-07-09T15:10:50.821	434	935	617	1131	2863	2781	3248	3568	3847	504	28.49	1018.35	48.62	238724	AS7341	flash	5	100	999	10	100.0	0.15
2026-07-09T15:10:52.840	434	935	617	1131	2863	2782	3248	3569	3847	504	28.49	1018.31	48.62	237519	AS7341	flash	5	100	999	10	100.0	0.15
2026-07-09T15:10:54.856	434	935	617	1131	2862	2782	3247	3569	3847	504	28.49	1018.32	48.64	239593	AS7341	flash	5	100	999	10	100.0	0.15
2026-07-09T15:10:56.756	434	935	617	1131	2862	2781	3247	3569	3846	504	28.5	1018.33	48.61	239418	AS7341	flash	5	100	999	10	100.0	0.15
2026-07-09T15:10:58.783	434	935	617	1131	2862	2781	3247	3568	3846	504	28.49	1018.34	48.6	239071	AS7341	flash	5	100	999	10	100.0	0.15
2026-07-09T15:11:00.796	434	935	617	1131	2862	2781	3248	3569	3846	504	28.49	1018.35	48.6	239942	AS7341	flash	5	100	999	10	100.0	0.15
2026-07-09T15:11:02.808	434	935	616	1131	2863	2781	3248	3569	3846	504	28.49	1018.35	48.62	239593	AS7341	flash	5	100	999	10	100.0	0.15
2026-07-09T15:11:04.822	434	935	617	1131	2862	2781	3247	3568	3846	504	28.49	1018.32	48.6	239593	AS7341	flash	5	100	999	10	100.0	0.15
2026-07-09T15:11:06.837	434	935	617	1131	2862	2781	3248	3569	3846	504	28.49	1018.32	48.6	239244	AS7341	flash	5	100	999	10	100.0	0.15
2026-07-09T15:11:08.854	434	935	617	1131	2863	2781	3248	3569	3846	504	28.5	1018.3	48.59	238206	AS7341	flash	5	100	999	10	100.0	0.15
2026-07-09T15:11:10.758	434	935	617	1130	2862	2780	3247	3568	3845	504	28.51	1018.35	48.6	238897	AS7341	flash	5	100	999	10	100.0	0.15
2026-07-09T15:11:12.772	434	935	616	1131	2862	2781	3247	3568	3846	504	28.5	1018.32	48.59	239593	AS7341	flash	5	100	999	10	100.0	0.15
2026-07-09T15:11:14.789	434	935	617	1131	2863	2781	3248	3569	3846	504	28.5	1018.27	48.59	238897	AS7341	flash	5	100	999	10	100.0	0.15
2026-07-09T15:11:16.804	434	935	617	1131	2863	2782	3247	3569	3847	504	28.5	1018.3	48.59	239593	AS7341	flash	5	100	999	10	0.0	0.15
2026-07-09T15:11:18.826	434	935	617	1131	2861	2781	3248	3571	3847	504	28.51	1018.36	48.61	238551	AS7341	flash	5	100	999	10	0.0	0.15
2026-07-09T15:11:20.841	434	934	616	1129	2858	2778	3246	3575	3845	504	28.54	1018.31	49.27	235818	AS7341	flash	5	100	999	10	0.0	0.15
2026-07-09T15:11:22.749	434	934	616	1127	2851	2772	3243	3578	3842	504	28.57	1018.33	50.82	231508	AS7341	flash	5	100	999	10	0.0	0.15
2026-07-09T15:11:24.763	433	935	616	1125	2845	2766	3239	3581	3839	503	28.57	1018.3	52.78	226415	AS7341	flash	5	100	999	10	0.0	0.15
2026-07-09T15:11:26.786	433	935	615	1122	2837	2758	3233	3582	3834	503	28.58	1018.31	54.73	221244	AS7341	flash	5	100	999	10	0.0	0.15
2026-07-09T15:11:28.805	433	935	615	1119	2830	2750	3228	3582	3829	502	28.59	1018.32	56.47	216020	AS7341	flash	5	100	999	10	0.0	0.15
2026-07-09T15:11:30.820	433	936	615	1117	2823	2742	3222	3582	3824	502	28.6	1018.33	57.99	211307	AS7341	flash	5	100	999	10	0.0	0.15
2026-07-09T15:11:32.834	432	937	615	1114	2816	2735	3216	3582	3819	501	28.61	1018.34	59.3	206796	AS7341	flash	5	100	999	10	0.0	0.15
2026-07-09T15:11:34.855	432	937	614	1112	2808	2727	3209	3581	3813	501	28.63	1018.35	60.38	205250	AS7341	flash	5	100	999	10	0.0	0.15
2026-07-09T15:11:36.763	431	938	614	1110	2800	2719	3203	3580	3807	500	28.64	1018.35	61.2	200624	AS7341	flash	5	100	999	10	100.0	0.15
2026-07-09T15:11:38.788	431	939	614	1108	2795	2713	3199	3577	3802	500	28.64	1018.33	62.0	197377	AS7341	flash	5	100	999	10	100.0	0.15
2026-07-09T15:11:40.806	431	940	614	1108	2793	2712	3196	3572	3799	499	28.6	1018.37	61.56	199047	AS7341	flash	5	100	999	10	100.0	0.15
2026-07-09T15:11:42.818	431	941	615	1108	2793	2711	3194	3567	3798	499	28.58	1018.31	59.59	202474	AS7341	flash	5	100	999	10	100.0	0.15
2026-07-09T15:11:44.836	431	942	615	1109	2794	2712	3193	3562	3796	499	28.58	1018.35	57.54	204994	AS7341	flash	5	100	999	10	100.0	0.15
2026-07-09T15:11:46.849	431	943	615	1109	2795	2712	3192	3558	3795	499	28.58	1018.33	55.81	208763	AS7341	flash	5	100	999	10	100.0	0.15
2026-07-09T15:11:48.750	431	943	615	1109	2795	2712	3190	3553	3794	499	28.59	1018.33	54.54	211307	AS7341	flash	5	100	999	10	100.0	0.15
2026-07-09T15:11:50.764	431	943	616	1110	2796	2713	3190	3550	3793	499	28.57	1018.33	53.45	214193	AS7341	flash	5	100	999	10	100.0	0.15
2026-07-09T15:11:52.785	431	944	616	1111	2798	2716	3191	3549	3795	499	28.58	1018.33	52.63	216304	AS7341	flash	5	100	999	10	100.0	0.15
2026-07-09T15:11:54.809	431	945	616	1112	2800	2717	3192	3547	3795	499	28.57	1018.31	51.98	217016	AS7341	flash	5	100	999	10	100.0	0.15
2026-07-09T15:11:56.828	431	945	616	1112	2801	2718	3192	3544	3796	499	28.57	1018.32	51.5	218311	AS7341	flash	5	100	999	10	100.0	0.15
2026-07-09T15:11:58.848	431	945	616	1113	2804	2720	3193	3544	3797	499	28.56	1018.31	51.1	219768	AS7341	flash	5	100	999	10	100.0	0.15
2026-07-09T15:12:00.754	431	944	616	1112	2804	2720	3192	3541	3796	499	28.57	1018.31	50.79	222139	AS7341	flash	5	100	999	10	100.0	0.15
2026-07-09T15:12:02.767	432	945	616	1114	2806	2723	3194	3541	3798	499	28.57	1018.32	50.53	223345	AS7341	flash	5	100	999	10	100.0	0.15
2026-07-09T15:12:04.787	432	945	617	1114	2808	2725	3195	3541	3799	499	28.57	1018.31	50.33	223648	AS7341	flash	5	100	999	10	100.0	0.15
2026-07-09T15:12:06.802	432	944	617	1114	2810	2726	3196	3540	3800	499	28.57	1018.32	50.15	223952	AS7341	flash	5	100	999	10	100.0	0.15
2026-07-09T15:12:08.813	432	944	617	1114	2811	2727	3197	3539	3800	499	28.56	1018.33	50.02	227196	AS7341	flash	5	100	999	10	100.0	0.15
2026-07-09T15:12:10.830	432	944	617	1115	2812	2728	3198	3538	3801	499	28.56	1018.31	49.92	225795	AS7341	flash	5	100	999	10	100.0	0.15
2026-07-09T15:12:12.835	432	944	617	1115	2814	2731	3200	3540	3803	500	28.56	1018.31	49.81	226571	AS7341	flash	5	100	999	10	100.0	0.15
2026-07-09T15:12:14.858	432	944	617	1116	2815	2732	3201	3539	3803	500	28.56	1018.35	49.72	227040	AS7341	flash	5	100	999	10	100.0	0.15
2026-07-09T15:12:16.763	432	944	617	1116	2816	2733	3201	3539	3804	500	28.57	1018.3	49.65	230053	AS7341	flash	5	100	999	10	100.0	0.15
2026-07-09T15:12:18.785	432	944	617	1117	2819	2735	3203	3540	3806	500	28.56	1018.31	49.57	228616	AS7341	flash	5	100	999	10	100.0	0.15
2026-07-09T15:12:20.804	432	944	617	1118	2821	2738	3206	3542	3808	500	28.56	1018.31	49.5	230053	AS7341	flash	5	100	999	10	100.0	0.15
2026-07-09T15:12:22.816	432	943	617	1118	2821	2738	3206	3541	3808	500	28.56	1018.31	49.47	228934	AS7341	flash	5	100	999	10	100.0	0.15
2026-07-09T15:12:24.828	432	943	617	1118	2822	2739	3207	3541	3809	500	28.56	1018.29	49.42	230536	AS7341	flash	5	100	999	10	100.0	0.15
2026-07-09T15:12:26.846	432	943	617	1119	2824	2741	3209	3543	3811	501	28.55	1018.32	49.38	229732	AS7341	flash	5	100	999	10	100.0	0.15
2026-07-09T15:12:28.861	432	943	617	1119	2825	2742	3210	3543	3811	500	28.56	1018.33	49.33	230536	AS7341	flash	5	100	999	10	100.0	0.15
2026-07-09T15:12:30.768	432	943	617	1119	2826	2742	3210	3542	3811	501	28.56	1018.32	49.29	231834	AS7341	flash	5	100	999	10	100.0	0.15
2026-07-09T15:12:32.793	432	942	617	1120	2828	2745	3212	3544	3814	501	28.56	1018.31	49.25	232489	AS7341	flash	5	100	999	10	100.0	0.15
2026-07-09T15:12:34.816	433	942	617	1120	2829	2745	3212	3544	3814	501	28.56	1018.33	49.24	232325	AS7341	flash	5	100	999	10	100.0	0.15
2026-07-09T15:12:36.836	433	942	617	1121	2831	2748	3215	3546	3817	501	28.55	1018.28	49.2	230214	AS7341	flash	5	100	999	10	100.0	0.15
2026-07-09T15:12:38.849	433	942	617	1121	2831	2748	3215	3546	3817	501	28.55	1018.32	49.18	232489	AS7341	flash	5	100	999	10	100.0	0.15
2026-07-09T15:12:40.867	433	942	617	1122	2833	2749	3217	3546	3818	501	28.55	1018.32	49.15	233975	AS7341	flash	5	100	999	10	100.0	0.15
2026-07-09T15:12:42.776	433	942	617	1122	2833	2750	3217	3546	3817	501	28.57	1018.34	49.13	230859	AS7341	flash	5	100	999	10	100.0	0.15
2026-07-09T15:12:44.787	433	941	617	1122	2834	2751	3218	3547	3818	501	28.56	1018.28	49.1	232161	AS7341	flash	5	100	999	10	100.0	0.15
2026-07-09T15:12:46.794	433	941	617	1122	2836	2752	3219	3548	3819	501	28.55	1018.33	49.08	234475	AS7341	flash	5	100	999	10	100.0	0.15
2026-07-09T15:12:48.807	433	941	617	1123	2836	2754	3220	3548	3820	501	28.55	1018.29	49.08	233478	AS7341	flash	5	100	999	10	100.0	0.15
2026-07-09T15:12:50.829	433	941	617	1123	2838	2754	3221	3550	3821	502	28.54	1018.31	49.05	232489	AS7341	flash	5	100	999	10	100.0	0.15
2026-07-09T15:12:52.838	433	940	617	1123	2837	2755	3222	3549	3821	502	28.55	1018.33	49.05	234977	AS7341	flash	5	100	999	10	100.0	0.15
2026-07-09T15:12:54.853	433	940	617	1123	2839	2757	3224	3550	3823	502	28.54	1018.31	49.03	232489	AS7341	flash	5	100	999	10	100.0	0.15
2026-07-09T15:12:56.866	433	940	617	1124	2840	2757	3224	3551	3823	502	28.55	1018.34	49.01	234308	AS7341	flash	5	100	999	10	100.0	0.15
2026-07-09T15:12:58.882	433	940	617	1124	2841	2758	3225	3552	3824	502	28.54	1018.27	48.99	234308	AS7341	flash	5	100	999	10	100.0	0.15
2026-07-09T15:13:00.784	433	940	617	1124	2842	2759	3226	3552	3825	502	28.56	1018.31	48.99	234810	AS7341	flash	5	100	999	10	100.0	0.15
2026-07-09T15:13:02.800	433	940	617	1124	2842	2760	3227	3553	3826	502	28.54	1018.31	48.96	234810	AS7341	flash	5	100	999	10	100.0	0.15
2026-07-09T15:13:04.812	433	940	617	1125	2843	2760	3227	3553	3826	502	28.54	1018.31	48.96	235818	AS7341	flash	5	100	999	10	100.0	0.15
2026-07-09T15:13:06.827	433	939	617	1125	2844	2761	3228	3554	3827	502	28.54	1018.27	48.95	235145	AS7341	flash	5	100	999	10	100.0	0.15
2026-07-09T15:13:08.842	433	940	617	1125	2845	2762	3229	3555	3828	502	28.55	1018.3	48.94	234977	AS7341	flash	5	100	999	10	100.0	0.15
2026-07-09T15:13:10.858	433	940	617	1126	2845	2763	3230	3555	3828	502	28.54	1018.29	48.92	234142	AS7341	flash	5	100	999	10	100.0	0.15
2026-07-09T15:13:12.881	433	940	617	1126	2846	2764	3231	3556	3830	502	28.54	1018.3	48.93	234810	AS7341	flash	5	100	999	10	100.0	0.15
2026-07-09T15:13:14.903	433	939	617	1126	2847	2765	3232	3557	3831	503	28.54	1018.33	48.92	235650	AS7341	flash	5	100	999	10	100.0	0.15
2026-07-09T15:13:16.805	433	939	617	1126	2847	2764	3231	3556	3830	502	28.55	1018.3	48.9	235145	AS7341	flash	5	100	999	10	100.0	0.15
2026-07-09T15:13:18.822	433	939	617	1126	2846	2765	3232	3557	3831	503	28.54	1018.28	48.89	235650	AS7341	flash	5	100	999	10	100.0	0.15
2026-07-09T15:13:20.847	434	939	617	1127	2849	2767	3234	3559	3833	503	28.55	1018.3	48.88	235481	AS7341	flash	5	100	999	10	100.0	0.15
2026-07-09T15:13:22.869	434	939	617	1127	2849	2767	3235	3559	3833	503	28.54	1018.31	48.87	236836	AS7341	flash	5	100	999	10	100.0	0.15
2026-07-09T15:13:24.897	434	939	617	1127	2849	2768	3235	3559	3834	503	28.54	1018.34	48.87	236157	AS7341	flash	5	100	999	10	100.0	0.15
2026-07-09T15:13:26.810	434	939	617	1127	2849	2768	3235	3559	3834	503	28.55	1018.31	48.88	233478	AS7341	flash	5	100	999	10	100.0	0.15
2026-07-09T15:13:28.825	434	939	617	1127	2850	2769	3236	3560	3835	503	28.54	1018.31	48.87	236836	AS7341	flash	5	100	999	10	100.0	0.15
2026-07-09T15:13:30.839	434	938	617	1127	2850	2769	3237	3561	3836	503	28.54	1018.3	48.87	235650	AS7341	flash	5	100	999	10	100.0	0.15
2026-07-09T15:13:32.853	434	938	617	1127	2850	2769	3236	3560	3835	503	28.53	1018.33	48.84	236836	AS7341	flash	5	100	999	10	100.0	0.15
2026-07-09T15:13:34.864	434	939	617	1128	2851	2770	3237	3561	3836	503	28.53	1018.32	48.86	235481	AS7341	flash	5	100	999	10	100.0	0.15
2026-07-09T15:13:36.876	434	938	617	1128	2851	2770	3237	3561	3836	503	28.53	1018.32	48.84	236496	AS7341	flash	5	100	999	10	100.0	0.15
2026-07-09T15:13:38.897	434	938	617	1128	2852	2771	3239	3562	3837	503	28.53	1018.32	48.85	236496	AS7341	flash	5	100	999	10	100.0	0.15
2026-07-09T15:13:40.801	434	938	617	1128	2852	2770	3238	3561	3836	503	28.54	1018.33	48.84	236836	AS7341	flash	5	100	999	10	100.0	0.15
2026-07-09T15:13:42.827	434	938	617	1128	2852	2771	3238	3562	3837	503	28.53	1018.29	48.84	235481	AS7341	flash	5	100	999	10	100.0	0.15
2026-07-09T15:13:44.844	434	938	617	1128	2853	2772	3240	3563	3838	503	28.53	1018.33	48.84	236666	AS7341	flash	5	100	999	10	100.0	0.15
2026-07-09T15:13:46.864	434	938	617	1128	2853	2772	3240	3563	3838	503	28.52	1018.33	48.84	236157	AS7341	flash	5	100	999	10	100.0	0.15
2026-07-09T15:13:48.883	434	938	617	1128	2854	2773	3240	3563	3839	503	28.52	1018.32	48.84	236496	AS7341	flash	5	100	999	10	100.0	0.15
2026-07-09T15:13:50.898	434	937	617	1128	2853	2772	3240	3563	3838	503	28.52	1018.3	48.83	235650	AS7341	flash	5	100	999	10	100.0	0.15
2026-07-09T15:13:52.805	434	937	617	1128	2854	2773	3240	3563	3838	503	28.52	1018.3	48.83	238206	AS7341	flash	5	100	999	10	100.0	0.15
2026-07-09T15:13:54.812	434	937	617	1128	2854	2773	3241	3564	3839	503	28.52	1018.32	48.81	237177	AS7341	flash	5	100	999	10	100.0	0.15
2026-07-09T15:13:56.831	434	937	617	1128	2855	2774	3241	3564	3839	503	28.52	1018.31	48.83	236836	AS7341	flash	5	100	999	10	100.0	0.15
2026-07-09T15:13:58.857	434	937	617	1128	2855	2774	3241	3564	3839	503	28.51	1018.31	48.83	236326	AS7341	flash	5	100	999	10	100.0	0.15
2026-07-09T15:14:00.871	434	937	617	1128	2855	2774	3241	3564	3839	503	28.51	1018.32	48.85	236326	AS7341	flash	5	100	999	10	100.0	0.15
2026-07-09T15:14:02.887	434	938	617	1129	2856	2776	3243	3566	3841	504	28.51	1018.32	48.83	235818	AS7341	flash	5	100	999	10	100.0	0.15
2026-07-09T15:14:04.800	434	937	617	1129	2856	2775	3242	3565	3841	503	28.53	1018.3	48.82	237177	AS7341	flash	5	100	999	10	100.0	0.15
2026-07-09T15:14:06.812	434	937	617	1129	2856	2774	3242	3565	3840	504	28.51	1018.32	48.83	236496	AS7341	flash	5	100	999	10	100.0	0.15
2026-07-09T15:14:08.836	434	937	617	1129	2856	2776	3243	3566	3841	504	28.52	1018.29	48.84	238206	AS7341	flash	5	100	999	10	100.0	0.15
2026-07-09T15:14:10.855	434	937	617	1129	2856	2776	3243	3566	3841	504	28.52	1018.32	48.83	237690	AS7341	flash	5	100	999	10	100.0	0.15
2026-07-09T15:14:12.887	434	937	617	1129	2857	2776	3244	3566	3842	504	28.51	1018.32	48.84	237519	AS7341	flash	5	100	999	10	100.0	0.15
2026-07-09T15:14:14.795	434	937	617	1129	2856	2775	3242	3565	3841	503	28.52	1018.29	48.82	237006	AS7341	flash	5	100	999	10	100.0	0.15
2026-07-09T15:14:16.810	434	937	617	1129	2857	2776	3244	3566	3841	504	28.52	1018.33	48.82	238206	AS7341	flash	5	100	999	10	100.0	0.15
2026-07-09T15:14:18.821	434	937	617	1129	2858	2777	3245	3568	3843	504	28.52	1018.32	48.82	237348	AS7341	flash	5	100	999	10	100.0	0.15
2026-07-09T15:14:20.836	434	937	617	1129	2858	2777	3245	3567	3842	504	28.52	1018.31	48.82	235818	AS7341	flash	5	100	999	10	100.0	0.15
2026-07-09T15:14:22.850	434	937	617	1129	2858	2777	3245	3567	3843	504	28.51	1018.29	48.81	237690	AS7341	flash	5	100	999	10	100.0	0.15
2026-07-09T15:14:24.867	434	937	617	1129	2858	2777	3245	3567	3842	504	28.52	1018.35	48.82	237177	AS7341	flash	5	100	999	10	100.0	0.15
2026-07-09T15:14:26.891	434	937	617	1129	2858	2778	3246	3568	3843	504	28.51	1018.29	48.82	236496	AS7341	flash	5	100	999	10	100.0	0.15
2026-07-09T15:14:28.801	434	937	617	1129	2858	2777	3245	3567	3842	504	28.52	1018.29	48.81	238206	AS7341	flash	5	100	999	10	100.0	0.15
2026-07-09T15:14:30.798	434	936	617	1129	2858	2777	3246	3568	3843	504	28.52	1018.31	48.8	238379	AS7341	flash	5	100	999	10	100.0	0.15
2026-07-09T15:14:32.794	434	936	617	1129	2858	2777	3245	3567	3842	504	28.52	1018.3	48.8	238206	AS7341	flash	5	100	999	10	100.0	0.15
2026-07-09T15:14:34.890	434	937	617	1130	2859	2779	3246	3569	3844	504	28.51	1018.34	48.81	235650	AS7341	flash	5	100	999	10	100.0	0.15
2026-07-09T15:14:36.879	434	937	617	1130	2859	2779	3246	3569	3844	504	28.52	1018.33	48.82	237006	AS7341	flash	5	100	999	10	100.0	0.15
2026-07-09T15:14:38.866	434	936	617	1130	2859	2778	3246	3568	3843	504	28.51	1018.32	48.81	237862	AS7341	flash	5	100	999	10	100.0	0.15
2026-07-09T15:14:40.853	434	937	617	1130	2860	2779	3247	3569	3845	504	28.52	1018.28	48.8	236666	AS7341	flash	5	100	999	10	100.0	0.15
2026-07-09T15:14:42.854	434	937	617	1130	2861	2780	3248	3571	3846	504	28.52	1018.31	48.8	237862	AS7341	flash	5	100	999	10	100.0	0.15
2026-07-09T15:14:44.871	434	936	617	1130	2860	2779	3247	3569	3845	504	28.52	1018.3	48.79	237006	AS7341	flash	5	100	999	10	100.0	0.15
2026-07-09T15:14:46.874	434	936	617	1130	2860	2780	3248	3570	3845	504	28.52	1018.32	48.8	237519	AS7341	flash	5	100	999	10	100.0	0.15
2026-07-09T15:14:48.886	434	936	617	1130	2861	2780	3248	3570	3846	504	28.52	1018.32	48.8	237690	AS7341	flash	5	100	999	10	100.0	0.15
2026-07-09T15:14:50.802	434	936	617	1130	2859	2779	3247	3569	3844	504	28.52	1018.28	48.8	238551	AS7341	flash	5	100	999	10	100.0	0.15
2026-07-09T15:14:52.870	434	936	617	1130	2860	2779	3248	3570	3845	504	28.52	1018.3	48.79	237519	AS7341	flash	5	100	999	10	100.0	0.15
2026-07-09T15:14:54.887	434	936	617	1130	2860	2780	3248	3570	3846	504	28.51	1018.32	48.79	237177	AS7341	flash	5	100	999	10	100.0	0.15
2026-07-09T15:14:56.906	434	937	617	1130	2861	2780	3248	3571	3846	504	28.51	1018.29	48.8	236666	AS7341	flash	5	100	999	10	100.0	0.15
2026-07-09T15:14:58.807	434	936	617	1130	2860	2780	3248	3570	3845	504	28.51	1018.3	48.78	238379	AS7341	flash	5	100	999	10	100.0	0.15
2026-07-09T15:15:00.826	434	936	617	1130	2861	2780	3248	3571	3846	504	28.52	1018.31	48.8	238206	AS7341	flash	5	100	999	10	100.0	0.15
2026-07-09T15:15:02.853	434	936	617	1130	2860	2780	3248	3570	3846	504	28.51	1018.32	48.78	238206	AS7341	flash	5	100	999	10	100.0	0.15
2026-07-09T15:15:04.872	434	936	617	1130	2861	2781	3249	3570	3846	504	28.51	1018.26	48.79	237177	AS7341	flash	5	100	999	10	100.0	0.15
2026-07-09T15:15:06.901	434	936	617	1130	2861	2781	3249	3570	3845	504	28.51	1018.29	48.8	237690	AS7341	flash	5	100	999	10	100.0	0.15
2026-07-09T15:15:08.815	434	936	617	1130	2861	2780	3248	3570	3845	504	28.52	1018.32	48.8	236496	AS7341	flash	5	100	999	10	100.0	0.15
2026-07-09T15:15:10.835	434	936	617	1130	2861	2780	3248	3570	3846	504	28.52	1018.32	48.78	239071	AS7341	flash	5	100	999	10	100.0	0.15
2026-07-09T15:15:12.864	434	936	617	1131	2862	2781	3249	3572	3846	504	28.52	1018.32	48.79	236496	AS7341	flash	5	100	999	10	100.0	0.15
2026-07-09T15:15:14.882	434	936	617	1130	2861	2780	3249	3571	3845	504	28.52	1018.3	48.78	236836	AS7341	flash	5	100	999	10	100.0	0.15
2026-07-09T15:15:16.907	434	936	617	1130	2862	2781	3249	3571	3846	504	28.52	1018.28	48.79	238206	AS7341	flash	5	100	999	10	100.0	0.15
2026-07-09T15:15:18.829	434	936	617	1131	2862	2781	3248	3571	3846	504	28.53	1018.32	48.78	238897	AS7341	flash	5	100	999	10	100.0	0.15
2026-07-09T15:15:20.859	434	936	617	1131	2862	2781	3249	3571	3846	504	28.51	1018.31	48.78	238206	AS7341	flash	5	100	999	10	100.0	0.15
2026-07-09T15:15:22.873	434	936	617	1131	2861	2781	3249	3571	3847	504	28.51	1018.3	48.77	238897	AS7341	flash	5	100	999	10	100.0	0.15
2026-07-09T15:15:24.887	434	936	617	1131	2862	2781	3250	3572	3846	504	28.51	1018.3	48.78	237006	AS7341	flash	5	100	999	10	100.0	0.15
2026-07-09T15:15:26.905	435	937	617	1131	2864	2783	3252	3574	3850	505	28.51	1018.3	48.78	236666	AS7341	flash	5	100	999	10	100.0	0.15
2026-07-09T15:15:28.815	434	936	617	1130	2861	2781	3248	3571	3845	504	28.52	1018.32	48.77	238551	AS7341	flash	5	100	999	10	100.0	0.15
2026-07-09T15:15:30.836	434	936	617	1131	2863	2782	3250	3572	3847	504	28.51	1018.31	48.78	239767	AS7341	flash	5	100	999	10	100.0	0.15
2026-07-09T15:15:32.862	434	936	617	1131	2862	2782	3249	3572	3846	504	28.51	1018.34	48.78	238897	AS7341	flash	5	100	999	10	100.0	0.15
2026-07-09T15:15:34.889	434	936	617	1131	2863	2782	3250	3572	3847	504	28.5	1018.27	48.79	233975	AS7341	flash	5	100	999	10	100.0	0.15
2026-07-09T15:15:36.904	434	936	617	1131	2862	2782	3250	3572	3846	504	28.5	1018.3	48.78	237519	AS7341	flash	5	100	999	10	100.0	0.15
2026-07-09T15:15:38.924	434	936	617	1131	2863	2782	3251	3573	3847	504	28.51	1018.32	48.78	237177	AS7341	flash	5	100	999	10	100.0	0.15
2026-07-09T15:15:40.843	434	936	617	1131	2863	2782	3250	3572	3847	504	28.52	1018.31	48.77	238551	AS7341	flash	5	100	999	10	100.0	0.15
2026-07-09T15:15:42.865	434	936	617	1131	2863	2783	3251	3573	3847	504	28.51	1018.35	48.76	237177	AS7341	flash	5	100	999	10	100.0	0.15
2026-07-09T15:15:44.885	434	936	617	1131	2863	2783	3252	3573	3848	504	28.5	1018.31	48.76	237177	AS7341	flash	5	100	999	10	100.0	0.15
2026-07-09T15:15:46.912	434	936	617	1131	2864	2783	3251	3573	3848	505	28.51	1018.31	48.78	238206	AS7341	flash	5	100	999	10	100.0	0.15
2026-07-09T15:15:48.826	434	936	617	1131	2863	2782	3250	3572	3847	504	28.51	1018.31	48.78	238379	AS7341	flash	5	100	999	10	100.0	0.15
2026-07-09T15:15:50.841	435	936	617	1131	2863	2782	3250	3573	3847	504	28.51	1018.31	48.78	237519	AS7341	flash	5	100	999	10	100.0	0.15
2026-07-09T15:15:52.860	435	936	617	1131	2863	2783	3251	3573	3847	504	28.5	1018.31	48.78	238034	AS7341	flash	5	100	999	10	100.0	0.15
2026-07-09T15:15:54.891	434	936	617	1131	2863	2783	3251	3573	3847	504	28.5	1018.3	48.79	238551	AS7341	flash	5	100	999	10	100.0	0.15
2026-07-09T15:15:56.911	434	936	617	1131	2863	2783	3251	3573	3847	504	28.5	1018.33	48.8	236496	AS7341	flash	5	100	999	10	100.0	0.15
2026-07-09T15:15:58.825	434	936	617	1131	2863	2782	3251	3573	3847	504	28.5	1018.31	48.8	237519	AS7341	flash	5	100	999	10	100.0	0.15
2026-07-09T15:16:00.842	435	936	617	1131	2864	2783	3252	3574	3848	504	28.5	1018.31	48.8	237348	AS7341	flash	5	100	999	10	100.0	0.15
2026-07-09T15:16:02.856	434	936	617	1131	2863	2782	3251	3573	3848	504	28.49	1018.3	48.79	238206	AS7341	flash	5	100	999	10	100.0	0.15
2026-07-09T15:16:04.876	434	936	617	1131	2863	2783	3251	3573	3847	504	28.49	1018.27	48.79	237348	AS7341	flash	5	100	999	10	100.0	0.15
2026-07-09T15:16:06.900	434	936	617	1131	2863	2783	3252	3573	3848	504	28.5	1018.28	48.78	236666	AS7341	flash	5	100	999	10	100.0	0.15
2026-07-09T15:16:08.919	434	936	617	1131	2863	2783	3252	3573	3848	504	28.5	1018.27	48.79	238724	AS7341	flash	5	100	999	10	100.0	0.15
2026-07-09T15:16:10.835	434	936	617	1131	2863	2783	3251	3573	3848	504	28.51	1018.29	48.79	238206	AS7341	flash	5	100	999	10	100.0	0.15
2026-07-09T15:16:12.857	434	936	617	1131	2864	2784	3252	3574	3849	505	28.5	1018.33	48.79	238379	AS7341	flash	5	100	999	10	100.0	0.15
2026-07-09T15:16:14.877	434	936	617	1131	2864	2783	3252	3574	3848	504	28.5	1018.3	48.79	237519	AS7341	flash	5	100	999	10	100.0	0.15
2026-07-09T15:16:16.901	435	936	617	1132	2864	2783	3251	3574	3849	505	28.5	1018.33	48.79	238551	AS7341	flash	5	100	999	10	100.0	0.15
2026-07-09T15:16:18.823	435	936	617	1131	2863	2783	3251	3573	3848	504	28.5	1018.35	48.78	238034	AS7341	flash	5	100	999	10	100.0	0.15
2026-07-09T15:16:20.851	434	936	617	1131	2863	2783	3251	3573	3848	505	28.5	1018.31	48.79	238551	AS7341	flash	5	100	999	10	100.0	0.15
2026-07-09T15:16:22.880	435	936	617	1131	2864	2784	3251	3574	3849	505	28.49	1018.32	48.79	238034	AS7341	flash	5	100	999	10	100.0	0.15
2026-07-09T15:16:24.903	434	936	617	1131	2863	2783	3251	3573	3847	504	28.49	1018.32	48.78	237519	AS7341	flash	5	100	999	10	100.0	0.15
2026-07-09T15:16:26.820	434	936	617	1131	2863	2782	3251	3572	3847	504	28.51	1018.32	48.78	238724	AS7341	flash	5	100	999	10	100.0	0.15
2026-07-09T15:16:28.837	434	936	617	1131	2864	2783	3251	3573	3848	504	28.5	1018.28	48.78	237177	AS7341	flash	5	100	999	10	100.0	0.15
2026-07-09T15:16:30.857	434	936	617	1131	2863	2783	3252	3574	3848	504	28.49	1018.3	48.8	237519	AS7341	flash	5	100	999	10	100.0	0.15
2026-07-09T15:16:32.882	434	936	617	1131	2863	2783	3251	3573	3847	504	28.49	1018.25	48.81	237519	AS7341	flash	5	100	999	10	100.0	0.15
2026-07-09T15:16:34.898	434	936	617	1131	2864	2783	3251	3574	3849	505	28.48	1018.29	48.8	238551	AS7341	flash	5	100	999	10	100.0	0.15
2026-07-09T15:16:36.918	435	936	617	1131	2864	2784	3252	3575	3849	505	28.49	1018.32	48.81	240643	AS7341	flash	5	100	999	10	0.0	0.15
2026-07-09T15:16:38.835	434	935	617	1130	2861	2781	3251	3574	3847	504	28.5	1018.31	48.81	239071	AS7341	flash	5	100	999	10	0.0	0.15
2026-07-09T15:16:40.864	434	935	617	1129	2858	2779	3250	3579	3848	504	28.53	1018.29	49.54	235481	AS7341	flash	5	100	999	10	0.0	0.15
2026-07-09T15:16:42.893	434	935	616	1127	2852	2774	3247	3583	3845	504	28.54	1018.31	51.29	229732	AS7341	flash	5	100	999	10	0.0	0.15
2026-07-09T15:16:44.921	434	935	616	1125	2846	2767	3244	3586	3842	504	28.56	1018.31	53.31	224870	AS7341	flash	5	100	999	10	0.0	0.15
2026-07-09T15:16:46.835	433	935	616	1122	2838	2759	3237	3586	3836	503	28.57	1018.34	55.13	219475	AS7341	flash	5	100	999	10	0.0	0.15
2026-07-09T15:16:48.859	433	936	615	1120	2830	2751	3231	3586	3830	503	28.57	1018.31	56.8	214333	AS7341	flash	5	100	999	10	0.0	0.15
2026-07-09T15:16:50.877	433	937	615	1117	2823	2743	3225	3586	3824	502	28.58	1018.34	58.24	211172	AS7341	flash	5	100	999	10	0.0	0.15
2026-07-09T15:16:52.906	432	937	615	1114	2815	2735	3219	3586	3819	502	28.58	1018.32	59.43	207972	AS7341	flash	5	100	999	10	0.0	0.15
2026-07-09T15:16:54.915	432	938	615	1112	2808	2727	3212	3584	3814	501	28.59	1018.33	60.42	201237	AS7341	flash	5	100	999	10	0.0	0.15
2026-07-09T15:16:56.830	432	938	615	1109	2800	2719	3205	3582	3808	500	28.61	1018.36	61.24	201483	AS7341	flash	5	100	999	10	100.0	0.15
2026-07-09T15:16:58.859	432	940	615	1108	2797	2716	3203	3584	3806	500	28.6	1018.34	62.01	198687	AS7341	flash	5	100	999	10	100.0	0.15
2026-07-09T15:17:00.879	433	941	615	1108	2794	2713	3200	3577	3802	500	28.57	1018.35	61.39	199893	AS7341	flash	5	100	999	10	100.0	0.15
2026-07-09T15:17:02.896	432	942	615	1108	2794	2713	3198	3572	3800	500	28.56	1018.31	59.4	202723	AS7341	flash	5	100	999	10	100.0	0.15
2026-07-09T15:17:04.821	431	942	615	1108	2794	2712	3196	3566	3798	499	28.56	1018.33	57.51	206796	AS7341	flash	5	100	999	10	100.0	0.15
2026-07-09T15:17:06.839	432	944	616	1109	2795	2713	3195	3561	3797	499	28.55	1018.34	55.82	209960	AS7341	flash	5	100	999	10	100.0	0.15
2026-07-09T15:17:08.866	431	944	616	1109	2795	2713	3193	3556	3796	499	28.55	1018.31	54.5	211443	AS7341	flash	5	100	999	10	100.0	0.15
2026-07-09T15:17:10.880	432	944	616	1110	2797	2715	3193	3554	3796	499	28.54	1018.29	53.5	213776	AS7341	flash	5	100	999	10	100.0	0.15
2026-07-09T15:17:12.910	432	945	616	1111	2798	2716	3194	3552	3796	499	28.54	1018.27	52.71	215596	AS7341	flash	5	100	999	10	100.0	0.15
2026-07-09T15:17:14.832	431	945	616	1111	2798	2716	3192	3548	3795	499	28.55	1018.28	52.12	218022	AS7341	flash	5	100	999	10	100.0	0.15
2026-07-09T15:17:16.862	431	945	616	1111	2800	2718	3194	3547	3796	499	28.54	1018.32	51.64	218891	AS7341	flash	5	100	999	10	100.0	0.15
2026-07-09T15:17:18.883	432	945	617	1112	2802	2720	3195	3546	3797	499	28.54	1018.31	51.25	220503	AS7341	flash	5	100	999	10	100.0	0.15
2026-07-09T15:17:20.904	432	945	617	1112	2803	2721	3195	3545	3797	499	28.53	1018.3	50.94	220503	AS7341	flash	5	100	999	10	100.0	0.15
2026-07-09T15:17:22.821	432	945	617	1113	2805	2722	3196	3544	3798	499	28.54	1018.32	50.71	222439	AS7341	flash	5	100	999	10	100.0	0.15
2026-07-09T15:17:24.833	432	945	617	1113	2808	2725	3199	3545	3801	500	28.54	1018.32	50.51	224257	AS7341	flash	5	100	999	10	100.0	0.15
2026-07-09T15:17:26.854	432	945	617	1113	2809	2726	3199	3544	3801	500	28.52	1018.32	50.35	224716	AS7341	flash	5	100	999	10	100.0	0.15
2026-07-09T15:17:28.871	432	945	617	1114	2810	2728	3200	3543	3802	500	28.53	1018.33	50.21	226260	AS7341	flash	5	100	999	10	100.0	0.15
2026-07-09T15:17:30.893	432	945	617	1115	2811	2729	3201	3543	3802	500	28.53	1018.33	50.1	226260	AS7341	flash	5	100	999	10	100.0	0.15
2026-07-09T15:17:32.910	432	945	617	1115	2813	2731	3202	3543	3803	500	28.52	1018.3	50.01	226883	AS7341	flash	5	100	999	10	100.0	0.15
2026-07-09T15:17:34.822	432	945	617	1116	2814	2732	3202	3542	3804	500	28.53	1018.31	49.92	227668	AS7341	flash	5	100	999	10	100.0	0.15
2026-07-09T15:17:36.840	432	944	617	1116	2817	2734	3205	3544	3806	500	28.52	1018.33	49.84	228934	AS7341	flash	5	100	999	10	100.0	0.15
2026-07-09T15:17:38.859	432	944	617	1117	2819	2736	3207	3545	3807	500	28.52	1018.35	49.76	228616	AS7341	flash	5	100	999	10	100.0	0.15
2026-07-09T15:17:40.869	432	944	617	1117	2820	2737	3208	3545	3809	501	28.51	1018.29	49.69	228616	AS7341	flash	5	100	999	10	100.0	0.15
2026-07-09T15:17:42.892	432	944	617	1118	2821	2738	3209	3545	3809	501	28.51	1018.29	49.65	229572	AS7341	flash	5	100	999	10	100.0	0.15
2026-07-09T15:17:44.918	433	944	617	1118	2822	2740	3210	3545	3810	501	28.52	1018.29	49.59	229572	AS7341	flash	5	100	999	10	100.0	0.15
2026-07-09T15:17:46.827	432	943	617	1118	2823	2741	3211	3545	3811	501	28.53	1018.3	49.54	230698	AS7341	flash	5	100	999	10	100.0	0.15
2026-07-09T15:17:48.855	433	943	617	1119	2825	2742	3212	3546	3812	501	28.51	1018.3	49.51	230375	AS7341	flash	5	100	999	10	100.0	0.15
2026-07-09T15:17:50.883	433	943	617	1119	2826	2743	3213	3546	3813	501	28.52	1018.31	49.49	231021	AS7341	flash	5	100	999	10	100.0	0.15
2026-07-09T15:17:52.912	433	943	617	1119	2828	2745	3214	3547	3814	501	28.51	1018.28	49.44	231508	AS7341	flash	5	100	999	10	100.0	0.15
2026-07-09T15:17:54.811	433	943	617	1120	2827	2745	3214	3547	3813	501	28.53	1018.29	49.41	232818	AS7341	flash	5	100	999	10	100.0	0.15
2026-07-09T15:17:56.832	433	943	617	1120	2830	2747	3217	3549	3817	501	28.52	1018.33	49.39	231021	AS7341	flash	5	100	999	10	100.0	0.15
2026-07-09T15:17:58.846	433	943	617	1120	2830	2748	3218	3549	3817	501	28.51	1018.29	49.36	232161	AS7341	flash	5	100	999	10	100.0	0.15
2026-07-09T15:18:00.874	433	943	617	1121	2832	2749	3219	3549	3818	501	28.51	1018.3	49.34	230859	AS7341	flash	5	100	999	10	100.0	0.15
2026-07-09T15:18:02.894	433	942	617	1121	2832	2750	3219	3550	3818	501	28.51	1018.31	49.31	232489	AS7341	flash	5	100	999	10	100.0	0.15
2026-07-09T15:18:04.911	433	942	617	1121	2833	2751	3220	3550	3819	502	28.51	1018.29	49.3	232161	AS7341	flash	5	100	999	10	100.0	0.15
2026-07-09T15:18:06.820	433	942	617	1122	2834	2752	3221	3551	3820	502	28.52	1018.29	49.26	233975	AS7341	flash	5	100	999	10	100.0	0.15
2026-07-09T15:18:08.835	433	942	617	1122	2835	2753	3222	3552	3820	502	28.51	1018.29	49.24	233975	AS7341	flash	5	100	999	10	100.0	0.15
2026-07-09T15:18:10.852	433	941	617	1122	2836	2754	3223	3552	3821	502	28.51	1018.26	49.23	234642	AS7341	flash	5	100	999	10	100.0	0.15
2026-07-09T15:18:12.877	433	942	617	1123	2838	2755	3225	3554	3823	502	28.51	1018.27	49.22	232818	AS7341	flash	5	100	999	10	100.0	0.15
2026-07-09T15:18:14.897	433	941	617	1123	2838	2756	3225	3554	3824	502	28.51	1018.28	49.21	233809	AS7341	flash	5	100	999	10	100.0	0.15
2026-07-09T15:18:16.923	433	941	618	1123	2839	2757	3226	3555	3825	502	28.51	1018.29	49.19	233809	AS7341	flash	5	100	999	10	100.0	0.15
2026-07-09T15:18:18.838	433	941	617	1123	2839	2757	3226	3554	3824	502	28.51	1018.28	49.19	234475	AS7341	flash	5	100	999	10	100.0	0.15
2026-07-09T15:18:20.863	433	941	618	1124	2840	2758	3228	3555	3826	502	28.51	1018.26	49.17	234142	AS7341	flash	5	100	999	10	100.0	0.15
2026-07-09T15:18:22.884	433	941	617	1124	2841	2759	3229	3556	3826	502	28.51	1018.28	49.16	233478	AS7341	flash	5	100	999	10	100.0	0.15
2026-07-09T15:18:24.900	433	941	618	1124	2842	2760	3229	3557	3827	502	28.51	1018.3	49.16	233313	AS7341	flash	5	100	999	10	100.0	0.15
2026-07-09T15:18:26.818	433	940	617	1124	2842	2760	3230	3557	3828	502	28.51	1018.26	49.15	234810	AS7341	flash	5	100	999	10	100.0	0.15
2026-07-09T15:18:28.843	434	941	617	1125	2843	2761	3230	3557	3828	502	28.52	1018.3	49.13	235145	AS7341	flash	5	100	999	10	100.0	0.15
2026-07-09T15:18:30.870	434	940	617	1125	2843	2762	3231	3558	3829	502	28.51	1018.32	49.14	233644	AS7341	flash	5	100	999	10	100.0	0.15
2026-07-09T15:18:32.888	434	940	617	1125	2844	2762	3231	3558	3829	502	28.5	1018.29	49.12	234810	AS7341	flash	5	100	999	10	100.0	0.15
2026-07-09T15:18:34.918	434	940	617	1125	2845	2763	3232	3559	3830	503	28.51	1018.29	49.1	234642	AS7341	flash	5	100	999	10	100.0	0.15
2026-07-09T15:18:36.837	434	940	617	1125	2845	2764	3233	3559	3831	503	28.52	1018.29	49.09	235818	AS7341	flash	5	100	999	10	100.0	0.15
2026-07-09T15:18:38.846	434	940	618	1125	2846	2764	3233	3560	3831	503	28.51	1018.31	49.08	237006	AS7341	flash	5	100	999	10	100.0	0.15
2026-07-09T15:18:40.864	434	940	617	1125	2846	2764	3233	3560	3831	503	28.51	1018.3	49.07	235313	AS7341	flash	5	100	999	10	100.0	0.15
2026-07-09T15:18:42.878	434	940	617	1126	2847	2766	3235	3561	3832	503	28.51	1018.3	49.06	234977	AS7341	flash	5	100	999	10	100.0	0.15
2026-07-09T15:18:44.909	434	940	618	1126	2847	2767	3236	3562	3834	503	28.5	1018.28	49.06	234810	AS7341	flash	5	100	999	10	100.0	0.15
2026-07-09T15:18:46.934	434	940	617	1126	2848	2766	3236	3562	3833	503	28.5	1018.3	49.06	234308	AS7341	flash	5	100	999	10	100.0	0.15
2026-07-09T15:18:48.850	434	939	618	1126	2847	2766	3235	3561	3833	503	28.51	1018.3	49.06	236157	AS7341	flash	5	100	999	10	100.0	0.15
2026-07-09T15:18:50.878	434	939	618	1126	2848	2767	3236	3562	3834	503	28.51	1018.28	49.04	235650	AS7341	flash	5	100	999	10	100.0	0.15
2026-07-09T15:18:52.905	434	940	618	1126	2849	2768	3237	3563	3835	503	28.5	1018.26	49.03	236326	AS7341	flash	5	100	999	10	100.0	0.15
2026-07-09T15:18:54.918	434	939	617	1126	2849	2768	3237	3563	3835	503	28.51	1018.3	49.05	235145	AS7341	flash	5	100	999	10	100.0	0.15
2026-07-09T15:18:56.838	434	939	618	1127	2849	2768	3238	3563	3835	503	28.51	1018.29	49.05	236836	AS7341	flash	5	100	999	10	100.0	0.15
2026-07-09T15:18:58.867	434	939	617	1127	2849	2768	3238	3563	3835	503	28.51	1018.27	49.04	237006	AS7341	flash	5	100	999	10	100.0	0.15
2026-07-09T15:19:00.897	434	939	617	1127	2850	2769	3239	3564	3836	503	28.51	1018.3	49.03	235145	AS7341	flash	5	100	999	10	100.0	0.15
2026-07-09T15:19:02.908	434	939	617	1127	2850	2769	3239	3564	3837	503	28.5	1018.29	49.03	235650	AS7341	flash	5	100	999	10	100.0	0.15
2026-07-09T15:19:04.932	434	939	617	1127	2850	2770	3239	3564	3836	503	28.51	1018.27	49.04	235818	AS7341	flash	5	100	999	10	100.0	0.15
2026-07-09T15:19:06.842	434	939	618	1127	2851	2770	3240	3565	3837	503	28.51	1018.27	49.02	236836	AS7341	flash	5	100	999	10	100.0	0.15
2026-07-09T15:19:08.866	434	939	618	1127	2851	2770	3240	3565	3837	503	28.51	1018.3	49.02	236157	AS7341	flash	5	100	999	10	100.0	0.15
2026-07-09T15:19:10.888	434	939	617	1128	2851	2771	3241	3565	3838	503	28.51	1018.28	49.03	236496	AS7341	flash	5	100	999	10	100.0	0.15
2026-07-09T15:19:12.901	434	939	618	1127	2852	2771	3241	3566	3838	503	28.5	1018.31	49.02	235987	AS7341	flash	5	100	999	10	100.0	0.15
2026-07-09T15:19:14.922	434	939	617	1127	2852	2771	3241	3566	3838	503	28.5	1018.29	49.02	235818	AS7341	flash	5	100	999	10	100.0	0.15
2026-07-09T15:19:16.938	434	938	617	1128	2852	2771	3241	3566	3838	504	28.51	1018.28	49.0	236836	AS7341	flash	5	100	999	10	100.0	0.15
2026-07-09T15:19:18.847	434	939	618	1128	2853	2772	3241	3566	3838	504	28.52	1018.31	49.0	236157	AS7341	flash	5	100	999	10	100.0	0.15
2026-07-09T15:19:20.867	434	938	617	1128	2853	2772	3242	3566	3838	503	28.5	1018.29	48.98	236666	AS7341	flash	5	100	999	10	100.0	0.15
2026-07-09T15:19:22.883	434	938	617	1128	2854	2774	3244	3568	3841	504	28.5	1018.27	48.98	237006	AS7341	flash	5	100	999	10	100.0	0.15
2026-07-09T15:19:24.902	434	938	617	1128	2853	2772	3242	3567	3839	503	28.5	1018.28	48.98	236157	AS7341	flash	5	100	999	10	100.0	0.15
2026-07-09T15:19:26.911	434	939	618	1128	2854	2774	3244	3568	3841	504	28.5	1018.29	48.99	237177	AS7341	flash	5	100	999	10	100.0	0.15
2026-07-09T15:19:28.937	434	938	617	1128	2853	2772	3242	3566	3839	504	28.51	1018.3	48.98	236496	AS7341	flash	5	100	999	10	100.0	0.15
2026-07-09T15:19:30.856	434	938	617	1128	2853	2772	3242	3566	3838	503	28.5	1018.29	48.98	236326	AS7341	flash	5	100	999	10	100.0	0.15
2026-07-09T15:19:32.883	434	938	618	1128	2854	2774	3243	3567	3840	504	28.5	1018.27	48.96	238379	AS7341	flash	5	100	999	10	100.0	0.15
2026-07-09T15:19:34.916	434	938	617	1128	2854	2774	3244	3568	3841	504	28.5	1018.3	48.97	236836	AS7341	flash	5	100	999	10	100.0	0.15
2026-07-09T15:19:36.836	434	938	617	1128	2854	2774	3243	3567	3840	504	28.51	1018.29	48.97	237862	AS7341	flash	5	100	999	10	100.0	0.15
2026-07-09T15:19:38.851	434	938	617	1128	2854	2774	3244	3568	3840	504	28.51	1018.3	48.95	237519	AS7341	flash	5	100	999	10	100.0	0.15
2026-07-09T15:19:40.873	434	938	618	1129	2855	2775	3244	3569	3842	504	28.5	1018.28	48.96	237348	AS7341	flash	5	100	999	10	100.0	0.15
2026-07-09T15:19:42.900	434	938	618	1129	2856	2775	3245	3570	3842	504	28.5	1018.28	48.95	237177	AS7341	flash	5	100	999	10	100.0	0.15
2026-07-09T15:19:44.928	434	938	618	1129	2857	2776	3246	3571	3843	504	28.5	1018.28	48.97	236157	AS7341	flash	5	100	999	10	100.0	0.15
2026-07-09T15:19:46.839	434	938	617	1128	2855	2775	3244	3568	3841	504	28.51	1018.28	48.96	237177	AS7341	flash	5	100	999	10	100.0	0.15
2026-07-09T15:19:48.860	434	938	618	1129	2856	2776	3246	3569	3842	504	28.5	1018.3	48.96	237519	AS7341	flash	5	100	999	10	100.0	0.15
2026-07-09T15:19:50.883	434	938	618	1129	2856	2776	3246	3570	3842	504	28.5	1018.29	48.95	237177	AS7341	flash	5	100	999	10	100.0	0.15
2026-07-09T15:19:52.903	435	938	618	1129	2857	2776	3246	3570	3843	504	28.49	1018.27	48.97	236496	AS7341	flash	5	100	999	10	100.0	0.15
2026-07-09T15:19:54.924	434	938	617	1129	2857	2776	3246	3570	3843	504	28.49	1018.31	48.98	236836	AS7341	flash	5	100	999	10	100.0	0.15
2026-07-09T15:19:56.847	434	938	618	1129	2855	2775	3244	3568	3841	504	28.5	1018.29	48.97	237519	AS7341	flash	5	100	999	10	100.0	0.15
2026-07-09T15:19:58.876	434	938	618	1129	2857	2776	3247	3570	3843	504	28.5	1018.32	48.96	238034	AS7341	flash	5	100	999	10	100.0	0.15
2026-07-09T15:20:00.898	434	938	618	1129	2857	2777	3247	3571	3844	504	28.5	1018.28	48.96	237348	AS7341	flash	5	100	999	10	100.0	0.15
2026-07-09T15:20:02.927	434	938	617	1129	2856	2776	3245	3569	3842	504	28.49	1018.27	48.97	235818	AS7341	flash	5	100	999	10	100.0	0.15
2026-07-09T15:20:04.832	434	938	617	1129	2857	2776	3246	3570	3843	504	28.5	1018.29	48.97	238206	AS7341	flash	5	100	999	10	100.0	0.15
2026-07-09T15:20:06.847	434	938	618	1129	2858	2777	3247	3571	3844	504	28.49	1018.28	48.96	237348	AS7341	flash	5	100	999	10	100.0	0.15
2026-07-09T15:20:08.866	434	938	617	1129	2857	2776	3246	3570	3843	504	28.49	1018.29	48.96	238034	AS7341	flash	5	100	999	10	100.0	0.15
2026-07-09T15:20:10.889	434	938	617	1129	2857	2777	3247	3571	3844	504	28.49	1018.29	48.96	233644	AS7341	flash	5	100	999	10	100.0	0.15
2026-07-09T15:20:12.923	434	938	617	1129	2858	2778	3247	3571	3844	504	28.49	1018.29	48.95	237519	AS7341	flash	5	100	999	10	100.0	0.15
2026-07-09T15:20:14.833	434	937	617	1129	2857	2776	3246	3569	3842	504	28.49	1018.29	48.94	238379	AS7341	flash	5	100	999	10	100.0	0.15
2026-07-09T15:20:16.864	434	938	618	1129	2858	2778	3248	3571	3844	504	28.49	1018.32	48.95	238034	AS7341	flash	5	100	999	10	100.0	0.15
2026-07-09T15:20:18.881	434	938	618	1129	2858	2778	3247	3571	3844	504	28.5	1018.32	48.95	237862	AS7341	flash	5	100	999	10	100.0	0.15
2026-07-09T15:20:20.905	434	938	617	1129	2858	2778	3248	3571	3844	504	28.49	1018.31	48.95	237519	AS7341	flash	5	100	999	10	100.0	0.15
2026-07-09T15:20:22.925	434	938	617	1129	2858	2778	3248	3571	3844	504	28.49	1018.29	48.94	237348	AS7341	flash	5	100	999	10	100.0	0.15
2026-07-09T15:20:24.838	434	937	617	1129	2857	2777	3247	3570	3843	504	28.49	1018.3	48.94	237519	AS7341	flash	5	100	999	10	100.0	0.15
2026-07-09T15:20:26.864	435	938	618	1129	2858	2778	3248	3572	3845	504	28.49	1018.31	48.92	236836	AS7341	flash	5	100	999	10	100.0	0.15
2026-07-09T15:20:28.899	434	938	618	1129	2859	2779	3249	3572	3845	504	28.48	1018.26	48.94	237177	AS7341	flash	5	100	999	10	100.0	0.15
2026-07-09T15:20:30.929	434	937	617	1129	2858	2778	3248	3571	3844	504	28.48	1018.28	48.94	238034	AS7341	flash	5	100	999	10	100.0	0.15
2026-07-09T15:20:32.842	434	937	617	1129	2858	2777	3247	3571	3844	504	28.5	1018.3	48.93	237348	AS7341	flash	5	100	999	10	100.0	0.15
2026-07-09T15:20:34.859	434	937	617	1129	2858	2778	3248	3572	3845	504	28.49	1018.34	48.92	237348	AS7341	flash	5	100	999	10	100.0	0.15
2026-07-09T15:20:36.880	434	937	618	1129	2859	2779	3248	3572	3845	504	28.48	1018.31	48.94	237177	AS7341	flash	5	100	999	10	100.0	0.15
2026-07-09T15:20:38.908	434	937	617	1130	2860	2779	3250	3573	3846	504	28.48	1018.28	48.93	237177	AS7341	flash	5	100	999	10	100.0	0.15
2026-07-09T15:20:40.936	435	938	618	1130	2860	2780	3250	3573	3846	504	28.48	1018.28	48.94	237690	AS7341	flash	5	100	999	10	100.0	0.15
2026-07-09T15:20:42.853	435	938	618	1130	2859	2779	3250	3573	3846	504	28.49	1018.34	48.95	237862	AS7341	flash	5	100	999	10	100.0	0.15
2026-07-09T15:20:44.876	435	938	617	1130	2860	2780	3250	3573	3846	504	28.48	1018.27	48.95	238551	AS7341	flash	5	100	999	10	100.0	0.15
2026-07-09T15:20:46.898	435	938	618	1130	2859	2779	3249	3572	3845	504	28.48	1018.29	48.96	237006	AS7341	flash	5	100	999	10	100.0	0.15
2026-07-09T15:20:48.931	435	937	618	1130	2860	2779	3250	3573	3846	504	28.48	1018.29	48.95	237519	AS7341	flash	5	100	999	10	100.0	0.15
2026-07-09T15:20:50.837	434	937	617	1129	2859	2778	3248	3572	3845	504	28.49	1018.28	48.96	237006	AS7341	flash	5	100	999	10	100.0	0.15
2026-07-09T15:20:52.861	435	938	618	1130	2860	2779	3250	3573	3846	504	28.49	1018.3	48.95	238551	AS7341	flash	5	100	999	10	100.0	0.15
2026-07-09T15:20:54.883	434	937	618	1130	2859	2779	3248	3572	3845	504	28.48	1018.31	48.96	237862	AS7341	flash	5	100	999	10	100.0	0.15
2026-07-09T15:20:56.905	435	938	618	1130	2860	2779	3250	3573	3846	504	28.48	1018.3	48.95	238379	AS7341	flash	5	100	999	10	100.0	0.15
2026-07-09T15:20:58.926	434	937	618	1130	2860	2780	3250	3573	3846	504	28.48	1018.29	48.94	238897	AS7341	flash	5	100	999	10	100.0	0.15
2026-07-09T15:21:00.840	435	937	618	1130	2859	2779	3249	3572	3846	504	28.49	1018.25	48.94	237348	AS7341	flash	5	100	999	10	100.0	0.15
2026-07-09T15:21:02.855	434	937	618	1130	2860	2780	3250	3573	3846	504	28.48	1018.28	48.93	238379	AS7341	flash	5	100	999	10	100.0	0.15
2026-07-09T15:21:04.869	435	938	618	1130	2860	2779	3249	3573	3846	504	28.48	1018.27	48.93	237690	AS7341	flash	5	100	999	10	100.0	0.15
2026-07-09T15:21:06.886	435	937	618	1130	2861	2780	3251	3574	3847	504	28.49	1018.28	48.94	238551	AS7341	flash	5	100	999	10	100.0	0.15
2026-07-09T15:21:08.908	435	937	617	1130	2861	2780	3251	3574	3847	504	28.48	1018.28	48.94	236836	AS7341	flash	5	100	999	10	100.0	0.15
2026-07-09T15:21:10.929	435	937	618	1130	2861	2781	3251	3574	3847	504	28.49	1018.3	48.92	237348	AS7341	flash	5	100	999	10	100.0	0.15
2026-07-09T15:21:12.845	435	937	618	1130	2860	2780	3250	3573	3847	504	28.5	1018.34	48.93	238551	AS7341	flash	5	100	999	10	100.0	0.15
2026-07-09T15:21:14.875	435	937	618	1130	2860	2780	3250	3573	3846	504	28.49	1018.33	48.93	238379	AS7341	flash	5	100	999	10	100.0	0.15
2026-07-09T15:21:16.891	435	937	618	1130	2861	2781	3251	3574	3848	504	28.49	1018.29	48.93	237862	AS7341	flash	5	100	999	10	100.0	0.15
2026-07-09T15:21:18.908	435	938	618	1130	2861	2781	3251	3574	3847	504	28.49	1018.29	48.92	235650	AS7341	flash	5	100	999	10	100.0	0.15
2026-07-09T15:21:20.923	435	937	618	1130	2860	2780	3251	3574	3846	504	28.49	1018.31	48.93	237177	AS7341	flash	5	100	999	10	100.0	0.15
2026-07-09T15:21:22.940	435	937	618	1130	2860	2780	3251	3573	3847	504	28.48	1018.28	48.93	237348	AS7341	flash	5	100	999	10	100.0	0.15
2026-07-09T15:21:24.844	435	937	618	1130	2860	2780	3250	3573	3846	504	28.49	1018.31	48.94	238897	AS7341	flash	5	100	999	10	100.0	0.15
2026-07-09T15:21:26.864	435	937	618	1130	2861	2781	3250	3574	3847	504	28.49	1018.28	48.93	237690	AS7341	flash	5	100	999	10	100.0	0.15
2026-07-09T15:21:28.884	435	937	617	1130	2860	2780	3249	3573	3847	504	28.48	1018.29	48.93	238379	AS7341	flash	5	100	999	10	100.0	0.15
2026-07-09T15:21:30.914	435	937	617	1130	2860	2780	3250	3573	3846	504	28.48	1018.28	48.93	235650	AS7341	flash	5	100	999	10	100.0	0.15
2026-07-09T15:21:32.836	434	937	617	1130	2860	2780	3251	3574	3847	504	28.49	1018.29	48.93	238724	AS7341	flash	5	100	999	10	100.0	0.15
2026-07-09T15:21:34.861	435	937	617	1130	2860	2781	3251	3574	3847	504	28.48	1018.31	48.93	238206	AS7341	flash	5	100	999	10	100.0	0.15
2026-07-09T15:21:36.885	435	938	618	1130	2861	2781	3251	3574	3847	504	28.48	1018.31	48.93	237519	AS7341	flash	5	100	999	10	100.0	0.15
2026-07-09T15:21:38.903	435	937	618	1130	2861	2781	3252	3575	3848	504	28.48	1018.3	48.94	237862	AS7341	flash	5	100	999	10	100.0	0.15
2026-07-09T15:21:40.922	435	937	617	1130	2860	2780	3250	3573	3846	504	28.48	1018.3	48.93	237862	AS7341	flash	5	100	999	10	100.0	0.15
2026-07-09T15:21:42.830	434	937	617	1130	2860	2780	3251	3573	3846	504	28.48	1018.3	48.94	239418	AS7341	flash	5	100	999	10	100.0	0.15
2026-07-09T15:21:44.844	435	937	618	1130	2861	2781	3251	3574	3847	504	28.48	1018.32	48.92	238724	AS7341	flash	5	100	999	10	100.0	0.15
2026-07-09T15:21:46.868	435	937	617	1130	2861	2781	3251	3574	3847	505	28.48	1018.34	48.94	237862	AS7341	flash	5	100	999	10	100.0	0.15
2026-07-09T15:21:48.891	435	937	618	1130	2861	2781	3252	3574	3848	504	28.48	1018.27	48.94	238034	AS7341	flash	5	100	999	10	100.0	0.15
2026-07-09T15:21:50.910	435	937	618	1130	2861	2781	3252	3574	3847	504	28.48	1018.32	48.94	238551	AS7341	flash	5	100	999	10	100.0	0.15
2026-07-09T15:21:52.927	435	937	617	1130	2862	2782	3252	3575	3848	505	28.46	1018.25	48.94	238034	AS7341	flash	5	100	999	10	100.0	0.15
2026-07-09T15:21:54.955	435	937	618	1130	2861	2782	3251	3575	3848	505	28.47	1018.32	48.94	237519	AS7341	flash	5	100	999	10	100.0	0.15
2026-07-09T15:21:56.866	434	936	616	1127	2839	2770	3240	3527	3749	492	28.48	1018.28	48.94	237519	AS7341	flash	5	100	999	10	100.0	0.0
2026-07-09T15:21:58.878	435	938	618	1130	2863	2782	3253	3575	3848	505	28.46	1018.3	48.94	237348	AS7341	flash	5	100	999	10	100.0	0.0
2026-07-09T15:22:00.898	435	938	618	1130	2863	2783	3253	3577	3849	505	28.46	1018.32	48.92	238897	AS7341	flash	5	100	999	10	100.0	0.0
2026-07-09T15:22:02.915	435	938	618	1131	2863	2783	3254	3576	3849	505	28.46	1018.27	48.93	238379	AS7341	flash	5	100	999	10	100.0	0.0
2026-07-09T15:22:04.940	435	937	618	1131	2865	2785	3256	3578	3851	505	28.47	1018.32	48.88	238206	AS7341	flash	5	100	999	10	100.0	0.0
2026-07-09T15:22:06.956	436	937	618	1131	2866	2787	3258	3579	3852	505	28.46	1018.3	48.83	237690	AS7341	flash	5	100	999	10	100.0	0.0
2026-07-09T15:22:08.867	435	937	618	1132	2868	2788	3259	3579	3853	505	28.47	1018.3	48.75	238551	AS7341	flash	5	100	999	10	100.0	0.0
2026-07-09T15:22:10.879	436	936	618	1132	2870	2790	3261	3580	3854	505	28.46	1018.32	48.68	238897	AS7341	flash	5	100	999	10	100.0	0.0
2026-07-09T15:22:12.900	436	936	618	1133	2872	2793	3264	3583	3857	506	28.45	1018.33	48.61	238897	AS7341	flash	5	100	999	10	100.0	0.0
2026-07-09T15:22:14.914	436	936	618	1133	2874	2795	3267	3585	3859	506	28.44	1018.3	48.52	237862	AS7341	flash	5	100	999	10	100.0	0.0
2026-07-09T15:22:16.931	436	936	618	1134	2875	2797	3268	3585	3860	506	28.45	1018.29	48.46	239593	AS7341	flash	5	100	999	10	100.0	0.0
2026-07-09T15:22:18.960	436	935	618	1134	2877	2798	3270	3586	3862	506	28.44	1018.31	48.4	237862	AS7341	flash	5	100	999	10	100.0	0.0
2026-07-09T15:22:20.874	436	935	618	1134	2877	2799	3270	3586	3862	506	28.45	1018.34	48.32	239244	AS7341	flash	5	100	999	10	100.0	0.0
2026-07-09T15:22:22.893	436	935	618	1135	2880	2802	3273	3588	3865	507	28.43	1018.34	48.25	240117	AS7341	flash	5	100	999	10	100.0	0.0
2026-07-09T15:22:24.922	436	935	618	1136	2881	2803	3274	3589	3866	507	28.43	1018.31	48.19	239767	AS7341	flash	5	100	999	10	100.0	0.0
2026-07-09T15:22:26.942	436	934	618	1136	2882	2805	3276	3590	3868	507	28.43	1018.31	48.12	239244	AS7341	flash	5	100	999	10	100.0	0.0
2026-07-09T15:22:28.960	436	934	618	1136	2884	2806	3277	3591	3869	507	28.43	1018.29	48.08	238897	AS7341	flash	5	100	999	10	100.0	0.0
2026-07-09T15:22:30.876	436	933	618	1136	2884	2806	3277	3591	3868	507	28.43	1018.3	48.03	241703	AS7341	flash	5	100	999	10	100.0	0.0
2026-07-09T15:22:32.892	437	934	618	1137	2886	2809	3280	3593	3871	507	28.42	1018.34	47.98	239593	AS7341	flash	5	100	999	10	100.0	0.0
2026-07-09T15:22:34.914	436	933	618	1137	2886	2809	3279	3592	3870	507	28.42	1018.32	47.93	239244	AS7341	flash	5	100	999	10	100.0	0.0
2026-07-09T15:22:36.928	436	933	617	1137	2887	2810	3281	3593	3872	507	28.41	1018.28	47.88	239767	AS7341	flash	5	100	999	10	100.0	0.0
2026-07-09T15:22:38.950	437	933	618	1138	2889	2812	3283	3594	3873	507	28.41	1018.3	47.84	239767	AS7341	flash	5	100	999	10	100.0	0.0
2026-07-09T15:22:40.970	437	933	618	1138	2890	2813	3284	3596	3875	507	28.4	1018.32	47.79	238724	AS7341	flash	5	100	999	10	100.0	0.0
2026-07-09T15:22:42.888	437	932	618	1138	2891	2814	3285	3596	3875	508	28.4	1018.3	47.76	239418	AS7341	flash	5	100	999	10	100.0	0.0
2026-07-09T15:22:44.914	437	933	618	1139	2892	2815	3286	3597	3876	508	28.39	1018.3	47.72	239942	AS7341	flash	5	100	999	10	100.0	0.0
2026-07-09T15:22:46.930	437	932	618	1139	2892	2816	3287	3597	3877	508	28.39	1018.3	47.68	241525	AS7341	flash	5	100	999	10	100.0	0.0
2026-07-09T15:22:48.952	437	932	618	1139	2894	2817	3288	3597	3877	508	28.38	1018.27	47.67	240995	AS7341	flash	5	100	999	10	100.0	0.0
2026-07-09T15:22:50.969	437	932	618	1139	2895	2818	3289	3599	3879	508	28.38	1018.3	47.63	238897	AS7341	flash	5	100	999	10	100.0	0.0
2026-07-09T15:22:52.987	437	932	618	1140	2896	2819	3291	3599	3880	508	28.37	1018.3	47.62	240117	AS7341	flash	5	100	999	10	100.0	0.0
2026-07-09T15:22:54.904	437	931	618	1140	2895	2819	3290	3599	3879	508	28.38	1018.29	47.58	241172	AS7341	flash	5	100	999	10	100.0	0.0
2026-07-09T15:22:56.934	437	931	617	1140	2897	2820	3291	3599	3881	508	28.37	1018.3	47.56	241880	AS7341	flash	5	100	999	10	100.0	0.0
2026-07-09T15:22:58.956	437	931	618	1140	2898	2821	3292	3601	3882	508	28.37	1018.3	47.54	240819	AS7341	flash	5	100	999	10	100.0	0.0
2026-07-09T15:23:00.985	437	931	618	1141	2899	2823	3294	3602	3883	508	28.35	1018.28	47.51	242414	AS7341	flash	5	100	999	10	100.0	0.0
2026-07-09T15:23:02.892	437	931	617	1141	2899	2823	3294	3601	3883	508	28.36	1018.28	47.49	243670	AS7341	flash	5	100	999	10	100.0	0.0
2026-07-09T15:23:04.913	437	931	618	1141	2901	2824	3295	3603	3885	508	28.35	1018.31	47.47	240819	AS7341	flash	5	100	999	10	100.0	0.0
2026-07-09T15:23:06.940	437	931	618	1142	2902	2826	3297	3604	3886	508	28.35	1018.29	47.47	244393	AS7341	flash	5	100	999	10	100.0	0.0
2026-07-09T15:23:08.955	437	931	618	1142	2902	2826	3297	3605	3886	509	28.33	1018.27	47.44	241703	AS7341	flash	5	100	999	10	100.0	0.0
2026-07-09T15:23:10.973	437	931	618	1142	2903	2827	3298	3604	3887	509	28.34	1018.29	47.42	242058	AS7341	flash	5	100	999	10	100.0	0.0
2026-07-09T15:23:12.895	437	930	618	1142	2903	2827	3298	3605	3887	509	28.34	1018.25	47.42	243850	AS7341	flash	5	100	999	10	100.0	0.0
2026-07-09T15:23:14.908	437	931	618	1142	2904	2828	3299	3606	3889	509	28.33	1018.28	47.4	242951	AS7341	flash	5	100	999	10	100.0	0.0
2026-07-09T15:23:16.934	437	930	618	1142	2905	2830	3301	3607	3890	509	28.32	1018.29	47.38	244393	AS7341	flash	5	100	999	10	100.0	0.0
2026-07-09T15:23:18.944	437	930	618	1143	2905	2829	3300	3606	3889	509	28.32	1018.31	47.38	244212	AS7341	flash	5	100	999	10	100.0	0.0
2026-07-09T15:23:20.963	437	930	617	1142	2906	2830	3301	3607	3890	509	28.31	1018.3	47.39	242593	AS7341	flash	5	100	999	10	100.0	0.0
2026-07-09T15:23:22.980	437	930	618	1143	2907	2831	3303	3608	3891	509	28.3	1018.29	47.38	244393	AS7341	flash	5	100	999	10	100.0	0.0
2026-07-09T15:23:24.899	437	930	618	1143	2906	2831	3302	3607	3890	509	28.31	1018.31	47.36	242414	AS7341	flash	5	100	999	10	100.0	0.0
2026-07-09T15:23:26.913	437	930	617	1143	2908	2832	3303	3608	3892	509	28.29	1018.27	47.35	240292	AS7341	flash	5	100	999	10	100.0	0.0
2026-07-09T15:23:28.942	437	929	617	1143	2908	2832	3303	3609	3892	509	28.29	1018.25	47.35	243850	AS7341	flash	5	100	999	10	100.0	0.0
2026-07-09T15:23:30.959	437	929	617	1143	2909	2834	3305	3610	3893	509	28.28	1018.28	47.35	240643	AS7341	flash	5	100	999	10	100.0	0.0
2026-07-09T15:23:32.882	437	929	618	1143	2910	2834	3305	3610	3894	509	28.29	1018.29	47.34	244574	AS7341	flash	5	100	999	10	100.0	0.0
2026-07-09T15:23:34.899	438	929	617	1143	2910	2835	3306	3611	3895	510	28.28	1018.3	47.33	247329	AS7341	flash	5	100	999	10	100.0	0.0
2026-07-09T15:23:36.928	438	929	617	1144	2910	2835	3306	3611	3895	509	28.27	1018.29	47.33	244212	AS7341	flash	5	100	999	10	100.0	0.0
2026-07-09T15:23:38.958	438	929	618	1145	2912	2836	3308	3613	3896	509	28.26	1018.27	47.33	245669	AS7341	flash	5	100	999	10	100.0	0.0
2026-07-09T15:23:40.983	438	929	617	1144	2912	2837	3309	3613	3897	510	28.26	1018.31	47.31	244574	AS7341	flash	5	100	999	10	100.0	0.0
2026-07-09T15:23:42.893	438	929	618	1144	2913	2837	3309	3613	3897	510	28.26	1018.29	47.3	243490	AS7341	flash	5	100	999	10	100.0	0.0
2026-07-09T15:23:44.909	438	929	617	1145	2913	2838	3310	3613	3898	510	28.25	1018.29	47.27	242058	AS7341	flash	5	100	999	10	100.0	0.0
2026-07-09T15:23:46.923	438	929	618	1145	2913	2839	3310	3614	3898	510	28.24	1018.31	47.29	245303	AS7341	flash	5	100	999	10	100.0	0.0
2026-07-09T15:23:48.941	438	928	617	1145	2913	2839	3310	3614	3898	510	28.24	1018.33	47.28	246036	AS7341	flash	5	100	999	10	100.0	0.0
2026-07-09T15:23:50.962	438	928	618	1145	2915	2840	3312	3616	3900	510	28.23	1018.28	47.28	245669	AS7341	flash	5	100	999	10	100.0	0.0
2026-07-09T15:23:52.879	438	928	618	1145	2915	2840	3312	3616	3900	510	28.23	1018.29	47.25	246404	AS7341	flash	5	100	999	10	100.0	0.0
2026-07-09T15:23:54.894	438	928	617	1145	2915	2840	3312	3616	3900	510	28.22	1018.29	47.25	245486	AS7341	flash	5	100	999	10	100.0	0.0
2026-07-09T15:23:56.926	438	928	617	1145	2916	2841	3313	3617	3901	510	28.21	1018.28	47.24	246220	AS7341	flash	5	100	999	10	100.0	0.0
2026-07-09T15:23:58.953	438	928	617	1146	2916	2842	3313	3617	3901	510	28.21	1018.3	47.23	245486	AS7341	flash	5	100	999	10	100.0	0.0
2026-07-09T15:24:00.969	438	928	617	1146	2917	2842	3314	3617	3901	510	28.2	1018.27	47.25	242772	AS7341	flash	5	100	999	10	100.0	0.0
2026-07-09T15:24:02.888	438	928	617	1146	2917	2843	3314	3617	3902	510	28.21	1018.28	47.23	243130	AS7341	flash	5	100	999	10	100.0	0.0
2026-07-09T15:24:04.906	438	928	618	1146	2917	2843	3315	3618	3902	510	28.2	1018.29	47.21	246036	AS7341	flash	5	100	999	10	100.0	0.0
2026-07-09T15:24:06.932	438	928	617	1146	2918	2844	3316	3618	3903	510	28.19	1018.31	47.22	245303	AS7341	flash	5	100	999	10	100.0	0.0
2026-07-09T15:24:08.958	438	928	617	1146	2919	2845	3317	3620	3905	510	28.19	1018.29	47.22	246959	AS7341	flash	5	100	999	10	100.0	0.0
2026-07-09T15:24:10.986	438	927	617	1146	2918	2844	3316	3619	3903	510	28.18	1018.29	47.2	247702	AS7341	flash	5	100	999	10	100.0	0.0
2026-07-09T15:24:12.893	438	927	617	1146	2919	2845	3316	3619	3904	510	28.19	1018.3	47.19	247888	AS7341	flash	5	100	999	10	100.0	0.0
2026-07-09T15:24:14.906	438	927	617	1146	2919	2845	3317	3619	3904	510	28.17	1018.28	47.18	245669	AS7341	flash	5	100	999	10	100.0	0.0
2026-07-09T15:24:16.928	438	927	617	1147	2919	2846	3317	3620	3905	510	28.17	1018.31	47.17	248262	AS7341	flash	5	100	999	10	100.0	0.0
2026-07-09T15:24:18.954	438	927	617	1147	2920	2846	3318	3620	3905	510	28.17	1018.31	47.18	247144	AS7341	flash	5	100	999	10	100.0	0.0
2026-07-09T15:24:20.971	438	927	617	1147	2921	2847	3319	3621	3906	511	28.16	1018.31	47.16	249768	AS7341	flash	5	100	999	10	100.0	0.0
2026-07-09T15:24:22.875	438	927	617	1147	2921	2847	3319	3621	3906	511	28.16	1018.31	47.15	247515	AS7341	flash	5	100	999	10	100.0	0.0
2026-07-09T15:24:24.893	438	927	617	1147	2921	2848	3320	3621	3907	511	28.15	1018.3	47.16	248262	AS7341	flash	5	100	999	10	100.0	0.0
2026-07-09T15:24:26.917	438	927	617	1147	2922	2848	3321	3622	3908	511	28.15	1018.3	47.14	248075	AS7341	flash	5	100	999	10	100.0	0.0
2026-07-09T15:24:28.937	438	927	617	1147	2923	2849	3321	3623	3909	511	28.13	1018.29	47.12	247702	AS7341	flash	5	100	999	10	100.0	0.0
2026-07-09T15:24:30.959	438	927	617	1147	2923	2849	3321	3623	3908	511	28.13	1018.29	47.12	243850	AS7341	flash	5	100	999	10	100.0	0.0
2026-07-09T15:24:32.972	438	927	617	1148	2924	2850	3322	3624	3909	511	28.12	1018.29	47.12	247329	AS7341	flash	5	100	999	10	100.0	0.0
2026-07-09T15:24:34.883	438	926	617	1148	2924	2851	3323	3624	3910	511	28.13	1018.3	47.12	248075	AS7341	flash	5	100	999	10	100.0	0.0
2026-07-09T15:24:36.909	438	927	617	1148	2924	2851	3322	3624	3910	511	28.12	1018.28	47.1	246774	AS7341	flash	5	100	999	10	100.0	0.0
2026-07-09T15:24:38.927	438	927	617	1148	2925	2852	3324	3625	3911	511	28.11	1018.28	47.1	244212	AS7341	flash	5	100	999	10	100.0	0.0
2026-07-09T15:24:40.939	438	926	617	1148	2925	2851	3324	3625	3911	511	28.11	1018.29	47.09	247144	AS7341	flash	5	100	999	10	100.0	0.0
2026-07-09T15:24:42.961	438	926	617	1149	2927	2853	3326	3627	3913	511	28.1	1018.29	47.09	249390	AS7341	flash	5	100	999	10	100.0	0.0
2026-07-09T15:24:44.881	438	926	617	1148	2926	2852	3325	3626	3912	511	28.1	1018.27	47.09	246036	AS7341	flash	5	100	999	10	100.0	0.0
2026-07-09T15:24:46.903	439	926	617	1149	2927	2854	3326	3627	3913	511	28.09	1018.29	47.08	249579	AS7341	flash	5	100	999	10	100.0	0.0
2026-07-09T15:24:48.925	439	926	617	1149	2927	2854	3326	3627	3913	511	28.07	1018.28	47.07	245121	AS7341	flash	5	100	999	10	100.0	0.0
2026-07-09T15:24:50.956	439	927	617	1149	2928	2855	3327	3628	3915	511	28.07	1018.26	47.08	248824	AS7341	flash	5	100	999	10	100.0	0.0
2026-07-09T15:24:52.988	438	926	617	1149	2928	2855	3328	3628	3915	511	28.07	1018.29	47.07	248637	AS7341	flash	5	100	999	10	100.0	0.0
2026-07-09T15:24:54.902	438	926	617	1149	2927	2854	3327	3628	3914	511	28.08	1018.28	47.08	249390	AS7341	flash	5	100	999	10	100.0	0.0
2026-07-09T15:24:56.932	438	926	617	1149	2929	2856	3329	3629	3915	511	28.06	1018.3	47.06	246036	AS7341	flash	5	100	999	10	100.0	0.0
2026-07-09T15:24:58.961	439	926	617	1149	2929	2856	3329	3630	3916	511	28.06	1018.3	47.07	249390	AS7341	flash	5	100	999	10	100.0	0.0
2026-07-09T15:25:00.982	438	925	617	1149	2929	2856	3328	3628	3915	511	28.06	1018.29	47.06	250719	AS7341	flash	5	100	999	10	100.0	0.0
2026-07-09T15:25:02.900	439	926	617	1149	2929	2856	3329	3629	3915	511	28.06	1018.29	47.06	248449	AS7341	flash	5	100	999	10	100.0	0.0
2026-07-09T15:25:04.926	439	926	617	1149	2930	2857	3329	3630	3916	511	28.05	1018.27	47.05	250337	AS7341	flash	5	100	999	10	100.0	0.0
2026-07-09T15:25:06.948	439	925	617	1149	2930	2858	3330	3630	3917	512	28.04	1018.3	47.05	249390	AS7341	flash	5	100	999	10	100.0	0.0
2026-07-09T15:25:08.964	438	925	617	1149	2931	2858	3330	3630	3916	511	28.04	1018.28	47.04	249390	AS7341	flash	5	100	999	10	100.0	0.0
2026-07-09T15:25:10.986	439	925	617	1149	2931	2858	3330	3631	3917	512	28.03	1018.28	47.03	246589	AS7341	flash	5	100	999	10	100.0	0.0
2026-07-09T15:25:12.899	439	925	617	1150	2930	2857	3329	3630	3916	511	28.04	1018.3	47.02	251292	AS7341	flash	5	100	999	10	100.0	0.0
2026-07-09T15:25:14.926	439	925	617	1149	2930	2858	3330	3630	3917	512	28.03	1018.28	47.03	246774	AS7341	flash	5	100	999	10	100.0	0.0
2026-07-09T15:25:16.948	439	925	617	1150	2931	2859	3332	3632	3918	512	28.02	1018.3	47.03	247144	AS7341	flash	5	100	999	10	100.0	0.0
2026-07-09T15:25:18.962	439	925	617	1150	2932	2860	3333	3633	3919	512	28.02	1018.27	47.02	247144	AS7341	flash	5	100	999	10	100.0	0.0
2026-07-09T15:25:20.987	439	925	617	1150	2932	2860	3333	3633	3919	512	28.0	1018.28	47.02	246404	AS7341	flash	5	100	999	10	100.0	0.0
2026-07-09T15:25:22.895	439	925	617	1150	2932	2860	3333	3633	3919	512	28.02	1018.28	47.01	249579	AS7341	flash	5	100	999	10	100.0	0.0
2026-07-09T15:25:24.922	439	925	617	1150	2933	2861	3334	3634	3920	512	28.0	1018.29	47.01	251101	AS7341	flash	5	100	999	10	100.0	0.0
2026-07-09T15:25:26.941	439	925	617	1151	2934	2862	3335	3634	3921	512	28.0	1018.29	47.0	250528	AS7341	flash	5	100	999	10	100.0	0.0
2026-07-09T15:25:28.960	439	925	617	1150	2933	2861	3334	3633	3920	512	27.99	1018.26	47.0	250910	AS7341	flash	5	100	999	10	100.0	0.0
2026-07-09T15:25:30.883	439	925	617	1150	2934	2862	3334	3634	3920	512	27.99	1018.27	47.0	246036	AS7341	flash	5	100	999	10	100.0	0.0
2026-07-09T15:25:32.895	439	925	617	1150	2934	2862	3335	3634	3921	512	27.99	1018.29	46.99	247144	AS7341	flash	5	100	999	10	100.0	0.0
2026-07-09T15:25:34.917	439	925	617	1151	2935	2863	3336	3635	3921	512	27.98	1018.25	46.99	248449	AS7341	flash	5	100	999	10	100.0	0.0
2026-07-09T15:25:36.934	439	925	617	1151	2935	2864	3337	3636	3923	512	27.97	1018.25	47.0	249579	AS7341	flash	5	100	999	10	100.0	0.0
2026-07-09T15:25:38.953	439	925	617	1151	2935	2864	3337	3636	3923	512	27.97	1018.28	46.99	246404	AS7341	flash	5	100	999	10	100.0	0.0
2026-07-09T15:25:40.981	439	925	617	1151	2936	2864	3337	3636	3923	512	27.95	1018.26	47.0	247702	AS7341	flash	5	100	999	10	100.0	0.0
2026-07-09T15:25:42.898	439	925	617	1151	2936	2864	3337	3636	3924	512	27.96	1018.25	46.99	246774	AS7341	flash	5	100	999	10	100.0	0.0
2026-07-09T15:25:44.910	439	925	617	1151	2936	2865	3338	3637	3924	512	27.95	1018.26	46.99	248262	AS7341	flash	5	100	999	10	100.0	0.0
2026-07-09T15:25:46.927	439	924	617	1151	2936	2865	3338	3637	3924	512	27.94	1018.31	46.99	253030	AS7341	flash	5	100	999	10	100.0	0.0
2026-07-09T15:25:48.942	439	924	617	1151	2937	2865	3338	3638	3925	512	27.94	1018.23	46.99	250147	AS7341	flash	5	100	999	10	100.0	0.0
2026-07-09T15:25:50.967	439	924	617	1151	2938	2867	3339	3639	3926	513	27.93	1018.31	46.99	246404	AS7341	flash	5	100	999	10	100.0	0.0
2026-07-09T15:25:52.890	439	924	617	1151	2937	2866	3339	3638	3925	512	27.94	1018.29	46.98	252836	AS7341	flash	5	100	999	10	100.0	0.0
2026-07-09T15:25:54.903	439	924	617	1152	2938	2867	3340	3639	3926	513	27.92	1018.29	47.0	247515	AS7341	flash	5	100	999	10	100.0	0.0
2026-07-09T15:25:56.922	439	924	617	1152	2938	2867	3340	3639	3926	512	27.92	1018.3	46.98	251869	AS7341	flash	5	100	999	10	100.0	0.0
2026-07-09T15:25:58.944	439	924	617	1152	2938	2867	3340	3639	3926	512	27.92	1018.3	46.99	250528	AS7341	flash	5	100	999	10	100.0	0.0
2026-07-09T15:26:00.970	439	924	617	1152	2938	2867	3340	3639	3926	512	27.91	1018.28	46.99	247329	AS7341	flash	5	100	999	10	100.0	0.0
2026-07-09T15:26:02.988	439	924	617	1152	2939	2868	3342	3640	3927	513	27.91	1018.3	46.99	250528	AS7341	flash	5	100	999	10	100.0	0.0
2026-07-09T15:26:04.896	439	924	617	1152	2938	2867	3341	3639	3927	512	27.91	1018.28	46.99	249768	AS7341	flash	5	100	999	10	100.0	0.0
2026-07-09T15:26:06.909	439	924	617	1152	2940	2869	3342	3641	3928	513	27.89	1018.29	46.99	251292	AS7341	flash	5	100	999	10	100.0	0.0
2026-07-09T15:26:08.928	439	924	617	1152	2940	2869	3342	3640	3928	513	27.89	1018.26	47.0	253225	AS7341	flash	5	100	999	10	100.0	0.0
2026-07-09T15:26:10.948	439	924	617	1152	2941	2870	3344	3642	3929	513	27.88	1018.26	47.01	250147	AS7341	flash	5	100	999	10	100.0	0.0
2026-07-09T15:26:12.971	439	924	617	1152	2940	2870	3343	3642	3930	513	27.88	1018.24	47.0	251292	AS7341	flash	5	100	999	10	100.0	0.0
2026-07-09T15:26:15.000	439	924	617	1152	2940	2869	3343	3641	3929	513	27.87	1018.25	47.0	247702	AS7341	flash	5	100	999	10	100.0	0.0
2026-07-09T15:26:16.909	439	924	617	1152	2940	2869	3342	3640	3928	513	27.88	1018.24	47.0	249390	AS7341	flash	5	100	999	10	100.0	0.0
2026-07-09T15:26:18.930	439	924	617	1152	2940	2870	3343	3641	3929	513	27.87	1018.27	47.0	248262	AS7341	flash	5	100	999	10	100.0	0.0
2026-07-09T15:26:20.954	439	924	617	1153	2942	2871	3345	3643	3931	513	27.86	1018.25	46.99	249579	AS7341	flash	5	100	999	10	100.0	0.0
2026-07-09T15:26:22.975	439	924	617	1153	2942	2871	3344	3643	3930	513	27.85	1018.26	46.99	249390	AS7341	flash	5	100	999	10	100.0	0.0
2026-07-09T15:26:24.990	439	924	617	1153	2942	2871	3345	3643	3931	513	27.86	1018.22	47.01	249768	AS7341	flash	5	100	999	10	100.0	0.0
2026-07-09T15:26:26.901	439	924	617	1153	2943	2872	3346	3644	3932	513	27.86	1018.29	47.0	252062	AS7341	flash	5	100	999	10	100.0	0.0
2026-07-09T15:26:28.916	439	924	617	1153	2943	2872	3346	3644	3932	513	27.84	1018.25	46.99	250337	AS7341	flash	5	100	999	10	100.0	0.0
2026-07-09T15:26:30.935	439	924	617	1153	2943	2872	3346	3644	3932	513	27.84	1018.28	47.0	249957	AS7341	flash	5	100	999	10	100.0	0.0
2026-07-09T15:26:32.950	439	924	617	1153	2942	2872	3346	3644	3931	513	27.84	1018.27	47.0	248637	AS7341	flash	5	100	999	10	100.0	0.0
2026-07-09T15:26:34.974	439	924	617	1153	2943	2873	3347	3645	3932	513	27.84	1018.3	47.01	248262	AS7341	flash	5	100	999	10	100.0	0.0
2026-07-09T15:26:37.004	439	924	617	1153	2944	2874	3348	3646	3933	513	27.83	1018.24	47.0	250910	AS7341	flash	5	100	999	10	100.0	0.0
2026-07-09T15:26:38.909	439	923	617	1153	2943	2873	3347	3645	3932	513	27.84	1018.29	47.01	249390	AS7341	flash	5	100	999	10	100.0	0.0
2026-07-09T15:26:40.936	439	924	617	1153	2944	2874	3348	3646	3934	513	27.82	1018.26	47.0	250719	AS7341	flash	5	100	999	10	100.0	0.0
2026-07-09T15:26:42.958	440	924	617	1153	2944	2874	3348	3646	3933	513	27.82	1018.24	47.01	250147	AS7341	flash	5	100	999	10	100.0	0.0
2026-07-09T15:26:44.988	439	923	617	1153	2944	2874	3348	3646	3934	513	27.81	1018.27	47.01	248637	AS7341	flash	5	100	999	10	100.0	0.0
2026-07-09T15:26:46.898	439	923	617	1153	2944	2874	3348	3646	3934	513	27.82	1018.27	47.01	251292	AS7341	flash	5	100	999	10	100.0	0.0
2026-07-09T15:26:48.924	439	923	617	1154	2945	2875	3349	3647	3934	513	27.81	1018.29	47.01	250910	AS7341	flash	5	100	999	10	100.0	0.0
2026-07-09T15:26:50.945	440	924	617	1154	2946	2876	3350	3648	3936	513	27.81	1018.26	47.02	249957	AS7341	flash	5	100	999	10	100.0	0.0
2026-07-09T15:26:52.973	440	923	617	1153	2946	2877	3351	3649	3936	513	27.8	1018.25	47.02	248824	AS7341	flash	5	100	999	10	100.0	0.0
2026-07-09T15:26:54.989	440	923	617	1154	2945	2875	3349	3647	3935	513	27.8	1018.28	47.02	249957	AS7341	flash	5	100	999	10	100.0	0.0
2026-07-09T15:26:56.908	439	923	617	1153	2945	2875	3349	3648	3935	513	27.8	1018.26	47.03	249768	AS7341	flash	5	100	999	10	100.0	0.0
2026-07-09T15:26:58.929	439	923	617	1154	2945	2875	3350	3648	3935	513	27.79	1018.29	47.02	249957	AS7341	flash	5	100	999	10	100.0	0.0
2026-07-09T15:27:00.951	440	923	617	1154	2946	2877	3351	3649	3937	513	27.78	1018.24	47.02	251869	AS7341	flash	5	100	999	10	100.0	0.0
2026-07-09T15:27:02.970	440	923	617	1154	2946	2877	3351	3649	3936	514	27.78	1018.27	47.02	249390	AS7341	flash	5	100	999	10	100.0	0.0
2026-07-09T15:27:04.987	440	923	617	1154	2946	2877	3351	3648	3936	514	27.78	1018.28	47.02	249579	AS7341	flash	5	100	999	10	100.0	0.0
2026-07-09T15:27:06.902	440	923	617	1154	2947	2877	3351	3650	3937	514	27.78	1018.25	47.02	250337	AS7341	flash	5	100	999	10	100.0	0.0
2026-07-09T15:27:08.920	440	923	617	1154	2947	2878	3352	3650	3938	514	27.77	1018.26	47.03	250147	AS7341	flash	5	100	999	10	100.0	0.0
2026-07-09T15:27:10.951	440	923	617	1154	2947	2877	3351	3649	3937	513	27.75	1018.25	47.03	250147	AS7341	flash	5	100	999	10	100.0	0.0
2026-07-09T15:27:12.972	440	923	617	1154	2948	2879	3353	3651	3938	514	27.75	1018.24	47.03	249390	AS7341	flash	5	100	999	10	100.0	0.0
2026-07-09T15:27:15.002	440	923	617	1154	2947	2878	3352	3650	3937	514	27.75	1018.29	47.03	250719	AS7341	flash	5	100	999	10	100.0	0.0
2026-07-09T15:27:16.912	440	923	617	1154	2947	2877	3352	3650	3937	514	27.75	1018.21	47.04	249957	AS7341	flash	5	100	999	10	100.0	0.0
2026-07-09T15:27:18.931	440	923	617	1154	2947	2878	3352	3650	3937	514	27.75	1018.25	47.02	250528	AS7341	flash	5	100	999	10	100.0	0.0
2026-07-09T15:27:20.954	440	923	617	1154	2947	2878	3352	3651	3938	514	27.73	1018.25	47.02	251101	AS7341	flash	5	100	999	10	100.0	0.0
2026-07-09T15:27:22.974	440	923	617	1154	2948	2879	3354	3651	3939	514	27.73	1018.22	47.02	249957	AS7341	flash	5	100	999	10	100.0	0.0
2026-07-09T15:27:24.996	440	923	617	1155	2948	2879	3354	3652	3939	514	27.73	1018.18	47.03	250147	AS7341	flash	5	100	999	10	100.0	0.0
2026-07-09T15:27:26.904	440	923	617	1154	2948	2879	3353	3651	3938	514	27.73	1018.24	47.03	250528	AS7341	flash	5	100	999	10	100.0	0.0
2026-07-09T15:27:28.928	440	923	617	1154	2948	2879	3354	3651	3939	514	27.72	1018.23	47.02	251869	AS7341	flash	5	100	999	10	100.0	0.0
2026-07-09T15:27:30.957	440	922	617	1154	2949	2879	3354	3652	3939	514	27.72	1018.24	47.04	250910	AS7341	flash	5	100	999	10	100.0	0.0
2026-07-09T15:27:32.984	440	923	617	1154	2949	2880	3355	3652	3940	514	27.71	1018.23	47.04	251677	AS7341	flash	5	100	999	10	100.0	0.0
2026-07-09T15:27:34.992	440	923	617	1154	2949	2880	3355	3652	3939	514	27.71	1018.23	47.03	251677	AS7341	flash	5	100	999	10	100.0	0.0
2026-07-09T15:27:36.909	440	922	617	1154	2948	2879	3354	3652	3939	514	27.72	1018.25	47.02	250910	AS7341	flash	5	100	999	10	100.0	0.0
2026-07-09T15:27:38.928	440	922	617	1154	2949	2880	3355	3652	3939	514	27.71	1018.24	47.01	250719	AS7341	flash	5	100	999	10	100.0	0.0
2026-07-09T15:27:40.951	439	922	617	1154	2948	2880	3354	3652	3938	514	27.7	1018.23	47.04	251869	AS7341	flash	5	100	999	10	100.0	0.0
2026-07-09T15:27:42.969	440	922	617	1155	2949	2880	3355	3652	3939	514	27.69	1018.21	47.04	250147	AS7341	flash	5	100	999	10	100.0	0.0
2026-07-09T15:27:44.991	440	922	617	1154	2949	2881	3356	3653	3940	514	27.69	1018.28	47.04	251677	AS7341	flash	5	100	999	10	100.0	0.0
2026-07-09T15:27:46.910	440	922	617	1154	2949	2880	3355	3652	3940	514	27.69	1018.26	47.04	251101	AS7341	flash	5	100	999	10	100.0	0.0
2026-07-09T15:27:48.925	440	922	617	1155	2950	2881	3356	3653	3941	514	27.69	1018.24	47.04	251101	AS7341	flash	5	100	999	10	100.0	0.0
2026-07-09T15:27:50.940	440	923	617	1155	2951	2883	3358	3655	3943	514	27.68	1018.24	47.05	250719	AS7341	flash	5	100	999	10	100.0	0.0
2026-07-09T15:27:52.956	440	922	617	1155	2950	2881	3356	3653	3941	514	27.68	1018.21	47.06	250528	AS7341	flash	5	100	999	10	100.0	0.0
2026-07-09T15:27:54.974	440	922	617	1155	2950	2881	3357	3653	3941	514	27.67	1018.27	47.06	252062	AS7341	flash	5	100	999	10	100.0	0.0
2026-07-09T15:27:56.991	440	922	617	1155	2950	2882	3357	3654	3941	514	27.66	1018.22	47.07	251101	AS7341	flash	5	100	999	10	100.0	0.0
2026-07-09T15:27:59.012	440	922	617	1155	2951	2882	3358	3655	3942	514	27.66	1018.25	47.07	251101	AS7341	flash	5	100	999	10	100.0	0.0
2026-07-09T15:28:00.910	440	922	617	1155	2951	2882	3357	3654	3942	514	27.67	1018.24	47.07	252448	AS7341	flash	5	100	999	10	100.0	0.0
2026-07-09T15:28:02.928	440	922	617	1155	2952	2884	3359	3656	3943	514	27.66	1018.25	47.07	251292	AS7341	flash	5	100	999	10	100.0	0.0
2026-07-09T15:28:04.943	440	922	617	1155	2951	2883	3358	3655	3943	514	27.65	1018.23	47.07	252836	AS7341	flash	5	100	999	10	100.0	0.0
2026-07-09T15:28:06.965	440	922	617	1155	2951	2883	3358	3655	3943	514	27.65	1018.23	47.09	250910	AS7341	flash	5	100	999	10	100.0	0.0
2026-07-09T15:28:08.980	440	922	617	1156	2952	2884	3359	3656	3944	514	27.64	1018.2	47.09	251484	AS7341	flash	5	100	999	10	100.0	0.0
2026-07-09T15:28:10.995	440	922	617	1155	2953	2884	3359	3657	3944	514	27.64	1018.26	47.09	251484	AS7341	flash	5	100	999	10	100.0	0.0
2026-07-09T15:28:13.012	440	922	617	1155	2952	2884	3359	3656	3944	514	27.63	1018.19	47.09	251101	AS7341	flash	5	100	999	10	100.0	0.0
2026-07-09T15:28:14.918	440	922	617	1155	2952	2883	3359	3656	3943	514	27.64	1018.19	47.09	252448	AS7341	flash	5	100	999	10	100.0	0.0
2026-07-09T15:28:16.934	440	922	617	1155	2952	2884	3360	3657	3944	514	27.63	1018.21	47.09	250910	AS7341	flash	5	100	999	10	100.0	0.0
2026-07-09T15:28:18.949	440	922	617	1155	2953	2884	3360	3657	3944	514	27.62	1018.24	47.09	251484	AS7341	flash	5	100	999	10	100.0	0.0
2026-07-09T15:28:20.968	440	922	617	1156	2954	2886	3361	3658	3946	515	27.62	1018.22	47.1	251677	AS7341	flash	5	100	999	10	100.0	0.0
2026-07-09T15:28:22.979	440	922	617	1155	2952	2884	3360	3657	3944	514	27.61	1018.22	47.11	251677	AS7341	flash	5	100	999	10	100.0	0.0
2026-07-09T15:28:25.000	440	922	617	1155	2953	2885	3360	3658	3945	514	27.61	1018.21	47.12	251484	AS7341	flash	5	100	999	10	100.0	0.0
2026-07-09T15:28:26.909	440	921	617	1155	2952	2884	3360	3657	3944	514	27.61	1018.23	47.11	252642	AS7341	flash	5	100	999	10	100.0	0.0
2026-07-09T15:28:28.933	440	922	617	1155	2953	2885	3360	3657	3944	514	27.6	1018.21	47.11	252062	AS7341	flash	5	100	999	10	100.0	0.0
2026-07-09T15:28:30.950	440	922	617	1156	2953	2885	3361	3658	3945	514	27.59	1018.21	47.12	252642	AS7341	flash	5	100	999	10	100.0	0.0
2026-07-09T15:28:32.969	440	921	617	1155	2953	2885	3361	3659	3945	514	27.6	1018.22	47.13	250719	AS7341	flash	5	100	999	10	100.0	0.0
2026-07-09T15:28:34.980	440	921	617	1155	2953	2886	3361	3658	3945	514	27.59	1018.23	47.14	252255	AS7341	flash	5	100	999	10	100.0	0.0
2026-07-09T15:28:36.996	440	921	617	1155	2953	2885	3361	3657	3944	514	27.58	1018.2	47.14	251869	AS7341	flash	5	100	999	10	100.0	0.0
2026-07-09T15:28:39.013	440	921	617	1156	2954	2886	3362	3659	3946	515	27.58	1018.23	47.15	251869	AS7341	flash	5	100	999	10	100.0	0.0
2026-07-09T15:28:40.913	440	921	617	1155	2953	2886	3361	3658	3945	514	27.58	1018.18	47.15	253225	AS7341	flash	5	100	999	10	100.0	0.0
2026-07-09T15:28:42.938	440	921	617	1155	2953	2886	3362	3659	3946	514	27.57	1018.22	47.15	252255	AS7341	flash	5	100	999	10	100.0	0.0
2026-07-09T15:28:44.955	440	921	617	1156	2954	2886	3362	3659	3946	515	27.57	1018.23	47.14	252836	AS7341	flash	5	100	999	10	100.0	0.0
2026-07-09T15:28:46.974	440	921	617	1156	2955	2887	3363	3660	3947	515	27.57	1018.22	47.15	251869	AS7341	flash	5	100	999	10	100.0	0.0
2026-07-09T15:28:48.984	440	922	617	1156	2955	2887	3363	3660	3947	515	27.56	1018.19	47.15	252255	AS7341	flash	5	100	999	10	100.0	0.0
2026-07-09T15:28:51.002	440	921	617	1156	2955	2888	3363	3661	3948	515	27.55	1018.2	47.15	252062	AS7341	flash	5	100	999	10	100.0	0.0
2026-07-09T15:28:52.909	440	921	617	1156	2954	2887	3363	3660	3947	515	27.56	1018.18	47.15	253030	AS7341	flash	5	100	999	10	100.0	0.0
2026-07-09T15:28:54.932	440	921	617	1156	2955	2888	3364	3661	3948	515	27.55	1018.21	47.16	252448	AS7341	flash	5	100	999	10	100.0	0.0
2026-07-09T15:28:56.956	440	921	617	1156	2954	2887	3363	3659	3946	515	27.55	1018.2	47.16	252836	AS7341	flash	5	100	999	10	100.0	0.0
2026-07-09T15:28:58.966	440	921	617	1156	2956	2888	3365	3662	3949	515	27.54	1018.19	47.17	252642	AS7341	flash	5	100	999	10	100.0	0.0
2026-07-09T15:29:00.981	440	921	617	1156	2956	2888	3364	3661	3948	515	27.54	1018.21	47.17	251677	AS7341	flash	5	100	999	10	100.0	0.0
2026-07-09T15:29:03.001	440	921	617	1156	2955	2888	3364	3661	3948	515	27.54	1018.19	47.17	252642	AS7341	flash	5	100	999	10	100.0	0.0
2026-07-09T15:29:05.014	440	921	617	1156	2956	2889	3365	3662	3949	515	27.53	1018.2	47.17	252062	AS7341	flash	5	100	999	10	100.0	0.0
2026-07-09T15:29:06.918	440	921	617	1155	2955	2887	3364	3661	3947	515	27.54	1018.18	47.19	253030	AS7341	flash	5	100	999	10	100.0	0.0
2026-07-09T15:29:08.933	440	921	617	1156	2955	2888	3364	3661	3947	514	27.52	1018.18	47.18	252255	AS7341	flash	5	100	999	10	100.0	0.0
2026-07-09T15:29:10.954	440	921	617	1156	2956	2888	3365	3662	3949	515	27.52	1018.2	47.18	252642	AS7341	flash	5	100	999	10	100.0	0.0
2026-07-09T15:29:12.970	440	921	617	1156	2955	2888	3364	3661	3948	515	27.52	1018.21	47.2	252255	AS7341	flash	5	100	999	10	100.0	0.0
2026-07-09T15:29:14.986	440	921	617	1156	2956	2889	3365	3662	3949	515	27.52	1018.19	47.19	252836	AS7341	flash	5	100	999	10	100.0	0.0
2026-07-09T15:29:17.012	440	921	617	1156	2956	2889	3365	3662	3949	515	27.51	1018.2	47.18	253030	AS7341	flash	5	100	999	10	100.0	0.0
2026-07-09T15:29:18.923	440	921	617	1156	2956	2889	3365	3662	3949	515	27.52	1018.2	47.19	252836	AS7341	flash	5	100	999	10	100.0	0.0
2026-07-09T15:29:20.949	440	921	617	1156	2956	2889	3366	3663	3949	515	27.51	1018.22	47.2	253030	AS7341	flash	5	100	999	10	100.0	0.0
2026-07-09T15:29:22.966	440	921	617	1156	2956	2889	3366	3663	3949	515	27.51	1018.19	47.19	253225	AS7341	flash	5	100	999	10	100.0	0.0
2026-07-09T15:29:24.982	440	921	616	1156	2956	2889	3365	3662	3949	515	27.5	1018.15	47.19	252836	AS7341	flash	5	100	999	10	100.0	0.0
2026-07-09T15:29:26.992	440	921	617	1156	2956	2889	3366	3663	3949	515	27.5	1018.21	47.21	252448	AS7341	flash	5	100	999	10	100.0	0.0
2026-07-09T15:29:29.009	440	921	617	1156	2956	2889	3366	3663	3949	515	27.5	1018.17	47.2	251292	AS7341	flash	5	100	999	10	100.0	0.0
2026-07-09T15:29:30.910	440	921	617	1156	2957	2890	3367	3663	3950	515	27.51	1018.18	47.21	254202	AS7341	flash	5	100	999	10	100.0	0.0
2026-07-09T15:29:32.924	440	921	617	1156	2957	2890	3366	3663	3950	515	27.49	1018.18	47.2	254006	AS7341	flash	5	100	999	10	100.0	0.0
2026-07-09T15:29:34.941	440	921	617	1156	2958	2891	3368	3665	3952	515	27.49	1018.17	47.19	254006	AS7341	flash	5	100	999	10	100.0	0.0
2026-07-09T15:29:36.965	440	921	617	1157	2957	2890	3367	3664	3950	515	27.48	1018.17	47.2	251677	AS7341	flash	5	100	999	10	100.0	0.0
2026-07-09T15:29:38.981	440	921	617	1156	2957	2891	3368	3664	3951	515	27.48	1018.16	47.2	253615	AS7341	flash	5	100	999	10	100.0	0.0
2026-07-09T15:29:41.000	440	920	616	1156	2958	2891	3368	3665	3951	515	27.48	1018.17	47.2	253615	AS7341	flash	5	100	999	10	100.0	0.0
2026-07-09T15:29:42.917	440	920	616	1156	2957	2891	3367	3664	3950	515	27.48	1018.15	47.22	255583	AS7341	flash	5	100	999	10	100.0	0.0
2026-07-09T15:29:44.935	440	920	617	1156	2958	2891	3368	3665	3952	515	27.47	1018.14	47.18	253419	AS7341	flash	5	100	999	10	100.0	0.0
2026-07-09T15:29:46.952	440	921	617	1157	2958	2891	3368	3665	3952	515	27.47	1018.2	47.2	253615	AS7341	flash	5	100	999	10	100.0	0.0
2026-07-09T15:29:48.964	440	920	616	1156	2958	2892	3369	3665	3952	515	27.47	1018.18	47.19	253615	AS7341	flash	5	100	999	10	100.0	0.0
2026-07-09T15:29:50.982	440	920	617	1157	2958	2891	3368	3665	3951	515	27.46	1018.16	47.18	252255	AS7341	flash	5	100	999	10	100.0	0.0
2026-07-09T15:29:52.994	440	920	617	1157	2958	2892	3369	3666	3952	515	27.46	1018.16	47.21	253225	AS7341	flash	5	100	999	10	100.0	0.0
2026-07-09T15:29:55.012	440	921	617	1157	2958	2892	3369	3665	3952	515	27.46	1018.15	47.2	254006	AS7341	flash	5	100	999	10	100.0	0.0
2026-07-09T15:29:56.916	440	921	617	1157	2959	2892	3370	3667	3953	515	27.46	1018.16	47.2	254398	AS7341	flash	5	100	999	10	100.0	0.0
2026-07-09T15:29:58.944	440	920	617	1157	2958	2892	3369	3665	3952	515	27.46	1018.18	47.19	254792	AS7341	flash	5	100	999	10	100.0	0.0
2026-07-09T15:30:00.955	440	920	617	1157	2959	2892	3369	3666	3953	515	27.45	1018.16	47.21	252255	AS7341	flash	5	100	999	10	100.0	0.0
2026-07-09T15:30:02.984	440	920	617	1157	2959	2892	3369	3666	3952	515	27.44	1018.16	47.21	254595	AS7341	flash	5	100	999	10	100.0	0.0
2026-07-09T15:30:05.003	440	920	617	1157	2958	2892	3369	3666	3952	515	27.44	1018.17	47.2	254202	AS7341	flash	5	100	999	10	100.0	0.0
2026-07-09T15:30:06.913	440	920	616	1157	2958	2892	3369	3665	3952	515	27.45	1018.18	47.22	254398	AS7341	flash	5	100	999	10	100.0	0.0
2026-07-09T15:30:08.930	440	920	617	1157	2959	2892	3369	3666	3953	515	27.44	1018.14	47.2	254398	AS7341	flash	5	100	999	10	100.0	0.0
2026-07-09T15:30:10.943	440	920	617	1157	2959	2893	3370	3667	3953	515	27.43	1018.15	47.22	253615	AS7341	flash	5	100	999	10	100.0	0.0
2026-07-09T15:30:12.964	440	921	617	1157	2960	2894	3371	3668	3955	515	27.43	1018.17	47.21	254595	AS7341	flash	5	100	999	10	100.0	0.0
2026-07-09T15:30:14.981	440	920	617	1157	2959	2893	3370	3667	3953	515	27.43	1018.18	47.22	253225	AS7341	flash	5	100	999	10	100.0	0.0
2026-07-09T15:30:16.994	440	920	616	1157	2960	2893	3371	3667	3953	515	27.41	1018.17	47.21	253615	AS7341	flash	5	100	999	10	100.0	0.0
2026-07-09T15:30:19.012	440	920	617	1157	2960	2894	3371	3668	3954	515	27.42	1018.17	47.21	254202	AS7341	flash	5	100	999	10	100.0	0.0
2026-07-09T15:30:20.914	440	920	616	1156	2958	2892	3369	3666	3952	515	27.42	1018.15	47.21	254006	AS7341	flash	5	100	999	10	100.0	0.0
2026-07-09T15:30:22.931	440	920	616	1157	2960	2894	3371	3667	3954	515	27.41	1018.13	47.21	254202	AS7341	flash	5	100	999	10	100.0	0.0
2026-07-09T15:30:24.952	440	920	617	1157	2960	2894	3371	3668	3954	515	27.4	1018.11	47.21	254006	AS7341	flash	5	100	999	10	100.0	0.0
2026-07-09T15:30:26.966	440	920	617	1157	2961	2894	3372	3669	3955	515	27.4	1018.16	47.22	252836	AS7341	flash	5	100	999	10	100.0	0.0
2026-07-09T15:30:28.982	440	920	616	1157	2960	2894	3372	3669	3955	515	27.4	1018.12	47.21	254989	AS7341	flash	5	100	999	10	100.0	0.0
2026-07-09T15:30:30.993	440	920	616	1157	2960	2894	3372	3668	3955	515	27.4	1018.15	47.22	255187	AS7341	flash	5	100	999	10	100.0	0.0
2026-07-09T15:30:32.895	440	920	616	1157	2960	2894	3371	3667	3954	515	27.41	1018.12	47.22	254792	AS7341	flash	5	100	999	10	100.0	0.0
2026-07-09T15:30:34.911	440	920	617	1157	2961	2894	3372	3669	3955	515	27.39	1018.14	47.2	254792	AS7341	flash	5	100	999	10	100.0	0.0
2026-07-09T15:30:36.931	440	920	617	1157	2961	2895	3372	3669	3955	516	27.39	1018.13	47.23	255187	AS7341	flash	5	100	999	10	100.0	0.0
2026-07-09T15:30:38.941	440	920	616	1157	2961	2895	3373	3669	3956	516	27.39	1018.14	47.24	255187	AS7341	flash	5	100	999	10	100.0	0.0
2026-07-09T15:30:40.950	440	920	617	1157	2961	2895	3372	3668	3955	515	27.4	1018.19	47.22	254792	AS7341	flash	5	100	999	10	100.0	0.0
2026-07-09T15:30:42.966	440	920	616	1157	2961	2895	3372	3668	3956	515	27.38	1018.1	47.23	253030	AS7341	flash	5	100	999	10	100.0	0.0
2026-07-09T15:30:44.986	440	920	616	1157	2961	2895	3373	3670	3956	516	27.38	1018.14	47.22	253615	AS7341	flash	5	100	999	10	100.0	0.0
2026-07-09T15:30:46.998	440	920	616	1157	2961	2895	3373	3669	3956	515	27.37	1018.11	47.23	255187	AS7341	flash	5	100	999	10	100.0	0.0
2026-07-09T15:30:49.009	440	920	616	1157	2962	2896	3373	3669	3956	516	27.38	1018.13	47.23	254792	AS7341	flash	5	100	999	10	100.0	0.0
2026-07-09T15:30:50.917	440	920	617	1157	2962	2896	3374	3670	3956	516	27.38	1018.14	47.23	255583	AS7341	flash	5	100	999	10	100.0	0.0
2026-07-09T15:30:52.934	440	920	617	1157	2961	2895	3373	3669	3956	516	27.38	1018.13	47.23	255187	AS7341	flash	5	100	999	10	100.0	0.0
2026-07-09T15:30:54.949	441	920	617	1158	2962	2897	3374	3670	3957	516	27.37	1018.12	47.22	255187	AS7341	flash	5	100	999	10	100.0	0.0
2026-07-09T15:30:56.968	440	920	617	1157	2962	2897	3375	3671	3957	516	27.37	1018.14	47.22	255583	AS7341	flash	5	100	999	10	100.0	0.0
2026-07-09T15:30:58.991	440	920	616	1158	2962	2896	3374	3670	3956	516	27.36	1018.13	47.23	253615	AS7341	flash	5	100	999	10	100.0	0.0
2026-07-09T15:31:01.010	440	920	617	1158	2962	2897	3375	3671	3957	516	27.36	1018.12	47.23	254595	AS7341	flash	5	100	999	10	100.0	0.0
2026-07-09T15:31:02.919	440	920	617	1157	2961	2896	3374	3670	3956	516	27.36	1018.11	47.23	256778	AS7341	flash	5	100	999	10	100.0	0.0
2026-07-09T15:31:04.942	440	920	617	1158	2963	2897	3375	3672	3958	516	27.36	1018.14	47.24	254989	AS7341	flash	5	100	999	10	100.0	0.0
2026-07-09T15:31:06.963	440	920	616	1158	2963	2897	3374	3671	3957	516	27.35	1018.12	47.23	255781	AS7341	flash	5	100	999	10	100.0	0.0
2026-07-09T15:31:08.983	441	920	617	1158	2963	2897	3375	3671	3958	516	27.35	1018.15	47.24	254989	AS7341	flash	5	100	999	10	100.0	0.0
2026-07-09T15:31:11.000	440	920	617	1158	2963	2897	3375	3671	3958	516	27.35	1018.13	47.24	256578	AS7341	flash	5	100	999	10	100.0	0.0
2026-07-09T15:31:12.915	440	920	617	1158	2963	2897	3375	3671	3957	516	27.35	1018.1	47.24	256179	AS7341	flash	5	100	999	10	100.0	0.0
2026-07-09T15:31:14.933	440	920	616	1157	2963	2897	3375	3671	3958	516	27.34	1018.11	47.24	256379	AS7341	flash	5	100	999	10	100.0	0.0
2026-07-09T15:31:16.944	441	920	617	1158	2963	2898	3375	3672	3958	516	27.33	1018.13	47.24	255980	AS7341	flash	5	100	999	10	100.0	0.0
2026-07-09T15:31:18.955	440	920	617	1158	2963	2897	3376	3672	3958	516	27.33	1018.14	47.24	256379	AS7341	flash	5	100	999	10	100.0	0.0
2026-07-09T15:31:20.972	440	920	616	1158	2963	2898	3376	3672	3958	516	27.32	1018.12	47.25	254006	AS7341	flash	5	100	999	10	100.0	0.0
2026-07-09T15:31:22.987	441	920	617	1158	2964	2899	3377	3673	3959	516	27.31	1018.14	47.24	254006	AS7341	flash	5	100	999	10	100.0	0.0
2026-07-09T15:31:25.005	440	920	617	1158	2964	2898	3376	3672	3958	516	27.31	1018.08	47.26	255187	AS7341	flash	5	100	999	10	100.0	0.0
2026-07-09T15:31:26.918	440	919	616	1158	2963	2898	3376	3672	3958	516	27.31	1018.09	47.26	256379	AS7341	flash	5	100	999	10	100.0	0.0
2026-07-09T15:31:28.930	440	919	617	1158	2963	2897	3376	3672	3957	516	27.3	1018.11	47.26	256979	AS7341	flash	5	100	999	10	100.0	0.0
2026-07-09T15:31:30.941	441	920	616	1158	2964	2899	3377	3673	3959	516	27.3	1018.11	47.26	255583	AS7341	flash	5	100	999	10	100.0	0.0
2026-07-09T15:31:32.955	440	920	616	1158	2965	2899	3378	3674	3960	516	27.3	1018.17	47.28	255980	AS7341	flash	5	100	999	10	100.0	0.0
2026-07-09T15:31:34.973	440	920	616	1158	2964	2898	3377	3672	3959	516	27.29	1018.1	47.28	255781	AS7341	flash	5	100	999	10	100.0	0.0
2026-07-09T15:31:36.996	441	920	616	1158	2964	2899	3377	3673	3960	516	27.29	1018.12	47.29	254006	AS7341	flash	5	100	999	10	100.0	0.0
2026-07-09T15:31:39.006	441	920	616	1158	2964	2898	3377	3672	3959	516	27.29	1018.13	47.28	255187	AS7341	flash	5	100	999	10	100.0	0.0
2026-07-09T15:31:40.911	441	919	616	1158	2965	2899	3377	3673	3960	516	27.29	1018.12	47.28	255187	AS7341	flash	5	100	999	10	100.0	0.0
2026-07-09T15:31:42.928	441	920	616	1158	2964	2899	3377	3673	3959	516	27.29	1018.16	47.29	256379	AS7341	flash	5	100	999	10	100.0	0.0
2026-07-09T15:31:44.944	441	920	617	1158	2965	2900	3379	3675	3961	516	27.28	1018.13	47.28	255980	AS7341	flash	5	100	999	10	100.0	0.0
2026-07-09T15:31:46.954	441	920	617	1158	2966	2900	3379	3675	3961	516	27.27	1018.15	47.3	256578	AS7341	flash	5	100	999	10	100.0	0.0
2026-07-09T15:31:48.967	441	920	616	1158	2965	2900	3378	3674	3960	516	27.28	1018.14	47.3	255583	AS7341	flash	5	100	999	10	100.0	0.0
2026-07-09T15:31:50.981	441	919	616	1158	2965	2899	3378	3674	3960	516	27.27	1018.14	47.3	254398	AS7341	flash	5	100	999	10	100.0	0.0
2026-07-09T15:31:53.009	440	919	616	1158	2964	2899	3378	3673	3960	516	27.26	1018.11	47.31	255187	AS7341	flash	5	100	999	10	100.0	0.0
2026-07-09T15:31:54.913	441	919	616	1158	2964	2899	3378	3673	3959	516	27.27	1018.07	47.31	256379	AS7341	flash	5	100	999	10	100.0	0.0
2026-07-09T15:31:56.926	441	919	616	1158	2965	2900	3379	3675	3961	516	27.27	1018.16	47.3	256379	AS7341	flash	5	100	999	10	100.0	0.0
2026-07-09T15:31:58.942	441	919	616	1158	2965	2900	3379	3674	3961	516	27.27	1018.17	47.31	256379	AS7341	flash	5	100	999	10	100.0	0.0
2026-07-09T15:32:00.959	441	919	616	1158	2966	2900	3379	3675	3961	516	27.27	1018.17	47.31	256578	AS7341	flash	5	100	999	10	100.0	0.0
2026-07-09T15:32:02.974	441	920	617	1159	2966	2901	3380	3676	3962	516	27.26	1018.17	47.33	257179	AS7341	flash	5	100	999	10	100.0	0.0
2026-07-09T15:32:04.988	441	919	616	1158	2966	2901	3380	3676	3962	516	27.25	1018.15	47.32	256979	AS7341	flash	5	100	999	10	100.0	0.0
2026-07-09T15:32:07.017	441	919	617	1158	2966	2901	3380	3675	3961	516	27.25	1018.16	47.31	257179	AS7341	flash	5	100	999	10	100.0	0.0
2026-07-09T15:32:08.919	441	919	617	1158	2965	2900	3379	3675	3961	516	27.26	1018.14	47.31	256379	AS7341	flash	5	100	999	10	100.0	0.0
2026-07-09T15:32:10.936	441	919	616	1158	2966	2901	3379	3675	3961	516	27.25	1018.1	47.3	257380	AS7341	flash	5	100	999	10	100.0	0.0
2026-07-09T15:32:12.953	441	920	617	1159	2967	2902	3382	3677	3963	516	27.25	1018.15	47.32	254202	AS7341	flash	5	100	999	10	100.0	0.0
2026-07-09T15:32:14.974	441	919	617	1159	2966	2901	3380	3676	3962	516	27.24	1018.14	47.32	256778	AS7341	flash	5	100	999	10	100.0	0.0
2026-07-09T15:32:16.988	441	919	616	1158	2966	2900	3379	3675	3961	516	27.24	1018.15	47.32	254989	AS7341	flash	5	100	999	10	100.0	0.0
2026-07-09T15:32:19.005	441	919	616	1159	2966	2902	3381	3676	3962	516	27.24	1018.14	47.32	256979	AS7341	flash	5	100	999	10	100.0	0.0
2026-07-09T15:32:20.915	441	919	616	1158	2966	2901	3380	3675	3961	516	27.24	1018.14	47.32	255583	AS7341	flash	5	100	999	10	100.0	0.0
2026-07-09T15:32:22.937	441	919	616	1158	2966	2901	3380	3675	3961	516	27.23	1018.14	47.33	256379	AS7341	flash	5	100	999	10	100.0	0.0
2026-07-09T15:32:24.966	441	919	616	1158	2967	2901	3381	3676	3962	516	27.23	1018.14	47.33	256379	AS7341	flash	5	100	999	10	100.0	0.0
2026-07-09T15:32:26.983	441	919	616	1159	2967	2902	3381	3677	3963	516	27.22	1018.14	47.33	256379	AS7341	flash	5	100	999	10	100.0	0.0
2026-07-09T15:32:28.992	441	919	616	1158	2967	2902	3381	3677	3963	516	27.23	1018.13	47.33	256778	AS7341	flash	5	100	999	10	100.0	0.0
2026-07-09T15:32:31.012	441	919	616	1158	2967	2902	3381	3676	3962	516	27.22	1018.12	47.33	256979	AS7341	flash	5	100	999	10	100.0	0.0
2026-07-09T15:32:32.918	441	919	616	1158	2967	2902	3381	3676	3963	516	27.23	1018.16	47.34	258390	AS7341	flash	5	100	999	10	100.0	0.0
2026-07-09T15:32:34.930	441	919	616	1159	2967	2903	3382	3677	3963	516	27.22	1018.16	47.34	256578	AS7341	flash	5	100	999	10	100.0	0.0
2026-07-09T15:32:36.947	441	919	616	1159	2967	2902	3381	3677	3963	516	27.22	1018.15	47.34	256979	AS7341	flash	5	100	999	10	100.0	0.0
2026-07-09T15:32:38.972	441	919	616	1159	2967	2903	3382	3677	3963	516	27.21	1018.18	47.35	256778	AS7341	flash	5	100	999	10	100.0	0.0
2026-07-09T15:32:40.982	441	919	617	1159	2968	2903	3382	3678	3964	516	27.21	1018.11	47.34	256778	AS7341	flash	5	100	999	10	100.0	0.0
2026-07-09T15:32:43.002	441	919	617	1159	2968	2903	3382	3678	3964	516	27.21	1018.17	47.35	255781	AS7341	flash	5	100	999	10	100.0	0.0
2026-07-09T15:32:44.906	441	919	616	1159	2967	2903	3382	3677	3963	516	27.22	1018.14	47.34	257179	AS7341	flash	5	100	999	10	100.0	0.0
2026-07-09T15:32:46.915	441	919	617	1159	2968	2903	3383	3677	3964	516	27.21	1018.15	47.34	257985	AS7341	flash	5	100	999	10	100.0	0.0
2026-07-09T15:32:48.938	441	919	617	1159	2969	2904	3383	3678	3965	516	27.2	1018.13	47.34	257582	AS7341	flash	5	100	999	10	100.0	0.0
2026-07-09T15:32:50.958	441	919	617	1159	2969	2904	3384	3679	3965	517	27.21	1018.15	47.34	257985	AS7341	flash	5	100	999	10	100.0	0.0
2026-07-09T15:32:52.975	441	919	616	1159	2969	2904	3383	3679	3965	516	27.2	1018.18	47.34	257179	AS7341	flash	5	100	999	10	100.0	0.0
2026-07-09T15:32:54.988	441	919	616	1159	2969	2905	3384	3679	3965	517	27.2	1018.15	47.34	257582	AS7341	flash	5	100	999	10	100.0	0.0
2026-07-09T15:32:57.004	441	919	616	1159	2969	2904	3384	3679	3965	517	27.2	1018.19	47.34	255187	AS7341	flash	5	100	999	10	100.0	0.0
2026-07-09T15:32:58.909	441	919	617	1159	2968	2904	3383	3679	3965	517	27.21	1018.17	47.32	257985	AS7341	flash	5	100	999	10	100.0	0.0
2026-07-09T15:33:00.919	441	919	616	1159	2969	2904	3384	3678	3965	517	27.19	1018.15	47.32	257380	AS7341	flash	5	100	999	10	100.0	0.0
2026-07-09T15:33:02.939	441	919	617	1159	2969	2904	3383	3678	3964	516	27.19	1018.13	47.32	256778	AS7341	flash	5	100	999	10	100.0	0.0
2026-07-09T15:33:04.955	441	919	617	1159	2969	2904	3384	3679	3965	517	27.19	1018.14	47.32	255385	AS7341	flash	5	100	999	10	100.0	0.0
2026-07-09T15:33:06.969	441	919	617	1159	2968	2904	3383	3678	3965	516	27.18	1018.15	47.32	257783	AS7341	flash	5	100	999	10	100.0	0.0
2026-07-09T15:33:08.986	441	919	616	1159	2968	2904	3383	3678	3964	516	27.18	1018.14	47.31	257985	AS7341	flash	5	100	999	10	100.0	0.0
2026-07-09T15:33:11.006	441	919	617	1159	2969	2905	3384	3679	3966	517	27.18	1018.16	47.32	255781	AS7341	flash	5	100	999	10	100.0	0.0
2026-07-09T15:33:12.910	441	919	617	1159	2970	2905	3384	3679	3966	517	27.19	1018.19	47.32	255980	AS7341	flash	5	100	999	10	100.0	0.0
2026-07-09T15:33:14.930	441	919	616	1159	2970	2906	3385	3680	3966	517	27.18	1018.18	47.3	256979	AS7341	flash	5	100	999	10	100.0	0.0
2026-07-09T15:33:16.955	441	919	616	1159	2970	2906	3385	3680	3967	517	27.18	1018.17	47.32	256179	AS7341	flash	5	100	999	10	100.0	0.0
2026-07-09T15:33:18.982	441	919	616	1159	2969	2905	3385	3679	3965	517	27.17	1018.19	47.32	256379	AS7341	flash	5	100	999	10	100.0	0.0
2026-07-09T15:33:20.998	441	919	616	1159	2970	2905	3385	3679	3966	517	27.17	1018.16	47.33	257985	AS7341	flash	5	100	999	10	100.0	0.0
2026-07-09T15:33:22.907	441	919	616	1159	2969	2905	3384	3679	3966	516	27.17	1018.14	47.31	259000	AS7341	flash	5	100	999	10	100.0	0.0
2026-07-09T15:33:24.921	441	919	617	1160	2970	2906	3386	3680	3967	517	27.16	1018.16	47.31	258188	AS7341	flash	5	100	999	10	100.0	0.0
2026-07-09T15:33:26.940	441	919	616	1159	2970	2906	3385	3679	3966	517	27.16	1018.16	47.3	258188	AS7341	flash	5	100	999	10	100.0	0.0
2026-07-09T15:33:28.962	441	919	616	1159	2970	2906	3386	3680	3967	517	27.16	1018.18	47.3	256379	AS7341	flash	5	100	999	10	100.0	0.0
2026-07-09T15:33:30.979	441	919	617	1160	2971	2907	3386	3681	3968	517	27.16	1018.16	47.31	256379	AS7341	flash	5	100	999	10	100.0	0.0
2026-07-09T15:33:32.996	441	919	617	1160	2971	2906	3386	3681	3967	517	27.16	1018.15	47.31	257380	AS7341	flash	5	100	999	10	100.0	0.0
2026-07-09T15:33:35.015	441	919	617	1160	2971	2907	3386	3680	3967	517	27.16	1018.19	47.31	256379	AS7341	flash	5	100	999	10	100.0	0.0
2026-07-09T15:33:36.924	441	919	617	1160	2971	2907	3386	3681	3967	517	27.17	1018.17	47.31	258188	AS7341	flash	5	100	999	10	100.0	0.0
2026-07-09T15:33:38.938	441	919	617	1160	2971	2907	3386	3680	3967	517	27.15	1018.14	47.29	257380	AS7341	flash	5	100	999	10	100.0	0.0
2026-07-09T15:33:40.957	441	918	616	1159	2970	2906	3386	3680	3967	517	27.15	1018.16	47.3	256979	AS7341	flash	5	100	999	10	100.0	0.0
2026-07-09T15:33:42.972	441	919	617	1160	2971	2907	3387	3681	3968	517	27.15	1018.12	47.31	257179	AS7341	flash	5	100	999	10	100.0	0.0
2026-07-09T15:33:44.984	441	919	617	1160	2972	2908	3387	3681	3968	517	27.15	1018.15	47.3	258390	AS7341	flash	5	100	999	10	100.0	0.0
2026-07-09T15:33:47.009	441	919	617	1160	2972	2908	3387	3682	3968	517	27.15	1018.14	47.3	258390	AS7341	flash	5	100	999	10	100.0	0.0
2026-07-09T15:33:48.919	441	918	617	1160	2971	2906	3386	3680	3967	517	27.15	1018.15	47.29	257783	AS7341	flash	5	100	999	10	100.0	0.0
2026-07-09T15:33:50.936	441	919	617	1160	2972	2908	3387	3681	3968	517	27.14	1018.13	47.3	258390	AS7341	flash	5	100	999	10	100.0	0.0
2026-07-09T15:33:52.958	441	919	617	1160	2972	2908	3387	3681	3968	517	27.14	1018.16	47.3	258593	AS7341	flash	5	100	999	10	100.0	0.0
2026-07-09T15:33:54.978	441	918	617	1160	2972	2908	3388	3682	3969	517	27.14	1018.16	47.29	256778	AS7341	flash	5	100	999	10	100.0	0.0
2026-07-09T15:33:56.992	441	919	616	1160	2972	2908	3387	3682	3968	517	27.14	1018.16	47.29	258390	AS7341	flash	5	100	999	10	100.0	0.0
2026-07-09T15:33:59.006	441	918	616	1160	2972	2908	3388	3682	3968	517	27.13	1018.11	47.3	257582	AS7341	flash	5	100	999	10	100.0	0.0
2026-07-09T15:34:00.906	441	918	616	1160	2971	2908	3387	3681	3968	517	27.15	1018.18	47.3	257582	AS7341	flash	5	100	999	10	100.0	0.0
2026-07-09T15:34:02.922	441	919	617	1160	2972	2908	3387	3681	3968	517	27.14	1018.18	47.29	260022	AS7341	flash	5	100	999	10	100.0	0.0
2026-07-09T15:34:04.940	441	919	616	1160	2972	2908	3388	3682	3969	517	27.13	1018.15	47.28	258593	AS7341	flash	5	100	999	10	100.0	0.0
2026-07-09T15:34:06.958	441	919	617	1160	2973	2909	3389	3683	3970	517	27.13	1018.13	47.28	256778	AS7341	flash	5	100	999	10	100.0	0.0
2026-07-09T15:34:08.969	441	919	617	1161	2973	2910	3389	3683	3970	517	27.12	1018.14	47.28	257985	AS7341	flash	5	100	999	10	100.0	0.0
2026-07-09T15:34:10.998	441	919	617	1161	2973	2910	3389	3683	3970	517	27.12	1018.13	47.27	257582	AS7341	flash	5	100	999	10	100.0	0.0
2026-07-09T15:34:13.015	441	919	617	1161	2973	2909	3389	3682	3970	517	27.12	1018.13	47.28	257582	AS7341	flash	5	100	999	10	100.0	0.0
2026-07-09T15:34:15.028	441	918	616	1160	2973	2909	3389	3682	3970	517	27.12	1018.15	47.28	259204	AS7341	flash	5	100	999	10	100.0	0.0
2026-07-09T15:34:16.940	441	918	616	1160	2973	2909	3388	3682	3969	517	27.13	1018.14	47.28	258796	AS7341	flash	5	100	999	10	100.0	0.0
2026-07-09T15:34:18.952	441	919	617	1161	2974	2910	3390	3684	3971	517	27.12	1018.16	47.28	259204	AS7341	flash	5	100	999	10	100.0	0.0
2026-07-09T15:34:20.962	441	919	617	1160	2974	2910	3390	3683	3971	517	27.11	1018.14	47.27	259204	AS7341	flash	5	100	999	10	100.0	0.0
2026-07-09T15:34:22.974	441	919	617	1160	2974	2910	3390	3684	3971	517	27.11	1018.16	47.28	257179	AS7341	flash	5	100	999	10	100.0	0.0
2026-07-09T15:34:24.988	441	919	617	1160	2974	2910	3390	3684	3971	517	27.11	1018.14	47.29	257179	AS7341	flash	5	100	999	10	100.0	0.0
2026-07-09T15:34:27.001	441	918	617	1161	2973	2910	3390	3683	3970	517	27.11	1018.17	47.29	257985	AS7341	flash	5	100	999	10	100.0	0.0
2026-07-09T15:34:29.014	441	919	617	1161	2974	2911	3390	3684	3971	517	27.1	1018.14	47.29	258796	AS7341	flash	5	100	999	10	100.0	0.0
2026-07-09T15:34:31.031	441	919	617	1161	2975	2911	3391	3685	3972	517	27.1	1018.14	47.29	257582	AS7341	flash	5	100	999	10	100.0	0.0
2026-07-09T15:34:33.045	441	919	617	1161	2974	2911	3391	3684	3971	517	27.1	1018.12	47.31	258390	AS7341	flash	5	100	999	10	100.0	0.0
2026-07-09T15:34:34.963	441	918	616	1160	2974	2910	3390	3683	3970	517	27.1	1018.14	47.31	257582	AS7341	flash	5	100	999	10	100.0	0.0
2026-07-09T15:34:36.978	441	919	617	1161	2975	2911	3391	3685	3972	517	27.1	1018.16	47.3	259408	AS7341	flash	5	100	999	10	100.0	0.0
2026-07-09T15:34:38.993	441	918	617	1161	2974	2910	3390	3684	3971	517	27.09	1018.17	47.29	259204	AS7341	flash	5	100	999	10	100.0	0.0
2026-07-09T15:34:41.008	441	918	617	1160	2974	2911	3390	3684	3970	517	27.09	1018.13	47.31	257179	AS7341	flash	5	100	999	10	100.0	0.0
2026-07-09T15:34:43.029	441	918	617	1161	2974	2911	3391	3684	3971	517	27.09	1018.16	47.31	258593	AS7341	flash	5	100	999	10	100.0	0.0
2026-07-09T15:34:45.045	441	918	616	1161	2975	2912	3391	3684	3972	517	27.09	1018.15	47.31	258796	AS7341	flash	5	100	999	10	100.0	0.0
2026-07-09T15:34:46.952	441	918	617	1160	2974	2911	3391	3684	3971	517	27.1	1018.16	47.32	258390	AS7341	flash	5	100	999	10	100.0	0.0
2026-07-09T15:34:48.969	441	919	617	1161	2975	2911	3391	3685	3971	517	27.09	1018.14	47.31	259204	AS7341	flash	5	100	999	10	100.0	0.0
2026-07-09T15:34:50.989	441	918	616	1161	2974	2911	3390	3683	3971	517	27.09	1018.16	47.32	257582	AS7341	flash	5	100	999	10	100.0	0.0
2026-07-09T15:34:53.002	441	918	617	1161	2975	2912	3392	3685	3973	517	27.08	1018.14	47.3	259408	AS7341	flash	5	100	999	10	100.0	0.0
2026-07-09T15:34:55.022	441	918	617	1161	2975	2912	3391	3684	3971	517	27.09	1018.13	47.32	257783	AS7341	flash	5	100	999	10	100.0	0.0
2026-07-09T15:34:57.040	441	918	617	1161	2975	2912	3392	3685	3973	517	27.08	1018.13	47.32	259204	AS7341	flash	5	100	999	10	100.0	0.0
2026-07-09T15:34:58.950	441	918	617	1161	2975	2912	3392	3685	3972	517	27.09	1018.14	47.32	258796	AS7341	flash	5	100	999	10	100.0	0.0
2026-07-09T15:35:00.973	441	918	617	1161	2975	2912	3392	3685	3972	517	27.08	1018.13	47.31	259204	AS7341	flash	5	100	999	10	100.0	0.0
2026-07-09T15:35:02.988	441	918	617	1161	2976	2912	3393	3686	3973	517	27.08	1018.16	47.31	256979	AS7341	flash	5	100	999	10	100.0	0.0
2026-07-09T15:35:05.004	441	918	617	1161	2976	2912	3392	3685	3973	517	27.08	1018.13	47.31	257985	AS7341	flash	5	100	999	10	100.0	0.0
2026-07-09T15:35:07.017	441	918	617	1161	2976	2912	3392	3685	3973	517	27.07	1018.14	47.3	259000	AS7341	flash	5	100	999	10	100.0	0.0
2026-07-09T15:35:09.031	441	918	617	1161	2975	2912	3392	3685	3972	517	27.07	1018.14	47.31	257985	AS7341	flash	5	100	999	10	100.0	0.0
2026-07-09T15:35:11.047	441	918	617	1161	2976	2913	3393	3685	3973	517	27.08	1018.16	47.31	257582	AS7341	flash	5	100	999	10	100.0	0.0
2026-07-09T15:35:12.950	441	918	617	1161	2976	2913	3393	3686	3973	517	27.07	1018.12	47.31	260228	AS7341	flash	5	100	999	10	100.0	0.0
2026-07-09T15:35:14.960	441	918	617	1161	2976	2912	3392	3685	3973	517	27.07	1018.12	47.31	259612	AS7341	flash	5	100	999	10	100.0	0.0
2026-07-09T15:35:16.971	441	918	617	1161	2977	2913	3393	3686	3974	517	27.06	1018.13	47.3	259000	AS7341	flash	5	100	999	10	100.0	0.0
2026-07-09T15:35:18.985	441	918	617	1161	2976	2913	3393	3686	3974	518	27.06	1018.17	47.29	258188	AS7341	flash	5	100	999	10	100.0	0.0
2026-07-09T15:35:21.001	441	918	617	1161	2977	2914	3394	3686	3974	518	27.06	1018.18	47.3	257985	AS7341	flash	5	100	999	10	100.0	0.0
2026-07-09T15:35:23.019	441	918	617	1161	2977	2914	3394	3687	3974	517	27.06	1018.15	47.3	257985	AS7341	flash	5	100	999	10	100.0	0.0
2026-07-09T15:35:25.040	441	918	617	1162	2977	2914	3394	3687	3975	518	27.05	1018.16	47.29	257783	AS7341	flash	5	100	999	10	100.0	0.0
2026-07-09T15:35:26.953	441	918	616	1161	2976	2913	3393	3686	3973	517	27.07	1018.14	47.29	260228	AS7341	flash	5	100	999	10	100.0	0.0
2026-07-09T15:35:28.972	441	918	617	1161	2978	2914	3395	3687	3975	517	27.06	1018.13	47.28	260022	AS7341	flash	5	100	999	10	100.0	0.0
2026-07-09T15:35:30.985	441	918	617	1161	2977	2914	3394	3687	3974	518	27.05	1018.14	47.27	258796	AS7341	flash	5	100	999	10	100.0	0.0
2026-07-09T15:35:33.007	441	918	617	1162	2977	2914	3394	3686	3975	518	27.06	1018.17	47.29	258796	AS7341	flash	5	100	999	10	100.0	0.0
2026-07-09T15:35:35.021	441	918	617	1161	2977	2914	3394	3687	3975	518	27.05	1018.13	47.28	260433	AS7341	flash	5	100	999	10	100.0	0.0
2026-07-09T15:35:37.038	441	918	617	1162	2978	2915	3395	3687	3974	517	27.05	1018.13	47.27	259408	AS7341	flash	5	100	999	10	100.0	0.0
2026-07-09T15:35:38.954	441	918	617	1161	2978	2915	3395	3688	3975	518	27.05	1018.13	47.27	258796	AS7341	flash	5	100	999	10	100.0	0.0
2026-07-09T15:35:40.976	441	918	617	1162	2978	2915	3395	3688	3976	518	27.04	1018.14	47.27	259204	AS7341	flash	5	100	999	10	100.0	0.0
2026-07-09T15:35:42.989	441	918	617	1162	2978	2915	3395	3687	3975	518	27.05	1018.15	47.26	259612	AS7341	flash	5	100	999	10	100.0	0.0
2026-07-09T15:35:45.004	441	918	617	1162	2978	2915	3395	3687	3975	518	27.04	1018.14	47.27	260022	AS7341	flash	5	100	999	10	100.0	0.0
2026-07-09T15:35:47.017	442	919	617	1162	2980	2917	3397	3689	3977	518	27.04	1018.11	47.27	259612	AS7341	flash	5	100	999	10	100.0	0.0
2026-07-09T15:35:49.036	442	918	617	1162	2980	2917	3397	3689	3977	518	27.03	1018.14	47.27	258593	AS7341	flash	5	100	999	10	100.0	0.0
2026-07-09T15:35:50.943	442	918	617	1162	2977	2915	3395	3687	3975	518	27.04	1018.11	47.27	259000	AS7341	flash	5	100	999	10	100.0	0.0
2026-07-09T15:35:52.955	442	918	617	1162	2979	2916	3396	3688	3976	518	27.03	1018.13	47.26	259204	AS7341	flash	5	100	999	10	100.0	0.0
2026-07-09T15:35:54.969	441	918	617	1161	2978	2915	3395	3687	3975	518	27.03	1018.15	47.27	258796	AS7341	flash	5	100	999	10	100.0	0.0
2026-07-09T15:35:56.982	441	918	617	1162	2979	2916	3396	3688	3976	518	27.02	1018.13	47.26	258796	AS7341	flash	5	100	999	10	100.0	0.0
2026-07-09T15:35:59.002	442	918	617	1162	2979	2916	3396	3688	3976	518	27.02	1018.13	47.26	260433	AS7341	flash	5	100	999	10	100.0	0.0
2026-07-09T15:36:01.021	442	918	617	1162	2979	2916	3397	3688	3976	518	27.02	1018.15	47.27	260433	AS7341	flash	5	100	999	10	100.0	0.0
2026-07-09T15:36:03.034	442	918	617	1162	2979	2916	3397	3688	3977	518	27.02	1018.13	47.25	259204	AS7341	flash	5	100	999	10	100.0	0.0
2026-07-09T15:36:05.050	442	918	617	1162	2979	2916	3396	3688	3976	518	27.02	1018.11	47.25	260228	AS7341	flash	5	100	999	10	100.0	0.0
2026-07-09T15:36:06.957	441	918	617	1162	2978	2915	3395	3687	3975	518	27.03	1018.17	47.25	261053	AS7341	flash	5	100	999	10	100.0	0.0
2026-07-09T15:36:08.980	441	918	617	1162	2979	2917	3397	3688	3977	518	27.01	1018.13	47.23	259817	AS7341	flash	5	100	999	10	100.0	0.0
2026-07-09T15:36:11.002	441	918	617	1162	2979	2916	3396	3687	3975	518	27.02	1018.14	47.25	260846	AS7341	flash	5	100	999	10	100.0	0.0
2026-07-09T15:36:13.014	441	918	617	1162	2979	2916	3396	3688	3976	518	27.0	1018.15	47.24	258796	AS7341	flash	5	100	999	10	100.0	0.0
2026-07-09T15:36:15.030	442	918	617	1162	2980	2917	3397	3689	3977	518	27.02	1018.17	47.23	259408	AS7341	flash	5	100	999	10	100.0	0.0
2026-07-09T15:36:17.047	442	918	617	1162	2979	2916	3395	3687	3976	518	27.01	1018.12	47.25	260433	AS7341	flash	5	100	999	10	100.0	0.0
2026-07-09T15:36:18.949	441	918	617	1162	2979	2916	3396	3688	3976	518	27.02	1018.1	47.21	259612	AS7341	flash	5	100	999	10	100.0	0.0
2026-07-09T15:36:20.975	441	918	617	1162	2980	2917	3397	3689	3977	518	27.01	1018.14	47.21	259612	AS7341	flash	5	100	999	10	100.0	0.0
2026-07-09T15:36:22.984	442	918	617	1162	2980	2917	3397	3689	3978	518	27.01	1018.1	47.23	259204	AS7341	flash	5	100	999	10	100.0	0.0
2026-07-09T15:36:24.997	441	918	617	1162	2981	2918	3398	3689	3978	518	27.01	1018.13	47.23	259612	AS7341	flash	5	100	999	10	100.0	0.0
2026-07-09T15:36:27.021	442	918	617	1162	2981	2918	3398	3690	3978	518	27.01	1018.1	47.21	258188	AS7341	flash	5	100	999	10	100.0	0.0
2026-07-09T15:36:29.036	442	918	617	1162	2980	2917	3397	3689	3977	518	27.0	1018.13	47.23	259204	AS7341	flash	5	100	999	10	100.0	0.0
2026-07-09T15:36:30.948	442	918	617	1162	2980	2916	3397	3687	3976	518	27.02	1018.13	47.24	261053	AS7341	flash	5	100	999	10	100.0	0.0
2026-07-09T15:36:32.966	442	918	617	1162	2980	2917	3397	3688	3977	518	27.0	1018.1	47.19	259612	AS7341	flash	5	100	999	10	100.0	0.0
2026-07-09T15:36:34.984	442	918	617	1163	2981	2919	3399	3690	3979	518	27.0	1018.13	47.21	260639	AS7341	flash	5	100	999	10	100.0	0.0
2026-07-09T15:36:36.999	442	918	617	1163	2981	2918	3398	3689	3978	518	26.99	1018.09	47.2	260433	AS7341	flash	5	100	999	10	100.0	0.0
2026-07-09T15:36:39.018	442	918	617	1162	2980	2918	3398	3689	3977	518	26.99	1018.1	47.21	259204	AS7341	flash	5	100	999	10	100.0	0.0
2026-07-09T15:36:41.042	442	918	617	1163	2981	2918	3399	3690	3979	518	26.99	1018.12	47.2	260228	AS7341	flash	5	100	999	10	100.0	0.0
2026-07-09T15:36:43.056	442	918	617	1163	2982	2919	3400	3691	3979	518	26.99	1018.12	47.2	259204	AS7341	flash	5	100	999	10	100.0	0.0
2026-07-09T15:36:44.965	442	918	617	1162	2981	2918	3398	3689	3978	518	27.0	1018.13	47.19	260639	AS7341	flash	5	100	999	10	100.0	0.0
2026-07-09T15:36:46.983	442	918	617	1163	2982	2919	3399	3690	3979	518	26.99	1018.11	47.2	259408	AS7341	flash	5	100	999	10	100.0	0.0
2026-07-09T15:36:48.997	442	918	617	1163	2981	2919	3399	3690	3978	518	26.99	1018.1	47.2	259204	AS7341	flash	5	100	999	10	100.0	0.0
2026-07-09T15:36:51.015	442	918	617	1163	2982	2919	3399	3690	3979	518	27.0	1018.13	47.19	260433	AS7341	flash	5	100	999	10	100.0	0.0
2026-07-09T15:36:53.029	442	918	617	1163	2982	2919	3399	3690	3979	518	27.0	1018.15	47.19	259817	AS7341	flash	5	100	999	10	100.0	0.0
2026-07-09T15:36:55.044	442	918	617	1163	2982	2919	3399	3690	3979	518	26.99	1018.1	47.19	259204	AS7341	flash	5	100	999	10	100.0	0.0
2026-07-09T15:36:57.066	442	918	617	1163	2983	2920	3400	3691	3980	518	26.99	1018.1	47.18	260846	AS7341	flash	5	100	999	10	100.0	0.0
2026-07-09T15:36:58.976	442	918	617	1163	2982	2920	3400	3690	3980	518	27.0	1018.09	47.18	261260	AS7341	flash	5	100	999	10	100.0	0.0
2026-07-09T15:37:00.987	442	918	617	1163	2982	2919	3399	3690	3979	518	26.98	1018.13	47.17	260228	AS7341	flash	5	100	999	10	100.0	0.0
2026-07-09T15:37:03.006	442	918	617	1163	2982	2920	3400	3690	3979	518	26.98	1018.07	47.16	260433	AS7341	flash	5	100	999	10	100.0	0.0
2026-07-09T15:37:05.023	442	918	617	1163	2984	2921	3402	3692	3982	518	26.98	1018.1	47.15	260228	AS7341	flash	5	100	999	10	100.0	0.0
2026-07-09T15:37:07.043	442	918	617	1163	2982	2920	3400	3690	3980	518	26.98	1018.13	47.15	259408	AS7341	flash	5	100	999	10	100.0	0.0
2026-07-09T15:37:09.054	442	918	617	1163	2984	2921	3401	3692	3981	518	26.98	1018.11	47.15	259612	AS7341	flash	5	100	999	10	100.0	0.0
2026-07-09T15:37:11.067	442	918	617	1163	2983	2920	3400	3691	3980	518	26.98	1018.13	47.15	259408	AS7341	flash	5	100	999	10	100.0	0.0
2026-07-09T15:37:12.981	442	918	617	1163	2982	2919	3399	3689	3978	518	26.98	1018.1	47.14	262509	AS7341	flash	5	100	999	10	100.0	0.0
2026-07-09T15:37:15.001	442	918	617	1163	2983	2920	3400	3690	3980	518	26.97	1018.07	47.13	260433	AS7341	flash	5	100	999	10	100.0	0.0
2026-07-09T15:37:17.013	442	918	617	1163	2983	2920	3400	3690	3980	518	26.97	1018.08	47.15	259612	AS7341	flash	5	100	999	10	100.0	0.0
2026-07-09T15:37:19.033	442	918	617	1163	2983	2920	3400	3691	3980	518	26.97	1018.09	47.14	261053	AS7341	flash	5	100	999	10	100.0	0.0
2026-07-09T15:37:21.052	442	918	617	1163	2983	2921	3401	3691	3980	518	26.97	1018.1	47.13	260846	AS7341	flash	5	100	999	10	100.0	0.0
2026-07-09T15:37:23.070	442	918	617	1163	2984	2922	3402	3692	3982	518	26.96	1018.09	47.15	259817	AS7341	flash	5	100	999	10	100.0	0.0
2026-07-09T15:37:24.976	442	918	617	1163	2983	2921	3401	3691	3980	518	26.98	1018.13	47.15	261053	AS7341	flash	5	100	999	10	100.0	0.0
2026-07-09T15:37:26.999	442	918	617	1163	2984	2922	3402	3692	3981	518	26.96	1018.08	47.13	260228	AS7341	flash	5	100	999	10	100.0	0.0
2026-07-09T15:37:29.013	442	918	617	1163	2984	2921	3401	3691	3981	518	26.96	1018.09	47.14	261675	AS7341	flash	5	100	999	10	100.0	0.0
2026-07-09T15:37:31.032	442	918	617	1164	2984	2922	3402	3692	3982	518	26.96	1018.1	47.14	260433	AS7341	flash	5	100	999	10	100.0	0.0
2026-07-09T15:37:33.052	442	918	617	1163	2985	2922	3402	3692	3982	518	26.96	1018.12	47.13	259612	AS7341	flash	5	100	999	10	100.0	0.0
2026-07-09T15:37:35.068	442	918	617	1164	2985	2922	3402	3692	3981	518	26.96	1018.11	47.13	260433	AS7341	flash	5	100	999	10	100.0	0.0
2026-07-09T15:37:36.975	442	918	617	1163	2984	2922	3401	3691	3981	518	26.96	1018.09	47.13	261467	AS7341	flash	5	100	999	10	100.0	0.0
2026-07-09T15:37:38.986	442	918	617	1163	2985	2922	3403	3692	3982	518	26.95	1018.1	47.13	260433	AS7341	flash	5	100	999	10	100.0	0.0
2026-07-09T15:37:41.007	442	918	617	1163	2985	2923	3403	3692	3982	518	26.95	1018.11	47.14	259612	AS7341	flash	5	100	999	10	100.0	0.0
2026-07-09T15:37:43.017	442	918	617	1163	2985	2922	3402	3692	3982	518	26.95	1018.11	47.12	260639	AS7341	flash	5	100	999	10	100.0	0.0
2026-07-09T15:37:45.027	442	918	617	1164	2985	2923	3403	3693	3982	518	26.96	1018.11	47.11	260433	AS7341	flash	5	100	999	10	100.0	0.0
2026-07-09T15:37:47.048	442	918	617	1163	2985	2922	3402	3692	3982	518	26.95	1018.08	47.11	260846	AS7341	flash	5	100	999	10	100.0	0.0
2026-07-09T15:37:49.063	442	918	617	1164	2986	2923	3403	3693	3983	518	26.95	1018.12	47.11	261467	AS7341	flash	5	100	999	10	100.0	0.0
2026-07-09T15:37:51.079	442	918	617	1164	2985	2923	3403	3692	3982	518	26.95	1018.08	47.12	260228	AS7341	flash	5	100	999	10	100.0	0.0
2026-07-09T15:37:52.987	442	917	617	1163	2985	2923	3403	3692	3982	518	26.96	1018.07	47.09	261675	AS7341	flash	5	100	999	10	100.0	0.0
2026-07-09T15:37:55.003	442	918	617	1164	2985	2923	3403	3692	3982	518	26.95	1018.09	47.09	261467	AS7341	flash	5	100	999	10	100.0	0.0
2026-07-09T15:37:57.019	442	917	617	1164	2985	2923	3403	3692	3982	518	26.94	1018.08	47.1	260846	AS7341	flash	5	100	999	10	100.0	0.0
2026-07-09T15:37:59.036	442	918	617	1164	2986	2923	3404	3692	3983	518	26.95	1018.11	47.09	260433	AS7341	flash	5	100	999	10	100.0	0.0
2026-07-09T15:38:01.055	442	918	617	1164	2986	2924	3404	3693	3983	518	26.95	1018.08	47.09	260022	AS7341	flash	5	100	999	10	100.0	0.0
2026-07-09T15:38:02.972	442	918	617	1164	2986	2924	3403	3693	3983	518	26.95	1018.09	47.09	261260	AS7341	flash	5	100	999	10	100.0	0.0
2026-07-09T15:38:04.998	442	918	617	1164	2986	2924	3404	3692	3982	518	26.95	1018.12	47.07	259204	AS7341	flash	5	100	999	10	100.0	0.0
2026-07-09T15:38:07.019	442	918	617	1164	2987	2924	3404	3693	3984	518	26.95	1018.12	47.09	261260	AS7341	flash	5	100	999	10	100.0	0.0
2026-07-09T15:38:09.035	442	918	617	1164	2987	2924	3404	3693	3984	519	26.95	1018.11	47.07	260433	AS7341	flash	5	100	999	10	100.0	0.0
2026-07-09T15:38:11.049	442	918	617	1164	2987	2924	3404	3693	3984	518	26.95	1018.1	47.07	260433	AS7341	flash	5	100	999	10	100.0	0.0
2026-07-09T15:38:13.071	442	918	617	1164	2987	2925	3405	3694	3984	518	26.94	1018.09	47.07	259408	AS7341	flash	5	100	999	10	100.0	0.0
2026-07-09T15:38:15.092	442	918	617	1164	2987	2925	3405	3693	3984	518	26.94	1018.07	47.07	260433	AS7341	flash	5	100	999	10	100.0	0.0
2026-07-09T15:38:16.998	442	918	617	1164	2987	2925	3404	3693	3984	519	26.95	1018.09	47.06	261883	AS7341	flash	5	100	999	10	100.0	0.0
2026-07-09T15:38:19.010	442	918	617	1164	2988	2925	3406	3694	3985	519	26.94	1018.11	47.05	260846	AS7341	flash	5	100	999	10	100.0	0.0
2026-07-09T15:38:21.019	442	918	617	1164	2988	2926	3406	3694	3985	519	26.94	1018.12	47.04	260846	AS7341	flash	5	100	999	10	100.0	0.0
2026-07-09T15:38:23.029	442	918	617	1164	2988	2926	3405	3694	3985	519	26.95	1018.08	47.06	260639	AS7341	flash	5	100	999	10	100.0	0.0
2026-07-09T15:38:25.047	442	918	617	1165	2988	2926	3406	3694	3985	519	26.94	1018.09	47.04	260846	AS7341	flash	5	100	999	10	100.0	0.0
2026-07-09T15:38:27.068	442	918	617	1165	2988	2926	3407	3695	3986	519	26.94	1018.06	47.03	260846	AS7341	flash	5	100	999	10	100.0	0.0
2026-07-09T15:38:29.088	442	918	617	1165	2987	2925	3405	3693	3984	518	26.93	1018.08	47.03	260433	AS7341	flash	5	100	999	10	100.0	0.0
2026-07-09T15:38:31.104	442	917	617	1164	2988	2925	3406	3694	3985	518	26.93	1018.07	47.03	260846	AS7341	flash	5	100	999	10	100.0	0.0
2026-07-09T15:38:33.009	442	917	617	1164	2987	2925	3404	3693	3984	518	26.95	1018.11	47.03	262300	AS7341	flash	5	100	999	10	100.0	0.0
2026-07-09T15:38:35.020	442	918	617	1165	2988	2925	3405	3694	3985	518	26.94	1018.04	47.02	261883	AS7341	flash	5	100	999	10	100.0	0.0
2026-07-09T15:38:37.035	442	917	617	1164	2988	2925	3405	3693	3985	519	26.93	1018.06	47.0	261467	AS7341	flash	5	100	999	10	100.0	0.0
2026-07-09T15:38:39.047	442	917	617	1164	2988	2926	3406	3694	3985	519	26.94	1018.08	47.0	261467	AS7341	flash	5	100	999	10	100.0	0.0
2026-07-09T15:38:41.064	442	917	617	1164	2988	2926	3406	3694	3985	519	26.94	1018.07	47.0	261053	AS7341	flash	5	100	999	10	100.0	0.0
2026-07-09T15:38:43.079	442	917	617	1164	2988	2926	3406	3694	3985	519	26.93	1018.07	47.0	261883	AS7341	flash	5	100	999	10	100.0	0.0
2026-07-09T15:38:45.095	442	918	617	1165	2989	2927	3407	3694	3986	519	26.92	1018.03	47.0	261053	AS7341	flash	5	100	999	10	100.0	0.0
2026-07-09T15:38:47.004	442	917	617	1165	2988	2925	3405	3693	3984	518	26.94	1018.08	46.98	262091	AS7341	flash	5	100	999	10	100.0	0.0
2026-07-09T15:38:49.030	442	917	617	1165	2989	2927	3407	3694	3986	519	26.93	1018.07	46.98	261260	AS7341	flash	5	100	999	10	100.0	0.0
2026-07-09T15:38:51.043	442	918	617	1165	2990	2927	3407	3695	3987	519	26.92	1018.09	46.97	262719	AS7341	flash	5	100	999	10	100.0	0.0
2026-07-09T15:38:53.058	442	918	617	1165	2989	2927	3407	3695	3987	519	26.92	1018.07	46.98	260433	AS7341	flash	5	100	999	10	100.0	0.0
2026-07-09T15:38:55.078	442	917	617	1165	2990	2928	3408	3696	3988	519	26.93	1018.09	46.97	260639	AS7341	flash	5	100	999	10	100.0	0.0
2026-07-09T15:38:57.096	442	917	617	1165	2990	2928	3408	3695	3987	519	26.93	1018.07	46.97	261883	AS7341	flash	5	100	999	10	100.0	0.0
2026-07-09T15:38:59.113	442	917	617	1165	2990	2927	3407	3695	3987	519	26.92	1018.07	46.98	262091	AS7341	flash	5	100	999	10	100.0	0.0
2026-07-09T15:39:01.018	442	917	617	1165	2989	2927	3407	3694	3986	519	26.93	1018.08	46.97	261675	AS7341	flash	5	100	999	10	100.0	0.0
2026-07-09T15:39:03.038	442	918	617	1165	2990	2928	3408	3696	3988	519	26.93	1018.07	46.96	262300	AS7341	flash	5	100	999	10	100.0	0.0
2026-07-09T15:39:05.051	442	917	617	1165	2990	2928	3407	3695	3987	519	26.92	1018.04	46.96	262300	AS7341	flash	5	100	999	10	100.0	0.0
2026-07-09T15:39:07.062	442	917	617	1165	2990	2928	3408	3695	3987	519	26.93	1018.05	46.96	261260	AS7341	flash	5	100	999	10	100.0	0.0
2026-07-09T15:39:09.083	442	917	617	1165	2990	2928	3408	3695	3987	519	26.92	1018.09	46.95	260846	AS7341	flash	5	100	999	10	100.0	0.0
2026-07-09T15:39:11.101	442	917	617	1165	2990	2928	3408	3695	3988	519	26.92	1018.05	46.96	261260	AS7341	flash	5	100	999	10	100.0	0.0
2026-07-09T15:39:13.114	442	917	617	1165	2990	2928	3408	3695	3987	519	26.92	1018.07	46.95	260846	AS7341	flash	5	100	999	10	100.0	0.0
2026-07-09T15:39:15.024	442	917	617	1165	2990	2928	3407	3695	3987	519	26.93	1018.08	46.95	261675	AS7341	flash	5	100	999	10	100.0	0.0
2026-07-09T15:39:17.041	442	917	617	1165	2990	2928	3408	3695	3987	519	26.93	1018.08	46.95	262509	AS7341	flash	5	100	999	10	100.0	0.0
2026-07-09T15:39:19.055	442	917	617	1165	2990	2928	3408	3695	3987	519	26.92	1018.04	46.93	261675	AS7341	flash	5	100	999	10	100.0	0.0
2026-07-09T15:39:21.072	442	917	617	1165	2991	2929	3408	3696	3988	519	26.91	1018.04	46.93	264194	AS7341	flash	5	100	999	10	100.0	0.0
2026-07-09T15:39:23.093	442	917	617	1165	2992	2929	3410	3697	3989	519	26.92	1018.06	46.93	261467	AS7341	flash	5	100	999	10	100.0	0.0
2026-07-09T15:39:25.113	442	917	617	1165	2991	2929	3409	3696	3988	519	26.92	1018.06	46.93	261467	AS7341	flash	5	100	999	10	100.0	0.0
2026-07-09T15:39:27.125	442	917	617	1166	2991	2929	3409	3696	3989	519	26.92	1018.09	46.92	260846	AS7341	flash	5	100	999	10	100.0	0.0
2026-07-09T15:39:29.034	442	917	617	1166	2991	2930	3409	3696	3988	519	26.93	1018.06	46.92	261675	AS7341	flash	5	100	999	10	100.0	0.0
2026-07-09T15:39:31.052	442	917	617	1166	2992	2930	3410	3697	3989	519	26.92	1018.05	46.92	262719	AS7341	flash	5	100	999	10	100.0	0.0
2026-07-09T15:39:33.067	442	917	617	1165	2991	2930	3409	3696	3989	519	26.92	1018.04	46.91	261883	AS7341	flash	5	100	999	10	100.0	0.0
2026-07-09T15:39:35.083	442	917	617	1166	2992	2930	3409	3696	3989	519	26.92	1018.06	46.91	263349	AS7341	flash	5	100	999	10	100.0	0.0
2026-07-09T15:39:37.095	442	917	617	1166	2992	2930	3409	3696	3989	519	26.92	1018.04	46.9	262300	AS7341	flash	5	100	999	10	100.0	0.0
2026-07-09T15:39:39.106	442	917	617	1165	2992	2930	3410	3696	3989	519	26.91	1018.02	46.9	261675	AS7341	flash	5	100	999	10	100.0	0.0
2026-07-09T15:39:41.017	442	917	617	1166	2992	2930	3410	3696	3990	519	26.92	1018.07	46.9	261675	AS7341	flash	5	100	999	10	100.0	0.0
2026-07-09T15:39:43.032	442	917	617	1166	2992	2930	3410	3697	3990	519	26.92	1018.06	46.87	261467	AS7341	flash	5	100	999	10	100.0	0.0
2026-07-09T15:39:45.049	442	917	617	1166	2993	2931	3411	3697	3990	519	26.91	1018.02	46.89	262091	AS7341	flash	5	100	999	10	100.0	0.0
2026-07-09T15:39:47.061	442	917	617	1165	2991	2930	3409	3696	3988	519	26.92	1018.04	46.88	262091	AS7341	flash	5	100	999	10	100.0	0.0
2026-07-09T15:39:49.082	442	917	617	1166	2992	2931	3410	3696	3989	519	26.91	1018.02	46.87	260846	AS7341	flash	5	100	999	10	100.0	0.0
2026-07-09T15:39:51.104	442	917	617	1166	2993	2931	3410	3697	3990	519	26.91	1018.04	46.88	261675	AS7341	flash	5	100	999	10	100.0	0.0
2026-07-09T15:39:53.125	442	917	617	1166	2993	2931	3411	3697	3991	519	26.91	1018.01	46.88	261260	AS7341	flash	5	100	999	10	100.0	0.0
2026-07-09T15:39:55.028	442	917	617	1166	2993	2931	3411	3697	3990	519	26.92	1018.01	46.87	262928	AS7341	flash	5	100	999	10	100.0	0.0
2026-07-09T15:39:57.049	442	917	617	1166	2993	2931	3411	3697	3990	519	26.92	1018.02	46.85	262091	AS7341	flash	5	100	999	10	100.0	0.0
2026-07-09T15:39:59.065	442	917	617	1166	2994	2932	3411	3697	3991	519	26.91	1018.02	46.86	261467	AS7341	flash	5	100	999	10	100.0	0.0
2026-07-09T15:40:01.093	442	917	617	1166	2993	2932	3411	3698	3991	519	26.91	1018.02	46.85	261260	AS7341	flash	5	100	999	10	100.0	0.0
2026-07-09T15:40:03.107	442	917	617	1166	2992	2931	3410	3696	3989	519	26.91	1018.0	46.86	262928	AS7341	flash	5	100	999	10	100.0	0.0
2026-07-09T15:40:05.118	442	917	617	1166	2994	2932	3411	3698	3991	519	26.91	1018.0	46.85	260846	AS7341	flash	5	100	999	10	100.0	0.0
2026-07-09T15:40:07.029	442	917	617	1166	2992	2930	3410	3695	3989	519	26.91	1017.99	46.84	263349	AS7341	flash	5	100	999	10	100.0	0.0
2026-07-09T15:40:09.052	442	917	617	1166	2994	2932	3411	3697	3991	519	26.91	1018.05	46.84	263349	AS7341	flash	5	100	999	10	100.0	0.0
2026-07-09T15:40:11.073	443	917	617	1166	2994	2933	3412	3698	3991	519	26.91	1018.02	46.84	261467	AS7341	flash	5	100	999	10	100.0	0.0
2026-07-09T15:40:13.091	442	917	617	1166	2994	2932	3412	3697	3991	519	26.9	1018.0	46.84	262928	AS7341	flash	5	100	999	10	100.0	0.0
2026-07-09T15:40:15.106	442	917	617	1166	2993	2932	3411	3697	3990	519	26.91	1018.05	46.83	262509	AS7341	flash	5	100	999	10	100.0	0.0
2026-07-09T15:40:17.118	442	917	617	1166	2994	2932	3412	3697	3991	519	26.9	1018.01	46.82	261675	AS7341	flash	5	100	999	10	100.0	0.0
2026-07-09T15:40:19.025	442	917	617	1166	2994	2933	3412	3697	3992	519	26.91	1018.01	46.81	262509	AS7341	flash	5	100	999	10	100.0	0.0
2026-07-09T15:40:21.043	443	917	617	1166	2995	2933	3412	3698	3991	519	26.91	1018.03	46.81	262091	AS7341	flash	5	100	999	10	100.0	0.0
2026-07-09T15:40:23.059	442	917	617	1166	2994	2932	3412	3697	3991	519	26.91	1018.03	46.81	262509	AS7341	flash	5	100	999	10	100.0	0.0
2026-07-09T15:40:25.070	442	917	617	1166	2994	2933	3412	3697	3991	519	26.91	1018.01	46.81	261883	AS7341	flash	5	100	999	10	100.0	0.0
2026-07-09T15:40:27.088	442	917	617	1167	2995	2933	3412	3697	3991	519	26.91	1018.03	46.81	262509	AS7341	flash	5	100	999	10	100.0	0.0
2026-07-09T15:40:29.102	443	917	617	1167	2995	2934	3413	3699	3993	519	26.9	1018.01	46.79	263349	AS7341	flash	5	100	999	10	100.0	0.0
2026-07-09T15:40:31.121	443	918	617	1167	2995	2934	3413	3698	3993	519	26.9	1018.01	46.8	262928	AS7341	flash	5	100	999	10	100.0	0.0
2026-07-09T15:40:33.030	442	917	617	1166	2994	2932	3411	3696	3990	519	26.91	1018.0	46.78	262300	AS7341	flash	5	100	999	10	100.0	0.0
2026-07-09T15:40:35.044	442	917	617	1166	2995	2933	3412	3698	3992	519	26.91	1018.02	46.77	262091	AS7341	flash	5	100	999	10	100.0	0.0
2026-07-09T15:40:37.070	442	917	617	1167	2995	2933	3413	3698	3992	519	26.9	1018.01	46.78	261675	AS7341	flash	5	100	999	10	100.0	0.0
2026-07-09T15:40:39.086	442	917	617	1166	2995	2933	3412	3697	3991	519	26.9	1017.98	46.78	262928	AS7341	flash	5	100	999	10	100.0	0.0
2026-07-09T15:40:41.105	443	917	617	1167	2996	2934	3414	3698	3993	519	26.9	1017.98	46.77	262091	AS7341	flash	5	100	999	10	100.0	0.0
2026-07-09T15:40:43.122	443	917	617	1167	2996	2934	3414	3699	3993	519	26.91	1018.01	46.78	262509	AS7341	flash	5	100	999	10	100.0	0.0
2026-07-09T15:40:45.031	442	917	617	1167	2995	2934	3412	3697	3992	519	26.91	1018.05	46.76	263349	AS7341	flash	5	100	999	10	100.0	0.0
2026-07-09T15:40:47.046	442	917	617	1167	2996	2934	3413	3698	3992	519	26.9	1017.99	46.75	261675	AS7341	flash	5	100	999	10	100.0	0.0
2026-07-09T15:40:49.057	443	917	617	1167	2997	2935	3414	3699	3994	519	26.9	1018.01	46.76	262091	AS7341	flash	5	100	999	10	100.0	0.0
2026-07-09T15:40:51.074	443	917	617	1167	2997	2935	3414	3699	3994	519	26.9	1018.02	46.76	262300	AS7341	flash	5	100	999	10	100.0	0.0
2026-07-09T15:40:53.089	443	917	617	1167	2997	2935	3414	3699	3994	519	26.9	1018.04	46.75	262928	AS7341	flash	5	100	999	10	100.0	0.0
2026-07-09T15:40:55.110	443	917	617	1167	2996	2934	3414	3699	3993	519	26.9	1017.98	46.75	262719	AS7341	flash	5	100	999	10	100.0	0.0
2026-07-09T15:40:57.022	442	917	617	1166	2995	2934	3413	3698	3992	519	26.91	1018.0	46.74	262091	AS7341	flash	5	100	999	10	100.0	0.0
2026-07-09T15:40:59.045	443	917	617	1167	2996	2935	3414	3699	3994	519	26.9	1018.0	46.73	263771	AS7341	flash	5	100	999	10	100.0	0.0
2026-07-09T15:41:01.057	443	917	617	1167	2997	2936	3415	3700	3995	520	26.9	1018.01	46.73	262091	AS7341	flash	5	100	999	10	100.0	0.0
2026-07-09T15:41:03.074	442	917	617	1167	2996	2935	3414	3698	3993	519	26.9	1018.03	46.72	262509	AS7341	flash	5	100	999	10	100.0	0.0
2026-07-09T15:41:05.094	443	917	617	1167	2996	2935	3414	3699	3994	519	26.89	1018.03	46.71	263560	AS7341	flash	5	100	999	10	100.0	0.0
2026-07-09T15:41:07.107	443	917	617	1168	2998	2937	3416	3701	3996	520	26.9	1018.0	46.7	262091	AS7341	flash	5	100	999	10	100.0	0.0
2026-07-09T15:41:09.024	443	917	617	1167	2997	2936	3415	3699	3994	519	26.9	1018.02	46.7	263771	AS7341	flash	5	100	999	10	100.0	0.0
2026-07-09T15:41:11.042	443	917	617	1167	2997	2935	3414	3699	3994	519	26.9	1018.02	46.69	262300	AS7341	flash	5	100	999	10	100.0	0.0
2026-07-09T15:41:13.056	443	917	617	1167	2998	2936	3415	3699	3995	520	26.9	1018.0	46.69	262719	AS7341	flash	5	100	999	10	100.0	0.0
2026-07-09T15:41:15.069	443	917	617	1167	2997	2936	3415	3699	3994	519	26.9	1018.04	46.68	262928	AS7341	flash	5	100	999	10	100.0	0.0
2026-07-09T15:41:17.094	443	917	617	1167	2998	2936	3415	3700	3995	520	26.89	1018.04	46.68	262091	AS7341	flash	5	100	999	10	100.0	0.0
2026-07-09T15:41:19.014	443	917	617	1167	2997	2936	3415	3698	3994	519	26.9	1018.04	46.67	263349	AS7341	flash	5	100	999	10	100.0	0.0
2026-07-09T15:41:21.034	443	917	617	1168	2998	2937	3415	3699	3995	519	26.89	1017.99	46.66	263349	AS7341	flash	5	100	999	10	100.0	0.0
2026-07-09T15:41:23.055	443	917	617	1168	2999	2937	3416	3700	3996	520	26.89	1018.0	46.66	262300	AS7341	flash	5	100	999	10	100.0	0.0
2026-07-09T15:41:25.066	443	917	617	1168	2998	2937	3416	3700	3995	520	26.89	1017.98	46.66	263560	AS7341	flash	5	100	999	10	100.0	0.0
2026-07-09T15:41:27.086	443	917	617	1168	2999	2937	3416	3700	3996	519	26.89	1018.01	46.66	262300	AS7341	flash	5	100	999	10	100.0	0.0
2026-07-09T15:41:29.101	443	917	617	1167	2998	2937	3416	3700	3995	520	26.88	1017.99	46.66	262091	AS7341	flash	5	100	999	10	100.0	0.0
2026-07-09T15:41:31.124	443	917	617	1168	2999	2937	3416	3700	3996	520	26.88	1018.02	46.66	261883	AS7341	flash	5	100	999	10	100.0	0.0
2026-07-09T15:41:33.027	443	917	617	1167	2999	2938	3416	3700	3996	520	26.9	1018.02	46.66	263560	AS7341	flash	5	100	999	10	100.0	0.0
2026-07-09T15:41:35.037	443	917	617	1168	2999	2937	3416	3700	3996	520	26.9	1018.02	46.64	264406	AS7341	flash	5	100	999	10	100.0	0.0
2026-07-09T15:41:37.059	443	917	617	1168	2999	2938	3416	3700	3996	520	26.87	1018.02	46.64	263771	AS7341	flash	5	100	999	10	100.0	0.0
2026-07-09T15:41:39.076	443	917	617	1168	3000	2939	3418	3701	3997	520	26.88	1018.03	46.64	263349	AS7341	flash	5	100	999	10	100.0	0.0
2026-07-09T15:41:41.091	443	917	618	1168	3000	2939	3417	3701	3997	520	26.88	1018.0	46.63	262509	AS7341	flash	5	100	999	10	100.0	0.0
2026-07-09T15:41:43.104	443	917	617	1168	2999	2938	3417	3700	3996	520	26.88	1018.01	46.64	262928	AS7341	flash	5	100	999	10	100.0	0.0
2026-07-09T15:41:45.117	443	917	617	1168	3000	2938	3417	3700	3997	520	26.88	1018.02	46.64	262300	AS7341	flash	5	100	999	10	100.0	0.0
2026-07-09T15:41:47.032	443	917	617	1168	2999	2938	3417	3699	3996	520	26.89	1018.0	46.63	262928	AS7341	flash	5	100	999	10	100.0	0.0
2026-07-09T15:41:49.052	443	917	617	1168	3000	2939	3418	3701	3997	520	26.88	1018.03	46.63	262719	AS7341	flash	5	100	999	10	100.0	0.0
2026-07-09T15:41:51.067	443	917	617	1168	3000	2940	3418	3701	3998	520	26.88	1018.02	46.62	262509	AS7341	flash	5	100	999	10	100.0	0.0
2026-07-09T15:41:53.083	443	917	618	1168	3000	2938	3417	3701	3997	520	26.87	1017.99	46.63	264194	AS7341	flash	5	100	999	10	100.0	0.0
2026-07-09T15:41:55.112	443	917	617	1168	3000	2939	3418	3701	3997	520	26.87	1018.01	46.62	263771	AS7341	flash	5	100	999	10	100.0	0.0
2026-07-09T15:41:57.124	443	917	617	1168	3000	2939	3418	3701	3997	520	26.88	1018.0	46.63	262928	AS7341	flash	5	100	999	10	0.0	0.0
2026-07-09T15:41:59.030	443	917	617	1168	3001	2940	3419	3703	3999	520	26.89	1017.99	46.63	263349	AS7341	flash	5	100	999	10	0.0	0.0
2026-07-09T15:42:01.056	443	917	617	1168	3001	2940	3421	3706	4000	520	26.91	1017.97	46.78	262509	AS7341	flash	5	100	999	10	0.0	0.0
2026-07-09T15:42:03.076	443	916	617	1168	3001	2940	3423	3708	4001	520	26.92	1018.0	47.18	260846	AS7341	flash	5	100	999	10	0.0	0.0
2026-07-09T15:42:05.097	443	916	617	1168	3002	2942	3426	3712	4003	520	26.93	1018.01	47.75	258796	AS7341	flash	5	100	999	10	0.0	0.0
2026-07-09T15:42:07.120	443	916	617	1167	3000	2942	3427	3714	4003	520	26.94	1018.04	48.35	256778	AS7341	flash	5	100	999	10	0.0	0.0
2026-07-09T15:42:09.028	443	915	617	1167	2999	2941	3427	3715	4002	520	26.95	1018.03	48.91	256179	AS7341	flash	5	100	999	10	0.0	0.0
2026-07-09T15:42:11.047	443	916	617	1167	3000	2943	3430	3720	4006	521	26.95	1018.0	49.43	254202	AS7341	flash	5	100	999	10	0.0	0.0
2026-07-09T15:42:13.069	443	915	617	1167	3000	2942	3431	3721	4005	521	26.96	1018.01	49.91	252448	AS7341	flash	5	100	999	10	0.0	0.0
2026-07-09T15:42:15.090	443	915	617	1167	2999	2942	3431	3723	4005	521	26.96	1018.0	50.35	249579	AS7341	flash	5	100	999	10	0.0	0.0
2026-07-09T15:42:17.117	443	915	617	1166	2997	2939	3430	3723	4004	520	26.97	1018.01	50.77	249013	AS7341	flash	5	100	999	10	100.0	0.0
2026-07-09T15:42:19.028	443	915	617	1165	2995	2939	3429	3723	4003	520	26.97	1018.02	51.1	248262	AS7341	flash	5	100	999	10	100.0	0.0
2026-07-09T15:42:21.042	443	915	617	1165	2994	2936	3426	3720	4000	520	26.94	1018.02	51.03	249013	AS7341	flash	5	100	999	10	100.0	0.0
2026-07-09T15:42:23.066	443	916	617	1165	2993	2935	3423	3717	3998	520	26.92	1018.02	50.43	250528	AS7341	flash	5	100	999	10	100.0	0.0
2026-07-09T15:42:25.084	443	916	617	1165	2991	2932	3419	3711	3994	520	26.93	1018.02	49.76	251677	AS7341	flash	5	100	999	10	100.0	0.0
2026-07-09T15:42:27.104	443	917	617	1164	2990	2930	3416	3708	3992	519	26.92	1018.04	49.16	251677	AS7341	flash	5	100	999	10	100.0	0.0
2026-07-09T15:42:29.122	442	917	617	1164	2989	2929	3414	3705	3990	519	26.91	1017.98	48.68	254595	AS7341	flash	5	100	999	10	100.0	0.0
2026-07-09T15:42:31.033	442	917	617	1164	2989	2928	3412	3703	3989	519	26.93	1018.0	48.29	255187	AS7341	flash	5	100	999	10	100.0	0.0
2026-07-09T15:42:33.058	442	917	617	1164	2988	2927	3411	3701	3988	519	26.91	1018.04	47.96	254792	AS7341	flash	5	100	999	10	100.0	0.0
2026-07-09T15:42:35.079	442	918	617	1164	2988	2926	3409	3699	3987	519	26.91	1018.0	47.71	255980	AS7341	flash	5	100	999	10	100.0	0.0
2026-07-09T15:42:37.097	442	918	617	1164	2988	2926	3409	3698	3986	519	26.91	1018.01	47.52	256778	AS7341	flash	5	100	999	10	100.0	0.0
2026-07-09T15:42:39.110	442	918	617	1164	2989	2927	3409	3698	3987	519	26.91	1018.02	47.36	257582	AS7341	flash	5	100	999	10	100.0	0.0
2026-07-09T15:42:41.130	442	918	617	1164	2989	2927	3408	3697	3987	519	26.91	1018.03	47.24	258796	AS7341	flash	5	100	999	10	100.0	0.0
2026-07-09T15:42:43.049	442	918	617	1164	2987	2925	3407	3694	3985	519	26.92	1018.04	47.13	258796	AS7341	flash	5	100	999	10	100.0	0.0
2026-07-09T15:42:45.072	442	918	617	1164	2988	2926	3407	3694	3985	519	26.9	1018.01	47.04	260022	AS7341	flash	5	100	999	10	100.0	0.0
2026-07-09T15:42:47.088	442	918	617	1165	2989	2927	3407	3694	3986	519	26.91	1018.04	46.98	259000	AS7341	flash	5	100	999	10	100.0	0.0
2026-07-09T15:42:49.103	442	918	617	1165	2989	2927	3407	3694	3986	519	26.91	1018.01	46.91	259000	AS7341	flash	5	100	999	10	100.0	0.0
2026-07-09T15:42:51.124	442	918	617	1165	2990	2928	3408	3695	3987	519	26.9	1018.0	46.87	260022	AS7341	flash	5	100	999	10	100.0	0.0
2026-07-09T15:42:53.040	442	918	617	1165	2989	2928	3407	3694	3986	519	26.9	1018.0	46.84	260433	AS7341	flash	5	100	999	10	100.0	0.0
2026-07-09T15:42:55.051	442	918	617	1165	2990	2927	3407	3693	3987	519	26.9	1018.01	46.81	260022	AS7341	flash	5	100	999	10	100.0	0.0
2026-07-09T15:42:57.068	442	918	617	1166	2991	2929	3409	3695	3988	519	26.9	1018.02	46.77	260846	AS7341	flash	5	100	999	10	100.0	0.0
2026-07-09T15:42:59.083	442	918	617	1165	2991	2929	3408	3694	3988	519	26.9	1018.0	46.74	260228	AS7341	flash	5	100	999	10	100.0	0.0
2026-07-09T15:43:01.098	442	918	617	1166	2992	2930	3409	3694	3989	519	26.9	1018.0	46.73	260433	AS7341	flash	5	100	999	10	100.0	0.0
2026-07-09T15:43:03.116	442	918	617	1166	2993	2931	3410	3695	3989	519	26.89	1018.0	46.69	261260	AS7341	flash	5	100	999	10	100.0	0.0
2026-07-09T15:43:05.125	443	918	617	1166	2993	2932	3411	3695	3990	519	26.9	1018.04	46.68	261053	AS7341	flash	5	100	999	10	100.0	0.0
2026-07-09T15:43:07.035	442	918	617	1166	2992	2930	3409	3694	3989	519	26.9	1018.0	46.67	260846	AS7341	flash	5	100	999	10	100.0	0.0
2026-07-09T15:43:09.056	442	918	617	1166	2993	2931	3410	3694	3989	519	26.9	1018.03	46.65	262091	AS7341	flash	5	100	999	10	100.0	0.0
2026-07-09T15:43:11.070	443	918	618	1166	2994	2932	3411	3695	3990	519	26.89	1018.0	46.64	262091	AS7341	flash	5	100	999	10	100.0	0.0
2026-07-09T15:43:13.087	443	918	617	1167	2995	2932	3412	3695	3991	519	26.9	1017.98	46.63	261467	AS7341	flash	5	100	999	10	100.0	0.0
2026-07-09T15:43:15.103	442	918	618	1167	2995	2933	3412	3696	3991	519	26.89	1017.99	46.62	261675	AS7341	flash	5	100	999	10	100.0	0.0
2026-07-09T15:43:17.115	443	918	618	1167	2996	2934	3413	3696	3992	519	26.89	1017.98	46.6	261467	AS7341	flash	5	100	999	10	100.0	0.0
2026-07-09T15:43:19.129	443	918	617	1167	2995	2934	3412	3696	3992	519	26.89	1017.98	46.59	262928	AS7341	flash	5	100	999	10	100.0	0.0
2026-07-09T15:43:21.038	442	918	617	1167	2995	2934	3412	3696	3992	519	26.9	1018.02	46.58	263771	AS7341	flash	5	100	999	10	100.0	0.0
2026-07-09T15:43:23.064	443	918	618	1167	2997	2935	3414	3697	3993	519	26.89	1018.01	46.57	262509	AS7341	flash	5	100	999	10	100.0	0.0
2026-07-09T15:43:25.085	443	918	618	1167	2996	2935	3414	3697	3993	519	26.89	1018.02	46.58	262719	AS7341	flash	5	100	999	10	100.0	0.0
2026-07-09T15:43:27.112	443	918	618	1168	2997	2936	3415	3697	3994	519	26.88	1018.0	46.56	262509	AS7341	flash	5	100	999	10	100.0	0.0
2026-07-09T15:43:29.134	443	918	617	1167	2997	2936	3414	3697	3994	519	26.88	1018.01	46.56	262091	AS7341	flash	5	100	999	10	100.0	0.0
2026-07-09T15:43:31.053	443	918	617	1167	2997	2936	3414	3697	3993	519	26.89	1017.99	46.55	263349	AS7341	flash	5	100	999	10	100.0	0.0
2026-07-09T15:43:33.074	443	918	618	1168	2998	2937	3415	3698	3995	520	26.89	1018.01	46.54	261675	AS7341	flash	5	100	999	10	100.0	0.0
2026-07-09T15:43:35.093	443	918	618	1168	2998	2937	3415	3698	3995	520	26.88	1017.97	46.53	262300	AS7341	flash	5	100	999	10	100.0	0.0
2026-07-09T15:43:37.110	443	918	618	1168	2999	2938	3417	3699	3996	520	26.88	1017.99	46.54	262928	AS7341	flash	5	100	999	10	100.0	0.0
2026-07-09T15:43:39.137	443	918	618	1168	2999	2938	3417	3699	3996	520	26.89	1017.99	46.53	261675	AS7341	flash	5	100	999	10	100.0	0.0
2026-07-09T15:43:41.057	443	918	618	1168	2999	2937	3415	3698	3995	520	26.89	1017.99	46.53	263560	AS7341	flash	5	100	999	10	100.0	0.0
2026-07-09T15:43:43.076	443	918	618	1168	3001	2939	3418	3700	3998	520	26.88	1018.0	46.51	262509	AS7341	flash	5	100	999	10	100.0	0.0
2026-07-09T15:43:45.088	443	918	618	1168	3001	2940	3418	3700	3997	520	26.88	1018.0	46.51	262300	AS7341	flash	5	100	999	10	100.0	0.0
2026-07-09T15:43:47.107	443	918	618	1168	3000	2939	3417	3699	3997	520	26.88	1018.0	46.53	262719	AS7341	flash	5	100	999	10	100.0	0.0
2026-07-09T15:43:49.131	443	918	618	1169	3001	2939	3418	3699	3997	520	26.88	1017.98	46.51	263560	AS7341	flash	5	100	999	10	100.0	0.0
2026-07-09T15:43:51.041	443	917	618	1168	3000	2939	3417	3699	3997	520	26.89	1018.0	46.49	263771	AS7341	flash	5	100	999	10	100.0	0.0
2026-07-09T15:43:53.060	443	918	618	1169	3002	2940	3419	3700	3998	520	26.88	1018.0	46.49	263349	AS7341	flash	5	100	999	10	100.0	0.0
2026-07-09T15:43:55.070	443	918	618	1169	3001	2940	3419	3700	3998	520	26.88	1017.99	46.48	263560	AS7341	flash	5	100	999	10	100.0	0.0
2026-07-09T15:43:57.088	443	918	618	1169	3002	2941	3419	3701	3998	520	26.88	1017.98	46.48	262928	AS7341	flash	5	100	999	10	100.0	0.0
2026-07-09T15:43:59.109	443	918	618	1169	3002	2941	3420	3701	3999	520	26.88	1017.96	46.48	263560	AS7341	flash	5	100	999	10	100.0	0.0
2026-07-09T15:44:01.125	443	918	618	1169	3003	2942	3420	3702	4000	520	26.87	1017.96	46.49	263982	AS7341	flash	5	100	999	10	100.0	0.0
2026-07-09T15:44:03.141	443	918	618	1169	3003	2942	3420	3702	4000	520	26.88	1018.01	46.49	263138	AS7341	flash	5	100	999	10	100.0	0.0
2026-07-09T15:44:05.043	443	917	618	1169	3002	2941	3419	3701	3998	520	26.89	1017.97	46.47	263560	AS7341	flash	5	100	999	10	100.0	0.0
2026-07-09T15:44:07.066	443	918	618	1169	3003	2942	3420	3701	4000	520	26.88	1017.99	46.45	263349	AS7341	flash	5	100	999	10	100.0	0.0
2026-07-09T15:44:09.083	443	918	618	1169	3003	2942	3420	3701	4000	520	26.87	1017.95	46.46	263771	AS7341	flash	5	100	999	10	100.0	0.0
2026-07-09T15:44:11.100	443	918	618	1169	3004	2943	3422	3702	4002	520	26.88	1017.99	46.46	262719	AS7341	flash	5	100	999	10	100.0	0.0
2026-07-09T15:44:13.131	443	918	618	1169	3004	2943	3421	3702	4000	520	26.87	1017.98	46.46	264194	AS7341	flash	5	100	999	10	100.0	0.0
2026-07-09T15:44:15.048	443	917	618	1169	3004	2943	3421	3701	4000	520	26.88	1018.0	46.44	263349	AS7341	flash	5	100	999	10	100.0	0.0
2026-07-09T15:44:17.060	443	918	618	1170	3004	2943	3421	3702	4001	520	26.87	1017.97	46.44	263138	AS7341	flash	5	100	999	10	100.0	0.0
2026-07-09T15:44:19.070	443	918	618	1169	3004	2943	3421	3701	4001	520	26.87	1017.96	46.44	263138	AS7341	flash	5	100	999	10	100.0	0.0
2026-07-09T15:44:21.079	443	917	618	1169	3004	2943	3421	3701	4000	520	26.88	1017.98	46.44	264194	AS7341	flash	5	100	999	10	100.0	0.0
2026-07-09T15:44:23.106	443	917	618	1170	3006	2945	3423	3704	4003	520	26.87	1017.99	46.43	263138	AS7341	flash	5	100	999	10	100.0	0.0
2026-07-09T15:44:25.122	443	917	618	1170	3004	2943	3422	3702	4001	520	26.87	1018.01	46.43	264618	AS7341	flash	5	100	999	10	100.0	0.0
2026-07-09T15:44:27.041	443	917	618	1169	3004	2943	3422	3702	4001	520	26.88	1017.95	46.42	263982	AS7341	flash	5	100	999	10	100.0	0.0
2026-07-09T15:44:29.058	443	918	618	1170	3006	2945	3423	3703	4003	520	26.88	1017.98	46.43	263771	AS7341	flash	5	100	999	10	100.0	0.0
2026-07-09T15:44:31.078	443	918	618	1170	3006	2945	3423	3704	4003	520	26.88	1017.98	46.42	263560	AS7341	flash	5	100	999	10	100.0	0.0
2026-07-09T15:44:33.101	443	917	618	1170	3006	2945	3423	3704	4002	520	26.87	1017.96	46.43	263138	AS7341	flash	5	100	999	10	100.0	0.0
2026-07-09T15:44:35.131	443	918	618	1170	3007	2946	3424	3705	4004	521	26.87	1017.97	46.41	263982	AS7341	flash	5	100	999	10	100.0	0.0
2026-07-09T15:44:37.147	443	917	618	1170	3006	2944	3424	3704	4003	520	26.87	1017.97	46.41	263349	AS7341	flash	5	100	999	10	100.0	0.0
2026-07-09T15:44:39.063	443	917	618	1170	3005	2944	3422	3702	4002	520	26.87	1017.96	46.42	264194	AS7341	flash	5	100	999	10	100.0	0.0
2026-07-09T15:44:41.080	443	917	618	1170	3006	2945	3423	3703	4003	520	26.87	1017.97	46.39	263138	AS7341	flash	5	100	999	10	100.0	0.0
2026-07-09T15:44:43.106	443	918	618	1170	3007	2946	3424	3704	4003	520	26.87	1017.96	46.41	262928	AS7341	flash	5	100	999	10	100.0	0.0
2026-07-09T15:44:45.132	443	917	618	1169	3006	2945	3423	3703	4002	520	26.87	1017.97	46.39	263771	AS7341	flash	5	100	999	10	100.0	0.0
2026-07-09T15:44:47.113	443	917	618	1170	3006	2946	3424	3703	4003	520	26.87	1017.97	46.4	263560	AS7341	flash	5	100	999	10	100.0	0.0
2026-07-09T15:44:49.100	443	917	618	1170	3006	2945	3423	3703	4003	520	26.87	1017.96	46.4	263349	AS7341	flash	5	100	999	10	100.0	0.0
2026-07-09T15:44:51.087	443	917	618	1170	3006	2945	3423	3703	4003	520	26.87	1017.95	46.4	265044	AS7341	flash	5	100	999	10	100.0	0.0
2026-07-09T15:44:53.083	443	918	618	1170	3007	2947	3424	3704	4004	520	26.86	1017.92	46.39	264618	AS7341	flash	5	100	999	10	100.0	0.0
2026-07-09T15:44:55.070	443	917	618	1170	3007	2946	3424	3704	4004	520	26.86	1017.94	46.38	264194	AS7341	flash	5	100	999	10	100.0	0.0
2026-07-09T15:44:57.049	443	917	618	1170	3007	2946	3424	3704	4004	520	26.87	1017.97	46.38	263349	AS7341	flash	5	100	999	10	100.0	0.0
2026-07-09T15:44:59.142	443	918	618	1171	3008	2947	3425	3705	4005	521	26.86	1017.96	46.37	262719	AS7341	flash	5	100	999	10	100.0	0.0
2026-07-09T15:45:01.135	443	917	618	1170	3007	2946	3424	3704	4004	520	26.86	1017.94	46.39	263982	AS7341	flash	5	100	999	10	100.0	0.0
2026-07-09T15:45:03.119	443	917	618	1170	3007	2946	3424	3704	4004	520	26.87	1017.98	46.37	263560	AS7341	flash	5	100	999	10	100.0	0.0
2026-07-09T15:45:05.112	443	917	618	1170	3007	2947	3424	3704	4004	520	26.86	1017.95	46.37	263982	AS7341	flash	5	100	999	10	100.0	0.0
2026-07-09T15:45:07.104	443	917	618	1170	3007	2947	3424	3704	4004	520	26.86	1017.99	46.37	263982	AS7341	flash	5	100	999	10	100.0	0.0
2026-07-09T15:45:09.099	443	917	618	1170	3008	2947	3425	3705	4005	521	26.86	1018.0	46.36	263771	AS7341	flash	5	100	999	10	100.0	0.0
2026-07-09T15:45:11.095	443	917	618	1171	3008	2947	3425	3705	4005	521	26.87	1017.96	46.36	263982	AS7341	flash	5	100	999	10	100.0	0.0
2026-07-09T15:45:13.093	443	917	618	1170	3008	2947	3425	3705	4005	521	26.86	1017.95	46.35	263771	AS7341	flash	5	100	999	10	100.0	0.0
2026-07-09T15:45:15.094	443	917	618	1170	3008	2947	3425	3705	4004	521	26.86	1017.95	46.35	264406	AS7341	flash	5	100	999	10	100.0	0.0
2026-07-09T15:45:17.086	443	917	618	1170	3009	2948	3426	3705	4006	521	26.86	1017.96	46.35	264618	AS7341	flash	5	100	999	10	100.0	0.0
2026-07-09T15:45:19.084	443	917	618	1170	3009	2948	3426	3705	4005	521	26.87	1017.98	46.35	264194	AS7341	flash	5	100	999	10	100.0	0.0
2026-07-09T15:45:21.073	444	917	618	1171	3010	2949	3427	3706	4007	521	26.86	1017.96	46.33	263982	AS7341	flash	5	100	999	10	100.0	0.0
2026-07-09T15:45:23.054	443	917	618	1170	3009	2948	3427	3706	4006	521	26.86	1017.96	46.35	264618	AS7341	flash	5	100	999	10	100.0	0.0
2026-07-09T15:45:25.148	443	917	618	1171	3009	2949	3427	3706	4006	521	26.86	1018.0	46.35	263349	AS7341	flash	5	100	999	10	100.0	0.0
2026-07-09T15:45:27.138	444	917	618	1171	3010	2948	3427	3707	4007	521	26.85	1017.95	46.34	263982	AS7341	flash	5	100	999	10	100.0	0.0
2026-07-09T15:45:29.129	444	918	618	1171	3010	2949	3427	3706	4007	521	26.86	1017.99	46.33	261675	AS7341	flash	5	100	999	10	100.0	0.0
2026-07-09T15:45:31.121	444	917	618	1171	3010	2949	3427	3706	4007	521	26.86	1017.98	46.34	263771	AS7341	flash	5	100	999	10	100.0	0.0
2026-07-09T15:45:33.110	443	917	618	1171	3010	2948	3427	3706	4007	521	26.85	1017.97	46.34	263771	AS7341	flash	5	100	999	10	100.0	0.0
2026-07-09T15:45:35.102	444	917	618	1171	3010	2950	3428	3707	4008	521	26.86	1017.99	46.35	263771	AS7341	flash	5	100	999	10	100.0	0.0
2026-07-09T15:45:37.100	444	917	618	1171	3010	2949	3427	3706	4007	521	26.86	1017.97	46.34	264194	AS7341	flash	5	100	999	10	100.0	0.0
2026-07-09T15:45:39.083	443	917	618	1171	3009	2949	3426	3705	4006	521	26.86	1017.96	46.32	263771	AS7341	flash	5	100	999	10	100.0	0.0
2026-07-09T15:45:41.071	443	917	618	1171	3010	2949	3427	3706	4007	521	26.85	1017.97	46.32	265472	AS7341	flash	5	100	999	10	100.0	0.0
2026-07-09T15:45:43.060	443	917	618	1171	3009	2949	3427	3705	4006	521	26.86	1017.98	46.33	265472	AS7341	flash	5	100	999	10	100.0	0.0
2026-07-09T15:45:45.046	444	917	618	1171	3011	2950	3428	3706	4008	521	26.85	1017.95	46.3	264194	AS7341	flash	5	100	999	10	100.0	0.0
2026-07-09T15:45:47.143	444	917	618	1171	3011	2949	3428	3707	4007	521	26.85	1017.97	46.32	264406	AS7341	flash	5	100	999	10	100.0	0.0
2026-07-09T15:45:49.134	444	917	618	1171	3010	2950	3427	3706	4007	521	26.85	1017.96	46.33	263771	AS7341	flash	5	100	999	10	100.0	0.0
2026-07-09T15:45:51.132	443	917	618	1171	3011	2950	3428	3707	4008	521	26.86	1017.95	46.33	265044	AS7341	flash	5	100	999	10	100.0	0.0
2026-07-09T15:45:53.120	444	917	618	1171	3010	2949	3427	3706	4007	521	26.86	1017.94	46.32	265044	AS7341	flash	5	100	999	10	100.0	0.0
2026-07-09T15:45:55.103	443	917	618	1171	3010	2950	3428	3707	4007	521	26.86	1017.97	46.31	263771	AS7341	flash	5	100	999	10	100.0	0.0
2026-07-09T15:45:57.089	444	917	618	1171	3011	2950	3428	3707	4008	521	26.86	1017.96	46.31	263349	AS7341	flash	5	100	999	10	100.0	0.0
2026-07-09T15:45:59.079	443	917	618	1171	3010	2950	3427	3706	4007	521	26.85	1017.97	46.3	263982	AS7341	flash	5	100	999	10	100.0	0.0
2026-07-09T15:46:01.074	444	917	618	1171	3010	2950	3427	3706	4007	521	26.85	1017.94	46.3	264194	AS7341	flash	5	100	999	10	100.0	0.0
2026-07-09T15:46:03.069	444	917	618	1171	3010	2950	3428	3706	4007	521	26.86	1017.98	46.3	265044	AS7341	flash	5	100	999	10	100.0	0.0
2026-07-09T15:46:05.052	443	917	618	1171	3010	2949	3428	3706	4006	521	26.85	1017.97	46.29	264618	AS7341	flash	5	100	999	10	100.0	0.0
2026-07-09T15:46:07.139	444	917	618	1171	3011	2950	3429	3707	4008	521	26.84	1017.97	46.28	263771	AS7341	flash	5	100	999	10	100.0	0.0
2026-07-09T15:46:09.136	444	917	618	1171	3011	2950	3428	3706	4007	521	26.85	1017.97	46.3	264406	AS7341	flash	5	100	999	10	100.0	0.0
2026-07-09T15:46:11.128	444	917	618	1171	3012	2952	3430	3708	4010	521	26.86	1017.98	46.3	264194	AS7341	flash	5	100	999	10	100.0	0.0
2026-07-09T15:46:13.110	444	917	618	1171	3011	2949	3428	3706	4008	521	26.85	1017.96	46.27	265472	AS7341	flash	5	100	999	10	100.0	0.0
2026-07-09T15:46:15.112	443	917	618	1171	3011	2950	3429	3707	4008	521	26.85	1017.97	46.29	264831	AS7341	flash	5	100	999	10	100.0	0.0
2026-07-09T15:46:17.102	444	917	618	1171	3012	2951	3429	3707	4009	521	26.85	1017.96	46.29	264618	AS7341	flash	5	100	999	10	100.0	0.0
2026-07-09T15:46:19.162	444	917	618	1172	3011	2951	3429	3706	4008	521	26.85	1017.96	46.28	263560	AS7341	flash	5	100	999	10	100.0	0.0
2026-07-09T15:46:21.146	444	917	618	1171	3011	2950	3428	3706	4008	521	26.85	1017.94	46.29	264618	AS7341	flash	5	100	999	10	100.0	0.0
2026-07-09T15:46:23.057	444	917	618	1171	3011	2951	3429	3707	4008	521	26.85	1017.94	46.27	264194	AS7341	flash	5	100	999	10	100.0	0.0
2026-07-09T15:46:25.080	444	917	618	1172	3012	2951	3429	3707	4009	521	26.85	1017.96	46.27	265258	AS7341	flash	5	100	999	10	100.0	0.0
2026-07-09T15:46:27.094	444	917	618	1172	3013	2952	3430	3708	4009	521	26.85	1017.92	46.27	264406	AS7341	flash	5	100	999	10	100.0	0.0
2026-07-09T15:46:29.110	444	917	618	1172	3012	2952	3429	3707	4009	521	26.85	1017.93	46.27	263771	AS7341	flash	5	100	999	10	100.0	0.0
2026-07-09T15:46:31.121	444	917	618	1172	3013	2952	3430	3708	4010	521	26.85	1017.96	46.26	265044	AS7341	flash	5	100	999	10	100.0	0.0
2026-07-09T15:46:33.138	444	917	618	1172	3012	2951	3429	3707	4009	521	26.84	1017.93	46.26	265258	AS7341	flash	5	100	999	10	100.0	0.0
2026-07-09T15:46:35.151	444	917	618	1172	3013	2952	3431	3709	4010	521	26.84	1017.95	46.27	264831	AS7341	flash	5	100	999	10	100.0	0.0
2026-07-09T15:46:37.067	444	917	618	1172	3011	2951	3429	3706	4008	521	26.85	1017.97	46.27	265900	AS7341	flash	5	100	999	10	100.0	0.0
2026-07-09T15:46:39.083	444	917	618	1171	3012	2951	3429	3707	4008	521	26.84	1017.95	46.27	265044	AS7341	flash	5	100	999	10	100.0	0.0
2026-07-09T15:46:41.104	443	917	618	1171	3012	2952	3429	3707	4008	521	26.84	1017.97	46.27	264406	AS7341	flash	5	100	999	10	100.0	0.0
2026-07-09T15:46:43.127	444	917	618	1172	3013	2952	3430	3708	4010	521	26.83	1017.96	46.27	264194	AS7341	flash	5	100	999	10	100.0	0.0
2026-07-09T15:46:45.153	444	917	618	1172	3013	2953	3431	3709	4010	521	26.85	1018.0	46.29	263982	AS7341	flash	5	100	999	10	100.0	0.0
2026-07-09T15:46:47.059	444	917	618	1171	3012	2952	3430	3707	4009	521	26.85	1017.95	46.29	265686	AS7341	flash	5	100	999	10	100.0	0.0
2026-07-09T15:46:49.077	444	917	618	1172	3012	2952	3430	3707	4009	521	26.84	1017.94	46.3	265044	AS7341	flash	5	100	999	10	100.0	0.0
2026-07-09T15:46:51.091	444	917	618	1172	3013	2953	3431	3708	4010	521	26.83	1017.94	46.31	265044	AS7341	flash	5	100	999	10	100.0	0.0
2026-07-09T15:46:53.112	444	917	618	1172	3012	2952	3430	3707	4009	521	26.83	1017.93	46.31	264194	AS7341	flash	5	100	999	10	100.0	0.0
2026-07-09T15:46:55.128	444	917	618	1172	3014	2953	3431	3709	4011	521	26.84	1017.96	46.31	262928	AS7341	flash	5	100	999	10	100.0	0.0
2026-07-09T15:46:57.146	444	917	618	1172	3013	2953	3431	3708	4010	521	26.83	1017.96	46.31	264831	AS7341	flash	5	100	999	10	100.0	0.0
2026-07-09T15:46:59.056	444	917	618	1172	3013	2953	3431	3708	4010	521	26.84	1017.98	46.31	264406	AS7341	flash	5	100	999	10	100.0	0.0
2026-07-09T15:47:01.073	444	917	618	1172	3014	2954	3432	3709	4011	521	26.84	1017.97	46.31	265900	AS7341	flash	5	100	999	10	100.0	0.0
2026-07-09T15:47:03.082	444	916	618	1172	3013	2953	3431	3708	4010	521	26.83	1017.93	46.31	264406	AS7341	flash	5	100	999	10	100.0	0.0
2026-07-09T15:47:05.097	444	917	618	1172	3012	2952	3430	3708	4009	521	26.83	1017.97	46.31	265686	AS7341	flash	5	100	999	10	100.0	0.0
2026-07-09T15:47:07.114	444	917	618	1172	3013	2953	3431	3709	4010	521	26.83	1017.94	46.32	263982	AS7341	flash	5	100	999	10	100.0	0.0
2026-07-09T15:47:09.127	444	917	618	1172	3014	2954	3432	3709	4011	521	26.84	1017.98	46.31	265044	AS7341	flash	5	100	999	10	100.0	0.0
2026-07-09T15:47:11.141	444	917	618	1172	3014	2954	3432	3709	4011	521	26.84	1017.96	46.33	264194	AS7341	flash	5	100	999	10	100.0	0.0
2026-07-09T15:47:13.053	444	917	618	1172	3013	2953	3431	3708	4010	521	26.84	1017.96	46.31	265258	AS7341	flash	5	100	999	10	100.0	0.0
2026-07-09T15:47:15.067	444	917	618	1172	3014	2953	3432	3709	4010	521	26.84	1017.96	46.3	265900	AS7341	flash	5	100	999	10	100.0	0.0
2026-07-09T15:47:17.085	444	917	618	1173	3015	2954	3433	3710	4012	521	26.83	1017.97	46.31	265472	AS7341	flash	5	100	999	10	0.0	0.0
2026-07-09T15:47:19.111	444	917	618	1172	3015	2955	3433	3710	4012	521	26.84	1017.98	46.32	264194	AS7341	flash	5	100	999	10	0.0	0.0
2026-07-09T15:47:21.137	444	917	618	1172	3014	2954	3434	3712	4012	521	26.88	1018.01	46.48	264194	AS7341	flash	5	100	999	10	0.0	0.0
2026-07-09T15:47:23.054	444	917	618	1172	3014	2955	3436	3715	4014	521	26.89	1017.95	46.75	262719	AS7341	flash	5	100	999	10	0.0	0.0
2026-07-09T15:47:25.069	444	916	618	1172	3015	2956	3438	3718	4015	521	26.9	1017.98	47.16	262300	AS7341	flash	5	100	999	10	0.0	0.0
2026-07-09T15:47:27.083	444	916	618	1172	3015	2956	3440	3721	4017	522	26.9	1017.97	47.62	259408	AS7341	flash	5	100	999	10	0.0	0.0
2026-07-09T15:47:29.097	444	916	618	1172	3015	2957	3442	3723	4017	522	26.91	1017.96	48.12	256578	AS7341	flash	5	100	999	10	0.0	0.0
2026-07-09T15:47:31.115	444	916	618	1171	3014	2957	3442	3725	4018	522	26.91	1017.96	48.58	257179	AS7341	flash	5	100	999	10	0.0	0.0
2026-07-09T15:47:33.132	444	915	618	1171	3013	2956	3443	3726	4017	522	26.92	1017.97	49.0	256379	AS7341	flash	5	100	999	10	0.0	0.0
2026-07-09T15:47:35.149	444	916	618	1171	3012	2956	3444	3728	4017	522	26.93	1017.94	49.39	253810	AS7341	flash	5	100	999	10	0.0	0.0
2026-07-09T15:47:37.056	444	915	618	1170	3011	2955	3443	3728	4016	522	26.95	1017.97	49.7	253419	AS7341	flash	5	100	999	10	100.0	0.0
2026-07-09T15:47:39.080	444	915	618	1170	3011	2955	3444	3729	4017	522	26.93	1017.96	49.99	251484	AS7341	flash	5	100	999	10	100.0	0.0
2026-07-09T15:47:41.101	444	916	618	1170	3010	2952	3441	3725	4014	522	26.91	1018.0	49.95	252448	AS7341	flash	5	100	999	10	100.0	0.0
2026-07-09T15:47:43.116	444	916	618	1169	3007	2949	3436	3720	4009	521	26.9	1017.99	49.5	253615	AS7341	flash	5	100	999	10	100.0	0.0
2026-07-09T15:47:45.131	444	917	618	1169	3006	2948	3434	3719	4008	521	26.9	1017.97	48.97	254989	AS7341	flash	5	100	999	10	100.0	0.0
2026-07-09T15:47:47.156	444	917	618	1169	3004	2945	3430	3714	4005	521	26.89	1017.97	48.49	253615	AS7341	flash	5	100	999	10	100.0	0.0
2026-07-09T15:47:49.061	444	917	618	1168	3004	2945	3428	3712	4004	521	26.9	1017.97	48.09	257582	AS7341	flash	5	100	999	10	100.0	0.0
2026-07-09T15:47:51.078	443	917	618	1169	3003	2943	3427	3710	4003	521	26.9	1017.98	47.74	257380	AS7341	flash	5	100	999	10	100.0	0.0
2026-07-09T15:47:53.094	443	917	618	1169	3004	2943	3426	3709	4003	520	26.89	1017.99	47.49	257985	AS7341	flash	5	100	999	10	100.0	0.0
2026-07-09T15:47:55.106	443	918	618	1169	3003	2943	3425	3708	4002	520	26.88	1017.98	47.28	257985	AS7341	flash	5	100	999	10	100.0	0.0
2026-07-09T15:47:57.127	443	918	618	1169	3003	2943	3424	3706	4001	520	26.88	1017.97	47.1	259204	AS7341	flash	5	100	999	10	100.0	0.0
2026-07-09T15:47:59.139	443	918	618	1169	3003	2943	3424	3706	4001	520	26.88	1017.98	46.96	258796	AS7341	flash	5	100	999	10	100.0	0.0
2026-07-09T15:48:01.159	443	918	618	1169	3003	2942	3423	3705	4001	520	26.87	1017.95	46.87	260022	AS7341	flash	5	100	999	10	100.0	0.0
2026-07-09T15:48:03.070	443	918	618	1169	3003	2942	3423	3704	4000	520	26.88	1017.95	46.79	260022	AS7341	flash	5	100	999	10	100.0	0.0
2026-07-09T15:48:05.087	443	918	618	1169	3004	2943	3423	3704	4001	520	26.87	1017.95	46.7	260433	AS7341	flash	5	100	999	10	100.0	0.0
2026-07-09T15:48:07.107	443	918	618	1169	3003	2942	3423	3703	4000	520	26.86	1017.95	46.65	260433	AS7341	flash	5	100	999	10	100.0	0.0
2026-07-09T15:48:09.127	443	918	618	1169	3003	2942	3422	3702	4000	520	26.87	1017.96	46.6	262509	AS7341	flash	5	100	999	10	100.0	0.0
2026-07-09T15:48:11.140	443	918	618	1169	3004	2942	3422	3703	4001	520	26.87	1017.97	46.55	260022	AS7341	flash	5	100	999	10	100.0	0.0
2026-07-09T15:48:13.153	443	918	618	1170	3004	2943	3423	3703	4001	520	26.87	1017.96	46.55	260846	AS7341	flash	5	100	999	10	100.0	0.0
2026-07-09T15:48:15.061	443	918	618	1169	3004	2943	3422	3702	4001	520	26.88	1017.98	46.5	262091	AS7341	flash	5	100	999	10	100.0	0.0
2026-07-09T15:48:17.074	443	918	618	1169	3006	2945	3424	3704	4002	520	26.87	1017.98	46.48	263138	AS7341	flash	5	100	999	10	100.0	0.0
2026-07-09T15:48:19.096	443	918	618	1169	3005	2944	3423	3703	4002	520	26.87	1017.99	46.46	262091	AS7341	flash	5	100	999	10	100.0	0.0
2026-07-09T15:48:21.116	443	918	618	1170	3007	2946	3425	3704	4004	520	26.86	1017.95	46.45	261675	AS7341	flash	5	100	999	10	100.0	0.0
2026-07-09T15:48:23.132	444	918	618	1170	3007	2946	3424	3704	4003	521	26.87	1017.99	46.43	262300	AS7341	flash	5	100	999	10	100.0	0.0
2026-07-09T15:48:25.039	443	918	618	1170	3005	2945	3423	3702	4002	520	26.87	1017.98	46.41	263349	AS7341	flash	5	100	999	10	100.0	0.0
2026-07-09T15:48:27.050	443	918	618	1170	3006	2946	3424	3703	4003	520	26.86	1018.0	46.39	262300	AS7341	flash	5	100	999	10	100.0	0.0
2026-07-09T15:48:29.072	444	918	618	1171	3008	2947	3426	3704	4005	521	26.86	1017.98	46.38	262091	AS7341	flash	5	100	999	10	100.0	0.0
2026-07-09T15:48:31.084	444	918	618	1170	3007	2945	3424	3703	4004	520	26.86	1017.96	46.38	262091	AS7341	flash	5	100	999	10	100.0	0.0
2026-07-09T15:48:33.098	444	918	618	1171	3008	2947	3425	3704	4004	521	26.86	1017.95	46.36	262928	AS7341	flash	5	100	999	10	100.0	0.0
2026-07-09T15:48:35.115	443	918	618	1170	3008	2947	3425	3704	4005	521	26.86	1017.97	46.35	264194	AS7341	flash	5	100	999	10	100.0	0.0
2026-07-09T15:48:37.131	443	918	618	1170	3008	2948	3426	3704	4005	521	26.86	1017.99	46.35	263349	AS7341	flash	5	100	999	10	100.0	0.0
2026-07-09T15:48:39.145	444	918	618	1170	3009	2948	3426	3705	4005	520	26.85	1017.94	46.35	262928	AS7341	flash	5	100	999	10	100.0	0.0
2026-07-09T15:48:41.054	444	918	618	1171	3009	2947	3426	3704	4005	521	26.87	1017.96	46.34	264618	AS7341	flash	5	100	999	10	100.0	0.0
2026-07-09T15:48:43.071	444	918	618	1171	3010	2949	3427	3706	4007	521	26.86	1017.98	46.31	264618	AS7341	flash	5	100	999	10	100.0	0.0
2026-07-09T15:48:45.100	444	918	618	1171	3010	2949	3427	3705	4006	521	26.85	1017.94	46.32	262509	AS7341	flash	5	100	999	10	100.0	0.0
2026-07-09T15:48:47.115	444	918	618	1171	3010	2949	3427	3705	4006	521	26.85	1017.94	46.32	263349	AS7341	flash	5	100	999	10	100.0	0.0
2026-07-09T15:48:49.134	444	918	618	1171	3011	2950	3428	3706	4008	521	26.86	1017.95	46.33	263349	AS7341	flash	5	100	999	10	100.0	0.0
2026-07-09T15:48:51.148	444	918	619	1172	3012	2951	3429	3707	4009	521	26.85	1017.99	46.32	264194	AS7341	flash	5	100	999	10	100.0	0.0
2026-07-09T15:48:53.050	444	918	618	1171	3010	2949	3427	3705	4006	521	26.86	1018.0	46.31	264194	AS7341	flash	5	100	999	10	100.0	0.0
2026-07-09T15:48:55.071	444	918	618	1171	3010	2950	3428	3705	4007	521	26.85	1017.96	46.31	263982	AS7341	flash	5	100	999	10	100.0	0.0
2026-07-09T15:48:57.082	444	918	618	1171	3011	2950	3428	3706	4008	521	26.85	1017.97	46.3	264618	AS7341	flash	5	100	999	10	100.0	0.0
2026-07-09T15:48:59.098	444	918	619	1172	3012	2951	3429	3707	4008	521	26.85	1017.99	46.31	263771	AS7341	flash	5	100	999	10	100.0	0.0
2026-07-09T15:49:01.106	444	917	618	1171	3011	2950	3428	3706	4007	521	26.85	1017.97	46.31	264194	AS7341	flash	5	100	999	10	100.0	0.0
2026-07-09T15:49:03.126	444	918	619	1172	3012	2951	3429	3707	4008	521	26.85	1017.98	46.3	263560	AS7341	flash	5	100	999	10	100.0	0.0
2026-07-09T15:49:05.142	444	918	618	1171	3011	2951	3429	3705	4007	521	26.85	1017.97	46.31	263771	AS7341	flash	5	100	999	10	100.0	0.0
2026-07-09T15:49:07.157	444	918	618	1172	3011	2950	3428	3705	4007	521	26.84	1017.96	46.3	263349	AS7341	flash	5	100	999	10	100.0	0.0
2026-07-09T15:49:09.065	443	917	618	1171	3011	2950	3428	3705	4007	521	26.86	1017.99	46.29	264831	AS7341	flash	5	100	999	10	100.0	0.0
2026-07-09T15:49:11.078	444	917	618	1172	3012	2952	3430	3706	4008	521	26.85	1017.99	46.28	263982	AS7341	flash	5	100	999	10	100.0	0.0
2026-07-09T15:49:13.094	444	917	618	1172	3012	2952	3429	3706	4008	521	26.85	1017.96	46.27	264831	AS7341	flash	5	100	999	10	100.0	0.0
2026-07-09T15:49:15.108	444	917	618	1172	3013	2952	3430	3707	4009	521	26.85	1017.98	46.29	263771	AS7341	flash	5	100	999	10	100.0	0.0
2026-07-09T15:49:17.124	444	917	618	1172	3013	2951	3430	3707	4009	521	26.85	1017.96	46.28	263138	AS7341	flash	5	100	999	10	100.0	0.0
2026-07-09T15:49:19.136	444	917	618	1172	3013	2952	3430	3707	4009	521	26.85	1017.97	46.27	264194	AS7341	flash	5	100	999	10	100.0	0.0
2026-07-09T15:49:21.147	444	917	618	1172	3013	2952	3431	3708	4010	521	26.85	1017.96	46.27	265044	AS7341	flash	5	100	999	10	100.0	0.0
2026-07-09T15:49:23.173	444	918	618	1172	3014	2953	3432	3708	4011	521	26.85	1017.98	46.28	261675	AS7341	flash	5	100	999	10	100.0	0.0
2026-07-09T15:49:25.083	444	917	618	1172	3013	2953	3431	3707	4009	521	26.86	1017.96	46.26	264406	AS7341	flash	5	100	999	10	100.0	0.0
2026-07-09T15:49:27.089	444	918	619	1172	3014	2954	3432	3709	4011	521	26.85	1017.99	46.27	264406	AS7341	flash	5	100	999	10	100.0	0.0
2026-07-09T15:49:29.104	444	918	618	1172	3015	2954	3432	3709	4011	521	26.85	1017.99	46.26	264406	AS7341	flash	5	100	999	10	100.0	0.0
2026-07-09T15:49:31.124	444	918	618	1172	3014	2954	3431	3708	4011	521	26.85	1018.0	46.27	263982	AS7341	flash	5	100	999	10	100.0	0.0
2026-07-09T15:49:33.142	444	917	618	1172	3015	2954	3432	3709	4011	521	26.85	1017.99	46.26	264618	AS7341	flash	5	100	999	10	100.0	0.0
2026-07-09T15:49:35.159	444	918	618	1172	3015	2954	3432	3709	4011	521	26.86	1017.97	46.26	263138	AS7341	flash	5	100	999	10	100.0	0.0
2026-07-09T15:49:37.068	444	917	618	1172	3014	2953	3431	3707	4010	521	26.85	1017.93	46.26	264831	AS7341	flash	5	100	999	10	100.0	0.0
2026-07-09T15:49:39.088	444	917	618	1172	3015	2954	3432	3709	4011	521	26.86	1017.99	46.25	264618	AS7341	flash	5	100	999	10	100.0	0.0
2026-07-09T15:49:41.101	444	918	618	1172	3015	2954	3433	3709	4012	521	26.85	1017.97	46.24	265258	AS7341	flash	5	100	999	10	100.0	0.0
2026-07-09T15:49:43.113	444	918	619	1173	3015	2955	3433	3709	4012	521	26.86	1017.97	46.25	263771	AS7341	flash	5	100	999	10	100.0	0.0
2026-07-09T15:49:45.126	444	917	618	1172	3014	2954	3432	3708	4011	521	26.85	1017.93	46.24	263349	AS7341	flash	5	100	999	10	100.0	0.0
2026-07-09T15:49:47.136	444	917	618	1172	3015	2954	3433	3709	4012	521	26.85	1017.96	46.24	263771	AS7341	flash	5	100	999	10	100.0	0.0
2026-07-09T15:49:49.154	444	917	619	1172	3015	2955	3433	3709	4012	521	26.85	1017.95	46.25	264194	AS7341	flash	5	100	999	10	100.0	0.0
2026-07-09T15:49:51.171	444	917	618	1173	3016	2955	3433	3709	4012	521	26.86	1017.99	46.24	265258	AS7341	flash	5	100	999	10	100.0	0.0
2026-07-09T15:49:53.076	444	917	618	1172	3015	2955	3433	3709	4012	521	26.86	1017.96	46.24	265044	AS7341	flash	5	100	999	10	100.0	0.0
2026-07-09T15:49:55.091	444	917	618	1173	3016	2955	3433	3709	4012	521	26.85	1017.99	46.23	264406	AS7341	flash	5	100	999	10	100.0	0.0
2026-07-09T15:49:57.113	444	917	618	1172	3016	2956	3434	3710	4012	521	26.85	1017.95	46.23	263349	AS7341	flash	5	100	999	10	100.0	0.0
2026-07-09T15:49:59.127	444	917	618	1173	3015	2955	3432	3708	4011	521	26.85	1017.96	46.24	264406	AS7341	flash	5	100	999	10	100.0	0.0
2026-07-09T15:50:01.141	444	918	619	1173	3016	2955	3434	3710	4013	521	26.85	1017.98	46.24	265472	AS7341	flash	5	100	999	10	100.0	0.0
2026-07-09T15:50:03.155	444	917	618	1173	3016	2956	3434	3710	4013	521	26.84	1017.98	46.25	263771	AS7341	flash	5	100	999	10	100.0	0.0
2026-07-09T15:50:05.171	444	917	618	1173	3016	2955	3433	3709	4012	521	26.85	1017.98	46.25	263982	AS7341	flash	5	100	999	10	100.0	0.0
2026-07-09T15:50:07.076	444	917	618	1172	3015	2955	3433	3709	4012	521	26.85	1017.95	46.24	264194	AS7341	flash	5	100	999	10	100.0	0.0
2026-07-09T15:50:09.099	444	917	618	1173	3015	2955	3433	3709	4012	521	26.84	1018.0	46.23	264194	AS7341	flash	5	100	999	10	100.0	0.0
2026-07-09T15:50:11.116	444	917	618	1173	3017	2957	3435	3710	4014	521	26.85	1017.99	46.24	263560	AS7341	flash	5	100	999	10	100.0	0.0
2026-07-09T15:50:13.130	444	917	618	1173	3017	2957	3435	3710	4014	521	26.84	1017.96	46.25	264831	AS7341	flash	5	100	999	10	100.0	0.0
2026-07-09T15:50:15.155	444	917	618	1173	3016	2956	3434	3710	4013	521	26.85	1017.98	46.25	263982	AS7341	flash	5	100	999	10	100.0	0.0
2026-07-09T15:50:17.170	444	917	619	1173	3017	2957	3435	3711	4014	522	26.85	1018.01	46.25	263138	AS7341	flash	5	100	999	10	100.0	0.0
2026-07-09T15:50:19.073	444	917	618	1172	3016	2956	3434	3709	4012	521	26.85	1017.95	46.25	265900	AS7341	flash	5	100	999	10	100.0	0.0
2026-07-09T15:50:21.087	444	917	618	1173	3017	2957	3435	3710	4014	521	26.84	1017.96	46.25	264831	AS7341	flash	5	100	999	10	100.0	0.0
2026-07-09T15:50:23.115	444	917	619	1173	3017	2957	3435	3710	4014	521	26.84	1017.96	46.25	264831	AS7341	flash	5	100	999	10	100.0	0.0
2026-07-09T15:50:25.123	444	917	619	1173	3017	2956	3434	3710	4013	521	26.84	1017.97	46.25	263982	AS7341	flash	5	100	999	10	100.0	0.0
2026-07-09T15:50:27.133	444	917	619	1173	3017	2957	3435	3711	4014	522	26.85	1017.94	46.26	264194	AS7341	flash	5	100	999	10	100.0	0.0
2026-07-09T15:50:29.153	444	917	618	1173	3017	2957	3435	3711	4014	521	26.84	1017.96	46.27	263982	AS7341	flash	5	100	999	10	100.0	0.0
2026-07-09T15:50:31.169	444	917	619	1173	3017	2956	3435	3711	4014	522	26.84	1017.94	46.27	263982	AS7341	flash	5	100	999	10	100.0	0.0
2026-07-09T15:50:33.186	444	917	619	1173	3017	2957	3435	3710	4014	521	26.84	1017.96	46.27	264194	AS7341	flash	5	100	999	10	100.0	0.0
2026-07-09T15:50:35.088	444	917	619	1173	3016	2956	3434	3709	4013	521	26.85	1017.93	46.27	265686	AS7341	flash	5	100	999	10	100.0	0.0
2026-07-09T15:50:37.113	444	917	619	1173	3017	2957	3435	3710	4014	521	26.85	1017.95	46.25	265044	AS7341	flash	5	100	999	10	100.0	0.0
2026-07-09T15:50:39.130	444	917	618	1173	3017	2956	3434	3710	4013	521	26.85	1017.94	46.27	264194	AS7341	flash	5	100	999	10	100.0	0.0
2026-07-09T15:50:41.145	444	917	619	1173	3018	2958	3436	3711	4015	521	26.85	1017.97	46.27	264194	AS7341	flash	5	100	999	10	100.0	0.0
2026-07-09T15:50:43.156	444	917	619	1173	3019	2959	3437	3712	4016	522	26.85	1017.95	46.27	263771	AS7341	flash	5	100	999	10	100.0	0.0
2026-07-09T15:50:45.179	444	918	619	1173	3019	2958	3437	3712	4015	522	26.85	1017.99	46.27	264194	AS7341	flash	5	100	999	10	100.0	0.0
2026-07-09T15:50:47.082	444	917	619	1173	3017	2957	3435	3710	4014	521	26.85	1017.94	46.27	264618	AS7341	flash	5	100	999	10	100.0	0.0
2026-07-09T15:50:49.093	444	917	619	1173	3018	2957	3436	3712	4015	522	26.85	1017.95	46.25	264618	AS7341	flash	5	100	999	10	100.0	0.0
2026-07-09T15:50:51.113	444	917	619	1173	3018	2958	3436	3711	4014	521	26.84	1017.96	46.26	263982	AS7341	flash	5	100	999	10	100.0	0.0
2026-07-09T15:50:53.137	444	917	618	1173	3018	2958	3436	3711	4014	521	26.84	1017.99	46.26	265044	AS7341	flash	5	100	999	10	100.0	0.0
2026-07-09T15:50:55.148	444	917	619	1173	3018	2958	3437	3712	4016	522	26.84	1017.98	46.25	263982	AS7341	flash	5	100	999	10	100.0	0.0
2026-07-09T15:50:57.176	444	917	618	1173	3017	2957	3436	3711	4014	521	26.84	1017.98	46.25	265258	AS7341	flash	5	100	999	10	100.0	0.0
2026-07-09T15:50:59.082	444	917	618	1173	3017	2956	3435	3710	4013	521	26.85	1017.97	46.26	265044	AS7341	flash	5	100	999	10	100.0	0.0
2026-07-09T15:51:01.106	444	917	619	1173	3018	2958	3436	3711	4015	521	26.85	1017.99	46.26	264618	AS7341	flash	5	100	999	10	100.0	0.0
2026-07-09T15:51:03.111	444	917	618	1173	3018	2957	3436	3711	4014	521	26.84	1017.98	46.25	265044	AS7341	flash	5	100	999	10	100.0	0.0
2026-07-09T15:51:05.135	444	917	618	1173	3017	2957	3435	3710	4014	521	26.84	1017.95	46.27	264618	AS7341	flash	5	100	999	10	100.0	0.0
2026-07-09T15:51:07.158	444	917	618	1173	3018	2958	3436	3711	4015	521	26.84	1017.99	46.25	264618	AS7341	flash	5	100	999	10	100.0	0.0
2026-07-09T15:51:09.174	444	917	619	1173	3019	2959	3437	3712	4015	522	26.84	1017.98	46.26	264194	AS7341	flash	5	100	999	10	100.0	0.0
2026-07-09T15:51:11.094	444	917	619	1173	3017	2958	3435	3710	4014	521	26.85	1017.99	46.26	265900	AS7341	flash	5	100	999	10	100.0	0.0
2026-07-09T15:51:13.113	444	917	619	1173	3017	2957	3436	3710	4014	521	26.84	1017.96	46.25	264618	AS7341	flash	5	100	999	10	100.0	0.0
2026-07-09T15:51:15.130	444	917	619	1173	3017	2958	3436	3710	4014	521	26.84	1017.97	46.27	264194	AS7341	flash	5	100	999	10	100.0	0.0
2026-07-09T15:51:17.145	444	917	619	1174	3019	2959	3437	3712	4016	522	26.84	1017.99	46.27	264194	AS7341	flash	5	100	999	10	100.0	0.0
2026-07-09T15:51:19.170	444	917	618	1173	3018	2959	3437	3712	4015	522	26.85	1017.98	46.28	263982	AS7341	flash	5	100	999	10	100.0	0.0
2026-07-09T15:51:21.087	444	917	619	1173	3019	2958	3437	3712	4016	522	26.85	1017.98	46.26	264618	AS7341	flash	5	100	999	10	100.0	0.0
2026-07-09T15:51:23.104	444	917	619	1173	3018	2959	3437	3712	4016	522	26.85	1017.96	46.27	263982	AS7341	flash	5	100	999	10	100.0	0.0
2026-07-09T15:51:25.120	444	917	619	1173	3019	2959	3437	3711	4015	521	26.85	1017.97	46.27	263771	AS7341	flash	5	100	999	10	100.0	0.0
2026-07-09T15:51:27.134	444	917	619	1173	3019	2959	3437	3712	4016	522	26.84	1017.97	46.27	264406	AS7341	flash	5	100	999	10	100.0	0.0
2026-07-09T15:51:29.161	444	917	619	1173	3019	2959	3437	3712	4015	522	26.85	1017.98	46.27	264194	AS7341	flash	5	100	999	10	100.0	0.0
2026-07-09T15:51:31.181	444	917	619	1174	3019	2958	3437	3712	4016	522	26.84	1017.97	46.26	264194	AS7341	flash	5	100	999	10	100.0	0.0
2026-07-09T15:51:33.087	444	917	619	1173	3019	2958	3437	3712	4016	522	26.86	1017.98	46.26	264406	AS7341	flash	5	100	999	10	100.0	0.0
2026-07-09T15:51:35.105	444	917	619	1173	3018	2958	3437	3711	4015	522	26.84	1017.97	46.25	264194	AS7341	flash	5	100	999	10	100.0	0.0
2026-07-09T15:51:37.122	444	917	619	1174	3019	2959	3437	3712	4015	522	26.85	1017.99	46.25	265044	AS7341	flash	5	100	999	10	100.0	0.0
2026-07-09T15:51:39.137	444	917	619	1174	3019	2959	3438	3712	4016	522	26.84	1018.0	46.25	263771	AS7341	flash	5	100	999	10	100.0	0.0
2026-07-09T15:51:41.153	444	917	619	1174	3019	2959	3437	3712	4016	522	26.85	1018.01	46.25	263771	AS7341	flash	5	100	999	10	100.0	0.0
2026-07-09T15:51:43.164	444	917	619	1173	3019	2958	3437	3712	4016	522	26.85	1018.0	46.26	265258	AS7341	flash	5	100	999	10	100.0	0.0
2026-07-09T15:51:45.175	444	917	619	1173	3019	2959	3437	3712	4015	522	26.84	1017.95	46.25	264831	AS7341	flash	5	100	999	10	100.0	0.0
2026-07-09T15:51:47.081	444	917	619	1173	3018	2959	3437	3711	4015	522	26.85	1017.98	46.25	265686	AS7341	flash	5	100	999	10	100.0	0.0
2026-07-09T15:51:49.099	444	917	619	1174	3019	2959	3437	3711	4016	522	26.85	1017.95	46.24	263771	AS7341	flash	5	100	999	10	100.0	0.0
2026-07-09T15:51:51.110	444	917	619	1174	3019	2959	3437	3711	4016	522	26.85	1017.98	46.23	264406	AS7341	flash	5	100	999	10	100.0	0.0
2026-07-09T15:51:53.127	444	917	619	1174	3020	2960	3438	3713	4017	522	26.85	1018.0	46.25	264831	AS7341	flash	5	100	999	10	100.0	0.0
2026-07-09T15:51:55.155	444	917	619	1174	3020	2960	3438	3713	4017	522	26.84	1017.97	46.23	264406	AS7341	flash	5	100	999	10	100.0	0.0
2026-07-09T15:51:57.165	444	917	619	1174	3020	2960	3439	3713	4017	522	26.84	1017.98	46.24	263982	AS7341	flash	5	100	999	10	100.0	0.0
2026-07-09T15:51:59.177	444	917	619	1173	3019	2959	3438	3712	4015	522	26.84	1018.0	46.24	263771	AS7341	flash	5	100	999	10	100.0	0.0
2026-07-09T15:52:01.087	444	917	619	1173	3019	2959	3437	3712	4016	522	26.86	1018.0	46.24	264831	AS7341	flash	5	100	999	10	100.0	0.0
2026-07-09T15:52:03.098	444	917	619	1174	3019	2959	3437	3712	4015	522	26.84	1017.98	46.23	264831	AS7341	flash	5	100	999	10	100.0	0.0
2026-07-09T15:52:05.124	444	917	619	1174	3020	2959	3438	3713	4017	522	26.85	1018.01	46.24	264194	AS7341	flash	5	100	999	10	100.0	0.0
2026-07-09T15:52:07.143	444	917	619	1174	3020	2960	3438	3712	4016	522	26.85	1017.99	46.24	263771	AS7341	flash	5	100	999	10	100.0	0.0
2026-07-09T15:52:09.162	444	917	619	1173	3019	2959	3438	3712	4016	522	26.85	1018.01	46.25	263349	AS7341	flash	5	100	999	10	100.0	0.0
2026-07-09T15:52:11.179	444	917	619	1174	3020	2959	3439	3713	4017	522	26.83	1017.97	46.24	266330	AS7341	flash	5	100	999	10	100.0	0.0
2026-07-09T15:52:13.081	444	917	619	1173	3018	2959	3437	3711	4015	522	26.85	1017.98	46.24	265900	AS7341	flash	5	100	999	10	100.0	0.0
2026-07-09T15:52:15.102	444	918	619	1174	3020	2961	3439	3713	4017	522	26.85	1018.0	46.24	264406	AS7341	flash	5	100	999	10	100.0	0.0
2026-07-09T15:52:17.122	444	917	619	1174	3020	2960	3439	3713	4017	522	26.84	1017.96	46.23	264194	AS7341	flash	5	100	999	10	100.0	0.0
2026-07-09T15:52:19.148	444	917	619	1174	3019	2960	3438	3712	4016	522	26.84	1018.01	46.23	265472	AS7341	flash	5	100	999	10	100.0	0.0
2026-07-09T15:52:21.162	444	917	619	1174	3020	2960	3439	3713	4016	522	26.84	1017.99	46.24	263771	AS7341	flash	5	100	999	10	100.0	0.0
2026-07-09T15:52:23.180	444	917	619	1174	3020	2960	3438	3712	4016	522	26.85	1017.99	46.24	263982	AS7341	flash	5	100	999	10	100.0	0.0
2026-07-09T15:52:25.094	444	917	619	1173	3019	2959	3437	3711	4015	521	26.84	1017.98	46.24	265044	AS7341	flash	5	100	999	10	100.0	0.0
2026-07-09T15:52:27.111	444	917	619	1174	3020	2960	3439	3713	4017	522	26.84	1017.97	46.24	263349	AS7341	flash	5	100	999	10	100.0	0.0
2026-07-09T15:52:29.131	444	918	619	1174	3020	2961	3439	3713	4018	522	26.84	1017.99	46.24	264618	AS7341	flash	5	100	999	10	100.0	0.0
2026-07-09T15:52:31.157	444	917	619	1174	3019	2960	3438	3712	4016	522	26.84	1018.0	46.23	264618	AS7341	flash	5	100	999	10	100.0	0.0
2026-07-09T15:52:33.175	444	917	619	1174	3020	2961	3439	3714	4017	522	26.84	1017.98	46.24	264194	AS7341	flash	5	100	999	10	100.0	0.0
2026-07-09T15:52:35.088	444	917	619	1174	3020	2961	3439	3713	4017	522	26.84	1017.92	46.23	264194	AS7341	flash	5	100	999	10	100.0	0.0
2026-07-09T15:52:37.116	444	917	619	1174	3020	2959	3438	3713	4017	522	26.84	1017.94	46.25	264618	AS7341	flash	5	100	999	10	0.0	0.0
2026-07-09T15:52:39.127	444	917	619	1174	3020	2961	3439	3714	4017	522	26.85	1017.94	46.24	263771	AS7341	flash	5	100	999	10	0.0	0.0
2026-07-09T15:52:41.144	444	917	619	1174	3021	2961	3441	3716	4019	522	26.88	1018.0	46.35	262928	AS7341	flash	5	100	999	10	0.0	0.0
2026-07-09T15:52:43.161	444	917	619	1174	3021	2962	3443	3718	4020	522	26.89	1017.97	46.64	261675	AS7341	flash	5	100	999	10	0.0	0.0
2026-07-09T15:52:45.177	445	916	619	1174	3021	2962	3444	3721	4021	522	26.9	1017.98	47.03	261260	AS7341	flash	5	100	999	10	0.0	0.0
2026-07-09T15:52:47.096	445	917	619	1174	3020	2963	3446	3722	4021	522	26.91	1017.98	47.42	258188	AS7341	flash	5	100	999	10	0.0	0.0
2026-07-09T15:52:49.123	445	916	619	1174	3020	2963	3447	3725	4022	522	26.91	1017.96	47.86	258390	AS7341	flash	5	100	999	10	0.0	0.0
2026-07-09T15:52:51.134	445	916	619	1173	3020	2963	3449	3727	4023	522	26.92	1017.99	48.27	256778	AS7341	flash	5	100	999	10	0.0	0.0
2026-07-09T15:52:53.151	445	916	619	1173	3020	2962	3450	3729	4023	523	26.92	1017.96	48.63	257380	AS7341	flash	5	100	999	10	0.0	0.0
2026-07-09T15:52:55.174	445	916	619	1173	3020	2963	3451	3731	4025	523	26.93	1018.0	48.97	254792	AS7341	flash	5	100	999	10	0.0	0.0
2026-07-09T15:52:57.081	445	916	619	1173	3018	2962	3450	3730	4022	522	26.94	1017.95	49.26	254398	AS7341	flash	5	100	999	10	100.0	0.0
2026-07-09T15:52:59.108	445	916	619	1172	3017	2961	3449	3730	4021	522	26.93	1017.98	49.54	253225	AS7341	flash	5	100	999	10	100.0	0.0
2026-07-09T15:53:01.119	445	916	619	1172	3016	2958	3446	3727	4019	522	26.91	1017.97	49.5	253419	AS7341	flash	5	100	999	10	100.0	0.0
2026-07-09T15:53:03.137	445	917	619	1172	3014	2956	3442	3723	4016	522	26.9	1017.96	49.07	254006	AS7341	flash	5	100	999	10	100.0	0.0
2026-07-09T15:53:05.154	444	917	618	1171	3012	2954	3440	3720	4014	522	26.9	1017.96	48.59	254006	AS7341	flash	5	100	999	10	100.0	0.0
2026-07-09T15:53:07.168	444	917	618	1171	3011	2953	3437	3717	4011	521	26.89	1017.94	48.15	256778	AS7341	flash	5	100	999	10	100.0	0.0
2026-07-09T15:53:09.183	444	917	619	1171	3010	2951	3435	3714	4009	521	26.89	1017.96	47.8	257380	AS7341	flash	5	100	999	10	100.0	0.0
2026-07-09T15:53:11.198	444	918	618	1171	3010	2951	3434	3713	4008	521	26.89	1017.98	47.5	258188	AS7341	flash	5	100	999	10	100.0	0.0
2026-07-09T15:53:13.110	444	917	618	1170	3008	2948	3431	3710	4006	521	26.89	1017.99	47.27	259408	AS7341	flash	5	100	999	10	100.0	0.0
2026-07-09T15:53:15.127	444	918	619	1171	3010	2950	3432	3711	4008	521	26.89	1018.0	47.08	259204	AS7341	flash	5	100	999	10	100.0	0.0
2026-07-09T15:53:17.141	444	918	618	1171	3009	2949	3431	3708	4007	521	26.88	1017.97	46.93	260433	AS7341	flash	5	100	999	10	100.0	0.0
2026-07-09T15:53:19.164	444	918	619	1171	3010	2949	3431	3709	4008	521	26.89	1018.01	46.81	260433	AS7341	flash	5	100	999	10	100.0	0.0
2026-07-09T15:53:21.180	444	918	618	1171	3010	2949	3431	3708	4007	521	26.89	1018.01	46.73	258390	AS7341	flash	5	100	999	10	100.0	0.0
2026-07-09T15:53:23.194	444	918	619	1171	3010	2951	3431	3708	4008	521	26.89	1018.01	46.65	258390	AS7341	flash	5	100	999	10	100.0	0.0
2026-07-09T15:53:25.097	444	918	619	1171	3009	2949	3429	3706	4006	521	26.89	1017.99	46.59	261883	AS7341	flash	5	100	999	10	100.0	0.0
2026-07-09T15:53:27.112	444	918	619	1171	3010	2950	3429	3706	4006	521	26.89	1018.02	46.53	261260	AS7341	flash	5	100	999	10	100.0	0.0
2026-07-09T15:53:29.129	444	918	619	1171	3011	2950	3430	3707	4008	521	26.88	1017.97	46.51	261675	AS7341	flash	5	100	999	10	100.0	0.0
2026-07-09T15:53:31.147	444	918	619	1171	3011	2950	3430	3706	4007	521	26.89	1018.0	46.46	260846	AS7341	flash	5	100	999	10	100.0	0.0
2026-07-09T15:53:33.173	444	918	619	1171	3010	2950	3429	3706	4007	521	26.88	1017.98	46.44	262091	AS7341	flash	5	100	999	10	100.0	0.0
2026-07-09T15:53:35.191	444	918	619	1171	3011	2951	3430	3707	4008	521	26.88	1017.98	46.43	261260	AS7341	flash	5	100	999	10	100.0	0.0
2026-07-09T15:53:37.100	444	918	619	1171	3010	2950	3429	3705	4006	521	26.88	1017.98	46.39	262719	AS7341	flash	5	100	999	10	100.0	0.0
2026-07-09T15:53:39.115	444	918	619	1172	3012	2950	3431	3707	4008	521	26.88	1017.98	46.36	262509	AS7341	flash	5	100	999	10	100.0	0.0
2026-07-09T15:53:41.129	444	918	619	1171	3012	2952	3430	3706	4008	521	26.87	1017.99	46.34	262300	AS7341	flash	5	100	999	10	100.0	0.0
2026-07-09T15:53:43.148	444	918	619	1172	3012	2952	3431	3706	4009	521	26.87	1017.97	46.34	261260	AS7341	flash	5	100	999	10	100.0	0.0
2026-07-09T15:53:45.162	444	918	619	1172	3014	2953	3432	3708	4010	521	26.87	1017.97	46.31	262719	AS7341	flash	5	100	999	10	100.0	0.0
2026-07-09T15:53:47.184	444	918	619	1172	3013	2953	3431	3707	4010	521	26.87	1017.98	46.31	262509	AS7341	flash	5	100	999	10	100.0	0.0
2026-07-09T15:53:49.204	444	918	619	1172	3012	2952	3431	3706	4009	521	26.87	1018.02	46.29	262300	AS7341	flash	5	100	999	10	100.0	0.0
2026-07-09T15:53:51.107	444	918	619	1172	3013	2953	3432	3706	4010	521	26.87	1018.0	46.29	263349	AS7341	flash	5	100	999	10	100.0	0.0
2026-07-09T15:53:53.125	444	918	619	1172	3013	2954	3431	3707	4009	521	26.88	1017.98	46.26	263771	AS7341	flash	5	100	999	10	100.0	0.0
2026-07-09T15:53:55.140	444	918	619	1172	3014	2954	3432	3707	4010	521	26.87	1018.0	46.26	263560	AS7341	flash	5	100	999	10	100.0	0.0
2026-07-09T15:53:57.157	444	918	619	1172	3013	2953	3432	3706	4009	521	26.87	1018.0	46.28	262719	AS7341	flash	5	100	999	10	100.0	0.0
2026-07-09T15:53:59.176	444	918	619	1172	3014	2954	3432	3707	4010	521	26.87	1018.0	46.27	262300	AS7341	flash	5	100	999	10	100.0	0.0
2026-07-09T15:54:01.192	444	918	619	1173	3015	2955	3433	3708	4011	521	26.86	1017.99	46.25	263349	AS7341	flash	5	100	999	10	100.0	0.0
2026-07-09T15:54:03.203	444	918	619	1172	3015	2955	3433	3708	4011	521	26.87	1017.99	46.24	263138	AS7341	flash	5	100	999	10	100.0	0.0
2026-07-09T15:54:05.114	444	918	619	1172	3014	2954	3432	3707	4010	521	26.87	1017.99	46.24	264618	AS7341	flash	5	100	999	10	100.0	0.0
2026-07-09T15:54:07.123	444	918	619	1172	3015	2955	3433	3707	4010	521	26.87	1018.01	46.23	263349	AS7341	flash	5	100	999	10	100.0	0.0
2026-07-09T15:54:09.138	444	918	619	1173	3016	2954	3434	3709	4012	521	26.87	1018.01	46.24	262928	AS7341	flash	5	100	999	10	100.0	0.0
2026-07-09T15:54:11.153	444	918	619	1173	3015	2955	3433	3708	4012	521	26.86	1018.01	46.23	263349	AS7341	flash	5	100	999	10	100.0	0.0
2026-07-09T15:54:13.169	444	918	619	1173	3016	2956	3434	3708	4012	521	26.86	1017.99	46.24	263771	AS7341	flash	5	100	999	10	100.0	0.0
2026-07-09T15:54:15.187	444	918	619	1173	3016	2956	3435	3709	4013	521	26.87	1017.99	46.22	263138	AS7341	flash	5	100	999	10	100.0	0.0
2026-07-09T15:54:17.203	444	918	619	1173	3017	2956	3435	3709	4013	521	26.86	1018.0	46.22	263138	AS7341	flash	5	100	999	10	100.0	0.0
2026-07-09T15:54:19.109	444	918	619	1172	3016	2955	3434	3708	4012	521	26.87	1018.03	46.21	265472	AS7341	flash	5	100	999	10	100.0	0.0
2026-07-09T15:54:21.125	444	918	619	1173	3016	2955	3434	3709	4013	521	26.87	1018.02	46.22	262928	AS7341	flash	5	100	999	10	100.0	0.0
2026-07-09T15:54:23.148	444	918	619	1173	3017	2957	3435	3709	4013	521	26.86	1017.99	46.22	263982	AS7341	flash	5	100	999	10	100.0	0.0
2026-07-09T15:54:25.161	444	918	619	1173	3017	2957	3435	3709	4013	521	26.86	1017.99	46.22	263349	AS7341	flash	5	100	999	10	100.0	0.0
2026-07-09T15:54:27.183	444	918	619	1173	3017	2957	3436	3709	4014	521	26.86	1018.0	46.22	264406	AS7341	flash	5	100	999	10	100.0	0.0
2026-07-09T15:54:29.212	444	918	619	1173	3017	2957	3435	3709	4013	521	26.87	1017.98	46.21	264406	AS7341	flash	5	100	999	10	100.0	0.0
2026-07-09T15:54:31.124	444	917	619	1173	3016	2956	3434	3708	4012	521	26.88	1017.98	46.22	264618	AS7341	flash	5	100	999	10	100.0	0.0
2026-07-09T15:54:33.134	444	918	619	1173	3018	2958	3436	3710	4014	522	26.87	1018.02	46.21	265472	AS7341	flash	5	100	999	10	100.0	0.0
2026-07-09T15:54:35.156	444	918	619	1173	3017	2957	3435	3709	4013	521	26.86	1018.01	46.21	264406	AS7341	flash	5	100	999	10	100.0	0.0
2026-07-09T15:54:37.169	444	918	619	1173	3018	2958	3437	3710	4015	521	26.86	1018.01	46.21	263349	AS7341	flash	5	100	999	10	100.0	0.0
2026-07-09T15:54:39.192	444	918	619	1173	3018	2958	3436	3709	4013	521	26.86	1017.99	46.21	264194	AS7341	flash	5	100	999	10	100.0	0.0
2026-07-09T15:54:41.207	444	918	619	1173	3018	2958	3436	3709	4014	521	26.86	1017.98	46.2	263982	AS7341	flash	5	100	999	10	100.0	0.0
2026-07-09T15:54:43.117	444	917	619	1173	3018	2958	3436	3710	4014	521	26.87	1018.0	46.21	264618	AS7341	flash	5	100	999	10	100.0	0.0
2026-07-09T15:54:45.140	444	918	619	1173	3018	2957	3436	3710	4014	521	26.87	1018.0	46.19	263771	AS7341	flash	5	100	999	10	100.0	0.0
2026-07-09T15:54:47.159	444	918	619	1173	3019	2958	3437	3711	4015	522	26.86	1018.0	46.19	265044	AS7341	flash	5	100	999	10	100.0	0.0
2026-07-09T15:54:49.180	445	918	619	1174	3019	2959	3438	3711	4016	522	26.86	1018.0	46.21	263560	AS7341	flash	5	100	999	10	100.0	0.0
2026-07-09T15:54:51.202	444	918	619	1174	3019	2959	3437	3710	4015	522	26.87	1018.02	46.21	263771	AS7341	flash	5	100	999	10	100.0	0.0
2026-07-09T15:54:53.215	444	918	619	1174	3019	2959	3438	3710	4015	522	26.87	1018.0	46.2	264831	AS7341	flash	5	100	999	10	100.0	0.0
2026-07-09T15:54:55.119	444	917	619	1173	3019	2959	3437	3711	4015	522	26.87	1018.0	46.19	264618	AS7341	flash	5	100	999	10	100.0	0.0
2026-07-09T15:54:57.142	444	918	619	1174	3019	2959	3438	3711	4016	522	26.87	1018.0	46.2	263771	AS7341	flash	5	100	999	10	100.0	0.0
2026-07-09T15:54:59.165	444	918	619	1174	3020	2960	3438	3711	4016	522	26.87	1017.99	46.19	263138	AS7341	flash	5	100	999	10	100.0	0.0
2026-07-09T15:55:01.183	444	917	619	1173	3019	2959	3438	3711	4015	522	26.87	1017.99	46.19	264194	AS7341	flash	5	100	999	10	100.0	0.0
2026-07-09T15:55:03.199	444	918	619	1174	3019	2960	3438	3711	4016	522	26.86	1017.99	46.18	263771	AS7341	flash	5	100	999	10	100.0	0.0
2026-07-09T15:55:05.216	444	918	619	1174	3019	2958	3437	3711	4015	522	26.87	1017.99	46.19	263349	AS7341	flash	5	100	999	10	100.0	0.0
2026-07-09T15:55:07.132	444	918	619	1174	3019	2960	3438	3711	4016	522	26.88	1018.02	46.18	263138	AS7341	flash	5	100	999	10	100.0	0.0
2026-07-09T15:55:09.156	444	918	619	1174	3019	2959	3438	3711	4016	522	26.87	1018.02	46.19	263771	AS7341	flash	5	100	999	10	100.0	0.0
2026-07-09T15:55:11.170	444	917	619	1173	3019	2958	3437	3710	4015	522	26.87	1017.97	46.19	263349	AS7341	flash	5	100	999	10	100.0	0.0
2026-07-09T15:55:13.186	444	918	619	1174	3020	2960	3439	3712	4016	522	26.87	1018.02	46.2	263771	AS7341	flash	5	100	999	10	100.0	0.0
2026-07-09T15:55:15.201	444	917	619	1173	3019	2959	3437	3710	4014	522	26.87	1017.99	46.2	262091	AS7341	flash	5	100	999	10	100.0	0.0
2026-07-09T15:55:17.214	444	918	619	1174	3020	2960	3438	3711	4016	522	26.87	1018.01	46.19	263349	AS7341	flash	5	100	999	10	100.0	0.0
2026-07-09T15:55:19.121	444	917	619	1173	3019	2960	3438	3711	4015	522	26.88	1017.97	46.2	263349	AS7341	flash	5	100	999	10	100.0	0.0
2026-07-09T15:55:21.139	444	917	619	1174	3020	2960	3438	3711	4016	522	26.87	1017.97	46.18	263349	AS7341	flash	5	100	999	10	100.0	0.0
2026-07-09T15:55:23.154	444	917	619	1174	3020	2960	3438	3711	4016	522	26.87	1017.99	46.18	263771	AS7341	flash	5	100	999	10	100.0	0.0
2026-07-09T15:55:25.172	444	917	619	1174	3019	2960	3438	3710	4015	522	26.87	1018.0	46.2	264831	AS7341	flash	5	100	999	10	100.0	0.0
2026-07-09T15:55:27.192	444	917	619	1174	3020	2960	3438	3711	4016	522	26.87	1017.99	46.19	264618	AS7341	flash	5	100	999	10	100.0	0.0
2026-07-09T15:55:29.208	444	918	619	1174	3020	2960	3439	3711	4016	522	26.87	1017.98	46.18	263771	AS7341	flash	5	100	999	10	100.0	0.0
2026-07-09T15:55:31.111	444	917	619	1173	3020	2960	3438	3711	4016	522	26.88	1017.99	46.17	264194	AS7341	flash	5	100	999	10	100.0	0.0
2026-07-09T15:55:33.120	445	918	619	1174	3020	2960	3438	3711	4016	522	26.87	1018.01	46.17	264618	AS7341	flash	5	100	999	10	100.0	0.0
2026-07-09T15:55:35.137	444	917	619	1174	3020	2959	3438	3711	4016	522	26.87	1017.97	46.18	263349	AS7341	flash	5	100	999	10	100.0	0.0
2026-07-09T15:55:37.153	444	918	619	1174	3020	2960	3439	3712	4016	522	26.87	1017.99	46.19	263771	AS7341	flash	5	100	999	10	100.0	0.0
2026-07-09T15:55:39.179	444	917	619	1174	3021	2961	3439	3712	4017	522	26.87	1017.99	46.18	263982	AS7341	flash	5	100	999	10	100.0	0.0
2026-07-09T15:55:41.192	444	917	619	1174	3021	2960	3439	3712	4017	522	26.87	1018.0	46.18	263349	AS7341	flash	5	100	999	10	100.0	0.0
2026-07-09T15:55:43.206	444	918	619	1174	3021	2961	3439	3712	4017	522	26.88	1017.98	46.2	263771	AS7341	flash	5	100	999	10	100.0	0.0
2026-07-09T15:55:45.120	444	917	619	1173	3020	2960	3438	3711	4016	522	26.88	1017.99	46.19	262091	AS7341	flash	5	100	999	10	100.0	0.0
2026-07-09T15:55:47.135	444	918	619	1174	3021	2961	3440	3712	4017	522	26.88	1018.0	46.18	265686	AS7341	flash	5	100	999	10	100.0	0.0
2026-07-09T15:55:49.153	444	917	619	1174	3021	2960	3439	3712	4017	522	26.87	1017.99	46.19	263771	AS7341	flash	5	100	999	10	100.0	0.0
2026-07-09T15:55:51.165	444	918	619	1174	3021	2962	3440	3713	4018	522	26.88	1017.99	46.2	264194	AS7341	flash	5	100	999	10	100.0	0.0
2026-07-09T15:55:53.187	444	918	619	1174	3021	2961	3440	3712	4017	522	26.87	1017.97	46.19	263560	AS7341	flash	5	100	999	10	100.0	0.0
2026-07-09T15:55:55.207	445	917	619	1174	3021	2962	3440	3713	4018	522	26.87	1018.0	46.19	262928	AS7341	flash	5	100	999	10	100.0	0.0
2026-07-09T15:55:57.114	444	917	619	1174	3020	2961	3439	3711	4017	522	26.88	1017.98	46.2	265900	AS7341	flash	5	100	999	10	100.0	0.0
2026-07-09T15:55:59.125	445	918	619	1174	3021	2962	3440	3713	4018	522	26.87	1017.98	46.21	262091	AS7341	flash	5	100	999	10	100.0	0.0
2026-07-09T15:56:01.141	445	918	619	1174	3022	2962	3441	3713	4019	522	26.87	1017.99	46.21	263349	AS7341	flash	5	100	999	10	100.0	0.0
2026-07-09T15:56:03.165	445	918	619	1174	3022	2962	3441	3714	4019	522	26.87	1018.0	46.21	263982	AS7341	flash	5	100	999	10	100.0	0.0
2026-07-09T15:56:05.179	445	918	619	1174	3022	2962	3441	3714	4019	522	26.86	1017.98	46.21	263560	AS7341	flash	5	100	999	10	100.0	0.0
2026-07-09T15:56:07.206	445	918	619	1174	3022	2962	3441	3713	4018	522	26.86	1018.0	46.22	262509	AS7341	flash	5	100	999	10	100.0	0.0
2026-07-09T15:56:09.117	445	918	619	1174	3021	2962	3440	3713	4018	522	26.87	1017.98	46.22	263771	AS7341	flash	5	100	999	10	100.0	0.0
2026-07-09T15:56:11.131	445	918	619	1174	3022	2963	3441	3714	4019	522	26.87	1018.01	46.21	264618	AS7341	flash	5	100	999	10	100.0	0.0
2026-07-09T15:56:13.156	445	918	619	1174	3022	2962	3441	3714	4019	522	26.86	1018.0	46.23	261675	AS7341	flash	5	100	999	10	100.0	0.0
2026-07-09T15:56:15.183	445	918	619	1174	3021	2962	3440	3712	4018	522	26.86	1017.98	46.21	262300	AS7341	flash	5	100	999	10	100.0	0.0
2026-07-09T15:56:17.198	445	918	619	1174	3022	2962	3441	3713	4019	522	26.87	1017.97	46.23	263560	AS7341	flash	5	100	999	10	100.0	0.0
2026-07-09T15:56:19.219	445	918	619	1174	3023	2963	3441	3714	4019	522	26.87	1017.99	46.23	262509	AS7341	flash	5	100	999	10	100.0	0.0
2026-07-09T15:56:21.234	445	918	619	1174	3022	2962	3440	3713	4018	522	26.86	1017.98	46.22	264194	AS7341	flash	5	100	999	10	100.0	0.0
2026-07-09T15:56:23.148	445	918	619	1174	3022	2962	3441	3714	4019	522	26.88	1018.03	46.22	263349	AS7341	flash	5	100	999	10	100.0	0.0
2026-07-09T15:56:25.170	445	918	619	1174	3022	2962	3442	3714	4019	522	26.86	1018.0	46.22	264194	AS7341	flash	5	100	999	10	100.0	0.0
2026-07-09T15:56:27.185	445	918	619	1174	3022	2962	3440	3713	4018	522	26.86	1018.01	46.21	262928	AS7341	flash	5	100	999	10	100.0	0.0
2026-07-09T15:56:29.195	445	918	619	1175	3022	2962	3441	3714	4019	522	26.86	1018.02	46.24	263349	AS7341	flash	5	100	999	10	100.0	0.0
2026-07-09T15:56:31.207	444	918	619	1174	3022	2962	3441	3713	4018	522	26.87	1017.99	46.23	263138	AS7341	flash	5	100	999	10	100.0	0.0
2026-07-09T15:56:33.226	445	918	619	1175	3023	2964	3442	3714	4020	522	26.87	1017.98	46.22	265044	AS7341	flash	5	100	999	10	100.0	0.0
2026-07-09T15:56:35.140	445	918	619	1174	3022	2963	3441	3714	4018	522	26.87	1017.99	46.24	264194	AS7341	flash	5	100	999	10	100.0	0.0
2026-07-09T15:56:37.158	445	918	619	1174	3022	2963	3441	3713	4019	522	26.86	1018.01	46.22	263771	AS7341	flash	5	100	999	10	100.0	0.0
2026-07-09T15:56:39.171	445	918	619	1174	3021	2962	3440	3713	4018	522	26.87	1018.02	46.23	263560	AS7341	flash	5	100	999	10	100.0	0.0
2026-07-09T15:56:41.185	445	918	619	1174	3022	2962	3441	3713	4018	522	26.87	1018.01	46.23	263349	AS7341	flash	5	100	999	10	100.0	0.0
2026-07-09T15:56:43.206	445	918	619	1174	3022	2962	3441	3713	4018	522	26.86	1018.02	46.23	263349	AS7341	flash	5	100	999	10	100.0	0.0
2026-07-09T15:56:45.222	445	918	619	1174	3021	2962	3440	3713	4018	522	26.87	1018.0	46.24	262928	AS7341	flash	5	100	999	10	100.0	0.0
2026-07-09T15:56:47.133	444	917	619	1174	3021	2962	3440	3713	4018	522	26.88	1017.97	46.23	264618	AS7341	flash	5	100	999	10	100.0	0.0
2026-07-09T15:56:49.146	445	918	619	1174	3022	2962	3441	3713	4019	522	26.87	1017.97	46.24	265258	AS7341	flash	5	100	999	10	100.0	0.0
2026-07-09T15:56:51.170	445	918	619	1174	3022	2963	3441	3714	4019	522	26.86	1018.0	46.23	264194	AS7341	flash	5	100	999	10	100.0	0.0
2026-07-09T15:56:53.189	445	918	619	1174	3022	2963	3442	3714	4019	522	26.86	1017.99	46.25	263349	AS7341	flash	5	100	999	10	100.0	0.0
2026-07-09T15:56:55.200	445	918	619	1174	3022	2962	3442	3714	4019	522	26.87	1017.97	46.23	262719	AS7341	flash	5	100	999	10	100.0	0.0
2026-07-09T15:56:57.219	445	918	619	1175	3022	2963	3441	3714	4019	522	26.87	1018.01	46.23	263771	AS7341	flash	5	100	999	10	100.0	0.0
2026-07-09T15:56:59.131	445	918	619	1174	3023	2963	3441	3714	4019	522	26.87	1017.99	46.25	263982	AS7341	flash	5	100	999	10	100.0	0.0
2026-07-09T15:57:01.148	445	918	619	1175	3023	2962	3441	3714	4019	522	26.87	1017.98	46.24	262928	AS7341	flash	5	100	999	10	100.0	0.0
2026-07-09T15:57:03.164	445	918	619	1174	3022	2963	3442	3714	4019	522	26.87	1017.95	46.25	263349	AS7341	flash	5	100	999	10	100.0	0.0
2026-07-09T15:57:05.184	445	918	619	1175	3023	2963	3443	3715	4020	522	26.87	1018.01	46.24	263349	AS7341	flash	5	100	999	10	100.0	0.0
2026-07-09T15:57:07.198	445	918	619	1175	3022	2963	3442	3714	4019	522	26.87	1017.98	46.25	264194	AS7341	flash	5	100	999	10	100.0	0.0
2026-07-09T15:57:09.218	445	918	619	1175	3023	2963	3442	3715	4020	522	26.87	1017.98	46.25	263771	AS7341	flash	5	100	999	10	100.0	0.0
2026-07-09T15:57:11.134	445	918	619	1174	3022	2962	3441	3713	4019	522	26.87	1017.97	46.23	265044	AS7341	flash	5	100	999	10	100.0	0.0
2026-07-09T15:57:13.150	445	918	619	1175	3022	2963	3442	3714	4019	522	26.87	1017.99	46.23	263560	AS7341	flash	5	100	999	10	100.0	0.0
2026-07-09T15:57:15.171	445	918	619	1174	3022	2961	3441	3713	4018	522	26.87	1017.99	46.24	262928	AS7341	flash	5	100	999	10	100.0	0.0
2026-07-09T15:57:17.183	445	918	619	1174	3022	2963	3442	3714	4019	522	26.87	1017.98	46.24	263349	AS7341	flash	5	100	999	10	100.0	0.0
2026-07-09T15:57:19.201	445	918	619	1175	3023	2963	3442	3714	4020	522	26.86	1017.97	46.24	262719	AS7341	flash	5	100	999	10	100.0	0.0
2026-07-09T15:57:21.212	445	918	619	1174	3023	2962	3442	3714	4019	522	26.87	1018.0	46.25	264194	AS7341	flash	5	100	999	10	100.0	0.0
2026-07-09T15:57:23.234	445	918	619	1175	3023	2962	3442	3715	4020	522	26.86	1017.98	46.24	264618	AS7341	flash	5	100	999	10	100.0	0.0
2026-07-09T15:57:25.143	445	918	619	1174	3022	2963	3442	3714	4019	522	26.88	1018.0	46.25	263771	AS7341	flash	5	100	999	10	100.0	0.0
2026-07-09T15:57:27.155	445	918	619	1175	3023	2964	3442	3714	4020	522	26.87	1018.02	46.24	261883	AS7341	flash	5	100	999	10	100.0	0.0
2026-07-09T15:57:29.168	445	918	619	1175	3022	2962	3442	3714	4019	522	26.87	1018.01	46.24	263982	AS7341	flash	5	100	999	10	100.0	0.0
2026-07-09T15:57:31.186	445	918	619	1175	3023	2962	3442	3714	4019	522	26.87	1018.0	46.24	262928	AS7341	flash	5	100	999	10	100.0	0.0
2026-07-09T15:57:33.210	445	918	619	1175	3023	2963	3442	3714	4019	522	26.86	1018.01	46.23	264194	AS7341	flash	5	100	999	10	100.0	0.0
2026-07-09T15:57:35.224	445	918	619	1175	3023	2963	3442	3714	4019	522	26.87	1017.99	46.24	263138	AS7341	flash	5	100	999	10	100.0	0.0
2026-07-09T15:57:37.128	445	918	619	1174	3022	2963	3442	3713	4019	522	26.88	1018.0	46.24	263349	AS7341	flash	5	100	999	10	100.0	0.0
2026-07-09T15:57:39.144	445	918	619	1175	3022	2963	3442	3714	4019	522	26.87	1018.0	46.24	263349	AS7341	flash	5	100	999	10	100.0	0.0
2026-07-09T15:57:41.156	445	918	619	1175	3023	2963	3442	3714	4019	522	26.88	1018.0	46.23	264194	AS7341	flash	5	100	999	10	100.0	0.0
2026-07-09T15:57:43.170	445	918	619	1175	3023	2963	3442	3715	4020	522	26.87	1017.98	46.24	264406	AS7341	flash	5	100	999	10	100.0	0.0
2026-07-09T15:57:45.184	445	918	620	1175	3023	2964	3443	3715	4020	522	26.87	1017.99	46.24	262928	AS7341	flash	5	100	999	10	100.0	0.0
2026-07-09T15:57:47.197	445	918	619	1175	3023	2964	3443	3715	4020	522	26.88	1017.97	46.25	264194	AS7341	flash	5	100	999	10	100.0	0.0
2026-07-09T15:57:49.220	445	918	620	1175	3024	2964	3443	3715	4020	522	26.88	1018.0	46.23	263771	AS7341	flash	5	100	999	10	100.0	0.0
2026-07-09T15:57:51.130	445	918	619	1174	3022	2963	3442	3714	4019	522	26.89	1018.03	46.24	263771	AS7341	flash	5	100	999	10	100.0	0.0
2026-07-09T15:57:53.147	445	918	620	1175	3023	2962	3442	3714	4020	522	26.88	1017.97	46.22	262928	AS7341	flash	5	100	999	10	100.0	0.0
2026-07-09T15:57:55.169	445	918	619	1175	3023	2964	3443	3715	4020	522	26.87	1018.01	46.24	262928	AS7341	flash	5	100	999	10	100.0	0.0
2026-07-09T15:57:57.192	445	918	619	1175	3023	2964	3443	3715	4020	522	26.87	1017.99	46.24	262509	AS7341	flash	5	100	999	10	0.0	0.0
2026-07-09T15:57:59.208	445	918	619	1175	3023	2963	3443	3716	4021	522	26.89	1018.03	46.24	263771	AS7341	flash	5	100	999	10	0.0	0.0
2026-07-09T15:58:01.223	445	918	619	1175	3023	2964	3444	3717	4021	522	26.92	1017.97	46.35	263138	AS7341	flash	5	100	999	10	0.0	0.0
2026-07-09T15:58:03.139	445	918	619	1175	3023	2965	3445	3719	4022	522	26.93	1017.99	46.58	262300	AS7341	flash	5	100	999	10	0.0	0.0
2026-07-09T15:58:05.156	445	917	619	1175	3024	2966	3448	3721	4024	523	26.94	1017.99	46.87	260022	AS7341	flash	5	100	999	10	0.0	0.0
2026-07-09T15:58:07.170	445	917	620	1175	3023	2966	3449	3724	4024	523	26.94	1017.97	47.22	259612	AS7341	flash	5	100	999	10	0.0	0.0
2026-07-09T15:58:09.189	445	917	620	1175	3024	2967	3451	3726	4025	523	26.95	1017.99	47.57	258188	AS7341	flash	5	100	999	10	0.0	0.0
2026-07-09T15:58:11.202	445	917	620	1174	3023	2967	3452	3728	4025	523	26.95	1017.99	47.92	256979	AS7341	flash	5	100	999	10	0.0	0.0
2026-07-09T15:58:13.218	445	917	619	1174	3023	2967	3454	3730	4026	523	26.96	1017.97	48.26	255583	AS7341	flash	5	100	999	10	0.0	0.0
2026-07-09T15:58:15.137	445	917	619	1174	3022	2966	3453	3730	4025	523	26.96	1017.98	48.56	255583	AS7341	flash	5	100	999	10	0.0	0.0
2026-07-09T15:58:17.148	445	917	619	1174	3022	2965	3453	3731	4025	523	26.97	1018.01	48.86	254006	AS7341	flash	5	100	999	10	100.0	0.0
2026-07-09T15:58:19.175	445	917	619	1174	3021	2964	3453	3731	4025	523	26.96	1017.99	49.09	254792	AS7341	flash	5	100	999	10	100.0	0.0
2026-07-09T15:58:21.188	445	917	619	1173	3019	2961	3449	3727	4021	522	26.93	1017.99	49.05	253225	AS7341	flash	5	100	999	10	100.0	0.0
2026-07-09T15:58:23.201	445	917	619	1173	3018	2960	3447	3724	4019	522	26.93	1017.98	48.71	254006	AS7341	flash	5	100	999	10	100.0	0.0
2026-07-09T15:58:25.221	445	918	619	1173	3016	2958	3443	3720	4016	522	26.92	1018.0	48.28	255583	AS7341	flash	5	100	999	10	100.0	0.0
2026-07-09T15:58:27.135	445	918	619	1172	3014	2956	3441	3718	4014	522	26.93	1018.01	47.92	257179	AS7341	flash	5	100	999	10	100.0	0.0
2026-07-09T15:58:29.150	445	918	619	1172	3014	2956	3440	3716	4013	522	26.92	1017.95	47.59	257783	AS7341	flash	5	100	999	10	100.0	0.0
2026-07-09T15:58:31.170	444	918	619	1172	3013	2955	3438	3714	4012	522	26.92	1018.01	47.33	258188	AS7341	flash	5	100	999	10	100.0	0.0
2026-07-09T15:58:33.180	444	919	619	1172	3013	2954	3437	3713	4011	521	26.91	1018.01	47.14	258188	AS7341	flash	5	100	999	10	100.0	0.0
2026-07-09T15:58:35.194	445	919	619	1172	3013	2954	3436	3712	4011	522	26.91	1018.04	46.98	258188	AS7341	flash	5	100	999	10	100.0	0.0
2026-07-09T15:58:37.209	444	919	619	1172	3012	2953	3434	3710	4009	521	26.91	1018.0	46.84	258593	AS7341	flash	5	100	999	10	100.0	0.0
2026-07-09T15:58:39.233	444	919	619	1172	3013	2953	3434	3710	4010	521	26.91	1017.98	46.75	258796	AS7341	flash	5	100	999	10	100.0	0.0
2026-07-09T15:58:41.140	444	918	619	1172	3012	2953	3434	3708	4009	521	26.91	1018.01	46.67	259817	AS7341	flash	5	100	999	10	100.0	0.0
2026-07-09T15:58:43.171	444	919	619	1172	3013	2953	3434	3709	4010	521	26.9	1018.0	46.61	259612	AS7341	flash	5	100	999	10	100.0	0.0
2026-07-09T15:58:45.191	444	919	619	1172	3013	2952	3434	3709	4010	521	26.91	1018.0	46.58	260022	AS7341	flash	5	100	999	10	100.0	0.0
2026-07-09T15:58:47.208	444	919	619	1172	3013	2953	3434	3708	4010	521	26.91	1018.0	46.53	260639	AS7341	flash	5	100	999	10	100.0	0.0
2026-07-09T15:58:49.221	444	919	619	1172	3014	2954	3434	3709	4010	521	26.91	1018.01	46.5	260228	AS7341	flash	5	100	999	10	100.0	0.0
2026-07-09T15:58:51.131	444	919	619	1172	3013	2953	3433	3707	4009	521	26.92	1018.0	46.47	260846	AS7341	flash	5	100	999	10	100.0	0.0
2026-07-09T15:58:53.147	444	919	619	1172	3014	2954	3434	3708	4010	521	26.91	1017.98	46.45	259000	AS7341	flash	5	100	999	10	100.0	0.0
2026-07-09T15:58:55.165	444	919	619	1172	3015	2955	3435	3709	4012	521	26.91	1018.0	46.43	260639	AS7341	flash	5	100	999	10	100.0	0.0
2026-07-09T15:58:57.184	444	919	619	1173	3014	2955	3435	3709	4011	521	26.91	1017.99	46.41	261675	AS7341	flash	5	100	999	10	100.0	0.0
2026-07-09T15:58:59.203	444	919	619	1173	3016	2955	3436	3709	4012	522	26.91	1017.99	46.4	260433	AS7341	flash	5	100	999	10	100.0	0.0
2026-07-09T15:59:01.220	444	919	619	1173	3015	2955	3434	3708	4012	521	26.91	1018.0	46.39	261675	AS7341	flash	5	100	999	10	100.0	0.0
2026-07-09T15:59:03.234	444	919	619	1173	3015	2955	3435	3709	4012	521	26.91	1017.99	46.39	262091	AS7341	flash	5	100	999	10	100.0	0.0
2026-07-09T15:59:05.139	444	919	619	1172	3016	2955	3435	3709	4012	521	26.91	1018.03	46.37	262509	AS7341	flash	5	100	999	10	100.0	0.0
2026-07-09T15:59:07.162	444	919	619	1173	3015	2955	3434	3708	4011	521	26.91	1018.02	46.37	262300	AS7341	flash	5	100	999	10	100.0	0.0
2026-07-09T15:59:09.178	444	919	619	1173	3015	2956	3435	3708	4012	521	26.91	1017.99	46.37	259408	AS7341	flash	5	100	999	10	100.0	0.0
2026-07-09T15:59:11.192	444	919	619	1173	3015	2956	3435	3708	4012	521	26.9	1018.01	46.35	261883	AS7341	flash	5	100	999	10	100.0	0.0
2026-07-09T15:59:13.208	445	919	619	1173	3017	2957	3437	3710	4013	522	26.9	1017.98	46.35	262928	AS7341	flash	5	100	999	10	100.0	0.0
2026-07-09T15:59:15.227	444	919	619	1173	3016	2956	3436	3709	4013	522	26.9	1018.0	46.35	262300	AS7341	flash	5	100	999	10	100.0	0.0
2026-07-09T15:59:17.140	444	919	619	1173	3016	2956	3435	3708	4012	521	26.91	1017.99	46.35	263771	AS7341	flash	5	100	999	10	100.0	0.0
2026-07-09T15:59:19.157	444	919	619	1173	3017	2957	3437	3709	4014	522	26.9	1018.0	46.33	261883	AS7341	flash	5	100	999	10	100.0	0.0
2026-07-09T15:59:21.170	445	919	619	1173	3017	2958	3437	3710	4014	522	26.9	1017.97	46.33	262091	AS7341	flash	5	100	999	10	100.0	0.0
2026-07-09T15:59:23.191	444	919	619	1173	3018	2958	3437	3710	4015	522	26.9	1018.01	46.33	261260	AS7341	flash	5	100	999	10	100.0	0.0
2026-07-09T15:59:25.206	445	919	619	1174	3019	2958	3438	3711	4015	522	26.9	1018.01	46.32	259817	AS7341	flash	5	100	999	10	100.0	0.0
2026-07-09T15:59:27.230	445	919	619	1173	3018	2958	3438	3711	4015	522	26.9	1017.99	46.32	262091	AS7341	flash	5	100	999	10	100.0	0.0
2026-07-09T15:59:29.245	445	919	620	1174	3018	2958	3437	3710	4014	522	26.9	1017.98	46.33	262509	AS7341	flash	5	100	999	10	100.0	0.0
2026-07-09T15:59:31.151	444	919	619	1173	3018	2958	3437	3710	4014	522	26.9	1017.98	46.32	262509	AS7341	flash	5	100	999	10	100.0	0.0
2026-07-09T15:59:33.167	445	919	620	1173	3018	2959	3437	3710	4015	522	26.9	1018.02	46.32	262509	AS7341	flash	5	100	999	10	100.0	0.0
2026-07-09T15:59:35.185	445	919	620	1174	3019	2959	3439	3711	4016	522	26.9	1017.99	46.32	262300	AS7341	flash	5	100	999	10	100.0	0.0
2026-07-09T15:59:37.208	445	919	620	1174	3020	2960	3439	3712	4016	522	26.9	1017.98	46.33	262300	AS7341	flash	5	100	999	10	100.0	0.0
2026-07-09T15:59:39.231	445	919	620	1174	3020	2960	3439	3712	4016	522	26.9	1018.01	46.33	261260	AS7341	flash	5	100	999	10	100.0	0.0
2026-07-09T15:59:41.147	445	919	620	1174	3020	2960	3439	3711	4016	522	26.91	1017.99	46.32	262928	AS7341	flash	5	100	999	10	100.0	0.0
2026-07-09T15:59:43.171	445	919	619	1174	3019	2960	3439	3711	4016	522	26.9	1017.97	46.32	262091	AS7341	flash	5	100	999	10	100.0	0.0
2026-07-09T15:59:45.189	445	919	620	1174	3020	2960	3439	3712	4016	522	26.9	1017.99	46.32	264406	AS7341	flash	5	100	999	10	100.0	0.0
2026-07-09T15:59:47.209	445	919	620	1174	3020	2960	3439	3711	4016	522	26.9	1017.97	46.33	262091	AS7341	flash	5	100	999	10	100.0	0.0
2026-07-09T15:59:49.219	445	919	620	1174	3020	2961	3440	3712	4017	522	26.9	1017.97	46.33	262091	AS7341	flash	5	100	999	10	100.0	0.0
2026-07-09T15:59:51.228	445	919	620	1174	3020	2961	3440	3712	4017	522	26.89	1017.99	46.33	262928	AS7341	flash	5	100	999	10	100.0	0.0
2026-07-09T15:59:53.242	445	919	620	1174	3020	2960	3440	3712	4017	522	26.89	1018.0	46.32	261883	AS7341	flash	5	100	999	10	100.0	0.0
2026-07-09T15:59:55.156	445	919	619	1174	3019	2960	3439	3711	4016	522	26.91	1018.02	46.33	263138	AS7341	flash	5	100	999	10	100.0	0.0
2026-07-09T15:59:57.174	445	919	620	1174	3020	2961	3440	3712	4017	522	26.9	1018.02	46.32	262928	AS7341	flash	5	100	999	10	100.0	0.0
2026-07-09T15:59:59.190	445	919	620	1174	3020	2960	3440	3712	4016	522	26.9	1017.98	46.32	262509	AS7341	flash	5	100	999	10	100.0	0.0
2026-07-09T16:00:01.215	445	919	619	1174	3021	2961	3441	3713	4017	522	26.89	1017.99	46.32	262091	AS7341	flash	5	100	999	10	100.0	0.0
2026-07-09T16:00:03.230	445	919	620	1174	3021	2962	3440	3713	4017	522	26.9	1018.01	46.32	262509	AS7341	flash	5	100	999	10	100.0	0.0
2026-07-09T16:00:05.248	445	919	620	1174	3021	2962	3441	3713	4018	522	26.9	1018.0	46.34	262719	AS7341	flash	5	100	999	10	100.0	0.0
2026-07-09T16:00:07.155	445	919	620	1174	3020	2961	3440	3712	4016	522	26.9	1017.99	46.32	263982	AS7341	flash	5	100	999	10	100.0	0.0
2026-07-09T16:00:09.171	445	919	620	1174	3020	2960	3440	3712	4016	522	26.9	1018.0	46.3	261883	AS7341	flash	5	100	999	10	100.0	0.0
2026-07-09T16:00:11.180	445	919	620	1174	3021	2961	3441	3712	4017	522	26.9	1018.02	46.32	262509	AS7341	flash	5	100	999	10	100.0	0.0
2026-07-09T16:00:13.200	445	919	619	1174	3021	2961	3441	3712	4017	522	26.89	1017.98	46.31	262509	AS7341	flash	5	100	999	10	100.0	0.0
2026-07-09T16:00:15.216	445	919	620	1174	3021	2962	3441	3713	4018	522	26.89	1017.97	46.33	261675	AS7341	flash	5	100	999	10	100.0	0.0
2026-07-09T16:00:17.238	445	918	619	1174	3020	2961	3440	3712	4017	522	26.89	1017.98	46.32	262091	AS7341	flash	5	100	999	10	100.0	0.0
2026-07-09T16:00:19.150	445	919	620	1174	3021	2960	3440	3712	4017	522	26.9	1018.0	46.31	263349	AS7341	flash	5	100	999	10	100.0	0.0
2026-07-09T16:00:21.161	445	919	620	1174	3021	2961	3441	3713	4018	522	26.89	1018.0	46.32	263349	AS7341	flash	5	100	999	10	100.0	0.0
2026-07-09T16:00:23.181	445	919	620	1174	3022	2962	3441	3713	4018	522	26.89	1018.0	46.32	262509	AS7341	flash	5	100	999	10	100.0	0.0
2026-07-09T16:00:25.195	445	919	620	1174	3021	2960	3440	3712	4017	522	26.89	1018.0	46.32	261883	AS7341	flash	5	100	999	10	100.0	0.0
2026-07-09T16:00:27.214	445	919	620	1174	3021	2961	3441	3712	4017	522	26.89	1018.02	46.33	262928	AS7341	flash	5	100	999	10	100.0	0.0
2026-07-09T16:00:29.228	445	919	619	1174	3022	2962	3442	3714	4019	522	26.89	1018.02	46.31	262091	AS7341	flash	5	100	999	10	100.0	0.0
2026-07-09T16:00:31.240	445	919	620	1175	3023	2964	3443	3714	4020	522	26.89	1017.99	46.34	262091	AS7341	flash	5	100	999	10	100.0	0.0
2026-07-09T16:00:33.144	445	919	620	1174	3021	2962	3441	3713	4018	522	26.89	1018.01	46.33	264194	AS7341	flash	5	100	999	10	100.0	0.0
2026-07-09T16:00:35.157	445	919	619	1174	3022	2962	3441	3713	4018	522	26.89	1018.01	46.31	261883	AS7341	flash	5	100	999	10	100.0	0.0
2026-07-09T16:00:37.171	445	919	620	1175	3022	2963	3442	3714	4019	522	26.89	1018.0	46.33	262719	AS7341	flash	5	100	999	10	100.0	0.0
2026-07-09T16:00:39.188	445	919	620	1175	3022	2962	3442	3713	4018	522	26.89	1018.03	46.33	263771	AS7341	flash	5	100	999	10	100.0	0.0
2026-07-09T16:00:41.204	445	919	619	1175	3022	2962	3442	3713	4019	522	26.88	1018.02	46.33	262719	AS7341	flash	5	100	999	10	100.0	0.0
2026-07-09T16:00:43.222	445	919	619	1174	3022	2963	3442	3714	4019	522	26.89	1018.03	46.33	262719	AS7341	flash	5	100	999	10	100.0	0.0
2026-07-09T16:00:45.236	445	919	620	1175	3022	2962	3442	3713	4019	522	26.89	1018.05	46.33	262509	AS7341	flash	5	100	999	10	100.0	0.0
2026-07-09T16:00:47.142	445	919	620	1174	3022	2963	3442	3713	4019	522	26.89	1018.01	46.32	263771	AS7341	flash	5	100	999	10	100.0	0.0
2026-07-09T16:00:49.159	445	919	620	1175	3022	2963	3442	3714	4019	522	26.89	1017.98	46.33	263771	AS7341	flash	5	100	999	10	100.0	0.0
2026-07-09T16:00:51.178	445	918	619	1174	3021	2961	3441	3712	4017	522	26.89	1018.03	46.32	262928	AS7341	flash	5	100	999	10	100.0	0.0
2026-07-09T16:00:53.196	445	919	620	1175	3022	2962	3442	3714	4019	522	26.89	1018.03	46.31	262509	AS7341	flash	5	100	999	10	100.0	0.0
2026-07-09T16:00:55.224	445	919	619	1174	3022	2962	3441	3713	4018	522	26.89	1018.02	46.32	263560	AS7341	flash	5	100	999	10	100.0	0.0
2026-07-09T16:00:57.244	445	919	620	1175	3023	2963	3443	3714	4019	522	26.88	1018.01	46.33	261883	AS7341	flash	5	100	999	10	100.0	0.0
2026-07-09T16:00:59.151	445	919	620	1174	3022	2962	3442	3713	4018	522	26.9	1018.02	46.33	262300	AS7341	flash	5	100	999	10	100.0	0.0
2026-07-09T16:01:01.164	445	918	620	1174	3022	2962	3442	3714	4019	522	26.89	1018.03	46.34	262719	AS7341	flash	5	100	999	10	100.0	0.0
2026-07-09T16:01:03.186	445	919	620	1175	3022	2963	3443	3714	4019	522	26.89	1018.04	46.34	262928	AS7341	flash	5	100	999	10	100.0	0.0
2026-07-09T16:01:05.198	445	918	619	1174	3022	2963	3442	3713	4019	522	26.89	1018.03	46.34	262091	AS7341	flash	5	100	999	10	100.0	0.0
2026-07-09T16:01:07.212	445	919	620	1175	3022	2963	3442	3714	4019	522	26.88	1018.03	46.35	262091	AS7341	flash	5	100	999	10	100.0	0.0
2026-07-09T16:01:09.226	445	919	620	1175	3023	2963	3443	3714	4019	522	26.89	1018.01	46.33	262300	AS7341	flash	5	100	999	10	100.0	0.0
2026-07-09T16:01:11.141	445	918	620	1174	3021	2962	3441	3712	4018	522	26.89	1018.0	46.34	262719	AS7341	flash	5	100	999	10	100.0	0.0
2026-07-09T16:01:13.162	445	918	620	1174	3023	2962	3443	3714	4020	522	26.89	1018.05	46.33	261467	AS7341	flash	5	100	999	10	100.0	0.0
2026-07-09T16:01:15.182	445	919	620	1175	3022	2963	3442	3714	4018	522	26.89	1018.06	46.33	262928	AS7341	flash	5	100	999	10	100.0	0.0
2026-07-09T16:01:17.196	445	919	620	1175	3022	2963	3442	3713	4019	522	26.89	1018.05	46.33	262928	AS7341	flash	5	100	999	10	100.0	0.0
2026-07-09T16:01:19.217	445	918	620	1175	3022	2963	3442	3714	4019	522	26.89	1018.03	46.35	262091	AS7341	flash	5	100	999	10	100.0	0.0
2026-07-09T16:01:21.235	445	919	620	1175	3023	2964	3444	3714	4020	522	26.89	1018.03	46.35	262091	AS7341	flash	5	100	999	10	100.0	0.0
2026-07-09T16:01:23.143	445	919	620	1175	3022	2962	3442	3713	4018	522	26.89	1018.01	46.33	263560	AS7341	flash	5	100	999	10	100.0	0.0
2026-07-09T16:01:25.167	445	919	620	1175	3023	2962	3443	3714	4019	522	26.89	1018.04	46.33	262719	AS7341	flash	5	100	999	10	100.0	0.0
2026-07-09T16:01:27.179	445	919	620	1175	3023	2963	3443	3714	4019	522	26.89	1018.02	46.33	262928	AS7341	flash	5	100	999	10	100.0	0.0
2026-07-09T16:01:29.205	445	919	620	1175	3023	2963	3444	3715	4020	522	26.89	1018.02	46.33	261883	AS7341	flash	5	100	999	10	100.0	0.0
2026-07-09T16:01:31.230	445	919	620	1175	3023	2963	3444	3715	4020	522	26.89	1018.01	46.32	262928	AS7341	flash	5	100	999	10	100.0	0.0
2026-07-09T16:01:33.137	445	918	620	1174	3022	2962	3442	3713	4018	522	26.9	1018.02	46.33	262719	AS7341	flash	5	100	999	10	100.0	0.0
2026-07-09T16:01:35.148	445	918	620	1175	3022	2962	3443	3714	4019	522	26.9	1018.03	46.32	262928	AS7341	flash	5	100	999	10	100.0	0.0
2026-07-09T16:01:37.175	445	918	620	1175	3023	2964	3444	3715	4020	522	26.89	1018.01	46.32	262719	AS7341	flash	5	100	999	10	100.0	0.0
2026-07-09T16:01:39.185	445	919	620	1175	3024	2964	3444	3715	4020	522	26.9	1018.01	46.33	262091	AS7341	flash	5	100	999	10	100.0	0.0
2026-07-09T16:01:41.199	445	919	620	1175	3023	2964	3444	3715	4020	522	26.89	1018.04	46.35	262091	AS7341	flash	5	100	999	10	100.0	0.0
2026-07-09T16:01:43.213	445	919	620	1175	3023	2964	3443	3714	4020	522	26.9	1018.06	46.32	261467	AS7341	flash	5	100	999	10	100.0	0.0
2026-07-09T16:01:45.231	445	919	620	1175	3023	2964	3443	3714	4019	522	26.89	1018.01	46.31	262091	AS7341	flash	5	100	999	10	100.0	0.0
2026-07-09T16:01:47.246	445	919	620	1175	3023	2963	3443	3714	4019	522	26.9	1018.04	46.34	261675	AS7341	flash	5	100	999	10	100.0	0.0
2026-07-09T16:01:49.159	445	919	620	1175	3024	2964	3444	3715	4020	522	26.89	1018.04	46.33	262928	AS7341	flash	5	100	999	10	100.0	0.0
2026-07-09T16:01:51.175	445	918	620	1175	3023	2964	3443	3714	4019	522	26.89	1018.04	46.31	263349	AS7341	flash	5	100	999	10	100.0	0.0
2026-07-09T16:01:53.192	445	919	620	1175	3024	2964	3444	3715	4020	522	26.89	1017.99	46.32	262928	AS7341	flash	5	100	999	10	100.0	0.0
2026-07-09T16:01:55.204	445	919	620	1175	3023	2963	3444	3715	4020	522	26.89	1018.05	46.32	262509	AS7341	flash	5	100	999	10	100.0	0.0
2026-07-09T16:01:57.226	445	919	620	1175	3023	2964	3444	3714	4020	522	26.9	1018.03	46.31	262091	AS7341	flash	5	100	999	10	100.0	0.0
2026-07-09T16:01:59.251	445	919	620	1175	3023	2964	3444	3715	4020	522	26.9	1018.04	46.32	262091	AS7341	flash	5	100	999	10	100.0	0.0
2026-07-09T16:02:01.163	445	918	620	1174	3022	2962	3443	3713	4019	522	26.91	1018.03	46.31	262928	AS7341	flash	5	100	999	10	100.0	0.0
2026-07-09T16:02:03.194	445	919	620	1175	3023	2964	3444	3715	4021	522	26.9	1018.02	46.31	262300	AS7341	flash	5	100	999	10	100.0	0.0
2026-07-09T16:02:05.207	445	919	620	1175	3023	2964	3444	3714	4020	522	26.9	1018.04	46.3	262719	AS7341	flash	5	100	999	10	100.0	0.0
2026-07-09T16:02:07.227	445	919	620	1175	3023	2964	3444	3714	4020	522	26.9	1018.03	46.31	262509	AS7341	flash	5	100	999	10	100.0	0.0
2026-07-09T16:02:09.255	445	919	620	1175	3023	2964	3443	3714	4020	522	26.9	1018.02	46.3	262509	AS7341	flash	5	100	999	10	100.0	0.0
2026-07-09T16:02:11.160	445	918	620	1175	3022	2963	3442	3713	4018	522	26.91	1018.04	46.31	263349	AS7341	flash	5	100	999	10	100.0	0.0
2026-07-09T16:02:13.176	445	919	620	1175	3023	2964	3444	3714	4020	522	26.9	1018.04	46.29	261675	AS7341	flash	5	100	999	10	100.0	0.0
2026-07-09T16:02:15.195	445	918	620	1175	3023	2964	3444	3714	4019	522	26.9	1018.03	46.3	262509	AS7341	flash	5	100	999	10	100.0	0.0
2026-07-09T16:02:17.217	445	919	620	1175	3023	2963	3444	3714	4019	522	26.91	1018.06	46.29	262509	AS7341	flash	5	100	999	10	100.0	0.0
2026-07-09T16:02:19.234	445	918	620	1175	3023	2962	3443	3713	4019	522	26.91	1018.03	46.3	262091	AS7341	flash	5	100	999	10	100.0	0.0
2026-07-09T16:02:21.264	445	919	620	1175	3023	2964	3443	3714	4019	522	26.9	1018.02	46.29	263771	AS7341	flash	5	100	999	10	100.0	0.0
2026-07-09T16:02:23.172	445	918	620	1175	3022	2962	3443	3713	4019	522	26.91	1018.06	46.27	262509	AS7341	flash	5	100	999	10	100.0	0.0
2026-07-09T16:02:25.194	445	918	620	1175	3023	2964	3443	3713	4020	522	26.91	1018.03	46.28	261675	AS7341	flash	5	100	999	10	100.0	0.0
2026-07-09T16:02:27.212	445	919	620	1175	3023	2964	3443	3713	4019	522	26.91	1018.03	46.28	262719	AS7341	flash	5	100	999	10	100.0	0.0
2026-07-09T16:02:29.229	445	919	620	1175	3023	2964	3443	3714	4020	522	26.9	1018.01	46.28	262928	AS7341	flash	5	100	999	10	100.0	0.0
2026-07-09T16:02:31.241	445	919	620	1175	3023	2963	3444	3714	4020	522	26.9	1018.0	46.27	262719	AS7341	flash	5	100	999	10	100.0	0.0
2026-07-09T16:02:33.256	445	919	620	1175	3024	2964	3444	3715	4020	522	26.9	1018.01	46.28	263349	AS7341	flash	5	100	999	10	100.0	0.0
2026-07-09T16:02:35.165	445	918	620	1175	3023	2964	3443	3713	4019	522	26.91	1017.99	46.25	262928	AS7341	flash	5	100	999	10	100.0	0.0
2026-07-09T16:02:37.188	445	919	620	1175	3024	2964	3444	3715	4020	522	26.91	1018.03	46.27	263982	AS7341	flash	5	100	999	10	100.0	0.0
2026-07-09T16:02:39.210	445	919	620	1175	3023	2964	3443	3714	4020	522	26.91	1018.03	46.25	262300	AS7341	flash	5	100	999	10	100.0	0.0
2026-07-09T16:02:41.224	445	919	620	1175	3023	2963	3443	3713	4020	522	26.91	1018.01	46.27	260433	AS7341	flash	5	100	999	10	100.0	0.0
2026-07-09T16:02:43.235	445	918	620	1174	3023	2964	3443	3714	4019	522	26.91	1018.02	46.26	262719	AS7341	flash	5	100	999	10	100.0	0.0
2026-07-09T16:02:45.253	445	919	620	1175	3024	2964	3444	3715	4021	522	26.91	1018.01	46.25	262719	AS7341	flash	5	100	999	10	100.0	0.0
2026-07-09T16:02:47.159	445	919	620	1175	3023	2963	3444	3713	4020	522	26.92	1018.04	46.26	263771	AS7341	flash	5	100	999	10	100.0	0.0
2026-07-09T16:02:49.174	445	919	620	1175	3024	2964	3444	3714	4020	522	26.91	1018.03	46.25	263138	AS7341	flash	5	100	999	10	100.0	0.0
2026-07-09T16:02:51.186	445	919	620	1175	3024	2964	3443	3714	4020	522	26.91	1018.02	46.24	262928	AS7341	flash	5	100	999	10	100.0	0.0
2026-07-09T16:02:53.208	445	919	620	1175	3024	2964	3444	3715	4020	523	26.91	1018.02	46.24	262509	AS7341	flash	5	100	999	10	100.0	0.0
2026-07-09T16:02:55.226	445	919	620	1175	3023	2963	3444	3714	4020	522	26.91	1018.01	46.24	262928	AS7341	flash	5	100	999	10	100.0	0.0
2026-07-09T16:02:57.253	445	919	620	1175	3024	2965	3444	3715	4020	522	26.91	1018.03	46.24	261675	AS7341	flash	5	100	999	10	100.0	0.0
2026-07-09T16:02:59.165	445	918	620	1175	3023	2964	3443	3714	4020	522	26.92	1017.99	46.24	261883	AS7341	flash	5	100	999	10	100.0	0.0
2026-07-09T16:03:01.179	445	919	620	1175	3024	2965	3444	3714	4020	522	26.91	1018.03	46.24	262300	AS7341	flash	5	100	999	10	100.0	0.0
2026-07-09T16:03:03.195	445	919	620	1175	3023	2965	3444	3714	4020	522	26.92	1018.03	46.23	262509	AS7341	flash	5	100	999	10	100.0	0.0
2026-07-09T16:03:05.213	445	919	620	1175	3023	2964	3444	3714	4020	522	26.91	1018.0	46.23	261467	AS7341	flash	5	100	999	10	100.0	0.0
2026-07-09T16:03:07.237	445	919	620	1175	3024	2964	3445	3715	4021	522	26.91	1017.99	46.22	261675	AS7341	flash	5	100	999	10	100.0	0.0
2026-07-09T16:03:09.251	445	919	620	1175	3024	2965	3444	3715	4020	522	26.91	1018.0	46.24	261675	AS7341	flash	5	100	999	10	100.0	0.0
2026-07-09T16:03:11.260	445	918	620	1175	3023	2964	3443	3713	4019	522	26.91	1018.01	46.24	261260	AS7341	flash	5	100	999	10	100.0	0.0
2026-07-09T16:03:13.171	445	919	620	1175	3023	2964	3444	3714	4019	522	26.92	1018.02	46.23	262719	AS7341	flash	5	100	999	10	100.0	0.0
2026-07-09T16:03:15.185	445	919	620	1175	3024	2965	3444	3714	4020	522	26.91	1018.01	46.22	263982	AS7341	flash	5	100	999	10	100.0	0.0
2026-07-09T16:03:17.196	445	919	620	1175	3024	2964	3444	3714	4021	522	26.92	1018.02	46.23	262091	AS7341	flash	5	100	999	10	0.0	0.0
2026-07-09T16:03:19.211	445	918	620	1175	3024	2965	3444	3715	4020	522	26.92	1018.05	46.23	262091	AS7341	flash	5	100	999	10	0.0	0.0
2026-07-09T16:03:21.231	445	919	620	1175	3025	2966	3447	3718	4023	522	26.95	1018.03	46.33	263771	AS7341	flash	5	100	999	10	0.0	0.0
2026-07-09T16:03:23.250	445	918	620	1175	3025	2967	3449	3720	4024	523	26.96	1018.05	46.57	261675	AS7341	flash	5	100	999	10	0.0	0.0
2026-07-09T16:03:25.164	445	918	620	1175	3024	2966	3449	3720	4023	523	26.97	1018.02	46.87	260228	AS7341	flash	5	100	999	10	0.0	0.0
2026-07-09T16:03:27.184	445	918	620	1175	3025	2968	3452	3725	4026	523	26.98	1018.02	47.23	259204	AS7341	flash	5	100	999	10	0.0	0.0
2026-07-09T16:03:29.199	445	918	620	1175	3024	2967	3451	3724	4024	523	26.99	1018.07	47.6	257783	AS7341	flash	5	100	999	10	0.0	0.0
2026-07-09T16:03:31.225	445	918	620	1175	3025	2968	3454	3728	4026	523	26.99	1018.02	47.96	256379	AS7341	flash	5	100	999	10	0.0	0.0
2026-07-09T16:03:33.236	446	918	620	1175	3024	2968	3455	3729	4026	523	27.0	1018.0	48.28	255583	AS7341	flash	5	100	999	10	0.0	0.0
2026-07-09T16:03:35.255	446	918	620	1174	3024	2968	3456	3731	4027	523	26.99	1018.02	48.58	254202	AS7341	flash	5	100	999	10	0.0	0.0
2026-07-09T16:03:37.160	445	917	620	1174	3022	2966	3454	3730	4025	523	27.02	1018.02	48.85	254792	AS7341	flash	5	100	999	10	0.0	0.0
2026-07-09T16:03:39.174	446	918	620	1174	3022	2966	3455	3731	4025	523	27.02	1018.02	49.11	253030	AS7341	flash	5	100	999	10	0.0	0.0
2026-07-09T16:03:41.184	445	917	620	1174	3023	2966	3457	3734	4027	523	27.02	1018.0	49.33	251869	AS7341	flash	5	100	999	10	0.0	0.0
2026-07-09T16:03:43.207	446	917	620	1173	3021	2965	3456	3733	4025	523	27.03	1018.04	49.57	249390	AS7341	flash	5	100	999	10	0.0	0.0
2026-07-09T16:03:45.222	445	917	620	1173	3020	2965	3457	3734	4025	523	27.03	1018.05	49.77	248449	AS7341	flash	5	100	999	10	0.0	0.0
2026-07-09T16:03:47.242	445	917	620	1172	3019	2963	3456	3734	4024	523	27.04	1018.05	49.94	249390	AS7341	flash	5	100	999	10	0.0	0.0
2026-07-09T16:03:49.258	446	917	620	1172	3019	2963	3456	3735	4024	523	27.05	1018.04	50.11	246404	AS7341	flash	5	100	999	10	0.0	0.0
2026-07-09T16:03:51.268	446	917	620	1172	3017	2963	3455	3735	4023	523	27.04	1018.04	50.27	246220	AS7341	flash	5	100	999	10	0.0	0.0
2026-07-09T16:03:53.278	445	917	620	1172	3017	2962	3455	3736	4022	523	27.05	1018.04	50.4	245303	AS7341	flash	5	100	999	10	0.0	0.0
2026-07-09T16:03:55.187	445	917	620	1171	3015	2959	3453	3734	4021	523	27.07	1018.06	50.52	245121	AS7341	flash	5	100	999	10	0.0	0.0
2026-07-09T16:03:57.208	445	917	620	1171	3015	2959	3454	3736	4022	523	27.07	1018.08	50.64	245669	AS7341	flash	5	100	999	10	0.0	0.0
2026-07-09T16:03:59.226	445	917	620	1171	3015	2960	3454	3736	4021	523	27.07	1018.04	50.74	243850	AS7341	flash	5	100	999	10	0.0	0.0
2026-07-09T16:04:01.239	445	917	619	1170	3012	2957	3452	3735	4019	523	27.07	1018.05	50.86	244031	AS7341	flash	5	100	999	10	0.0	0.0
2026-07-09T16:04:03.254	445	917	619	1170	3012	2958	3452	3736	4019	523	27.06	1018.05	50.97	242058	AS7341	flash	5	100	999	10	0.0	0.0
2026-07-09T16:04:05.277	445	917	620	1170	3011	2957	3452	3736	4019	523	27.08	1018.02	51.08	242414	AS7341	flash	5	100	999	10	0.0	0.0
2026-07-09T16:04:07.193	445	917	619	1170	3010	2956	3451	3736	4018	522	27.09	1018.04	51.16	241703	AS7341	flash	5	100	999	10	0.0	0.0
2026-07-09T16:04:09.209	445	918	620	1170	3010	2955	3451	3736	4017	522	27.08	1018.01	51.25	240292	AS7341	flash	5	100	999	10	0.0	0.0
2026-07-09T16:04:11.228	445	918	620	1169	3008	2954	3450	3735	4017	522	27.08	1018.04	51.32	240995	AS7341	flash	5	100	999	10	0.0	0.0
2026-07-09T16:04:13.245	445	917	619	1169	3008	2953	3449	3735	4016	522	27.09	1018.02	51.39	239244	AS7341	flash	5	100	999	10	0.0	0.0
2026-07-09T16:04:15.256	445	917	619	1168	3006	2952	3448	3735	4015	522	27.09	1018.05	51.48	239593	AS7341	flash	5	100	999	10	0.0	0.0
2026-07-09T16:04:17.274	445	918	619	1168	3006	2950	3448	3735	4015	522	27.09	1018.0	51.57	238379	AS7341	flash	5	100	999	10	0.0	0.0
2026-07-09T16:04:19.178	445	917	619	1167	3003	2949	3445	3733	4012	522	27.1	1018.03	51.63	239942	AS7341	flash	5	100	999	10	0.0	0.0
2026-07-09T16:04:21.198	445	918	619	1168	3003	2949	3446	3734	4012	522	27.09	1018.01	51.7	238551	AS7341	flash	5	100	999	10	0.0	0.0
2026-07-09T16:04:23.213	445	918	619	1167	3003	2948	3446	3734	4012	522	27.1	1018.02	51.76	238206	AS7341	flash	5	100	999	10	0.0	0.0
2026-07-09T16:04:25.231	445	917	619	1167	3001	2947	3443	3733	4010	522	27.1	1018.04	51.83	238206	AS7341	flash	5	100	999	10	0.0	0.0
2026-07-09T16:04:27.248	445	918	619	1166	3001	2946	3443	3733	4010	522	27.1	1018.01	51.89	236666	AS7341	flash	5	100	999	10	0.0	0.0
2026-07-09T16:04:29.263	444	917	619	1166	2999	2945	3442	3732	4008	522	27.11	1018.04	51.93	236836	AS7341	flash	5	100	999	10	0.0	0.0
2026-07-09T16:04:31.281	445	918	619	1166	2999	2944	3442	3732	4008	522	27.11	1018.04	51.97	237348	AS7341	flash	5	100	999	10	0.0	0.0
2026-07-09T16:04:33.192	444	918	619	1165	2998	2943	3442	3732	4008	522	27.12	1018.02	52.0	236666	AS7341	flash	5	100	999	10	0.0	0.0
2026-07-09T16:04:35.215	444	918	619	1165	2997	2942	3440	3731	4005	521	27.11	1018.01	52.04	235818	AS7341	flash	5	100	999	10	0.0	0.0
2026-07-09T16:04:37.235	444	918	619	1165	2997	2942	3440	3731	4006	521	27.11	1018.03	52.11	237006	AS7341	flash	5	100	999	10	0.0	0.0
2026-07-09T16:04:39.254	444	918	619	1165	2995	2941	3438	3731	4005	521	27.11	1018.04	52.18	235313	AS7341	flash	5	100	999	10	0.0	0.0
2026-07-09T16:04:41.270	445	919	619	1165	2995	2940	3439	3731	4005	521	27.12	1018.0	52.27	234977	AS7341	flash	5	100	999	10	0.0	0.0
2026-07-09T16:04:43.183	444	918	619	1164	2993	2938	3436	3729	4002	521	27.13	1018.0	52.3	235818	AS7341	flash	5	100	999	10	0.0	0.0
2026-07-09T16:04:45.199	444	918	619	1164	2993	2938	3437	3730	4004	521	27.12	1018.03	52.33	233975	AS7341	flash	5	100	999	10	0.0	0.0
2026-07-09T16:04:47.217	444	918	619	1164	2991	2936	3435	3728	4001	521	27.13	1018.06	52.38	233478	AS7341	flash	5	100	999	10	0.0	0.0
2026-07-09T16:04:49.232	444	918	619	1163	2991	2936	3435	3729	4001	521	27.14	1018.04	52.44	233644	AS7341	flash	5	100	999	10	0.0	0.0
2026-07-09T16:04:51.255	444	918	619	1163	2990	2935	3435	3729	4000	521	27.13	1018.05	52.46	232982	AS7341	flash	5	100	999	10	0.0	0.0
2026-07-09T16:04:53.274	444	919	619	1163	2989	2934	3434	3728	4000	521	27.13	1018.03	52.48	232982	AS7341	flash	5	100	999	10	0.0	0.0
2026-07-09T16:04:55.175	444	918	619	1162	2988	2933	3432	3726	3998	521	27.15	1017.99	52.5	233644	AS7341	flash	5	100	999	10	0.0	0.0
2026-07-09T16:04:57.199	444	918	619	1162	2988	2933	3432	3727	3998	521	27.14	1018.03	52.53	233478	AS7341	flash	5	100	999	10	0.0	0.0
2026-07-09T16:04:59.210	444	918	619	1162	2987	2932	3431	3727	3997	521	27.14	1018.02	52.57	232325	AS7341	flash	5	100	999	10	0.0	0.0
2026-07-09T16:05:01.227	444	918	619	1162	2986	2931	3430	3726	3996	520	27.14	1018.0	52.58	231183	AS7341	flash	5	100	999	10	0.0	0.0
2026-07-09T16:05:03.246	444	919	619	1162	2986	2931	3431	3727	3997	521	27.14	1017.99	52.62	231346	AS7341	flash	5	100	999	10	0.0	0.0
2026-07-09T16:05:05.273	444	919	619	1161	2985	2930	3430	3726	3996	520	27.14	1018.03	52.65	231671	AS7341	flash	5	100	999	10	0.0	0.0
2026-07-09T16:05:07.174	444	918	619	1161	2984	2928	3428	3725	3994	520	27.16	1018.02	52.68	231183	AS7341	flash	5	100	999	10	0.0	0.0
2026-07-09T16:05:09.190	444	919	619	1161	2983	2928	3428	3725	3994	520	27.15	1018.03	52.71	231021	AS7341	flash	5	100	999	10	0.0	0.0
2026-07-09T16:05:11.205	444	919	619	1161	2983	2928	3428	3725	3994	520	27.15	1018.04	52.73	232818	AS7341	flash	5	100	999	10	0.0	0.0
2026-07-09T16:05:13.220	444	919	618	1161	2983	2927	3428	3725	3993	520	27.15	1017.99	52.77	230536	AS7341	flash	5	100	999	10	0.0	0.0
2026-07-09T16:05:15.243	444	919	619	1161	2982	2927	3427	3725	3993	520	27.15	1018.03	52.79	229572	AS7341	flash	5	100	999	10	0.0	0.0
2026-07-09T16:05:17.257	444	919	619	1160	2981	2926	3426	3724	3992	520	27.15	1018.01	52.78	229892	AS7341	flash	5	100	999	10	0.0	0.0
2026-07-09T16:05:19.270	444	919	618	1160	2981	2925	3426	3724	3992	520	27.15	1018.01	52.82	231021	AS7341	flash	5	100	999	10	0.0	0.0
2026-07-09T16:05:21.178	443	919	618	1159	2979	2923	3424	3722	3990	520	27.16	1018.0	52.83	231183	AS7341	flash	5	100	999	10	0.0	0.0
2026-07-09T16:05:23.187	444	919	618	1159	2979	2924	3424	3723	3991	520	27.15	1018.0	52.88	230214	AS7341	flash	5	100	999	10	0.0	0.0
2026-07-09T16:05:25.198	443	919	618	1159	2978	2922	3423	3722	3989	520	27.16	1018.03	52.91	230536	AS7341	flash	5	100	999	10	0.0	0.0
2026-07-09T16:05:27.220	443	919	618	1159	2978	2922	3423	3722	3989	520	27.15	1017.99	52.97	230053	AS7341	flash	5	100	999	10	0.0	0.0
2026-07-09T16:05:29.233	443	919	618	1159	2977	2921	3422	3722	3988	520	27.15	1018.02	53.02	229572	AS7341	flash	5	100	999	10	0.0	0.0
2026-07-09T16:05:31.255	443	919	618	1159	2977	2921	3422	3722	3988	520	27.15	1018.0	53.06	229572	AS7341	flash	5	100	999	10	0.0	0.0
2026-07-09T16:05:33.273	444	920	618	1159	2976	2920	3421	3722	3987	520	27.15	1018.0	53.13	228775	AS7341	flash	5	100	999	10	0.0	0.0
2026-07-09T16:05:35.180	443	919	618	1158	2975	2919	3420	3720	3986	520	27.16	1018.01	53.12	228934	AS7341	flash	5	100	999	10	0.0	0.0
2026-07-09T16:05:37.207	443	919	618	1158	2974	2918	3419	3720	3985	519	27.16	1018.02	53.17	230053	AS7341	flash	5	100	999	10	0.0	0.0
2026-07-09T16:05:39.220	443	920	618	1158	2974	2919	3420	3720	3986	520	27.17	1018.02	53.21	228775	AS7341	flash	5	100	999	10	0.0	0.0
2026-07-09T16:05:41.249	443	920	618	1158	2973	2918	3419	3720	3985	520	27.16	1018.0	53.26	228934	AS7341	flash	5	100	999	10	0.0	0.0
2026-07-09T16:05:43.278	443	920	618	1158	2973	2918	3419	3720	3985	520	27.16	1018.01	53.31	227510	AS7341	flash	5	100	999	10	0.0	0.0
2026-07-09T16:05:45.178	443	920	618	1157	2972	2916	3417	3718	3983	519	27.17	1018.0	53.33	229093	AS7341	flash	5	100	999	10	0.0	0.0
2026-07-09T16:05:47.199	443	920	618	1157	2972	2917	3418	3720	3984	520	27.17	1017.99	53.35	228616	AS7341	flash	5	100	999	10	0.0	0.0
2026-07-09T16:05:49.215	443	920	618	1157	2971	2915	3416	3718	3982	519	27.16	1018.0	53.38	227510	AS7341	flash	5	100	999	10	0.0	0.0
2026-07-09T16:05:51.237	443	920	618	1157	2970	2914	3416	3718	3981	519	27.17	1017.98	53.43	228616	AS7341	flash	5	100	999	10	0.0	0.0
2026-07-09T16:05:53.262	443	920	618	1157	2970	2915	3416	3718	3982	519	27.18	1018.02	53.46	225795	AS7341	flash	5	100	999	10	0.0	0.0
2026-07-09T16:05:55.272	443	920	618	1157	2970	2914	3415	3718	3981	519	27.17	1017.99	53.5	227353	AS7341	flash	5	100	999	10	0.0	0.0
2026-07-09T16:05:57.182	443	920	618	1156	2968	2913	3414	3717	3981	519	27.18	1017.99	53.5	228616	AS7341	flash	5	100	999	10	0.0	0.0
2026-07-09T16:05:59.193	443	920	618	1156	2969	2913	3415	3718	3981	519	27.18	1018.04	53.51	227983	AS7341	flash	5	100	999	10	0.0	0.0
2026-07-09T16:06:01.211	443	920	618	1156	2968	2912	3414	3717	3980	519	27.18	1017.99	53.54	227040	AS7341	flash	5	100	999	10	0.0	0.0
2026-07-09T16:06:03.240	443	921	618	1156	2968	2912	3414	3716	3980	519	27.18	1017.99	53.54	226260	AS7341	flash	5	100	999	10	0.0	0.0
2026-07-09T16:06:05.253	443	921	618	1156	2967	2911	3413	3717	3979	519	27.19	1018.0	53.53	226415	AS7341	flash	5	100	999	10	0.0	0.0
2026-07-09T16:06:07.265	443	920	618	1155	2965	2910	3411	3715	3977	519	27.19	1017.98	53.54	227040	AS7341	flash	5	100	999	10	0.0	0.0
2026-07-09T16:06:09.176	443	920	618	1155	2966	2910	3412	3715	3978	519	27.19	1018.02	53.54	227196	AS7341	flash	5	100	999	10	0.0	0.0
2026-07-09T16:06:11.187	443	920	618	1155	2965	2908	3410	3714	3976	519	27.19	1018.0	53.56	226415	AS7341	flash	5	100	999	10	0.0	0.0
2026-07-09T16:06:13.200	443	920	618	1155	2965	2909	3411	3715	3977	519	27.19	1018.01	53.59	227668	AS7341	flash	5	100	999	10	0.0	0.0
2026-07-09T16:06:15.225	443	920	618	1155	2964	2909	3411	3715	3976	519	27.19	1017.97	53.62	226415	AS7341	flash	5	100	999	10	0.0	0.0
2026-07-09T16:06:17.241	443	921	618	1155	2965	2909	3411	3716	3977	519	27.18	1017.98	53.62	225949	AS7341	flash	5	100	999	10	0.0	0.0
2026-07-09T16:06:19.253	443	920	618	1155	2964	2908	3410	3714	3976	519	27.19	1017.99	53.64	226415	AS7341	flash	5	100	999	10	0.0	0.0
2026-07-09T16:06:21.274	443	921	618	1155	2964	2907	3410	3714	3975	519	27.19	1018.01	53.65	226415	AS7341	flash	5	100	999	10	0.0	0.0
2026-07-09T16:06:23.287	443	921	618	1155	2962	2907	3409	3714	3975	519	27.19	1018.02	53.66	225795	AS7341	flash	5	100	999	10	0.0	0.0
2026-07-09T16:06:25.189	443	921	618	1154	2962	2906	3408	3713	3974	519	27.21	1017.96	53.69	226571	AS7341	flash	5	100	999	10	0.0	0.0
2026-07-09T16:06:27.202	443	921	618	1154	2962	2906	3408	3713	3974	519	27.2	1017.97	53.7	226260	AS7341	flash	5	100	999	10	0.0	0.0
2026-07-09T16:06:29.221	442	921	618	1154	2961	2906	3408	3713	3974	518	27.2	1017.95	53.75	226727	AS7341	flash	5	100	999	10	0.0	0.0
2026-07-09T16:06:31.237	443	921	618	1154	2961	2905	3407	3713	3973	518	27.2	1018.0	53.78	225640	AS7341	flash	5	100	999	10	0.0	0.0
2026-07-09T16:06:33.253	442	921	618	1154	2960	2904	3406	3712	3972	518	27.2	1018.01	53.8	224563	AS7341	flash	5	100	999	10	0.0	0.0
2026-07-09T16:06:35.266	442	921	618	1153	2960	2904	3406	3712	3972	518	27.2	1017.98	53.8	226105	AS7341	flash	5	100	999	10	0.0	0.0
2026-07-09T16:06:37.291	442	921	618	1154	2959	2903	3406	3711	3972	518	27.2	1018.0	53.78	224410	AS7341	flash	5	100	999	10	0.0	0.0
2026-07-09T16:06:39.196	442	921	618	1153	2959	2903	3405	3711	3971	518	27.21	1017.98	53.78	225177	AS7341	flash	5	100	999	10	0.0	0.0
2026-07-09T16:06:41.220	443	921	618	1154	2959	2903	3405	3711	3971	518	27.2	1018.01	53.78	226415	AS7341	flash	5	100	999	10	0.0	0.0
2026-07-09T16:06:43.233	442	921	618	1153	2958	2902	3404	3711	3970	518	27.2	1018.0	53.8	224563	AS7341	flash	5	100	999	10	0.0	0.0
2026-07-09T16:06:45.246	443	922	618	1154	2958	2903	3405	3711	3971	518	27.2	1017.95	53.82	224716	AS7341	flash	5	100	999	10	0.0	0.0
2026-07-09T16:06:47.261	442	921	618	1153	2958	2902	3404	3711	3970	518	27.21	1018.03	53.84	225795	AS7341	flash	5	100	999	10	0.0	0.0
2026-07-09T16:06:49.282	442	921	618	1153	2957	2901	3403	3710	3969	518	27.21	1018.03	53.88	224410	AS7341	flash	5	100	999	10	0.0	0.0
2026-07-09T16:06:51.195	442	921	618	1152	2957	2901	3403	3710	3969	518	27.22	1017.95	53.9	225331	AS7341	flash	5	100	999	10	0.0	0.0
2026-07-09T16:06:53.217	442	922	618	1153	2957	2901	3403	3710	3969	518	27.21	1017.97	53.89	225485	AS7341	flash	5	100	999	10	0.0	0.0
2026-07-09T16:06:55.236	442	921	618	1153	2956	2900	3403	3709	3968	518	27.21	1017.93	53.9	225485	AS7341	flash	5	100	999	10	0.0	0.0
2026-07-09T16:06:57.249	442	922	618	1153	2956	2900	3402	3710	3968	518	27.21	1017.95	53.94	224257	AS7341	flash	5	100	999	10	0.0	0.0
2026-07-09T16:06:59.272	442	921	618	1152	2956	2900	3402	3709	3968	518	27.21	1017.98	53.95	225023	AS7341	flash	5	100	999	10	0.0	0.0
2026-07-09T16:07:01.287	442	921	618	1152	2955	2900	3402	3709	3968	518	27.21	1018.01	53.99	224257	AS7341	flash	5	100	999	10	0.0	0.0
2026-07-09T16:07:03.197	442	921	618	1152	2954	2898	3400	3708	3966	518	27.23	1017.93	54.0	225949	AS7341	flash	5	100	999	10	0.0	0.0
2026-07-09T16:07:05.226	442	922	618	1152	2955	2899	3401	3709	3968	518	27.22	1017.98	53.99	226105	AS7341	flash	5	100	999	10	0.0	0.0
2026-07-09T16:07:07.236	442	922	618	1152	2955	2898	3401	3709	3967	518	27.22	1017.96	54.01	224257	AS7341	flash	5	100	999	10	0.0	0.0
2026-07-09T16:07:09.253	442	922	618	1152	2954	2898	3400	3708	3966	518	27.22	1017.94	54.05	224104	AS7341	flash	5	100	999	10	0.0	0.0
2026-07-09T16:07:11.274	442	922	618	1152	2954	2899	3401	3709	3968	518	27.21	1017.98	54.05	224410	AS7341	flash	5	100	999	10	0.0	0.0
2026-07-09T16:07:13.294	442	922	618	1152	2955	2898	3401	3710	3967	518	27.22	1017.95	54.04	224870	AS7341	flash	5	100	999	10	0.0	0.0
2026-07-09T16:07:15.212	442	922	618	1152	2953	2897	3399	3708	3965	518	27.24	1017.96	54.06	225795	AS7341	flash	5	100	999	10	0.0	0.0
2026-07-09T16:07:17.243	442	922	618	1152	2954	2898	3400	3708	3966	518	27.22	1017.95	54.05	223800	AS7341	flash	5	100	999	10	0.0	0.0
2026-07-09T16:07:19.252	442	922	618	1152	2953	2897	3400	3709	3966	518	27.23	1017.96	54.05	223496	AS7341	flash	5	100	999	10	0.0	0.0
2026-07-09T16:07:21.264	442	922	618	1152	2952	2896	3399	3708	3965	518	27.22	1017.94	54.07	223952	AS7341	flash	5	100	999	10	0.0	0.0
2026-07-09T16:07:23.281	442	922	618	1152	2953	2896	3399	3708	3966	518	27.22	1017.98	54.09	224257	AS7341	flash	5	100	999	10	0.0	0.0
2026-07-09T16:07:25.191	442	922	618	1151	2952	2896	3398	3707	3964	518	27.23	1017.99	54.11	225331	AS7341	flash	5	100	999	10	0.0	0.0
2026-07-09T16:07:27.220	442	922	618	1151	2952	2896	3398	3707	3964	518	27.22	1017.94	54.12	224257	AS7341	flash	5	100	999	10	0.0	0.0
2026-07-09T16:07:29.246	442	922	618	1151	2951	2895	3398	3707	3964	518	27.22	1017.97	54.14	224870	AS7341	flash	5	100	999	10	0.0	0.0
2026-07-09T16:07:31.275	442	922	618	1151	2952	2896	3399	3707	3965	518	27.23	1017.96	54.15	222891	AS7341	flash	5	100	999	10	0.0	0.0
2026-07-09T16:07:33.285	442	922	618	1151	2951	2894	3397	3706	3963	518	27.23	1017.98	54.15	223042	AS7341	flash	5	100	999	10	0.0	0.0
2026-07-09T16:07:35.193	442	922	618	1151	2950	2894	3396	3706	3963	517	27.24	1017.95	54.16	224563	AS7341	flash	5	100	999	10	0.0	0.0
2026-07-09T16:07:37.204	442	922	618	1151	2950	2894	3396	3706	3962	517	27.24	1017.94	54.16	224563	AS7341	flash	5	100	999	10	0.0	0.0
2026-07-09T16:07:39.231	442	922	618	1151	2950	2893	3396	3705	3962	517	27.23	1017.94	54.15	223648	AS7341	flash	5	100	999	10	0.0	0.0
2026-07-09T16:07:41.245	442	923	618	1151	2950	2893	3396	3706	3962	517	27.24	1017.94	54.16	224716	AS7341	flash	5	100	999	10	0.0	0.0
2026-07-09T16:07:43.255	442	922	618	1150	2948	2892	3395	3704	3961	517	27.24	1017.96	54.17	223952	AS7341	flash	5	100	999	10	0.0	0.0
2026-07-09T16:07:45.270	442	922	618	1150	2949	2893	3395	3705	3961	517	27.23	1017.95	54.18	223952	AS7341	flash	5	100	999	10	0.0	0.0
