timestamp	f1_415	f2_445	f3_480	f4_515	f5_555	f6_590	f7_630	f8_680	clear	nir	T	P	RH	Gas	model	mode	gain	atime	astep	led	pwm	led_V
2026-07-07T18:04:52.225	358	790	508	981	2392	2249	2533	2990	3255	419	28.21	1013.93	44.3	156542	AS7341	flash	5	100	999	10	100.0	0.1
2026-07-07T18:04:54.250	358	790	509	981	2392	2249	2533	2990	3255	419	28.2	1013.93	44.28	157869	AS7341	flash	5	100	999	10	100.0	0.1
2026-07-07T18:04:56.263	358	790	508	981	2393	2249	2533	2990	3255	419	28.2	1013.92	44.29	157276	AS7341	flash	5	100	999	10	100.0	0.1
2026-07-07T18:04:58.277	358	790	509	981	2393	2250	2534	2991	3256	419	28.2	1013.95	44.28	157276	AS7341	flash	5	100	999	10	100.0	0.1
2026-07-07T18:05:00.301	358	790	509	981	2393	2250	2534	2991	3256	419	28.2	1013.95	44.27	156835	AS7341	flash	5	100	999	10	100.0	0.1
2026-07-07T18:05:02.313	358	790	509	981	2393	2250	2533	2990	3256	419	28.2	1013.92	44.26	156542	AS7341	flash	5	100	999	10	100.0	0.1
2026-07-07T18:05:04.339	358	790	509	981	2393	2250	2534	2991	3256	419	28.2	1013.92	44.27	156835	AS7341	flash	5	100	999	10	100.0	0.1
2026-07-07T18:05:06.247	358	790	509	981	2393	2249	2533	2990	3255	419	28.21	1013.93	44.27	157424	AS7341	flash	5	100	999	10	100.0	0.1
2026-07-07T18:05:08.261	358	790	509	981	2393	2250	2534	2991	3256	419	28.2	1013.94	44.26	157129	AS7341	flash	5	100	999	10	100.0	0.1
2026-07-07T18:05:10.278	358	790	509	981	2393	2250	2533	2991	3256	419	28.19	1013.91	44.25	158018	AS7341	flash	5	100	999	10	100.0	0.1
2026-07-07T18:05:12.304	358	790	509	981	2393	2250	2534	2991	3256	419	28.19	1013.9	44.25	157721	AS7341	flash	5	100	999	10	100.0	0.1
2026-07-07T18:05:14.326	358	790	509	982	2394	2250	2534	2991	3256	419	28.19	1013.92	44.26	157721	AS7341	flash	5	100	999	10	100.0	0.1
2026-07-07T18:05:16.240	358	790	509	981	2393	2249	2533	2990	3255	419	28.2	1013.93	44.25	158018	AS7341	flash	5	100	999	10	100.0	0.1
2026-07-07T18:05:18.261	358	790	509	981	2394	2250	2534	2991	3256	419	28.2	1013.95	44.25	157721	AS7341	flash	5	100	999	10	100.0	0.1
2026-07-07T18:05:20.281	358	790	509	981	2394	2250	2534	2991	3256	419	28.19	1013.93	44.24	156982	AS7341	flash	5	100	999	10	100.0	0.1
2026-07-07T18:05:22.298	358	790	509	981	2393	2250	2534	2991	3256	419	28.18	1013.94	44.24	156542	AS7341	flash	5	100	999	10	100.0	0.1
2026-07-07T18:05:24.324	358	790	509	981	2393	2250	2534	2991	3256	419	28.19	1013.94	44.24	158018	AS7341	flash	5	100	999	10	100.0	0.1
2026-07-07T18:05:26.241	358	790	509	981	2394	2250	2534	2991	3257	419	28.2	1013.96	44.24	156982	AS7341	flash	5	100	999	10	100.0	0.1
2026-07-07T18:05:28.257	358	790	509	981	2394	2250	2534	2991	3256	419	28.19	1013.92	44.24	157869	AS7341	flash	5	100	999	10	100.0	0.1
2026-07-07T18:05:30.276	358	790	509	981	2394	2250	2534	2990	3255	419	28.19	1013.91	44.24	157572	AS7341	flash	5	100	999	10	100.0	0.1
2026-07-07T18:05:32.304	358	790	509	982	2394	2251	2534	2991	3257	419	28.18	1013.94	44.23	157572	AS7341	flash	5	100	999	10	100.0	0.1
2026-07-07T18:05:34.326	358	790	509	981	2394	2250	2534	2991	3256	419	28.18	1013.9	44.23	156542	AS7341	flash	5	100	999	10	100.0	0.1
2026-07-07T18:05:36.246	358	790	509	981	2393	2249	2533	2990	3255	419	28.19	1013.94	44.24	157276	AS7341	flash	5	100	999	10	100.0	0.1
2026-07-07T18:05:38.263	358	790	509	982	2393	2250	2534	2990	3256	419	28.19	1013.92	44.23	157572	AS7341	flash	5	100	999	10	100.0	0.1
2026-07-07T18:05:40.285	358	790	509	982	2394	2251	2534	2991	3257	419	28.18	1013.93	44.24	158317	AS7341	flash	5	100	999	10	100.0	0.1
2026-07-07T18:05:42.310	358	790	509	982	2393	2250	2534	2990	3255	419	28.18	1013.96	44.22	157424	AS7341	flash	5	100	999	10	100.0	0.1
2026-07-07T18:05:44.337	358	790	509	981	2394	2251	2534	2991	3255	419	28.18	1013.94	44.22	157129	AS7341	flash	5	100	999	10	100.0	0.1
2026-07-07T18:05:46.347	358	790	509	981	2394	2251	2535	2992	3256	419	28.18	1013.93	44.22	157129	AS7341	flash	5	100	999	10	0.0	0.1
2026-07-07T18:05:48.255	358	790	509	981	2392	2250	2535	2993	3256	419	28.23	1013.96	44.35	157869	AS7341	flash	5	100	999	10	0.0	0.1
2026-07-07T18:05:50.269	358	790	509	980	2390	2248	2534	2995	3256	419	28.23	1013.92	44.74	156104	AS7341	flash	5	100	999	10	0.0	0.1
2026-07-07T18:05:52.280	358	790	509	979	2389	2247	2534	2998	3256	419	28.24	1013.93	45.37	153952	AS7341	flash	5	100	999	10	0.0	0.1
2026-07-07T18:05:54.300	358	790	508	978	2386	2244	2531	2999	3254	419	28.25	1013.91	46.02	153388	AS7341	flash	5	100	999	10	0.0	0.1
2026-07-07T18:05:56.327	358	791	509	977	2385	2243	2530	3001	3254	419	28.25	1013.92	46.7	151309	AS7341	flash	5	100	999	10	0.0	0.1
2026-07-07T18:05:58.342	358	791	508	975	2381	2239	2527	3000	3250	418	28.26	1013.93	47.3	150494	AS7341	flash	5	100	999	10	0.0	0.1
2026-07-07T18:06:00.254	357	791	508	974	2377	2236	2524	3000	3248	418	28.28	1013.93	47.83	151446	AS7341	flash	5	100	999	10	0.0	0.1
2026-07-07T18:06:02.278	357	791	508	973	2374	2233	2521	3000	3247	418	28.28	1013.95	48.34	148361	AS7341	flash	5	100	999	10	0.0	0.1
2026-07-07T18:06:04.299	357	792	508	972	2371	2230	2519	2999	3245	418	28.28	1013.93	48.8	148230	AS7341	flash	5	100	999	10	0.0	0.1
2026-07-07T18:06:06.322	357	792	508	972	2368	2227	2517	3000	3243	417	28.29	1013.92	49.23	146160	AS7341	flash	5	100	999	10	0.0	0.1
2026-07-07T18:06:08.352	357	793	508	970	2365	2224	2514	2999	3241	418	28.3	1013.92	49.62	145525	AS7341	flash	5	100	999	10	0.0	0.1
2026-07-07T18:06:10.261	357	793	508	969	2359	2219	2509	2996	3236	417	28.31	1013.94	49.97	144645	AS7341	flash	5	100	999	10	0.0	0.1
2026-07-07T18:06:12.276	357	793	508	968	2358	2216	2508	2996	3234	417	28.31	1013.93	50.31	143407	AS7341	flash	5	100	999	10	0.0	0.1
2026-07-07T18:06:14.299	356	794	508	966	2355	2214	2506	2995	3232	416	28.31	1013.93	50.63	142796	AS7341	flash	5	100	999	10	0.0	0.1
2026-07-07T18:06:16.318	356	794	508	965	2351	2210	2502	2993	3228	416	28.32	1013.95	50.91	141828	AS7341	flash	5	100	999	10	0.0	0.1
2026-07-07T18:06:18.337	356	794	508	964	2348	2207	2500	2992	3226	416	28.32	1013.93	51.16	141231	AS7341	flash	5	100	999	10	100.0	0.1
2026-07-07T18:06:20.254	356	795	508	964	2345	2204	2496	2986	3222	415	28.3	1013.9	51.33	141949	AS7341	flash	5	100	999	10	100.0	0.1
2026-07-07T18:06:22.274	356	795	509	964	2345	2204	2494	2982	3221	415	28.28	1013.93	50.74	143407	AS7341	flash	5	100	999	10	100.0	0.1
2026-07-07T18:06:24.287	356	796	509	964	2346	2203	2491	2978	3219	415	28.27	1013.92	49.71	145273	AS7341	flash	5	100	999	10	100.0	0.1
2026-07-07T18:06:26.307	356	796	509	965	2346	2204	2490	2973	3218	415	28.27	1013.9	48.72	146801	AS7341	flash	5	100	999	10	100.0	0.1
2026-07-07T18:06:28.324	356	797	509	966	2348	2205	2490	2971	3219	415	28.26	1013.92	47.88	148230	AS7341	flash	5	100	999	10	100.0	0.1
2026-07-07T18:06:30.346	356	797	509	966	2349	2205	2490	2969	3219	415	28.26	1013.94	47.19	149021	AS7341	flash	5	100	999	10	100.0	0.1
2026-07-07T18:06:32.258	356	797	509	966	2350	2205	2489	2966	3218	415	28.27	1013.95	46.68	150359	AS7341	flash	5	100	999	10	100.0	0.1
2026-07-07T18:06:34.287	356	797	509	967	2352	2208	2490	2967	3220	415	28.25	1013.94	46.23	150224	AS7341	flash	5	100	999	10	100.0	0.1
2026-07-07T18:06:36.310	356	797	509	968	2354	2209	2491	2966	3220	415	28.25	1013.89	45.89	151446	AS7341	flash	5	100	999	10	100.0	0.1
2026-07-07T18:06:38.337	356	797	509	968	2355	2210	2491	2965	3220	415	28.25	1013.94	45.63	152550	AS7341	flash	5	100	999	10	100.0	0.1
2026-07-07T18:06:40.253	356	797	509	969	2355	2210	2491	2963	3220	415	28.25	1013.91	45.42	153388	AS7341	flash	5	100	999	10	100.0	0.1
2026-07-07T18:06:42.269	356	796	509	970	2357	2212	2493	2964	3222	415	28.24	1013.94	45.25	153952	AS7341	flash	5	100	999	10	100.0	0.1
2026-07-07T18:06:44.294	356	796	509	970	2359	2214	2495	2965	3223	415	28.24	1013.93	45.11	153107	AS7341	flash	5	100	999	10	100.0	0.1
2026-07-07T18:06:46.324	356	796	509	970	2360	2215	2496	2965	3224	415	28.23	1013.92	44.99	153247	AS7341	flash	5	100	999	10	100.0	0.1
2026-07-07T18:06:48.341	356	796	509	970	2361	2216	2497	2965	3225	415	28.23	1013.95	44.9	153952	AS7341	flash	5	100	999	10	100.0	0.1
2026-07-07T18:06:50.258	356	797	509	970	2361	2217	2498	2964	3225	416	28.24	1013.93	44.82	154520	AS7341	flash	5	100	999	10	100.0	0.1
2026-07-07T18:06:52.287	356	797	510	971	2363	2218	2500	2966	3227	416	28.23	1013.95	44.76	153669	AS7341	flash	5	100	999	10	100.0	0.1
2026-07-07T18:06:54.306	356	795	509	971	2364	2219	2501	2966	3227	416	28.23	1013.9	44.69	155380	AS7341	flash	5	100	999	10	100.0	0.1
2026-07-07T18:06:56.325	356	796	509	972	2366	2221	2503	2967	3229	416	28.22	1013.92	44.65	154377	AS7341	flash	5	100	999	10	100.0	0.1
2026-07-07T18:06:58.347	356	796	510	973	2367	2222	2504	2967	3230	416	28.22	1013.96	44.63	154662	AS7341	flash	5	100	999	10	100.0	0.1
2026-07-07T18:07:00.254	356	796	509	972	2367	2222	2504	2966	3230	416	28.23	1013.92	44.59	155669	AS7341	flash	5	100	999	10	100.0	0.1
2026-07-07T18:07:02.279	356	796	509	973	2368	2224	2505	2967	3231	416	28.22	1013.93	44.54	155669	AS7341	flash	5	100	999	10	100.0	0.1
2026-07-07T18:07:04.295	356	795	509	973	2370	2225	2506	2968	3232	416	28.22	1013.96	44.53	155380	AS7341	flash	5	100	999	10	100.0	0.1
2026-07-07T18:07:06.322	357	796	510	974	2372	2227	2509	2969	3234	416	28.22	1013.94	44.48	155813	AS7341	flash	5	100	999	10	100.0	0.1
2026-07-07T18:07:08.345	357	796	510	974	2373	2228	2510	2971	3235	416	28.21	1013.9	44.48	155669	AS7341	flash	5	100	999	10	100.0	0.1
2026-07-07T18:07:10.371	357	795	509	975	2373	2229	2510	2971	3235	417	28.21	1013.91	44.46	156542	AS7341	flash	5	100	999	10	100.0	0.1
2026-07-07T18:07:12.392	358	795	510	975	2375	2230	2512	2972	3236	417	28.21	1013.94	44.44	156250	AS7341	flash	5	100	999	10	100.0	0.1
2026-07-07T18:07:14.309	357	795	510	975	2375	2230	2512	2972	3236	417	28.22	1013.93	44.41	156104	AS7341	flash	5	100	999	10	100.0	0.1
2026-07-07T18:07:16.327	357	795	510	976	2376	2231	2513	2972	3237	417	28.21	1013.91	44.41	155380	AS7341	flash	5	100	999	10	100.0	0.1
2026-07-07T18:07:18.337	357	795	509	976	2376	2232	2514	2973	3238	417	28.21	1013.95	44.4	156395	AS7341	flash	5	100	999	10	100.0	0.1
2026-07-07T18:07:20.359	357	795	509	976	2377	2232	2514	2973	3238	417	28.21	1013.91	44.39	156250	AS7341	flash	5	100	999	10	100.0	0.1
2026-07-07T18:07:22.383	357	794	509	976	2377	2233	2515	2974	3239	417	28.2	1013.92	44.37	156542	AS7341	flash	5	100	999	10	100.0	0.1
2026-07-07T18:07:24.301	357	794	509	976	2377	2233	2515	2973	3239	417	28.21	1013.94	44.36	156835	AS7341	flash	5	100	999	10	100.0	0.1
2026-07-07T18:07:26.319	357	794	509	976	2378	2233	2516	2974	3239	417	28.2	1013.92	44.35	156835	AS7341	flash	5	100	999	10	100.0	0.1
2026-07-07T18:07:28.334	357	794	509	977	2379	2235	2517	2975	3241	417	28.2	1013.87	44.34	156835	AS7341	flash	5	100	999	10	100.0	0.1
2026-07-07T18:07:30.355	357	794	509	977	2379	2235	2517	2975	3241	417	28.2	1013.89	44.33	156542	AS7341	flash	5	100	999	10	100.0	0.1
2026-07-07T18:07:32.384	358	794	509	977	2380	2236	2519	2976	3242	417	28.2	1013.9	44.34	157129	AS7341	flash	5	100	999	10	100.0	0.1
2026-07-07T18:07:34.299	357	794	509	977	2380	2235	2517	2975	3240	417	28.2	1013.89	44.32	157424	AS7341	flash	5	100	999	10	100.0	0.1
2026-07-07T18:07:36.328	357	793	509	977	2381	2236	2519	2976	3242	417	28.2	1013.89	44.31	157572	AS7341	flash	5	100	999	10	100.0	0.1
2026-07-07T18:07:38.348	357	794	509	978	2382	2237	2520	2978	3243	417	28.19	1013.91	44.31	156688	AS7341	flash	5	100	999	10	100.0	0.1
2026-07-07T18:07:40.364	357	794	509	978	2382	2238	2521	2978	3244	417	28.19	1013.91	44.31	156982	AS7341	flash	5	100	999	10	100.0	0.1
2026-07-07T18:07:42.388	357	793	509	978	2383	2238	2521	2978	3244	417	28.2	1013.9	44.31	156688	AS7341	flash	5	100	999	10	100.0	0.1
2026-07-07T18:07:44.296	357	793	509	978	2383	2238	2521	2978	3244	417	28.2	1013.93	44.29	157572	AS7341	flash	5	100	999	10	100.0	0.1
2026-07-07T18:07:46.313	357	793	509	978	2384	2239	2522	2979	3245	418	28.2	1013.94	44.29	157424	AS7341	flash	5	100	999	10	100.0	0.1
2026-07-07T18:07:48.324	357	793	509	978	2384	2239	2522	2979	3245	418	28.19	1013.88	44.29	157276	AS7341	flash	5	100	999	10	100.0	0.1
2026-07-07T18:07:50.347	357	793	509	978	2384	2239	2522	2979	3245	418	28.2	1013.92	44.28	157424	AS7341	flash	5	100	999	10	100.0	0.1
2026-07-07T18:07:52.373	357	793	509	978	2384	2240	2523	2979	3245	417	28.19	1013.9	44.29	156395	AS7341	flash	5	100	999	10	100.0	0.1
2026-07-07T18:07:54.389	357	793	509	979	2384	2240	2523	2980	3246	418	28.19	1013.89	44.28	156835	AS7341	flash	5	100	999	10	100.0	0.1
2026-07-07T18:07:56.294	357	793	509	978	2384	2240	2523	2980	3245	418	28.19	1013.92	44.29	157721	AS7341	flash	5	100	999	10	100.0	0.1
2026-07-07T18:07:58.308	357	793	509	979	2385	2241	2524	2980	3247	418	28.19	1013.91	44.28	158018	AS7341	flash	5	100	999	10	100.0	0.1
2026-07-07T18:08:00.333	358	793	510	979	2385	2242	2524	2982	3248	418	28.18	1013.92	44.26	157869	AS7341	flash	5	100	999	10	100.0	0.1
2026-07-07T18:08:02.346	357	793	509	979	2385	2241	2524	2981	3247	418	28.18	1013.91	44.28	157721	AS7341	flash	5	100	999	10	100.0	0.1
2026-07-07T18:08:04.370	358	793	509	979	2387	2242	2524	2982	3248	418	28.18	1013.92	44.27	156688	AS7341	flash	5	100	999	10	100.0	0.1
2026-07-07T18:08:06.388	357	793	509	979	2386	2242	2526	2982	3248	418	28.19	1013.97	44.27	157424	AS7341	flash	5	100	999	10	100.0	0.1
2026-07-07T18:08:08.302	357	792	509	979	2386	2242	2525	2981	3248	418	28.19	1013.92	44.27	158168	AS7341	flash	5	100	999	10	100.0	0.1
2026-07-07T18:08:10.326	357	793	509	979	2386	2242	2524	2982	3248	418	28.18	1013.92	44.26	157572	AS7341	flash	5	100	999	10	100.0	0.1
2026-07-07T18:08:12.355	358	793	509	979	2387	2243	2525	2982	3249	418	28.18	1013.91	44.27	156835	AS7341	flash	5	100	999	10	100.0	0.1
2026-07-07T18:08:14.374	358	792	509	979	2387	2243	2526	2983	3249	418	28.18	1013.89	44.27	157276	AS7341	flash	5	100	999	10	100.0	0.1
2026-07-07T18:08:16.400	357	792	509	980	2387	2244	2527	2984	3250	418	28.18	1013.88	44.26	157129	AS7341	flash	5	100	999	10	100.0	0.1
2026-07-07T18:08:18.308	357	792	509	979	2386	2243	2525	2982	3249	418	28.18	1013.88	44.27	157424	AS7341	flash	5	100	999	10	100.0	0.1
2026-07-07T18:08:20.329	357	792	509	979	2387	2243	2525	2982	3249	418	28.17	1013.88	44.25	157572	AS7341	flash	5	100	999	10	100.0	0.1
2026-07-07T18:08:22.351	358	792	509	980	2387	2244	2526	2983	3250	418	28.18	1013.92	44.26	157129	AS7341	flash	5	100	999	10	100.0	0.1
2026-07-07T18:08:24.378	358	793	509	980	2388	2245	2527	2985	3251	418	28.18	1013.91	44.26	157129	AS7341	flash	5	100	999	10	100.0	0.1
2026-07-07T18:08:26.394	357	792	509	980	2387	2243	2526	2983	3249	418	28.18	1013.92	44.24	157424	AS7341	flash	5	100	999	10	100.0	0.1
2026-07-07T18:08:28.345	357	792	509	979	2387	2243	2526	2983	3249	418	28.19	1013.94	44.26	158617	AS7341	flash	5	100	999	10	100.0	0.1
2026-07-07T18:08:30.360	358	792	509	980	2388	2244	2528	2984	3250	418	28.17	1013.93	44.25	158168	AS7341	flash	5	100	999	10	100.0	0.1
2026-07-07T18:08:32.378	358	792	509	980	2388	2245	2528	2984	3250	418	28.17	1013.91	44.25	158317	AS7341	flash	5	100	999	10	100.0	0.1
2026-07-07T18:08:34.390	358	792	509	980	2388	2245	2527	2984	3250	418	28.17	1013.89	44.25	158018	AS7341	flash	5	100	999	10	100.0	0.1
2026-07-07T18:08:36.304	358	792	509	980	2388	2245	2528	2984	3250	418	28.18	1013.92	44.25	158018	AS7341	flash	5	100	999	10	100.0	0.1
2026-07-07T18:08:38.321	358	792	509	980	2388	2245	2527	2984	3249	418	28.17	1013.94	44.25	158018	AS7341	flash	5	100	999	10	100.0	0.1
2026-07-07T18:08:40.340	358	792	509	980	2388	2245	2528	2984	3250	418	28.17	1013.94	44.24	156688	AS7341	flash	5	100	999	10	100.0	0.1
2026-07-07T18:08:42.361	358	793	509	980	2389	2246	2529	2986	3251	418	28.17	1013.94	44.25	157129	AS7341	flash	5	100	999	10	100.0	0.1
2026-07-07T18:08:44.388	358	792	509	980	2389	2246	2528	2986	3252	418	28.17	1013.95	44.26	158018	AS7341	flash	5	100	999	10	100.0	0.1
2026-07-07T18:08:46.414	358	792	509	981	2389	2245	2528	2985	3250	418	28.17	1013.94	44.26	158018	AS7341	flash	5	100	999	10	100.0	0.1
2026-07-07T18:08:48.320	358	792	509	980	2389	2245	2528	2985	3250	418	28.18	1013.95	44.26	157276	AS7341	flash	5	100	999	10	100.0	0.1
2026-07-07T18:08:50.340	358	792	509	980	2389	2245	2528	2985	3251	418	28.17	1013.93	44.25	158018	AS7341	flash	5	100	999	10	100.0	0.1
2026-07-07T18:08:52.357	358	792	509	980	2389	2246	2528	2985	3251	418	28.16	1013.92	44.26	157721	AS7341	flash	5	100	999	10	100.0	0.1
2026-07-07T18:08:54.375	358	792	509	980	2389	2246	2529	2986	3251	418	28.17	1013.94	44.25	156542	AS7341	flash	5	100	999	10	100.0	0.1
2026-07-07T18:08:56.398	358	792	509	980	2389	2246	2529	2986	3251	418	28.17	1013.89	44.25	157869	AS7341	flash	5	100	999	10	100.0	0.1
2026-07-07T18:08:58.412	358	792	509	979	2390	2246	2529	2986	3251	418	28.16	1013.92	44.26	158617	AS7341	flash	5	100	999	10	100.0	0.1
2026-07-07T18:09:00.320	358	792	509	980	2389	2246	2528	2985	3251	418	28.17	1013.96	44.26	157424	AS7341	flash	5	100	999	10	100.0	0.1
2026-07-07T18:09:02.349	358	792	509	980	2391	2247	2530	2987	3252	418	28.17	1013.96	44.26	157721	AS7341	flash	5	100	999	10	100.0	0.1
2026-07-07T18:09:04.374	358	792	509	979	2390	2246	2530	2986	3251	418	28.17	1013.94	44.25	157276	AS7341	flash	5	100	999	10	100.0	0.1
2026-07-07T18:09:06.401	358	792	509	981	2391	2247	2530	2987	3253	418	28.16	1013.93	44.26	157721	AS7341	flash	5	100	999	10	100.0	0.1
2026-07-07T18:09:08.416	358	792	509	981	2389	2246	2528	2986	3251	418	28.16	1013.93	44.25	158018	AS7341	flash	5	100	999	10	100.0	0.1
2026-07-07T18:09:10.325	358	792	509	979	2389	2246	2528	2985	3250	418	28.17	1013.93	44.25	158018	AS7341	flash	5	100	999	10	100.0	0.1
2026-07-07T18:09:12.348	358	792	509	980	2390	2247	2530	2986	3252	418	28.17	1013.94	44.24	158018	AS7341	flash	5	100	999	10	100.0	0.1
2026-07-07T18:09:14.366	358	792	509	979	2390	2247	2530	2986	3252	418	28.16	1013.91	44.24	157276	AS7341	flash	5	100	999	10	100.0	0.1
2026-07-07T18:09:16.388	358	792	509	981	2390	2246	2529	2985	3251	418	28.16	1013.95	44.23	157572	AS7341	flash	5	100	999	10	100.0	0.1
2026-07-07T18:09:18.404	358	792	509	980	2390	2247	2530	2986	3252	418	28.16	1013.9	44.26	158018	AS7341	flash	5	100	999	10	100.0	0.1
2026-07-07T18:09:20.423	358	792	509	979	2390	2247	2530	2986	3251	418	28.16	1013.9	44.24	157869	AS7341	flash	5	100	999	10	100.0	0.1
2026-07-07T18:09:22.334	358	792	509	979	2390	2246	2529	2986	3251	418	28.18	1013.92	44.25	158767	AS7341	flash	5	100	999	10	100.0	0.1
2026-07-07T18:09:24.357	358	792	509	981	2391	2247	2530	2986	3252	418	28.16	1013.94	44.23	158467	AS7341	flash	5	100	999	10	100.0	0.1
2026-07-07T18:09:26.381	358	792	509	981	2391	2247	2530	2987	3252	418	28.16	1013.91	44.24	158018	AS7341	flash	5	100	999	10	100.0	0.1
2026-07-07T18:09:28.400	358	792	509	980	2391	2248	2531	2988	3253	419	28.15	1013.9	44.25	158767	AS7341	flash	5	100	999	10	100.0	0.1
2026-07-07T18:09:30.314	358	792	509	980	2390	2247	2530	2986	3252	418	28.17	1013.94	44.24	158168	AS7341	flash	5	100	999	10	100.0	0.1
2026-07-07T18:09:32.327	358	792	509	980	2391	2248	2531	2987	3253	419	28.15	1013.88	44.24	158018	AS7341	flash	5	100	999	10	100.0	0.1
2026-07-07T18:09:34.347	358	792	509	981	2391	2248	2531	2987	3253	418	28.15	1013.92	44.24	157276	AS7341	flash	5	100	999	10	100.0	0.1
2026-07-07T18:09:36.370	358	792	509	980	2392	2248	2531	2988	3253	419	28.15	1013.91	44.25	158317	AS7341	flash	5	100	999	10	100.0	0.1
2026-07-07T18:09:38.386	358	792	510	981	2391	2247	2530	2987	3252	418	28.16	1013.92	44.24	156835	AS7341	flash	5	100	999	10	100.0	0.1
2026-07-07T18:09:40.402	358	792	510	980	2392	2248	2531	2988	3253	419	28.16	1013.92	44.25	158018	AS7341	flash	5	100	999	10	100.0	0.1
2026-07-07T18:09:42.428	358	792	509	980	2392	2248	2531	2988	3254	419	28.16	1013.92	44.24	157276	AS7341	flash	5	100	999	10	100.0	0.1
2026-07-07T18:09:44.341	359	792	509	980	2390	2247	2530	2986	3252	418	28.16	1013.93	44.22	158467	AS7341	flash	5	100	999	10	100.0	0.1
2026-07-07T18:09:46.361	358	792	509	980	2391	2248	2530	2987	3253	418	28.16	1013.92	44.22	158018	AS7341	flash	5	100	999	10	100.0	0.1
2026-07-07T18:09:48.389	358	792	509	980	2391	2248	2531	2987	3253	418	28.16	1013.91	44.23	157869	AS7341	flash	5	100	999	10	100.0	0.1
2026-07-07T18:09:50.417	358	792	509	980	2391	2248	2531	2987	3253	419	28.15	1013.93	44.23	157721	AS7341	flash	5	100	999	10	100.0	0.1
2026-07-07T18:09:52.335	358	792	509	980	2391	2247	2530	2986	3252	419	28.16	1013.93	44.22	158617	AS7341	flash	5	100	999	10	100.0	0.1
2026-07-07T18:09:54.356	358	792	509	980	2392	2248	2531	2987	3253	419	28.15	1013.92	44.22	157424	AS7341	flash	5	100	999	10	100.0	0.1
2026-07-07T18:09:56.374	358	792	509	980	2392	2248	2531	2988	3254	419	28.16	1013.89	44.23	158317	AS7341	flash	5	100	999	10	100.0	0.1
2026-07-07T18:09:58.387	358	792	510	980	2391	2248	2531	2987	3253	419	28.15	1013.91	44.22	157572	AS7341	flash	5	100	999	10	100.0	0.1
2026-07-07T18:10:00.414	358	792	509	980	2392	2248	2531	2988	3253	419	28.16	1013.89	44.23	158467	AS7341	flash	5	100	999	10	100.0	0.1
2026-07-07T18:10:02.335	358	792	509	980	2391	2248	2530	2987	3252	418	28.16	1013.92	44.21	158168	AS7341	flash	5	100	999	10	100.0	0.1
2026-07-07T18:10:04.360	358	792	510	980	2392	2248	2531	2987	3253	419	28.15	1013.9	44.22	157424	AS7341	flash	5	100	999	10	100.0	0.1
2026-07-07T18:10:06.380	358	792	509	980	2392	2249	2532	2988	3254	419	28.15	1013.92	44.22	157276	AS7341	flash	5	100	999	10	100.0	0.1
2026-07-07T18:10:08.394	358	792	510	981	2392	2248	2531	2988	3253	419	28.15	1013.91	44.22	158317	AS7341	flash	5	100	999	10	100.0	0.1
2026-07-07T18:10:10.419	358	792	509	980	2392	2248	2531	2988	3253	419	28.15	1013.92	44.23	158467	AS7341	flash	5	100	999	10	100.0	0.1
2026-07-07T18:10:12.437	358	792	509	980	2392	2248	2531	2987	3253	419	28.15	1013.92	44.23	157276	AS7341	flash	5	100	999	10	100.0	0.1
2026-07-07T18:10:14.347	358	792	509	980	2391	2248	2531	2987	3253	419	28.16	1013.91	44.22	158767	AS7341	flash	5	100	999	10	100.0	0.1
2026-07-07T18:10:16.370	358	792	509	980	2392	2248	2531	2987	3253	419	28.15	1013.89	44.22	158317	AS7341	flash	5	100	999	10	100.0	0.1
2026-07-07T18:10:18.391	358	792	509	980	2391	2248	2531	2987	3253	419	28.16	1013.92	44.22	156835	AS7341	flash	5	100	999	10	100.0	0.1
2026-07-07T18:10:20.413	358	792	509	980	2392	2248	2531	2987	3253	419	28.16	1013.9	44.21	158467	AS7341	flash	5	100	999	10	100.0	0.1
2026-07-07T18:10:22.435	358	792	509	980	2392	2248	2532	2988	3254	419	28.15	1013.88	44.22	159069	AS7341	flash	5	100	999	10	100.0	0.1
2026-07-07T18:10:24.345	358	792	510	980	2392	2248	2531	2987	3253	419	28.16	1013.88	44.21	158918	AS7341	flash	5	100	999	10	100.0	0.1
2026-07-07T18:10:26.372	358	792	510	980	2392	2248	2531	2988	3254	419	28.15	1013.91	44.2	158168	AS7341	flash	5	100	999	10	100.0	0.1
2026-07-07T18:10:28.386	358	792	509	980	2392	2249	2531	2988	3254	419	28.15	1013.9	44.2	158018	AS7341	flash	5	100	999	10	100.0	0.1
2026-07-07T18:10:30.413	358	792	510	980	2392	2248	2531	2988	3253	419	28.15	1013.88	44.21	156982	AS7341	flash	5	100	999	10	100.0	0.1
2026-07-07T18:10:32.440	358	792	510	980	2392	2248	2531	2987	3253	419	28.15	1013.86	44.21	158467	AS7341	flash	5	100	999	10	100.0	0.1
2026-07-07T18:10:34.354	358	792	510	980	2392	2248	2531	2987	3253	419	28.16	1013.86	44.2	158317	AS7341	flash	5	100	999	10	100.0	0.1
2026-07-07T18:10:36.383	358	792	510	980	2392	2249	2532	2988	3254	419	28.15	1013.88	44.18	158767	AS7341	flash	5	100	999	10	100.0	0.1
2026-07-07T18:10:38.401	358	792	510	980	2392	2249	2532	2988	3254	419	28.15	1013.85	44.2	159069	AS7341	flash	5	100	999	10	100.0	0.1
2026-07-07T18:10:40.429	358	792	510	980	2392	2248	2531	2987	3252	418	28.15	1013.87	44.19	158168	AS7341	flash	5	100	999	10	100.0	0.1
2026-07-07T18:10:42.446	358	792	510	980	2392	2249	2532	2988	3254	419	28.16	1013.9	44.19	158317	AS7341	flash	5	100	999	10	100.0	0.1
2026-07-07T18:10:44.361	358	792	509	980	2391	2248	2531	2987	3252	419	28.16	1013.88	44.19	158617	AS7341	flash	5	100	999	10	100.0	0.1
2026-07-07T18:10:46.384	358	792	510	980	2392	2249	2532	2988	3254	419	28.15	1013.89	44.19	158767	AS7341	flash	5	100	999	10	100.0	0.1
2026-07-07T18:10:48.408	358	792	510	980	2393	2249	2532	2988	3254	419	28.15	1013.86	44.19	158617	AS7341	flash	5	100	999	10	100.0	0.1
2026-07-07T18:10:50.431	358	792	510	980	2392	2248	2531	2987	3253	419	28.15	1013.86	44.18	157869	AS7341	flash	5	100	999	10	100.0	0.1
2026-07-07T18:10:52.488	359	792	510	980	2392	2249	2532	2988	3254	419	28.15	1013.86	44.2	157424	AS7341	flash	5	100	999	10	100.0	0.1
2026-07-07T18:10:54.386	358	792	510	980	2392	2248	2531	2987	3253	418	28.16	1013.86	44.2	158918	AS7341	flash	5	100	999	10	100.0	0.1
2026-07-07T18:10:56.404	358	792	510	980	2392	2249	2531	2988	3253	419	28.15	1013.88	44.18	158168	AS7341	flash	5	100	999	10	100.0	0.1
2026-07-07T18:10:58.424	358	792	510	980	2392	2249	2532	2988	3254	419	28.15	1013.89	44.19	158168	AS7341	flash	5	100	999	10	100.0	0.1
2026-07-07T18:11:00.449	358	792	510	980	2393	2249	2532	2988	3254	419	28.15	1013.88	44.2	157276	AS7341	flash	5	100	999	10	100.0	0.1
2026-07-07T18:11:02.361	358	792	510	980	2391	2247	2530	2986	3252	418	28.16	1013.85	44.19	158467	AS7341	flash	5	100	999	10	0.0	0.1
2026-07-07T18:11:04.378	358	792	509	980	2391	2248	2532	2988	3254	419	28.17	1013.86	44.19	158018	AS7341	flash	5	100	999	10	0.0	0.1
2026-07-07T18:11:06.407	358	792	510	980	2390	2247	2532	2992	3254	419	28.2	1013.91	44.45	157129	AS7341	flash	5	100	999	10	0.0	0.1
2026-07-07T18:11:08.433	358	792	509	979	2387	2245	2531	2994	3254	419	28.21	1013.89	45.01	154662	AS7341	flash	5	100	999	10	0.0	0.1
2026-07-07T18:11:10.460	358	792	509	978	2385	2243	2529	2996	3253	419	28.22	1013.87	45.73	154520	AS7341	flash	5	100	999	10	0.0	0.1
2026-07-07T18:11:12.374	359	792	509	976	2381	2239	2525	2995	3249	418	28.24	1013.85	46.41	153247	AS7341	flash	5	100	999	10	0.0	0.1
2026-07-07T18:11:14.402	358	793	509	975	2379	2237	2523	2996	3248	418	28.24	1013.89	47.12	151173	AS7341	flash	5	100	999	10	0.0	0.1
2026-07-07T18:11:16.426	358	793	509	974	2375	2234	2521	2997	3246	418	28.25	1013.88	47.79	149955	AS7341	flash	5	100	999	10	0.0	0.1
2026-07-07T18:11:18.441	357	792	509	972	2371	2230	2518	2997	3244	418	28.26	1013.89	48.38	147837	AS7341	flash	5	100	999	10	0.0	0.1
2026-07-07T18:11:20.468	357	793	509	971	2368	2227	2515	2997	3241	417	28.26	1013.88	48.92	146929	AS7341	flash	5	100	999	10	0.0	0.1
2026-07-07T18:11:22.387	357	793	509	969	2363	2223	2511	2994	3238	417	28.27	1013.89	49.38	146929	AS7341	flash	5	100	999	10	0.0	0.1
2026-07-07T18:11:24.400	357	794	509	969	2360	2219	2508	2994	3236	417	28.27	1013.88	49.83	145147	AS7341	flash	5	100	999	10	0.0	0.1
2026-07-07T18:11:26.414	357	794	509	968	2357	2216	2506	2993	3233	417	28.28	1013.88	50.23	144645	AS7341	flash	5	100	999	10	0.0	0.1
2026-07-07T18:11:28.434	357	795	509	966	2353	2211	2502	2991	3229	416	28.28	1013.89	50.58	142674	AS7341	flash	5	100	999	10	0.0	0.1
2026-07-07T18:11:30.447	357	795	509	965	2348	2208	2499	2989	3226	416	28.29	1013.89	50.93	142069	AS7341	flash	5	100	999	10	0.0	0.1
2026-07-07T18:11:32.362	356	796	509	964	2344	2204	2496	2987	3222	416	28.3	1013.91	51.22	142431	AS7341	flash	5	100	999	10	0.0	0.1
2026-07-07T18:11:34.383	356	797	509	963	2341	2201	2494	2986	3220	415	28.3	1013.92	51.54	140993	AS7341	flash	5	100	999	10	0.0	0.1
2026-07-07T18:11:36.396	356	797	509	962	2339	2198	2491	2984	3217	415	28.31	1013.89	51.8	140756	AS7341	flash	5	100	999	10	100.0	0.1
2026-07-07T18:11:38.411	356	798	509	962	2338	2197	2488	2978	3215	415	28.27	1013.89	51.53	141469	AS7341	flash	5	100	999	10	100.0	0.1
2026-07-07T18:11:40.428	356	799	510	962	2339	2197	2486	2974	3214	415	28.26	1013.87	50.49	142553	AS7341	flash	5	100	999	10	100.0	0.1
2026-07-07T18:11:42.447	356	799	509	963	2340	2197	2484	2969	3212	414	28.26	1013.87	49.4	145652	AS7341	flash	5	100	999	10	100.0	0.1
2026-07-07T18:11:44.468	356	799	509	963	2341	2198	2485	2967	3213	414	28.25	1013.9	48.43	146416	AS7341	flash	5	100	999	10	100.0	0.1
2026-07-07T18:11:46.381	356	799	509	964	2341	2198	2483	2962	3211	414	28.26	1013.89	47.66	148230	AS7341	flash	5	100	999	10	100.0	0.1
2026-07-07T18:11:48.402	356	799	509	965	2343	2199	2483	2960	3212	414	28.25	1013.91	47.03	148888	AS7341	flash	5	100	999	10	100.0	0.1
2026-07-07T18:11:50.424	356	799	509	965	2345	2201	2484	2960	3213	415	28.25	1013.91	46.53	149553	AS7341	flash	5	100	999	10	100.0	0.1
2026-07-07T18:11:52.434	356	800	509	966	2347	2202	2485	2960	3214	415	28.24	1013.9	46.13	149955	AS7341	flash	5	100	999	10	100.0	0.1
2026-07-07T18:11:54.455	356	800	509	967	2348	2204	2486	2959	3215	415	28.24	1013.89	45.82	151173	AS7341	flash	5	100	999	10	100.0	0.1
2026-07-07T18:11:56.364	356	799	509	967	2349	2204	2485	2958	3214	415	28.24	1013.89	45.58	151996	AS7341	flash	5	100	999	10	100.0	0.1
2026-07-07T18:11:58.383	356	799	509	968	2351	2206	2487	2959	3217	415	28.24	1013.86	45.38	152550	AS7341	flash	5	100	999	10	100.0	0.1
2026-07-07T18:12:00.402	356	799	510	968	2353	2208	2489	2959	3218	415	28.23	1013.88	45.22	152550	AS7341	flash	5	100	999	10	100.0	0.1
2026-07-07T18:12:02.423	356	799	509	968	2354	2208	2489	2958	3218	415	28.23	1013.88	45.08	152272	AS7341	flash	5	100	999	10	100.0	0.1
2026-07-07T18:12:04.447	356	798	510	968	2355	2210	2490	2958	3219	415	28.23	1013.93	44.97	153810	AS7341	flash	5	100	999	10	100.0	0.1
2026-07-07T18:12:06.468	356	799	510	969	2358	2212	2492	2960	3221	415	28.23	1013.87	44.89	153528	AS7341	flash	5	100	999	10	100.0	0.1
2026-07-07T18:12:08.382	356	798	510	969	2357	2212	2493	2959	3221	415	28.24	1013.85	44.8	154520	AS7341	flash	5	100	999	10	100.0	0.1
2026-07-07T18:12:10.400	356	798	510	970	2358	2213	2494	2959	3222	415	28.23	1013.89	44.73	154662	AS7341	flash	5	100	999	10	100.0	0.1
2026-07-07T18:12:12.426	356	798	510	971	2360	2215	2495	2959	3223	415	28.23	1013.91	44.69	154949	AS7341	flash	5	100	999	10	100.0	0.1
2026-07-07T18:12:14.442	356	798	510	971	2362	2217	2498	2961	3224	416	28.23	1013.9	44.64	154805	AS7341	flash	5	100	999	10	100.0	0.1
2026-07-07T18:12:16.470	356	798	510	971	2363	2218	2499	2961	3225	416	28.23	1013.89	44.6	155092	AS7341	flash	5	100	999	10	100.0	0.1
2026-07-07T18:12:18.375	356	797	510	971	2363	2218	2498	2960	3224	415	28.24	1013.89	44.55	155524	AS7341	flash	5	100	999	10	100.0	0.1
2026-07-07T18:12:20.391	356	797	510	972	2364	2219	2499	2961	3225	416	28.23	1013.84	44.53	154805	AS7341	flash	5	100	999	10	100.0	0.1
2026-07-07T18:12:22.409	357	797	510	972	2365	2220	2501	2962	3226	416	28.23	1013.88	44.49	156395	AS7341	flash	5	100	999	10	100.0	0.1
2026-07-07T18:12:24.426	357	797	510	973	2367	2222	2502	2963	3228	416	28.22	1013.87	44.48	155524	AS7341	flash	5	100	999	10	100.0	0.1
2026-07-07T18:12:26.439	357	797	510	973	2368	2223	2504	2964	3229	416	28.22	1013.89	44.44	155669	AS7341	flash	5	100	999	10	100.0	0.1
2026-07-07T18:12:28.459	357	796	510	974	2369	2224	2505	2965	3230	416	28.21	1013.9	44.43	155813	AS7341	flash	5	100	999	10	100.0	0.1
2026-07-07T18:12:30.473	357	796	510	974	2369	2225	2505	2965	3231	416	28.22	1013.84	44.41	155524	AS7341	flash	5	100	999	10	100.0	0.1
2026-07-07T18:12:32.384	357	796	510	974	2370	2225	2506	2965	3231	416	28.23	1013.88	44.4	156542	AS7341	flash	5	100	999	10	100.0	0.1
2026-07-07T18:12:34.405	357	796	510	974	2371	2226	2507	2966	3232	416	28.22	1013.88	44.36	156250	AS7341	flash	5	100	999	10	100.0	0.1
2026-07-07T18:12:36.418	357	796	510	974	2372	2227	2508	2967	3233	416	28.22	1013.86	44.36	156395	AS7341	flash	5	100	999	10	100.0	0.1
2026-07-07T18:12:38.440	357	796	510	975	2373	2228	2509	2967	3234	417	28.22	1013.87	44.36	155959	AS7341	flash	5	100	999	10	100.0	0.1
2026-07-07T18:12:40.457	357	795	510	975	2373	2229	2510	2968	3234	417	28.22	1013.88	44.35	155524	AS7341	flash	5	100	999	10	100.0	0.1
2026-07-07T18:12:42.477	357	795	510	976	2374	2229	2511	2969	3235	417	28.22	1013.91	44.33	156542	AS7341	flash	5	100	999	10	100.0	0.1
2026-07-07T18:12:44.387	357	795	510	975	2374	2230	2511	2969	3235	417	28.23	1013.92	44.32	156688	AS7341	flash	5	100	999	10	100.0	0.1
2026-07-07T18:12:46.413	357	795	510	976	2375	2230	2512	2969	3236	417	28.22	1013.9	44.3	156835	AS7341	flash	5	100	999	10	100.0	0.1
2026-07-07T18:12:48.431	357	796	510	976	2375	2230	2512	2969	3236	417	28.21	1013.89	44.3	155669	AS7341	flash	5	100	999	10	100.0	0.1
2026-07-07T18:12:50.447	357	795	510	976	2377	2232	2513	2971	3238	417	28.21	1013.89	44.29	156982	AS7341	flash	5	100	999	10	100.0	0.1
2026-07-07T18:12:52.470	357	795	510	976	2377	2232	2513	2971	3237	417	28.22	1013.9	44.29	156835	AS7341	flash	5	100	999	10	100.0	0.1
2026-07-07T18:12:54.375	357	794	510	976	2377	2232	2514	2970	3237	417	28.23	1013.88	44.27	157129	AS7341	flash	5	100	999	10	100.0	0.1
2026-07-07T18:12:56.393	357	796	510	977	2378	2233	2515	2972	3239	417	28.22	1013.87	44.26	155813	AS7341	flash	5	100	999	10	100.0	0.1
2026-07-07T18:12:58.413	357	794	510	977	2379	2234	2516	2973	3240	417	28.22	1013.87	44.27	155524	AS7341	flash	5	100	999	10	100.0	0.1
2026-07-07T18:13:00.432	357	795	510	977	2379	2234	2516	2973	3240	417	28.21	1013.88	44.26	156395	AS7341	flash	5	100	999	10	100.0	0.1
2026-07-07T18:13:02.454	357	796	510	978	2380	2235	2517	2974	3241	417	28.21	1013.88	44.24	156835	AS7341	flash	5	100	999	10	100.0	0.1
2026-07-07T18:13:04.475	357	795	510	977	2380	2235	2518	2974	3241	417	28.21	1013.91	44.25	157129	AS7341	flash	5	100	999	10	100.0	0.1
2026-07-07T18:13:06.387	357	794	510	977	2380	2235	2517	2974	3241	417	28.23	1013.92	44.25	157721	AS7341	flash	5	100	999	10	100.0	0.1
2026-07-07T18:13:08.399	357	794	510	977	2381	2236	2518	2975	3242	417	28.22	1013.87	44.23	157424	AS7341	flash	5	100	999	10	100.0	0.1
2026-07-07T18:13:10.407	357	794	510	978	2382	2237	2519	2975	3243	417	28.22	1013.91	44.24	156982	AS7341	flash	5	100	999	10	100.0	0.1
2026-07-07T18:13:12.424	357	794	510	978	2381	2237	2519	2975	3242	417	28.22	1013.88	44.22	156104	AS7341	flash	5	100	999	10	100.0	0.1
2026-07-07T18:13:14.440	357	795	510	978	2382	2237	2519	2976	3243	417	28.21	1013.9	44.23	157129	AS7341	flash	5	100	999	10	100.0	0.1
2026-07-07T18:13:16.468	358	795	510	978	2382	2238	2520	2976	3243	417	28.22	1013.89	44.22	156982	AS7341	flash	5	100	999	10	100.0	0.1
2026-07-07T18:13:18.386	357	794	510	978	2383	2238	2520	2976	3244	418	28.23	1013.9	44.21	158168	AS7341	flash	5	100	999	10	100.0	0.1
2026-07-07T18:13:20.404	357	794	510	978	2382	2238	2520	2976	3243	417	28.22	1013.9	44.19	157869	AS7341	flash	5	100	999	10	100.0	0.1
2026-07-07T18:13:22.422	357	794	510	977	2383	2238	2520	2976	3243	418	28.21	1013.87	44.19	156250	AS7341	flash	5	100	999	10	100.0	0.1
2026-07-07T18:13:24.448	357	795	510	978	2383	2238	2520	2977	3244	418	28.22	1013.89	44.2	156542	AS7341	flash	5	100	999	10	100.0	0.1
2026-07-07T18:13:26.469	357	794	510	978	2384	2239	2520	2977	3245	418	28.22	1013.93	44.19	156542	AS7341	flash	5	100	999	10	100.0	0.1
2026-07-07T18:13:28.382	357	795	510	977	2383	2238	2520	2976	3244	418	28.23	1013.89	44.2	157424	AS7341	flash	5	100	999	10	100.0	0.1
2026-07-07T18:13:30.408	358	794	510	978	2383	2239	2521	2977	3245	418	28.23	1013.87	44.18	156982	AS7341	flash	5	100	999	10	100.0	0.1
2026-07-07T18:13:32.435	358	795	510	978	2383	2239	2520	2977	3244	418	28.22	1013.88	44.18	157276	AS7341	flash	5	100	999	10	100.0	0.1
2026-07-07T18:13:34.463	358	794	510	978	2383	2240	2521	2978	3245	418	28.22	1013.9	44.19	156542	AS7341	flash	5	100	999	10	100.0	0.1
2026-07-07T18:13:36.479	357	794	510	978	2384	2239	2522	2978	3245	418	28.22	1013.89	44.17	156688	AS7341	flash	5	100	999	10	100.0	0.1
2026-07-07T18:13:38.383	357	793	510	977	2383	2239	2520	2976	3243	417	28.24	1013.84	44.17	156982	AS7341	flash	5	100	999	10	100.0	0.1
2026-07-07T18:13:40.403	357	794	510	977	2383	2239	2521	2977	3244	418	28.22	1013.9	44.17	157572	AS7341	flash	5	100	999	10	100.0	0.1
2026-07-07T18:13:42.424	357	794	510	978	2384	2240	2522	2978	3245	418	28.22	1013.89	44.17	157424	AS7341	flash	5	100	999	10	100.0	0.1
2026-07-07T18:13:44.449	358	794	510	978	2384	2240	2523	2978	3244	418	28.23	1013.9	44.17	156542	AS7341	flash	5	100	999	10	100.0	0.1
2026-07-07T18:13:46.460	358	794	510	979	2384	2240	2523	2978	3245	418	28.23	1013.93	44.16	156104	AS7341	flash	5	100	999	10	100.0	0.1
2026-07-07T18:13:48.366	358	794	510	978	2383	2239	2521	2977	3243	418	28.24	1013.91	44.16	157424	AS7341	flash	5	100	999	10	100.0	0.1
2026-07-07T18:13:50.383	357	793	510	978	2383	2240	2522	2977	3245	418	28.22	1013.89	44.15	156688	AS7341	flash	5	100	999	10	100.0	0.1
2026-07-07T18:13:52.396	358	794	510	978	2384	2241	2522	2979	3246	418	28.23	1013.91	44.15	158018	AS7341	flash	5	100	999	10	100.0	0.1
2026-07-07T18:13:54.423	358	793	510	978	2385	2241	2522	2979	3245	418	28.22	1013.91	44.15	158018	AS7341	flash	5	100	999	10	100.0	0.1
2026-07-07T18:13:56.437	358	794	510	978	2385	2241	2522	2979	3245	418	28.22	1013.9	44.14	157424	AS7341	flash	5	100	999	10	100.0	0.1
2026-07-07T18:13:58.461	358	794	510	978	2385	2241	2522	2978	3246	418	28.22	1013.89	44.15	156835	AS7341	flash	5	100	999	10	100.0	0.1
2026-07-07T18:14:00.481	358	793	510	978	2385	2241	2523	2979	3245	418	28.22	1013.91	44.13	157572	AS7341	flash	5	100	999	10	100.0	0.1
2026-07-07T18:14:02.397	358	794	510	978	2385	2241	2523	2979	3246	418	28.24	1013.89	44.13	158168	AS7341	flash	5	100	999	10	100.0	0.1
2026-07-07T18:14:04.410	358	794	510	978	2385	2242	2523	2979	3246	418	28.23	1013.91	44.13	157276	AS7341	flash	5	100	999	10	100.0	0.1
2026-07-07T18:14:06.429	358	794	510	978	2385	2241	2524	2979	3246	418	28.23	1013.95	44.15	157129	AS7341	flash	5	100	999	10	100.0	0.1
2026-07-07T18:14:08.453	358	794	510	979	2386	2242	2524	2980	3246	418	28.22	1013.89	44.14	157721	AS7341	flash	5	100	999	10	100.0	0.1
2026-07-07T18:14:10.468	358	794	510	978	2386	2242	2524	2979	3246	418	28.23	1013.91	44.14	156542	AS7341	flash	5	100	999	10	100.0	0.1
2026-07-07T18:14:12.486	359	794	510	978	2385	2242	2523	2979	3246	418	28.23	1013.9	44.14	156250	AS7341	flash	5	100	999	10	100.0	0.1
2026-07-07T18:14:14.401	358	794	510	979	2386	2242	2524	2980	3247	418	28.24	1013.93	44.14	156835	AS7341	flash	5	100	999	10	100.0	0.1
2026-07-07T18:14:16.413	358	794	510	978	2385	2242	2524	2980	3246	418	28.23	1013.9	44.13	157424	AS7341	flash	5	100	999	10	100.0	0.1
2026-07-07T18:14:18.433	358	794	510	978	2386	2242	2524	2980	3246	418	28.23	1013.89	44.13	158018	AS7341	flash	5	100	999	10	100.0	0.1
2026-07-07T18:14:20.447	358	794	510	978	2386	2242	2524	2980	3247	418	28.23	1013.92	44.13	157424	AS7341	flash	5	100	999	10	100.0	0.1
2026-07-07T18:14:22.514	358	794	510	978	2386	2242	2524	2980	3247	418	28.23	1013.9	44.13	156835	AS7341	flash	5	100	999	10	100.0	0.1
2026-07-07T18:14:24.407	358	794	510	979	2386	2242	2524	2979	3246	418	28.24	1013.92	44.13	157424	AS7341	flash	5	100	999	10	100.0	0.1
2026-07-07T18:14:26.417	358	794	510	979	2386	2242	2524	2980	3247	418	28.24	1013.91	44.13	157424	AS7341	flash	5	100	999	10	100.0	0.1
2026-07-07T18:14:28.439	358	794	510	979	2387	2243	2525	2981	3247	418	28.24	1013.92	44.13	157129	AS7341	flash	5	100	999	10	100.0	0.1
2026-07-07T18:14:30.455	358	793	510	979	2387	2243	2526	2980	3247	418	28.24	1013.91	44.13	157276	AS7341	flash	5	100	999	10	100.0	0.1
2026-07-07T18:14:32.476	358	794	510	979	2387	2243	2525	2981	3248	418	28.24	1013.93	44.13	156835	AS7341	flash	5	100	999	10	100.0	0.1
2026-07-07T18:14:34.496	358	794	510	979	2387	2243	2524	2980	3247	418	28.23	1013.91	44.13	157424	AS7341	flash	5	100	999	10	100.0	0.1
2026-07-07T18:14:36.409	358	794	510	978	2386	2243	2525	2980	3247	418	28.25	1013.91	44.13	157572	AS7341	flash	5	100	999	10	100.0	0.1
2026-07-07T18:14:38.421	358	793	510	979	2387	2243	2525	2981	3248	418	28.24	1013.9	44.12	157572	AS7341	flash	5	100	999	10	100.0	0.1
2026-07-07T18:14:40.440	358	793	510	979	2387	2243	2525	2981	3248	418	28.24	1013.87	44.11	157424	AS7341	flash	5	100	999	10	100.0	0.1
2026-07-07T18:14:42.449	358	794	510	979	2387	2243	2525	2981	3247	418	28.23	1013.88	44.12	156982	AS7341	flash	5	100	999	10	100.0	0.1
2026-07-07T18:14:44.463	358	794	510	979	2387	2244	2525	2981	3248	418	28.24	1013.89	44.12	157572	AS7341	flash	5	100	999	10	100.0	0.1
2026-07-07T18:14:46.480	358	794	510	979	2386	2243	2525	2980	3247	418	28.24	1013.91	44.11	158168	AS7341	flash	5	100	999	10	100.0	0.1
2026-07-07T18:14:48.389	358	794	510	979	2387	2243	2525	2981	3247	418	28.24	1013.91	44.12	158018	AS7341	flash	5	100	999	10	100.0	0.1
2026-07-07T18:14:50.403	358	794	511	979	2388	2244	2525	2981	3248	418	28.25	1013.89	44.1	157721	AS7341	flash	5	100	999	10	100.0	0.1
2026-07-07T18:14:52.417	359	794	510	979	2387	2243	2525	2981	3248	418	28.24	1013.89	44.1	158168	AS7341	flash	5	100	999	10	100.0	0.1
2026-07-07T18:14:54.436	358	794	510	979	2387	2243	2525	2981	3248	418	28.24	1013.91	44.11	157424	AS7341	flash	5	100	999	10	100.0	0.1
2026-07-07T18:14:56.455	358	793	510	979	2388	2244	2526	2981	3248	418	28.25	1013.91	44.12	157424	AS7341	flash	5	100	999	10	100.0	0.1
2026-07-07T18:14:58.471	358	794	511	979	2388	2244	2527	2982	3249	418	28.25	1013.9	44.11	156688	AS7341	flash	5	100	999	10	100.0	0.1
2026-07-07T18:15:00.487	358	793	510	979	2388	2244	2526	2981	3248	418	28.25	1013.89	44.12	157129	AS7341	flash	5	100	999	10	100.0	0.1
2026-07-07T18:15:02.503	359	794	510	979	2388	2244	2525	2981	3248	418	28.25	1013.91	44.12	156835	AS7341	flash	5	100	999	10	100.0	0.1
2026-07-07T18:15:04.412	358	794	510	979	2387	2243	2525	2981	3248	418	28.26	1013.9	44.12	157721	AS7341	flash	5	100	999	10	100.0	0.1
2026-07-07T18:15:06.438	358	794	510	979	2387	2243	2525	2981	3248	418	28.24	1013.92	44.11	157276	AS7341	flash	5	100	999	10	100.0	0.1
2026-07-07T18:15:08.461	358	794	510	979	2387	2244	2525	2981	3248	418	28.25	1013.91	44.1	157129	AS7341	flash	5	100	999	10	100.0	0.1
2026-07-07T18:15:10.519	358	794	510	979	2387	2243	2525	2981	3248	418	28.25	1013.92	44.1	156982	AS7341	flash	5	100	999	10	100.0	0.1
2026-07-07T18:15:12.496	358	794	510	979	2387	2243	2525	2980	3247	418	28.25	1013.93	44.12	158317	AS7341	flash	5	100	999	10	100.0	0.1
2026-07-07T18:15:14.494	358	794	510	979	2387	2244	2525	2981	3248	418	28.24	1013.91	44.12	157129	AS7341	flash	5	100	999	10	100.0	0.1
2026-07-07T18:15:16.412	358	793	510	979	2387	2243	2525	2980	3247	418	28.26	1013.9	44.1	158317	AS7341	flash	5	100	999	10	100.0	0.1
2026-07-07T18:15:18.427	358	793	510	979	2388	2244	2525	2981	3249	418	28.25	1013.9	44.09	157572	AS7341	flash	5	100	999	10	100.0	0.1
2026-07-07T18:15:20.437	358	794	510	979	2387	2244	2525	2981	3248	418	28.26	1013.94	44.09	158317	AS7341	flash	5	100	999	10	100.0	0.1
2026-07-07T18:15:22.441	358	793	510	979	2387	2243	2526	2980	3248	418	28.26	1013.92	44.09	156982	AS7341	flash	5	100	999	10	100.0	0.1
2026-07-07T18:15:24.466	358	794	510	979	2388	2244	2526	2982	3249	418	28.26	1013.92	44.1	157424	AS7341	flash	5	100	999	10	100.0	0.1
2026-07-07T18:15:26.493	358	793	510	979	2388	2244	2526	2981	3249	418	28.25	1013.89	44.1	156982	AS7341	flash	5	100	999	10	100.0	0.1
2026-07-07T18:15:28.518	358	793	511	979	2388	2244	2526	2982	3249	418	28.26	1013.94	44.09	156250	AS7341	flash	5	100	999	10	100.0	0.1
2026-07-07T18:15:30.419	358	794	510	979	2388	2244	2525	2981	3248	418	28.27	1013.91	44.09	157424	AS7341	flash	5	100	999	10	100.0	0.1
2026-07-07T18:15:32.434	358	793	510	979	2387	2244	2525	2981	3248	418	28.25	1013.91	44.09	157129	AS7341	flash	5	100	999	10	100.0	0.1
2026-07-07T18:15:34.451	358	794	511	980	2389	2244	2526	2982	3249	418	28.26	1013.92	44.08	157129	AS7341	flash	5	100	999	10	100.0	0.1
2026-07-07T18:15:36.473	358	793	510	979	2388	2244	2527	2981	3248	418	28.26	1013.85	44.08	157721	AS7341	flash	5	100	999	10	100.0	0.1
2026-07-07T18:15:38.487	358	794	511	979	2387	2244	2525	2981	3248	418	28.26	1013.89	44.09	157276	AS7341	flash	5	100	999	10	100.0	0.1
2026-07-07T18:15:40.512	358	794	510	979	2388	2244	2526	2981	3248	418	28.26	1013.89	44.07	156835	AS7341	flash	5	100	999	10	100.0	0.1
2026-07-07T18:15:42.534	358	794	511	979	2387	2244	2525	2981	3248	418	28.26	1013.92	44.09	156835	AS7341	flash	5	100	999	10	100.0	0.1
2026-07-07T18:15:44.445	358	794	511	979	2388	2244	2525	2981	3248	418	28.27	1013.85	44.08	157276	AS7341	flash	5	100	999	10	100.0	0.1
2026-07-07T18:15:46.464	358	794	510	979	2388	2244	2525	2981	3248	418	28.27	1013.9	44.07	157572	AS7341	flash	5	100	999	10	100.0	0.1
2026-07-07T18:15:48.484	358	794	510	979	2388	2244	2526	2982	3249	418	28.27	1013.87	44.08	156982	AS7341	flash	5	100	999	10	100.0	0.1
2026-07-07T18:15:50.507	358	794	511	979	2387	2244	2525	2981	3248	418	28.27	1013.9	44.06	156542	AS7341	flash	5	100	999	10	100.0	0.1
2026-07-07T18:15:52.529	358	794	510	979	2387	2243	2525	2980	3247	418	28.27	1013.89	44.07	157276	AS7341	flash	5	100	999	10	100.0	0.1
2026-07-07T18:15:54.437	358	794	510	979	2387	2243	2525	2980	3248	418	28.28	1013.87	44.06	158018	AS7341	flash	5	100	999	10	100.0	0.1
2026-07-07T18:15:56.452	358	793	511	979	2388	2244	2525	2981	3248	418	28.27	1013.88	44.06	157129	AS7341	flash	5	100	999	10	100.0	0.1
2026-07-07T18:15:58.478	358	793	511	979	2388	2244	2525	2981	3248	418	28.27	1013.86	44.06	157721	AS7341	flash	5	100	999	10	100.0	0.1
2026-07-07T18:16:00.497	358	794	510	979	2388	2244	2526	2981	3248	418	28.27	1013.89	44.05	157129	AS7341	flash	5	100	999	10	100.0	0.1
2026-07-07T18:16:02.518	358	794	511	979	2388	2244	2526	2982	3249	418	28.27	1013.86	44.06	156835	AS7341	flash	5	100	999	10	100.0	0.1
2026-07-07T18:16:04.539	358	794	511	979	2388	2244	2526	2981	3249	418	28.27	1013.87	44.06	156835	AS7341	flash	5	100	999	10	100.0	0.1
2026-07-07T18:16:06.445	358	794	511	979	2387	2243	2525	2980	3248	418	28.29	1013.87	44.06	157869	AS7341	flash	5	100	999	10	100.0	0.1
2026-07-07T18:16:08.473	358	794	511	979	2388	2244	2525	2981	3248	418	28.27	1013.86	44.05	156835	AS7341	flash	5	100	999	10	100.0	0.1
2026-07-07T18:16:10.497	358	793	511	979	2387	2243	2525	2980	3248	418	28.28	1013.87	44.06	157424	AS7341	flash	5	100	999	10	100.0	0.1
2026-07-07T18:16:12.526	359	793	511	979	2388	2244	2526	2981	3248	418	28.28	1013.86	44.05	157129	AS7341	flash	5	100	999	10	100.0	0.1
2026-07-07T18:16:14.545	358	795	511	979	2388	2244	2525	2980	3248	418	28.28	1013.84	44.05	156835	AS7341	flash	5	100	999	10	100.0	0.1
2026-07-07T18:16:16.460	358	793	511	979	2388	2244	2525	2981	3248	418	28.29	1013.86	44.04	158317	AS7341	flash	5	100	999	10	100.0	0.1
2026-07-07T18:16:18.477	358	793	511	980	2388	2244	2526	2981	3248	418	28.28	1013.85	44.05	157129	AS7341	flash	5	100	999	10	100.0	0.1
2026-07-07T18:16:20.496	358	793	511	979	2387	2243	2525	2980	3247	418	28.28	1013.85	44.05	157721	AS7341	flash	5	100	999	10	100.0	0.1
2026-07-07T18:16:22.518	358	793	511	979	2388	2244	2525	2981	3248	418	28.28	1013.86	44.03	156835	AS7341	flash	5	100	999	10	100.0	0.1
2026-07-07T18:16:24.535	358	794	511	979	2388	2244	2525	2981	3248	418	28.28	1013.83	44.04	156104	AS7341	flash	5	100	999	10	100.0	0.1
2026-07-07T18:16:26.450	358	793	511	979	2388	2244	2525	2981	3249	418	28.29	1013.87	44.04	157869	AS7341	flash	5	100	999	10	100.0	0.1
2026-07-07T18:16:28.460	358	793	511	979	2387	2244	2525	2980	3247	418	28.28	1013.86	44.03	157424	AS7341	flash	5	100	999	10	100.0	0.1
2026-07-07T18:16:30.480	358	793	511	979	2388	2244	2525	2980	3247	418	28.28	1013.86	44.03	156542	AS7341	flash	5	100	999	10	100.0	0.1
2026-07-07T18:16:32.492	358	794	511	979	2388	2243	2525	2980	3248	418	28.28	1013.87	44.03	157721	AS7341	flash	5	100	999	10	100.0	0.1
2026-07-07T18:16:34.514	358	793	511	979	2387	2243	2524	2979	3247	418	28.28	1013.86	44.03	156982	AS7341	flash	5	100	999	10	100.0	0.1
2026-07-07T18:16:36.538	358	793	511	979	2388	2244	2525	2980	3248	418	28.29	1013.88	44.04	156395	AS7341	flash	5	100	999	10	100.0	0.1
2026-07-07T18:16:38.456	358	793	511	979	2387	2243	2525	2979	3247	418	28.3	1013.86	44.02	157572	AS7341	flash	5	100	999	10	100.0	0.1
2026-07-07T18:16:40.475	358	793	511	979	2388	2244	2525	2980	3248	418	28.29	1013.84	44.03	156835	AS7341	flash	5	100	999	10	100.0	0.1
2026-07-07T18:16:42.497	358	793	511	979	2388	2244	2526	2980	3248	418	28.29	1013.86	44.01	158018	AS7341	flash	5	100	999	10	100.0	0.1
2026-07-07T18:16:44.521	358	793	511	979	2387	2243	2525	2979	3247	418	28.29	1013.87	44.02	157721	AS7341	flash	5	100	999	10	100.0	0.1
2026-07-07T18:16:46.539	358	794	511	980	2389	2245	2526	2981	3249	418	28.29	1013.83	44.02	156982	AS7341	flash	5	100	999	10	100.0	0.1
2026-07-07T18:16:48.563	358	793	511	979	2388	2244	2526	2981	3249	418	28.29	1013.85	44.02	156982	AS7341	flash	5	100	999	10	100.0	0.1
2026-07-07T18:16:50.474	358	794	511	979	2388	2244	2525	2980	3248	418	28.31	1013.88	44.01	157721	AS7341	flash	5	100	999	10	100.0	0.1
2026-07-07T18:16:52.498	358	794	511	979	2389	2244	2526	2981	3249	418	28.3	1013.87	44.01	157721	AS7341	flash	5	100	999	10	100.0	0.1
2026-07-07T18:16:54.523	359	794	511	980	2389	2245	2527	2981	3249	418	28.3	1013.9	44.01	156250	AS7341	flash	5	100	999	10	100.0	0.1
2026-07-07T18:16:56.538	358	794	511	980	2388	2245	2526	2981	3249	418	28.3	1013.87	44.02	157424	AS7341	flash	5	100	999	10	100.0	0.1
2026-07-07T18:16:58.558	358	794	511	979	2388	2244	2526	2981	3248	418	28.3	1013.85	44.02	157129	AS7341	flash	5	100	999	10	100.0	0.1
2026-07-07T18:17:00.578	358	795	511	979	2388	2244	2525	2980	3248	418	28.3	1013.84	44.02	156835	AS7341	flash	5	100	999	10	100.0	0.1
2026-07-07T18:17:02.591	358	794	511	979	2388	2244	2526	2981	3248	418	28.31	1013.88	44.01	156688	AS7341	flash	5	100	999	10	100.0	0.1
2026-07-07T18:17:04.501	358	794	511	979	2387	2243	2525	2979	3247	418	28.31	1013.88	44.01	157129	AS7341	flash	5	100	999	10	100.0	0.1
2026-07-07T18:17:06.514	358	794	511	980	2388	2244	2526	2980	3248	418	28.31	1013.88	44.01	157721	AS7341	flash	5	100	999	10	100.0	0.1
2026-07-07T18:17:08.544	358	795	511	980	2388	2244	2526	2981	3249	418	28.31	1013.86	44.0	157424	AS7341	flash	5	100	999	10	100.0	0.1
2026-07-07T18:17:10.570	358	794	511	980	2388	2244	2526	2981	3249	418	28.3	1013.84	44.01	156542	AS7341	flash	5	100	999	10	100.0	0.1
2026-07-07T18:17:12.587	358	794	511	979	2388	2244	2526	2980	3248	418	28.31	1013.85	44.01	157721	AS7341	flash	5	100	999	10	100.0	0.1
2026-07-07T18:17:14.498	358	793	511	979	2387	2243	2524	2978	3246	418	28.32	1013.86	44.0	158168	AS7341	flash	5	100	999	10	100.0	0.1
2026-07-07T18:17:16.524	358	794	511	980	2388	2244	2526	2980	3249	418	28.31	1013.87	44.0	157869	AS7341	flash	5	100	999	10	100.0	0.1
2026-07-07T18:17:18.542	358	794	511	979	2388	2244	2526	2980	3248	418	28.32	1013.86	44.0	156542	AS7341	flash	5	100	999	10	100.0	0.1
2026-07-07T18:17:20.566	358	794	511	979	2388	2244	2526	2981	3249	418	28.31	1013.91	44.0	156542	AS7341	flash	5	100	999	10	100.0	0.1
2026-07-07T18:17:22.584	358	794	511	979	2387	2244	2525	2980	3248	418	28.31	1013.88	43.99	157129	AS7341	flash	5	100	999	10	100.0	0.1
2026-07-07T18:17:24.602	358	794	511	980	2388	2244	2527	2981	3249	418	28.32	1013.87	44.0	156688	AS7341	flash	5	100	999	10	100.0	0.1
2026-07-07T18:17:26.517	358	794	511	979	2387	2243	2524	2979	3247	418	28.31	1013.85	43.98	156542	AS7341	flash	5	100	999	10	100.0	0.1
2026-07-07T18:17:28.538	358	794	511	979	2387	2243	2524	2979	3247	418	28.32	1013.83	43.99	157424	AS7341	flash	5	100	999	10	100.0	0.1
2026-07-07T18:17:30.561	358	794	511	979	2387	2243	2524	2979	3247	418	28.31	1013.83	44.0	157276	AS7341	flash	5	100	999	10	100.0	0.1
2026-07-07T18:17:32.591	358	793	511	979	2387	2243	2524	2979	3247	418	28.31	1013.84	44.0	157276	AS7341	flash	5	100	999	10	100.0	0.1
2026-07-07T18:17:34.603	358	794	511	979	2387	2243	2525	2979	3247	418	28.32	1013.82	43.98	157129	AS7341	flash	5	100	999	10	100.0	0.1
2026-07-07T18:17:36.512	358	794	511	979	2387	2243	2524	2979	3247	418	28.32	1013.87	43.99	157721	AS7341	flash	5	100	999	10	100.0	0.1
2026-07-07T18:17:38.527	358	794	511	979	2387	2243	2524	2979	3247	418	28.32	1013.83	43.99	157424	AS7341	flash	5	100	999	10	100.0	0.1
2026-07-07T18:17:40.540	358	795	511	979	2388	2244	2525	2980	3248	418	28.32	1013.84	43.98	157129	AS7341	flash	5	100	999	10	100.0	0.1
2026-07-07T18:17:42.556	358	794	511	979	2387	2243	2525	2979	3247	418	28.32	1013.81	43.99	156835	AS7341	flash	5	100	999	10	100.0	0.1
2026-07-07T18:17:44.571	358	794	511	979	2387	2243	2525	2979	3248	418	28.32	1013.85	43.98	157276	AS7341	flash	5	100	999	10	100.0	0.1
2026-07-07T18:17:46.602	358	794	511	979	2388	2244	2525	2980	3248	418	28.32	1013.83	43.98	156835	AS7341	flash	5	100	999	10	100.0	0.1
2026-07-07T18:17:48.617	358	794	511	979	2387	2243	2525	2980	3248	418	28.33	1013.82	44.0	157424	AS7341	flash	5	100	999	10	100.0	0.1
2026-07-07T18:17:50.521	358	794	511	979	2386	2242	2524	2978	3246	418	28.33	1013.8	43.98	157869	AS7341	flash	5	100	999	10	100.0	0.1
2026-07-07T18:17:52.549	358	795	511	979	2387	2243	2525	2979	3247	418	28.32	1013.79	43.98	157129	AS7341	flash	5	100	999	10	100.0	0.1
2026-07-07T18:17:54.564	358	794	511	979	2387	2243	2525	2979	3247	418	28.33	1013.86	43.98	156542	AS7341	flash	5	100	999	10	100.0	0.1
2026-07-07T18:17:56.582	358	794	511	979	2387	2243	2524	2979	3246	418	28.32	1013.84	43.98	157129	AS7341	flash	5	100	999	10	100.0	0.1
2026-07-07T18:17:58.601	358	795	511	979	2387	2243	2524	2979	3247	418	28.33	1013.81	44.0	157129	AS7341	flash	5	100	999	10	100.0	0.1
2026-07-07T18:18:00.513	358	794	511	979	2387	2243	2524	2979	3247	418	28.33	1013.85	43.97	157869	AS7341	flash	5	100	999	10	100.0	0.1
2026-07-07T18:18:02.536	358	794	511	979	2387	2243	2525	2979	3247	418	28.33	1013.89	43.97	157129	AS7341	flash	5	100	999	10	100.0	0.1
2026-07-07T18:18:04.558	358	794	511	979	2388	2243	2525	2979	3248	418	28.33	1013.84	43.99	156835	AS7341	flash	5	100	999	10	100.0	0.1
2026-07-07T18:18:06.574	358	794	511	979	2387	2243	2524	2979	3247	418	28.33	1013.86	43.98	157276	AS7341	flash	5	100	999	10	100.0	0.1
2026-07-07T18:18:08.602	358	794	511	980	2388	2244	2525	2980	3248	418	28.33	1013.8	43.97	157424	AS7341	flash	5	100	999	10	100.0	0.1
2026-07-07T18:18:10.618	359	794	511	979	2387	2243	2524	2979	3246	418	28.33	1013.84	44.0	155959	AS7341	flash	5	100	999	10	100.0	0.1
2026-07-07T18:18:12.530	358	794	511	979	2386	2242	2524	2979	3247	418	28.34	1013.87	43.99	157721	AS7341	flash	5	100	999	10	100.0	0.1
2026-07-07T18:18:14.550	358	794	511	979	2387	2243	2524	2979	3247	418	28.34	1013.89	43.97	156395	AS7341	flash	5	100	999	10	100.0	0.1
2026-07-07T18:18:16.573	359	794	511	979	2387	2243	2524	2979	3247	418	28.34	1013.82	43.97	156395	AS7341	flash	5	100	999	10	0.0	0.1
2026-07-07T18:18:18.589	358	794	511	979	2386	2243	2525	2981	3248	418	28.35	1013.86	43.98	156250	AS7341	flash	5	100	999	10	0.0	0.1
2026-07-07T18:18:20.613	358	794	511	978	2384	2241	2524	2983	3247	418	28.38	1013.84	44.23	155813	AS7341	flash	5	100	999	10	0.0	0.1
2026-07-07T18:18:22.527	358	794	511	977	2382	2238	2523	2985	3246	418	28.4	1013.84	44.82	153952	AS7341	flash	5	100	999	10	0.0	0.1
2026-07-07T18:18:24.556	358	794	511	976	2379	2236	2521	2987	3246	418	28.41	1013.84	45.6	152272	AS7341	flash	5	100	999	10	0.0	0.1
2026-07-07T18:18:26.574	358	795	510	974	2375	2232	2518	2989	3243	418	28.42	1013.84	46.44	151173	AS7341	flash	5	100	999	10	0.0	0.1
2026-07-07T18:18:28.601	357	795	510	973	2370	2228	2514	2988	3240	417	28.43	1013.83	47.25	149553	AS7341	flash	5	100	999	10	0.0	0.1
2026-07-07T18:18:30.617	357	795	511	971	2366	2224	2511	2988	3237	417	28.44	1013.82	47.99	146929	AS7341	flash	5	100	999	10	0.0	0.1
2026-07-07T18:18:32.523	358	796	511	969	2362	2220	2508	2988	3234	417	28.45	1013.85	48.65	146929	AS7341	flash	5	100	999	10	0.0	0.1
2026-07-07T18:18:34.539	357	796	510	968	2356	2215	2504	2986	3231	417	28.46	1013.84	49.26	145525	AS7341	flash	5	100	999	10	0.0	0.1
2026-07-07T18:18:36.562	357	797	510	967	2353	2211	2500	2985	3228	416	28.46	1013.85	49.86	144272	AS7341	flash	5	100	999	10	0.0	0.1
2026-07-07T18:18:38.582	357	798	510	966	2349	2207	2498	2985	3225	416	28.47	1013.87	50.35	142918	AS7341	flash	5	100	999	10	0.0	0.1
2026-07-07T18:18:40.604	357	799	509	964	2344	2202	2494	2983	3221	416	28.48	1013.86	50.83	140874	AS7341	flash	5	100	999	10	0.0	0.1
2026-07-07T18:18:42.630	357	800	510	963	2339	2198	2491	2981	3217	415	28.48	1013.85	51.26	140284	AS7341	flash	5	100	999	10	0.0	0.1
2026-07-07T18:18:44.535	356	800	510	961	2334	2194	2487	2979	3214	415	28.5	1013.88	51.63	138888	AS7341	flash	5	100	999	10	0.0	0.1
2026-07-07T18:18:46.558	356	801	510	960	2330	2189	2483	2977	3209	414	28.5	1013.88	51.97	138087	AS7341	flash	5	100	999	10	0.0	0.1
2026-07-07T18:18:48.572	356	802	510	958	2325	2185	2480	2975	3206	414	28.5	1013.87	52.31	137520	AS7341	flash	5	100	999	10	0.0	0.1
2026-07-07T18:18:50.586	356	802	510	957	2322	2181	2476	2973	3202	414	28.51	1013.83	52.59	136846	AS7341	flash	5	100	999	10	0.0	0.1
2026-07-07T18:18:52.596	356	803	510	957	2318	2178	2473	2971	3200	414	28.52	1013.86	52.85	134538	AS7341	flash	5	100	999	10	0.0	0.1
2026-07-07T18:18:54.615	355	804	510	955	2313	2173	2469	2968	3196	413	28.52	1013.87	53.08	134214	AS7341	flash	5	100	999	10	0.0	0.1
2026-07-07T18:18:56.630	355	805	510	954	2310	2170	2467	2967	3193	413	28.53	1013.85	53.32	134000	AS7341	flash	5	100	999	10	0.0	0.1
2026-07-07T18:18:58.539	355	805	510	952	2304	2165	2462	2963	3188	412	28.55	1013.86	53.49	134214	AS7341	flash	5	100	999	10	0.0	0.1
2026-07-07T18:19:00.555	355	806	510	951	2301	2162	2460	2962	3186	412	28.55	1013.87	53.71	133147	AS7341	flash	5	100	999	10	0.0	0.1
2026-07-07T18:19:02.578	355	807	510	950	2298	2159	2457	2961	3183	412	28.55	1013.85	53.91	133147	AS7341	flash	5	100	999	10	100.0	0.1
2026-07-07T18:19:04.593	355	808	511	950	2298	2157	2455	2956	3181	411	28.52	1013.84	54.03	133359	AS7341	flash	5	100	999	10	100.0	0.1
2026-07-07T18:19:06.624	355	809	511	951	2300	2158	2453	2951	3180	411	28.5	1013.83	53.07	134646	AS7341	flash	5	100	999	10	100.0	0.1
2026-07-07T18:19:08.545	355	809	511	951	2300	2158	2451	2945	3179	411	28.51	1013.86	51.68	137407	AS7341	flash	5	100	999	10	100.0	0.1
2026-07-07T18:19:10.570	355	810	511	953	2302	2160	2451	2942	3178	411	28.5	1013.82	50.3	139351	AS7341	flash	5	100	999	10	100.0	0.1
2026-07-07T18:19:12.590	355	810	511	953	2303	2161	2450	2937	3178	411	28.49	1013.87	49.15	141231	AS7341	flash	5	100	999	10	100.0	0.1
2026-07-07T18:19:14.609	355	810	511	955	2306	2163	2450	2935	3179	411	28.49	1013.85	48.21	142674	AS7341	flash	5	100	999	10	100.0	0.1
2026-07-07T18:19:16.633	355	810	512	955	2309	2165	2451	2933	3180	411	28.49	1013.87	47.47	144272	AS7341	flash	5	100	999	10	100.0	0.1
2026-07-07T18:19:18.548	356	810	512	955	2311	2167	2451	2932	3181	411	28.5	1013.86	46.92	145021	AS7341	flash	5	100	999	10	100.0	0.1
2026-07-07T18:19:20.574	355	810	512	957	2315	2170	2454	2932	3184	411	28.49	1013.86	46.45	146288	AS7341	flash	5	100	999	10	100.0	0.1
2026-07-07T18:19:22.596	356	809	512	957	2318	2173	2455	2932	3186	412	28.49	1013.88	46.1	147188	AS7341	flash	5	100	999	10	100.0	0.1
2026-07-07T18:19:24.618	355	809	512	958	2320	2175	2456	2931	3187	412	28.48	1013.83	45.79	147188	AS7341	flash	5	100	999	10	100.0	0.1
2026-07-07T18:19:26.642	355	808	512	959	2323	2177	2458	2931	3189	412	28.48	1013.83	45.56	147447	AS7341	flash	5	100	999	10	100.0	0.1
2026-07-07T18:19:28.555	356	808	512	960	2324	2179	2459	2931	3189	412	28.48	1013.85	45.38	149287	AS7341	flash	5	100	999	10	100.0	0.1
2026-07-07T18:19:30.575	355	808	512	961	2328	2182	2461	2933	3193	412	28.48	1013.86	45.22	149154	AS7341	flash	5	100	999	10	100.0	0.1
2026-07-07T18:19:32.601	355	808	512	962	2329	2184	2463	2933	3194	412	28.47	1013.88	45.09	149154	AS7341	flash	5	100	999	10	100.0	0.1
2026-07-07T18:19:34.621	356	807	512	963	2331	2186	2465	2934	3196	413	28.47	1013.85	44.96	149553	AS7341	flash	5	100	999	10	100.0	0.1
2026-07-07T18:19:36.635	356	807	512	963	2333	2188	2467	2934	3196	413	28.47	1013.86	44.86	150359	AS7341	flash	5	100	999	10	100.0	0.1
2026-07-07T18:19:38.544	355	806	512	964	2334	2189	2468	2934	3197	413	28.48	1013.85	44.78	151173	AS7341	flash	5	100	999	10	100.0	0.1
2026-07-07T18:19:40.572	356	806	512	965	2338	2193	2471	2937	3201	413	28.47	1013.82	44.7	151446	AS7341	flash	5	100	999	10	100.0	0.1
2026-07-07T18:19:42.594	356	806	512	964	2339	2193	2471	2937	3201	413	28.47	1013.86	44.64	151721	AS7341	flash	5	100	999	10	100.0	0.1
2026-07-07T18:19:44.612	357	805	512	966	2341	2195	2474	2938	3202	413	28.47	1013.86	44.59	151583	AS7341	flash	5	100	999	10	100.0	0.1
2026-07-07T18:19:46.634	356	805	512	965	2342	2196	2475	2939	3204	414	28.47	1013.86	44.54	151446	AS7341	flash	5	100	999	10	100.0	0.1
2026-07-07T18:19:48.542	356	805	511	966	2344	2198	2477	2940	3206	414	28.48	1013.81	44.49	152550	AS7341	flash	5	100	999	10	100.0	0.1
2026-07-07T18:19:50.568	356	804	512	967	2346	2200	2478	2941	3207	414	28.48	1013.84	44.47	152134	AS7341	flash	5	100	999	10	100.0	0.1
2026-07-07T18:19:52.587	356	804	512	967	2348	2202	2481	2943	3210	414	28.48	1013.81	44.44	151996	AS7341	flash	5	100	999	10	100.0	0.1
2026-07-07T18:19:54.602	356	804	512	968	2349	2203	2482	2943	3210	414	28.47	1013.83	44.41	152689	AS7341	flash	5	100	999	10	100.0	0.1
2026-07-07T18:19:56.620	356	803	512	968	2350	2204	2483	2944	3211	414	28.48	1013.85	44.36	153669	AS7341	flash	5	100	999	10	100.0	0.1
2026-07-07T18:19:58.637	356	803	512	969	2352	2205	2485	2945	3213	414	28.47	1013.84	44.36	152828	AS7341	flash	5	100	999	10	100.0	0.1
2026-07-07T18:20:00.662	356	803	511	969	2353	2207	2486	2946	3213	414	28.47	1013.86	44.33	152968	AS7341	flash	5	100	999	10	100.0	0.1
2026-07-07T18:20:02.574	356	802	511	969	2353	2207	2486	2946	3213	414	28.48	1013.86	44.32	152828	AS7341	flash	5	100	999	10	100.0	0.1
2026-07-07T18:20:04.597	356	803	512	970	2356	2209	2489	2948	3216	415	28.47	1013.82	44.28	153528	AS7341	flash	5	100	999	10	100.0	0.1
2026-07-07T18:20:06.620	357	803	512	970	2355	2210	2489	2949	3217	415	28.47	1013.81	44.27	153810	AS7341	flash	5	100	999	10	100.0	0.1
2026-07-07T18:20:08.641	357	802	511	970	2356	2211	2490	2949	3217	415	28.47	1013.83	44.26	152411	AS7341	flash	5	100	999	10	100.0	0.1
2026-07-07T18:20:10.654	357	802	511	971	2357	2212	2491	2950	3219	415	28.47	1013.88	44.21	153810	AS7341	flash	5	100	999	10	100.0	0.1
2026-07-07T18:20:12.681	357	802	511	971	2358	2213	2493	2951	3218	415	28.47	1013.86	44.22	153528	AS7341	flash	5	100	999	10	100.0	0.1
2026-07-07T18:20:14.591	357	801	511	971	2359	2214	2493	2951	3219	415	28.48	1013.85	44.2	153669	AS7341	flash	5	100	999	10	100.0	0.1
2026-07-07T18:20:16.616	357	801	511	972	2360	2215	2494	2952	3220	415	28.48	1013.84	44.19	153669	AS7341	flash	5	100	999	10	100.0	0.1
2026-07-07T18:20:18.636	357	801	511	972	2361	2215	2495	2953	3220	415	28.48	1013.84	44.17	153669	AS7341	flash	5	100	999	10	100.0	0.1
2026-07-07T18:20:20.659	357	801	511	972	2362	2217	2496	2954	3222	416	28.47	1013.81	44.15	154093	AS7341	flash	5	100	999	10	100.0	0.1
2026-07-07T18:20:22.688	357	801	511	973	2364	2218	2498	2955	3224	416	28.47	1013.79	44.16	152968	AS7341	flash	5	100	999	10	100.0	0.1
2026-07-07T18:20:24.602	357	800	511	972	2363	2217	2497	2954	3222	415	28.48	1013.82	44.15	154662	AS7341	flash	5	100	999	10	100.0	0.1
2026-07-07T18:20:26.622	357	801	511	973	2364	2219	2499	2955	3224	416	28.47	1013.82	44.14	154520	AS7341	flash	5	100	999	10	100.0	0.1
2026-07-07T18:20:28.635	357	800	511	973	2365	2220	2500	2956	3225	416	28.47	1013.8	44.12	154093	AS7341	flash	5	100	999	10	100.0	0.1
2026-07-07T18:20:30.656	357	800	511	973	2365	2220	2500	2956	3225	416	28.47	1013.83	44.11	153669	AS7341	flash	5	100	999	10	100.0	0.1
2026-07-07T18:20:32.670	357	800	511	974	2366	2221	2501	2957	3226	416	28.47	1013.83	44.11	153669	AS7341	flash	5	100	999	10	100.0	0.1
2026-07-07T18:20:34.688	357	800	511	974	2367	2221	2502	2957	3227	416	28.47	1013.78	44.11	154235	AS7341	flash	5	100	999	10	100.0	0.1
2026-07-07T18:20:36.598	357	800	511	974	2366	2221	2501	2956	3226	416	28.48	1013.82	44.1	154949	AS7341	flash	5	100	999	10	100.0	0.1
2026-07-07T18:20:38.614	357	799	511	974	2367	2222	2502	2957	3227	416	28.48	1013.83	44.09	154805	AS7341	flash	5	100	999	10	100.0	0.1
2026-07-07T18:20:40.631	357	799	511	974	2368	2223	2503	2958	3227	416	28.47	1013.77	44.08	154093	AS7341	flash	5	100	999	10	100.0	0.1
2026-07-07T18:20:42.653	357	800	511	974	2368	2223	2503	2958	3228	416	28.47	1013.8	44.08	154377	AS7341	flash	5	100	999	10	100.0	0.1
2026-07-07T18:20:44.673	357	799	511	975	2370	2224	2504	2960	3229	416	28.48	1013.77	44.08	154235	AS7341	flash	5	100	999	10	100.0	0.1
2026-07-07T18:20:46.697	357	799	511	975	2370	2224	2505	2960	3229	416	28.47	1013.78	44.07	154662	AS7341	flash	5	100	999	10	100.0	0.1
2026-07-07T18:20:48.612	357	799	511	975	2369	2224	2504	2959	3228	416	28.48	1013.79	44.06	154805	AS7341	flash	5	100	999	10	100.0	0.1
2026-07-07T18:20:50.638	357	799	511	975	2371	2226	2506	2961	3231	416	28.47	1013.81	44.05	154520	AS7341	flash	5	100	999	10	100.0	0.1
2026-07-07T18:20:52.659	357	799	511	975	2371	2226	2507	2961	3231	416	28.47	1013.82	44.04	153952	AS7341	flash	5	100	999	10	100.0	0.1
2026-07-07T18:20:54.680	357	799	511	975	2372	2227	2507	2962	3232	416	28.48	1013.8	44.05	154520	AS7341	flash	5	100	999	10	100.0	0.1
2026-07-07T18:20:56.696	357	799	511	976	2372	2227	2507	2962	3232	416	28.48	1013.79	44.03	153528	AS7341	flash	5	100	999	10	100.0	0.1
2026-07-07T18:20:58.606	357	799	511	975	2372	2227	2507	2962	3232	416	28.49	1013.82	44.05	155380	AS7341	flash	5	100	999	10	100.0	0.1
2026-07-07T18:21:00.626	357	799	511	976	2373	2227	2508	2962	3232	417	28.47	1013.79	44.04	154235	AS7341	flash	5	100	999	10	100.0	0.1
2026-07-07T18:21:02.644	357	799	511	976	2374	2228	2509	2963	3233	416	28.48	1013.82	44.01	154949	AS7341	flash	5	100	999	10	100.0	0.1
2026-07-07T18:21:04.674	358	799	511	976	2374	2228	2509	2963	3233	417	28.47	1013.79	44.0	153528	AS7341	flash	5	100	999	10	100.0	0.1
2026-07-07T18:21:06.699	357	798	511	976	2374	2229	2509	2964	3234	417	28.47	1013.79	44.01	154235	AS7341	flash	5	100	999	10	100.0	0.1
2026-07-07T18:21:08.612	357	798	511	976	2374	2228	2509	2964	3234	417	28.49	1013.82	44.01	155669	AS7341	flash	5	100	999	10	100.0	0.1
2026-07-07T18:21:10.634	358	799	511	975	2375	2229	2510	2964	3235	417	28.48	1013.81	44.01	154377	AS7341	flash	5	100	999	10	100.0	0.1
2026-07-07T18:21:12.648	358	799	511	976	2374	2229	2510	2964	3234	417	28.48	1013.8	44.01	154949	AS7341	flash	5	100	999	10	100.0	0.1
2026-07-07T18:21:14.657	358	799	511	976	2375	2229	2510	2965	3235	417	28.48	1013.81	44.0	154949	AS7341	flash	5	100	999	10	100.0	0.1
2026-07-07T18:21:16.680	358	798	511	975	2375	2230	2511	2965	3235	417	28.47	1013.79	44.0	154949	AS7341	flash	5	100	999	10	100.0	0.1
2026-07-07T18:21:18.702	358	799	511	976	2376	2231	2512	2966	3236	417	28.48	1013.8	44.0	155092	AS7341	flash	5	100	999	10	100.0	0.1
2026-07-07T18:21:20.615	357	798	511	976	2375	2229	2510	2964	3234	417	28.49	1013.77	43.99	154662	AS7341	flash	5	100	999	10	100.0	0.1
2026-07-07T18:21:22.637	358	798	511	976	2375	2230	2510	2965	3235	417	28.49	1013.79	43.99	154805	AS7341	flash	5	100	999	10	100.0	0.1
2026-07-07T18:21:24.662	357	798	511	976	2376	2230	2511	2965	3235	417	28.48	1013.8	43.98	154949	AS7341	flash	5	100	999	10	100.0	0.1
2026-07-07T18:21:26.689	358	798	511	976	2376	2230	2511	2965	3235	417	28.48	1013.79	43.98	154377	AS7341	flash	5	100	999	10	100.0	0.1
2026-07-07T18:21:28.704	358	798	511	976	2377	2231	2512	2967	3237	417	28.48	1013.8	43.99	154805	AS7341	flash	5	100	999	10	100.0	0.1
2026-07-07T18:21:30.615	358	798	511	976	2376	2231	2511	2966	3236	417	28.49	1013.81	43.99	154805	AS7341	flash	5	100	999	10	100.0	0.1
2026-07-07T18:21:32.635	358	798	511	977	2376	2231	2512	2966	3236	417	28.49	1013.81	43.97	154520	AS7341	flash	5	100	999	10	100.0	0.1
2026-07-07T18:21:34.655	358	798	511	976	2377	2231	2512	2966	3236	417	28.49	1013.79	43.97	155380	AS7341	flash	5	100	999	10	100.0	0.1
2026-07-07T18:21:36.678	358	798	511	976	2377	2232	2513	2967	3237	417	28.49	1013.78	43.99	154805	AS7341	flash	5	100	999	10	100.0	0.1
2026-07-07T18:21:38.707	358	798	511	976	2378	2232	2513	2967	3238	417	28.48	1013.81	43.98	155092	AS7341	flash	5	100	999	10	100.0	0.1
2026-07-07T18:21:40.617	358	798	511	976	2377	2232	2513	2967	3237	417	28.49	1013.79	43.98	156250	AS7341	flash	5	100	999	10	100.0	0.1
2026-07-07T18:21:42.639	358	798	511	976	2377	2231	2512	2966	3235	417	28.49	1013.77	43.96	155092	AS7341	flash	5	100	999	10	100.0	0.1
2026-07-07T18:21:44.666	358	798	511	976	2378	2232	2513	2967	3237	417	28.48	1013.8	43.97	155092	AS7341	flash	5	100	999	10	100.0	0.1
2026-07-07T18:21:46.686	359	798	511	976	2378	2232	2513	2967	3237	417	28.49	1013.82	43.95	155236	AS7341	flash	5	100	999	10	100.0	0.1
2026-07-07T18:21:48.710	358	798	511	976	2378	2233	2514	2968	3238	417	28.48	1013.8	43.97	154805	AS7341	flash	5	100	999	10	100.0	0.1
2026-07-07T18:21:50.627	357	797	511	976	2377	2231	2513	2966	3237	417	28.5	1013.82	43.96	156104	AS7341	flash	5	100	999	10	100.0	0.1
2026-07-07T18:21:52.649	358	798	511	976	2378	2233	2514	2967	3238	417	28.49	1013.8	43.95	154949	AS7341	flash	5	100	999	10	100.0	0.1
2026-07-07T18:21:54.677	358	798	511	976	2378	2232	2513	2968	3238	417	28.5	1013.8	43.96	154093	AS7341	flash	5	100	999	10	100.0	0.1
2026-07-07T18:21:56.697	358	797	511	976	2377	2232	2513	2966	3237	417	28.49	1013.8	43.96	155092	AS7341	flash	5	100	999	10	100.0	0.1
2026-07-07T18:21:58.719	358	797	511	976	2378	2233	2514	2967	3238	417	28.49	1013.77	43.95	154805	AS7341	flash	5	100	999	10	100.0	0.1
2026-07-07T18:22:00.635	358	797	511	976	2378	2233	2514	2967	3238	417	28.5	1013.8	43.95	156250	AS7341	flash	5	100	999	10	100.0	0.1
2026-07-07T18:22:02.650	358	798	511	977	2379	2233	2514	2968	3239	417	28.49	1013.79	43.94	155380	AS7341	flash	5	100	999	10	100.0	0.1
2026-07-07T18:22:04.672	358	797	511	976	2378	2233	2514	2967	3238	417	28.49	1013.77	43.94	154805	AS7341	flash	5	100	999	10	100.0	0.1
2026-07-07T18:22:06.696	358	798	511	977	2379	2233	2515	2968	3238	417	28.5	1013.82	43.95	155813	AS7341	flash	5	100	999	10	100.0	0.1
2026-07-07T18:22:08.721	358	798	511	977	2379	2233	2515	2969	3238	417	28.5	1013.79	43.95	155092	AS7341	flash	5	100	999	10	100.0	0.1
2026-07-07T18:22:10.642	358	797	511	976	2378	2233	2514	2967	3238	417	28.5	1013.75	43.93	154662	AS7341	flash	5	100	999	10	100.0	0.1
2026-07-07T18:22:12.670	358	797	511	977	2379	2234	2514	2968	3238	417	28.5	1013.77	43.93	155092	AS7341	flash	5	100	999	10	100.0	0.1
2026-07-07T18:22:14.686	358	797	511	977	2379	2233	2514	2968	3238	417	28.5	1013.81	43.94	155236	AS7341	flash	5	100	999	10	100.0	0.1
2026-07-07T18:22:16.707	358	798	511	977	2380	2234	2516	2969	3239	417	28.5	1013.78	43.96	154805	AS7341	flash	5	100	999	10	100.0	0.1
2026-07-07T18:22:18.724	358	797	511	977	2379	2234	2515	2968	3239	417	28.5	1013.79	43.94	154235	AS7341	flash	5	100	999	10	100.0	0.1
2026-07-07T18:22:20.736	358	797	511	977	2379	2234	2515	2969	3239	417	28.5	1013.79	43.94	154662	AS7341	flash	5	100	999	10	100.0	0.1
2026-07-07T18:22:22.650	358	797	511	976	2379	2233	2515	2968	3238	417	28.51	1013.78	43.94	155669	AS7341	flash	5	100	999	10	100.0	0.1
2026-07-07T18:22:24.679	358	797	511	977	2379	2234	2515	2968	3239	417	28.5	1013.78	43.93	155236	AS7341	flash	5	100	999	10	100.0	0.1
2026-07-07T18:22:26.701	358	798	511	977	2380	2234	2515	2969	3240	417	28.51	1013.77	43.93	155092	AS7341	flash	5	100	999	10	100.0	0.1
2026-07-07T18:22:28.725	358	798	511	977	2379	2234	2515	2969	3239	417	28.5	1013.78	43.93	154520	AS7341	flash	5	100	999	10	100.0	0.1
2026-07-07T18:22:30.640	358	798	511	977	2380	2234	2515	2969	3240	417	28.5	1013.78	43.93	155380	AS7341	flash	5	100	999	10	100.0	0.1
2026-07-07T18:22:32.666	358	797	511	977	2380	2234	2516	2969	3240	417	28.5	1013.8	43.93	155092	AS7341	flash	5	100	999	10	100.0	0.1
2026-07-07T18:22:34.680	358	798	511	977	2381	2235	2516	2970	3240	417	28.51	1013.76	43.93	154377	AS7341	flash	5	100	999	10	100.0	0.1
2026-07-07T18:22:36.701	358	798	511	977	2380	2235	2516	2970	3240	417	28.5	1013.74	43.93	155236	AS7341	flash	5	100	999	10	100.0	0.1
2026-07-07T18:22:38.719	358	798	511	977	2380	2234	2516	2969	3240	417	28.5	1013.78	43.93	154805	AS7341	flash	5	100	999	10	100.0	0.1
2026-07-07T18:22:40.743	358	798	511	977	2380	2234	2516	2969	3239	417	28.51	1013.77	43.93	155092	AS7341	flash	5	100	999	10	100.0	0.1
2026-07-07T18:22:42.658	358	797	511	977	2380	2234	2515	2969	3239	417	28.52	1013.78	43.93	155524	AS7341	flash	5	100	999	10	100.0	0.1
2026-07-07T18:22:44.683	358	798	511	977	2381	2235	2516	2970	3240	417	28.51	1013.78	43.93	154520	AS7341	flash	5	100	999	10	100.0	0.1
2026-07-07T18:22:46.699	358	798	511	977	2381	2235	2517	2971	3241	417	28.51	1013.77	43.93	154949	AS7341	flash	5	100	999	10	100.0	0.1
2026-07-07T18:22:48.712	358	797	511	977	2381	2235	2516	2970	3240	417	28.52	1013.8	43.93	155669	AS7341	flash	5	100	999	10	100.0	0.1
2026-07-07T18:22:50.726	358	797	511	977	2380	2234	2516	2969	3239	417	28.51	1013.75	43.93	154093	AS7341	flash	5	100	999	10	100.0	0.1
2026-07-07T18:22:52.645	358	797	512	977	2380	2234	2515	2969	3239	417	28.52	1013.75	43.92	154805	AS7341	flash	5	100	999	10	100.0	0.1
2026-07-07T18:22:54.661	358	798	511	977	2380	2235	2516	2969	3240	417	28.51	1013.76	43.91	155380	AS7341	flash	5	100	999	10	100.0	0.1
2026-07-07T18:22:56.676	358	798	511	977	2381	2235	2516	2970	3240	417	28.51	1013.77	43.91	155669	AS7341	flash	5	100	999	10	100.0	0.1
2026-07-07T18:22:58.695	358	798	511	977	2380	2235	2516	2970	3240	417	28.52	1013.76	43.9	155524	AS7341	flash	5	100	999	10	100.0	0.1
2026-07-07T18:23:00.718	358	797	511	977	2380	2235	2516	2970	3240	417	28.51	1013.77	43.92	155092	AS7341	flash	5	100	999	10	100.0	0.1
2026-07-07T18:23:02.739	358	797	511	977	2381	2235	2516	2970	3240	417	28.51	1013.74	43.92	153952	AS7341	flash	5	100	999	10	100.0	0.1
2026-07-07T18:23:04.657	358	797	511	977	2380	2235	2515	2969	3239	417	28.53	1013.81	43.91	155380	AS7341	flash	5	100	999	10	100.0	0.1
2026-07-07T18:23:06.669	358	797	511	977	2380	2235	2516	2969	3240	417	28.52	1013.78	43.92	155669	AS7341	flash	5	100	999	10	100.0	0.1
2026-07-07T18:23:08.698	358	798	511	977	2381	2235	2517	2970	3240	417	28.52	1013.81	43.92	154949	AS7341	flash	5	100	999	10	100.0	0.1
2026-07-07T18:23:10.716	359	797	511	977	2381	2235	2517	2970	3241	417	28.52	1013.77	43.91	154377	AS7341	flash	5	100	999	10	100.0	0.1
2026-07-07T18:23:12.741	358	798	511	978	2382	2236	2518	2971	3241	417	28.52	1013.78	43.9	155380	AS7341	flash	5	100	999	10	100.0	0.1
2026-07-07T18:23:14.651	358	798	511	977	2380	2235	2516	2969	3240	417	28.53	1013.75	43.89	156104	AS7341	flash	5	100	999	10	100.0	0.1
2026-07-07T18:23:16.669	358	798	511	977	2381	2235	2517	2970	3241	417	28.52	1013.76	43.89	155092	AS7341	flash	5	100	999	10	100.0	0.1
2026-07-07T18:23:18.690	358	797	511	977	2381	2235	2516	2970	3240	417	28.52	1013.77	43.91	154805	AS7341	flash	5	100	999	10	100.0	0.1
2026-07-07T18:23:20.708	358	798	511	978	2381	2236	2517	2970	3241	417	28.52	1013.77	43.9	154805	AS7341	flash	5	100	999	10	100.0	0.1
2026-07-07T18:23:22.732	358	798	511	978	2382	2236	2518	2971	3242	418	28.52	1013.74	43.91	154949	AS7341	flash	5	100	999	10	100.0	0.1
2026-07-07T18:23:24.651	358	798	511	977	2381	2235	2516	2970	3240	417	28.53	1013.77	43.9	155524	AS7341	flash	5	100	999	10	100.0	0.1
2026-07-07T18:23:26.677	358	797	511	977	2381	2235	2516	2970	3240	417	28.52	1013.75	43.9	155669	AS7341	flash	5	100	999	10	100.0	0.1
2026-07-07T18:23:28.703	358	798	511	978	2381	2236	2516	2970	3241	417	28.53	1013.75	43.9	155380	AS7341	flash	5	100	999	10	100.0	0.1
2026-07-07T18:23:30.726	358	798	511	978	2382	2236	2518	2971	3242	417	28.53	1013.76	43.89	154520	AS7341	flash	5	100	999	10	100.0	0.1
2026-07-07T18:23:32.747	358	797	511	977	2381	2235	2516	2970	3240	417	28.53	1013.77	43.91	154805	AS7341	flash	5	100	999	10	100.0	0.1
2026-07-07T18:23:34.668	358	797	511	977	2381	2236	2517	2970	3241	417	28.54	1013.77	43.89	154805	AS7341	flash	5	100	999	10	100.0	0.1
2026-07-07T18:23:36.691	358	797	511	977	2381	2235	2516	2970	3241	417	28.53	1013.74	43.9	154235	AS7341	flash	5	100	999	10	100.0	0.1
2026-07-07T18:23:38.716	358	797	511	977	2381	2235	2515	2970	3240	417	28.53	1013.77	43.9	155092	AS7341	flash	5	100	999	10	100.0	0.1
2026-07-07T18:23:40.744	358	798	511	978	2382	2236	2518	2971	3241	417	28.53	1013.75	43.89	153952	AS7341	flash	5	100	999	10	100.0	0.1
2026-07-07T18:23:42.653	358	797	511	977	2381	2235	2517	2970	3240	417	28.55	1013.79	43.9	155524	AS7341	flash	5	100	999	10	100.0	0.1
2026-07-07T18:23:44.677	358	798	511	977	2381	2236	2517	2970	3241	417	28.54	1013.75	43.89	155092	AS7341	flash	5	100	999	10	100.0	0.1
2026-07-07T18:23:46.697	359	798	511	978	2382	2236	2518	2971	3242	418	28.54	1013.77	43.89	154235	AS7341	flash	5	100	999	10	100.0	0.1
2026-07-07T18:23:48.714	358	798	511	978	2381	2236	2517	2970	3241	417	28.53	1013.75	43.88	154805	AS7341	flash	5	100	999	10	100.0	0.1
2026-07-07T18:23:50.742	358	798	511	977	2382	2236	2517	2971	3241	417	28.54	1013.72	43.89	154805	AS7341	flash	5	100	999	10	100.0	0.1
2026-07-07T18:23:52.650	358	797	511	977	2380	2235	2516	2969	3240	417	28.55	1013.76	43.88	155669	AS7341	flash	5	100	999	10	100.0	0.1
2026-07-07T18:23:54.666	358	798	511	977	2382	2236	2517	2971	3241	417	28.54	1013.79	43.87	155959	AS7341	flash	5	100	999	10	100.0	0.1
2026-07-07T18:23:56.678	358	797	511	977	2381	2236	2517	2970	3241	417	28.54	1013.78	43.89	155236	AS7341	flash	5	100	999	10	100.0	0.1
2026-07-07T18:23:58.702	358	798	511	977	2381	2235	2517	2970	3241	417	28.54	1013.8	43.88	154520	AS7341	flash	5	100	999	10	100.0	0.1
2026-07-07T18:24:00.720	358	798	511	978	2381	2236	2517	2970	3241	417	28.55	1013.77	43.88	155092	AS7341	flash	5	100	999	10	100.0	0.1
2026-07-07T18:24:02.741	358	798	511	978	2382	2236	2518	2971	3242	417	28.54	1013.72	43.88	155092	AS7341	flash	5	100	999	10	100.0	0.1
2026-07-07T18:24:04.648	358	798	511	978	2381	2236	2518	2971	3241	417	28.55	1013.75	43.87	155380	AS7341	flash	5	100	999	10	100.0	0.1
2026-07-07T18:24:06.668	358	798	511	978	2381	2235	2516	2970	3240	417	28.55	1013.76	43.87	154949	AS7341	flash	5	100	999	10	100.0	0.1
2026-07-07T18:24:08.682	358	798	511	977	2382	2236	2517	2970	3241	418	28.55	1013.75	43.87	154949	AS7341	flash	5	100	999	10	100.0	0.1
2026-07-07T18:24:10.707	358	798	511	978	2381	2235	2517	2969	3240	417	28.55	1013.74	43.87	154662	AS7341	flash	5	100	999	10	100.0	0.1
2026-07-07T18:24:12.733	358	797	511	977	2381	2235	2517	2970	3240	417	28.55	1013.75	43.86	153952	AS7341	flash	5	100	999	10	100.0	0.1
2026-07-07T18:24:14.751	358	798	511	977	2381	2236	2517	2971	3241	417	28.55	1013.76	43.87	154805	AS7341	flash	5	100	999	10	100.0	0.1
2026-07-07T18:24:16.664	358	798	511	977	2381	2235	2516	2969	3241	417	28.55	1013.77	43.86	155380	AS7341	flash	5	100	999	10	100.0	0.1
2026-07-07T18:24:18.681	358	798	511	977	2381	2236	2517	2970	3241	417	28.55	1013.74	43.86	154949	AS7341	flash	5	100	999	10	100.0	0.1
2026-07-07T18:24:20.705	358	798	511	978	2382	2236	2516	2971	3240	417	28.55	1013.73	43.87	154805	AS7341	flash	5	100	999	10	100.0	0.1
2026-07-07T18:24:22.723	358	798	511	978	2382	2236	2516	2971	3240	417	28.55	1013.77	43.88	154377	AS7341	flash	5	100	999	10	100.0	0.1
2026-07-07T18:24:24.751	359	798	511	978	2381	2236	2517	2970	3240	417	28.56	1013.71	43.86	154662	AS7341	flash	5	100	999	10	100.0	0.1
2026-07-07T18:24:26.769	358	798	512	978	2382	2236	2518	2971	3241	418	28.56	1013.73	43.88	154805	AS7341	flash	5	100	999	10	100.0	0.1
2026-07-07T18:24:28.679	358	798	512	977	2381	2236	2516	2970	3241	417	28.56	1013.72	43.87	155380	AS7341	flash	5	100	999	10	100.0	0.1
2026-07-07T18:24:30.700	358	798	512	978	2381	2235	2517	2969	3239	417	28.55	1013.7	43.88	153952	AS7341	flash	5	100	999	10	100.0	0.1
2026-07-07T18:24:32.718	358	798	512	978	2381	2235	2517	2970	3241	417	28.56	1013.71	43.87	155813	AS7341	flash	5	100	999	10	100.0	0.1
2026-07-07T18:24:34.740	358	798	512	978	2382	2236	2517	2971	3241	418	28.55	1013.74	43.86	154805	AS7341	flash	5	100	999	10	100.0	0.1
2026-07-07T18:24:36.762	358	798	511	978	2381	2235	2517	2970	3240	417	28.55	1013.69	43.88	154949	AS7341	flash	5	100	999	10	100.0	0.1
2026-07-07T18:24:38.675	358	798	512	977	2381	2235	2517	2969	3240	417	28.56	1013.72	43.87	155092	AS7341	flash	5	100	999	10	100.0	0.1
2026-07-07T18:24:40.696	358	798	512	978	2381	2235	2517	2970	3241	417	28.56	1013.74	43.85	155092	AS7341	flash	5	100	999	10	100.0	0.1
2026-07-07T18:24:42.714	358	798	511	977	2381	2236	2517	2970	3241	417	28.56	1013.71	43.86	154520	AS7341	flash	5	100	999	10	100.0	0.1
2026-07-07T18:24:44.739	359	798	511	978	2382	2236	2517	2970	3241	418	28.56	1013.69	43.86	155092	AS7341	flash	5	100	999	10	100.0	0.1
2026-07-07T18:24:46.761	358	798	511	977	2382	2236	2517	2971	3242	417	28.56	1013.69	43.87	154662	AS7341	flash	5	100	999	10	100.0	0.1
2026-07-07T18:24:48.677	358	798	512	978	2382	2236	2517	2970	3241	418	28.56	1013.68	43.86	155380	AS7341	flash	5	100	999	10	100.0	0.1
2026-07-07T18:24:50.699	358	798	512	978	2382	2236	2517	2970	3241	418	28.57	1013.67	43.86	154805	AS7341	flash	5	100	999	10	100.0	0.1
2026-07-07T18:24:52.721	358	798	512	978	2381	2236	2517	2970	3241	417	28.56	1013.69	43.85	155092	AS7341	flash	5	100	999	10	100.0	0.1
2026-07-07T18:24:54.746	358	798	512	978	2381	2236	2517	2970	3240	417	28.57	1013.72	43.86	154520	AS7341	flash	5	100	999	10	100.0	0.1
2026-07-07T18:24:56.772	359	798	512	978	2382	2236	2517	2970	3240	417	28.57	1013.73	43.85	154235	AS7341	flash	5	100	999	10	100.0	0.1
2026-07-07T18:24:58.677	359	798	512	978	2382	2236	2517	2970	3240	418	28.58	1013.73	43.86	155669	AS7341	flash	5	100	999	10	100.0	0.1
2026-07-07T18:25:00.694	358	798	512	978	2381	2236	2516	2970	3241	418	28.57	1013.69	43.86	155092	AS7341	flash	5	100	999	10	100.0	0.1
2026-07-07T18:25:02.705	358	798	512	978	2381	2236	2517	2970	3241	418	28.57	1013.7	43.86	155092	AS7341	flash	5	100	999	10	100.0	0.1
2026-07-07T18:25:04.722	358	798	512	978	2381	2236	2517	2970	3241	417	28.57	1013.72	43.85	154235	AS7341	flash	5	100	999	10	100.0	0.1
2026-07-07T18:25:06.748	358	798	512	978	2382	2236	2517	2970	3241	417	28.57	1013.71	43.87	154235	AS7341	flash	5	100	999	10	100.0	0.1
2026-07-07T18:25:08.769	358	798	512	978	2382	2236	2516	2970	3240	418	28.58	1013.71	43.86	154805	AS7341	flash	5	100	999	10	100.0	0.1
2026-07-07T18:25:10.682	358	798	512	977	2381	2235	2516	2969	3241	417	28.58	1013.7	43.86	155092	AS7341	flash	5	100	999	10	100.0	0.1
2026-07-07T18:25:12.696	358	798	512	978	2382	2236	2517	2970	3240	417	28.58	1013.68	43.85	155380	AS7341	flash	5	100	999	10	100.0	0.1
2026-07-07T18:25:14.716	358	798	512	978	2381	2235	2517	2970	3240	417	28.57	1013.68	43.85	154805	AS7341	flash	5	100	999	10	100.0	0.1
2026-07-07T18:25:16.742	358	798	512	978	2381	2235	2517	2970	3240	417	28.57	1013.72	43.85	154662	AS7341	flash	5	100	999	10	100.0	0.1
2026-07-07T18:25:18.767	358	798	512	978	2382	2236	2517	2970	3240	417	28.58	1013.71	43.84	154377	AS7341	flash	5	100	999	10	100.0	0.1
2026-07-07T18:25:20.689	358	798	512	978	2382	2236	2517	2970	3240	417	28.58	1013.67	43.84	154377	AS7341	flash	5	100	999	10	100.0	0.1
2026-07-07T18:25:22.707	358	798	512	978	2381	2236	2517	2969	3241	417	28.58	1013.68	43.83	154662	AS7341	flash	5	100	999	10	100.0	0.1
2026-07-07T18:25:24.735	358	798	512	978	2382	2236	2517	2970	3241	417	28.58	1013.7	43.84	154805	AS7341	flash	5	100	999	10	100.0	0.1
2026-07-07T18:25:26.760	358	798	512	978	2382	2236	2517	2970	3241	417	28.58	1013.7	43.83	153669	AS7341	flash	5	100	999	10	100.0	0.1
2026-07-07T18:25:28.772	358	799	512	978	2382	2236	2517	2971	3241	418	28.58	1013.72	43.84	154520	AS7341	flash	5	100	999	10	100.0	0.1
2026-07-07T18:25:30.785	358	798	512	978	2382	2236	2517	2970	3241	418	28.58	1013.71	43.83	154805	AS7341	flash	5	100	999	10	100.0	0.1
2026-07-07T18:25:32.698	358	798	512	977	2381	2235	2516	2969	3240	417	28.59	1013.66	43.84	154520	AS7341	flash	5	100	999	10	100.0	0.1
2026-07-07T18:25:34.723	358	798	512	978	2382	2236	2517	2970	3241	417	28.59	1013.68	43.83	154093	AS7341	flash	5	100	999	10	100.0	0.1
2026-07-07T18:25:36.744	358	798	512	978	2381	2236	2517	2970	3241	417	28.58	1013.7	43.82	155092	AS7341	flash	5	100	999	10	100.0	0.1
2026-07-07T18:25:38.772	358	798	512	977	2381	2235	2516	2969	3240	417	28.58	1013.67	43.82	154805	AS7341	flash	5	100	999	10	100.0	0.1
2026-07-07T18:25:40.794	358	798	512	978	2381	2235	2517	2970	3241	417	28.59	1013.71	43.83	154235	AS7341	flash	5	100	999	10	100.0	0.1
2026-07-07T18:25:42.709	358	798	512	977	2380	2235	2516	2968	3238	417	28.59	1013.69	43.83	154805	AS7341	flash	5	100	999	10	100.0	0.1
2026-07-07T18:25:44.730	358	798	512	977	2381	2235	2516	2969	3240	417	28.58	1013.66	43.82	154805	AS7341	flash	5	100	999	10	100.0	0.1
2026-07-07T18:25:46.758	358	798	512	977	2382	2236	2517	2970	3240	417	28.58	1013.65	43.81	154520	AS7341	flash	5	100	999	10	100.0	0.1
2026-07-07T18:25:48.778	358	798	512	978	2381	2235	2517	2969	3240	417	28.58	1013.68	43.82	154662	AS7341	flash	5	100	999	10	100.0	0.1
2026-07-07T18:25:50.695	358	798	512	977	2381	2235	2516	2969	3239	417	28.6	1013.68	43.83	154662	AS7341	flash	5	100	999	10	100.0	0.1
2026-07-07T18:25:52.722	358	798	512	978	2382	2236	2517	2970	3240	418	28.58	1013.68	43.82	153669	AS7341	flash	5	100	999	10	100.0	0.1
2026-07-07T18:25:54.745	358	798	512	978	2382	2236	2517	2970	3241	417	28.59	1013.68	43.83	154520	AS7341	flash	5	100	999	10	100.0	0.1
2026-07-07T18:25:56.774	358	798	512	978	2382	2236	2517	2970	3240	417	28.59	1013.68	43.83	155524	AS7341	flash	5	100	999	10	100.0	0.1
2026-07-07T18:25:58.687	358	798	512	977	2381	2235	2516	2969	3240	417	28.6	1013.69	43.82	154235	AS7341	flash	5	100	999	10	100.0	0.1
2026-07-07T18:26:00.714	358	799	512	978	2382	2236	2517	2970	3241	418	28.6	1013.7	43.81	154377	AS7341	flash	5	100	999	10	100.0	0.1
2026-07-07T18:26:02.731	358	798	512	977	2381	2236	2517	2969	3241	417	28.59	1013.71	43.82	153669	AS7341	flash	5	100	999	10	100.0	0.1
2026-07-07T18:26:04.749	358	799	512	978	2382	2236	2517	2970	3241	418	28.6	1013.73	43.82	154235	AS7341	flash	5	100	999	10	100.0	0.1
2026-07-07T18:26:06.777	358	799	512	978	2381	2235	2517	2969	3239	417	28.59	1013.7	43.82	154520	AS7341	flash	5	100	999	10	100.0	0.1
2026-07-07T18:26:08.793	358	798	512	978	2381	2235	2517	2969	3239	417	28.6	1013.69	43.82	154949	AS7341	flash	5	100	999	10	100.0	0.1
2026-07-07T18:26:10.706	358	798	512	978	2381	2235	2516	2969	3240	417	28.6	1013.71	43.81	154949	AS7341	flash	5	100	999	10	100.0	0.1
2026-07-07T18:26:12.728	358	798	512	977	2381	2235	2516	2969	3239	417	28.6	1013.69	43.8	154520	AS7341	flash	5	100	999	10	100.0	0.1
2026-07-07T18:26:14.744	358	798	512	978	2380	2235	2516	2968	3240	417	28.6	1013.68	43.8	155092	AS7341	flash	5	100	999	10	100.0	0.1
2026-07-07T18:26:16.765	358	799	512	978	2381	2235	2517	2969	3241	417	28.6	1013.68	43.82	154235	AS7341	flash	5	100	999	10	100.0	0.1
2026-07-07T18:26:18.785	365	808	528	1012	2409	2249	2530	3045	3391	436	28.59	1013.69	43.82	154235	AS7341	flash	5	100	999	10	100.0	0.2
2026-07-07T18:26:20.692	358	798	512	977	2379	2234	2515	2967	3237	417	28.61	1013.69	43.82	155669	AS7341	flash	5	100	999	10	100.0	0.2
2026-07-07T18:26:22.706	358	799	512	977	2380	2235	2516	2968	3239	417	28.6	1013.66	43.8	154520	AS7341	flash	5	100	999	10	100.0	0.2
2026-07-07T18:26:24.722	358	799	513	977	2380	2235	2515	2968	3240	417	28.61	1013.7	43.81	155092	AS7341	flash	5	100	999	10	100.0	0.2
2026-07-07T18:26:26.738	358	799	513	978	2380	2235	2515	2969	3239	417	28.61	1013.68	43.82	154662	AS7341	flash	5	100	999	10	100.0	0.2
2026-07-07T18:26:28.763	358	799	513	978	2380	2235	2516	2969	3240	417	28.6	1013.69	43.83	154235	AS7341	flash	5	100	999	10	100.0	0.2
2026-07-07T18:26:30.778	358	799	513	978	2381	2235	2515	2968	3239	417	28.61	1013.69	43.85	154093	AS7341	flash	5	100	999	10	100.0	0.2
2026-07-07T18:26:32.797	358	799	513	978	2380	2234	2514	2967	3238	417	28.62	1013.72	43.86	153388	AS7341	flash	5	100	999	10	100.0	0.2
2026-07-07T18:26:34.708	358	799	513	978	2380	2234	2515	2967	3239	417	28.64	1013.72	43.86	154235	AS7341	flash	5	100	999	10	100.0	0.2
2026-07-07T18:26:36.730	358	799	513	978	2380	2234	2514	2967	3239	417	28.64	1013.72	43.88	153952	AS7341	flash	5	100	999	10	100.0	0.2
2026-07-07T18:26:38.752	358	799	513	978	2380	2234	2515	2968	3238	417	28.63	1013.7	43.9	154093	AS7341	flash	5	100	999	10	100.0	0.2
2026-07-07T18:26:40.773	358	799	513	978	2379	2233	2514	2968	3237	417	28.63	1013.7	43.92	154235	AS7341	flash	5	100	999	10	100.0	0.2
2026-07-07T18:26:42.799	358	800	513	978	2380	2234	2514	2968	3238	418	28.64	1013.71	43.94	153388	AS7341	flash	5	100	999	10	100.0	0.2
2026-07-07T18:26:44.814	358	799	513	977	2379	2233	2513	2967	3237	417	28.64	1013.7	43.95	154377	AS7341	flash	5	100	999	10	100.0	0.2
2026-07-07T18:26:46.720	358	800	513	977	2379	2233	2513	2967	3238	417	28.66	1013.71	43.96	154662	AS7341	flash	5	100	999	10	100.0	0.2
2026-07-07T18:26:48.734	358	800	513	978	2380	2233	2513	2967	3238	417	28.66	1013.76	43.99	153388	AS7341	flash	5	100	999	10	100.0	0.2
2026-07-07T18:26:50.755	358	800	513	977	2379	2233	2513	2967	3238	417	28.66	1013.74	43.99	153952	AS7341	flash	5	100	999	10	100.0	0.2
2026-07-07T18:26:52.782	358	800	513	977	2379	2233	2513	2967	3238	418	28.66	1013.72	44.02	153669	AS7341	flash	5	100	999	10	100.0	0.2
2026-07-07T18:26:54.807	358	800	513	977	2379	2232	2513	2966	3237	418	28.67	1013.76	44.03	153388	AS7341	flash	5	100	999	10	100.0	0.2
2026-07-07T18:26:56.721	358	800	513	977	2377	2231	2511	2965	3236	417	28.68	1013.7	44.03	154377	AS7341	flash	5	100	999	10	100.0	0.2
2026-07-07T18:26:58.747	358	800	513	977	2378	2232	2511	2965	3236	417	28.67	1013.71	44.04	152828	AS7341	flash	5	100	999	10	100.0	0.2
2026-07-07T18:27:00.763	358	800	513	977	2378	2232	2512	2966	3237	417	28.67	1013.72	44.06	153669	AS7341	flash	5	100	999	10	100.0	0.2
2026-07-07T18:27:02.786	358	800	513	977	2378	2232	2511	2965	3236	417	28.67	1013.75	44.07	153669	AS7341	flash	5	100	999	10	100.0	0.2
2026-07-07T18:27:04.808	358	800	513	977	2377	2231	2510	2964	3235	417	28.68	1013.74	44.1	153388	AS7341	flash	5	100	999	10	100.0	0.2
2026-07-07T18:27:06.725	358	800	513	977	2376	2230	2510	2963	3234	417	28.69	1013.74	44.09	153952	AS7341	flash	5	100	999	10	100.0	0.2
2026-07-07T18:27:08.744	358	801	513	977	2377	2231	2510	2964	3235	417	28.69	1013.75	44.1	153388	AS7341	flash	5	100	999	10	100.0	0.2
2026-07-07T18:27:10.758	358	801	513	977	2376	2230	2510	2963	3234	417	28.7	1013.73	44.1	152550	AS7341	flash	5	100	999	10	100.0	0.2
2026-07-07T18:27:12.785	358	801	513	977	2376	2230	2510	2964	3234	417	28.7	1013.73	44.11	153952	AS7341	flash	5	100	999	10	100.0	0.2
2026-07-07T18:27:14.804	358	801	513	977	2376	2230	2509	2963	3235	417	28.69	1013.72	44.14	152828	AS7341	flash	5	100	999	10	100.0	0.2
2026-07-07T18:27:16.824	359	801	513	976	2376	2229	2509	2963	3235	417	28.7	1013.71	44.15	152689	AS7341	flash	5	100	999	10	100.0	0.2
2026-07-07T18:27:18.734	358	801	513	976	2375	2229	2508	2962	3234	417	28.71	1013.74	44.13	153952	AS7341	flash	5	100	999	10	100.0	0.2
2026-07-07T18:27:20.755	358	801	513	976	2375	2229	2508	2963	3234	417	28.71	1013.77	44.15	153107	AS7341	flash	5	100	999	10	100.0	0.2
2026-07-07T18:27:22.778	358	801	513	976	2375	2229	2508	2962	3233	417	28.72	1013.7	44.15	152828	AS7341	flash	5	100	999	10	100.0	0.2
2026-07-07T18:27:24.792	358	801	512	976	2375	2228	2508	2961	3234	417	28.72	1013.74	44.17	152550	AS7341	flash	5	100	999	10	100.0	0.2
2026-07-07T18:27:26.810	358	801	512	976	2375	2229	2508	2962	3234	417	28.72	1013.7	44.18	152550	AS7341	flash	5	100	999	10	100.0	0.2
2026-07-07T18:27:28.728	357	801	513	976	2374	2228	2507	2962	3233	417	28.73	1013.74	44.18	153669	AS7341	flash	5	100	999	10	100.0	0.2
2026-07-07T18:27:30.750	358	801	513	976	2374	2228	2507	2962	3232	417	28.73	1013.73	44.19	152689	AS7341	flash	5	100	999	10	100.0	0.2
2026-07-07T18:27:32.767	358	801	512	976	2375	2228	2507	2962	3234	417	28.73	1013.74	44.19	152550	AS7341	flash	5	100	999	10	100.0	0.2
2026-07-07T18:27:34.794	358	802	513	976	2373	2227	2506	2961	3232	417	28.75	1013.75	44.2	151858	AS7341	flash	5	100	999	10	100.0	0.2
2026-07-07T18:27:36.812	358	801	512	976	2373	2227	2506	2960	3231	417	28.75	1013.77	44.2	151858	AS7341	flash	5	100	999	10	100.0	0.2
2026-07-07T18:27:38.836	358	802	513	976	2374	2227	2506	2961	3232	417	28.74	1013.72	44.21	151721	AS7341	flash	5	100	999	10	100.0	0.2
2026-07-07T18:27:40.741	358	802	512	975	2373	2227	2506	2960	3232	417	28.76	1013.77	44.21	152828	AS7341	flash	5	100	999	10	100.0	0.2
2026-07-07T18:27:42.767	358	802	512	976	2372	2226	2505	2959	3231	417	28.75	1013.74	44.23	152828	AS7341	flash	5	100	999	10	100.0	0.2
2026-07-07T18:27:44.791	358	802	512	975	2372	2226	2505	2959	3230	417	28.76	1013.75	44.22	152272	AS7341	flash	5	100	999	10	100.0	0.2
2026-07-07T18:27:46.803	357	802	512	975	2372	2226	2504	2959	3230	417	28.77	1013.75	44.23	151996	AS7341	flash	5	100	999	10	100.0	0.2
2026-07-07T18:27:48.822	358	802	512	975	2371	2225	2504	2959	3230	417	28.77	1013.78	44.23	151996	AS7341	flash	5	100	999	10	100.0	0.2
2026-07-07T18:27:50.840	358	802	512	975	2372	2225	2504	2959	3230	417	28.78	1013.77	44.22	151996	AS7341	flash	5	100	999	10	100.0	0.2
2026-07-07T18:27:52.745	358	802	513	975	2371	2225	2504	2958	3229	417	28.78	1013.77	44.22	152968	AS7341	flash	5	100	999	10	100.0	0.2
2026-07-07T18:27:54.773	358	802	513	975	2372	2225	2504	2958	3230	417	28.78	1013.75	44.23	153669	AS7341	flash	5	100	999	10	100.0	0.2
2026-07-07T18:27:56.794	358	802	513	975	2371	2225	2504	2958	3229	417	28.78	1013.76	44.24	152272	AS7341	flash	5	100	999	10	100.0	0.2
2026-07-07T18:27:58.813	357	802	513	975	2371	2224	2503	2957	3229	416	28.79	1013.77	44.24	151996	AS7341	flash	5	100	999	10	100.0	0.2
2026-07-07T18:28:00.833	358	803	512	975	2371	2224	2503	2958	3229	417	28.79	1013.75	44.24	151721	AS7341	flash	5	100	999	10	100.0	0.2
2026-07-07T18:28:02.751	357	802	513	975	2370	2223	2502	2957	3229	416	28.81	1013.8	44.24	152828	AS7341	flash	5	100	999	10	100.0	0.2
2026-07-07T18:28:04.765	358	803	513	975	2371	2224	2503	2957	3229	417	28.8	1013.77	44.24	152828	AS7341	flash	5	100	999	10	100.0	0.2
2026-07-07T18:28:06.789	358	803	513	975	2370	2224	2503	2957	3230	417	28.8	1013.77	44.24	151996	AS7341	flash	5	100	999	10	100.0	0.2
2026-07-07T18:28:08.815	358	803	513	975	2370	2224	2502	2957	3229	416	28.81	1013.81	44.24	152272	AS7341	flash	5	100	999	10	100.0	0.2
2026-07-07T18:28:10.838	358	803	513	975	2371	2224	2503	2958	3229	417	28.81	1013.74	44.24	152272	AS7341	flash	5	100	999	10	100.0	0.2
2026-07-07T18:28:12.751	358	803	513	975	2370	2224	2502	2957	3229	416	28.83	1013.76	44.25	151173	AS7341	flash	5	100	999	10	100.0	0.2
2026-07-07T18:28:14.766	357	803	513	975	2370	2223	2503	2956	3229	417	28.82	1013.74	44.24	151996	AS7341	flash	5	100	999	10	100.0	0.2
2026-07-07T18:28:16.786	358	803	513	975	2369	2223	2502	2955	3228	416	28.82	1013.73	44.25	151721	AS7341	flash	5	100	999	10	100.0	0.2
2026-07-07T18:28:18.810	357	803	513	975	2370	2223	2502	2956	3229	416	28.83	1013.72	44.25	152689	AS7341	flash	5	100	999	10	100.0	0.2
2026-07-07T18:28:20.836	358	803	513	975	2370	2223	2501	2956	3229	416	28.83	1013.71	44.25	151446	AS7341	flash	5	100	999	10	100.0	0.2
2026-07-07T18:28:22.744	358	803	513	974	2369	2222	2501	2955	3228	416	28.84	1013.77	44.25	152411	AS7341	flash	5	100	999	10	100.0	0.2
2026-07-07T18:28:24.770	357	803	513	974	2368	2222	2501	2954	3227	416	28.84	1013.75	44.24	150900	AS7341	flash	5	100	999	10	100.0	0.2
2026-07-07T18:28:26.795	357	803	513	974	2369	2222	2501	2954	3228	416	28.84	1013.73	44.25	151858	AS7341	flash	5	100	999	10	100.0	0.2
2026-07-07T18:28:28.815	357	804	513	975	2370	2222	2501	2955	3228	416	28.85	1013.73	44.25	151036	AS7341	flash	5	100	999	10	100.0	0.2
2026-07-07T18:28:30.837	358	804	513	975	2369	2222	2501	2954	3228	416	28.85	1013.71	44.26	151036	AS7341	flash	5	100	999	10	100.0	0.2
2026-07-07T18:28:32.758	357	804	513	974	2369	2221	2500	2953	3227	416	28.86	1013.73	44.24	151858	AS7341	flash	5	100	999	10	100.0	0.2
2026-07-07T18:28:34.775	358	804	513	974	2369	2221	2500	2953	3226	416	28.86	1013.73	44.25	151173	AS7341	flash	5	100	999	10	100.0	0.2
2026-07-07T18:28:36.802	357	804	513	974	2368	2221	2500	2953	3226	416	28.86	1013.73	44.24	151173	AS7341	flash	5	100	999	10	100.0	0.2
2026-07-07T18:28:38.828	357	804	513	974	2369	2221	2500	2954	3227	416	28.86	1013.69	44.24	151036	AS7341	flash	5	100	999	10	100.0	0.2
2026-07-07T18:28:40.852	357	804	513	974	2369	2221	2500	2954	3227	416	28.87	1013.73	44.25	151173	AS7341	flash	5	100	999	10	100.0	0.2
2026-07-07T18:28:42.768	357	804	513	974	2367	2219	2498	2951	3225	416	28.87	1013.73	44.25	151173	AS7341	flash	5	100	999	10	100.0	0.2
2026-07-07T18:28:44.788	357	804	513	974	2368	2220	2499	2952	3226	416	28.88	1013.74	44.25	150359	AS7341	flash	5	100	999	10	100.0	0.2
2026-07-07T18:28:46.811	357	804	513	974	2368	2220	2499	2952	3225	416	28.89	1013.75	44.23	151858	AS7341	flash	5	100	999	10	100.0	0.2
2026-07-07T18:28:48.827	357	804	513	974	2368	2220	2499	2952	3226	416	28.89	1013.74	44.25	150629	AS7341	flash	5	100	999	10	100.0	0.2
2026-07-07T18:28:50.856	358	803	513	974	2368	2220	2499	2952	3226	416	28.89	1013.77	44.24	151446	AS7341	flash	5	100	999	10	100.0	0.2
2026-07-07T18:28:52.761	357	804	513	974	2367	2219	2498	2950	3224	416	28.9	1013.75	44.23	152272	AS7341	flash	5	100	999	10	100.0	0.2
2026-07-07T18:28:54.779	357	804	513	974	2367	2220	2498	2951	3225	416	28.91	1013.75	44.22	150900	AS7341	flash	5	100	999	10	100.0	0.2
2026-07-07T18:28:56.810	357	804	513	974	2367	2219	2498	2950	3224	416	28.91	1013.74	44.22	150359	AS7341	flash	5	100	999	10	100.0	0.2
2026-07-07T18:28:58.831	357	804	513	974	2367	2219	2498	2950	3224	416	28.91	1013.74	44.24	150089	AS7341	flash	5	100	999	10	100.0	0.2
2026-07-07T18:29:00.844	357	805	513	974	2367	2219	2498	2951	3224	416	28.92	1013.73	44.24	151173	AS7341	flash	5	100	999	10	100.0	0.2
2026-07-07T18:29:02.856	357	804	513	974	2366	2219	2497	2949	3223	416	28.92	1013.75	44.22	150359	AS7341	flash	5	100	999	10	100.0	0.2
2026-07-07T18:29:04.768	357	805	513	974	2367	2219	2497	2950	3224	416	28.93	1013.71	44.21	151996	AS7341	flash	5	100	999	10	100.0	0.2
2026-07-07T18:29:06.795	357	805	513	974	2366	2218	2497	2949	3223	416	28.92	1013.68	44.22	151173	AS7341	flash	5	100	999	10	100.0	0.2
2026-07-07T18:29:08.814	357	804	513	974	2366	2219	2496	2949	3223	416	28.93	1013.74	44.21	151173	AS7341	flash	5	100	999	10	100.0	0.2
2026-07-07T18:29:10.837	357	804	513	974	2367	2218	2497	2951	3224	416	28.93	1013.7	44.22	149553	AS7341	flash	5	100	999	10	100.0	0.2
2026-07-07T18:29:12.858	357	805	514	974	2367	2218	2497	2951	3224	416	28.94	1013.75	44.22	150494	AS7341	flash	5	100	999	10	100.0	0.2
2026-07-07T18:29:14.773	357	805	514	974	2366	2218	2496	2949	3223	416	28.95	1013.7	44.21	150224	AS7341	flash	5	100	999	10	100.0	0.2
2026-07-07T18:29:16.789	357	805	514	974	2367	2220	2497	2951	3224	416	28.95	1013.67	44.21	150359	AS7341	flash	5	100	999	10	100.0	0.2
2026-07-07T18:29:18.803	357	805	514	974	2366	2219	2496	2950	3223	416	28.96	1013.73	44.19	151036	AS7341	flash	5	100	999	10	100.0	0.2
2026-07-07T18:29:20.822	357	804	514	974	2366	2218	2496	2950	3223	416	28.96	1013.72	44.2	150765	AS7341	flash	5	100	999	10	100.0	0.2
2026-07-07T18:29:22.849	357	804	514	974	2366	2219	2496	2949	3222	416	28.96	1013.67	44.21	149687	AS7341	flash	5	100	999	10	100.0	0.2
2026-07-07T18:29:24.760	357	804	514	973	2365	2217	2495	2948	3221	416	28.97	1013.69	44.2	150765	AS7341	flash	5	100	999	10	100.0	0.2
2026-07-07T18:29:26.779	357	805	514	973	2365	2217	2495	2948	3221	416	28.97	1013.68	44.2	151173	AS7341	flash	5	100	999	10	100.0	0.2
2026-07-07T18:29:28.804	357	804	514	974	2365	2217	2495	2948	3221	416	28.97	1013.67	44.2	149955	AS7341	flash	5	100	999	10	100.0	0.2
2026-07-07T18:29:30.830	357	804	514	974	2365	2218	2496	2949	3222	416	28.97	1013.66	44.2	149821	AS7341	flash	5	100	999	10	100.0	0.2
2026-07-07T18:29:32.750	357	805	514	973	2365	2217	2495	2947	3221	416	28.99	1013.69	44.19	150765	AS7341	flash	5	100	999	10	100.0	0.2
2026-07-07T18:29:34.769	357	804	514	974	2365	2216	2495	2947	3221	415	28.99	1013.68	44.19	151583	AS7341	flash	5	100	999	10	100.0	0.2
2026-07-07T18:29:36.785	357	805	514	974	2365	2217	2495	2947	3221	416	28.99	1013.7	44.19	150089	AS7341	flash	5	100	999	10	100.0	0.2
2026-07-07T18:29:38.806	357	805	514	973	2365	2217	2495	2948	3221	416	28.99	1013.69	44.19	150494	AS7341	flash	5	100	999	10	100.0	0.2
2026-07-07T18:29:40.831	357	805	514	973	2365	2217	2495	2947	3221	416	28.99	1013.74	44.18	150494	AS7341	flash	5	100	999	10	100.0	0.2
2026-07-07T18:29:42.746	357	806	514	973	2364	2217	2493	2946	3220	415	29.01	1013.71	44.17	149821	AS7341	flash	5	100	999	10	100.0	0.2
2026-07-07T18:29:44.773	357	805	514	973	2365	2218	2495	2947	3222	416	29.0	1013.68	44.17	150359	AS7341	flash	5	100	999	10	100.0	0.2
2026-07-07T18:29:46.789	357	805	514	973	2364	2217	2494	2947	3221	416	29.0	1013.7	44.16	151036	AS7341	flash	5	100	999	10	100.0	0.2
2026-07-07T18:29:48.808	357	806	514	974	2364	2217	2494	2947	3221	416	29.01	1013.7	44.16	149687	AS7341	flash	5	100	999	10	100.0	0.2
2026-07-07T18:29:50.836	357	805	514	973	2364	2216	2493	2946	3220	415	29.01	1013.67	44.16	149154	AS7341	flash	5	100	999	10	100.0	0.2
2026-07-07T18:29:52.856	358	805	514	974	2364	2217	2494	2946	3221	416	29.02	1013.68	44.15	150359	AS7341	flash	5	100	999	10	100.0	0.2
2026-07-07T18:29:54.763	357	805	514	973	2364	2217	2494	2946	3221	416	29.03	1013.68	44.15	150900	AS7341	flash	5	100	999	10	100.0	0.2
2026-07-07T18:29:56.790	357	805	514	973	2364	2215	2493	2945	3220	415	29.02	1013.67	44.16	149287	AS7341	flash	5	100	999	10	100.0	0.2
2026-07-07T18:29:58.794	357	805	514	973	2363	2216	2493	2945	3219	415	29.03	1013.63	44.14	149287	AS7341	flash	5	100	999	10	100.0	0.2
2026-07-07T18:30:00.819	357	805	514	973	2364	2216	2493	2945	3221	415	29.04	1013.69	44.15	149287	AS7341	flash	5	100	999	10	100.0	0.2
2026-07-07T18:30:02.831	357	805	514	973	2364	2216	2493	2945	3220	415	29.03	1013.66	44.15	149287	AS7341	flash	5	100	999	10	100.0	0.2
2026-07-07T18:30:04.856	357	805	514	973	2364	2216	2494	2946	3222	416	29.04	1013.64	44.14	150359	AS7341	flash	5	100	999	10	100.0	0.2
2026-07-07T18:30:06.768	357	805	514	973	2363	2216	2492	2944	3220	415	29.05	1013.68	44.13	149821	AS7341	flash	5	100	999	10	100.0	0.2
2026-07-07T18:30:08.787	357	805	514	973	2363	2216	2493	2945	3219	415	29.05	1013.68	44.14	150900	AS7341	flash	5	100	999	10	100.0	0.2
2026-07-07T18:30:10.802	357	805	514	973	2363	2216	2493	2944	3220	415	29.05	1013.71	44.14	150359	AS7341	flash	5	100	999	10	100.0	0.2
2026-07-07T18:30:12.817	357	806	514	973	2363	2215	2493	2944	3220	415	29.07	1013.74	44.13	149287	AS7341	flash	5	100	999	10	100.0	0.2
2026-07-07T18:30:14.828	357	806	514	973	2363	2216	2492	2944	3220	415	29.06	1013.72	44.14	149821	AS7341	flash	5	100	999	10	100.0	0.2
2026-07-07T18:30:16.843	357	806	514	973	2363	2215	2492	2943	3220	415	29.06	1013.68	44.13	149687	AS7341	flash	5	100	999	10	100.0	0.2
2026-07-07T18:30:18.756	357	806	514	973	2362	2215	2491	2943	3219	415	29.08	1013.72	44.12	149553	AS7341	flash	5	100	999	10	100.0	0.2
2026-07-07T18:30:20.772	357	806	514	973	2363	2215	2492	2944	3220	415	29.08	1013.71	44.12	150089	AS7341	flash	5	100	999	10	100.0	0.2
2026-07-07T18:30:22.788	357	806	514	974	2363	2215	2492	2944	3219	415	29.08	1013.67	44.12	149821	AS7341	flash	5	100	999	10	100.0	0.2
2026-07-07T18:30:24.810	357	806	514	974	2363	2215	2492	2943	3220	415	29.08	1013.69	44.12	149154	AS7341	flash	5	100	999	10	100.0	0.2
2026-07-07T18:30:26.834	357	806	514	973	2362	2215	2492	2943	3219	415	29.08	1013.7	44.12	149955	AS7341	flash	5	100	999	10	100.0	0.2
2026-07-07T18:30:28.855	358	806	515	973	2363	2216	2493	2944	3220	415	29.09	1013.73	44.11	149955	AS7341	flash	5	100	999	10	100.0	0.2
2026-07-07T18:30:30.763	357	806	515	973	2363	2215	2491	2943	3219	415	29.1	1013.73	44.11	151309	AS7341	flash	5	100	999	10	100.0	0.2
2026-07-07T18:30:32.780	357	806	514	974	2362	2215	2491	2943	3219	415	29.1	1013.77	44.1	149553	AS7341	flash	5	100	999	10	100.0	0.2
2026-07-07T18:30:34.804	357	806	514	973	2362	2214	2491	2942	3218	415	29.1	1013.73	44.1	149553	AS7341	flash	5	100	999	10	100.0	0.2
2026-07-07T18:30:36.820	357	806	515	973	2363	2215	2492	2943	3220	415	29.1	1013.69	44.1	149287	AS7341	flash	5	100	999	10	100.0	0.2
2026-07-07T18:30:38.850	357	806	515	973	2362	2215	2491	2943	3219	415	29.1	1013.71	44.1	148492	AS7341	flash	5	100	999	10	100.0	0.2
2026-07-07T18:30:40.766	358	806	515	973	2362	2214	2491	2942	3219	415	29.12	1013.71	44.11	150089	AS7341	flash	5	100	999	10	100.0	0.2
2026-07-07T18:30:42.783	358	807	515	974	2363	2215	2492	2943	3219	415	29.12	1013.73	44.09	149687	AS7341	flash	5	100	999	10	100.0	0.2
2026-07-07T18:30:44.857	357	806	515	973	2362	2214	2490	2942	3218	415	29.11	1013.73	44.08	149553	AS7341	flash	5	100	999	10	100.0	0.2
2026-07-07T18:30:46.764	357	807	515	973	2362	2214	2491	2942	3218	415	29.13	1013.71	44.08	149687	AS7341	flash	5	100	999	10	100.0	0.2
2026-07-07T18:30:48.792	357	807	515	973	2362	2214	2491	2942	3219	415	29.13	1013.73	44.08	149154	AS7341	flash	5	100	999	10	100.0	0.2
2026-07-07T18:30:50.814	357	807	515	973	2362	2214	2491	2942	3219	415	29.13	1013.73	44.08	148624	AS7341	flash	5	100	999	10	100.0	0.2
2026-07-07T18:30:52.831	358	807	515	974	2362	2215	2491	2942	3219	415	29.14	1013.75	44.08	148756	AS7341	flash	5	100	999	10	100.0	0.2
2026-07-07T18:30:54.855	357	807	515	973	2362	2214	2491	2942	3219	415	29.14	1013.73	44.08	150359	AS7341	flash	5	100	999	10	100.0	0.2
2026-07-07T18:30:56.769	357	807	515	973	2362	2214	2491	2941	3219	415	29.15	1013.75	44.06	150629	AS7341	flash	5	100	999	10	100.0	0.2
2026-07-07T18:30:58.798	357	807	515	973	2361	2213	2490	2941	3218	415	29.14	1013.74	44.07	149021	AS7341	flash	5	100	999	10	100.0	0.2
2026-07-07T18:31:00.819	357	807	515	974	2362	2214	2490	2941	3219	415	29.15	1013.76	44.05	148888	AS7341	flash	5	100	999	10	100.0	0.2
2026-07-07T18:31:02.840	357	807	515	974	2361	2214	2490	2941	3218	415	29.14	1013.74	44.05	148888	AS7341	flash	5	100	999	10	100.0	0.2
2026-07-07T18:31:04.851	358	807	515	974	2361	2213	2490	2940	3217	415	29.16	1013.75	44.06	149021	AS7341	flash	5	100	999	10	100.0	0.2
2026-07-07T18:31:06.863	357	807	515	973	2362	2214	2490	2941	3218	415	29.16	1013.76	44.05	149021	AS7341	flash	5	100	999	10	100.0	0.2
2026-07-07T18:31:08.882	357	807	515	973	2361	2213	2490	2940	3217	415	29.16	1013.75	44.04	148624	AS7341	flash	5	100	999	10	100.0	0.2
2026-07-07T18:31:10.790	357	807	515	974	2361	2213	2489	2940	3217	415	29.17	1013.76	44.04	149287	AS7341	flash	5	100	999	10	100.0	0.2
2026-07-07T18:31:12.806	357	807	515	974	2361	2213	2489	2940	3218	415	29.17	1013.77	44.04	149021	AS7341	flash	5	100	999	10	100.0	0.2
2026-07-07T18:31:14.825	358	807	515	974	2361	2213	2490	2940	3218	415	29.17	1013.72	44.04	149287	AS7341	flash	5	100	999	10	100.0	0.2
2026-07-07T18:31:16.850	358	807	515	974	2362	2214	2490	2940	3218	415	29.17	1013.74	44.03	148099	AS7341	flash	5	100	999	10	100.0	0.2
2026-07-07T18:31:18.874	357	807	515	974	2361	2213	2489	2939	3217	415	29.17	1013.74	44.03	148492	AS7341	flash	5	100	999	10	100.0	0.2
2026-07-07T18:31:20.788	357	807	515	973	2360	2212	2488	2938	3215	415	29.19	1013.73	44.03	149553	AS7341	flash	5	100	999	10	100.0	0.2
2026-07-07T18:31:22.806	357	807	515	974	2360	2212	2488	2938	3216	415	29.19	1013.75	44.03	149154	AS7341	flash	5	100	999	10	100.0	0.2
2026-07-07T18:31:24.819	357	807	515	974	2360	2212	2488	2939	3216	415	29.19	1013.76	44.03	148888	AS7341	flash	5	100	999	10	100.0	0.2
2026-07-07T18:31:26.842	358	807	515	974	2361	2213	2489	2940	3217	415	29.19	1013.78	44.03	148492	AS7341	flash	5	100	999	10	100.0	0.2
2026-07-07T18:31:28.858	357	808	515	974	2361	2213	2489	2939	3216	415	29.19	1013.76	44.03	148361	AS7341	flash	5	100	999	10	100.0	0.2
2026-07-07T18:31:30.883	357	808	515	974	2361	2213	2489	2940	3217	415	29.19	1013.73	44.02	148361	AS7341	flash	5	100	999	10	100.0	0.2
2026-07-07T18:31:32.792	357	807	515	973	2360	2212	2488	2939	3215	415	29.21	1013.76	44.01	148361	AS7341	flash	5	100	999	10	100.0	0.2
2026-07-07T18:31:34.820	358	808	515	974	2361	2213	2489	2940	3217	415	29.2	1013.76	44.02	148888	AS7341	flash	5	100	999	10	100.0	0.2
2026-07-07T18:31:36.844	357	808	515	974	2361	2212	2489	2938	3217	415	29.21	1013.74	44.02	148888	AS7341	flash	5	100	999	10	100.0	0.2
2026-07-07T18:31:38.868	357	808	515	973	2360	2212	2488	2939	3216	415	29.21	1013.73	44.0	148230	AS7341	flash	5	100	999	10	100.0	0.2
2026-07-07T18:31:40.779	357	808	515	973	2360	2212	2487	2938	3215	415	29.23	1013.76	44.01	148230	AS7341	flash	5	100	999	10	100.0	0.2
2026-07-07T18:31:42.802	358	808	515	974	2360	2212	2488	2939	3216	415	29.23	1013.78	44.0	149821	AS7341	flash	5	100	999	10	100.0	0.2
2026-07-07T18:31:44.833	357	808	515	974	2360	2212	2488	2939	3216	415	29.22	1013.76	43.99	148756	AS7341	flash	5	100	999	10	100.0	0.2
2026-07-07T18:31:46.856	357	808	515	974	2360	2212	2488	2939	3216	415	29.23	1013.75	43.98	148230	AS7341	flash	5	100	999	10	100.0	0.2
2026-07-07T18:31:48.879	359	808	515	974	2361	2213	2488	2939	3216	415	29.23	1013.79	43.98	148492	AS7341	flash	5	100	999	10	100.0	0.2
2026-07-07T18:31:50.790	357	808	515	974	2360	2211	2487	2937	3215	415	29.24	1013.76	43.98	148492	AS7341	flash	5	100	999	10	100.0	0.2
2026-07-07T18:31:52.819	357	808	515	974	2360	2212	2488	2938	3216	415	29.23	1013.75	43.97	148756	AS7341	flash	5	100	999	10	100.0	0.2
2026-07-07T18:31:54.837	357	808	515	974	2360	2211	2487	2938	3215	415	29.24	1013.74	43.98	148361	AS7341	flash	5	100	999	10	100.0	0.2
2026-07-07T18:31:56.857	358	808	515	974	2360	2212	2488	2939	3216	415	29.24	1013.72	43.97	147188	AS7341	flash	5	100	999	10	100.0	0.2
2026-07-07T18:31:58.881	358	808	515	974	2360	2212	2488	2938	3215	415	29.24	1013.72	43.97	148492	AS7341	flash	5	100	999	10	100.0	0.2
2026-07-07T18:32:00.796	357	808	515	973	2360	2211	2487	2937	3215	415	29.26	1013.72	43.99	149420	AS7341	flash	5	100	999	10	100.0	0.2
2026-07-07T18:32:02.827	357	808	516	974	2360	2212	2487	2938	3215	415	29.26	1013.75	43.97	149553	AS7341	flash	5	100	999	10	100.0	0.2
2026-07-07T18:32:04.841	358	808	515	974	2360	2212	2487	2938	3215	415	29.28	1013.73	43.97	148230	AS7341	flash	5	100	999	10	100.0	0.2
2026-07-07T18:32:06.867	357	809	516	974	2360	2211	2487	2937	3215	415	29.27	1013.74	43.97	147968	AS7341	flash	5	100	999	10	100.0	0.2
2026-07-07T18:32:08.781	357	808	516	973	2360	2211	2487	2937	3215	415	29.28	1013.76	43.97	147968	AS7341	flash	5	100	999	10	100.0	0.2
2026-07-07T18:32:10.799	357	808	516	974	2359	2211	2486	2937	3214	415	29.28	1013.75	43.96	149420	AS7341	flash	5	100	999	10	100.0	0.2
2026-07-07T18:32:12.823	358	809	516	974	2360	2211	2487	2937	3215	415	29.28	1013.79	43.95	148361	AS7341	flash	5	100	999	10	100.0	0.2
2026-07-07T18:32:14.831	358	809	516	974	2360	2212	2487	2938	3216	415	29.29	1013.74	43.96	148230	AS7341	flash	5	100	999	10	100.0	0.2
2026-07-07T18:32:16.853	358	809	516	973	2359	2211	2486	2937	3214	415	29.29	1013.76	43.96	147968	AS7341	flash	5	100	999	10	100.0	0.2
2026-07-07T18:32:18.862	358	809	516	974	2360	2211	2487	2937	3215	415	29.29	1013.73	43.97	147968	AS7341	flash	5	100	999	10	100.0	0.2
2026-07-07T18:32:20.883	358	809	516	974	2359	2211	2486	2937	3215	415	29.29	1013.75	43.97	147188	AS7341	flash	5	100	999	10	100.0	0.2
2026-07-07T18:32:22.793	357	809	516	973	2358	2210	2486	2935	3213	415	29.31	1013.78	43.95	149420	AS7341	flash	5	100	999	10	100.0	0.2
2026-07-07T18:32:24.816	358	809	516	974	2359	2210	2486	2936	3214	415	29.3	1013.75	43.96	148888	AS7341	flash	5	100	999	10	100.0	0.2
2026-07-07T18:32:26.838	358	809	516	974	2359	2211	2486	2936	3214	415	29.3	1013.72	43.95	147837	AS7341	flash	5	100	999	10	100.0	0.2
2026-07-07T18:32:28.857	358	809	516	974	2360	2211	2487	2937	3215	415	29.31	1013.78	43.96	148099	AS7341	flash	5	100	999	10	100.0	0.2
2026-07-07T18:32:30.876	358	809	516	974	2360	2212	2487	2937	3216	415	29.31	1013.73	43.97	148361	AS7341	flash	5	100	999	10	100.0	0.2
2026-07-07T18:32:32.785	357	809	516	973	2358	2210	2485	2935	3213	415	29.33	1013.77	43.95	147707	AS7341	flash	5	100	999	10	100.0	0.2
2026-07-07T18:32:34.801	357	809	516	973	2359	2210	2486	2936	3214	415	29.32	1013.77	43.94	148099	AS7341	flash	5	100	999	10	100.0	0.2
2026-07-07T18:32:36.822	358	809	516	974	2358	2210	2485	2935	3213	415	29.32	1013.75	43.95	148624	AS7341	flash	5	100	999	10	100.0	0.2
2026-07-07T18:32:38.847	358	809	516	974	2359	2211	2486	2936	3214	415	29.32	1013.71	43.95	147447	AS7341	flash	5	100	999	10	100.0	0.2
2026-07-07T18:32:40.868	358	809	516	974	2359	2210	2486	2935	3214	415	29.32	1013.79	43.96	148099	AS7341	flash	5	100	999	10	100.0	0.2
2026-07-07T18:32:42.886	358	809	516	974	2359	2210	2486	2936	3214	415	29.33	1013.77	43.96	148361	AS7341	flash	5	100	999	10	100.0	0.2
2026-07-07T18:32:44.803	357	809	516	973	2358	2210	2485	2935	3213	414	29.33	1013.77	43.94	148099	AS7341	flash	5	100	999	10	100.0	0.2
2026-07-07T18:32:46.883	358	810	516	974	2358	2209	2485	2935	3213	415	29.34	1013.75	43.93	149021	AS7341	flash	5	100	999	10	100.0	0.2
2026-07-07T18:32:48.777	357	809	516	973	2357	2209	2485	2934	3212	415	29.34	1013.73	43.92	149021	AS7341	flash	5	100	999	10	100.0	0.2
2026-07-07T18:32:50.799	358	809	516	974	2358	2209	2485	2934	3213	414	29.34	1013.78	43.93	147968	AS7341	flash	5	100	999	10	100.0	0.2
2026-07-07T18:32:52.881	357	809	516	973	2358	2209	2484	2934	3213	415	29.34	1013.79	43.93	147837	AS7341	flash	5	100	999	10	100.0	0.2
2026-07-07T18:32:54.887	357	809	516	973	2358	2209	2485	2934	3214	414	29.34	1013.75	43.93	148230	AS7341	flash	5	100	999	10	100.0	0.2
2026-07-07T18:32:56.805	357	809	516	973	2357	2209	2484	2933	3213	414	29.36	1013.74	43.94	148756	AS7341	flash	5	100	999	10	100.0	0.2
2026-07-07T18:32:58.826	358	809	516	973	2357	2209	2484	2933	3213	414	29.35	1013.73	43.92	147188	AS7341	flash	5	100	999	10	100.0	0.2
2026-07-07T18:33:00.852	358	810	516	974	2358	2210	2485	2935	3214	415	29.36	1013.79	43.93	147447	AS7341	flash	5	100	999	10	100.0	0.2
2026-07-07T18:33:02.879	358	810	516	974	2358	2209	2485	2934	3214	415	29.36	1013.78	43.93	148230	AS7341	flash	5	100	999	10	100.0	0.2
2026-07-07T18:33:04.793	357	810	516	973	2357	2209	2484	2933	3213	415	29.37	1013.76	43.92	147968	AS7341	flash	5	100	999	10	100.0	0.2
2026-07-07T18:33:06.806	358	810	516	973	2358	2209	2485	2933	3214	414	29.37	1013.75	43.92	147577	AS7341	flash	5	100	999	10	100.0	0.2
2026-07-07T18:33:08.833	358	810	516	974	2358	2209	2485	2934	3214	414	29.36	1013.75	43.91	147577	AS7341	flash	5	100	999	10	100.0	0.2
2026-07-07T18:33:10.856	358	810	516	973	2358	2210	2485	2934	3214	415	29.37	1013.8	43.93	147968	AS7341	flash	5	100	999	10	100.0	0.2
2026-07-07T18:33:12.885	358	810	516	974	2358	2209	2484	2933	3213	414	29.37	1013.8	43.92	146929	AS7341	flash	5	100	999	10	100.0	0.2
2026-07-07T18:33:14.798	357	810	516	973	2357	2209	2484	2933	3213	414	29.38	1013.77	43.92	147317	AS7341	flash	5	100	999	10	100.0	0.2
2026-07-07T18:33:16.822	358	810	516	974	2358	2209	2484	2934	3214	415	29.38	1013.76	43.92	148099	AS7341	flash	5	100	999	10	100.0	0.2
2026-07-07T18:33:18.850	358	810	516	973	2358	2209	2484	2934	3213	415	29.38	1013.75	43.9	146801	AS7341	flash	5	100	999	10	100.0	0.2
2026-07-07T18:33:20.876	358	810	516	973	2358	2209	2484	2933	3213	414	29.39	1013.76	43.92	147707	AS7341	flash	5	100	999	10	100.0	0.2
2026-07-07T18:33:22.894	357	810	516	973	2357	2208	2483	2932	3212	414	29.39	1013.75	43.91	147968	AS7341	flash	5	100	999	10	100.0	0.2
2026-07-07T18:33:24.806	357	810	516	973	2356	2207	2483	2931	3211	414	29.41	1013.75	43.92	147447	AS7341	flash	5	100	999	10	100.0	0.2
2026-07-07T18:33:26.824	358	810	516	973	2357	2208	2484	2933	3213	414	29.4	1013.8	43.91	147707	AS7341	flash	5	100	999	10	100.0	0.2
2026-07-07T18:33:28.841	358	811	517	974	2358	2209	2484	2933	3213	415	29.41	1013.75	43.91	148230	AS7341	flash	5	100	999	10	100.0	0.2
2026-07-07T18:33:30.856	358	810	516	973	2358	2208	2484	2933	3213	414	29.41	1013.76	43.91	146801	AS7341	flash	5	100	999	10	100.0	0.2
2026-07-07T18:33:32.875	358	811	517	973	2358	2208	2483	2933	3213	414	29.4	1013.77	43.91	146672	AS7341	flash	5	100	999	10	100.0	0.2
2026-07-07T18:33:34.788	357	810	516	973	2356	2207	2482	2931	3211	414	29.41	1013.75	43.9	148230	AS7341	flash	5	100	999	10	100.0	0.2
2026-07-07T18:33:36.811	357	810	516	973	2357	2207	2483	2931	3211	414	29.42	1013.77	43.89	147188	AS7341	flash	5	100	999	10	100.0	0.2
2026-07-07T18:33:38.832	358	811	517	973	2357	2208	2483	2931	3212	414	29.42	1013.76	43.9	147058	AS7341	flash	5	100	999	10	100.0	0.2
2026-07-07T18:33:40.852	358	810	516	973	2357	2207	2482	2931	3211	414	29.42	1013.77	43.89	147968	AS7341	flash	5	100	999	10	100.0	0.2
2026-07-07T18:33:42.863	358	811	516	973	2357	2208	2483	2932	3212	414	29.42	1013.76	43.91	146801	AS7341	flash	5	100	999	10	100.0	0.2
2026-07-07T18:33:44.888	358	811	516	973	2357	2207	2483	2932	3212	414	29.43	1013.8	43.91	146544	AS7341	flash	5	100	999	10	100.0	0.2
2026-07-07T18:33:46.807	357	811	517	973	2357	2207	2482	2930	3211	414	29.43	1013.75	43.91	147188	AS7341	flash	5	100	999	10	100.0	0.2
2026-07-07T18:33:48.824	358	811	517	973	2358	2208	2483	2932	3212	414	29.44	1013.78	43.9	146288	AS7341	flash	5	100	999	10	100.0	0.2
2026-07-07T18:33:50.850	357	811	517	973	2357	2207	2482	2931	3211	414	29.44	1013.79	43.89	146929	AS7341	flash	5	100	999	10	100.0	0.2
2026-07-07T18:33:52.878	358	811	517	973	2357	2207	2482	2931	3212	414	29.44	1013.78	43.9	146416	AS7341	flash	5	100	999	10	100.0	0.2
2026-07-07T18:33:54.789	357	811	517	973	2355	2206	2481	2929	3210	414	29.45	1013.8	43.9	147188	AS7341	flash	5	100	999	10	100.0	0.2
2026-07-07T18:33:56.815	358	811	517	973	2357	2207	2482	2930	3211	414	29.45	1013.79	43.89	147968	AS7341	flash	5	100	999	10	100.0	0.2
2026-07-07T18:33:58.830	357	811	517	973	2357	2207	2482	2931	3211	414	29.45	1013.74	43.9	147707	AS7341	flash	5	100	999	10	100.0	0.2
2026-07-07T18:34:00.849	358	811	517	973	2357	2207	2482	2931	3211	414	29.45	1013.79	43.89	147968	AS7341	flash	5	100	999	10	100.0	0.2
2026-07-07T18:34:02.866	358	811	517	973	2357	2207	2482	2930	3210	414	29.45	1013.79	43.89	146929	AS7341	flash	5	100	999	10	100.0	0.2
2026-07-07T18:34:04.890	358	811	517	973	2356	2207	2482	2930	3211	414	29.45	1013.75	43.89	146416	AS7341	flash	5	100	999	10	100.0	0.2
2026-07-07T18:34:06.794	357	811	517	973	2355	2206	2480	2929	3209	414	29.47	1013.77	43.89	147188	AS7341	flash	5	100	999	10	100.0	0.2
2026-07-07T18:34:08.818	357	811	517	973	2356	2206	2481	2930	3210	414	29.47	1013.79	43.89	148230	AS7341	flash	5	100	999	10	100.0	0.2
2026-07-07T18:34:10.843	358	811	517	973	2357	2207	2482	2931	3211	414	29.46	1013.79	43.88	146033	AS7341	flash	5	100	999	10	100.0	0.2
2026-07-07T18:34:12.866	358	811	517	973	2356	2206	2481	2930	3211	414	29.47	1013.81	43.88	146929	AS7341	flash	5	100	999	10	100.0	0.2
2026-07-07T18:34:14.887	358	811	517	973	2357	2207	2482	2930	3211	414	29.47	1013.79	43.88	147188	AS7341	flash	5	100	999	10	100.0	0.2
2026-07-07T18:34:16.798	357	811	517	973	2356	2206	2481	2929	3210	414	29.48	1013.79	43.88	146929	AS7341	flash	5	100	999	10	100.0	0.2
2026-07-07T18:34:18.822	358	811	517	973	2357	2207	2482	2930	3211	414	29.48	1013.77	43.89	146672	AS7341	flash	5	100	999	10	100.0	0.2
2026-07-07T18:34:20.839	358	811	517	973	2357	2207	2482	2930	3211	414	29.48	1013.77	43.87	147707	AS7341	flash	5	100	999	10	100.0	0.2
2026-07-07T18:34:22.873	358	811	517	973	2356	2206	2481	2930	3210	414	29.48	1013.8	43.86	147317	AS7341	flash	5	100	999	10	100.0	0.2
2026-07-07T18:34:24.891	357	811	517	973	2356	2206	2481	2930	3210	414	29.49	1013.79	43.88	145525	AS7341	flash	5	100	999	10	100.0	0.2
2026-07-07T18:34:26.809	357	811	517	972	2355	2206	2480	2928	3209	414	29.5	1013.79	43.88	146801	AS7341	flash	5	100	999	10	100.0	0.2
2026-07-07T18:34:28.833	358	811	517	973	2356	2206	2481	2929	3210	414	29.49	1013.8	43.87	146544	AS7341	flash	5	100	999	10	100.0	0.2
2026-07-07T18:34:30.861	357	812	517	973	2356	2206	2481	2930	3210	414	29.49	1013.78	43.87	146416	AS7341	flash	5	100	999	10	100.0	0.2
2026-07-07T18:34:32.883	358	812	517	973	2356	2206	2481	2929	3210	414	29.49	1013.79	43.87	146160	AS7341	flash	5	100	999	10	100.0	0.2
2026-07-07T18:34:34.794	357	812	517	973	2355	2205	2480	2927	3209	414	29.5	1013.81	43.87	147707	AS7341	flash	5	100	999	10	100.0	0.2
2026-07-07T18:34:36.820	357	812	517	973	2356	2206	2481	2929	3210	414	29.5	1013.78	43.87	146672	AS7341	flash	5	100	999	10	100.0	0.2
2026-07-07T18:34:38.842	358	812	517	973	2356	2206	2480	2930	3209	414	29.5	1013.78	43.89	147188	AS7341	flash	5	100	999	10	100.0	0.2
2026-07-07T18:34:40.865	358	812	517	973	2355	2205	2480	2928	3209	414	29.5	1013.8	43.89	146033	AS7341	flash	5	100	999	10	100.0	0.2
2026-07-07T18:34:42.886	358	812	517	973	2356	2206	2481	2930	3210	414	29.5	1013.8	43.89	146672	AS7341	flash	5	100	999	10	100.0	0.2
2026-07-07T18:34:44.803	357	811	516	972	2354	2205	2479	2928	3208	414	29.51	1013.82	43.87	146672	AS7341	flash	5	100	999	10	100.0	0.2
2026-07-07T18:34:46.826	357	812	517	973	2355	2205	2480	2928	3209	414	29.51	1013.81	43.87	146160	AS7341	flash	5	100	999	10	100.0	0.2
2026-07-07T18:34:48.842	357	812	517	972	2355	2205	2480	2928	3209	414	29.5	1013.8	43.87	147447	AS7341	flash	5	100	999	10	100.0	0.2
2026-07-07T18:34:50.865	359	812	517	973	2355	2205	2480	2929	3209	414	29.51	1013.78	43.89	146160	AS7341	flash	5	100	999	10	100.0	0.2
2026-07-07T18:34:52.886	358	812	517	973	2355	2205	2480	2930	3209	414	29.52	1013.79	43.88	145652	AS7341	flash	5	100	999	10	100.0	0.2
2026-07-07T18:34:54.912	358	812	517	973	2355	2205	2480	2929	3209	414	29.52	1013.81	43.89	145652	AS7341	flash	5	100	999	10	100.0	0.2
2026-07-07T18:34:56.825	358	812	517	972	2355	2205	2480	2928	3209	414	29.53	1013.82	43.89	147188	AS7341	flash	5	100	999	10	100.0	0.2
2026-07-07T18:34:58.840	357	812	516	972	2354	2204	2479	2928	3208	414	29.52	1013.79	43.87	147317	AS7341	flash	5	100	999	10	100.0	0.2
2026-07-07T18:35:00.859	358	812	517	973	2355	2205	2480	2928	3209	414	29.53	1013.79	43.88	146160	AS7341	flash	5	100	999	10	100.0	0.2
2026-07-07T18:35:02.882	358	812	517	973	2356	2206	2481	2930	3210	414	29.53	1013.8	43.89	146672	AS7341	flash	5	100	999	10	100.0	0.2
2026-07-07T18:35:04.911	358	812	517	973	2354	2204	2479	2928	3208	414	29.53	1013.82	43.88	145399	AS7341	flash	5	100	999	10	100.0	0.2
2026-07-07T18:35:06.931	358	812	516	973	2355	2205	2479	2928	3208	414	29.53	1013.82	43.9	145905	AS7341	flash	5	100	999	10	100.0	0.2
2026-07-07T18:35:08.835	357	812	516	972	2354	2204	2478	2927	3207	414	29.54	1013.79	43.89	146160	AS7341	flash	5	100	999	10	100.0	0.2
2026-07-07T18:35:10.862	358	812	517	972	2354	2204	2479	2927	3208	414	29.54	1013.82	43.87	145905	AS7341	flash	5	100	999	10	100.0	0.2
2026-07-07T18:35:12.890	358	812	516	972	2354	2204	2479	2928	3208	414	29.54	1013.83	43.89	145778	AS7341	flash	5	100	999	10	100.0	0.2
2026-07-07T18:35:14.911	358	812	516	973	2354	2204	2479	2928	3207	414	29.55	1013.8	43.88	146288	AS7341	flash	5	100	999	10	100.0	0.2
2026-07-07T18:35:16.830	357	812	516	972	2354	2204	2478	2927	3208	414	29.55	1013.8	43.88	147058	AS7341	flash	5	100	999	10	100.0	0.2
2026-07-07T18:35:18.843	358	813	516	973	2355	2204	2479	2928	3208	414	29.55	1013.81	43.87	145905	AS7341	flash	5	100	999	10	100.0	0.2
2026-07-07T18:35:20.864	358	813	517	973	2354	2204	2479	2927	3208	414	29.55	1013.8	43.87	145778	AS7341	flash	5	100	999	10	100.0	0.2
2026-07-07T18:35:22.887	358	813	517	973	2355	2205	2480	2929	3209	414	29.55	1013.82	43.87	146288	AS7341	flash	5	100	999	10	100.0	0.2
2026-07-07T18:35:24.911	358	813	516	973	2355	2205	2480	2928	3209	414	29.55	1013.78	43.88	145652	AS7341	flash	5	100	999	10	100.0	0.2
2026-07-07T18:35:26.937	358	813	516	972	2354	2204	2479	2927	3208	414	29.56	1013.82	43.87	146929	AS7341	flash	5	100	999	10	100.0	0.2
2026-07-07T18:35:28.846	358	813	517	972	2354	2204	2478	2927	3207	414	29.57	1013.81	43.88	147317	AS7341	flash	5	100	999	10	100.0	0.2
2026-07-07T18:35:30.874	358	813	517	973	2354	2204	2478	2927	3208	414	29.56	1013.82	43.88	145652	AS7341	flash	5	100	999	10	100.0	0.2
2026-07-07T18:35:32.895	358	813	516	972	2354	2204	2478	2927	3208	414	29.56	1013.81	43.87	146801	AS7341	flash	5	100	999	10	100.0	0.2
2026-07-07T18:35:34.928	358	813	516	972	2354	2204	2478	2927	3207	414	29.57	1013.79	43.88	145147	AS7341	flash	5	100	999	10	100.0	0.2
2026-07-07T18:35:36.845	357	813	516	972	2353	2203	2478	2926	3206	414	29.58	1013.78	43.89	146672	AS7341	flash	5	100	999	10	100.0	0.2
2026-07-07T18:35:38.857	358	813	517	972	2353	2203	2478	2926	3207	414	29.57	1013.8	43.88	146544	AS7341	flash	5	100	999	10	100.0	0.2
2026-07-07T18:35:40.885	358	813	517	973	2354	2204	2479	2927	3208	414	29.57	1013.76	43.88	146160	AS7341	flash	5	100	999	10	100.0	0.2
2026-07-07T18:35:42.908	358	813	517	972	2354	2204	2478	2927	3208	414	29.57	1013.81	43.88	146544	AS7341	flash	5	100	999	10	100.0	0.2
2026-07-07T18:35:44.928	358	813	517	972	2354	2203	2478	2927	3208	414	29.58	1013.79	43.88	146288	AS7341	flash	5	100	999	10	100.0	0.2
2026-07-07T18:35:46.946	358	813	517	972	2354	2204	2478	2927	3207	414	29.58	1013.8	43.89	146929	AS7341	flash	5	100	999	10	100.0	0.2
2026-07-07T18:35:48.855	358	813	517	972	2353	2203	2478	2926	3207	414	29.59	1013.79	43.88	146033	AS7341	flash	5	100	999	10	100.0	0.2
2026-07-07T18:35:50.879	358	813	517	973	2354	2204	2478	2927	3207	414	29.58	1013.8	43.88	145399	AS7341	flash	5	100	999	10	100.0	0.2
2026-07-07T18:35:52.906	358	813	517	972	2354	2204	2478	2927	3207	414	29.59	1013.79	43.89	146416	AS7341	flash	5	100	999	10	100.0	0.2
2026-07-07T18:35:54.924	358	813	517	972	2353	2203	2478	2926	3207	414	29.59	1013.82	43.87	145273	AS7341	flash	5	100	999	10	100.0	0.2
2026-07-07T18:35:56.942	358	813	517	972	2354	2203	2478	2927	3207	414	29.6	1013.81	43.88	145905	AS7341	flash	5	100	999	10	100.0	0.2
2026-07-07T18:35:58.853	358	813	517	972	2353	2202	2477	2925	3206	414	29.6	1013.8	43.87	147188	AS7341	flash	5	100	999	10	100.0	0.2
2026-07-07T18:36:00.875	358	813	517	972	2353	2203	2478	2926	3207	414	29.6	1013.78	43.88	146160	AS7341	flash	5	100	999	10	100.0	0.2
2026-07-07T18:36:02.892	358	814	517	973	2354	2203	2478	2926	3207	414	29.6	1013.79	43.87	146416	AS7341	flash	5	100	999	10	100.0	0.2
2026-07-07T18:36:04.918	359	813	517	972	2353	2203	2478	2926	3206	414	29.6	1013.77	43.87	145905	AS7341	flash	5	100	999	10	100.0	0.2
2026-07-07T18:36:06.942	358	813	517	972	2353	2203	2477	2925	3206	414	29.6	1013.75	43.87	145652	AS7341	flash	5	100	999	10	100.0	0.2
2026-07-07T18:36:08.857	358	813	517	972	2353	2202	2477	2925	3207	414	29.62	1013.75	43.86	146672	AS7341	flash	5	100	999	10	100.0	0.2
2026-07-07T18:36:10.881	358	814	517	972	2353	2203	2477	2925	3208	414	29.61	1013.78	43.86	146416	AS7341	flash	5	100	999	10	100.0	0.2
2026-07-07T18:36:12.907	358	813	517	972	2353	2202	2477	2925	3207	414	29.61	1013.76	43.86	145021	AS7341	flash	5	100	999	10	100.0	0.2
2026-07-07T18:36:14.934	359	814	517	973	2353	2203	2477	2925	3206	414	29.61	1013.77	43.87	146033	AS7341	flash	5	100	999	10	100.0	0.2
2026-07-07T18:36:16.848	359	814	517	972	2353	2203	2477	2925	3208	414	29.63	1013.81	43.87	146288	AS7341	flash	5	100	999	10	100.0	0.2
2026-07-07T18:36:18.868	358	814	517	972	2353	2203	2477	2925	3207	414	29.62	1013.78	43.87	145399	AS7341	flash	5	100	999	10	100.0	0.2
2026-07-07T18:36:20.889	358	814	517	972	2353	2203	2477	2925	3207	414	29.62	1013.77	43.86	146160	AS7341	flash	5	100	999	10	100.0	0.2
2026-07-07T18:36:22.917	358	814	517	972	2353	2202	2477	2925	3207	414	29.62	1013.76	43.86	145778	AS7341	flash	5	100	999	10	100.0	0.2
2026-07-07T18:36:24.933	358	814	517	972	2353	2202	2477	2925	3207	414	29.63	1013.79	43.86	145021	AS7341	flash	5	100	999	10	100.0	0.2
2026-07-07T18:36:26.956	358	814	517	972	2353	2203	2477	2925	3207	414	29.63	1013.79	43.87	146160	AS7341	flash	5	100	999	10	100.0	0.2
2026-07-07T18:36:28.868	358	814	517	972	2352	2202	2476	2924	3206	414	29.65	1013.8	43.88	146672	AS7341	flash	5	100	999	10	100.0	0.2
2026-07-07T18:36:30.884	359	814	517	972	2353	2202	2477	2925	3207	414	29.64	1013.84	43.87	146160	AS7341	flash	5	100	999	10	100.0	0.2
2026-07-07T18:36:32.913	358	814	517	972	2353	2202	2477	2925	3207	414	29.64	1013.79	43.86	145905	AS7341	flash	5	100	999	10	100.0	0.2
2026-07-07T18:36:34.939	358	814	517	972	2353	2202	2477	2925	3207	414	29.64	1013.77	43.86	144896	AS7341	flash	5	100	999	10	100.0	0.2
2026-07-07T18:36:36.959	358	814	517	972	2353	2202	2477	2925	3207	414	29.65	1013.84	43.86	145778	AS7341	flash	5	100	999	10	100.0	0.2
2026-07-07T18:36:38.878	358	814	517	972	2352	2201	2476	2924	3205	413	29.66	1013.78	43.87	145399	AS7341	flash	5	100	999	10	100.0	0.2
2026-07-07T18:36:40.900	359	814	517	972	2353	2202	2477	2925	3207	414	29.64	1013.79	43.87	145905	AS7341	flash	5	100	999	10	100.0	0.2
2026-07-07T18:36:42.924	358	814	517	972	2352	2202	2476	2924	3207	414	29.65	1013.81	43.86	146160	AS7341	flash	5	100	999	10	100.0	0.2
2026-07-07T18:36:44.948	359	815	517	972	2353	2203	2477	2926	3208	414	29.65	1013.79	43.87	144770	AS7341	flash	5	100	999	10	100.0	0.2
2026-07-07T18:36:46.862	358	814	517	972	2351	2201	2475	2923	3206	414	29.66	1013.79	43.86	146288	AS7341	flash	5	100	999	10	100.0	0.2
2026-07-07T18:36:48.885	358	814	517	972	2353	2202	2477	2925	3207	414	29.66	1013.78	43.86	145778	AS7341	flash	5	100	999	10	100.0	0.2
2026-07-07T18:36:50.906	359	814	517	972	2352	2201	2476	2924	3206	414	29.66	1013.77	43.86	144645	AS7341	flash	5	100	999	10	100.0	0.2
2026-07-07T18:36:52.930	358	815	517	972	2353	2202	2477	2925	3207	414	29.66	1013.75	43.86	144770	AS7341	flash	5	100	999	10	100.0	0.2
2026-07-07T18:36:54.953	358	814	517	972	2352	2202	2476	2924	3206	414	29.66	1013.79	43.86	145525	AS7341	flash	5	100	999	10	100.0	0.2
2026-07-07T18:36:56.868	358	814	517	972	2351	2201	2475	2923	3205	414	29.67	1013.79	43.86	146160	AS7341	flash	5	100	999	10	100.0	0.2
2026-07-07T18:36:58.885	359	814	517	972	2351	2201	2475	2923	3205	413	29.67	1013.76	43.86	146288	AS7341	flash	5	100	999	10	100.0	0.2
2026-07-07T18:37:00.902	358	814	517	972	2352	2202	2476	2924	3206	414	29.67	1013.77	43.87	144770	AS7341	flash	5	100	999	10	100.0	0.2
2026-07-07T18:37:02.925	358	815	517	972	2352	2202	2476	2924	3206	414	29.67	1013.79	43.86	144896	AS7341	flash	5	100	999	10	100.0	0.2
2026-07-07T18:37:04.950	358	815	517	972	2352	2201	2476	2924	3206	414	29.67	1013.81	43.86	145525	AS7341	flash	5	100	999	10	100.0	0.2
2026-07-07T18:37:07.014	358	814	517	972	2352	2201	2476	2924	3206	414	29.68	1013.79	43.86	144148	AS7341	flash	5	100	999	10	100.0	0.2
2026-07-07T18:37:08.923	358	814	517	972	2351	2200	2475	2922	3205	413	29.69	1013.8	43.85	145399	AS7341	flash	5	100	999	10	100.0	0.2
2026-07-07T18:37:10.943	358	815	517	972	2351	2200	2475	2923	3205	413	29.69	1013.78	43.85	145399	AS7341	flash	5	100	999	10	100.0	0.2
2026-07-07T18:37:12.955	358	815	517	972	2351	2201	2475	2923	3206	413	29.68	1013.79	43.85	145525	AS7341	flash	5	100	999	10	100.0	0.2
2026-07-07T18:37:14.971	358	815	517	972	2351	2201	2475	2923	3205	414	29.68	1013.79	43.85	145525	AS7341	flash	5	100	999	10	100.0	0.2
2026-07-07T18:37:16.885	358	815	517	972	2351	2201	2475	2923	3206	414	29.7	1013.83	43.85	146672	AS7341	flash	5	100	999	10	100.0	0.2
2026-07-07T18:37:18.910	358	815	517	972	2351	2201	2475	2923	3205	413	29.69	1013.8	43.85	145399	AS7341	flash	5	100	999	10	0.0	0.2
2026-07-07T18:37:20.936	358	814	517	970	2347	2198	2475	2929	3205	414	29.73	1013.77	43.96	144272	AS7341	flash	5	100	999	10	0.0	0.2
2026-07-07T18:37:22.955	358	814	517	968	2340	2194	2474	2934	3203	414	29.76	1013.81	45.01	141949	AS7341	flash	5	100	999	10	0.0	0.2
2026-07-07T18:37:24.970	357	814	517	964	2334	2188	2471	2940	3200	413	29.77	1013.85	46.83	138201	AS7341	flash	5	100	999	10	0.0	0.2
2026-07-07T18:37:26.880	357	815	517	962	2326	2180	2468	2942	3196	413	29.8	1013.86	48.72	134754	AS7341	flash	5	100	999	10	0.0	0.2
2026-07-07T18:37:28.908	357	815	516	959	2318	2173	2464	2943	3192	413	29.8	1013.88	50.63	132097	AS7341	flash	5	100	999	10	0.0	0.2
2026-07-07T18:37:30.937	357	817	516	957	2309	2166	2460	2944	3186	412	29.81	1013.86	52.33	128254	AS7341	flash	5	100	999	10	0.0	0.2
2026-07-07T18:37:32.960	357	818	516	955	2302	2159	2456	2945	3181	412	29.82	1013.84	53.83	125093	AS7341	flash	5	100	999	10	0.0	0.2
2026-07-07T18:37:34.873	356	819	516	951	2294	2152	2451	2944	3176	411	29.84	1013.86	55.04	122620	AS7341	flash	5	100	999	10	0.0	0.2
2026-07-07T18:37:36.880	356	820	517	949	2287	2145	2446	2943	3171	411	29.84	1013.82	56.09	120157	AS7341	flash	5	100	999	10	0.0	0.2
2026-07-07T18:37:38.898	356	821	517	947	2280	2139	2442	2943	3166	410	29.86	1013.85	57.04	117543	AS7341	flash	5	100	999	10	0.0	0.2
2026-07-07T18:37:40.912	356	822	517	944	2272	2131	2435	2940	3160	409	29.87	1013.84	57.86	115517	AS7341	flash	5	100	999	10	0.0	0.2
2026-07-07T18:37:42.937	356	824	517	942	2265	2124	2431	2939	3155	409	29.87	1013.85	58.59	113482	AS7341	flash	5	100	999	10	0.0	0.2
2026-07-07T18:37:44.956	355	825	517	940	2258	2117	2425	2938	3150	408	29.88	1013.85	59.17	112416	AS7341	flash	5	100	999	10	0.0	0.2
2026-07-07T18:37:46.868	355	827	518	937	2252	2111	2420	2935	3144	408	29.9	1013.92	59.68	111592	AS7341	flash	5	100	999	10	0.0	0.2
2026-07-07T18:37:48.888	355	829	517	937	2248	2108	2417	2933	3141	408	29.89	1013.87	60.21	109477	AS7341	flash	5	100	999	10	100.0	0.2
2026-07-07T18:37:50.903	355	831	519	937	2248	2106	2412	2923	3138	407	29.85	1013.84	59.34	112115	AS7341	flash	5	100	999	10	100.0	0.2
2026-07-07T18:37:52.929	355	833	519	938	2248	2105	2409	2913	3135	406	29.84	1013.83	56.75	115120	AS7341	flash	5	100	999	10	100.0	0.2
2026-07-07T18:37:54.949	355	835	519	938	2249	2105	2405	2904	3132	406	29.84	1013.86	54.22	118207	AS7341	flash	5	100	999	10	100.0	0.2
2026-07-07T18:37:56.968	355	836	520	940	2251	2106	2403	2896	3131	406	29.84	1013.86	52.15	120851	AS7341	flash	5	100	999	10	100.0	0.2
2026-07-07T18:37:58.883	355	836	520	941	2253	2107	2402	2890	3130	407	29.85	1013.87	50.61	123890	AS7341	flash	5	100	999	10	100.0	0.2
2026-07-07T18:38:00.898	355	837	520	942	2257	2110	2403	2886	3132	407	29.84	1013.85	49.33	126510	AS7341	flash	5	100	999	10	100.0	0.2
2026-07-07T18:38:02.921	355	837	520	943	2259	2113	2403	2884	3133	407	29.84	1013.87	48.37	127086	AS7341	flash	5	100	999	10	100.0	0.2
2026-07-07T18:38:04.942	355	837	520	945	2263	2115	2404	2880	3134	407	29.83	1013.86	47.62	128648	AS7341	flash	5	100	999	10	100.0	0.2
2026-07-07T18:38:06.956	355	837	521	946	2267	2119	2406	2879	3137	407	29.83	1013.83	47.04	129844	AS7341	flash	5	100	999	10	100.0	0.2
2026-07-07T18:38:08.977	355	836	521	948	2269	2121	2406	2877	3138	407	29.84	1013.84	46.59	130859	AS7341	flash	5	100	999	10	100.0	0.2
2026-07-07T18:38:10.890	355	836	520	948	2272	2123	2407	2875	3139	407	29.84	1013.84	46.24	132725	AS7341	flash	5	100	999	10	100.0	0.2
2026-07-07T18:38:12.919	356	835	520	949	2275	2127	2408	2876	3142	408	29.84	1013.84	45.93	132831	AS7341	flash	5	100	999	10	100.0	0.2
2026-07-07T18:38:14.936	356	835	520	950	2278	2130	2411	2876	3144	408	29.84	1013.83	45.7	134322	AS7341	flash	5	100	999	10	100.0	0.2
2026-07-07T18:38:16.961	355	835	520	951	2281	2132	2411	2876	3145	408	29.84	1013.85	45.51	134863	AS7341	flash	5	100	999	10	100.0	0.2
2026-07-07T18:38:18.874	356	835	520	952	2284	2135	2413	2876	3147	408	29.84	1013.84	45.35	135517	AS7341	flash	5	100	999	10	100.0	0.2
2026-07-07T18:38:20.902	356	834	520	952	2288	2138	2416	2877	3150	408	29.83	1013.85	45.2	136511	AS7341	flash	5	100	999	10	100.0	0.2
2026-07-07T18:38:22.931	356	834	521	954	2290	2140	2417	2878	3152	409	29.84	1013.87	45.07	136400	AS7341	flash	5	100	999	10	100.0	0.2
2026-07-07T18:38:24.955	356	833	521	955	2293	2142	2419	2879	3154	408	29.83	1013.84	44.97	136289	AS7341	flash	5	100	999	10	100.0	0.2
2026-07-07T18:38:26.973	356	832	521	955	2295	2144	2421	2881	3156	409	29.84	1013.85	44.87	137520	AS7341	flash	5	100	999	10	100.0	0.2
2026-07-07T18:38:28.882	356	831	521	956	2296	2146	2422	2880	3156	408	29.85	1013.83	44.8	137973	AS7341	flash	5	100	999	10	100.0	0.2
2026-07-07T18:38:30.903	356	831	521	957	2300	2148	2425	2882	3159	409	29.84	1013.85	44.73	136958	AS7341	flash	5	100	999	10	100.0	0.2
2026-07-07T18:38:32.931	356	830	520	958	2302	2150	2426	2883	3161	409	29.84	1013.83	44.68	137973	AS7341	flash	5	100	999	10	100.0	0.2
2026-07-07T18:38:34.952	356	829	520	957	2303	2152	2427	2883	3160	409	29.83	1013.85	44.63	138888	AS7341	flash	5	100	999	10	100.0	0.2
2026-07-07T18:38:36.969	356	829	520	958	2304	2154	2429	2884	3163	409	29.84	1013.82	44.57	138429	AS7341	flash	5	100	999	10	100.0	0.2
2026-07-07T18:38:38.881	356	829	520	958	2306	2155	2430	2885	3164	409	29.85	1013.85	44.52	139119	AS7341	flash	5	100	999	10	100.0	0.2
2026-07-07T18:38:40.897	357	828	520	959	2308	2157	2432	2887	3166	409	29.84	1013.82	44.49	139235	AS7341	flash	5	100	999	10	100.0	0.2
2026-07-07T18:38:42.917	356	828	520	960	2310	2159	2434	2888	3168	409	29.84	1013.83	44.46	139351	AS7341	flash	5	100	999	10	100.0	0.2
2026-07-07T18:38:44.935	356	827	520	960	2311	2161	2435	2889	3168	409	29.84	1013.84	44.44	139119	AS7341	flash	5	100	999	10	100.0	0.2
2026-07-07T18:38:46.958	356	827	520	961	2313	2162	2436	2889	3169	410	29.84	1013.86	44.39	139933	AS7341	flash	5	100	999	10	100.0	0.2
2026-07-07T18:38:48.982	357	827	520	961	2315	2164	2438	2890	3172	410	29.84	1013.81	44.36	139583	AS7341	flash	5	100	999	10	100.0	0.2
2026-07-07T18:38:50.896	358	826	520	962	2316	2165	2439	2891	3172	410	29.85	1013.8	44.35	140756	AS7341	flash	5	100	999	10	100.0	0.2
2026-07-07T18:38:52.921	357	826	519	962	2317	2166	2440	2892	3173	410	29.85	1013.83	44.32	139004	AS7341	flash	5	100	999	10	100.0	0.2
2026-07-07T18:38:54.935	357	826	520	963	2319	2167	2442	2893	3174	410	29.84	1013.86	44.29	140756	AS7341	flash	5	100	999	10	100.0	0.2
2026-07-07T18:38:56.956	357	825	520	963	2319	2169	2443	2894	3176	410	29.85	1013.83	44.27	140402	AS7341	flash	5	100	999	10	100.0	0.2
2026-07-07T18:38:58.985	357	826	519	964	2320	2169	2444	2895	3176	410	29.86	1013.84	44.26	139351	AS7341	flash	5	100	999	10	100.0	0.2
2026-07-07T18:39:00.901	357	825	519	963	2320	2170	2444	2895	3176	410	29.86	1013.87	44.24	140638	AS7341	flash	5	100	999	10	100.0	0.2
2026-07-07T18:39:02.916	357	825	519	963	2322	2171	2445	2896	3178	410	29.86	1013.86	44.22	140874	AS7341	flash	5	100	999	10	100.0	0.2
2026-07-07T18:39:04.936	357	825	519	964	2324	2173	2447	2898	3180	411	29.85	1013.84	44.21	140756	AS7341	flash	5	100	999	10	100.0	0.2
2026-07-07T18:39:06.948	357	825	520	964	2324	2174	2448	2898	3180	411	29.86	1013.86	44.19	141231	AS7341	flash	5	100	999	10	100.0	0.2
2026-07-07T18:39:08.970	357	825	520	964	2325	2174	2448	2899	3181	411	29.86	1013.84	44.18	140756	AS7341	flash	5	100	999	10	100.0	0.2
2026-07-07T18:39:10.884	357	824	520	965	2326	2176	2449	2900	3182	411	29.87	1013.86	44.16	141469	AS7341	flash	5	100	999	10	100.0	0.2
2026-07-07T18:39:12.903	357	824	520	965	2327	2176	2450	2900	3182	411	29.86	1013.8	44.16	141231	AS7341	flash	5	100	999	10	100.0	0.2
2026-07-07T18:39:14.919	357	824	520	965	2327	2177	2450	2900	3183	411	29.86	1013.79	44.14	141231	AS7341	flash	5	100	999	10	100.0	0.2
2026-07-07T18:39:16.941	357	824	520	965	2328	2177	2452	2901	3183	411	29.86	1013.78	44.12	141469	AS7341	flash	5	100	999	10	100.0	0.2
2026-07-07T18:39:18.958	357	824	520	966	2329	2178	2452	2902	3185	411	29.86	1013.8	44.12	140756	AS7341	flash	5	100	999	10	100.0	0.2
2026-07-07T18:39:20.979	357	824	520	966	2330	2179	2453	2903	3185	411	29.86	1013.84	44.13	141112	AS7341	flash	5	100	999	10	100.0	0.2
2026-07-07T18:39:22.884	357	823	520	965	2330	2179	2452	2902	3184	411	29.88	1013.87	44.1	142069	AS7341	flash	5	100	999	10	100.0	0.2
2026-07-07T18:39:24.907	357	823	520	966	2331	2180	2454	2904	3186	411	29.86	1013.81	44.08	142069	AS7341	flash	5	100	999	10	100.0	0.2
2026-07-07T18:39:26.935	357	823	520	966	2331	2180	2454	2904	3187	411	29.86	1013.84	44.09	142190	AS7341	flash	5	100	999	10	100.0	0.2
2026-07-07T18:39:28.960	357	823	520	967	2331	2181	2455	2904	3186	411	29.86	1013.81	44.09	141469	AS7341	flash	5	100	999	10	100.0	0.2
2026-07-07T18:39:30.987	357	823	520	967	2333	2182	2456	2904	3187	412	29.87	1013.84	44.08	141708	AS7341	flash	5	100	999	10	100.0	0.2
2026-07-07T18:39:32.895	357	823	520	967	2332	2182	2456	2904	3187	412	29.88	1013.79	44.07	142310	AS7341	flash	5	100	999	10	100.0	0.2
2026-07-07T18:39:34.925	357	822	520	967	2333	2183	2457	2905	3188	412	29.87	1013.81	44.06	141828	AS7341	flash	5	100	999	10	100.0	0.2
2026-07-07T18:39:36.943	357	823	520	967	2334	2183	2458	2906	3189	412	29.87	1013.83	44.07	141828	AS7341	flash	5	100	999	10	100.0	0.2
2026-07-07T18:39:38.973	357	822	520	968	2334	2183	2458	2906	3189	412	29.87	1013.82	44.06	142190	AS7341	flash	5	100	999	10	100.0	0.2
2026-07-07T18:39:40.989	358	822	520	968	2334	2183	2458	2907	3189	412	29.88	1013.81	44.06	142310	AS7341	flash	5	100	999	10	100.0	0.2
2026-07-07T18:39:42.902	357	822	520	967	2334	2183	2457	2906	3188	412	29.88	1013.83	44.04	142918	AS7341	flash	5	100	999	10	100.0	0.2
2026-07-07T18:39:44.921	357	822	519	968	2334	2183	2458	2907	3189	412	29.88	1013.77	44.03	142190	AS7341	flash	5	100	999	10	100.0	0.2
2026-07-07T18:39:46.946	357	822	519	968	2335	2184	2458	2907	3190	412	29.88	1013.79	44.03	142310	AS7341	flash	5	100	999	10	100.0	0.2
2026-07-07T18:39:48.963	358	822	520	968	2336	2186	2460	2908	3191	412	29.88	1013.83	44.04	141708	AS7341	flash	5	100	999	10	100.0	0.2
2026-07-07T18:39:50.979	358	821	520	968	2335	2184	2459	2907	3190	412	29.88	1013.84	44.03	142553	AS7341	flash	5	100	999	10	100.0	0.2
2026-07-07T18:39:52.999	358	822	520	968	2337	2186	2460	2909	3192	412	29.88	1013.81	44.02	142553	AS7341	flash	5	100	999	10	100.0	0.2
2026-07-07T18:39:54.906	357	821	520	968	2336	2186	2459	2908	3191	412	29.89	1013.83	44.02	142674	AS7341	flash	5	100	999	10	100.0	0.2
2026-07-07T18:39:56.923	358	821	520	968	2337	2185	2461	2909	3191	412	29.89	1013.84	44.02	142310	AS7341	flash	5	100	999	10	100.0	0.2
2026-07-07T18:39:58.939	357	821	520	969	2337	2186	2460	2909	3192	412	29.89	1013.85	44.02	142190	AS7341	flash	5	100	999	10	100.0	0.2
2026-07-07T18:40:00.952	358	821	520	969	2337	2186	2461	2910	3192	412	29.89	1013.82	44.01	142069	AS7341	flash	5	100	999	10	100.0	0.2
2026-07-07T18:40:02.971	357	821	519	968	2337	2186	2460	2909	3192	412	29.89	1013.78	44.01	141828	AS7341	flash	5	100	999	10	100.0	0.2
2026-07-07T18:40:04.888	358	821	520	969	2337	2186	2461	2910	3192	412	29.9	1013.82	44.0	142431	AS7341	flash	5	100	999	10	100.0	0.2
2026-07-07T18:40:06.910	358	821	520	969	2338	2187	2461	2910	3193	412	29.89	1013.83	43.99	143530	AS7341	flash	5	100	999	10	100.0	0.2
2026-07-07T18:40:08.921	359	821	520	969	2338	2187	2461	2910	3193	412	29.9	1013.84	43.99	143040	AS7341	flash	5	100	999	10	100.0	0.2
2026-07-07T18:40:10.938	358	821	520	969	2338	2187	2461	2911	3193	412	29.9	1013.82	44.0	142310	AS7341	flash	5	100	999	10	100.0	0.2
2026-07-07T18:40:12.956	358	821	519	969	2338	2187	2462	2910	3193	412	29.9	1013.85	43.99	142918	AS7341	flash	5	100	999	10	100.0	0.2
2026-07-07T18:40:14.976	358	821	520	969	2339	2188	2462	2911	3194	412	29.9	1013.82	44.01	142310	AS7341	flash	5	100	999	10	100.0	0.2
2026-07-07T18:40:17.000	358	821	520	969	2340	2188	2463	2912	3195	412	29.9	1013.84	44.01	142918	AS7341	flash	5	100	999	10	100.0	0.2
2026-07-07T18:40:18.918	359	821	520	969	2339	2187	2461	2910	3193	412	29.91	1013.84	44.0	143162	AS7341	flash	5	100	999	10	100.0	0.2
2026-07-07T18:40:20.939	358	821	520	970	2339	2188	2462	2911	3194	412	29.92	1013.81	43.98	143162	AS7341	flash	5	100	999	10	100.0	0.2
2026-07-07T18:40:22.957	358	821	519	968	2339	2188	2462	2911	3194	412	29.91	1013.85	43.99	142796	AS7341	flash	5	100	999	10	100.0	0.2
2026-07-07T18:40:24.970	358	820	519	969	2340	2188	2462	2911	3194	412	29.91	1013.79	43.99	142310	AS7341	flash	5	100	999	10	100.0	0.2
2026-07-07T18:40:26.986	358	820	519	969	2339	2188	2462	2911	3193	412	29.91	1013.85	44.0	142674	AS7341	flash	5	100	999	10	100.0	0.2
2026-07-07T18:40:28.902	358	820	520	969	2339	2188	2462	2911	3194	412	29.92	1013.83	43.98	143407	AS7341	flash	5	100	999	10	100.0	0.2
2026-07-07T18:40:30.928	358	820	519	968	2340	2188	2462	2911	3194	412	29.91	1013.87	43.98	142431	AS7341	flash	5	100	999	10	100.0	0.2
2026-07-07T18:40:32.943	358	820	519	970	2340	2188	2463	2912	3195	412	29.92	1013.83	44.0	143407	AS7341	flash	5	100	999	10	100.0	0.2
2026-07-07T18:40:34.967	358	821	519	969	2340	2188	2463	2912	3195	412	29.92	1013.84	43.99	142918	AS7341	flash	5	100	999	10	100.0	0.2
2026-07-07T18:40:36.993	359	820	520	969	2340	2189	2463	2912	3195	412	29.92	1013.82	43.99	141231	AS7341	flash	5	100	999	10	100.0	0.2
2026-07-07T18:40:38.909	358	820	520	968	2340	2188	2463	2912	3195	412	29.93	1013.86	43.99	142674	AS7341	flash	5	100	999	10	100.0	0.2
2026-07-07T18:40:40.933	358	820	519	970	2341	2190	2464	2913	3196	413	29.92	1013.83	43.99	142674	AS7341	flash	5	100	999	10	100.0	0.2
2026-07-07T18:40:42.957	359	820	519	970	2341	2189	2463	2912	3195	412	29.92	1013.87	43.98	142918	AS7341	flash	5	100	999	10	100.0	0.2
2026-07-07T18:40:44.978	358	820	520	969	2341	2190	2464	2913	3196	412	29.93	1013.84	43.99	142431	AS7341	flash	5	100	999	10	100.0	0.2
2026-07-07T18:40:46.998	358	820	519	969	2341	2189	2464	2913	3196	412	29.93	1013.82	43.99	142553	AS7341	flash	5	100	999	10	100.0	0.2
2026-07-07T18:40:48.918	358	820	520	969	2341	2189	2463	2912	3195	413	29.93	1013.84	43.97	142796	AS7341	flash	5	100	999	10	100.0	0.2
2026-07-07T18:40:50.943	358	821	520	969	2341	2190	2464	2914	3196	413	29.93	1013.82	43.97	142190	AS7341	flash	5	100	999	10	100.0	0.2
2026-07-07T18:40:52.958	358	820	519	970	2341	2189	2464	2913	3195	412	29.93	1013.8	43.98	142310	AS7341	flash	5	100	999	10	100.0	0.2
2026-07-07T18:40:54.974	358	820	519	969	2342	2190	2464	2914	3196	413	29.93	1013.79	43.99	143162	AS7341	flash	5	100	999	10	100.0	0.2
2026-07-07T18:40:57.000	358	820	519	969	2341	2190	2464	2914	3196	413	29.94	1013.84	43.99	142431	AS7341	flash	5	100	999	10	100.0	0.2
2026-07-07T18:40:58.914	358	820	519	970	2341	2189	2464	2913	3195	412	29.95	1013.86	43.98	143407	AS7341	flash	5	100	999	10	100.0	0.2
2026-07-07T18:41:00.936	360	820	519	970	2341	2190	2464	2913	3196	413	29.94	1013.87	43.97	142918	AS7341	flash	5	100	999	10	100.0	0.2
2026-07-07T18:41:02.959	358	820	519	969	2342	2190	2465	2913	3197	413	29.93	1013.82	43.97	142674	AS7341	flash	5	100	999	10	100.0	0.2
2026-07-07T18:41:04.980	358	820	519	970	2341	2189	2464	2913	3195	412	29.94	1013.83	43.99	142553	AS7341	flash	5	100	999	10	100.0	0.2
2026-07-07T18:41:07.006	358	820	520	969	2341	2190	2465	2914	3196	412	29.94	1013.8	43.97	142069	AS7341	flash	5	100	999	10	100.0	0.2
2026-07-07T18:41:08.924	358	820	519	969	2341	2189	2464	2912	3196	412	29.94	1013.82	43.97	143900	AS7341	flash	5	100	999	10	100.0	0.2
2026-07-07T18:41:10.950	358	820	519	969	2341	2190	2464	2913	3195	412	29.95	1013.85	43.97	142674	AS7341	flash	5	100	999	10	100.0	0.2
2026-07-07T18:41:12.972	358	820	520	969	2342	2191	2465	2914	3197	413	29.94	1013.82	43.95	144148	AS7341	flash	5	100	999	10	100.0	0.2
2026-07-07T18:41:14.991	358	820	519	969	2342	2191	2465	2914	3197	413	29.94	1013.79	43.96	142431	AS7341	flash	5	100	999	10	100.0	0.2
2026-07-07T18:41:16.905	358	820	520	970	2341	2189	2463	2912	3195	413	29.96	1013.82	43.96	143162	AS7341	flash	5	100	999	10	100.0	0.2
2026-07-07T18:41:18.919	358	820	519	970	2342	2190	2464	2913	3196	412	29.95	1013.83	43.97	142796	AS7341	flash	5	100	999	10	100.0	0.2
2026-07-07T18:41:20.934	359	820	520	970	2342	2190	2465	2914	3197	413	29.95	1013.8	43.96	143284	AS7341	flash	5	100	999	10	100.0	0.2
2026-07-07T18:41:22.954	358	820	519	969	2342	2190	2465	2914	3196	413	29.96	1013.81	43.97	142431	AS7341	flash	5	100	999	10	100.0	0.2
2026-07-07T18:41:24.978	358	820	519	969	2342	2190	2465	2914	3196	412	29.95	1013.83	43.98	142674	AS7341	flash	5	100	999	10	100.0	0.2
2026-07-07T18:41:26.999	358	820	519	969	2342	2190	2465	2914	3197	413	29.95	1013.78	43.98	142796	AS7341	flash	5	100	999	10	100.0	0.2
2026-07-07T18:41:29.012	358	820	520	969	2342	2190	2465	2914	3196	413	29.96	1013.8	43.97	142674	AS7341	flash	5	100	999	10	100.0	0.2
2026-07-07T18:41:30.930	358	820	519	969	2342	2190	2465	2914	3196	412	29.97	1013.8	43.97	143530	AS7341	flash	5	100	999	10	100.0	0.2
2026-07-07T18:41:32.953	358	820	520	969	2342	2191	2465	2914	3197	413	29.96	1013.83	43.96	143162	AS7341	flash	5	100	999	10	100.0	0.2
2026-07-07T18:41:34.983	358	820	520	970	2342	2191	2465	2914	3197	413	29.96	1013.82	43.97	142553	AS7341	flash	5	100	999	10	100.0	0.2
2026-07-07T18:41:37.001	358	820	520	969	2343	2191	2466	2914	3197	413	29.96	1013.82	43.98	141949	AS7341	flash	5	100	999	10	100.0	0.2
2026-07-07T18:41:38.919	359	820	519	970	2342	2190	2464	2913	3196	413	29.97	1013.8	43.97	143040	AS7341	flash	5	100	999	10	100.0	0.2
2026-07-07T18:41:40.934	358	820	520	970	2342	2190	2465	2914	3196	412	29.96	1013.79	43.97	143407	AS7341	flash	5	100	999	10	100.0	0.2
2026-07-07T18:41:42.953	358	820	519	969	2342	2190	2465	2914	3196	413	29.97	1013.84	43.97	143284	AS7341	flash	5	100	999	10	100.0	0.2
2026-07-07T18:41:44.976	359	820	520	969	2343	2191	2466	2915	3197	413	29.97	1013.83	43.96	142190	AS7341	flash	5	100	999	10	100.0	0.2
2026-07-07T18:41:46.996	358	820	520	969	2342	2191	2465	2914	3197	413	29.96	1013.81	43.97	143040	AS7341	flash	5	100	999	10	100.0	0.2
2026-07-07T18:41:49.018	358	820	520	970	2343	2191	2466	2915	3198	413	29.96	1013.8	43.97	142190	AS7341	flash	5	100	999	10	100.0	0.2
2026-07-07T18:41:50.929	358	820	520	970	2342	2191	2465	2915	3197	413	29.97	1013.83	43.96	142674	AS7341	flash	5	100	999	10	100.0	0.2
2026-07-07T18:41:52.959	358	821	520	970	2343	2191	2466	2915	3198	413	29.97	1013.84	43.97	142674	AS7341	flash	5	100	999	10	100.0	0.2
2026-07-07T18:41:54.980	358	820	520	969	2342	2191	2465	2914	3197	413	29.97	1013.85	43.97	142918	AS7341	flash	5	100	999	10	100.0	0.2
2026-07-07T18:41:57.000	358	820	520	969	2342	2190	2465	2914	3196	413	29.97	1013.82	43.95	143162	AS7341	flash	5	100	999	10	100.0	0.2
2026-07-07T18:41:59.027	358	820	520	970	2343	2191	2466	2915	3197	413	29.97	1013.82	43.96	141828	AS7341	flash	5	100	999	10	100.0	0.2
2026-07-07T18:42:00.937	358	820	520	969	2342	2190	2465	2914	3196	413	29.98	1013.86	43.97	142918	AS7341	flash	5	100	999	10	100.0	0.2
2026-07-07T18:42:02.953	358	820	520	969	2343	2191	2465	2914	3197	413	29.97	1013.83	43.95	142796	AS7341	flash	5	100	999	10	100.0	0.2
2026-07-07T18:42:04.981	358	821	520	970	2343	2192	2466	2915	3198	413	29.97	1013.79	43.96	142553	AS7341	flash	5	100	999	10	100.0	0.2
2026-07-07T18:42:06.993	358	820	520	969	2343	2191	2466	2915	3197	413	29.98	1013.79	43.97	142674	AS7341	flash	5	100	999	10	100.0	0.2
2026-07-07T18:42:09.015	358	821	520	970	2343	2191	2466	2915	3197	413	29.98	1013.81	43.96	142310	AS7341	flash	5	100	999	10	100.0	0.2
2026-07-07T18:42:11.028	358	821	520	970	2343	2191	2466	2915	3198	413	29.99	1013.81	43.97	142918	AS7341	flash	5	100	999	10	100.0	0.2
2026-07-07T18:42:12.948	358	820	520	970	2342	2191	2465	2914	3197	413	29.99	1013.8	43.96	142431	AS7341	flash	5	100	999	10	100.0	0.2
2026-07-07T18:42:14.976	358	820	520	970	2343	2191	2466	2915	3197	413	29.99	1013.78	43.97	142310	AS7341	flash	5	100	999	10	100.0	0.2
2026-07-07T18:42:17.004	358	821	520	969	2342	2191	2465	2915	3197	413	29.98	1013.8	43.96	142431	AS7341	flash	5	100	999	10	100.0	0.2
2026-07-07T18:42:19.019	358	820	520	969	2343	2191	2466	2915	3198	413	29.99	1013.8	43.96	142918	AS7341	flash	5	100	999	10	100.0	0.2
2026-07-07T18:42:20.936	359	820	520	969	2341	2190	2464	2913	3196	412	30.0	1013.82	43.97	144148	AS7341	flash	5	100	999	10	100.0	0.2
2026-07-07T18:42:22.962	358	821	520	969	2342	2191	2466	2915	3197	413	29.98	1013.79	43.97	142918	AS7341	flash	5	100	999	10	100.0	0.2
2026-07-07T18:42:24.980	358	820	520	970	2343	2191	2466	2914	3197	413	29.98	1013.79	43.96	142431	AS7341	flash	5	100	999	10	100.0	0.2
2026-07-07T18:42:27.002	358	820	520	969	2343	2191	2466	2915	3197	413	29.98	1013.81	43.96	142674	AS7341	flash	5	100	999	10	100.0	0.2
2026-07-07T18:42:29.026	358	820	520	970	2342	2190	2465	2914	3196	413	29.99	1013.78	43.97	142190	AS7341	flash	5	100	999	10	100.0	0.2
2026-07-07T18:42:31.042	358	821	520	970	2343	2191	2466	2915	3197	413	29.99	1013.78	43.97	142190	AS7341	flash	5	100	999	10	100.0	0.2
2026-07-07T18:42:32.950	358	820	520	970	2342	2190	2465	2914	3196	413	30.0	1013.78	43.96	143162	AS7341	flash	5	100	999	10	100.0	0.2
2026-07-07T18:42:34.971	358	820	520	970	2342	2190	2465	2914	3197	412	30.0	1013.78	43.97	143040	AS7341	flash	5	100	999	10	100.0	0.2
2026-07-07T18:42:36.992	358	820	520	969	2342	2191	2465	2914	3197	413	29.99	1013.75	43.97	142310	AS7341	flash	5	100	999	10	100.0	0.2
2026-07-07T18:42:39.011	358	820	520	969	2342	2191	2465	2914	3197	412	29.99	1013.76	43.99	142431	AS7341	flash	5	100	999	10	100.0	0.2
2026-07-07T18:42:41.036	358	820	520	970	2342	2191	2465	2914	3197	413	29.99	1013.76	43.97	142431	AS7341	flash	5	100	999	10	100.0	0.2
2026-07-07T18:42:42.953	358	820	520	969	2342	2190	2465	2914	3196	413	30.01	1013.81	43.97	143653	AS7341	flash	5	100	999	10	100.0	0.2
2026-07-07T18:42:44.981	358	821	520	969	2343	2191	2466	2915	3198	413	30.0	1013.79	43.98	142553	AS7341	flash	5	100	999	10	100.0	0.2
2026-07-07T18:42:47.009	358	820	520	970	2342	2191	2465	2914	3197	413	30.0	1013.75	43.98	142553	AS7341	flash	5	100	999	10	100.0	0.2
2026-07-07T18:42:49.030	358	820	520	969	2342	2191	2465	2914	3197	413	30.0	1013.79	43.98	142190	AS7341	flash	5	100	999	10	100.0	0.2
2026-07-07T18:42:50.938	358	820	520	970	2342	2190	2465	2914	3196	412	30.01	1013.79	43.98	142310	AS7341	flash	5	100	999	10	100.0	0.2
2026-07-07T18:42:52.954	359	820	520	970	2342	2191	2465	2914	3197	413	30.0	1013.79	43.97	143162	AS7341	flash	5	100	999	10	100.0	0.2
2026-07-07T18:42:54.976	358	821	520	969	2343	2191	2466	2915	3197	413	30.01	1013.8	43.98	142310	AS7341	flash	5	100	999	10	100.0	0.2
2026-07-07T18:42:57.000	359	820	520	970	2342	2190	2465	2914	3197	413	30.01	1013.78	43.98	142674	AS7341	flash	5	100	999	10	100.0	0.2
2026-07-07T18:42:59.021	358	821	520	970	2343	2191	2466	2915	3197	413	30.01	1013.81	43.98	141949	AS7341	flash	5	100	999	10	100.0	0.2
2026-07-07T18:43:01.038	359	821	520	970	2343	2191	2466	2915	3198	413	30.01	1013.8	43.99	141949	AS7341	flash	5	100	999	10	0.0	0.2
2026-07-07T18:43:02.953	358	820	519	968	2338	2188	2466	2920	3196	413	30.04	1013.73	44.06	142674	AS7341	flash	5	100	999	10	0.0	0.2
2026-07-07T18:43:04.972	358	820	519	965	2332	2184	2466	2927	3196	413	30.07	1013.77	45.13	140402	AS7341	flash	5	100	999	10	0.0	0.2
2026-07-07T18:43:06.997	358	820	518	962	2324	2177	2463	2931	3191	412	30.08	1013.73	47.18	135189	AS7341	flash	5	100	999	10	0.0	0.2
2026-07-07T18:43:09.018	357	820	518	960	2316	2171	2460	2937	3188	412	30.09	1013.74	49.43	130859	AS7341	flash	5	100	999	10	0.0	0.2
2026-07-07T18:43:11.037	357	821	518	957	2308	2164	2456	2938	3183	412	30.11	1013.77	51.52	127183	AS7341	flash	5	100	999	10	0.0	0.2
2026-07-07T18:43:12.944	357	822	518	954	2298	2155	2452	2938	3177	411	30.13	1013.77	53.29	124627	AS7341	flash	5	100	999	10	0.0	0.2
2026-07-07T18:43:14.956	357	823	519	951	2291	2148	2448	2939	3173	411	30.13	1013.75	54.87	121026	AS7341	flash	5	100	999	10	0.0	0.2
2026-07-07T18:43:16.979	357	824	519	949	2282	2141	2443	2939	3167	410	30.14	1013.75	56.19	118458	AS7341	flash	5	100	999	10	0.0	0.2
2026-07-07T18:43:19.000	357	826	519	946	2275	2133	2438	2940	3162	410	30.14	1013.76	57.32	116481	AS7341	flash	5	100	999	10	0.0	0.2
2026-07-07T18:43:21.024	356	827	519	944	2267	2126	2432	2938	3156	409	30.15	1013.77	58.27	113328	AS7341	flash	5	100	999	10	0.0	0.2
2026-07-07T18:43:23.039	356	828	519	941	2260	2118	2427	2936	3150	409	30.16	1013.78	59.09	111666	AS7341	flash	5	100	999	10	0.0	0.2
2026-07-07T18:43:24.943	356	830	519	938	2253	2111	2422	2935	3145	408	30.19	1013.76	59.78	110707	AS7341	flash	5	100	999	10	100.0	0.2
2026-07-07T18:43:26.971	356	833	520	939	2252	2110	2419	2929	3144	408	30.14	1013.77	60.16	110197	AS7341	flash	5	100	999	10	100.0	0.2
2026-07-07T18:43:28.974	356	835	521	939	2251	2109	2414	2919	3140	407	30.13	1013.81	58.14	113099	AS7341	flash	5	100	999	10	100.0	0.2
2026-07-07T18:43:30.992	356	837	521	940	2252	2108	2410	2909	3137	408	30.12	1013.77	55.43	115756	AS7341	flash	5	100	999	10	100.0	0.2
2026-07-07T18:43:33.013	356	838	521	941	2253	2108	2407	2900	3134	407	30.12	1013.76	53.09	118040	AS7341	flash	5	100	999	10	100.0	0.2
2026-07-07T18:43:35.027	356	839	522	942	2255	2109	2405	2894	3134	407	30.11	1013.76	51.23	120764	AS7341	flash	5	100	999	10	100.0	0.2
2026-07-07T18:43:37.048	356	840	522	944	2258	2111	2404	2888	3134	407	30.12	1013.8	49.8	123071	AS7341	flash	5	100	999	10	100.0	0.2
2026-07-07T18:43:38.960	356	840	522	944	2260	2112	2404	2884	3133	407	30.12	1013.71	48.76	125750	AS7341	flash	5	100	999	10	100.0	0.2
2026-07-07T18:43:40.987	356	840	522	945	2263	2115	2405	2881	3134	407	30.11	1013.76	47.91	126893	AS7341	flash	5	100	999	10	100.0	0.2
2026-07-07T18:43:43.015	357	840	522	946	2265	2117	2405	2878	3135	407	30.11	1013.75	47.27	128254	AS7341	flash	5	100	999	10	100.0	0.2
2026-07-07T18:43:45.033	356	840	522	948	2269	2120	2407	2879	3138	407	30.11	1013.73	46.77	130553	AS7341	flash	5	100	999	10	100.0	0.2
2026-07-07T18:43:46.940	356	839	522	948	2270	2121	2406	2875	3138	407	30.11	1013.72	46.39	131889	AS7341	flash	5	100	999	10	100.0	0.2
2026-07-07T18:43:48.967	356	839	522	949	2274	2125	2409	2876	3140	407	30.1	1013.76	46.08	131993	AS7341	flash	5	100	999	10	100.0	0.2
2026-07-07T18:43:50.990	356	839	522	950	2278	2128	2411	2876	3143	408	30.1	1013.76	45.83	132515	AS7341	flash	5	100	999	10	100.0	0.2
2026-07-07T18:43:53.003	356	838	522	951	2279	2130	2411	2876	3145	408	30.1	1013.74	45.61	132936	AS7341	flash	5	100	999	10	100.0	0.2
2026-07-07T18:43:55.023	356	839	522	952	2283	2133	2413	2877	3147	408	30.1	1013.72	45.45	133359	AS7341	flash	5	100	999	10	100.0	0.2
2026-07-07T18:43:56.943	356	838	522	953	2285	2135	2415	2876	3148	408	30.11	1013.74	45.32	135298	AS7341	flash	5	100	999	10	100.0	0.2
2026-07-07T18:43:58.962	356	837	522	953	2287	2137	2416	2877	3150	408	30.11	1013.73	45.19	135408	AS7341	flash	5	100	999	10	100.0	0.2
2026-07-07T18:44:00.984	356	836	522	954	2290	2139	2417	2877	3152	408	30.1	1013.74	45.07	135517	AS7341	flash	5	100	999	10	100.0	0.2
2026-07-07T18:44:03.012	358	836	522	955	2292	2142	2419	2878	3154	409	30.1	1013.76	44.99	136400	AS7341	flash	5	100	999	10	100.0	0.2
2026-07-07T18:44:05.034	357	836	522	955	2293	2144	2421	2879	3154	409	30.11	1013.73	44.91	135298	AS7341	flash	5	100	999	10	100.0	0.2
2026-07-07T18:44:06.942	357	835	522	956	2295	2144	2422	2879	3155	409	30.11	1013.74	44.86	137407	AS7341	flash	5	100	999	10	100.0	0.2
2026-07-07T18:44:08.962	357	835	522	957	2298	2147	2424	2881	3158	409	30.11	1013.73	44.79	137182	AS7341	flash	5	100	999	10	100.0	0.2
2026-07-07T18:44:10.985	357	834	522	957	2299	2148	2425	2882	3159	409	30.1	1013.73	44.73	136289	AS7341	flash	5	100	999	10	100.0	0.2
2026-07-07T18:44:12.996	357	833	522	958	2301	2150	2427	2882	3160	408	30.1	1013.75	44.68	137070	AS7341	flash	5	100	999	10	100.0	0.2
2026-07-07T18:44:15.011	357	833	522	959	2304	2152	2429	2883	3162	410	30.1	1013.74	44.66	136734	AS7341	flash	5	100	999	10	100.0	0.2
2026-07-07T18:44:17.036	357	833	522	959	2306	2154	2430	2885	3164	410	30.1	1013.73	44.62	137070	AS7341	flash	5	100	999	10	100.0	0.2
2026-07-07T18:44:18.945	357	832	522	959	2306	2154	2430	2884	3164	410	30.12	1013.75	44.61	138658	AS7341	flash	5	100	999	10	100.0	0.2
2026-07-07T18:44:20.959	357	832	522	959	2308	2157	2433	2886	3167	409	30.1	1013.72	44.55	138087	AS7341	flash	5	100	999	10	100.0	0.2
2026-07-07T18:44:22.981	357	832	522	960	2309	2158	2434	2887	3168	410	30.1	1013.73	44.54	138429	AS7341	flash	5	100	999	10	100.0	0.2
2026-07-07T18:44:24.999	357	831	522	960	2311	2160	2435	2888	3168	409	30.1	1013.73	44.51	138201	AS7341	flash	5	100	999	10	100.0	0.2
2026-07-07T18:44:27.020	357	831	522	961	2312	2160	2437	2889	3169	411	30.1	1013.7	44.48	138201	AS7341	flash	5	100	999	10	100.0	0.2
2026-07-07T18:44:29.042	357	830	522	961	2313	2162	2437	2890	3170	410	30.11	1013.75	44.48	138429	AS7341	flash	5	100	999	10	100.0	0.2
2026-07-07T18:44:30.951	357	830	522	962	2314	2162	2438	2890	3171	410	30.11	1013.74	44.44	140167	AS7341	flash	5	100	999	10	100.0	0.2
2026-07-07T18:44:32.975	358	830	521	962	2315	2164	2439	2891	3172	410	30.1	1013.72	44.42	139699	AS7341	flash	5	100	999	10	100.0	0.2
2026-07-07T18:44:35.000	357	830	521	963	2317	2165	2441	2893	3174	410	30.11	1013.76	44.4	138658	AS7341	flash	5	100	999	10	100.0	0.2
2026-07-07T18:44:37.024	357	829	521	963	2317	2166	2441	2893	3174	410	30.1	1013.74	44.39	139235	AS7341	flash	5	100	999	10	100.0	0.2
2026-07-07T18:44:39.049	357	829	521	963	2318	2166	2442	2894	3175	410	30.1	1013.71	44.38	139119	AS7341	flash	5	100	999	10	100.0	0.2
2026-07-07T18:44:40.957	357	829	521	963	2319	2167	2443	2894	3176	410	30.11	1013.76	44.36	139351	AS7341	flash	5	100	999	10	100.0	0.2
2026-07-07T18:44:42.969	357	828	521	964	2320	2168	2444	2895	3176	410	30.1	1013.74	44.34	139351	AS7341	flash	5	100	999	10	100.0	0.2
2026-07-07T18:44:44.989	358	828	521	964	2320	2169	2444	2895	3177	410	30.1	1013.72	44.35	140050	AS7341	flash	5	100	999	10	100.0	0.2
2026-07-07T18:44:47.008	357	828	521	964	2322	2170	2445	2896	3178	410	30.1	1013.72	44.33	139235	AS7341	flash	5	100	999	10	100.0	0.2
2026-07-07T18:44:49.032	357	828	521	964	2321	2171	2446	2896	3179	411	30.1	1013.75	44.34	139583	AS7341	flash	5	100	999	10	100.0	0.2
2026-07-07T18:44:51.046	359	827	521	964	2322	2171	2447	2897	3179	411	30.1	1013.73	44.32	139933	AS7341	flash	5	100	999	10	100.0	0.2
2026-07-07T18:44:52.958	357	827	521	964	2322	2171	2446	2896	3178	411	30.12	1013.7	44.31	140167	AS7341	flash	5	100	999	10	100.0	0.2
2026-07-07T18:44:54.986	358	827	521	964	2323	2172	2448	2898	3181	412	30.11	1013.75	44.3	140284	AS7341	flash	5	100	999	10	100.0	0.2
2026-07-07T18:44:57.008	358	827	521	965	2324	2173	2449	2899	3180	411	30.1	1013.7	44.31	139699	AS7341	flash	5	100	999	10	100.0	0.2
2026-07-07T18:44:59.025	358	827	521	964	2325	2173	2449	2899	3181	411	30.1	1013.7	44.3	139351	AS7341	flash	5	100	999	10	100.0	0.2
2026-07-07T18:45:01.043	358	827	521	965	2326	2174	2450	2900	3181	411	30.1	1013.7	44.3	139351	AS7341	flash	5	100	999	10	100.0	0.2
2026-07-07T18:45:02.959	358	826	521	965	2325	2175	2450	2900	3181	411	30.11	1013.71	44.29	139816	AS7341	flash	5	100	999	10	100.0	0.2
2026-07-07T18:45:04.983	359	827	521	965	2326	2175	2450	2900	3182	411	30.1	1013.71	44.29	140284	AS7341	flash	5	100	999	10	100.0	0.2
2026-07-07T18:45:07.003	358	827	522	965	2327	2176	2451	2902	3183	411	30.1	1013.73	44.28	140874	AS7341	flash	5	100	999	10	100.0	0.2
2026-07-07T18:45:09.025	358	827	521	965	2327	2176	2452	2902	3183	411	30.1	1013.73	44.28	140284	AS7341	flash	5	100	999	10	100.0	0.2
2026-07-07T18:45:11.046	358	827	521	966	2328	2177	2452	2903	3184	411	30.11	1013.7	44.28	140638	AS7341	flash	5	100	999	10	100.0	0.2
2026-07-07T18:45:12.955	358	827	521	965	2327	2176	2452	2902	3183	411	30.11	1013.74	44.28	140638	AS7341	flash	5	100	999	10	100.0	0.2
2026-07-07T18:45:14.977	358	827	521	966	2329	2178	2454	2904	3186	412	30.11	1013.74	44.27	140520	AS7341	flash	5	100	999	10	100.0	0.2
2026-07-07T18:45:16.992	358	827	522	966	2329	2178	2453	2903	3185	411	30.1	1013.74	44.27	139699	AS7341	flash	5	100	999	10	100.0	0.2
2026-07-07T18:45:19.012	358	827	520	966	2329	2178	2454	2904	3185	411	30.1	1013.73	44.28	140284	AS7341	flash	5	100	999	10	100.0	0.2
2026-07-07T18:45:21.028	359	826	521	966	2330	2178	2454	2904	3186	411	30.11	1013.73	44.27	140520	AS7341	flash	5	100	999	10	100.0	0.2
2026-07-07T18:45:23.042	358	827	522	966	2331	2179	2455	2905	3187	412	30.1	1013.69	44.27	139583	AS7341	flash	5	100	999	10	100.0	0.2
2026-07-07T18:45:25.068	358	826	522	966	2331	2180	2456	2906	3187	412	30.11	1013.73	44.27	141231	AS7341	flash	5	100	999	10	100.0	0.2
2026-07-07T18:45:26.982	358	826	521	966	2330	2179	2454	2904	3186	411	30.12	1013.73	44.27	140993	AS7341	flash	5	100	999	10	100.0	0.2
2026-07-07T18:45:29.013	358	826	522	966	2331	2180	2455	2906	3187	412	30.11	1013.77	44.27	140050	AS7341	flash	5	100	999	10	100.0	0.2
2026-07-07T18:45:31.032	358	826	521	966	2331	2180	2456	2906	3187	412	30.1	1013.73	44.26	139467	AS7341	flash	5	100	999	10	100.0	0.2
2026-07-07T18:45:33.052	358	826	522	967	2331	2180	2456	2906	3187	412	30.1	1013.72	44.27	140520	AS7341	flash	5	100	999	10	100.0	0.2
2026-07-07T18:45:34.970	358	826	521	966	2330	2179	2455	2905	3186	412	30.11	1013.71	44.27	140284	AS7341	flash	5	100	999	10	100.0	0.2
2026-07-07T18:45:36.989	358	826	522	967	2331	2180	2456	2906	3187	412	30.11	1013.74	44.27	140167	AS7341	flash	5	100	999	10	100.0	0.2
2026-07-07T18:45:39.010	358	826	522	967	2333	2181	2457	2907	3189	412	30.11	1013.72	44.27	141231	AS7341	flash	5	100	999	10	100.0	0.2
2026-07-07T18:45:41.036	358	826	521	967	2333	2181	2457	2907	3188	412	30.11	1013.75	44.27	141469	AS7341	flash	5	100	999	10	100.0	0.2
2026-07-07T18:45:43.061	359	826	521	967	2333	2182	2458	2909	3189	412	30.11	1013.72	44.28	140756	AS7341	flash	5	100	999	10	100.0	0.2
2026-07-07T18:45:44.976	358	825	521	967	2333	2181	2457	2907	3188	412	30.12	1013.74	44.27	141589	AS7341	flash	5	100	999	10	100.0	0.2
2026-07-07T18:45:46.998	359	826	521	967	2333	2182	2457	2908	3189	412	30.11	1013.73	44.27	140402	AS7341	flash	5	100	999	10	100.0	0.2
2026-07-07T18:45:49.018	358	826	521	967	2333	2182	2458	2908	3189	412	30.12	1013.73	44.27	140167	AS7341	flash	5	100	999	10	100.0	0.2
2026-07-07T18:45:51.036	358	825	521	967	2333	2182	2458	2908	3189	412	30.11	1013.7	44.27	140756	AS7341	flash	5	100	999	10	100.0	0.2
2026-07-07T18:45:53.059	358	826	522	968	2334	2183	2459	2909	3190	412	30.12	1013.73	44.27	140402	AS7341	flash	5	100	999	10	100.0	0.2
2026-07-07T18:45:54.971	358	826	521	967	2334	2183	2458	2909	3190	412	30.12	1013.74	44.27	140520	AS7341	flash	5	100	999	10	100.0	0.2
2026-07-07T18:45:56.996	359	826	522	968	2335	2183	2459	2909	3191	412	30.11	1013.68	44.27	140993	AS7341	flash	5	100	999	10	100.0	0.2
2026-07-07T18:45:59.017	358	826	522	968	2334	2183	2459	2910	3190	412	30.11	1013.69	44.26	140638	AS7341	flash	5	100	999	10	100.0	0.2
2026-07-07T18:46:01.037	358	825	521	967	2333	2182	2458	2908	3189	412	30.12	1013.71	44.27	140993	AS7341	flash	5	100	999	10	100.0	0.2
2026-07-07T18:46:03.057	358	825	521	967	2335	2183	2459	2910	3191	412	30.11	1013.68	44.28	140993	AS7341	flash	5	100	999	10	100.0	0.2
2026-07-07T18:46:04.975	358	825	521	967	2334	2182	2458	2908	3189	412	30.13	1013.7	44.27	141231	AS7341	flash	5	100	999	10	100.0	0.2
2026-07-07T18:46:06.998	358	825	521	967	2335	2183	2459	2910	3191	412	30.12	1013.73	44.26	141589	AS7341	flash	5	100	999	10	100.0	0.2
2026-07-07T18:46:09.019	358	825	521	968	2335	2183	2459	2909	3191	412	30.13	1013.69	44.27	140993	AS7341	flash	5	100	999	10	100.0	0.2
2026-07-07T18:46:11.043	358	825	521	968	2335	2183	2459	2910	3191	412	30.12	1013.71	44.27	140874	AS7341	flash	5	100	999	10	100.0	0.2
2026-07-07T18:46:13.067	358	825	521	968	2334	2183	2459	2909	3190	412	30.12	1013.72	44.28	140756	AS7341	flash	5	100	999	10	100.0	0.2
2026-07-07T18:46:15.085	358	825	521	967	2335	2183	2460	2910	3191	412	30.12	1013.7	44.28	140993	AS7341	flash	5	100	999	10	100.0	0.2
2026-07-07T18:46:16.997	359	825	521	967	2335	2183	2459	2909	3190	412	30.13	1013.69	44.27	141708	AS7341	flash	5	100	999	10	100.0	0.2
2026-07-07T18:46:19.024	358	825	521	968	2335	2184	2460	2910	3191	412	30.12	1013.7	44.27	140874	AS7341	flash	5	100	999	10	100.0	0.2
2026-07-07T18:46:21.047	358	825	521	968	2336	2184	2460	2911	3191	412	30.12	1013.69	44.25	140402	AS7341	flash	5	100	999	10	100.0	0.2
2026-07-07T18:46:23.066	358	825	521	968	2336	2184	2460	2910	3191	412	30.12	1013.7	44.26	140756	AS7341	flash	5	100	999	10	100.0	0.2
2026-07-07T18:46:25.089	358	825	521	968	2336	2185	2461	2911	3192	412	30.12	1013.7	44.27	140284	AS7341	flash	5	100	999	10	100.0	0.2
2026-07-07T18:46:26.997	358	825	521	968	2335	2184	2460	2910	3191	412	30.13	1013.73	44.27	140874	AS7341	flash	5	100	999	10	100.0	0.2
2026-07-07T18:46:29.013	358	825	521	968	2336	2184	2460	2910	3191	412	30.12	1013.7	44.27	140756	AS7341	flash	5	100	999	10	100.0	0.2
2026-07-07T18:46:31.032	358	825	522	968	2336	2185	2461	2911	3192	412	30.12	1013.68	44.27	141231	AS7341	flash	5	100	999	10	100.0	0.2
2026-07-07T18:46:33.048	358	825	521	968	2335	2184	2460	2910	3191	412	30.12	1013.69	44.28	140874	AS7341	flash	5	100	999	10	100.0	0.2
2026-07-07T18:46:35.065	358	825	521	968	2336	2185	2461	2912	3192	412	30.12	1013.73	44.27	140993	AS7341	flash	5	100	999	10	100.0	0.2
2026-07-07T18:46:37.088	359	825	521	968	2336	2185	2461	2912	3192	412	30.12	1013.7	44.28	140520	AS7341	flash	5	100	999	10	100.0	0.2
2026-07-07T18:46:39.001	358	825	521	968	2336	2185	2461	2911	3192	412	30.13	1013.7	44.28	140874	AS7341	flash	5	100	999	10	100.0	0.2
2026-07-07T18:46:41.022	358	825	521	968	2336	2185	2461	2912	3192	412	30.12	1013.67	44.27	140520	AS7341	flash	5	100	999	10	100.0	0.2
2026-07-07T18:46:43.044	358	825	521	968	2336	2185	2461	2911	3192	412	30.13	1013.71	44.28	141112	AS7341	flash	5	100	999	10	100.0	0.2
2026-07-07T18:46:45.061	358	825	521	968	2336	2185	2461	2912	3192	412	30.13	1013.71	44.29	141112	AS7341	flash	5	100	999	10	100.0	0.2
2026-07-07T18:46:47.087	358	825	521	968	2336	2184	2460	2911	3191	412	30.12	1013.71	44.29	140874	AS7341	flash	5	100	999	10	100.0	0.2
2026-07-07T18:46:48.994	358	824	521	968	2335	2184	2460	2911	3191	412	30.13	1013.69	44.28	140874	AS7341	flash	5	100	999	10	100.0	0.2
2026-07-07T18:46:51.021	358	825	521	968	2336	2185	2461	2911	3192	412	30.13	1013.69	44.27	140284	AS7341	flash	5	100	999	10	100.0	0.2
2026-07-07T18:46:53.048	358	825	521	968	2337	2185	2462	2912	3193	412	30.13	1013.71	44.29	140520	AS7341	flash	5	100	999	10	100.0	0.2
2026-07-07T18:46:55.077	358	824	521	968	2336	2185	2461	2912	3192	412	30.13	1013.73	44.3	140874	AS7341	flash	5	100	999	10	100.0	0.2
2026-07-07T18:46:57.102	358	825	521	968	2336	2186	2462	2913	3193	412	30.13	1013.69	44.29	140993	AS7341	flash	5	100	999	10	100.0	0.2
2026-07-07T18:46:59.013	358	824	521	968	2336	2185	2461	2912	3192	412	30.14	1013.7	44.29	141708	AS7341	flash	5	100	999	10	100.0	0.2
2026-07-07T18:47:01.030	359	825	521	968	2336	2185	2461	2911	3191	412	30.13	1013.72	44.29	140402	AS7341	flash	5	100	999	10	100.0	0.2
2026-07-07T18:47:03.051	358	825	521	968	2336	2185	2461	2911	3192	412	30.13	1013.73	44.29	141708	AS7341	flash	5	100	999	10	100.0	0.2
2026-07-07T18:47:05.076	358	824	521	968	2337	2185	2462	2912	3193	412	30.13	1013.69	44.29	140756	AS7341	flash	5	100	999	10	100.0	0.2
2026-07-07T18:47:07.089	358	825	521	968	2336	2185	2461	2912	3192	412	30.13	1013.72	44.31	141469	AS7341	flash	5	100	999	10	100.0	0.2
2026-07-07T18:47:09.105	358	825	521	968	2336	2185	2461	2912	3192	412	30.13	1013.72	44.3	140167	AS7341	flash	5	100	999	10	100.0	0.2
2026-07-07T18:47:11.018	358	824	521	968	2336	2185	2461	2912	3192	412	30.14	1013.75	44.31	142310	AS7341	flash	5	100	999	10	100.0	0.2
2026-07-07T18:47:13.031	358	825	521	968	2337	2185	2462	2912	3193	412	30.13	1013.74	44.31	141112	AS7341	flash	5	100	999	10	100.0	0.2
2026-07-07T18:47:15.049	359	824	521	968	2336	2185	2461	2912	3192	412	30.13	1013.73	44.3	141589	AS7341	flash	5	100	999	10	100.0	0.2
2026-07-07T18:47:17.074	358	825	521	968	2336	2185	2461	2912	3192	412	30.13	1013.78	44.32	141469	AS7341	flash	5	100	999	10	100.0	0.2
2026-07-07T18:47:19.099	358	825	521	968	2337	2186	2462	2913	3193	412	30.13	1013.76	44.32	140993	AS7341	flash	5	100	999	10	100.0	0.2
2026-07-07T18:47:21.016	358	825	521	968	2336	2186	2462	2913	3193	412	30.14	1013.73	44.31	141112	AS7341	flash	5	100	999	10	100.0	0.2
2026-07-07T18:47:23.040	359	824	521	968	2337	2186	2462	2913	3193	412	30.14	1013.75	44.31	141350	AS7341	flash	5	100	999	10	100.0	0.2
2026-07-07T18:47:25.059	358	825	521	968	2338	2187	2463	2914	3194	412	30.13	1013.76	44.32	141231	AS7341	flash	5	100	999	10	100.0	0.2
2026-07-07T18:47:27.083	358	825	521	968	2337	2186	2463	2913	3194	412	30.14	1013.75	44.33	141469	AS7341	flash	5	100	999	10	100.0	0.2
2026-07-07T18:47:29.102	358	825	521	968	2337	2186	2462	2913	3193	412	30.13	1013.74	44.32	141350	AS7341	flash	5	100	999	10	100.0	0.2
2026-07-07T18:47:31.016	359	824	521	968	2336	2185	2462	2912	3192	412	30.15	1013.74	44.33	142431	AS7341	flash	5	100	999	10	100.0	0.2
2026-07-07T18:47:33.031	358	824	521	968	2336	2186	2462	2913	3193	412	30.14	1013.75	44.32	140756	AS7341	flash	5	100	999	10	100.0	0.2
2026-07-07T18:47:35.054	358	824	521	968	2337	2186	2462	2913	3193	412	30.14	1013.74	44.33	140520	AS7341	flash	5	100	999	10	100.0	0.2
2026-07-07T18:47:37.074	358	825	521	968	2337	2186	2462	2913	3193	412	30.14	1013.78	44.33	141112	AS7341	flash	5	100	999	10	100.0	0.2
2026-07-07T18:47:39.084	358	825	521	968	2336	2185	2462	2913	3193	412	30.14	1013.75	44.34	140993	AS7341	flash	5	100	999	10	100.0	0.2
2026-07-07T18:47:41.104	358	825	521	968	2337	2186	2463	2913	3193	412	30.14	1013.74	44.33	141828	AS7341	flash	5	100	999	10	100.0	0.2
2026-07-07T18:47:43.015	358	824	521	968	2335	2184	2461	2911	3191	412	30.15	1013.76	44.33	141589	AS7341	flash	5	100	999	10	100.0	0.2
2026-07-07T18:47:45.041	358	824	521	968	2336	2185	2461	2912	3192	412	30.14	1013.73	44.32	140874	AS7341	flash	5	100	999	10	100.0	0.2
2026-07-07T18:47:47.068	358	825	521	968	2337	2186	2462	2913	3193	412	30.14	1013.76	44.35	140284	AS7341	flash	5	100	999	10	100.0	0.2
2026-07-07T18:47:49.087	358	825	521	968	2337	2186	2462	2913	3193	412	30.14	1013.72	44.33	140520	AS7341	flash	5	100	999	10	100.0	0.2
2026-07-07T18:47:51.002	358	825	521	968	2337	2185	2462	2913	3193	412	30.15	1013.74	44.35	141708	AS7341	flash	5	100	999	10	100.0	0.2
2026-07-07T18:47:53.026	358	825	521	968	2337	2186	2462	2913	3193	412	30.14	1013.74	44.34	140756	AS7341	flash	5	100	999	10	100.0	0.2
2026-07-07T18:47:55.046	359	825	521	968	2337	2186	2462	2913	3193	412	30.14	1013.73	44.34	140402	AS7341	flash	5	100	999	10	100.0	0.2
2026-07-07T18:47:57.074	358	825	521	968	2337	2186	2463	2914	3194	412	30.14	1013.73	44.35	141231	AS7341	flash	5	100	999	10	100.0	0.2
2026-07-07T18:47:59.096	358	825	521	968	2336	2185	2462	2913	3193	412	30.14	1013.78	44.35	140638	AS7341	flash	5	100	999	10	100.0	0.2
2026-07-07T18:48:01.120	358	825	521	968	2336	2185	2462	2913	3193	412	30.14	1013.73	44.36	140756	AS7341	flash	5	100	999	10	100.0	0.2
2026-07-07T18:48:03.038	358	824	521	968	2336	2185	2462	2913	3192	412	30.15	1013.74	44.35	140993	AS7341	flash	5	100	999	10	100.0	0.2
2026-07-07T18:48:05.061	358	824	521	968	2337	2186	2462	2913	3193	412	30.14	1013.79	44.36	141350	AS7341	flash	5	100	999	10	100.0	0.2
2026-07-07T18:48:07.080	358	825	521	968	2337	2185	2462	2913	3193	412	30.15	1013.77	44.35	140284	AS7341	flash	5	100	999	10	100.0	0.2
2026-07-07T18:48:09.103	358	825	521	968	2337	2186	2463	2913	3193	412	30.14	1013.75	44.37	140402	AS7341	flash	5	100	999	10	100.0	0.2
2026-07-07T18:48:11.118	359	825	522	968	2337	2186	2463	2914	3193	412	30.14	1013.78	44.36	140756	AS7341	flash	5	100	999	10	100.0	0.2
2026-07-07T18:48:13.024	359	824	521	968	2336	2185	2462	2912	3192	412	30.15	1013.79	44.36	141350	AS7341	flash	5	100	999	10	100.0	0.2
2026-07-07T18:48:15.047	358	825	521	968	2337	2186	2462	2913	3193	412	30.15	1013.76	44.36	141231	AS7341	flash	5	100	999	10	100.0	0.2
2026-07-07T18:48:17.066	359	825	522	968	2337	2186	2463	2914	3194	413	30.14	1013.75	44.36	140050	AS7341	flash	5	100	999	10	100.0	0.2
2026-07-07T18:48:19.090	358	825	522	968	2337	2186	2463	2914	3193	412	30.14	1013.75	44.38	140167	AS7341	flash	5	100	999	10	100.0	0.2
2026-07-07T18:48:21.119	358	825	521	968	2337	2186	2463	2914	3193	412	30.14	1013.76	44.4	139816	AS7341	flash	5	100	999	10	100.0	0.2
2026-07-07T18:48:23.030	358	825	521	968	2336	2185	2462	2913	3193	412	30.15	1013.76	44.39	140402	AS7341	flash	5	100	999	10	100.0	0.2
2026-07-07T18:48:25.052	359	825	522	968	2337	2186	2463	2915	3194	412	30.14	1013.79	44.39	140756	AS7341	flash	5	100	999	10	100.0	0.2
2026-07-07T18:48:27.069	358	825	522	968	2337	2186	2463	2914	3194	412	30.15	1013.78	44.38	140993	AS7341	flash	5	100	999	10	100.0	0.2
2026-07-07T18:48:29.084	359	825	522	968	2337	2186	2463	2914	3194	412	30.14	1013.76	44.39	140050	AS7341	flash	5	100	999	10	100.0	0.2
2026-07-07T18:48:31.105	358	825	521	968	2337	2186	2462	2914	3193	412	30.14	1013.74	44.4	140874	AS7341	flash	5	100	999	10	100.0	0.2
2026-07-07T18:48:33.126	359	824	521	967	2334	2184	2462	2917	3194	412	30.14	1013.75	44.41	139816	AS7341	flash	5	100	999	10	0.0	0.2
2026-07-07T18:48:35.039	359	824	520	965	2328	2179	2462	2923	3192	412	30.2	1013.78	45.09	139119	AS7341	flash	5	100	999	10	0.0	0.2
2026-07-07T18:48:37.066	358	824	520	961	2320	2174	2460	2930	3188	412	30.21	1013.76	47.07	133892	AS7341	flash	5	100	999	10	0.0	0.2
2026-07-07T18:48:39.087	358	824	520	959	2312	2167	2458	2934	3186	412	30.22	1013.78	49.49	129844	AS7341	flash	5	100	999	10	0.0	0.2
2026-07-07T18:48:41.110	358	825	520	956	2303	2160	2455	2937	3181	411	30.24	1013.79	51.83	125845	AS7341	flash	5	100	999	10	0.0	0.2
2026-07-07T18:48:43.123	357	825	520	953	2294	2151	2450	2938	3175	411	30.25	1013.78	53.86	122084	AS7341	flash	5	100	999	10	0.0	0.2
2026-07-07T18:48:45.030	357	826	520	950	2285	2143	2445	2939	3169	410	30.27	1013.78	55.48	119472	AS7341	flash	5	100	999	10	0.0	0.2
2026-07-07T18:48:47.051	357	827	520	947	2278	2136	2441	2939	3164	410	30.26	1013.77	56.93	116643	AS7341	flash	5	100	999	10	0.0	0.2
2026-07-07T18:48:49.075	357	829	520	945	2269	2127	2435	2938	3158	409	30.28	1013.82	58.15	113559	AS7341	flash	5	100	999	10	0.0	0.2
2026-07-07T18:48:51.091	357	830	520	942	2261	2120	2430	2939	3153	409	30.28	1013.8	59.14	111000	AS7341	flash	5	100	999	10	0.0	0.2
2026-07-07T18:48:53.114	357	832	521	939	2255	2113	2425	2937	3148	408	30.3	1013.82	59.98	109191	AS7341	flash	5	100	999	10	100.0	0.2
2026-07-07T18:48:55.021	356	835	521	939	2252	2110	2420	2929	3143	408	30.27	1013.84	60.23	109908	AS7341	flash	5	100	999	10	100.0	0.2
2026-07-07T18:48:57.041	357	836	522	940	2252	2109	2416	2920	3141	408	30.25	1013.83	58.01	112946	AS7341	flash	5	100	999	10	100.0	0.2
2026-07-07T18:48:59.059	356	838	522	940	2252	2108	2411	2909	3137	408	30.23	1013.82	55.32	115358	AS7341	flash	5	100	999	10	100.0	0.2
2026-07-07T18:49:01.084	357	840	522	941	2254	2110	2409	2903	3136	408	30.23	1013.82	53.04	117791	AS7341	flash	5	100	999	10	100.0	0.2
2026-07-07T18:49:03.101	356	841	523	942	2256	2110	2408	2896	3134	407	30.23	1013.85	51.27	120677	AS7341	flash	5	100	999	10	100.0	0.2
2026-07-07T18:49:05.022	356	842	523	943	2257	2111	2407	2890	3134	407	30.23	1013.82	49.97	122980	AS7341	flash	5	100	999	10	100.0	0.2
2026-07-07T18:49:07.042	357	842	523	945	2260	2113	2407	2887	3136	407	30.23	1013.83	48.94	124720	AS7341	flash	5	100	999	10	100.0	0.2
2026-07-07T18:49:09.060	356	842	523	945	2263	2115	2407	2883	3136	407	30.22	1013.84	48.12	126319	AS7341	flash	5	100	999	10	100.0	0.2
2026-07-07T18:49:11.084	357	842	523	946	2266	2117	2408	2882	3137	407	30.23	1013.85	47.53	127473	AS7341	flash	5	100	999	10	100.0	0.2
2026-07-07T18:49:13.102	357	842	523	947	2267	2119	2408	2880	3138	407	30.22	1013.81	47.06	128254	AS7341	flash	5	100	999	10	100.0	0.2
2026-07-07T18:49:15.124	357	842	524	949	2270	2122	2410	2879	3141	408	30.22	1013.82	46.68	129744	AS7341	flash	5	100	999	10	100.0	0.2
2026-07-07T18:49:17.030	357	841	523	949	2273	2124	2411	2878	3141	408	30.23	1013.84	46.39	131064	AS7341	flash	5	100	999	10	100.0	0.2
2026-07-07T18:49:19.044	357	841	523	949	2275	2126	2411	2877	3143	408	30.21	1013.84	46.16	131269	AS7341	flash	5	100	999	10	100.0	0.2
2026-07-07T18:49:21.057	357	840	523	950	2278	2129	2413	2877	3145	408	30.21	1013.83	45.96	131682	AS7341	flash	5	100	999	10	100.0	0.2
2026-07-07T18:49:23.078	357	840	523	951	2281	2132	2415	2878	3147	408	30.21	1013.79	45.81	132515	AS7341	flash	5	100	999	10	100.0	0.2
2026-07-07T18:49:25.096	357	839	523	952	2283	2133	2417	2879	3148	408	30.21	1013.85	45.68	132097	AS7341	flash	5	100	999	10	100.0	0.2
2026-07-07T18:49:27.109	357	840	523	953	2285	2136	2417	2879	3151	408	30.21	1013.81	45.55	133359	AS7341	flash	5	100	999	10	100.0	0.2
2026-07-07T18:49:29.134	357	839	523	954	2288	2138	2419	2880	3152	409	30.21	1013.83	45.48	133892	AS7341	flash	5	100	999	10	100.0	0.2
2026-07-07T18:49:31.041	357	838	523	954	2289	2139	2419	2879	3151	409	30.22	1013.83	45.4	135298	AS7341	flash	5	100	999	10	100.0	0.2
2026-07-07T18:49:33.065	357	838	523	955	2292	2142	2422	2881	3154	409	30.21	1013.82	45.32	134863	AS7341	flash	5	100	999	10	100.0	0.2
2026-07-07T18:49:35.088	357	838	524	955	2293	2143	2423	2882	3155	409	30.2	1013.83	45.26	135298	AS7341	flash	5	100	999	10	100.0	0.2
2026-07-07T18:49:37.109	357	837	524	956	2296	2145	2425	2883	3158	409	30.21	1013.81	45.21	134538	AS7341	flash	5	100	999	10	100.0	0.2
2026-07-07T18:49:39.127	357	837	524	956	2297	2147	2426	2884	3159	410	30.21	1013.81	45.17	135517	AS7341	flash	5	100	999	10	100.0	0.2
2026-07-07T18:49:41.034	358	836	523	957	2298	2147	2427	2884	3159	410	30.21	1013.8	45.12	136511	AS7341	flash	5	100	999	10	100.0	0.2
2026-07-07T18:49:43.050	357	836	524	958	2300	2149	2429	2886	3162	410	30.2	1013.82	45.09	135957	AS7341	flash	5	100	999	10	100.0	0.2
2026-07-07T18:49:45.077	357	835	523	958	2301	2151	2429	2886	3163	410	30.21	1013.8	45.06	136623	AS7341	flash	5	100	999	10	100.0	0.2
2026-07-07T18:49:47.105	358	836	523	959	2303	2152	2431	2888	3165	410	30.2	1013.84	45.04	136178	AS7341	flash	5	100	999	10	100.0	0.2
2026-07-07T18:49:49.130	357	835	523	959	2304	2153	2432	2888	3165	410	30.2	1013.81	45.01	136846	AS7341	flash	5	100	999	10	100.0	0.2
2026-07-07T18:49:51.040	357	834	523	959	2305	2154	2433	2887	3164	410	30.21	1013.82	44.99	137182	AS7341	flash	5	100	999	10	100.0	0.2
2026-07-07T18:49:53.066	358	834	523	960	2307	2156	2435	2889	3166	410	30.2	1013.83	44.94	136958	AS7341	flash	5	100	999	10	100.0	0.2
2026-07-07T18:49:55.086	358	834	523	960	2308	2157	2435	2890	3167	410	30.2	1013.83	44.93	137182	AS7341	flash	5	100	999	10	100.0	0.2
2026-07-07T18:49:57.112	357	833	523	960	2309	2157	2436	2890	3168	410	30.2	1013.85	44.92	136734	AS7341	flash	5	100	999	10	100.0	0.2
2026-07-07T18:49:59.131	358	833	523	961	2311	2159	2438	2892	3170	411	30.2	1013.83	44.91	136958	AS7341	flash	5	100	999	10	100.0	0.2
2026-07-07T18:50:01.049	359	832	523	961	2310	2159	2437	2891	3169	411	30.21	1013.84	44.9	137746	AS7341	flash	5	100	999	10	100.0	0.2
2026-07-07T18:50:03.064	357	832	523	961	2311	2160	2439	2892	3170	411	30.21	1013.85	44.88	138201	AS7341	flash	5	100	999	10	100.0	0.2
2026-07-07T18:50:05.082	357	832	522	962	2311	2161	2439	2892	3171	410	30.2	1013.85	44.87	138087	AS7341	flash	5	100	999	10	100.0	0.2
2026-07-07T18:50:07.103	358	832	522	961	2313	2162	2441	2895	3172	411	30.2	1013.85	44.86	137295	AS7341	flash	5	100	999	10	100.0	0.2
2026-07-07T18:50:09.122	358	832	522	961	2313	2163	2441	2895	3172	411	30.2	1013.86	44.86	137295	AS7341	flash	5	100	999	10	100.0	0.2
2026-07-07T18:50:11.027	358	831	522	961	2313	2163	2441	2894	3173	411	30.21	1013.85	44.83	138429	AS7341	flash	5	100	999	10	100.0	0.2
2026-07-07T18:50:13.052	358	831	522	962	2315	2164	2442	2896	3174	411	30.2	1013.85	44.82	138315	AS7341	flash	5	100	999	10	100.0	0.2
2026-07-07T18:50:15.079	358	831	522	962	2316	2165	2443	2897	3175	411	30.2	1013.86	44.81	137746	AS7341	flash	5	100	999	10	100.0	0.2
2026-07-07T18:50:17.103	358	831	522	962	2316	2166	2444	2897	3176	411	30.2	1013.85	44.8	137860	AS7341	flash	5	100	999	10	100.0	0.2
2026-07-07T18:50:19.131	358	831	522	962	2317	2166	2444	2897	3176	411	30.2	1013.87	44.81	137973	AS7341	flash	5	100	999	10	100.0	0.2
2026-07-07T18:50:21.035	358	830	522	962	2317	2167	2445	2898	3176	411	30.21	1013.84	44.81	139004	AS7341	flash	5	100	999	10	100.0	0.2
2026-07-07T18:50:23.057	358	830	522	963	2319	2168	2446	2899	3178	411	30.2	1013.84	44.78	138658	AS7341	flash	5	100	999	10	100.0	0.2
2026-07-07T18:50:25.076	359	830	522	963	2319	2168	2446	2900	3178	412	30.2	1013.86	44.8	138888	AS7341	flash	5	100	999	10	100.0	0.2
2026-07-07T18:50:27.091	359	830	522	963	2320	2169	2447	2901	3179	412	30.2	1013.87	44.78	138658	AS7341	flash	5	100	999	10	100.0	0.2
2026-07-07T18:50:29.117	359	830	522	963	2321	2170	2448	2901	3180	412	30.2	1013.85	44.78	138544	AS7341	flash	5	100	999	10	100.0	0.2
2026-07-07T18:50:31.136	359	830	522	964	2322	2171	2449	2902	3181	412	30.2	1013.86	44.78	138201	AS7341	flash	5	100	999	10	100.0	0.2
2026-07-07T18:50:33.050	359	830	522	964	2321	2170	2448	2902	3180	412	30.21	1013.87	44.77	138773	AS7341	flash	5	100	999	10	100.0	0.2
2026-07-07T18:50:35.073	358	830	522	964	2322	2171	2449	2902	3181	412	30.2	1013.83	44.76	138544	AS7341	flash	5	100	999	10	100.0	0.2
2026-07-07T18:50:37.098	359	829	522	964	2322	2171	2449	2903	3181	412	30.2	1013.85	44.76	138429	AS7341	flash	5	100	999	10	100.0	0.2
2026-07-07T18:50:39.122	358	829	522	964	2322	2172	2450	2903	3182	412	30.2	1013.88	44.76	138087	AS7341	flash	5	100	999	10	100.0	0.2
2026-07-07T18:50:41.139	359	829	522	964	2323	2172	2450	2904	3181	412	30.2	1013.87	44.76	138429	AS7341	flash	5	100	999	10	100.0	0.2
2026-07-07T18:50:43.046	358	829	522	964	2322	2171	2449	2903	3180	411	30.21	1013.86	44.75	138429	AS7341	flash	5	100	999	10	100.0	0.2
2026-07-07T18:50:45.063	358	830	522	964	2323	2173	2451	2903	3181	411	30.2	1013.88	44.75	138544	AS7341	flash	5	100	999	10	100.0	0.2
2026-07-07T18:50:47.091	358	828	522	964	2323	2173	2451	2903	3181	412	30.2	1013.86	44.76	139119	AS7341	flash	5	100	999	10	100.0	0.2
2026-07-07T18:50:49.118	358	829	522	965	2324	2174	2452	2904	3182	411	30.2	1013.88	44.76	138773	AS7341	flash	5	100	999	10	100.0	0.2
2026-07-07T18:50:51.133	359	829	523	965	2325	2174	2452	2904	3183	411	30.2	1013.87	44.76	139004	AS7341	flash	5	100	999	10	100.0	0.2
2026-07-07T18:50:53.158	359	828	522	964	2324	2174	2452	2904	3182	411	30.2	1013.9	44.76	139351	AS7341	flash	5	100	999	10	100.0	0.2
2026-07-07T18:50:55.071	358	829	522	964	2324	2173	2451	2904	3182	411	30.2	1013.84	44.76	139119	AS7341	flash	5	100	999	10	100.0	0.2
2026-07-07T18:50:57.094	359	828	523	965	2325	2174	2452	2905	3183	411	30.2	1013.89	44.75	139004	AS7341	flash	5	100	999	10	100.0	0.2
2026-07-07T18:50:59.121	358	828	523	965	2326	2175	2453	2905	3184	411	30.2	1013.87	44.76	139933	AS7341	flash	5	100	999	10	100.0	0.2
2026-07-07T18:51:01.137	358	829	523	965	2326	2175	2454	2906	3184	412	30.2	1013.86	44.77	138658	AS7341	flash	5	100	999	10	100.0	0.2
2026-07-07T18:51:03.152	358	829	523	965	2326	2175	2453	2906	3184	412	30.19	1013.83	44.77	138773	AS7341	flash	5	100	999	10	100.0	0.2
2026-07-07T18:51:05.165	359	828	523	965	2326	2175	2453	2906	3184	411	30.2	1013.86	44.76	138773	AS7341	flash	5	100	999	10	100.0	0.2
2026-07-07T18:51:07.070	358	828	523	965	2326	2175	2453	2906	3184	412	30.2	1013.87	44.76	139119	AS7341	flash	5	100	999	10	100.0	0.2
2026-07-07T18:51:09.090	359	829	522	965	2326	2175	2453	2905	3184	412	30.19	1013.86	44.76	139699	AS7341	flash	5	100	999	10	100.0	0.2
2026-07-07T18:51:11.116	358	829	522	965	2326	2175	2454	2906	3184	411	30.2	1013.85	44.76	138658	AS7341	flash	5	100	999	10	100.0	0.2
2026-07-07T18:51:13.143	358	829	523	965	2327	2176	2454	2907	3185	412	30.2	1013.86	44.76	138888	AS7341	flash	5	100	999	10	100.0	0.2
2026-07-07T18:51:15.160	358	828	522	965	2327	2176	2454	2906	3184	412	30.2	1013.88	44.75	138315	AS7341	flash	5	100	999	10	100.0	0.2
2026-07-07T18:51:17.067	359	828	522	965	2326	2175	2453	2905	3183	411	30.2	1013.85	44.76	139583	AS7341	flash	5	100	999	10	100.0	0.2
2026-07-07T18:51:19.097	359	829	523	966	2328	2177	2455	2908	3186	412	30.19	1013.86	44.76	139816	AS7341	flash	5	100	999	10	100.0	0.2
2026-07-07T18:51:21.119	358	828	523	965	2328	2177	2455	2908	3186	413	30.19	1013.85	44.76	138888	AS7341	flash	5	100	999	10	100.0	0.2
2026-07-07T18:51:23.134	359	828	522	966	2327	2177	2455	2908	3185	412	30.19	1013.89	44.76	138544	AS7341	flash	5	100	999	10	100.0	0.2
2026-07-07T18:51:25.154	359	828	522	966	2327	2177	2455	2908	3185	411	30.19	1013.85	44.76	139467	AS7341	flash	5	100	999	10	100.0	0.2
2026-07-07T18:51:27.065	359	828	522	965	2327	2176	2454	2906	3184	411	30.2	1013.85	44.78	139004	AS7341	flash	5	100	999	10	100.0	0.2
2026-07-07T18:51:29.090	359	829	523	966	2327	2177	2456	2908	3186	412	30.2	1013.87	44.76	139467	AS7341	flash	5	100	999	10	100.0	0.2
2026-07-07T18:51:31.114	358	828	522	966	2328	2177	2455	2908	3185	412	30.19	1013.87	44.77	139119	AS7341	flash	5	100	999	10	100.0	0.2
2026-07-07T18:51:33.132	358	828	522	966	2328	2177	2455	2908	3186	413	30.19	1013.88	44.76	139583	AS7341	flash	5	100	999	10	100.0	0.2
2026-07-07T18:51:35.147	359	828	522	966	2328	2177	2456	2908	3186	412	30.19	1013.88	44.78	138888	AS7341	flash	5	100	999	10	100.0	0.2
2026-07-07T18:51:37.163	359	828	522	966	2329	2178	2456	2909	3187	412	30.19	1013.87	44.78	139119	AS7341	flash	5	100	999	10	100.0	0.2
2026-07-07T18:51:39.066	359	828	522	965	2328	2177	2456	2908	3186	412	30.2	1013.89	44.77	139351	AS7341	flash	5	100	999	10	100.0	0.2
2026-07-07T18:51:41.090	359	828	522	965	2328	2177	2456	2909	3186	412	30.19	1013.87	44.78	139583	AS7341	flash	5	100	999	10	100.0	0.2
2026-07-07T18:51:43.119	358	828	522	966	2328	2178	2456	2909	3186	412	30.19	1013.87	44.78	138201	AS7341	flash	5	100	999	10	100.0	0.2
2026-07-07T18:51:45.138	358	828	522	966	2329	2178	2457	2909	3187	413	30.18	1013.84	44.77	139351	AS7341	flash	5	100	999	10	100.0	0.2
2026-07-07T18:51:47.162	358	828	522	966	2328	2178	2456	2909	3186	412	30.19	1013.89	44.79	138429	AS7341	flash	5	100	999	10	100.0	0.2
2026-07-07T18:51:49.078	359	828	522	966	2327	2177	2456	2909	3186	411	30.2	1013.86	44.78	139004	AS7341	flash	5	100	999	10	100.0	0.2
2026-07-07T18:51:51.103	359	828	522	966	2328	2178	2457	2909	3186	413	30.19	1013.85	44.77	139467	AS7341	flash	5	100	999	10	100.0	0.2
2026-07-07T18:51:53.131	359	828	522	966	2329	2178	2456	2910	3186	412	30.19	1013.89	44.79	140520	AS7341	flash	5	100	999	10	100.0	0.2
2026-07-07T18:51:55.159	358	828	522	966	2329	2178	2457	2910	3187	412	30.19	1013.89	44.79	139119	AS7341	flash	5	100	999	10	100.0	0.2
2026-07-07T18:51:57.067	359	828	522	966	2329	2178	2456	2909	3187	413	30.2	1013.84	44.79	140520	AS7341	flash	5	100	999	10	100.0	0.2
2026-07-07T18:51:59.098	358	828	522	966	2328	2178	2457	2910	3187	412	30.19	1013.84	44.81	139235	AS7341	flash	5	100	999	10	100.0	0.2
2026-07-07T18:52:01.111	358	828	522	966	2329	2179	2457	2910	3187	412	30.2	1013.85	44.81	139235	AS7341	flash	5	100	999	10	100.0	0.2
2026-07-07T18:52:03.131	359	828	522	966	2329	2179	2457	2910	3187	412	30.2	1013.86	44.81	138544	AS7341	flash	5	100	999	10	100.0	0.2
2026-07-07T18:52:05.154	359	828	522	966	2328	2178	2457	2910	3187	412	30.19	1013.86	44.8	138544	AS7341	flash	5	100	999	10	100.0	0.2
2026-07-07T18:52:07.179	359	828	522	966	2330	2180	2459	2912	3189	413	30.19	1013.86	44.81	138658	AS7341	flash	5	100	999	10	100.0	0.2
2026-07-07T18:52:09.096	358	828	522	966	2328	2179	2457	2910	3187	413	30.2	1013.85	44.81	140520	AS7341	flash	5	100	999	10	100.0	0.2
2026-07-07T18:52:11.119	359	828	522	966	2328	2178	2458	2910	3187	413	30.2	1013.84	44.81	140520	AS7341	flash	5	100	999	10	100.0	0.2
2026-07-07T18:52:13.144	359	828	522	966	2329	2179	2459	2912	3189	413	30.19	1013.86	44.81	139467	AS7341	flash	5	100	999	10	100.0	0.2
2026-07-07T18:52:15.158	359	828	522	966	2329	2179	2458	2911	3188	412	30.19	1013.84	44.82	139583	AS7341	flash	5	100	999	10	100.0	0.2
2026-07-07T18:52:17.183	359	828	522	966	2330	2179	2458	2911	3188	412	30.19	1013.88	44.83	138429	AS7341	flash	5	100	999	10	100.0	0.2
2026-07-07T18:52:19.097	359	828	522	966	2328	2179	2458	2911	3187	413	30.2	1013.84	44.83	139816	AS7341	flash	5	100	999	10	100.0	0.2
2026-07-07T18:52:21.126	359	828	522	966	2330	2179	2458	2911	3188	413	30.19	1013.85	44.81	139699	AS7341	flash	5	100	999	10	100.0	0.2
2026-07-07T18:52:23.146	359	828	522	966	2330	2179	2458	2911	3188	412	30.19	1013.88	44.83	139583	AS7341	flash	5	100	999	10	100.0	0.2
2026-07-07T18:52:25.167	359	828	522	966	2330	2179	2458	2911	3189	413	30.19	1013.88	44.83	139467	AS7341	flash	5	100	999	10	100.0	0.2
2026-07-07T18:52:27.188	359	828	522	966	2330	2180	2459	2912	3189	412	30.2	1013.86	44.84	139816	AS7341	flash	5	100	999	10	100.0	0.2
2026-07-07T18:52:29.110	359	828	522	966	2329	2179	2458	2911	3189	413	30.2	1013.83	44.84	139699	AS7341	flash	5	100	999	10	100.0	0.2
2026-07-07T18:52:31.139	358	828	522	966	2329	2179	2458	2912	3188	413	30.2	1013.84	44.84	139583	AS7341	flash	5	100	999	10	100.0	0.2
2026-07-07T18:52:33.169	359	828	522	966	2330	2180	2459	2912	3188	412	30.19	1013.83	44.85	138544	AS7341	flash	5	100	999	10	100.0	0.2
2026-07-07T18:52:35.084	359	828	522	966	2328	2179	2458	2910	3188	412	30.2	1013.83	44.85	139699	AS7341	flash	5	100	999	10	100.0	0.2
2026-07-07T18:52:37.106	360	828	522	966	2329	2179	2459	2911	3189	413	30.2	1013.84	44.84	139119	AS7341	flash	5	100	999	10	100.0	0.2
2026-07-07T18:52:39.120	358	828	522	966	2330	2180	2459	2912	3189	412	30.19	1013.85	44.86	139351	AS7341	flash	5	100	999	10	100.0	0.2
2026-07-07T18:52:41.137	358	828	522	966	2330	2179	2458	2911	3189	413	30.2	1013.86	44.86	138544	AS7341	flash	5	100	999	10	100.0	0.2
2026-07-07T18:52:43.157	360	828	522	966	2331	2180	2459	2913	3190	413	30.2	1013.83	44.87	139119	AS7341	flash	5	100	999	10	100.0	0.2
2026-07-07T18:52:45.178	358	828	522	966	2329	2179	2459	2912	3189	413	30.19	1013.85	44.87	139119	AS7341	flash	5	100	999	10	100.0	0.2
2026-07-07T18:52:47.094	358	828	522	966	2330	2179	2459	2912	3189	413	30.21	1013.88	44.88	139816	AS7341	flash	5	100	999	10	100.0	0.2
2026-07-07T18:52:49.110	359	828	522	966	2329	2179	2458	2911	3188	413	30.19	1013.85	44.87	139467	AS7341	flash	5	100	999	10	100.0	0.2
2026-07-07T18:52:51.131	359	828	522	966	2330	2179	2459	2912	3189	413	30.2	1013.87	44.89	139004	AS7341	flash	5	100	999	10	100.0	0.2
2026-07-07T18:52:53.158	359	828	522	966	2329	2179	2458	2912	3189	412	30.19	1013.86	44.89	139583	AS7341	flash	5	100	999	10	100.0	0.2
2026-07-07T18:52:55.173	358	827	522	966	2328	2179	2458	2911	3188	413	30.19	1013.85	44.89	139351	AS7341	flash	5	100	999	10	100.0	0.2
2026-07-07T18:52:57.082	358	827	522	966	2329	2179	2458	2911	3188	413	30.2	1013.83	44.89	139933	AS7341	flash	5	100	999	10	100.0	0.2
2026-07-07T18:52:59.102	359	828	522	966	2330	2179	2458	2912	3189	413	30.2	1013.87	44.9	139119	AS7341	flash	5	100	999	10	100.0	0.2
2026-07-07T18:53:01.127	360	828	522	966	2330	2180	2459	2913	3190	413	30.19	1013.82	44.89	138429	AS7341	flash	5	100	999	10	100.0	0.2
2026-07-07T18:53:03.146	360	828	522	966	2331	2181	2460	2914	3191	412	30.19	1013.85	44.91	139119	AS7341	flash	5	100	999	10	100.0	0.2
2026-07-07T18:53:05.160	360	828	522	966	2331	2180	2460	2913	3190	412	30.19	1013.87	44.91	139351	AS7341	flash	5	100	999	10	100.0	0.2
2026-07-07T18:53:07.183	359	828	522	966	2331	2180	2460	2913	3190	413	30.2	1013.85	44.91	138658	AS7341	flash	5	100	999	10	100.0	0.2
2026-07-07T18:53:09.094	359	828	522	966	2330	2179	2459	2912	3189	413	30.2	1013.86	44.91	139004	AS7341	flash	5	100	999	10	100.0	0.2
2026-07-07T18:53:11.115	359	828	522	966	2330	2179	2459	2912	3189	413	30.19	1013.84	44.91	140050	AS7341	flash	5	100	999	10	100.0	0.2
2026-07-07T18:53:13.139	359	828	522	966	2330	2179	2459	2912	3189	413	30.19	1013.81	44.91	138888	AS7341	flash	5	100	999	10	100.0	0.2
2026-07-07T18:53:15.159	360	828	522	966	2330	2180	2459	2913	3190	413	30.19	1013.84	44.93	139351	AS7341	flash	5	100	999	10	100.0	0.2
2026-07-07T18:53:17.177	359	828	522	966	2330	2179	2459	2912	3188	413	30.2	1013.87	44.92	139235	AS7341	flash	5	100	999	10	100.0	0.2
2026-07-07T18:53:19.094	358	827	522	966	2329	2179	2458	2911	3188	412	30.2	1013.84	44.92	139583	AS7341	flash	5	100	999	10	100.0	0.2
2026-07-07T18:53:21.118	359	828	522	966	2330	2179	2459	2912	3189	412	30.19	1013.82	44.92	138773	AS7341	flash	5	100	999	10	100.0	0.2
2026-07-07T18:53:23.138	359	828	522	966	2330	2180	2459	2913	3189	413	30.19	1013.83	44.94	139816	AS7341	flash	5	100	999	10	100.0	0.2
2026-07-07T18:53:25.161	359	828	522	966	2330	2180	2459	2913	3189	413	30.19	1013.83	44.94	138544	AS7341	flash	5	100	999	10	100.0	0.2
2026-07-07T18:53:27.179	359	828	522	966	2330	2179	2459	2912	3189	413	30.19	1013.86	44.94	139235	AS7341	flash	5	100	999	10	100.0	0.2
2026-07-07T18:53:29.200	358	828	522	966	2330	2179	2460	2913	3189	413	30.19	1013.83	44.95	138429	AS7341	flash	5	100	999	10	100.0	0.2
2026-07-07T18:53:31.112	358	827	522	966	2329	2179	2458	2911	3188	413	30.2	1013.83	44.95	139351	AS7341	flash	5	100	999	10	100.0	0.2
2026-07-07T18:53:33.140	360	828	522	966	2330	2180	2460	2914	3190	412	30.19	1013.86	44.94	139119	AS7341	flash	5	100	999	10	100.0	0.2
2026-07-07T18:53:35.165	359	828	522	966	2330	2179	2459	2913	3189	413	30.19	1013.86	44.96	139583	AS7341	flash	5	100	999	10	100.0	0.2
2026-07-07T18:53:37.187	359	827	522	966	2330	2179	2459	2912	3189	412	30.19	1013.83	44.94	139467	AS7341	flash	5	100	999	10	100.0	0.2
2026-07-07T18:53:39.198	359	827	522	966	2330	2179	2459	2913	3189	413	30.2	1013.88	44.96	140050	AS7341	flash	5	100	999	10	100.0	0.2
2026-07-07T18:53:41.222	359	828	522	966	2330	2179	2459	2913	3189	413	30.19	1013.89	44.97	139004	AS7341	flash	5	100	999	10	100.0	0.2
2026-07-07T18:53:43.138	359	828	522	966	2330	2179	2459	2913	3188	413	30.2	1013.83	44.98	140402	AS7341	flash	5	100	999	10	100.0	0.2
2026-07-07T18:53:45.155	358	828	522	966	2330	2179	2459	2912	3189	413	30.19	1013.84	44.97	139816	AS7341	flash	5	100	999	10	100.0	0.2
2026-07-07T18:53:47.181	359	828	522	966	2330	2180	2459	2913	3189	413	30.19	1013.87	44.97	138658	AS7341	flash	5	100	999	10	100.0	0.2
2026-07-07T18:53:49.204	359	828	522	966	2330	2179	2459	2913	3189	413	30.18	1013.87	44.96	140050	AS7341	flash	5	100	999	10	100.0	0.2
2026-07-07T18:53:51.224	359	828	522	966	2330	2180	2459	2913	3190	413	30.19	1013.9	44.97	139119	AS7341	flash	5	100	999	10	100.0	0.2
2026-07-07T18:53:53.133	359	828	522	966	2330	2179	2459	2913	3189	413	30.2	1013.84	44.97	140520	AS7341	flash	5	100	999	10	100.0	0.2
2026-07-07T18:53:55.148	360	828	522	966	2331	2180	2460	2914	3190	413	30.2	1013.9	44.98	139583	AS7341	flash	5	100	999	10	100.0	0.2
2026-07-07T18:53:57.162	360	828	522	966	2330	2179	2459	2913	3189	413	30.19	1013.88	45.0	139119	AS7341	flash	5	100	999	10	100.0	0.2
2026-07-07T18:53:59.188	359	828	522	966	2330	2180	2460	2914	3190	413	30.19	1013.89	45.01	138429	AS7341	flash	5	100	999	10	100.0	0.2
2026-07-07T18:54:01.209	360	828	522	966	2330	2180	2460	2914	3189	413	30.19	1013.89	45.02	138201	AS7341	flash	5	100	999	10	100.0	0.2
2026-07-07T18:54:03.118	359	828	522	966	2329	2178	2459	2912	3188	413	30.2	1013.88	45.0	138888	AS7341	flash	5	100	999	10	100.0	0.2
2026-07-07T18:54:05.143	360	828	523	966	2330	2180	2461	2914	3190	413	30.2	1013.91	45.01	139004	AS7341	flash	5	100	999	10	100.0	0.2
2026-07-07T18:54:07.172	360	828	522	966	2330	2180	2461	2914	3190	413	30.2	1013.91	45.0	139583	AS7341	flash	5	100	999	10	100.0	0.2
2026-07-07T18:54:09.197	360	828	522	966	2330	2180	2460	2914	3190	413	30.2	1013.88	45.02	138315	AS7341	flash	5	100	999	10	0.0	0.2
2026-07-07T18:54:11.208	358	827	522	964	2327	2178	2461	2921	3190	413	30.22	1013.9	45.09	138201	AS7341	flash	5	100	999	10	0.0	0.2
2026-07-07T18:54:13.125	358	826	521	962	2319	2172	2459	2926	3186	412	30.27	1013.89	46.3	135737	AS7341	flash	5	100	999	10	0.0	0.2
2026-07-07T18:54:15.148	359	827	521	959	2309	2165	2456	2931	3182	412	30.27	1013.9	48.65	131682	AS7341	flash	5	100	999	10	0.0	0.2
2026-07-07T18:54:17.171	358	827	521	955	2302	2158	2454	2936	3179	411	30.29	1013.92	51.22	126510	AS7341	flash	5	100	999	10	0.0	0.2
2026-07-07T18:54:19.187	358	828	521	953	2293	2150	2450	2939	3175	411	30.3	1013.88	53.58	122173	AS7341	flash	5	100	999	10	0.0	0.2
2026-07-07T18:54:21.201	358	828	521	950	2285	2142	2446	2940	3170	410	30.31	1013.89	55.6	118207	AS7341	flash	5	100	999	10	0.0	0.2
2026-07-07T18:54:23.225	357	830	521	947	2276	2135	2442	2942	3165	410	30.32	1013.97	57.3	115199	AS7341	flash	5	100	999	10	0.0	0.2
2026-07-07T18:54:25.140	358	831	521	944	2268	2126	2436	2941	3158	409	30.34	1013.91	58.64	112567	AS7341	flash	5	100	999	10	0.0	0.2
2026-07-07T18:54:27.164	357	833	521	942	2262	2121	2432	2941	3154	409	30.33	1013.91	59.78	110342	AS7341	flash	5	100	999	10	100.0	0.2
2026-07-07T18:54:29.180	357	836	522	942	2261	2118	2428	2934	3150	409	30.3	1013.94	59.95	110052	AS7341	flash	5	100	999	10	100.0	0.2
2026-07-07T18:54:31.199	357	838	523	942	2260	2117	2424	2925	3148	409	30.28	1013.9	57.6	112642	AS7341	flash	5	100	999	10	100.0	0.2
2026-07-07T18:54:33.216	357	839	523	943	2259	2116	2419	2915	3143	408	30.28	1013.93	55.04	116724	AS7341	flash	5	100	999	10	100.0	0.2
2026-07-07T18:54:35.123	357	840	524	943	2259	2114	2415	2906	3141	408	30.28	1013.92	52.97	118794	AS7341	flash	5	100	999	10	100.0	0.2
2026-07-07T18:54:37.150	357	841	523	944	2261	2116	2415	2901	3141	408	30.27	1013.87	51.27	120851	AS7341	flash	5	100	999	10	100.0	0.2
2026-07-07T18:54:39.173	357	842	523	945	2263	2117	2414	2897	3140	408	30.27	1013.93	50.01	122980	AS7341	flash	5	100	999	10	100.0	0.2
2026-07-07T18:54:41.194	357	842	524	946	2265	2119	2414	2893	3141	408	30.26	1013.92	49.05	124813	AS7341	flash	5	100	999	10	100.0	0.2
2026-07-07T18:54:43.221	357	842	524	947	2267	2120	2415	2891	3141	408	30.26	1013.92	48.32	126129	AS7341	flash	5	100	999	10	100.0	0.2
2026-07-07T18:54:45.134	357	842	524	948	2269	2121	2414	2887	3141	408	30.28	1013.94	47.81	127183	AS7341	flash	5	100	999	10	100.0	0.2
2026-07-07T18:54:47.156	357	842	524	949	2272	2124	2415	2887	3143	408	30.26	1013.91	47.37	128058	AS7341	flash	5	100	999	10	100.0	0.2
2026-07-07T18:54:49.174	357	842	524	949	2274	2127	2416	2886	3145	408	30.26	1013.93	47.03	129144	AS7341	flash	5	100	999	10	100.0	0.2
2026-07-07T18:54:51.196	358	841	524	949	2275	2127	2416	2884	3145	408	30.26	1013.93	46.78	130451	AS7341	flash	5	100	999	10	100.0	0.2
2026-07-07T18:54:53.223	357	842	524	951	2278	2130	2418	2886	3147	408	30.26	1013.92	46.58	130248	AS7341	flash	5	100	999	10	100.0	0.2
2026-07-07T18:54:55.132	357	841	524	951	2279	2131	2419	2885	3147	408	30.27	1013.92	46.39	131372	AS7341	flash	5	100	999	10	100.0	0.2
2026-07-07T18:54:57.158	357	841	525	952	2282	2134	2421	2886	3150	409	30.26	1013.89	46.25	131372	AS7341	flash	5	100	999	10	100.0	0.2
2026-07-07T18:54:59.173	357	841	525	953	2284	2135	2421	2885	3150	409	30.26	1013.93	46.15	131475	AS7341	flash	5	100	999	10	100.0	0.2
2026-07-07T18:55:01.186	358	840	524	953	2286	2138	2423	2886	3153	409	30.25	1013.93	46.05	133147	AS7341	flash	5	100	999	10	100.0	0.2
2026-07-07T18:55:03.204	358	840	524	954	2289	2140	2425	2888	3155	409	30.25	1013.91	45.96	132936	AS7341	flash	5	100	999	10	100.0	0.2
2026-07-07T18:55:05.218	358	840	524	954	2288	2140	2425	2887	3155	409	30.25	1013.91	45.91	132831	AS7341	flash	5	100	999	10	100.0	0.2
2026-07-07T18:55:07.122	358	839	524	954	2289	2141	2426	2886	3155	409	30.26	1013.93	45.85	134322	AS7341	flash	5	100	999	10	100.0	0.2
2026-07-07T18:55:09.138	358	838	524	955	2291	2143	2427	2887	3156	409	30.25	1013.9	45.78	134107	AS7341	flash	5	100	999	10	100.0	0.2
2026-07-07T18:55:11.153	358	838	524	955	2293	2145	2428	2888	3159	409	30.25	1013.9	45.74	134754	AS7341	flash	5	100	999	10	100.0	0.2
2026-07-07T18:55:13.182	359	838	524	956	2295	2147	2429	2889	3160	410	30.24	1013.91	45.7	134322	AS7341	flash	5	100	999	10	100.0	0.2
2026-07-07T18:55:15.197	359	838	524	957	2297	2148	2430	2890	3161	410	30.25	1013.91	45.67	134214	AS7341	flash	5	100	999	10	100.0	0.2
2026-07-07T18:55:17.219	359	837	524	957	2298	2149	2432	2891	3163	410	30.25	1013.9	45.64	134646	AS7341	flash	5	100	999	10	100.0	0.2
2026-07-07T18:55:19.245	359	837	524	957	2300	2151	2433	2892	3164	410	30.25	1013.93	45.61	134863	AS7341	flash	5	100	999	10	100.0	0.2
2026-07-07T18:55:21.166	359	836	523	957	2300	2151	2432	2891	3163	410	30.25	1013.89	45.58	135847	AS7341	flash	5	100	999	10	100.0	0.2
2026-07-07T18:55:23.182	359	836	524	958	2302	2153	2434	2893	3166	410	30.24	1013.87	45.55	134754	AS7341	flash	5	100	999	10	100.0	0.2
2026-07-07T18:55:25.205	359	836	524	959	2303	2154	2436	2893	3166	410	30.24	1013.91	45.53	135737	AS7341	flash	5	100	999	10	100.0	0.2
2026-07-07T18:55:27.231	359	836	523	959	2304	2155	2436	2894	3167	410	30.23	1013.9	45.52	135189	AS7341	flash	5	100	999	10	100.0	0.2
2026-07-07T18:55:29.244	359	836	523	959	2304	2155	2437	2894	3167	410	30.25	1013.91	45.51	135298	AS7341	flash	5	100	999	10	100.0	0.2
2026-07-07T18:55:31.149	359	835	523	959	2305	2155	2438	2895	3168	411	30.25	1013.89	45.49	136623	AS7341	flash	5	100	999	10	100.0	0.2
2026-07-07T18:55:33.165	359	835	523	960	2306	2157	2438	2896	3169	411	30.25	1013.91	45.48	135957	AS7341	flash	5	100	999	10	100.0	0.2
2026-07-07T18:55:35.183	359	835	523	959	2307	2157	2440	2897	3170	411	30.25	1013.9	45.46	136400	AS7341	flash	5	100	999	10	100.0	0.2
2026-07-07T18:55:37.210	359	834	523	960	2307	2159	2440	2897	3170	411	30.24	1013.9	45.46	135627	AS7341	flash	5	100	999	10	100.0	0.2
2026-07-07T18:55:39.233	359	834	523	959	2309	2160	2441	2899	3171	411	30.24	1013.86	45.45	136068	AS7341	flash	5	100	999	10	100.0	0.2
2026-07-07T18:55:41.149	359	834	523	960	2309	2159	2441	2898	3171	411	30.25	1013.9	45.45	136846	AS7341	flash	5	100	999	10	100.0	0.2
2026-07-07T18:55:43.173	359	834	523	960	2310	2160	2442	2899	3172	411	30.23	1013.89	45.42	136068	AS7341	flash	5	100	999	10	100.0	0.2
2026-07-07T18:55:45.195	359	834	523	960	2310	2161	2442	2899	3173	411	30.24	1013.88	45.41	136734	AS7341	flash	5	100	999	10	100.0	0.2
2026-07-07T18:55:47.210	359	833	523	960	2312	2162	2444	2901	3174	411	30.25	1013.91	45.41	136846	AS7341	flash	5	100	999	10	100.0	0.2
2026-07-07T18:55:49.234	359	833	523	961	2312	2162	2443	2901	3173	411	30.24	1013.9	45.42	136511	AS7341	flash	5	100	999	10	100.0	0.2
2026-07-07T18:55:51.146	359	833	523	960	2312	2162	2444	2901	3174	411	30.25	1013.93	45.42	136511	AS7341	flash	5	100	999	10	100.0	0.2
2026-07-07T18:55:53.175	359	833	524	961	2313	2163	2445	2902	3175	411	30.24	1013.89	45.39	136846	AS7341	flash	5	100	999	10	100.0	0.2
2026-07-07T18:55:55.204	360	833	523	961	2313	2164	2445	2902	3176	411	30.24	1013.92	45.39	137070	AS7341	flash	5	100	999	10	100.0	0.2
2026-07-07T18:55:57.219	359	833	524	961	2313	2164	2446	2902	3175	411	30.24	1013.88	45.41	137070	AS7341	flash	5	100	999	10	100.0	0.2
2026-07-07T18:55:59.241	359	833	524	961	2315	2165	2447	2903	3177	411	30.24	1013.92	45.4	136846	AS7341	flash	5	100	999	10	100.0	0.2
2026-07-07T18:56:01.150	359	833	524	962	2315	2165	2447	2903	3177	412	30.25	1013.88	45.38	137520	AS7341	flash	5	100	999	10	100.0	0.2
2026-07-07T18:56:03.160	359	832	524	962	2315	2165	2447	2904	3177	412	30.24	1013.92	45.38	137407	AS7341	flash	5	100	999	10	100.0	0.2
2026-07-07T18:56:05.176	359	833	524	962	2316	2166	2448	2904	3178	412	30.23	1013.87	45.39	137520	AS7341	flash	5	100	999	10	100.0	0.2
2026-07-07T18:56:07.200	359	832	524	962	2316	2166	2448	2905	3178	412	30.23	1013.92	45.39	137070	AS7341	flash	5	100	999	10	100.0	0.2
2026-07-07T18:56:09.227	359	832	524	962	2317	2167	2449	2906	3179	412	30.23	1013.89	45.39	137070	AS7341	flash	5	100	999	10	100.0	0.2
2026-07-07T18:56:11.244	359	833	524	962	2317	2167	2449	2906	3179	412	30.23	1013.89	45.39	137070	AS7341	flash	5	100	999	10	100.0	0.2
2026-07-07T18:56:13.156	359	832	524	962	2317	2167	2449	2905	3179	412	30.25	1013.88	45.39	137973	AS7341	flash	5	100	999	10	100.0	0.2
2026-07-07T18:56:15.172	359	833	523	962	2317	2167	2449	2906	3179	412	30.23	1013.9	45.38	137860	AS7341	flash	5	100	999	10	100.0	0.2
2026-07-07T18:56:17.198	359	833	523	963	2318	2168	2450	2907	3180	412	30.23	1013.88	45.38	136846	AS7341	flash	5	100	999	10	100.0	0.2
2026-07-07T18:56:19.217	359	833	524	963	2319	2169	2451	2908	3181	412	30.24	1013.9	45.37	136846	AS7341	flash	5	100	999	10	100.0	0.2
2026-07-07T18:56:21.239	359	832	523	963	2318	2169	2451	2907	3180	412	30.23	1013.91	45.37	136958	AS7341	flash	5	100	999	10	100.0	0.2
2026-07-07T18:56:23.154	359	832	524	963	2318	2168	2449	2906	3179	412	30.24	1013.88	45.38	138201	AS7341	flash	5	100	999	10	100.0	0.2
2026-07-07T18:56:25.183	359	832	524	963	2319	2169	2451	2908	3181	412	30.23	1013.92	45.36	137182	AS7341	flash	5	100	999	10	100.0	0.2
2026-07-07T18:56:27.205	359	832	523	963	2320	2170	2452	2909	3182	412	30.23	1013.9	45.37	136623	AS7341	flash	5	100	999	10	100.0	0.2
2026-07-07T18:56:29.231	359	832	523	963	2320	2169	2451	2908	3181	412	30.23	1013.9	45.37	137295	AS7341	flash	5	100	999	10	100.0	0.2
2026-07-07T18:56:31.143	359	832	523	963	2320	2170	2452	2908	3182	412	30.24	1013.9	45.38	137633	AS7341	flash	5	100	999	10	100.0	0.2
2026-07-07T18:56:33.168	360	832	523	963	2321	2170	2452	2909	3182	412	30.24	1013.91	45.36	137295	AS7341	flash	5	100	999	10	100.0	0.2
2026-07-07T18:56:35.192	359	832	523	963	2320	2170	2452	2909	3182	412	30.24	1013.88	45.37	136623	AS7341	flash	5	100	999	10	100.0	0.2
2026-07-07T18:56:37.209	359	832	523	963	2321	2171	2453	2909	3182	412	30.23	1013.89	45.37	136734	AS7341	flash	5	100	999	10	100.0	0.2
2026-07-07T18:56:39.235	360	832	524	963	2321	2171	2453	2910	3183	412	30.23	1013.89	45.37	137520	AS7341	flash	5	100	999	10	100.0	0.2
2026-07-07T18:56:41.149	359	831	523	963	2320	2170	2452	2909	3182	412	30.24	1013.93	45.38	137295	AS7341	flash	5	100	999	10	100.0	0.2
2026-07-07T18:56:43.166	359	832	523	963	2321	2171	2454	2910	3183	412	30.23	1013.91	45.39	138087	AS7341	flash	5	100	999	10	100.0	0.2
2026-07-07T18:56:45.187	360	832	523	963	2321	2171	2453	2910	3182	412	30.23	1013.88	45.37	137295	AS7341	flash	5	100	999	10	100.0	0.2
2026-07-07T18:56:47.217	359	832	523	964	2321	2171	2454	2911	3183	412	30.23	1013.92	45.37	137860	AS7341	flash	5	100	999	10	100.0	0.2
2026-07-07T18:56:49.235	359	831	523	963	2321	2171	2453	2910	3183	412	30.24	1013.89	45.39	138087	AS7341	flash	5	100	999	10	100.0	0.2
2026-07-07T18:56:51.149	359	831	523	963	2321	2171	2453	2909	3182	412	30.24	1013.89	45.39	137520	AS7341	flash	5	100	999	10	100.0	0.2
2026-07-07T18:56:53.175	359	831	523	964	2322	2171	2454	2911	3183	412	30.23	1013.89	45.38	137633	AS7341	flash	5	100	999	10	100.0	0.2
2026-07-07T18:56:55.204	360	831	523	964	2321	2171	2454	2910	3183	412	30.23	1013.9	45.39	138087	AS7341	flash	5	100	999	10	100.0	0.2
2026-07-07T18:56:57.224	359	831	523	964	2321	2171	2454	2910	3182	412	30.23	1013.87	45.39	137407	AS7341	flash	5	100	999	10	100.0	0.2
2026-07-07T18:56:59.141	359	831	523	964	2321	2171	2453	2910	3182	412	30.24	1013.88	45.39	137070	AS7341	flash	5	100	999	10	100.0	0.2
2026-07-07T18:57:01.167	359	831	523	963	2322	2172	2454	2911	3183	412	30.23	1013.84	45.39	137070	AS7341	flash	5	100	999	10	100.0	0.2
2026-07-07T18:57:03.187	360	831	523	964	2322	2172	2455	2911	3184	412	30.22	1013.88	45.4	137633	AS7341	flash	5	100	999	10	100.0	0.2
2026-07-07T18:57:05.211	359	831	523	964	2322	2172	2454	2911	3183	412	30.23	1013.86	45.42	137520	AS7341	flash	5	100	999	10	100.0	0.2
2026-07-07T18:57:07.230	360	831	523	964	2322	2173	2455	2912	3184	412	30.22	1013.86	45.4	136958	AS7341	flash	5	100	999	10	100.0	0.2
2026-07-07T18:57:09.241	360	831	523	964	2322	2172	2454	2911	3183	412	30.23	1013.89	45.41	138087	AS7341	flash	5	100	999	10	100.0	0.2
2026-07-07T18:57:11.157	359	831	523	964	2321	2172	2454	2910	3182	412	30.25	1013.87	45.4	138544	AS7341	flash	5	100	999	10	100.0	0.2
2026-07-07T18:57:13.173	360	831	523	964	2323	2173	2455	2912	3184	412	30.23	1013.87	45.4	137860	AS7341	flash	5	100	999	10	100.0	0.2
2026-07-07T18:57:15.191	360	831	523	964	2323	2173	2455	2912	3184	412	30.22	1013.83	45.4	138429	AS7341	flash	5	100	999	10	100.0	0.2
2026-07-07T18:57:17.216	360	831	523	964	2323	2173	2455	2912	3184	412	30.22	1013.88	45.42	138201	AS7341	flash	5	100	999	10	100.0	0.2
2026-07-07T18:57:19.232	359	831	523	964	2322	2173	2455	2912	3184	412	30.23	1013.87	45.41	138087	AS7341	flash	5	100	999	10	100.0	0.2
2026-07-07T18:57:21.145	360	831	523	964	2323	2173	2455	2912	3185	412	30.24	1013.91	45.41	138888	AS7341	flash	5	100	999	10	100.0	0.2
2026-07-07T18:57:23.167	360	831	523	964	2324	2174	2456	2913	3186	412	30.23	1013.9	45.41	137973	AS7341	flash	5	100	999	10	100.0	0.2
2026-07-07T18:57:25.194	360	831	523	964	2323	2173	2456	2912	3185	412	30.23	1013.9	45.41	137860	AS7341	flash	5	100	999	10	100.0	0.2
2026-07-07T18:57:27.223	360	831	523	964	2324	2174	2456	2914	3187	413	30.23	1013.93	45.42	137295	AS7341	flash	5	100	999	10	100.0	0.2
2026-07-07T18:57:29.243	360	831	523	964	2324	2174	2457	2914	3186	413	30.22	1013.87	45.42	137746	AS7341	flash	5	100	999	10	100.0	0.2
2026-07-07T18:57:31.148	360	831	523	963	2323	2173	2455	2912	3185	412	30.24	1013.92	45.43	137520	AS7341	flash	5	100	999	10	100.0	0.2
2026-07-07T18:57:33.167	360	831	523	964	2324	2174	2456	2913	3186	413	30.23	1013.87	45.43	137973	AS7341	flash	5	100	999	10	100.0	0.2
2026-07-07T18:57:35.195	360	831	523	964	2324	2174	2457	2914	3186	413	30.22	1013.9	45.42	138201	AS7341	flash	5	100	999	10	100.0	0.2
2026-07-07T18:57:37.218	360	831	523	964	2324	2174	2457	2913	3186	412	30.22	1013.89	45.44	137295	AS7341	flash	5	100	999	10	100.0	0.2
2026-07-07T18:57:39.242	360	831	523	964	2324	2174	2457	2914	3186	412	30.22	1013.86	45.42	137746	AS7341	flash	5	100	999	10	100.0	0.2
2026-07-07T18:57:41.261	360	831	523	964	2324	2174	2457	2914	3187	413	30.23	1013.88	45.42	136734	AS7341	flash	5	100	999	10	100.0	0.2
2026-07-07T18:57:43.175	360	831	523	964	2323	2173	2456	2913	3185	412	30.23	1013.84	45.43	138087	AS7341	flash	5	100	999	10	100.0	0.2
2026-07-07T18:57:45.199	360	831	523	964	2324	2174	2457	2913	3186	412	30.23	1013.9	45.43	137746	AS7341	flash	5	100	999	10	100.0	0.2
2026-07-07T18:57:47.219	360	831	523	964	2324	2174	2456	2914	3186	412	30.22	1013.86	45.42	137633	AS7341	flash	5	100	999	10	100.0	0.2
2026-07-07T18:57:49.240	359	831	523	964	2324	2174	2457	2913	3186	412	30.23	1013.88	45.43	137860	AS7341	flash	5	100	999	10	100.0	0.2
2026-07-07T18:57:51.254	360	831	523	964	2324	2174	2457	2914	3187	412	30.23	1013.87	45.44	137295	AS7341	flash	5	100	999	10	100.0	0.2
2026-07-07T18:57:53.173	360	830	523	964	2323	2173	2456	2913	3185	412	30.24	1013.86	45.43	139004	AS7341	flash	5	100	999	10	100.0	0.2
2026-07-07T18:57:55.186	360	831	523	964	2324	2174	2457	2914	3187	413	30.23	1013.88	45.42	137973	AS7341	flash	5	100	999	10	100.0	0.2
2026-07-07T18:57:57.210	360	831	523	964	2324	2174	2457	2914	3186	413	30.23	1013.9	45.45	137973	AS7341	flash	5	100	999	10	100.0	0.2
2026-07-07T18:57:59.228	360	831	523	964	2324	2174	2457	2914	3186	412	30.23	1013.86	45.44	137070	AS7341	flash	5	100	999	10	100.0	0.2
2026-07-07T18:58:01.246	360	831	523	964	2323	2173	2457	2914	3185	412	30.22	1013.86	45.45	137182	AS7341	flash	5	100	999	10	100.0	0.2
2026-07-07T18:58:03.272	360	831	523	964	2324	2174	2457	2914	3186	413	30.23	1013.85	45.46	137973	AS7341	flash	5	100	999	10	100.0	0.2
2026-07-07T18:58:05.186	360	831	523	964	2323	2173	2456	2913	3185	412	30.23	1013.87	45.45	138201	AS7341	flash	5	100	999	10	100.0	0.2
2026-07-07T18:58:07.213	360	831	523	964	2324	2174	2457	2914	3185	412	30.23	1013.89	45.45	137070	AS7341	flash	5	100	999	10	100.0	0.2
2026-07-07T18:58:09.231	360	831	523	964	2324	2174	2457	2914	3186	412	30.22	1013.91	45.46	137633	AS7341	flash	5	100	999	10	100.0	0.2
2026-07-07T18:58:11.151	360	830	523	963	2324	2174	2457	2914	3186	412	30.23	1013.86	45.46	137520	AS7341	flash	5	100	999	10	100.0	0.2
2026-07-07T18:58:13.173	360	831	523	964	2324	2174	2457	2914	3186	412	30.23	1013.88	45.47	137070	AS7341	flash	5	100	999	10	100.0	0.2
2026-07-07T18:58:15.188	360	830	523	964	2323	2173	2457	2914	3185	412	30.23	1013.85	45.47	137973	AS7341	flash	5	100	999	10	100.0	0.2
2026-07-07T18:58:17.212	360	830	523	964	2323	2174	2457	2913	3185	412	30.23	1013.89	45.47	137973	AS7341	flash	5	100	999	10	100.0	0.2
2026-07-07T18:58:19.235	360	831	523	965	2323	2173	2456	2913	3185	412	30.22	1013.89	45.49	137746	AS7341	flash	5	100	999	10	100.0	0.2
2026-07-07T18:58:21.256	360	831	523	964	2324	2174	2457	2915	3186	412	30.22	1013.85	45.48	137407	AS7341	flash	5	100	999	10	100.0	0.2
2026-07-07T18:58:23.163	360	830	523	963	2323	2173	2456	2914	3185	412	30.23	1013.89	45.49	138201	AS7341	flash	5	100	999	10	100.0	0.2
2026-07-07T18:58:25.183	360	831	523	965	2323	2173	2456	2913	3185	412	30.22	1013.89	45.49	137746	AS7341	flash	5	100	999	10	100.0	0.2
2026-07-07T18:58:27.203	360	830	523	963	2323	2174	2457	2914	3185	412	30.22	1013.87	45.49	137295	AS7341	flash	5	100	999	10	100.0	0.2
2026-07-07T18:58:29.216	360	831	523	965	2324	2174	2457	2914	3186	412	30.22	1013.87	45.49	137746	AS7341	flash	5	100	999	10	100.0	0.2
2026-07-07T18:58:31.244	359	830	523	964	2324	2174	2458	2915	3186	412	30.22	1013.87	45.5	137633	AS7341	flash	5	100	999	10	100.0	0.2
2026-07-07T18:58:33.261	360	830	523	964	2324	2174	2458	2915	3186	412	30.22	1013.89	45.5	137295	AS7341	flash	5	100	999	10	100.0	0.2
2026-07-07T18:58:35.174	359	830	523	964	2323	2173	2456	2913	3185	412	30.22	1013.87	45.5	138201	AS7341	flash	5	100	999	10	100.0	0.2
2026-07-07T18:58:37.194	360	831	523	965	2323	2174	2457	2914	3185	412	30.22	1013.91	45.48	138087	AS7341	flash	5	100	999	10	100.0	0.2
2026-07-07T18:58:39.221	360	831	523	965	2324	2174	2458	2915	3187	412	30.22	1013.88	45.5	137182	AS7341	flash	5	100	999	10	100.0	0.2
2026-07-07T18:58:41.244	360	831	523	965	2324	2174	2458	2915	3186	413	30.21	1013.85	45.5	137182	AS7341	flash	5	100	999	10	100.0	0.2
2026-07-07T18:58:43.268	360	831	523	965	2324	2175	2458	2916	3188	413	30.22	1013.9	45.52	137070	AS7341	flash	5	100	999	10	100.0	0.2
2026-07-07T18:58:45.180	360	831	523	965	2323	2174	2457	2914	3185	413	30.22	1013.84	45.51	138315	AS7341	flash	5	100	999	10	100.0	0.2
2026-07-07T18:58:47.201	360	831	523	965	2324	2175	2458	2915	3187	413	30.21	1013.87	45.51	138201	AS7341	flash	5	100	999	10	100.0	0.2
2026-07-07T18:58:49.214	360	831	523	965	2324	2175	2458	2916	3187	412	30.21	1013.86	45.51	138087	AS7341	flash	5	100	999	10	100.0	0.2
2026-07-07T18:58:51.239	360	830	523	965	2324	2174	2458	2915	3187	413	30.21	1013.89	45.52	137633	AS7341	flash	5	100	999	10	100.0	0.2
2026-07-07T18:58:53.259	360	831	523	965	2324	2174	2458	2915	3187	412	30.21	1013.85	45.53	137295	AS7341	flash	5	100	999	10	100.0	0.2
2026-07-07T18:58:55.285	360	830	523	964	2323	2174	2457	2914	3186	412	30.21	1013.86	45.52	137633	AS7341	flash	5	100	999	10	100.0	0.2
2026-07-07T18:58:57.192	360	831	523	964	2323	2174	2457	2914	3186	412	30.22	1013.9	45.54	137746	AS7341	flash	5	100	999	10	100.0	0.2
2026-07-07T18:58:59.204	360	830	523	964	2323	2174	2457	2914	3186	412	30.21	1013.85	45.53	137746	AS7341	flash	5	100	999	10	100.0	0.2
2026-07-07T18:59:01.230	360	831	523	965	2324	2175	2458	2916	3187	413	30.21	1013.86	45.53	137746	AS7341	flash	5	100	999	10	100.0	0.2
2026-07-07T18:59:03.256	360	831	523	965	2323	2174	2457	2914	3186	412	30.21	1013.87	45.54	137520	AS7341	flash	5	100	999	10	100.0	0.2
2026-07-07T18:59:05.282	360	831	523	965	2324	2175	2458	2916	3187	413	30.21	1013.87	45.55	137520	AS7341	flash	5	100	999	10	100.0	0.2
2026-07-07T18:59:07.196	360	830	523	964	2323	2173	2457	2914	3185	412	30.22	1013.86	45.56	137860	AS7341	flash	5	100	999	10	100.0	0.2
2026-07-07T18:59:09.216	360	830	523	964	2323	2174	2457	2914	3185	412	30.21	1013.87	45.54	138315	AS7341	flash	5	100	999	10	100.0	0.2
2026-07-07T18:59:11.241	360	831	523	965	2323	2174	2457	2915	3186	412	30.21	1013.88	45.55	137746	AS7341	flash	5	100	999	10	100.0	0.2
2026-07-07T18:59:13.268	360	831	523	965	2323	2174	2458	2915	3186	412	30.21	1013.9	45.56	137070	AS7341	flash	5	100	999	10	100.0	0.2
2026-07-07T18:59:15.293	360	830	523	964	2324	2174	2458	2915	3186	413	30.21	1013.86	45.57	137407	AS7341	flash	5	100	999	10	100.0	0.2
2026-07-07T18:59:17.204	359	830	523	964	2322	2173	2457	2914	3185	412	30.22	1013.88	45.58	138429	AS7341	flash	5	100	999	10	100.0	0.2
2026-07-07T18:59:19.232	360	831	523	964	2324	2174	2458	2916	3187	412	30.21	1013.85	45.57	138087	AS7341	flash	5	100	999	10	100.0	0.2
2026-07-07T18:59:21.245	360	831	523	965	2324	2174	2458	2916	3187	412	30.21	1013.86	45.58	137746	AS7341	flash	5	100	999	10	100.0	0.2
2026-07-07T18:59:23.258	360	831	523	964	2323	2174	2458	2915	3186	412	30.21	1013.85	45.58	138773	AS7341	flash	5	100	999	10	100.0	0.2
2026-07-07T18:59:25.286	360	831	523	965	2324	2174	2459	2916	3187	412	30.2	1013.84	45.59	138429	AS7341	flash	5	100	999	10	100.0	0.2
2026-07-07T18:59:27.199	360	831	523	964	2324	2174	2458	2915	3187	412	30.21	1013.79	45.58	137520	AS7341	flash	5	100	999	10	100.0	0.2
2026-07-07T18:59:29.222	360	831	523	965	2324	2175	2458	2916	3187	413	30.21	1013.85	45.59	137295	AS7341	flash	5	100	999	10	100.0	0.2
2026-07-07T18:59:31.239	360	831	523	964	2324	2174	2458	2915	3186	412	30.21	1013.82	45.59	138087	AS7341	flash	5	100	999	10	100.0	0.2
2026-07-07T18:59:33.251	360	830	523	964	2322	2173	2457	2914	3185	412	30.21	1013.86	45.6	138315	AS7341	flash	5	100	999	10	100.0	0.2
2026-07-07T18:59:35.266	354	822	510	938	2276	2151	2436	2780	2916	379	30.21	1013.85	45.6	138429	AS7341	flash	5	100	999	10	100.0	0.0
2026-07-07T18:59:37.286	360	831	523	964	2324	2175	2459	2917	3188	412	30.21	1013.82	45.59	137295	AS7341	flash	5	100	999	10	100.0	0.0
2026-07-07T18:59:39.201	359	831	523	964	2324	2175	2459	2916	3187	412	30.21	1013.84	45.61	137973	AS7341	flash	5	100	999	10	100.0	0.0
2026-07-07T18:59:41.224	360	830	523	965	2325	2176	2460	2918	3188	413	30.2	1013.88	45.59	137973	AS7341	flash	5	100	999	10	100.0	0.0
2026-07-07T18:59:43.254	360	830	523	965	2326	2178	2462	2919	3190	413	30.19	1013.87	45.55	137860	AS7341	flash	5	100	999	10	100.0	0.0
2026-07-07T18:59:45.282	360	830	523	965	2328	2179	2463	2920	3191	413	30.18	1013.87	45.49	137070	AS7341	flash	5	100	999	10	100.0	0.0
2026-07-07T18:59:47.305	360	829	523	966	2329	2180	2465	2922	3192	413	30.18	1013.84	45.42	138544	AS7341	flash	5	100	999	10	100.0	0.0
2026-07-07T18:59:49.213	360	829	523	966	2330	2182	2466	2923	3193	413	30.18	1013.84	45.35	138658	AS7341	flash	5	100	999	10	100.0	0.0
2026-07-07T18:59:51.244	360	829	523	966	2331	2183	2467	2923	3195	413	30.17	1013.85	45.26	138201	AS7341	flash	5	100	999	10	100.0	0.0
2026-07-07T18:59:53.270	360	828	523	967	2333	2185	2469	2924	3196	413	30.17	1013.84	45.18	139004	AS7341	flash	5	100	999	10	100.0	0.0
2026-07-07T18:59:55.288	360	828	523	967	2334	2186	2470	2926	3197	414	30.16	1013.86	45.1	138658	AS7341	flash	5	100	999	10	100.0	0.0
2026-07-07T18:59:57.205	360	827	523	967	2333	2185	2469	2924	3196	413	30.17	1013.89	45.02	139119	AS7341	flash	5	100	999	10	100.0	0.0
2026-07-07T18:59:59.231	360	828	523	968	2336	2187	2471	2926	3198	413	30.15	1013.86	44.94	139004	AS7341	flash	5	100	999	10	100.0	0.0
2026-07-07T19:00:01.257	360	827	523	968	2337	2189	2472	2927	3200	414	30.14	1013.86	44.89	139699	AS7341	flash	5	100	999	10	100.0	0.0
2026-07-07T19:00:03.283	360	827	523	968	2337	2189	2473	2927	3200	414	30.14	1013.89	44.81	139004	AS7341	flash	5	100	999	10	100.0	0.0
2026-07-07T19:00:05.199	360	827	523	968	2338	2190	2474	2928	3201	414	30.14	1013.86	44.77	139816	AS7341	flash	5	100	999	10	100.0	0.0
2026-07-07T19:00:07.220	361	827	523	968	2339	2191	2475	2929	3202	414	30.13	1013.87	44.69	138888	AS7341	flash	5	100	999	10	100.0	0.0
2026-07-07T19:00:09.246	360	826	522	969	2340	2192	2476	2929	3202	414	30.12	1013.89	44.65	139467	AS7341	flash	5	100	999	10	100.0	0.0
2026-07-07T19:00:11.270	360	826	523	969	2342	2194	2477	2931	3204	414	30.12	1013.87	44.61	139119	AS7341	flash	5	100	999	10	100.0	0.0
2026-07-07T19:00:13.288	360	826	523	970	2342	2195	2478	2931	3205	414	30.11	1013.87	44.56	138544	AS7341	flash	5	100	999	10	100.0	0.0
2026-07-07T19:00:15.308	360	825	523	970	2343	2195	2478	2932	3205	414	30.1	1013.87	44.52	138201	AS7341	flash	5	100	999	10	100.0	0.0
2026-07-07T19:00:17.226	361	825	523	970	2343	2195	2478	2931	3204	414	30.1	1013.85	44.5	140167	AS7341	flash	5	100	999	10	100.0	0.0
2026-07-07T19:00:19.241	360	825	523	970	2345	2197	2480	2933	3207	414	30.09	1013.91	44.45	140520	AS7341	flash	5	100	999	10	100.0	0.0
2026-07-07T19:00:21.257	360	825	522	970	2346	2198	2481	2934	3207	415	30.08	1013.86	44.4	139583	AS7341	flash	5	100	999	10	100.0	0.0
2026-07-07T19:00:23.273	361	825	522	971	2347	2199	2482	2935	3208	415	30.08	1013.91	44.39	139467	AS7341	flash	5	100	999	10	100.0	0.0
2026-07-07T19:00:25.294	361	825	523	971	2348	2200	2483	2936	3209	415	30.08	1013.9	44.35	140756	AS7341	flash	5	100	999	10	100.0	0.0
2026-07-07T19:00:27.208	360	824	522	971	2348	2200	2483	2936	3210	415	30.08	1013.88	44.32	140874	AS7341	flash	5	100	999	10	100.0	0.0
2026-07-07T19:00:29.231	361	824	522	971	2349	2201	2484	2937	3210	415	30.06	1013.88	44.3	141112	AS7341	flash	5	100	999	10	100.0	0.0
2026-07-07T19:00:31.253	361	824	522	971	2350	2202	2485	2938	3211	415	30.05	1013.88	44.28	140756	AS7341	flash	5	100	999	10	100.0	0.0
2026-07-07T19:00:33.271	361	824	522	972	2351	2203	2486	2939	3212	415	30.05	1013.89	44.25	140756	AS7341	flash	5	100	999	10	100.0	0.0
2026-07-07T19:00:35.287	361	824	522	972	2351	2204	2487	2940	3213	415	30.05	1013.87	44.24	141112	AS7341	flash	5	100	999	10	100.0	0.0
2026-07-07T19:00:37.199	361	823	522	972	2351	2204	2487	2939	3214	415	30.05	1013.9	44.22	140756	AS7341	flash	5	100	999	10	100.0	0.0
2026-07-07T19:00:39.225	361	823	522	972	2352	2204	2488	2940	3213	415	30.04	1013.89	44.2	140638	AS7341	flash	5	100	999	10	100.0	0.0
2026-07-07T19:00:41.245	361	823	522	972	2353	2206	2489	2942	3215	415	30.02	1013.9	44.18	141469	AS7341	flash	5	100	999	10	100.0	0.0
2026-07-07T19:00:43.262	361	823	522	973	2354	2206	2489	2942	3215	415	30.02	1013.91	44.17	141231	AS7341	flash	5	100	999	10	100.0	0.0
2026-07-07T19:00:45.286	361	823	522	973	2355	2207	2491	2943	3217	416	30.01	1013.9	44.15	140638	AS7341	flash	5	100	999	10	100.0	0.0
2026-07-07T19:00:47.306	361	823	522	973	2355	2207	2491	2943	3216	416	30.01	1013.91	44.15	140756	AS7341	flash	5	100	999	10	100.0	0.0
2026-07-07T19:00:49.215	361	822	522	973	2355	2207	2490	2943	3216	416	30.01	1013.93	44.13	141469	AS7341	flash	5	100	999	10	100.0	0.0
2026-07-07T19:00:51.237	361	822	522	973	2356	2208	2492	2945	3218	416	30.0	1013.89	44.11	141828	AS7341	flash	5	100	999	10	100.0	0.0
2026-07-07T19:00:53.259	361	822	522	974	2357	2210	2493	2946	3219	416	29.99	1013.87	44.12	141469	AS7341	flash	5	100	999	10	100.0	0.0
2026-07-07T19:00:55.284	361	822	522	974	2357	2210	2493	2946	3219	416	29.99	1013.89	44.1	140993	AS7341	flash	5	100	999	10	100.0	0.0
2026-07-07T19:00:57.202	361	822	522	974	2357	2210	2493	2945	3218	416	29.98	1013.86	44.09	143162	AS7341	flash	5	100	999	10	100.0	0.0
2026-07-07T19:00:59.225	361	821	522	973	2358	2211	2494	2947	3220	416	29.97	1013.89	44.08	142431	AS7341	flash	5	100	999	10	100.0	0.0
2026-07-07T19:01:01.243	361	821	522	974	2359	2212	2495	2948	3221	416	29.96	1013.9	44.08	141469	AS7341	flash	5	100	999	10	100.0	0.0
2026-07-07T19:01:03.261	361	821	522	974	2359	2212	2495	2949	3221	416	29.96	1013.91	44.08	141708	AS7341	flash	5	100	999	10	100.0	0.0
2026-07-07T19:01:05.287	362	821	522	974	2360	2213	2496	2949	3222	416	29.95	1013.92	44.07	141469	AS7341	flash	5	100	999	10	100.0	0.0
2026-07-07T19:01:07.209	361	821	522	975	2360	2213	2496	2950	3222	416	29.96	1013.94	44.07	142918	AS7341	flash	5	100	999	10	100.0	0.0
2026-07-07T19:01:09.196	361	821	522	975	2361	2214	2497	2950	3223	416	29.95	1013.91	44.06	142553	AS7341	flash	5	100	999	10	100.0	0.0
2026-07-07T19:01:11.286	361	821	522	975	2362	2214	2498	2951	3223	416	29.93	1013.91	44.05	141708	AS7341	flash	5	100	999	10	100.0	0.0
2026-07-07T19:01:13.285	362	821	522	975	2362	2215	2499	2952	3224	416	29.93	1013.97	44.04	143040	AS7341	flash	5	100	999	10	100.0	0.0
2026-07-07T19:01:15.275	361	820	522	975	2362	2215	2499	2952	3225	416	29.92	1013.92	44.03	142431	AS7341	flash	5	100	999	10	100.0	0.0
2026-07-07T19:01:17.262	361	820	522	975	2362	2215	2498	2951	3223	416	29.92	1013.95	44.03	142796	AS7341	flash	5	100	999	10	100.0	0.0
2026-07-07T19:01:19.254	361	820	522	975	2362	2215	2499	2952	3224	416	29.9	1013.89	44.01	142069	AS7341	flash	5	100	999	10	100.0	0.0
2026-07-07T19:01:21.244	361	820	521	975	2362	2216	2499	2953	3224	416	29.91	1013.9	44.03	142796	AS7341	flash	5	100	999	10	100.0	0.0
2026-07-07T19:01:23.236	361	820	522	975	2363	2216	2501	2953	3225	417	29.89	1013.91	44.01	143530	AS7341	flash	5	100	999	10	100.0	0.0
2026-07-07T19:01:25.223	361	819	521	975	2363	2216	2500	2953	3225	417	29.89	1013.91	44.01	142796	AS7341	flash	5	100	999	10	100.0	0.0
2026-07-07T19:01:27.314	361	820	521	976	2365	2218	2502	2956	3227	417	29.87	1013.9	44.0	143530	AS7341	flash	5	100	999	10	100.0	0.0
2026-07-07T19:01:29.305	361	820	521	976	2364	2218	2502	2955	3226	417	29.88	1013.93	44.01	142310	AS7341	flash	5	100	999	10	100.0	0.0
2026-07-07T19:01:31.296	361	819	521	975	2365	2218	2502	2955	3227	417	29.87	1013.94	43.99	143040	AS7341	flash	5	100	999	10	100.0	0.0
2026-07-07T19:01:33.286	361	819	521	975	2366	2219	2503	2956	3227	417	29.87	1013.92	44.0	142918	AS7341	flash	5	100	999	10	100.0	0.0
2026-07-07T19:01:35.276	362	819	521	976	2365	2219	2503	2956	3228	417	29.85	1013.94	43.99	143653	AS7341	flash	5	100	999	10	100.0	0.0
2026-07-07T19:01:37.269	361	819	521	976	2366	2219	2503	2956	3228	417	29.86	1013.92	43.98	143407	AS7341	flash	5	100	999	10	100.0	0.0
2026-07-07T19:01:39.254	361	819	521	976	2366	2220	2504	2957	3228	417	29.84	1013.94	43.98	143407	AS7341	flash	5	100	999	10	100.0	0.0
2026-07-07T19:01:41.248	362	819	521	976	2366	2219	2504	2957	3228	417	29.84	1013.93	43.97	143530	AS7341	flash	5	100	999	10	100.0	0.0
2026-07-07T19:01:43.242	361	819	521	976	2367	2221	2505	2959	3230	417	29.83	1013.92	43.97	144396	AS7341	flash	5	100	999	10	100.0	0.0
2026-07-07T19:01:45.227	361	819	521	976	2368	2221	2506	2959	3230	417	29.83	1013.94	43.97	144024	AS7341	flash	5	100	999	10	100.0	0.0
2026-07-07T19:01:47.213	361	818	521	976	2368	2222	2506	2959	3230	417	29.83	1013.93	43.97	143776	AS7341	flash	5	100	999	10	100.0	0.0
2026-07-07T19:01:49.314	362	819	521	977	2369	2223	2508	2961	3232	417	29.8	1013.9	43.97	143407	AS7341	flash	5	100	999	10	100.0	0.0
2026-07-07T19:01:51.300	362	818	521	977	2368	2222	2507	2960	3231	417	29.81	1013.91	43.97	143284	AS7341	flash	5	100	999	10	100.0	0.0
2026-07-07T19:01:53.292	361	818	521	976	2369	2222	2507	2960	3231	417	29.8	1013.91	43.96	143284	AS7341	flash	5	100	999	10	100.0	0.0
2026-07-07T19:01:55.282	361	818	521	977	2369	2223	2508	2961	3231	417	29.79	1013.93	43.96	143900	AS7341	flash	5	100	999	10	100.0	0.0
2026-07-07T19:01:57.272	361	818	521	977	2369	2223	2508	2961	3232	417	29.79	1013.92	43.95	143776	AS7341	flash	5	100	999	10	100.0	0.0
2026-07-07T19:01:59.254	361	818	521	976	2369	2223	2508	2961	3232	417	29.79	1013.89	43.95	143900	AS7341	flash	5	100	999	10	100.0	0.0
2026-07-07T19:02:01.239	361	818	521	977	2370	2223	2508	2961	3232	417	29.77	1013.93	43.94	144396	AS7341	flash	5	100	999	10	100.0	0.0
2026-07-07T19:02:03.234	361	818	521	977	2371	2224	2509	2963	3233	417	29.77	1013.91	43.92	144645	AS7341	flash	5	100	999	10	100.0	0.0
2026-07-07T19:02:05.221	361	818	521	977	2371	2225	2510	2963	3234	417	29.76	1013.91	43.93	144272	AS7341	flash	5	100	999	10	100.0	0.0
2026-07-07T19:02:07.310	361	818	521	977	2372	2225	2510	2964	3235	418	29.75	1013.91	43.93	143653	AS7341	flash	5	100	999	10	100.0	0.0
2026-07-07T19:02:09.292	361	817	521	977	2371	2225	2511	2964	3234	418	29.75	1013.92	43.92	143900	AS7341	flash	5	100	999	10	100.0	0.0
2026-07-07T19:02:11.288	362	817	521	977	2371	2225	2510	2964	3233	417	29.75	1013.93	43.92	143162	AS7341	flash	5	100	999	10	100.0	0.0
2026-07-07T19:02:13.274	361	817	521	977	2371	2225	2510	2964	3234	418	29.74	1013.96	43.92	144148	AS7341	flash	5	100	999	10	100.0	0.0
2026-07-07T19:02:15.259	361	817	521	977	2372	2226	2511	2965	3235	418	29.73	1013.93	43.92	144896	AS7341	flash	5	100	999	10	100.0	0.0
2026-07-07T19:02:17.253	361	817	521	977	2372	2227	2512	2965	3235	418	29.72	1013.91	43.91	144770	AS7341	flash	5	100	999	10	100.0	0.0
2026-07-07T19:02:19.240	361	817	521	977	2372	2226	2511	2965	3235	418	29.72	1013.92	43.9	144896	AS7341	flash	5	100	999	10	100.0	0.0
2026-07-07T19:02:21.228	361	817	521	977	2372	2226	2511	2965	3234	418	29.72	1013.95	43.91	143900	AS7341	flash	5	100	999	10	100.0	0.0
2026-07-07T19:02:23.321	362	817	521	978	2373	2227	2513	2967	3236	418	29.69	1013.92	43.91	144396	AS7341	flash	5	100	999	10	100.0	0.0
2026-07-07T19:02:25.307	361	817	521	978	2374	2228	2513	2967	3237	418	29.7	1013.95	43.91	143653	AS7341	flash	5	100	999	10	100.0	0.0
2026-07-07T19:02:27.299	361	817	521	978	2373	2227	2512	2967	3236	418	29.7	1013.96	43.91	144148	AS7341	flash	5	100	999	10	100.0	0.0
2026-07-07T19:02:29.288	361	817	521	978	2374	2228	2513	2967	3237	418	29.69	1013.94	43.9	144896	AS7341	flash	5	100	999	10	100.0	0.0
2026-07-07T19:02:31.278	362	817	521	978	2374	2229	2514	2968	3237	418	29.68	1013.92	43.91	144024	AS7341	flash	5	100	999	10	100.0	0.0
2026-07-07T19:02:33.271	361	816	521	978	2374	2228	2514	2968	3237	418	29.67	1013.93	43.91	144770	AS7341	flash	5	100	999	10	100.0	0.0
2026-07-07T19:02:35.258	362	816	521	978	2374	2228	2514	2968	3237	418	29.67	1013.94	43.9	144645	AS7341	flash	5	100	999	10	100.0	0.0
2026-07-07T19:02:37.247	362	816	521	978	2375	2229	2515	2969	3238	418	29.66	1013.92	43.89	145021	AS7341	flash	5	100	999	10	100.0	0.0
2026-07-07T19:02:39.241	362	816	521	978	2375	2229	2514	2969	3238	418	29.66	1013.91	43.9	144396	AS7341	flash	5	100	999	10	100.0	0.0
2026-07-07T19:02:41.232	362	816	521	978	2375	2229	2515	2969	3238	418	29.65	1013.92	43.89	145021	AS7341	flash	5	100	999	10	100.0	0.0
2026-07-07T19:02:43.217	362	816	521	978	2376	2230	2516	2971	3239	418	29.64	1013.9	43.9	144272	AS7341	flash	5	100	999	10	100.0	0.0
2026-07-07T19:02:45.314	362	816	521	978	2376	2231	2516	2971	3239	418	29.63	1013.93	43.9	143900	AS7341	flash	5	100	999	10	100.0	0.0
2026-07-07T19:02:47.310	362	816	521	978	2377	2231	2517	2972	3241	418	29.63	1013.94	43.91	144396	AS7341	flash	5	100	999	10	100.0	0.0
2026-07-07T19:02:49.300	362	816	521	978	2376	2231	2517	2971	3239	418	29.62	1013.9	43.9	144148	AS7341	flash	5	100	999	10	100.0	0.0
2026-07-07T19:02:51.299	362	816	521	978	2376	2231	2517	2971	3240	418	29.62	1013.94	43.9	145399	AS7341	flash	5	100	999	10	100.0	0.0
2026-07-07T19:02:53.285	362	816	521	979	2376	2231	2517	2972	3240	418	29.61	1013.9	43.91	144396	AS7341	flash	5	100	999	10	100.0	0.0
2026-07-07T19:02:55.276	362	816	521	978	2377	2232	2518	2972	3241	418	29.61	1013.93	43.9	146033	AS7341	flash	5	100	999	10	100.0	0.0
2026-07-07T19:02:57.264	362	816	521	979	2377	2232	2518	2972	3240	418	29.6	1013.92	43.91	145778	AS7341	flash	5	100	999	10	100.0	0.0
2026-07-07T19:02:59.251	362	815	521	978	2377	2232	2518	2972	3241	418	29.59	1013.96	43.89	146033	AS7341	flash	5	100	999	10	100.0	0.0
2026-07-07T19:03:01.243	363	815	521	979	2378	2233	2519	2974	3242	418	29.58	1013.91	43.89	145147	AS7341	flash	5	100	999	10	100.0	0.0
2026-07-07T19:03:03.223	362	815	521	978	2378	2232	2519	2973	3241	418	29.58	1013.91	43.91	145905	AS7341	flash	5	100	999	10	100.0	0.0
2026-07-07T19:03:05.312	362	815	521	979	2379	2234	2520	2974	3243	418	29.56	1013.95	43.91	145778	AS7341	flash	5	100	999	10	100.0	0.0
2026-07-07T19:03:07.300	362	815	520	979	2378	2233	2520	2975	3242	419	29.56	1013.92	43.91	144645	AS7341	flash	5	100	999	10	100.0	0.0
2026-07-07T19:03:09.288	362	815	520	979	2379	2234	2520	2975	3243	419	29.56	1013.9	43.92	145778	AS7341	flash	5	100	999	10	100.0	0.0
2026-07-07T19:03:11.282	362	815	520	979	2379	2233	2520	2975	3242	419	29.56	1013.94	43.92	145147	AS7341	flash	5	100	999	10	100.0	0.0
2026-07-07T19:03:13.273	362	815	521	979	2379	2234	2521	2975	3243	419	29.56	1013.95	43.9	146929	AS7341	flash	5	100	999	10	100.0	0.0
2026-07-07T19:03:15.267	362	815	521	979	2379	2234	2521	2976	3243	419	29.54	1013.91	43.92	145399	AS7341	flash	5	100	999	10	100.0	0.0
2026-07-07T19:03:17.259	362	815	520	979	2380	2235	2521	2976	3244	419	29.53	1013.91	43.92	146160	AS7341	flash	5	100	999	10	100.0	0.0
2026-07-07T19:03:19.242	362	815	520	979	2380	2234	2521	2976	3244	419	29.53	1013.92	43.93	145273	AS7341	flash	5	100	999	10	100.0	0.0
2026-07-07T19:03:21.229	362	815	520	979	2380	2234	2521	2976	3243	419	29.52	1013.91	43.93	145525	AS7341	flash	5	100	999	10	100.0	0.0
2026-07-07T19:03:23.320	362	815	520	979	2381	2235	2522	2977	3245	419	29.51	1013.92	43.93	144770	AS7341	flash	5	100	999	10	100.0	0.0
2026-07-07T19:03:25.305	362	814	520	979	2380	2235	2522	2977	3244	419	29.52	1013.96	43.94	145905	AS7341	flash	5	100	999	10	100.0	0.0
2026-07-07T19:03:27.299	363	814	520	979	2380	2235	2522	2977	3243	419	29.51	1013.94	43.94	146416	AS7341	flash	5	100	999	10	100.0	0.0
2026-07-07T19:03:29.286	362	814	520	979	2380	2235	2522	2978	3244	419	29.5	1013.94	43.94	145399	AS7341	flash	5	100	999	10	100.0	0.0
2026-07-07T19:03:31.281	362	814	520	979	2380	2236	2523	2978	3244	419	29.49	1013.94	43.95	146416	AS7341	flash	5	100	999	10	100.0	0.0
2026-07-07T19:03:33.271	362	814	520	979	2381	2236	2523	2979	3245	419	29.49	1013.96	43.94	145778	AS7341	flash	5	100	999	10	100.0	0.0
2026-07-07T19:03:35.261	362	814	520	979	2381	2237	2523	2979	3246	419	29.49	1013.93	43.96	145652	AS7341	flash	5	100	999	10	100.0	0.0
2026-07-07T19:03:37.247	362	814	520	979	2382	2237	2524	2980	3247	419	29.48	1013.98	43.96	145905	AS7341	flash	5	100	999	10	100.0	0.0
2026-07-07T19:03:39.239	362	814	520	979	2382	2237	2524	2980	3246	419	29.48	1013.92	43.96	145652	AS7341	flash	5	100	999	10	100.0	0.0
2026-07-07T19:03:41.230	362	814	520	980	2381	2237	2524	2980	3246	419	29.46	1013.96	43.97	146033	AS7341	flash	5	100	999	10	100.0	0.0
2026-07-07T19:03:43.230	362	814	520	979	2382	2237	2524	2980	3247	419	29.46	1013.97	43.98	145778	AS7341	flash	5	100	999	10	100.0	0.0
2026-07-07T19:03:45.222	362	814	520	980	2382	2237	2525	2980	3247	419	29.46	1013.97	43.98	145652	AS7341	flash	5	100	999	10	100.0	0.0
2026-07-07T19:03:47.311	362	814	520	980	2383	2239	2526	2982	3248	419	29.43	1013.94	43.99	146160	AS7341	flash	5	100	999	10	100.0	0.0
2026-07-07T19:03:49.301	362	814	520	980	2383	2238	2525	2982	3248	419	29.44	1013.97	43.99	145525	AS7341	flash	5	100	999	10	100.0	0.0
2026-07-07T19:03:51.288	362	814	520	980	2383	2238	2525	2981	3247	419	29.43	1013.96	44.01	146672	AS7341	flash	5	100	999	10	100.0	0.0
2026-07-07T19:03:53.288	362	814	520	980	2383	2238	2526	2982	3248	419	29.42	1013.98	44.0	145778	AS7341	flash	5	100	999	10	100.0	0.0
2026-07-07T19:03:55.288	362	813	520	980	2384	2239	2527	2983	3249	419	29.43	1013.97	44.01	145905	AS7341	flash	5	100	999	10	100.0	0.0
2026-07-07T19:03:57.273	363	814	520	980	2383	2239	2526	2983	3248	419	29.42	1014.01	44.02	145905	AS7341	flash	5	100	999	10	100.0	0.0
2026-07-07T19:03:59.265	362	813	520	980	2383	2239	2526	2982	3248	419	29.41	1014.02	44.02	146033	AS7341	flash	5	100	999	10	100.0	0.0
2026-07-07T19:04:01.255	362	813	520	980	2383	2239	2526	2983	3248	419	29.4	1014.01	44.02	146801	AS7341	flash	5	100	999	10	100.0	0.0
2026-07-07T19:04:03.244	362	813	520	980	2383	2239	2527	2983	3248	419	29.4	1014.0	44.03	145905	AS7341	flash	5	100	999	10	100.0	0.0
2026-07-07T19:04:05.234	362	813	520	980	2384	2240	2527	2984	3249	419	29.39	1013.96	44.03	146160	AS7341	flash	5	100	999	10	100.0	0.0
2026-07-07T19:04:07.235	362	813	520	980	2384	2240	2528	2984	3250	419	29.39	1014.01	44.04	147188	AS7341	flash	5	100	999	10	100.0	0.0
2026-07-07T19:04:09.324	362	813	520	980	2384	2240	2528	2984	3250	419	29.37	1013.98	44.05	145147	AS7341	flash	5	100	999	10	100.0	0.0
2026-07-07T19:04:11.315	362	813	520	980	2384	2240	2528	2985	3250	419	29.37	1013.99	44.07	146672	AS7341	flash	5	100	999	10	100.0	0.0
2026-07-07T19:04:13.304	362	813	520	980	2385	2241	2529	2985	3251	419	29.37	1013.99	44.06	146288	AS7341	flash	5	100	999	10	100.0	0.0
2026-07-07T19:04:15.302	362	813	520	980	2385	2241	2528	2985	3250	419	29.36	1014.0	44.06	145905	AS7341	flash	5	100	999	10	100.0	0.0
2026-07-07T19:04:17.299	362	813	520	980	2385	2241	2529	2986	3251	420	29.35	1014.02	44.06	146544	AS7341	flash	5	100	999	10	100.0	0.0
2026-07-07T19:04:19.287	362	813	520	980	2385	2241	2529	2986	3251	420	29.35	1014.0	44.08	146544	AS7341	flash	5	100	999	10	100.0	0.0
2026-07-07T19:04:21.272	362	813	520	980	2385	2241	2529	2986	3251	420	29.34	1014.01	44.09	146033	AS7341	flash	5	100	999	10	100.0	0.0
2026-07-07T19:04:23.261	362	813	520	980	2385	2241	2530	2987	3251	420	29.34	1013.99	44.08	147577	AS7341	flash	5	100	999	10	100.0	0.0
2026-07-07T19:04:25.251	362	813	520	980	2385	2241	2529	2986	3250	419	29.34	1013.98	44.09	146416	AS7341	flash	5	100	999	10	100.0	0.0
2026-07-07T19:04:27.254	362	812	520	980	2385	2241	2529	2986	3250	419	29.33	1013.99	44.1	145905	AS7341	flash	5	100	999	10	100.0	0.0
2026-07-07T19:04:29.234	362	813	520	980	2385	2241	2530	2987	3251	419	29.32	1013.95	44.11	146672	AS7341	flash	5	100	999	10	100.0	0.0
2026-07-07T19:04:31.226	362	813	520	980	2385	2242	2530	2987	3251	420	29.32	1014.01	44.11	146416	AS7341	flash	5	100	999	10	100.0	0.0
2026-07-07T19:04:33.318	362	812	520	980	2386	2242	2531	2988	3251	420	29.3	1014.02	44.12	146416	AS7341	flash	5	100	999	10	100.0	0.0
2026-07-07T19:04:35.309	362	812	520	980	2386	2242	2531	2988	3252	420	29.3	1014.03	44.13	145905	AS7341	flash	5	100	999	10	100.0	0.0
2026-07-07T19:04:37.301	362	813	520	980	2386	2242	2531	2988	3252	420	29.3	1014.01	44.13	147058	AS7341	flash	5	100	999	10	100.0	0.0
2026-07-07T19:04:39.291	362	812	520	980	2386	2243	2531	2989	3252	420	29.29	1013.98	44.14	145905	AS7341	flash	5	100	999	10	100.0	0.0
2026-07-07T19:04:41.289	362	812	520	981	2387	2243	2532	2989	3253	420	29.29	1014.02	44.14	147317	AS7341	flash	5	100	999	10	100.0	0.0
2026-07-07T19:04:43.278	362	812	520	980	2386	2243	2531	2989	3252	420	29.28	1013.97	44.15	147188	AS7341	flash	5	100	999	10	100.0	0.0
2026-07-07T19:04:45.278	362	812	520	980	2387	2243	2532	2990	3253	420	29.28	1014.01	44.15	146801	AS7341	flash	5	100	999	10	100.0	0.0
2026-07-07T19:04:47.270	362	812	520	980	2386	2243	2532	2989	3253	420	29.26	1013.99	44.16	146929	AS7341	flash	5	100	999	10	100.0	0.0
2026-07-07T19:04:49.267	362	812	520	980	2387	2243	2533	2990	3253	420	29.25	1013.97	44.16	146929	AS7341	flash	5	100	999	10	100.0	0.0
2026-07-07T19:04:51.257	363	812	520	980	2387	2243	2532	2990	3253	420	29.25	1013.98	44.16	147188	AS7341	flash	5	100	999	10	100.0	0.0
2026-07-07T19:04:53.249	362	812	520	981	2387	2244	2533	2991	3254	420	29.24	1013.98	44.17	146160	AS7341	flash	5	100	999	10	100.0	0.0
2026-07-07T19:04:55.248	363	812	520	980	2387	2244	2533	2991	3254	420	29.24	1014.01	44.17	147447	AS7341	flash	5	100	999	10	100.0	0.0
2026-07-07T19:04:57.242	362	811	519	980	2387	2244	2533	2990	3253	420	29.23	1014.03	44.17	147837	AS7341	flash	5	100	999	10	100.0	0.0
2026-07-07T19:04:59.230	362	812	520	981	2387	2244	2533	2991	3254	420	29.23	1013.97	44.18	147447	AS7341	flash	5	100	999	10	100.0	0.0
2026-07-07T19:05:01.321	363	812	520	981	2388	2245	2534	2993	3255	420	29.22	1014.02	44.2	145905	AS7341	flash	5	100	999	10	100.0	0.0
2026-07-07T19:05:03.306	362	812	519	981	2387	2244	2533	2991	3254	420	29.22	1014.04	44.2	146160	AS7341	flash	5	100	999	10	100.0	0.0
2026-07-07T19:05:05.294	362	812	519	980	2387	2244	2534	2992	3254	420	29.21	1014.03	44.21	147447	AS7341	flash	5	100	999	10	100.0	0.0
2026-07-07T19:05:07.291	362	812	520	981	2388	2245	2534	2993	3255	420	29.21	1014.01	44.22	147447	AS7341	flash	5	100	999	10	100.0	0.0
2026-07-07T19:05:09.285	362	812	520	981	2389	2245	2535	2993	3256	420	29.2	1013.99	44.22	146801	AS7341	flash	5	100	999	10	100.0	0.0
2026-07-07T19:05:11.266	362	811	519	981	2388	2245	2534	2993	3255	420	29.2	1014.03	44.23	147577	AS7341	flash	5	100	999	10	100.0	0.0
2026-07-07T19:05:13.287	363	811	519	981	2388	2245	2535	2994	3256	420	29.19	1014.03	44.23	147447	AS7341	flash	5	100	999	10	100.0	0.0
2026-07-07T19:05:15.303	362	811	519	981	2388	2245	2535	2993	3255	420	29.19	1014.05	44.25	146544	AS7341	flash	5	100	999	10	100.0	0.0
2026-07-07T19:05:17.325	362	811	519	981	2388	2246	2535	2994	3255	420	29.18	1014.0	44.25	147188	AS7341	flash	5	100	999	10	100.0	0.0
2026-07-07T19:05:19.238	362	811	519	980	2388	2245	2536	2994	3255	420	29.18	1013.99	44.25	147447	AS7341	flash	5	100	999	10	100.0	0.0
2026-07-07T19:05:21.249	362	811	519	981	2389	2246	2536	2995	3256	420	29.17	1014.03	44.27	147707	AS7341	flash	5	100	999	10	100.0	0.0
2026-07-07T19:05:23.260	362	811	519	981	2389	2247	2536	2995	3257	420	29.17	1014.03	44.27	147837	AS7341	flash	5	100	999	10	100.0	0.0
2026-07-07T19:05:25.286	362	811	519	981	2390	2247	2537	2996	3257	420	29.16	1014.01	44.28	148099	AS7341	flash	5	100	999	10	100.0	0.0
2026-07-07T19:05:27.305	362	811	519	981	2389	2246	2536	2996	3257	420	29.15	1013.98	44.29	146416	AS7341	flash	5	100	999	10	0.0	0.0
2026-07-07T19:05:29.327	362	810	519	980	2388	2246	2539	3001	3258	420	29.18	1014.0	44.4	146416	AS7341	flash	5	100	999	10	0.0	0.0
2026-07-07T19:05:31.234	362	809	519	979	2387	2247	2543	3009	3261	421	29.2	1014.01	45.16	146416	AS7341	flash	5	100	999	10	0.0	0.0
2026-07-07T19:05:33.253	362	808	518	979	2387	2248	2547	3017	3264	421	29.2	1014.02	46.45	141708	AS7341	flash	5	100	999	10	0.0	0.0
2026-07-07T19:05:35.274	362	808	518	977	2384	2247	2549	3023	3264	421	29.21	1014.02	47.83	139816	AS7341	flash	5	100	999	10	0.0	0.0
2026-07-07T19:05:37.303	363	807	518	977	2383	2247	2552	3029	3265	421	29.22	1014.03	49.18	138658	AS7341	flash	5	100	999	10	0.0	0.0
2026-07-07T19:05:39.314	363	807	518	976	2380	2246	2553	3034	3265	421	29.22	1014.0	50.33	135298	AS7341	flash	5	100	999	10	0.0	0.0
2026-07-07T19:05:41.325	363	807	518	975	2378	2244	2554	3037	3264	421	29.23	1014.03	51.34	132097	AS7341	flash	5	100	999	10	0.0	0.0
2026-07-07T19:05:43.230	363	806	518	974	2375	2242	2555	3040	3264	421	29.23	1014.0	52.17	132202	AS7341	flash	5	100	999	10	0.0	0.0
2026-07-07T19:05:45.243	363	806	517	973	2372	2240	2555	3042	3262	421	29.23	1014.01	52.93	129543	AS7341	flash	5	100	999	10	0.0	0.0
2026-07-07T19:05:47.258	362	806	517	972	2370	2239	2555	3045	3262	421	29.24	1014.02	53.59	127862	AS7341	flash	5	100	999	10	0.0	0.0
2026-07-07T19:05:49.276	363	806	517	971	2368	2237	2555	3047	3261	421	29.23	1014.05	54.15	126701	AS7341	flash	5	100	999	10	0.0	0.0
2026-07-07T19:05:51.299	363	807	518	971	2366	2235	2554	3047	3259	421	29.23	1014.01	54.62	125374	AS7341	flash	5	100	999	10	100.0	0.0
2026-07-07T19:05:53.321	362	808	518	970	2363	2230	2547	3038	3253	420	29.18	1014.02	54.15	126606	AS7341	flash	5	100	999	10	100.0	0.0
2026-07-07T19:05:55.228	362	809	518	969	2359	2225	2539	3028	3246	420	29.18	1014.04	52.64	130046	AS7341	flash	5	100	999	10	100.0	0.0
2026-07-07T19:05:57.244	362	811	518	969	2357	2222	2533	3019	3242	419	29.16	1014.09	51.02	132515	AS7341	flash	5	100	999	10	100.0	0.0
2026-07-07T19:05:59.274	362	812	518	969	2356	2219	2529	3012	3240	419	29.15	1014.05	49.69	134214	AS7341	flash	5	100	999	10	100.0	0.0
2026-07-07T19:06:01.302	361	813	519	969	2354	2217	2524	3006	3236	419	29.14	1014.03	48.62	135189	AS7341	flash	5	100	999	10	100.0	0.0
2026-07-07T19:06:03.330	361	814	519	969	2354	2216	2521	3001	3234	418	29.13	1014.05	47.83	135737	AS7341	flash	5	100	999	10	100.0	0.0
2026-07-07T19:06:05.234	361	814	519	969	2354	2216	2519	2997	3233	418	29.14	1014.07	47.23	138201	AS7341	flash	5	100	999	10	100.0	0.0
2026-07-07T19:06:07.261	361	815	519	970	2355	2216	2519	2995	3234	418	29.12	1014.08	46.75	139119	AS7341	flash	5	100	999	10	100.0	0.0
2026-07-07T19:06:09.271	361	815	519	970	2355	2216	2517	2992	3232	418	29.11	1014.09	46.4	139933	AS7341	flash	5	100	999	10	100.0	0.0
2026-07-07T19:06:11.287	361	815	519	970	2356	2216	2516	2990	3232	418	29.11	1014.1	46.1	139933	AS7341	flash	5	100	999	10	100.0	0.0
2026-07-07T19:06:13.309	361	815	519	971	2357	2217	2516	2989	3233	418	29.1	1014.06	45.88	141708	AS7341	flash	5	100	999	10	100.0	0.0
2026-07-07T19:06:15.323	361	815	519	971	2357	2217	2516	2987	3232	418	29.09	1014.07	45.71	142190	AS7341	flash	5	100	999	10	100.0	0.0
2026-07-07T19:06:17.337	361	815	519	971	2358	2217	2515	2986	3232	418	29.08	1014.06	45.57	142069	AS7341	flash	5	100	999	10	100.0	0.0
2026-07-07T19:06:19.244	361	815	519	971	2359	2218	2516	2986	3233	418	29.08	1014.08	45.46	143162	AS7341	flash	5	100	999	10	100.0	0.0
2026-07-07T19:06:21.270	361	816	519	972	2360	2219	2516	2985	3234	418	29.08	1014.08	45.36	143162	AS7341	flash	5	100	999	10	100.0	0.0
2026-07-07T19:06:23.289	361	815	519	972	2361	2220	2516	2985	3234	418	29.06	1014.04	45.28	143407	AS7341	flash	5	100	999	10	100.0	0.0
2026-07-07T19:06:25.315	361	816	519	973	2363	2222	2518	2986	3236	418	29.06	1014.09	45.22	142553	AS7341	flash	5	100	999	10	100.0	0.0
2026-07-07T19:06:27.321	361	815	519	973	2364	2223	2518	2986	3237	418	29.05	1014.05	45.17	143162	AS7341	flash	5	100	999	10	100.0	0.0
2026-07-07T19:06:29.239	361	815	519	973	2364	2223	2518	2986	3237	418	29.05	1014.08	45.12	145021	AS7341	flash	5	100	999	10	100.0	0.0
2026-07-07T19:06:31.263	361	815	519	973	2366	2224	2519	2987	3238	419	29.04	1014.08	45.07	144148	AS7341	flash	5	100	999	10	100.0	0.0
2026-07-07T19:06:33.290	361	815	519	973	2367	2225	2520	2986	3238	418	29.04	1014.1	45.04	144272	AS7341	flash	5	100	999	10	100.0	0.0
2026-07-07T19:06:35.314	361	815	519	974	2368	2227	2521	2988	3240	419	29.03	1014.09	45.02	145399	AS7341	flash	5	100	999	10	100.0	0.0
2026-07-07T19:06:37.329	361	815	519	974	2369	2227	2521	2988	3241	419	29.02	1014.07	44.99	144148	AS7341	flash	5	100	999	10	100.0	0.0
2026-07-07T19:06:39.236	361	814	519	974	2369	2228	2521	2987	3241	419	29.02	1014.15	44.97	145273	AS7341	flash	5	100	999	10	100.0	0.0
2026-07-07T19:06:41.248	361	814	519	975	2370	2228	2522	2988	3241	419	29.01	1014.1	44.95	145147	AS7341	flash	5	100	999	10	100.0	0.0
2026-07-07T19:06:43.262	362	814	519	975	2371	2230	2524	2990	3243	419	29.01	1014.09	44.93	146288	AS7341	flash	5	100	999	10	100.0	0.0
2026-07-07T19:06:45.286	362	814	519	975	2372	2230	2524	2989	3243	419	29.0	1014.09	44.93	145525	AS7341	flash	5	100	999	10	100.0	0.0
2026-07-07T19:06:47.299	362	814	519	975	2372	2231	2525	2990	3244	419	28.99	1014.08	44.9	145778	AS7341	flash	5	100	999	10	100.0	0.0
2026-07-07T19:06:49.324	362	814	519	976	2373	2232	2525	2990	3244	419	28.99	1014.09	44.89	145273	AS7341	flash	5	100	999	10	100.0	0.0
2026-07-07T19:06:51.236	361	813	519	975	2374	2232	2526	2990	3245	419	28.99	1014.05	44.89	146929	AS7341	flash	5	100	999	10	100.0	0.0
2026-07-07T19:06:53.250	362	813	519	976	2375	2233	2526	2991	3245	419	28.98	1014.08	44.87	146288	AS7341	flash	5	100	999	10	100.0	0.0
2026-07-07T19:06:55.274	362	813	519	976	2375	2234	2528	2992	3246	420	28.97	1014.09	44.87	146033	AS7341	flash	5	100	999	10	0.0	0.0
2026-07-07T19:06:57.292	362	812	519	976	2375	2235	2530	2998	3248	420	28.98	1014.08	44.92	145525	AS7341	flash	5	100	999	10	0.0	0.0
2026-07-07T19:06:59.314	362	811	519	975	2374	2236	2534	3005	3251	420	29.01	1014.05	45.65	143653	AS7341	flash	5	100	999	10	0.0	0.0
2026-07-07T19:07:01.334	362	810	518	975	2375	2237	2539	3013	3254	420	29.02	1014.09	46.87	141469	AS7341	flash	5	100	999	10	0.0	0.0
2026-07-07T19:07:03.239	362	810	518	974	2373	2237	2541	3018	3255	420	29.04	1014.11	48.11	140520	AS7341	flash	5	100	999	10	0.0	0.0
2026-07-07T19:07:05.269	362	809	518	974	2372	2237	2545	3025	3257	421	29.03	1014.09	49.37	137520	AS7341	flash	5	100	999	10	0.0	0.0
2026-07-07T19:07:07.283	362	809	518	973	2370	2236	2546	3030	3257	421	29.03	1014.05	50.49	135517	AS7341	flash	5	100	999	10	0.0	0.0
2026-07-07T19:07:09.311	362	808	518	972	2368	2235	2547	3033	3256	421	29.04	1014.08	51.47	133147	AS7341	flash	5	100	999	10	0.0	0.0
2026-07-07T19:07:11.333	362	808	517	971	2366	2234	2549	3038	3257	421	29.03	1014.04	52.3	131372	AS7341	flash	5	100	999	10	0.0	0.0
2026-07-07T19:07:13.244	362	807	517	970	2364	2233	2549	3040	3256	421	29.06	1014.08	52.98	130248	AS7341	flash	5	100	999	10	100.0	0.0
2026-07-07T19:07:15.259	362	808	518	970	2363	2231	2548	3040	3255	421	29.04	1014.09	53.59	129243	AS7341	flash	5	100	999	10	100.0	0.0
2026-07-07T19:07:17.264	363	809	518	970	2361	2228	2543	3032	3250	420	29.0	1014.11	53.12	130553	AS7341	flash	5	100	999	10	100.0	0.0
2026-07-07T19:07:19.286	362	810	518	969	2358	2224	2537	3024	3245	420	28.99	1014.11	51.71	133147	AS7341	flash	5	100	999	10	100.0	0.0
2026-07-07T19:07:21.299	362	812	518	969	2357	2222	2532	3017	3242	419	28.98	1014.12	50.33	135737	AS7341	flash	5	100	999	10	100.0	0.0
2026-07-07T19:07:23.323	362	813	518	969	2356	2220	2529	3011	3239	419	28.97	1014.12	49.18	135737	AS7341	flash	5	100	999	10	100.0	0.0
2026-07-07T19:07:25.338	361	813	518	969	2355	2219	2526	3006	3237	419	28.96	1014.12	48.27	138201	AS7341	flash	5	100	999	10	100.0	0.0
2026-07-07T19:07:27.255	361	814	518	969	2355	2217	2522	3002	3235	419	28.97	1014.13	47.62	139933	AS7341	flash	5	100	999	10	100.0	0.0
2026-07-07T19:07:29.276	361	814	519	970	2356	2218	2522	3000	3236	419	28.95	1014.15	47.08	139583	AS7341	flash	5	100	999	10	100.0	0.0
2026-07-07T19:07:31.296	361	815	519	970	2356	2218	2520	2997	3235	418	28.94	1014.14	46.66	141469	AS7341	flash	5	100	999	10	100.0	0.0
2026-07-07T19:07:33.315	361	815	519	970	2357	2219	2521	2996	3235	419	28.93	1014.12	46.35	140993	AS7341	flash	5	100	999	10	100.0	0.0
2026-07-07T19:07:35.339	361	815	519	971	2357	2219	2520	2994	3235	418	28.93	1014.14	46.11	142310	AS7341	flash	5	100	999	10	100.0	0.0
2026-07-07T19:07:37.245	361	815	519	971	2358	2219	2519	2992	3234	418	28.92	1014.1	45.92	143040	AS7341	flash	5	100	999	10	100.0	0.0
2026-07-07T19:07:39.259	361	815	519	971	2359	2219	2519	2991	3235	418	28.91	1014.13	45.75	143530	AS7341	flash	5	100	999	10	100.0	0.0
2026-07-07T19:07:41.282	361	815	519	971	2360	2220	2519	2990	3235	418	28.91	1014.1	45.64	144645	AS7341	flash	5	100	999	10	100.0	0.0
2026-07-07T19:07:43.313	361	815	519	972	2361	2222	2520	2991	3237	419	28.9	1014.05	45.53	144396	AS7341	flash	5	100	999	10	100.0	0.0
2026-07-07T19:07:45.335	361	815	519	972	2363	2223	2520	2991	3238	419	28.89	1014.12	45.46	144148	AS7341	flash	5	100	999	10	100.0	0.0
2026-07-07T19:07:47.248	361	815	519	972	2363	2223	2520	2990	3237	419	28.89	1014.12	45.39	146160	AS7341	flash	5	100	999	10	100.0	0.0
2026-07-07T19:07:49.274	361	815	519	973	2365	2225	2522	2992	3239	419	28.88	1014.1	45.33	145147	AS7341	flash	5	100	999	10	100.0	0.0
2026-07-07T19:07:51.286	361	814	519	973	2365	2225	2522	2991	3239	419	28.87	1014.12	45.3	145147	AS7341	flash	5	100	999	10	100.0	0.0
2026-07-07T19:07:53.298	361	814	519	973	2366	2226	2523	2991	3240	419	28.87	1014.12	45.26	145399	AS7341	flash	5	100	999	10	100.0	0.0
2026-07-07T19:07:55.312	361	814	519	974	2367	2227	2524	2992	3241	419	28.87	1014.13	45.23	145399	AS7341	flash	5	100	999	10	100.0	0.0
2026-07-07T19:07:57.331	361	814	519	974	2368	2228	2524	2992	3241	419	28.86	1014.12	45.18	146416	AS7341	flash	5	100	999	10	100.0	0.0
2026-07-07T19:07:59.242	361	814	519	974	2368	2228	2524	2992	3242	419	28.87	1014.13	45.17	146672	AS7341	flash	5	100	999	10	100.0	0.0
2026-07-07T19:08:01.263	361	813	519	974	2369	2229	2525	2992	3242	419	28.85	1014.1	45.14	146416	AS7341	flash	5	100	999	10	100.0	0.0
2026-07-07T19:08:03.283	362	814	519	975	2371	2230	2526	2993	3243	419	28.84	1014.12	45.12	146033	AS7341	flash	5	100	999	10	100.0	0.0
2026-07-07T19:08:05.305	362	813	519	975	2372	2232	2527	2995	3245	419	28.84	1014.1	45.11	146672	AS7341	flash	5	100	999	10	100.0	0.0
2026-07-07T19:08:07.327	362	813	519	975	2373	2233	2528	2996	3246	420	28.83	1014.08	45.1	146672	AS7341	flash	5	100	999	10	100.0	0.0
2026-07-07T19:08:09.235	362	813	519	975	2373	2233	2528	2995	3246	419	28.84	1014.09	45.08	148099	AS7341	flash	5	100	999	10	100.0	0.0
2026-07-07T19:08:11.249	362	813	519	976	2374	2234	2529	2996	3247	420	28.83	1014.08	45.07	147058	AS7341	flash	5	100	999	10	100.0	0.0
2026-07-07T19:08:13.266	362	813	519	976	2375	2235	2530	2996	3248	420	28.82	1014.1	45.05	146544	AS7341	flash	5	100	999	10	100.0	0.0
2026-07-07T19:08:15.283	362	813	519	977	2377	2236	2531	2998	3250	420	28.81	1014.09	45.04	147058	AS7341	flash	5	100	999	10	100.0	0.0
2026-07-07T19:08:17.304	362	813	519	976	2377	2236	2532	2998	3250	420	28.81	1014.11	45.04	146672	AS7341	flash	5	100	999	10	100.0	0.0
2026-07-07T19:08:19.329	362	812	519	977	2378	2238	2533	3000	3252	420	28.8	1014.1	45.03	146672	AS7341	flash	5	100	999	10	100.0	0.0
2026-07-07T19:08:21.242	362	812	519	976	2378	2238	2533	2999	3251	420	28.81	1014.1	45.02	147968	AS7341	flash	5	100	999	10	100.0	0.0
2026-07-07T19:08:23.265	362	812	519	977	2379	2239	2534	3000	3252	420	28.79	1014.08	45.01	147447	AS7341	flash	5	100	999	10	100.0	0.0
2026-07-07T19:08:25.277	362	812	519	977	2380	2239	2534	3001	3252	420	28.79	1014.1	45.0	147707	AS7341	flash	5	100	999	10	100.0	0.0
2026-07-07T19:08:27.289	362	812	519	978	2381	2240	2535	3001	3254	420	28.78	1014.11	45.0	148361	AS7341	flash	5	100	999	10	100.0	0.0
2026-07-07T19:08:29.315	362	812	519	978	2382	2241	2536	3003	3255	420	28.78	1014.11	44.99	147447	AS7341	flash	5	100	999	10	100.0	0.0
2026-07-07T19:08:31.332	362	812	519	978	2381	2241	2536	3002	3254	420	28.77	1014.12	45.0	147707	AS7341	flash	5	100	999	10	100.0	0.0
2026-07-07T19:08:33.244	362	812	519	978	2382	2242	2536	3002	3254	420	28.78	1014.14	45.0	148492	AS7341	flash	5	100	999	10	100.0	0.0
2026-07-07T19:08:35.264	362	812	519	978	2383	2243	2538	3003	3256	421	28.77	1014.1	45.0	148230	AS7341	flash	5	100	999	10	100.0	0.0
2026-07-07T19:08:37.286	362	811	519	978	2383	2243	2538	3004	3256	420	28.76	1014.1	44.98	148099	AS7341	flash	5	100	999	10	0.0	0.0
2026-07-07T19:08:39.302	362	811	519	978	2383	2244	2540	3008	3257	421	28.77	1014.09	45.01	147837	AS7341	flash	5	100	999	10	0.0	0.0
2026-07-07T19:08:41.312	362	810	519	977	2383	2245	2545	3016	3261	421	28.8	1014.1	45.58	145778	AS7341	flash	5	100	999	10	0.0	0.0
2026-07-07T19:08:43.331	362	809	518	977	2382	2245	2548	3023	3263	421	28.81	1014.13	46.69	144521	AS7341	flash	5	100	999	10	0.0	0.0
2026-07-07T19:08:45.241	362	808	518	976	2381	2245	2550	3028	3264	421	28.82	1014.11	47.88	142796	AS7341	flash	5	100	999	10	0.0	0.0
2026-07-07T19:08:47.261	363	808	518	975	2379	2245	2553	3034	3265	422	28.82	1014.17	49.09	141231	AS7341	flash	5	100	999	10	0.0	0.0
2026-07-07T19:08:49.286	364	807	518	975	2378	2245	2556	3039	3266	422	28.82	1014.09	50.14	137520	AS7341	flash	5	100	999	10	0.0	0.0
2026-07-07T19:08:51.304	362	806	517	974	2376	2243	2556	3042	3265	422	28.82	1014.11	51.09	135737	AS7341	flash	5	100	999	10	0.0	0.0
2026-07-07T19:08:53.326	363	806	517	973	2374	2242	2558	3046	3265	422	28.83	1014.14	51.9	133785	AS7341	flash	5	100	999	10	0.0	0.0
2026-07-07T19:08:55.334	363	806	517	972	2373	2242	2559	3050	3265	422	28.83	1014.12	52.59	132411	AS7341	flash	5	100	999	10	0.0	0.0
2026-07-07T19:08:57.345	364	806	517	972	2371	2241	2560	3053	3266	422	28.84	1014.11	53.19	131166	AS7341	flash	5	100	999	10	0.0	0.0
2026-07-07T19:08:59.267	362	806	517	970	2368	2238	2558	3053	3263	422	28.84	1014.08	53.68	130757	AS7341	flash	5	100	999	10	0.0	0.0
2026-07-07T19:09:01.276	363	806	517	970	2367	2237	2559	3056	3263	422	28.85	1014.11	54.15	129144	AS7341	flash	5	100	999	10	100.0	0.0
2026-07-07T19:09:03.288	363	806	517	969	2364	2234	2556	3052	3259	421	28.82	1014.08	54.5	128846	AS7341	flash	5	100	999	10	100.0	0.0
2026-07-07T19:09:05.304	362	808	517	969	2362	2231	2550	3044	3255	421	28.79	1014.09	53.61	130451	AS7341	flash	5	100	999	10	100.0	0.0
2026-07-07T19:09:07.321	362	809	517	969	2358	2226	2543	3034	3249	420	28.78	1014.07	52.1	132515	AS7341	flash	5	100	999	10	100.0	0.0
2026-07-07T19:09:09.352	362	810	518	969	2357	2224	2538	3028	3246	420	28.77	1014.1	50.69	135627	AS7341	flash	5	100	999	10	100.0	0.0
2026-07-07T19:09:11.260	362	811	518	968	2356	2222	2534	3021	3243	420	28.76	1014.1	49.59	137182	AS7341	flash	5	100	999	10	100.0	0.0
2026-07-07T19:09:13.283	362	812	518	969	2356	2221	2531	3017	3241	419	28.75	1014.09	48.67	137973	AS7341	flash	5	100	999	10	100.0	0.0
2026-07-07T19:09:15.299	362	813	518	969	2356	2220	2529	3013	3240	419	28.75	1014.12	47.96	139933	AS7341	flash	5	100	999	10	100.0	0.0
2026-07-07T19:09:17.319	362	813	518	969	2356	2219	2527	3009	3239	419	28.74	1014.12	47.43	140050	AS7341	flash	5	100	999	10	100.0	0.0
2026-07-07T19:09:19.348	361	813	518	969	2356	2220	2526	3006	3238	419	28.73	1014.11	47.02	141112	AS7341	flash	5	100	999	10	100.0	0.0
2026-07-07T19:09:21.262	362	814	518	970	2356	2219	2524	3004	3237	419	28.74	1014.13	46.71	142553	AS7341	flash	5	100	999	10	100.0	0.0
2026-07-07T19:09:23.278	361	814	518	970	2357	2220	2524	3002	3238	419	28.72	1014.12	46.45	142918	AS7341	flash	5	100	999	10	100.0	0.0
2026-07-07T19:09:25.356	362	814	519	970	2359	2221	2525	3002	3238	419	28.71	1014.09	46.24	143407	AS7341	flash	5	100	999	10	100.0	0.0
2026-07-07T19:09:27.359	361	814	519	971	2360	2222	2524	3001	3239	419	28.71	1014.13	46.08	143284	AS7341	flash	5	100	999	10	100.0	0.0
2026-07-07T19:09:29.268	361	814	518	971	2360	2221	2523	2999	3238	419	28.7	1014.1	45.95	144645	AS7341	flash	5	100	999	10	100.0	0.0
2026-07-07T19:09:31.295	362	814	519	971	2362	2224	2525	3000	3240	419	28.69	1014.1	45.84	144645	AS7341	flash	5	100	999	10	100.0	0.0
2026-07-07T19:09:33.323	361	814	519	972	2363	2225	2526	3000	3241	419	28.69	1014.13	45.76	144645	AS7341	flash	5	100	999	10	100.0	0.0
2026-07-07T19:09:35.342	361	814	519	972	2364	2225	2526	2999	3241	419	28.69	1014.14	45.69	145147	AS7341	flash	5	100	999	10	100.0	0.0
2026-07-07T19:09:37.258	362	814	519	972	2364	2226	2526	2998	3241	419	28.69	1014.12	45.63	146160	AS7341	flash	5	100	999	10	100.0	0.0
2026-07-07T19:09:39.282	361	814	519	973	2366	2227	2527	2999	3243	419	28.68	1014.15	45.56	146288	AS7341	flash	5	100	999	10	100.0	0.0
2026-07-07T19:09:41.295	361	814	518	973	2367	2228	2527	2999	3243	419	28.67	1014.15	45.52	146416	AS7341	flash	5	100	999	10	100.0	0.0
2026-07-07T19:09:43.315	362	814	519	974	2368	2229	2528	3000	3245	419	28.67	1014.12	45.49	146033	AS7341	flash	5	100	999	10	100.0	0.0
2026-07-07T19:09:45.331	362	813	519	974	2369	2231	2529	3000	3246	420	28.66	1014.14	45.46	146160	AS7341	flash	5	100	999	10	100.0	0.0
2026-07-07T19:09:47.354	362	813	519	974	2370	2231	2530	3001	3246	420	28.66	1014.14	45.42	146929	AS7341	flash	5	100	999	10	100.0	0.0
2026-07-07T19:09:49.272	362	813	519	974	2371	2231	2530	3000	3246	420	28.65	1014.1	45.39	146801	AS7341	flash	5	100	999	10	100.0	0.0
2026-07-07T19:09:51.283	362	813	519	974	2372	2233	2531	3001	3247	420	28.64	1014.15	45.38	146801	AS7341	flash	5	100	999	10	100.0	0.0
2026-07-07T19:09:53.305	362	813	519	975	2373	2234	2532	3003	3249	420	28.64	1014.13	45.36	147317	AS7341	flash	5	100	999	10	100.0	0.0
2026-07-07T19:09:55.328	362	813	518	975	2374	2235	2533	3002	3250	420	28.64	1014.15	45.35	147968	AS7341	flash	5	100	999	10	100.0	0.0
2026-07-07T19:09:57.340	362	812	518	975	2375	2236	2534	3004	3251	420	28.62	1014.14	45.33	147317	AS7341	flash	5	100	999	10	100.0	0.0
2026-07-07T19:09:59.248	362	812	519	975	2375	2236	2534	3003	3250	420	28.63	1014.15	45.32	147707	AS7341	flash	5	100	999	10	100.0	0.0
2026-07-07T19:10:01.263	362	812	519	976	2377	2238	2536	3005	3253	420	28.62	1014.12	45.31	147968	AS7341	flash	5	100	999	10	100.0	0.0
2026-07-07T19:10:03.277	362	812	519	976	2377	2238	2536	3005	3252	420	28.61	1014.17	45.29	148492	AS7341	flash	5	100	999	10	100.0	0.0
2026-07-07T19:10:05.290	362	812	519	976	2379	2239	2537	3006	3254	421	28.6	1014.1	45.29	147968	AS7341	flash	5	100	999	10	100.0	0.0
2026-07-07T19:10:07.316	362	812	519	977	2379	2240	2538	3007	3255	421	28.6	1014.16	45.27	147317	AS7341	flash	5	100	999	10	100.0	0.0
2026-07-07T19:10:09.335	362	812	519	977	2380	2241	2538	3007	3255	421	28.59	1014.15	45.27	148361	AS7341	flash	5	100	999	10	100.0	0.0
2026-07-07T19:10:11.351	363	811	518	977	2380	2241	2539	3007	3255	421	28.59	1014.13	45.27	147968	AS7341	flash	5	100	999	10	100.0	0.0
2026-07-07T19:10:13.361	362	811	519	977	2381	2242	2540	3008	3256	421	28.58	1014.13	45.25	148230	AS7341	flash	5	100	999	10	100.0	0.0
2026-07-07T19:10:15.376	362	811	519	977	2382	2243	2541	3009	3258	421	28.58	1014.14	45.26	148492	AS7341	flash	5	100	999	10	100.0	0.0
2026-07-07T19:10:17.294	362	811	519	977	2382	2244	2541	3009	3258	421	28.59	1014.15	45.25	148230	AS7341	flash	5	100	999	10	100.0	0.0
2026-07-07T19:10:19.304	362	811	519	978	2383	2244	2541	3009	3258	421	28.58	1014.13	45.24	148888	AS7341	flash	5	100	999	10	100.0	0.0
2026-07-07T19:10:21.325	362	811	518	978	2384	2245	2543	3011	3260	421	28.57	1014.11	45.23	148756	AS7341	flash	5	100	999	10	0.0	0.0
2026-07-07T19:10:23.340	362	810	518	978	2383	2245	2545	3016	3261	421	28.6	1014.13	45.29	148230	AS7341	flash	5	100	999	10	0.0	0.0
2026-07-07T19:10:25.363	362	809	518	977	2383	2247	2549	3023	3263	421	28.61	1014.14	45.98	145905	AS7341	flash	5	100	999	10	0.0	0.0
2026-07-07T19:10:27.270	362	808	518	976	2382	2247	2552	3029	3265	422	28.63	1014.15	47.0	145021	AS7341	flash	5	100	999	10	0.0	0.0
2026-07-07T19:10:29.282	362	807	518	976	2381	2247	2555	3034	3266	422	28.63	1014.12	48.16	142069	AS7341	flash	5	100	999	10	0.0	0.0
2026-07-07T19:10:31.299	363	807	518	976	2381	2248	2558	3041	3268	422	28.63	1014.12	49.29	140050	AS7341	flash	5	100	999	10	0.0	0.0
2026-07-07T19:10:33.311	363	807	518	975	2380	2248	2561	3046	3270	422	28.65	1014.14	50.28	138087	AS7341	flash	5	100	999	10	0.0	0.0
2026-07-07T19:10:35.324	363	806	517	974	2378	2247	2561	3049	3269	422	28.65	1014.14	51.13	135957	AS7341	flash	5	100	999	10	0.0	0.0
2026-07-07T19:10:37.343	363	806	517	973	2376	2245	2562	3052	3268	422	28.65	1014.14	51.93	134646	AS7341	flash	5	100	999	10	0.0	0.0
2026-07-07T19:10:39.365	363	805	517	973	2374	2244	2563	3055	3268	422	28.65	1014.12	52.59	133892	AS7341	flash	5	100	999	10	0.0	0.0
2026-07-07T19:10:41.379	364	805	517	972	2373	2243	2564	3058	3268	422	28.65	1014.09	53.18	132411	AS7341	flash	5	100	999	10	0.0	0.0
2026-07-07T19:10:43.283	363	805	517	971	2371	2242	2564	3061	3268	422	28.66	1014.14	53.66	131269	AS7341	flash	5	100	999	10	0.0	0.0
2026-07-07T19:10:45.295	363	805	517	970	2369	2240	2564	3062	3266	422	28.66	1014.15	54.07	130046	AS7341	flash	5	100	999	10	0.0	0.0
2026-07-07T19:10:47.307	363	805	517	970	2367	2239	2563	3064	3265	422	28.66	1014.16	54.44	128846	AS7341	flash	5	100	999	10	0.0	0.0
2026-07-07T19:10:49.326	363	805	517	969	2365	2237	2563	3065	3264	422	28.67	1014.16	54.83	128648	AS7341	flash	5	100	999	10	0.0	0.0
2026-07-07T19:10:51.339	363	805	516	968	2363	2235	2562	3066	3263	422	28.66	1014.14	55.13	126893	AS7341	flash	5	100	999	10	0.0	0.0
2026-07-07T19:10:53.356	362	805	516	967	2361	2233	2561	3067	3262	422	28.66	1014.14	55.43	126701	AS7341	flash	5	100	999	10	0.0	0.0
2026-07-07T19:10:55.373	362	805	516	967	2359	2232	2561	3068	3261	422	28.67	1014.14	55.68	125750	AS7341	flash	5	100	999	10	0.0	0.0
2026-07-07T19:10:57.284	362	805	516	966	2357	2230	2559	3068	3259	422	28.68	1014.15	55.9	126034	AS7341	flash	5	100	999	10	0.0	0.0
2026-07-07T19:10:59.301	363	805	516	965	2355	2228	2559	3069	3259	422	28.67	1014.13	56.09	124535	AS7341	flash	5	100	999	10	0.0	0.0
2026-07-07T19:11:01.314	362	805	516	965	2353	2226	2558	3069	3257	422	28.67	1014.16	56.33	124627	AS7341	flash	5	100	999	10	0.0	0.0
2026-07-07T19:11:03.334	362	806	516	964	2352	2225	2556	3069	3256	421	28.67	1014.19	56.53	122980	AS7341	flash	5	100	999	10	100.0	0.0
2026-07-07T19:11:05.355	362	807	516	963	2349	2220	2550	3060	3250	421	28.64	1014.17	56.13	124166	AS7341	flash	5	100	999	10	100.0	0.0
2026-07-07T19:11:07.381	362	809	517	963	2346	2217	2543	3050	3245	420	28.61	1014.14	54.5	126797	AS7341	flash	5	100	999	10	100.0	0.0
2026-07-07T19:11:09.295	362	811	517	963	2343	2212	2536	3040	3239	420	28.6	1014.13	52.9	130553	AS7341	flash	5	100	999	10	100.0	0.0
2026-07-07T19:11:11.310	361	812	517	963	2342	2210	2531	3032	3236	419	28.59	1014.12	51.44	131889	AS7341	flash	5	100	999	10	100.0	0.0
2026-07-07T19:11:13.327	361	813	518	963	2340	2208	2526	3025	3233	419	28.58	1014.14	50.29	133466	AS7341	flash	5	100	999	10	100.0	0.0
2026-07-07T19:11:15.341	361	814	518	963	2340	2206	2523	3019	3230	419	28.58	1014.13	49.39	135957	AS7341	flash	5	100	999	10	100.0	0.0
2026-07-07T19:11:17.356	361	815	518	963	2340	2206	2521	3015	3229	418	28.56	1014.14	48.68	137182	AS7341	flash	5	100	999	10	100.0	0.0
2026-07-07T19:11:19.371	361	816	518	964	2341	2206	2519	3011	3229	418	28.56	1014.13	48.12	137746	AS7341	flash	5	100	999	10	100.0	0.0
2026-07-07T19:11:21.272	361	816	518	964	2340	2205	2517	3007	3226	418	28.57	1014.15	47.7	139933	AS7341	flash	5	100	999	10	100.0	0.0
2026-07-07T19:11:23.286	362	816	518	965	2341	2206	2516	3004	3227	418	28.55	1014.12	47.35	140993	AS7341	flash	5	100	999	10	100.0	0.0
2026-07-07T19:11:25.293	361	816	518	965	2342	2207	2516	3002	3227	418	28.55	1014.14	47.06	141231	AS7341	flash	5	100	999	10	100.0	0.0
2026-07-07T19:11:27.310	361	816	518	965	2344	2208	2516	3001	3228	418	28.54	1014.16	46.84	141231	AS7341	flash	5	100	999	10	100.0	0.0
2026-07-07T19:11:29.325	361	817	519	966	2346	2209	2517	3001	3229	418	28.54	1014.12	46.66	142431	AS7341	flash	5	100	999	10	100.0	0.0
2026-07-07T19:11:31.344	361	816	518	966	2347	2210	2517	2999	3229	418	28.52	1014.1	46.5	142918	AS7341	flash	5	100	999	10	100.0	0.0
2026-07-07T19:11:33.374	361	816	519	967	2349	2212	2518	3000	3231	418	28.51	1014.11	46.39	143040	AS7341	flash	5	100	999	10	100.0	0.0
2026-07-07T19:11:35.279	361	816	519	967	2349	2213	2518	2998	3231	418	28.52	1014.09	46.28	144645	AS7341	flash	5	100	999	10	100.0	0.0
2026-07-07T19:11:37.308	361	816	519	968	2351	2214	2518	2998	3232	418	28.5	1014.08	46.18	144148	AS7341	flash	5	100	999	10	100.0	0.0
2026-07-07T19:11:39.319	361	816	519	969	2353	2216	2520	2999	3234	419	28.5	1014.11	46.12	144396	AS7341	flash	5	100	999	10	100.0	0.0
2026-07-07T19:11:41.332	361	816	518	969	2354	2217	2521	2999	3235	419	28.49	1014.08	46.06	145147	AS7341	flash	5	100	999	10	100.0	0.0
2026-07-07T19:11:43.349	362	816	519	969	2356	2218	2521	2999	3236	419	28.49	1014.1	45.99	145652	AS7341	flash	5	100	999	10	100.0	0.0
2026-07-07T19:11:45.362	361	815	519	969	2356	2219	2522	2998	3236	419	28.48	1014.11	45.93	145399	AS7341	flash	5	100	999	10	100.0	0.0
2026-07-07T19:11:47.379	362	815	519	970	2359	2221	2523	3000	3238	419	28.48	1014.12	45.9	145147	AS7341	flash	5	100	999	10	100.0	0.0
2026-07-07T19:11:49.295	361	815	519	971	2360	2222	2524	3000	3239	419	28.49	1014.15	45.86	146288	AS7341	flash	5	100	999	10	100.0	0.0
2026-07-07T19:11:51.306	361	815	519	971	2362	2224	2525	3001	3241	419	28.47	1014.12	45.8	146416	AS7341	flash	5	100	999	10	100.0	0.0
2026-07-07T19:11:53.321	361	815	519	971	2362	2225	2526	3001	3241	419	28.46	1014.15	45.78	146416	AS7341	flash	5	100	999	10	100.0	0.0
2026-07-07T19:11:55.339	362	814	519	972	2364	2226	2527	3002	3242	419	28.46	1014.16	45.74	147188	AS7341	flash	5	100	999	10	100.0	0.0
2026-07-07T19:11:57.363	363	814	519	972	2365	2228	2528	3003	3243	420	28.45	1014.13	45.73	147058	AS7341	flash	5	100	999	10	100.0	0.0
2026-07-07T19:11:59.377	362	814	519	973	2367	2229	2530	3004	3245	420	28.45	1014.12	45.71	146929	AS7341	flash	5	100	999	10	100.0	0.0
2026-07-07T19:12:01.280	362	814	519	973	2367	2229	2530	3003	3246	420	28.46	1014.1	45.68	148099	AS7341	flash	5	100	999	10	100.0	0.0
2026-07-07T19:12:03.308	362	814	519	973	2369	2231	2531	3005	3246	420	28.44	1014.13	45.67	147188	AS7341	flash	5	100	999	10	100.0	0.0
2026-07-07T19:12:05.324	362	813	519	974	2370	2232	2532	3006	3248	420	28.44	1014.12	45.64	147447	AS7341	flash	5	100	999	10	100.0	0.0
2026-07-07T19:12:07.344	362	813	519	974	2372	2234	2534	3007	3250	420	28.43	1014.15	45.62	148099	AS7341	flash	5	100	999	10	100.0	0.0
2026-07-07T19:12:09.354	362	813	519	974	2372	2234	2534	3007	3249	420	28.43	1014.15	45.63	147968	AS7341	flash	5	100	999	10	100.0	0.0
2026-07-07T19:12:11.365	362	813	518	975	2374	2236	2536	3008	3251	420	28.42	1014.12	45.62	147447	AS7341	flash	5	100	999	10	100.0	0.0
2026-07-07T19:12:13.375	362	812	519	975	2374	2236	2536	3008	3252	420	28.42	1014.12	45.6	147968	AS7341	flash	5	100	999	10	100.0	0.0
2026-07-07T19:12:15.284	362	812	519	975	2375	2237	2537	3009	3252	420	28.42	1014.1	45.58	148492	AS7341	flash	5	100	999	10	100.0	0.0
2026-07-07T19:12:17.293	362	812	519	975	2377	2239	2539	3011	3254	421	28.41	1014.08	45.55	149021	AS7341	flash	5	100	999	10	100.0	0.0
2026-07-07T19:12:19.307	362	812	519	976	2377	2239	2539	3010	3254	421	28.4	1014.13	45.56	148230	AS7341	flash	5	100	999	10	100.0	0.0
2026-07-07T19:12:21.325	362	812	519	976	2378	2240	2540	3011	3255	421	28.4	1014.14	45.55	149154	AS7341	flash	5	100	999	10	100.0	0.0
2026-07-07T19:12:23.347	362	812	518	976	2379	2241	2541	3012	3256	421	28.39	1014.09	45.53	148361	AS7341	flash	5	100	999	10	100.0	0.0
2026-07-07T19:12:25.359	362	812	518	976	2380	2242	2542	3013	3257	421	28.38	1014.09	45.53	148624	AS7341	flash	5	100	999	10	100.0	0.0
2026-07-07T19:12:27.376	362	811	518	977	2380	2243	2542	3013	3257	421	28.38	1014.11	45.53	148099	AS7341	flash	5	100	999	10	100.0	0.0
2026-07-07T19:12:29.279	362	811	518	977	2381	2243	2542	3014	3258	421	28.4	1014.12	45.52	149553	AS7341	flash	5	100	999	10	100.0	0.0
2026-07-07T19:12:31.304	362	811	518	977	2382	2244	2543	3014	3259	421	28.38	1014.09	45.52	149154	AS7341	flash	5	100	999	10	100.0	0.0
2026-07-07T19:12:33.316	363	811	518	977	2383	2245	2544	3015	3260	421	28.37	1014.06	45.51	148756	AS7341	flash	5	100	999	10	100.0	0.0
2026-07-07T19:12:35.339	362	811	518	977	2383	2246	2545	3016	3261	421	28.37	1014.11	45.49	149420	AS7341	flash	5	100	999	10	100.0	0.0
2026-07-07T19:12:37.354	362	810	518	978	2384	2246	2546	3017	3261	421	28.37	1014.09	45.5	148492	AS7341	flash	5	100	999	10	100.0	0.0
2026-07-07T19:12:39.367	363	811	518	978	2385	2248	2547	3018	3263	422	28.36	1014.1	45.5	149687	AS7341	flash	5	100	999	10	100.0	0.0
2026-07-07T19:12:41.379	363	810	518	978	2385	2248	2547	3018	3262	421	28.36	1014.12	45.5	148492	AS7341	flash	5	100	999	10	100.0	0.0
2026-07-07T19:12:43.281	362	810	518	978	2386	2248	2547	3018	3263	422	28.36	1014.08	45.49	148756	AS7341	flash	5	100	999	10	100.0	0.0
2026-07-07T19:12:45.298	363	810	518	978	2386	2248	2548	3018	3264	422	28.35	1014.09	45.5	149553	AS7341	flash	5	100	999	10	100.0	0.0
2026-07-07T19:12:47.311	363	810	518	979	2388	2250	2549	3020	3265	422	28.35	1014.07	45.5	149021	AS7341	flash	5	100	999	10	100.0	0.0
2026-07-07T19:12:49.331	363	810	518	979	2387	2250	2549	3020	3264	422	28.34	1014.07	45.48	149821	AS7341	flash	5	100	999	10	100.0	0.0
2026-07-07T19:12:51.343	363	810	518	979	2389	2251	2550	3021	3266	422	28.34	1014.1	45.5	149821	AS7341	flash	5	100	999	10	100.0	0.0
2026-07-07T19:12:53.359	363	810	518	979	2389	2251	2551	3021	3266	422	28.33	1014.09	45.48	149553	AS7341	flash	5	100	999	10	100.0	0.0
2026-07-07T19:12:55.367	363	809	518	979	2389	2251	2551	3021	3266	422	28.33	1014.1	45.48	148492	AS7341	flash	5	100	999	10	100.0	0.0
2026-07-07T19:12:57.383	363	809	518	979	2390	2252	2552	3023	3268	422	28.33	1014.09	45.47	149553	AS7341	flash	5	100	999	10	100.0	0.0
2026-07-07T19:12:59.298	363	809	518	979	2390	2252	2552	3022	3268	422	28.33	1014.11	45.48	150359	AS7341	flash	5	100	999	10	100.0	0.0
2026-07-07T19:13:01.321	363	809	518	979	2392	2254	2554	3024	3269	422	28.32	1014.11	45.46	149553	AS7341	flash	5	100	999	10	100.0	0.0
2026-07-07T19:13:03.342	363	809	518	980	2391	2253	2553	3023	3268	422	28.31	1014.11	45.46	149420	AS7341	flash	5	100	999	10	100.0	0.0
2026-07-07T19:13:05.364	364	809	518	980	2391	2254	2554	3024	3269	422	28.31	1014.07	45.48	149154	AS7341	flash	5	100	999	10	100.0	0.0
2026-07-07T19:13:07.379	363	809	518	980	2392	2254	2554	3025	3269	422	28.3	1014.08	45.48	149955	AS7341	flash	5	100	999	10	100.0	0.0
2026-07-07T19:13:09.284	363	808	518	980	2392	2254	2554	3024	3269	422	28.32	1014.1	45.49	150359	AS7341	flash	5	100	999	10	100.0	0.0
2026-07-07T19:13:11.303	363	809	518	980	2393	2255	2555	3025	3270	422	28.29	1014.1	45.46	150089	AS7341	flash	5	100	999	10	100.0	0.0
2026-07-07T19:13:13.324	363	809	518	980	2394	2256	2556	3026	3271	422	28.29	1014.11	45.46	149955	AS7341	flash	5	100	999	10	100.0	0.0
2026-07-07T19:13:15.335	363	809	518	981	2394	2257	2557	3028	3272	422	28.29	1014.12	45.47	150900	AS7341	flash	5	100	999	10	100.0	0.0
2026-07-07T19:13:17.350	363	809	518	981	2394	2257	2557	3027	3272	423	28.29	1014.07	45.47	149154	AS7341	flash	5	100	999	10	100.0	0.0
2026-07-07T19:13:19.365	364	808	518	981	2395	2258	2558	3028	3273	423	28.28	1014.14	45.48	149687	AS7341	flash	5	100	999	10	100.0	0.0
2026-07-07T19:13:21.380	363	808	518	981	2395	2258	2557	3028	3273	423	28.29	1014.13	45.47	150089	AS7341	flash	5	100	999	10	100.0	0.0
2026-07-07T19:13:23.284	363	808	518	980	2395	2257	2557	3027	3272	423	28.28	1014.08	45.47	151036	AS7341	flash	5	100	999	10	100.0	0.0
2026-07-07T19:13:25.305	363	808	518	981	2396	2258	2558	3028	3273	423	28.28	1014.1	45.46	150224	AS7341	flash	5	100	999	10	100.0	0.0
2026-07-07T19:13:27.317	363	808	518	981	2397	2259	2559	3029	3274	423	28.27	1014.09	45.47	150089	AS7341	flash	5	100	999	10	100.0	0.0
2026-07-07T19:13:29.332	363	808	518	981	2397	2259	2560	3030	3275	423	28.27	1014.08	45.47	150494	AS7341	flash	5	100	999	10	100.0	0.0
2026-07-07T19:13:31.356	363	808	518	981	2397	2260	2560	3030	3275	423	28.27	1014.08	45.48	150224	AS7341	flash	5	100	999	10	100.0	0.0
2026-07-07T19:13:33.373	363	808	518	981	2397	2259	2559	3030	3274	423	28.27	1014.07	45.47	149955	AS7341	flash	5	100	999	10	100.0	0.0
2026-07-07T19:13:35.279	363	808	518	981	2397	2260	2560	3030	3275	423	28.27	1014.06	45.47	151446	AS7341	flash	5	100	999	10	100.0	0.0
2026-07-07T19:13:37.295	363	808	518	982	2398	2260	2560	3031	3275	423	28.26	1014.09	45.47	150900	AS7341	flash	5	100	999	10	100.0	0.0
2026-07-07T19:13:39.310	363	808	518	981	2398	2260	2561	3031	3275	423	28.26	1014.1	45.48	150224	AS7341	flash	5	100	999	10	100.0	0.0
2026-07-07T19:13:41.322	363	808	518	982	2398	2261	2561	3032	3276	423	28.24	1014.08	45.48	150359	AS7341	flash	5	100	999	10	100.0	0.0
2026-07-07T19:13:43.351	363	807	518	981	2398	2261	2562	3031	3276	423	28.25	1014.13	45.48	150224	AS7341	flash	5	100	999	10	100.0	0.0
2026-07-07T19:13:45.368	363	807	518	982	2399	2262	2562	3032	3277	423	28.24	1014.09	45.48	150089	AS7341	flash	5	100	999	10	100.0	0.0
2026-07-07T19:13:47.282	363	807	518	982	2399	2262	2562	3032	3277	423	28.25	1014.08	45.49	149955	AS7341	flash	5	100	999	10	100.0	0.0
2026-07-07T19:13:49.295	363	807	518	982	2399	2262	2563	3033	3277	423	28.24	1014.12	45.48	151309	AS7341	flash	5	100	999	10	100.0	0.0
2026-07-07T19:13:51.307	363	807	518	982	2400	2263	2563	3033	3278	423	28.23	1014.11	45.49	150224	AS7341	flash	5	100	999	10	100.0	0.0
2026-07-07T19:13:53.322	363	807	518	982	2400	2263	2563	3034	3278	423	28.23	1014.07	45.49	150900	AS7341	flash	5	100	999	10	100.0	0.0
2026-07-07T19:13:55.341	364	807	518	982	2400	2263	2563	3034	3278	423	28.22	1014.11	45.48	150765	AS7341	flash	5	100	999	10	100.0	0.0
2026-07-07T19:13:57.355	363	807	518	982	2401	2263	2564	3034	3278	423	28.22	1014.09	45.49	151036	AS7341	flash	5	100	999	10	100.0	0.0
2026-07-07T19:13:59.378	363	807	518	982	2401	2264	2564	3035	3279	423	28.22	1014.1	45.5	150629	AS7341	flash	5	100	999	10	100.0	0.0
2026-07-07T19:14:01.286	363	807	518	982	2400	2263	2563	3033	3278	423	28.22	1014.1	45.49	151036	AS7341	flash	5	100	999	10	100.0	0.0
2026-07-07T19:14:03.304	363	807	518	982	2401	2263	2564	3034	3279	423	28.21	1014.09	45.49	150494	AS7341	flash	5	100	999	10	100.0	0.0
2026-07-07T19:14:05.323	364	807	518	982	2401	2264	2564	3034	3278	423	28.21	1014.08	45.5	151858	AS7341	flash	5	100	999	10	100.0	0.0
2026-07-07T19:14:07.330	363	807	518	982	2401	2264	2565	3036	3279	423	28.21	1014.12	45.5	150224	AS7341	flash	5	100	999	10	100.0	0.0
2026-07-07T19:14:09.348	363	807	518	982	2402	2265	2565	3036	3280	423	28.21	1014.14	45.51	151309	AS7341	flash	5	100	999	10	100.0	0.0
2026-07-07T19:14:11.365	363	807	518	982	2402	2265	2565	3035	3279	423	28.2	1014.13	45.51	150629	AS7341	flash	5	100	999	10	100.0	0.0
2026-07-07T19:14:13.388	363	807	518	983	2402	2265	2566	3036	3280	423	28.2	1014.11	45.51	149955	AS7341	flash	5	100	999	10	100.0	0.0
2026-07-07T19:14:15.287	363	806	518	982	2402	2264	2565	3035	3279	423	28.21	1014.1	45.5	152411	AS7341	flash	5	100	999	10	100.0	0.0
2026-07-07T19:14:17.302	363	807	518	983	2402	2265	2566	3036	3279	423	28.2	1014.11	45.49	151309	AS7341	flash	5	100	999	10	100.0	0.0
