timestamp	f1_415	f2_445	f3_480	f4_515	f5_555	f6_590	f7_630	f8_680	clear	nir	T	P	RH	Gas	model	mode	gain	atime	astep	led	pwm	led_V
2026-07-10T11:33:26.972	459	959	642	1174	3026	2979	3558	3891	4070	533	26.13	1018.63	59.77	109620	AS7341	flash	5	100	999	10	100.0	0.15
2026-07-10T11:33:28.959	460	959	644	1174	3028	2979	3556	3887	4067	533	26.13	1018.65	58.9	115041	AS7341	flash	5	100	999	10	100.0	0.15
2026-07-10T11:33:30.950	460	961	643	1174	3028	2978	3554	3883	4066	532	26.13	1018.65	58.14	119814	AS7341	flash	5	100	999	10	100.0	0.15
2026-07-10T11:33:33.042	460	961	643	1175	3029	2979	3554	3882	4067	532	26.12	1018.64	57.51	124720	AS7341	flash	5	100	999	10	100.0	0.15
2026-07-10T11:33:35.040	460	962	643	1176	3030	2981	3554	3878	4067	533	26.12	1018.67	57.03	128945	AS7341	flash	5	100	999	10	100.0	0.15
2026-07-10T11:33:37.023	460	961	643	1176	3031	2981	3552	3875	4066	532	26.13	1018.63	56.66	134000	AS7341	flash	5	100	999	10	100.0	0.15
2026-07-10T11:33:39.010	460	962	643	1176	3034	2984	3555	3876	4069	533	26.13	1018.61	56.36	138201	AS7341	flash	5	100	999	10	100.0	0.15
2026-07-10T11:33:40.999	461	963	644	1177	3037	2987	3556	3876	4070	533	26.13	1018.64	56.1	142674	AS7341	flash	5	100	999	10	100.0	0.15
2026-07-10T11:33:42.981	460	962	644	1177	3036	2986	3554	3873	4069	532	26.14	1018.65	55.9	146416	AS7341	flash	5	100	999	10	100.0	0.15
2026-07-10T11:33:44.962	460	963	645	1178	3037	2986	3554	3870	4070	533	26.14	1018.61	55.73	149553	AS7341	flash	5	100	999	10	100.0	0.15
2026-07-10T11:33:46.954	460	963	645	1178	3039	2989	3555	3871	4071	533	26.14	1018.58	55.58	152828	AS7341	flash	5	100	999	10	100.0	0.15
2026-07-10T11:33:48.946	460	963	645	1179	3040	2989	3555	3869	4072	533	26.15	1018.65	55.45	155524	AS7341	flash	5	100	999	10	100.0	0.15
2026-07-10T11:33:51.039	460	963	645	1179	3042	2991	3558	3869	4073	533	26.15	1018.63	55.36	158918	AS7341	flash	5	100	999	10	100.0	0.15
2026-07-10T11:33:53.030	461	963	645	1180	3045	2994	3559	3869	4074	533	26.15	1018.65	55.27	162621	AS7341	flash	5	100	999	10	100.0	0.15
2026-07-10T11:33:55.018	461	963	645	1181	3047	2996	3562	3871	4077	533	26.16	1018.65	55.19	164862	AS7341	flash	5	100	999	10	100.0	0.15
2026-07-10T11:33:57.007	461	963	645	1182	3048	2997	3562	3871	4078	533	26.17	1018.65	55.13	168680	AS7341	flash	5	100	999	10	100.0	0.15
2026-07-10T11:33:58.993	461	963	645	1182	3050	3000	3564	3871	4080	534	26.17	1018.61	55.09	171794	AS7341	flash	5	100	999	10	100.0	0.15
2026-07-10T11:34:00.981	461	963	645	1183	3051	2999	3563	3869	4079	534	26.18	1018.65	55.06	172858	AS7341	flash	5	100	999	10	100.0	0.15
2026-07-10T11:34:02.961	461	963	645	1183	3054	3002	3566	3871	4081	534	26.18	1018.64	54.99	175945	AS7341	flash	5	100	999	10	100.0	0.15
2026-07-10T11:34:04.948	461	963	645	1184	3053	3003	3566	3870	4082	534	26.18	1018.64	54.95	178381	AS7341	flash	5	100	999	10	100.0	0.15
2026-07-10T11:34:07.036	461	963	645	1184	3057	3005	3569	3872	4084	534	26.18	1018.63	54.93	182065	AS7341	flash	5	100	999	10	100.0	0.15
2026-07-10T11:34:09.032	461	962	645	1185	3058	3005	3568	3870	4084	534	26.19	1018.62	54.9	183060	AS7341	flash	5	100	999	10	100.0	0.15
2026-07-10T11:34:11.017	461	963	645	1185	3059	3008	3570	3871	4086	534	26.19	1018.64	54.86	184268	AS7341	flash	5	100	999	10	100.0	0.15
2026-07-10T11:34:13.003	461	962	645	1185	3060	3007	3569	3870	4086	534	26.2	1018.62	54.83	185692	AS7341	flash	5	100	999	10	100.0	0.15
2026-07-10T11:34:14.993	461	963	646	1187	3063	3010	3573	3873	4088	534	26.2	1018.64	54.8	188132	AS7341	flash	5	100	999	10	100.0	0.15
2026-07-10T11:34:16.981	461	962	646	1187	3062	3011	3573	3873	4090	535	26.21	1018.62	54.77	189430	AS7341	flash	5	100	999	10	100.0	0.15
2026-07-10T11:34:18.966	461	962	645	1188	3064	3012	3573	3872	4089	535	26.21	1018.6	54.74	191746	AS7341	flash	5	100	999	10	100.0	0.15
2026-07-10T11:34:20.951	461	962	646	1188	3065	3012	3573	3872	4090	535	26.22	1018.65	54.72	192757	AS7341	flash	5	100	999	10	100.0	0.15
2026-07-10T11:34:23.042	461	962	646	1189	3066	3014	3573	3872	4089	535	26.21	1018.61	54.69	195155	AS7341	flash	5	100	999	10	100.0	0.15
2026-07-10T11:34:25.029	461	962	645	1188	3067	3016	3574	3872	4091	535	26.23	1018.65	54.67	196905	AS7341	flash	5	100	999	10	100.0	0.15
2026-07-10T11:34:27.011	461	962	646	1189	3066	3015	3574	3871	4091	535	26.23	1018.63	54.64	199409	AS7341	flash	5	100	999	10	100.0	0.15
2026-07-10T11:34:29.000	461	963	646	1190	3068	3017	3576	3873	4093	535	26.23	1018.61	54.62	200258	AS7341	flash	5	100	999	10	100.0	0.15
2026-07-10T11:34:30.992	461	963	646	1189	3069	3017	3576	3872	4093	535	26.23	1018.62	54.58	202225	AS7341	flash	5	100	999	10	100.0	0.15
2026-07-10T11:34:32.972	463	963	646	1190	3071	3018	3577	3873	4095	535	26.25	1018.63	54.57	204485	AS7341	flash	5	100	999	10	100.0	0.15
2026-07-10T11:34:34.966	463	963	646	1190	3071	3019	3577	3872	4094	535	26.25	1018.67	54.54	205378	AS7341	flash	5	100	999	10	100.0	0.15
2026-07-10T11:34:36.951	463	963	646	1191	3073	3022	3578	3873	4097	535	26.26	1018.61	54.53	207056	AS7341	flash	5	100	999	10	100.0	0.15
2026-07-10T11:34:38.945	463	963	646	1191	3073	3022	3580	3873	4098	535	26.25	1018.65	54.51	208103	AS7341	flash	5	100	999	10	100.0	0.15
2026-07-10T11:34:41.037	463	963	646	1192	3075	3024	3582	3876	4099	535	26.26	1018.63	54.5	208763	AS7341	flash	5	100	999	10	100.0	0.15
2026-07-10T11:34:43.026	463	963	646	1192	3075	3023	3581	3875	4099	535	26.27	1018.62	54.47	209960	AS7341	flash	5	100	999	10	100.0	0.15
2026-07-10T11:34:45.011	463	963	646	1192	3076	3024	3582	3876	4099	535	26.27	1018.66	54.44	212672	AS7341	flash	5	100	999	10	100.0	0.15
2026-07-10T11:34:47.000	463	963	646	1192	3078	3025	3582	3875	4099	535	26.28	1018.61	54.43	212672	AS7341	flash	5	100	999	10	100.0	0.15
2026-07-10T11:34:48.993	463	963	646	1192	3078	3025	3583	3876	4100	535	26.28	1018.66	54.41	213915	AS7341	flash	5	100	999	10	100.0	0.15
2026-07-10T11:34:50.981	463	963	646	1193	3078	3026	3583	3875	4101	535	26.3	1018.62	54.39	215455	AS7341	flash	5	100	999	10	100.0	0.15
2026-07-10T11:34:52.967	463	963	646	1193	3078	3026	3583	3875	4101	535	26.3	1018.67	54.37	217016	AS7341	flash	5	100	999	10	100.0	0.15
2026-07-10T11:34:54.964	463	962	646	1193	3078	3025	3583	3874	4100	535	26.3	1018.61	54.35	218601	AS7341	flash	5	100	999	10	100.0	0.15
2026-07-10T11:34:56.948	463	963	646	1194	3080	3026	3584	3876	4102	535	26.31	1018.63	54.34	219183	AS7341	flash	5	100	999	10	100.0	0.15
2026-07-10T11:34:59.043	463	963	646	1194	3081	3028	3586	3876	4103	535	26.31	1018.62	54.32	220356	AS7341	flash	5	100	999	10	100.0	0.15
2026-07-10T11:35:01.037	463	963	646	1194	3083	3028	3585	3876	4103	535	26.32	1018.63	54.31	220651	AS7341	flash	5	100	999	10	100.0	0.15
2026-07-10T11:35:03.022	463	963	646	1194	3083	3029	3586	3877	4104	536	26.33	1018.63	54.31	222439	AS7341	flash	5	100	999	10	100.0	0.15
2026-07-10T11:35:05.015	463	963	646	1194	3083	3028	3585	3876	4103	535	26.34	1018.64	54.29	223496	AS7341	flash	5	100	999	10	100.0	0.15
2026-07-10T11:35:07.007	463	963	646	1195	3083	3029	3586	3877	4104	536	26.34	1018.6	54.27	225331	AS7341	flash	5	100	999	10	100.0	0.15
2026-07-10T11:35:08.994	463	962	647	1194	3086	3031	3588	3878	4106	537	26.35	1018.63	54.26	224716	AS7341	flash	5	100	999	10	100.0	0.15
2026-07-10T11:35:10.981	464	963	647	1195	3085	3031	3588	3878	4106	536	26.36	1018.65	54.26	226415	AS7341	flash	5	100	999	10	100.0	0.15
2026-07-10T11:35:12.967	463	963	647	1195	3085	3031	3588	3878	4106	537	26.36	1018.62	54.24	227353	AS7341	flash	5	100	999	10	100.0	0.15
2026-07-10T11:35:14.953	463	963	647	1195	3087	3032	3589	3878	4108	537	26.37	1018.64	54.22	228616	AS7341	flash	5	100	999	10	100.0	0.15
2026-07-10T11:35:17.039	464	963	647	1196	3087	3033	3590	3879	4108	536	26.37	1018.63	54.21	228934	AS7341	flash	5	100	999	10	100.0	0.15
2026-07-10T11:35:19.033	463	962	647	1195	3087	3033	3589	3879	4108	537	26.38	1018.66	54.21	230536	AS7341	flash	5	100	999	10	100.0	0.15
2026-07-10T11:35:21.019	464	963	648	1196	3088	3034	3590	3879	4109	536	26.39	1018.61	54.19	232653	AS7341	flash	5	100	999	10	100.0	0.15
2026-07-10T11:35:23.000	464	963	647	1195	3089	3033	3590	3879	4109	537	26.4	1018.61	54.17	231346	AS7341	flash	5	100	999	10	100.0	0.15
2026-07-10T11:35:24.985	464	963	647	1196	3087	3033	3589	3878	4108	537	26.4	1018.6	54.17	233809	AS7341	flash	5	100	999	10	100.0	0.15
2026-07-10T11:35:26.973	464	963	648	1196	3089	3034	3591	3879	4109	537	26.4	1018.62	54.16	233313	AS7341	flash	5	100	999	10	100.0	0.15
2026-07-10T11:35:28.958	463	962	648	1195	3088	3034	3589	3878	4108	537	26.42	1018.61	54.15	236157	AS7341	flash	5	100	999	10	100.0	0.15
2026-07-10T11:35:30.944	464	963	647	1196	3089	3035	3591	3879	4110	537	26.41	1018.59	54.15	234475	AS7341	flash	5	100	999	10	100.0	0.15
2026-07-10T11:35:33.034	464	963	648	1196	3089	3036	3591	3880	4110	537	26.41	1018.64	54.13	235145	AS7341	flash	5	100	999	10	100.0	0.15
2026-07-10T11:35:35.018	464	962	648	1196	3088	3035	3590	3878	4109	537	26.43	1018.61	54.11	235818	AS7341	flash	5	100	999	10	100.0	0.15
2026-07-10T11:35:37.001	464	963	647	1196	3090	3036	3591	3879	4110	537	26.43	1018.61	54.12	237690	AS7341	flash	5	100	999	10	100.0	0.15
2026-07-10T11:35:38.983	464	963	648	1196	3089	3035	3591	3879	4110	537	26.44	1018.6	54.11	238551	AS7341	flash	5	100	999	10	100.0	0.15
2026-07-10T11:35:40.968	464	963	647	1197	3091	3036	3592	3880	4111	537	26.45	1018.63	54.11	239942	AS7341	flash	5	100	999	10	100.0	0.15
2026-07-10T11:35:42.956	464	963	648	1197	3091	3036	3592	3880	4111	537	26.46	1018.59	54.1	240995	AS7341	flash	5	100	999	10	100.0	0.15
2026-07-10T11:35:44.949	464	963	647	1197	3091	3037	3593	3880	4112	537	26.45	1018.62	54.09	242593	AS7341	flash	5	100	999	10	100.0	0.15
2026-07-10T11:35:47.039	464	963	647	1197	3092	3036	3591	3879	4110	537	26.45	1018.61	54.08	240995	AS7341	flash	5	100	999	10	100.0	0.15
2026-07-10T11:35:49.023	464	963	647	1197	3091	3037	3592	3880	4112	537	26.47	1018.61	54.07	240995	AS7341	flash	5	100	999	10	100.0	0.15
2026-07-10T11:35:51.009	464	963	648	1197	3091	3036	3591	3879	4111	537	26.48	1018.65	54.08	242951	AS7341	flash	5	100	999	10	100.0	0.15
2026-07-10T11:35:52.995	464	962	647	1197	3092	3036	3591	3878	4110	537	26.49	1018.63	54.08	244212	AS7341	flash	5	100	999	10	100.0	0.15
2026-07-10T11:35:54.984	464	963	647	1197	3093	3037	3592	3879	4112	537	26.5	1018.62	54.06	243850	AS7341	flash	5	100	999	10	100.0	0.15
2026-07-10T11:35:56.971	464	963	647	1197	3092	3037	3591	3879	4111	537	26.5	1018.63	54.04	244756	AS7341	flash	5	100	999	10	100.0	0.15
2026-07-10T11:35:58.963	464	963	647	1197	3092	3037	3591	3879	4111	537	26.5	1018.61	54.03	245669	AS7341	flash	5	100	999	10	100.0	0.15
2026-07-10T11:36:00.956	464	963	647	1197	3092	3036	3591	3878	4110	537	26.51	1018.62	54.03	244574	AS7341	flash	5	100	999	10	100.0	0.15
2026-07-10T11:36:02.945	464	963	647	1197	3092	3037	3591	3879	4111	537	26.51	1018.61	54.02	246774	AS7341	flash	5	100	999	10	100.0	0.15
2026-07-10T11:36:05.040	464	963	647	1197	3093	3037	3591	3879	4111	537	26.51	1018.63	54.01	245303	AS7341	flash	5	100	999	10	100.0	0.15
2026-07-10T11:36:07.033	464	963	647	1197	3092	3036	3591	3878	4110	537	26.53	1018.61	53.99	248075	AS7341	flash	5	100	999	10	100.0	0.15
2026-07-10T11:36:09.030	464	963	647	1197	3093	3037	3592	3879	4112	537	26.54	1018.65	54.0	248262	AS7341	flash	5	100	999	10	100.0	0.15
2026-07-10T11:36:11.020	464	963	648	1198	3094	3038	3592	3879	4112	537	26.54	1018.63	53.99	248824	AS7341	flash	5	100	999	10	100.0	0.15
2026-07-10T11:36:13.002	464	963	648	1197	3095	3038	3593	3879	4113	537	26.55	1018.64	53.98	250337	AS7341	flash	5	100	999	10	100.0	0.15
2026-07-10T11:36:14.990	464	963	648	1198	3093	3038	3592	3879	4112	537	26.55	1018.61	53.98	248824	AS7341	flash	5	100	999	10	100.0	0.15
2026-07-10T11:36:16.980	464	963	648	1198	3093	3037	3592	3878	4111	537	26.55	1018.64	53.97	250147	AS7341	flash	5	100	999	10	100.0	0.15
2026-07-10T11:36:18.968	464	963	648	1198	3093	3036	3590	3877	4110	537	26.55	1018.63	53.97	250719	AS7341	flash	5	100	999	10	100.0	0.15
2026-07-10T11:36:20.958	464	963	648	1198	3094	3038	3592	3880	4113	537	26.56	1018.61	53.96	251292	AS7341	flash	5	100	999	10	100.0	0.15
2026-07-10T11:36:22.943	464	963	648	1198	3093	3037	3591	3879	4111	537	26.56	1018.61	53.97	251484	AS7341	flash	5	100	999	10	100.0	0.15
2026-07-10T11:36:25.034	464	963	648	1198	3094	3038	3592	3878	4112	537	26.56	1018.62	53.96	251869	AS7341	flash	5	100	999	10	100.0	0.15
2026-07-10T11:36:27.018	464	963	648	1198	3094	3037	3590	3877	4110	537	26.57	1018.63	53.96	252836	AS7341	flash	5	100	999	10	100.0	0.15
2026-07-10T11:36:29.008	464	963	648	1198	3094	3037	3591	3877	4111	537	26.57	1018.6	53.95	254398	AS7341	flash	5	100	999	10	100.0	0.15
2026-07-10T11:36:30.997	464	963	648	1198	3095	3037	3591	3878	4111	537	26.58	1018.59	53.96	254006	AS7341	flash	5	100	999	10	100.0	0.15
2026-07-10T11:36:32.994	464	963	648	1198	3093	3037	3590	3877	4111	537	26.59	1018.63	53.95	254792	AS7341	flash	5	100	999	10	100.0	0.15
2026-07-10T11:36:34.984	464	963	648	1198	3093	3036	3590	3876	4110	537	26.6	1018.61	53.95	255187	AS7341	flash	5	100	999	10	100.0	0.15
2026-07-10T11:36:36.969	464	964	648	1198	3093	3037	3590	3876	4111	537	26.61	1018.6	53.94	254989	AS7341	flash	5	100	999	10	100.0	0.15
2026-07-10T11:36:38.957	464	964	648	1198	3095	3038	3591	3878	4112	537	26.61	1018.62	53.92	255385	AS7341	flash	5	100	999	10	100.0	0.15
2026-07-10T11:36:41.043	464	964	648	1198	3094	3038	3591	3877	4112	537	26.6	1018.58	53.93	256179	AS7341	flash	5	100	999	10	100.0	0.15
2026-07-10T11:36:43.029	464	964	648	1198	3094	3037	3591	3877	4112	537	26.61	1018.6	53.92	256379	AS7341	flash	5	100	999	10	100.0	0.15
2026-07-10T11:36:45.017	464	963	648	1198	3093	3036	3589	3875	4110	537	26.62	1018.6	53.91	256778	AS7341	flash	5	100	999	10	100.0	0.15
2026-07-10T11:36:47.011	464	964	648	1198	3094	3037	3590	3876	4111	537	26.62	1018.6	53.9	257985	AS7341	flash	5	100	999	10	100.0	0.15
2026-07-10T11:36:48.989	464	964	648	1198	3094	3036	3589	3875	4110	537	26.63	1018.6	53.9	257179	AS7341	flash	5	100	999	10	100.0	0.15
2026-07-10T11:36:50.980	464	964	648	1198	3094	3037	3590	3876	4110	537	26.64	1018.6	53.89	257985	AS7341	flash	5	100	999	10	100.0	0.15
2026-07-10T11:36:52.967	464	964	648	1198	3093	3036	3588	3874	4109	537	26.64	1018.61	53.87	258390	AS7341	flash	5	100	999	10	100.0	0.15
2026-07-10T11:36:54.959	464	964	648	1199	3094	3036	3589	3875	4110	537	26.65	1018.6	53.88	258796	AS7341	flash	5	100	999	10	100.0	0.15
2026-07-10T11:36:56.950	464	964	648	1199	3094	3036	3589	3875	4110	537	26.66	1018.61	53.86	258390	AS7341	flash	5	100	999	10	100.0	0.15
2026-07-10T11:36:59.043	464	964	648	1199	3095	3037	3590	3876	4111	537	26.65	1018.61	53.87	257179	AS7341	flash	5	100	999	10	100.0	0.15
2026-07-10T11:37:01.034	464	964	648	1198	3095	3036	3589	3875	4110	537	26.66	1018.58	53.87	260022	AS7341	flash	5	100	999	10	100.0	0.15
2026-07-10T11:37:03.018	464	964	648	1199	3094	3036	3589	3875	4110	537	26.66	1018.6	53.85	260639	AS7341	flash	5	100	999	10	100.0	0.15
2026-07-10T11:37:05.011	464	964	648	1199	3095	3036	3589	3874	4110	537	26.66	1018.59	53.85	260433	AS7341	flash	5	100	999	10	100.0	0.15
2026-07-10T11:37:07.005	464	964	648	1199	3095	3036	3589	3874	4109	537	26.68	1018.62	53.85	261053	AS7341	flash	5	100	999	10	100.0	0.15
2026-07-10T11:37:08.994	464	964	648	1199	3094	3036	3589	3874	4110	537	26.69	1018.62	53.84	261053	AS7341	flash	5	100	999	10	100.0	0.15
2026-07-10T11:37:10.983	464	964	648	1199	3094	3036	3589	3874	4109	537	26.68	1018.6	53.81	262091	AS7341	flash	5	100	999	10	100.0	0.15
2026-07-10T11:37:12.970	464	964	648	1199	3094	3036	3589	3874	4110	537	26.7	1018.66	53.82	262091	AS7341	flash	5	100	999	10	100.0	0.15
2026-07-10T11:37:14.954	464	964	648	1199	3094	3036	3589	3874	4110	537	26.71	1018.66	53.82	262091	AS7341	flash	5	100	999	10	100.0	0.15
2026-07-10T11:37:16.945	464	964	648	1199	3094	3036	3588	3873	4109	537	26.71	1018.62	53.82	262928	AS7341	flash	5	100	999	10	100.0	0.15
2026-07-10T11:37:19.035	464	965	649	1199	3095	3036	3588	3874	4110	537	26.71	1018.63	53.82	262928	AS7341	flash	5	100	999	10	100.0	0.15
2026-07-10T11:37:21.036	464	965	649	1199	3095	3037	3589	3874	4111	537	26.72	1018.63	53.82	262091	AS7341	flash	5	100	999	10	100.0	0.15
2026-07-10T11:37:23.024	464	965	649	1199	3094	3036	3588	3874	4110	537	26.73	1018.65	53.81	263138	AS7341	flash	5	100	999	10	100.0	0.15
2026-07-10T11:37:25.014	464	965	649	1199	3094	3036	3588	3874	4110	537	26.73	1018.62	53.8	263771	AS7341	flash	5	100	999	10	100.0	0.15
2026-07-10T11:37:27.000	464	965	649	1199	3095	3037	3589	3874	4110	537	26.74	1018.61	53.79	263982	AS7341	flash	5	100	999	10	100.0	0.15
2026-07-10T11:37:28.992	464	965	649	1199	3094	3036	3587	3873	4109	537	26.75	1018.64	53.78	265044	AS7341	flash	5	100	999	10	100.0	0.15
2026-07-10T11:37:30.975	464	965	649	1199	3093	3035	3587	3872	4108	537	26.75	1018.62	53.78	265044	AS7341	flash	5	100	999	10	100.0	0.15
2026-07-10T11:37:32.958	464	965	649	1199	3094	3035	3587	3872	4109	537	26.76	1018.64	53.76	265472	AS7341	flash	5	100	999	10	100.0	0.15
2026-07-10T11:37:34.950	464	964	649	1199	3094	3035	3587	3872	4109	537	26.76	1018.6	53.77	265472	AS7341	flash	5	100	999	10	100.0	0.15
2026-07-10T11:37:37.045	464	965	649	1199	3093	3035	3586	3871	4108	536	26.76	1018.63	53.76	262928	AS7341	flash	5	100	999	10	100.0	0.15
2026-07-10T11:37:39.030	464	965	649	1199	3095	3036	3587	3873	4109	537	26.77	1018.6	53.75	266330	AS7341	flash	5	100	999	10	100.0	0.15
2026-07-10T11:37:41.016	464	965	649	1199	3094	3036	3587	3872	4109	537	26.77	1018.61	53.74	265044	AS7341	flash	5	100	999	10	100.0	0.15
2026-07-10T11:37:43.024	464	965	649	1199	3095	3035	3587	3872	4109	537	26.78	1018.63	53.75	267195	AS7341	flash	5	100	999	10	100.0	0.15
2026-07-10T11:37:45.043	464	965	649	1199	3094	3035	3587	3871	4109	537	26.78	1018.62	53.74	267629	AS7341	flash	5	100	999	10	100.0	0.15
2026-07-10T11:37:47.067	464	965	649	1199	3095	3035	3586	3872	4108	537	26.79	1018.61	53.72	266115	AS7341	flash	5	100	999	10	100.0	0.15
2026-07-10T11:37:48.977	464	965	649	1199	3093	3034	3585	3870	4108	536	26.8	1018.62	53.72	266546	AS7341	flash	5	100	999	10	100.0	0.15
2026-07-10T11:37:50.998	464	965	649	1199	3095	3035	3586	3871	4108	537	26.8	1018.59	53.7	268502	AS7341	flash	5	100	999	10	100.0	0.15
2026-07-10T11:37:53.027	464	965	649	1199	3093	3034	3586	3870	4108	537	26.8	1018.65	53.71	268064	AS7341	flash	5	100	999	10	100.0	0.15
2026-07-10T11:37:55.037	464	966	649	1199	3095	3035	3586	3871	4109	537	26.81	1018.59	53.68	268502	AS7341	flash	5	100	999	10	100.0	0.15
2026-07-10T11:37:57.057	464	966	649	1199	3094	3035	3586	3871	4108	537	26.81	1018.63	53.68	267629	AS7341	flash	5	100	999	10	100.0	0.15
2026-07-10T11:37:58.963	464	965	649	1199	3093	3034	3584	3869	4107	537	26.83	1018.65	53.67	270043	AS7341	flash	5	100	999	10	100.0	0.15
2026-07-10T11:38:00.985	464	965	649	1199	3095	3035	3585	3870	4108	536	26.82	1018.63	53.68	269821	AS7341	flash	5	100	999	10	100.0	0.15
2026-07-10T11:38:03.010	464	966	649	1199	3093	3033	3584	3869	4106	536	26.83	1018.61	53.67	270264	AS7341	flash	5	100	999	10	100.0	0.15
2026-07-10T11:38:05.027	464	966	649	1199	3093	3033	3585	3869	4107	536	26.83	1018.65	53.68	269380	AS7341	flash	5	100	999	10	100.0	0.15
2026-07-10T11:38:07.044	464	966	649	1199	3094	3033	3584	3869	4107	536	26.84	1018.64	53.65	268502	AS7341	flash	5	100	999	10	100.0	0.15
2026-07-10T11:38:09.064	464	966	649	1199	3094	3034	3585	3870	4108	536	26.85	1018.63	53.65	269380	AS7341	flash	5	100	999	10	100.0	0.15
2026-07-10T11:38:10.977	464	966	649	1199	3093	3033	3583	3868	4106	536	26.85	1018.63	53.64	271154	AS7341	flash	5	100	999	10	100.0	0.15
2026-07-10T11:38:12.993	464	966	649	1199	3092	3033	3583	3868	4106	536	26.86	1018.63	53.64	271378	AS7341	flash	5	100	999	10	100.0	0.15
2026-07-10T11:38:15.011	464	966	649	1199	3093	3033	3583	3868	4106	536	26.86	1018.6	53.63	272050	AS7341	flash	5	100	999	10	100.0	0.15
2026-07-10T11:38:17.026	464	966	649	1199	3092	3033	3583	3868	4106	536	26.87	1018.64	53.62	270931	AS7341	flash	5	100	999	10	100.0	0.15
2026-07-10T11:38:19.057	464	966	649	1199	3092	3032	3582	3867	4105	536	26.87	1018.59	53.63	271378	AS7341	flash	5	100	999	10	100.0	0.15
2026-07-10T11:38:21.073	464	966	649	1199	3092	3032	3582	3867	4106	536	26.88	1018.6	53.62	271154	AS7341	flash	5	100	999	10	100.0	0.15
2026-07-10T11:38:23.093	464	966	649	1199	3094	3033	3584	3869	4107	536	26.89	1018.59	53.61	270709	AS7341	flash	5	100	999	10	100.0	0.15
2026-07-10T11:38:25.014	464	966	649	1199	3092	3032	3582	3867	4105	536	26.9	1018.58	53.6	272500	AS7341	flash	5	100	999	10	100.0	0.15
2026-07-10T11:38:27.041	464	966	649	1199	3092	3032	3582	3867	4106	536	26.89	1018.62	53.6	271602	AS7341	flash	5	100	999	10	100.0	0.15
2026-07-10T11:38:29.059	464	966	649	1199	3092	3032	3582	3867	4105	536	26.89	1018.6	53.58	271154	AS7341	flash	5	100	999	10	100.0	0.15
2026-07-10T11:38:31.079	464	966	649	1199	3093	3031	3581	3866	4105	536	26.9	1018.61	53.59	272050	AS7341	flash	5	100	999	10	100.0	0.15
2026-07-10T11:38:33.003	464	966	649	1199	3091	3030	3580	3865	4103	536	26.91	1018.58	53.58	273860	AS7341	flash	5	100	999	10	100.0	0.15
2026-07-10T11:38:35.014	464	966	649	1199	3091	3031	3581	3865	4104	536	26.91	1018.58	53.56	273179	AS7341	flash	5	100	999	10	100.0	0.15
2026-07-10T11:38:37.036	464	967	650	1199	3091	3031	3581	3865	4104	536	26.91	1018.57	53.56	272500	AS7341	flash	5	100	999	10	100.0	0.15
2026-07-10T11:38:39.062	464	967	649	1199	3091	3030	3580	3864	4103	536	26.92	1018.56	53.58	272726	AS7341	flash	5	100	999	10	100.0	0.15
2026-07-10T11:38:41.075	464	967	649	1199	3092	3031	3582	3866	4105	536	26.92	1018.59	53.57	272500	AS7341	flash	5	100	999	10	100.0	0.15
2026-07-10T11:38:42.996	464	967	649	1199	3091	3029	3579	3863	4103	536	26.93	1018.59	53.57	273860	AS7341	flash	5	100	999	10	100.0	0.15
2026-07-10T11:38:45.009	464	967	649	1199	3092	3030	3580	3865	4104	536	26.93	1018.6	53.56	274774	AS7341	flash	5	100	999	10	100.0	0.15
2026-07-10T11:38:47.033	464	967	649	1199	3091	3030	3580	3864	4103	536	26.93	1018.58	53.57	274088	AS7341	flash	5	100	999	10	100.0	0.15
2026-07-10T11:38:49.062	464	967	649	1199	3091	3030	3580	3864	4103	536	26.94	1018.58	53.57	272952	AS7341	flash	5	100	999	10	100.0	0.15
2026-07-10T11:38:51.089	464	967	650	1199	3092	3031	3580	3865	4104	536	26.93	1018.56	53.56	273179	AS7341	flash	5	100	999	10	100.0	0.15
2026-07-10T11:38:53.000	464	967	650	1199	3090	3029	3579	3863	4102	536	26.95	1018.59	53.54	276620	AS7341	flash	5	100	999	10	100.0	0.15
2026-07-10T11:38:55.029	464	967	649	1199	3091	3029	3578	3862	4102	536	26.95	1018.62	53.55	276620	AS7341	flash	5	100	999	10	100.0	0.15
2026-07-10T11:38:57.057	464	967	650	1199	3091	3030	3580	3864	4103	536	26.95	1018.6	53.56	274316	AS7341	flash	5	100	999	10	100.0	0.15
2026-07-10T11:38:59.075	464	967	650	1199	3092	3030	3579	3863	4103	536	26.95	1018.57	53.56	275003	AS7341	flash	5	100	999	10	100.0	0.15
2026-07-10T11:39:00.993	464	967	650	1199	3089	3028	3578	3861	4101	536	26.97	1018.6	53.55	275233	AS7341	flash	5	100	999	10	100.0	0.15
2026-07-10T11:39:03.011	464	967	650	1199	3089	3029	3578	3862	4101	536	26.96	1018.63	53.55	274774	AS7341	flash	5	100	999	10	100.0	0.15
2026-07-10T11:39:05.028	464	967	649	1199	3090	3029	3578	3862	4102	536	26.97	1018.58	53.55	275463	AS7341	flash	5	100	999	10	100.0	0.15
2026-07-10T11:39:07.055	464	967	650	1199	3090	3029	3578	3862	4102	536	26.97	1018.59	53.55	276388	AS7341	flash	5	100	999	10	100.0	0.15
2026-07-10T11:39:09.077	464	967	649	1199	3090	3029	3578	3862	4102	536	26.97	1018.58	53.54	276156	AS7341	flash	5	100	999	10	100.0	0.15
2026-07-10T11:39:10.979	464	967	650	1199	3089	3028	3577	3861	4101	536	26.98	1018.6	53.55	276853	AS7341	flash	5	100	999	10	100.0	0.15
2026-07-10T11:39:13.003	464	967	650	1199	3089	3028	3577	3861	4101	536	26.98	1018.59	53.54	275233	AS7341	flash	5	100	999	10	100.0	0.15
2026-07-10T11:39:15.021	464	967	650	1199	3089	3027	3576	3860	4100	536	26.99	1018.58	53.55	276388	AS7341	flash	5	100	999	10	100.0	0.15
2026-07-10T11:39:17.044	464	967	650	1199	3090	3028	3577	3861	4101	536	26.99	1018.56	53.53	277319	AS7341	flash	5	100	999	10	100.0	0.15
2026-07-10T11:39:19.068	464	968	650	1199	3091	3028	3577	3861	4100	536	27.0	1018.59	53.54	277553	AS7341	flash	5	100	999	10	100.0	0.15
2026-07-10T11:39:21.087	464	967	649	1199	3089	3028	3577	3861	4101	536	27.0	1018.58	53.54	276620	AS7341	flash	5	100	999	10	100.0	0.15
2026-07-10T11:39:22.998	464	967	650	1198	3089	3027	3575	3859	4099	536	27.01	1018.61	53.54	274545	AS7341	flash	5	100	999	10	100.0	0.15
2026-07-10T11:39:25.008	464	967	650	1198	3089	3027	3576	3860	4099	536	27.0	1018.56	53.53	277319	AS7341	flash	5	100	999	10	100.0	0.15
2026-07-10T11:39:27.028	464	967	650	1199	3089	3027	3575	3859	4098	536	27.02	1018.61	53.52	276853	AS7341	flash	5	100	999	10	100.0	0.15
2026-07-10T11:39:29.047	464	968	650	1199	3088	3026	3575	3859	4098	535	27.01	1018.59	53.54	276853	AS7341	flash	5	100	999	10	100.0	0.15
2026-07-10T11:39:31.073	464	968	650	1199	3088	3027	3575	3859	4098	536	27.01	1018.59	53.54	276620	AS7341	flash	5	100	999	10	100.0	0.15
2026-07-10T11:39:33.090	464	968	650	1199	3090	3027	3576	3860	4099	536	27.03	1018.58	53.54	277553	AS7341	flash	5	100	999	10	100.0	0.15
2026-07-10T11:39:34.996	464	968	650	1198	3088	3026	3575	3859	4098	536	27.04	1018.61	53.54	278727	AS7341	flash	5	100	999	10	100.0	0.15
2026-07-10T11:39:37.015	464	968	650	1199	3089	3026	3575	3859	4098	536	27.04	1018.59	53.53	278492	AS7341	flash	5	100	999	10	100.0	0.15
2026-07-10T11:39:39.041	464	968	650	1198	3088	3026	3574	3858	4098	535	27.04	1018.57	53.52	278256	AS7341	flash	5	100	999	10	100.0	0.15
2026-07-10T11:39:41.059	464	968	650	1199	3089	3026	3575	3859	4099	536	27.04	1018.57	53.52	277787	AS7341	flash	5	100	999	10	100.0	0.15
2026-07-10T11:39:43.082	464	968	650	1199	3090	3027	3575	3860	4099	536	27.05	1018.62	53.53	276853	AS7341	flash	5	100	999	10	100.0	0.15
2026-07-10T11:39:45.000	464	968	650	1199	3088	3025	3574	3858	4097	536	27.06	1018.58	53.53	278492	AS7341	flash	5	100	999	10	100.0	0.15
2026-07-10T11:39:47.019	464	969	650	1199	3088	3026	3575	3859	4098	536	27.06	1018.59	53.53	279200	AS7341	flash	5	100	999	10	100.0	0.15
2026-07-10T11:39:49.049	464	968	650	1199	3089	3026	3574	3859	4098	536	27.05	1018.59	53.52	278256	AS7341	flash	5	100	999	10	100.0	0.15
2026-07-10T11:39:51.068	464	968	650	1199	3088	3025	3574	3858	4097	536	27.07	1018.61	53.52	278963	AS7341	flash	5	100	999	10	100.0	0.15
2026-07-10T11:39:52.992	464	968	650	1198	3086	3024	3572	3856	4096	535	27.07	1018.6	53.52	277553	AS7341	flash	5	100	999	10	100.0	0.15
2026-07-10T11:39:55.020	464	968	650	1199	3088	3025	3573	3857	4097	536	27.07	1018.6	53.51	278256	AS7341	flash	5	100	999	10	100.0	0.15
2026-07-10T11:39:57.044	464	969	650	1199	3087	3025	3573	3857	4098	536	27.06	1018.59	53.51	279200	AS7341	flash	5	100	999	10	100.0	0.15
2026-07-10T11:39:59.057	464	967	650	1198	3086	3024	3572	3856	4096	535	27.08	1018.61	53.54	277553	AS7341	flash	5	100	999	10	100.0	0.15
2026-07-10T11:40:01.084	464	969	650	1199	3087	3025	3574	3858	4097	536	27.07	1018.63	53.5	280388	AS7341	flash	5	100	999	10	100.0	0.15
2026-07-10T11:40:02.997	464	969	650	1198	3087	3024	3573	3857	4097	536	27.09	1018.6	53.52	280150	AS7341	flash	5	100	999	10	100.0	0.15
2026-07-10T11:40:05.013	464	969	650	1198	3086	3023	3572	3855	4095	535	27.09	1018.6	53.52	279912	AS7341	flash	5	100	999	10	100.0	0.15
2026-07-10T11:40:07.043	464	969	650	1198	3087	3024	3572	3857	4097	536	27.08	1018.61	53.51	279674	AS7341	flash	5	100	999	10	100.0	0.15
2026-07-10T11:40:09.070	464	969	650	1198	3086	3024	3572	3856	4096	535	27.08	1018.58	53.53	279437	AS7341	flash	5	100	999	10	100.0	0.15
2026-07-10T11:40:11.089	464	969	650	1198	3086	3023	3572	3856	4096	535	27.09	1018.57	53.54	278256	AS7341	flash	5	100	999	10	100.0	0.15
2026-07-10T11:40:12.990	464	969	650	1198	3087	3024	3572	3856	4096	535	27.11	1018.58	53.52	279674	AS7341	flash	5	100	999	10	100.0	0.15
2026-07-10T11:40:15.016	464	969	650	1198	3085	3023	3571	3855	4095	535	27.1	1018.57	53.53	280388	AS7341	flash	5	100	999	10	100.0	0.15
2026-07-10T11:40:17.038	464	968	650	1198	3085	3022	3569	3854	4094	535	27.11	1018.57	53.52	279674	AS7341	flash	5	100	999	10	100.0	0.15
2026-07-10T11:40:19.057	464	969	650	1198	3087	3025	3572	3856	4096	536	27.11	1018.56	53.52	278727	AS7341	flash	5	100	999	10	100.0	0.15
2026-07-10T11:40:21.076	464	968	650	1198	3087	3023	3571	3856	4096	535	27.11	1018.57	53.53	279674	AS7341	flash	5	100	999	10	100.0	0.15
2026-07-10T11:40:22.995	464	969	650	1198	3085	3022	3570	3854	4094	535	27.12	1018.6	53.5	281346	AS7341	flash	5	100	999	10	100.0	0.15
2026-07-10T11:40:25.021	464	969	650	1197	3086	3022	3570	3854	4094	535	27.12	1018.58	53.51	279674	AS7341	flash	5	100	999	10	100.0	0.15
2026-07-10T11:40:27.047	464	968	650	1198	3085	3022	3569	3854	4094	535	27.12	1018.58	53.52	279912	AS7341	flash	5	100	999	10	100.0	0.15
2026-07-10T11:40:29.061	464	969	650	1198	3085	3022	3570	3853	4094	535	27.11	1018.57	53.52	280627	AS7341	flash	5	100	999	10	100.0	0.15
2026-07-10T11:40:31.081	464	969	650	1197	3085	3021	3569	3853	4094	535	27.12	1018.58	53.52	280150	AS7341	flash	5	100	999	10	100.0	0.15
2026-07-10T11:40:32.993	464	968	650	1197	3083	3020	3567	3852	4092	535	27.14	1018.59	53.52	281828	AS7341	flash	5	100	999	10	100.0	0.15
2026-07-10T11:40:35.010	464	968	650	1197	3085	3021	3568	3853	4093	535	27.13	1018.58	53.52	281587	AS7341	flash	5	100	999	10	100.0	0.15
2026-07-10T11:40:37.025	464	970	650	1197	3084	3021	3569	3853	4093	535	27.14	1018.59	53.52	281828	AS7341	flash	5	100	999	10	100.0	0.15
2026-07-10T11:40:39.039	464	969	650	1197	3084	3021	3569	3853	4094	535	27.14	1018.58	53.53	280866	AS7341	flash	5	100	999	10	100.0	0.15
2026-07-10T11:40:41.056	464	969	651	1197	3085	3021	3569	3853	4094	535	27.15	1018.6	53.53	281346	AS7341	flash	5	100	999	10	100.0	0.15
2026-07-10T11:40:43.077	464	969	650	1198	3083	3020	3568	3852	4092	535	27.15	1018.56	53.53	281346	AS7341	flash	5	100	999	10	100.0	0.15
2026-07-10T11:40:44.995	464	969	650	1197	3084	3021	3568	3853	4093	535	27.16	1018.61	53.53	281828	AS7341	flash	5	100	999	10	100.0	0.15
2026-07-10T11:40:47.023	464	970	651	1197	3086	3021	3568	3853	4094	535	27.16	1018.6	53.53	281346	AS7341	flash	5	100	999	10	100.0	0.15
2026-07-10T11:40:49.041	464	970	650	1197	3083	3020	3568	3852	4093	535	27.16	1018.58	53.52	281346	AS7341	flash	5	100	999	10	100.0	0.15
2026-07-10T11:40:51.073	464	970	651	1197	3083	3020	3568	3852	4093	535	27.16	1018.58	53.51	281587	AS7341	flash	5	100	999	10	100.0	0.15
2026-07-10T11:40:52.985	464	969	651	1197	3082	3019	3566	3851	4091	535	27.18	1018.62	53.52	280388	AS7341	flash	5	100	999	10	100.0	0.15
2026-07-10T11:40:55.002	464	969	650	1197	3083	3019	3566	3851	4091	535	27.17	1018.6	53.51	283039	AS7341	flash	5	100	999	10	100.0	0.15
2026-07-10T11:40:57.020	464	969	651	1197	3084	3020	3567	3851	4092	535	27.17	1018.58	53.52	283039	AS7341	flash	5	100	999	10	100.0	0.15
2026-07-10T11:40:59.036	464	970	651	1197	3084	3019	3566	3851	4091	535	27.18	1018.62	53.51	282796	AS7341	flash	5	100	999	10	100.0	0.15
2026-07-10T11:41:01.069	464	969	651	1197	3081	3018	3565	3850	4090	535	27.19	1018.62	53.52	282311	AS7341	flash	5	100	999	10	100.0	0.15
2026-07-10T11:41:02.985	464	970	651	1197	3082	3018	3566	3850	4091	535	27.19	1018.6	53.52	282796	AS7341	flash	5	100	999	10	100.0	0.15
2026-07-10T11:41:05.001	464	970	650	1196	3082	3019	3566	3851	4091	535	27.19	1018.61	53.51	282311	AS7341	flash	5	100	999	10	100.0	0.15
2026-07-10T11:41:07.020	464	970	651	1197	3082	3018	3565	3850	4090	535	27.19	1018.62	53.51	282311	AS7341	flash	5	100	999	10	100.0	0.15
2026-07-10T11:41:09.037	464	970	651	1197	3083	3018	3566	3849	4090	535	27.19	1018.56	53.52	282553	AS7341	flash	5	100	999	10	100.0	0.15
2026-07-10T11:41:11.049	464	969	651	1197	3081	3017	3564	3849	4089	535	27.19	1018.58	53.51	282796	AS7341	flash	5	100	999	10	100.0	0.15
2026-07-10T11:41:13.080	464	969	651	1197	3081	3017	3564	3848	4089	535	27.19	1018.58	53.53	282553	AS7341	flash	5	100	999	10	100.0	0.15
2026-07-10T11:41:15.103	464	970	651	1197	3082	3019	3566	3850	4092	535	27.19	1018.55	53.54	282796	AS7341	flash	5	100	999	10	100.0	0.15
2026-07-10T11:41:17.009	464	969	650	1196	3080	3017	3563	3847	4088	535	27.21	1018.6	53.54	282796	AS7341	flash	5	100	999	10	100.0	0.15
2026-07-10T11:41:19.026	464	970	650	1196	3080	3017	3563	3847	4088	535	27.19	1018.53	53.53	280866	AS7341	flash	5	100	999	10	100.0	0.15
2026-07-10T11:41:21.054	464	969	650	1196	3081	3017	3564	3849	4089	535	27.2	1018.59	53.53	283282	AS7341	flash	5	100	999	10	100.0	0.15
2026-07-10T11:41:23.068	464	969	651	1196	3080	3016	3563	3847	4089	535	27.2	1018.57	53.53	282796	AS7341	flash	5	100	999	10	100.0	0.15
2026-07-10T11:41:25.096	464	970	650	1196	3081	3017	3564	3849	4089	535	27.21	1018.61	53.53	281587	AS7341	flash	5	100	999	10	100.0	0.15
2026-07-10T11:41:27.002	464	969	651	1196	3080	3016	3563	3847	4088	535	27.22	1018.61	53.54	283282	AS7341	flash	5	100	999	10	100.0	0.15
2026-07-10T11:41:29.014	464	969	651	1196	3081	3017	3564	3848	4090	535	27.21	1018.57	53.53	284260	AS7341	flash	5	100	999	10	100.0	0.15
2026-07-10T11:41:31.039	464	969	651	1196	3081	3017	3563	3848	4089	535	27.21	1018.59	53.54	282553	AS7341	flash	5	100	999	10	100.0	0.15
2026-07-10T11:41:33.062	464	970	651	1197	3082	3017	3563	3848	4089	535	27.22	1018.57	53.56	282796	AS7341	flash	5	100	999	10	100.0	0.15
2026-07-10T11:41:35.081	464	969	651	1196	3081	3015	3562	3847	4088	535	27.22	1018.58	53.56	281587	AS7341	flash	5	100	999	10	100.0	0.15
2026-07-10T11:41:37.099	464	970	651	1196	3082	3017	3564	3848	4089	535	27.23	1018.62	53.56	283526	AS7341	flash	5	100	999	10	100.0	0.15
2026-07-10T11:41:39.007	464	970	651	1196	3079	3015	3562	3846	4088	535	27.23	1018.57	53.56	284260	AS7341	flash	5	100	999	10	100.0	0.15
2026-07-10T11:41:41.027	464	970	651	1196	3080	3016	3563	3847	4089	535	27.23	1018.6	53.56	284260	AS7341	flash	5	100	999	10	100.0	0.15
2026-07-10T11:41:43.057	464	970	651	1196	3080	3016	3563	3847	4088	535	27.23	1018.6	53.57	283282	AS7341	flash	5	100	999	10	100.0	0.15
2026-07-10T11:41:45.085	464	970	651	1196	3080	3015	3562	3846	4087	535	27.24	1018.62	53.56	283039	AS7341	flash	5	100	999	10	100.0	0.15
2026-07-10T11:41:47.104	464	970	651	1196	3080	3015	3562	3847	4088	535	27.24	1018.6	53.56	283282	AS7341	flash	5	100	999	10	100.0	0.15
2026-07-10T11:41:49.016	464	970	651	1196	3078	3014	3560	3845	4087	534	27.25	1018.59	53.57	284015	AS7341	flash	5	100	999	10	100.0	0.15
2026-07-10T11:41:51.032	464	970	651	1196	3080	3016	3562	3847	4088	535	27.24	1018.58	53.56	284015	AS7341	flash	5	100	999	10	100.0	0.15
2026-07-10T11:41:53.063	464	970	651	1196	3080	3015	3561	3846	4087	535	27.25	1018.63	53.58	283771	AS7341	flash	5	100	999	10	100.0	0.15
2026-07-10T11:41:55.078	464	970	651	1196	3079	3014	3560	3845	4086	534	27.25	1018.58	53.58	284260	AS7341	flash	5	100	999	10	100.0	0.15
2026-07-10T11:41:57.111	464	970	651	1196	3078	3013	3559	3844	4085	534	27.24	1018.59	53.58	284015	AS7341	flash	5	100	999	10	100.0	0.15
2026-07-10T11:41:59.028	464	970	651	1196	3077	3013	3559	3844	4085	534	27.26	1018.57	53.58	284752	AS7341	flash	5	100	999	10	100.0	0.15
2026-07-10T11:42:01.042	464	970	651	1196	3079	3014	3561	3845	4086	535	27.25	1018.58	53.57	284752	AS7341	flash	5	100	999	10	100.0	0.15
2026-07-10T11:42:03.065	464	970	651	1196	3078	3013	3560	3844	4086	534	27.26	1018.59	53.6	284015	AS7341	flash	5	100	999	10	100.0	0.15
2026-07-10T11:42:05.084	464	970	651	1196	3079	3014	3561	3846	4087	534	27.26	1018.57	53.59	284260	AS7341	flash	5	100	999	10	100.0	0.15
2026-07-10T11:42:07.100	464	970	651	1196	3077	3013	3560	3845	4086	535	27.26	1018.6	53.61	283771	AS7341	flash	5	100	999	10	100.0	0.15
2026-07-10T11:42:09.022	464	970	651	1196	3077	3012	3559	3844	4085	534	27.27	1018.61	53.59	284998	AS7341	flash	5	100	999	10	100.0	0.15
2026-07-10T11:42:11.040	464	970	651	1195	3076	3012	3559	3843	4084	534	27.27	1018.6	53.6	284506	AS7341	flash	5	100	999	10	100.0	0.15
2026-07-10T11:42:13.071	464	970	651	1195	3076	3012	3558	3843	4083	534	27.27	1018.58	53.61	284998	AS7341	flash	5	100	999	10	100.0	0.15
2026-07-10T11:42:15.099	464	970	651	1195	3077	3012	3559	3844	4084	534	27.27	1018.6	53.61	284506	AS7341	flash	5	100	999	10	100.0	0.15
2026-07-10T11:42:17.116	464	971	651	1195	3078	3013	3559	3844	4086	534	27.27	1018.58	53.62	283771	AS7341	flash	5	100	999	10	100.0	0.15
2026-07-10T11:42:19.023	464	971	651	1195	3077	3011	3558	3843	4083	534	27.28	1018.58	53.62	285245	AS7341	flash	5	100	999	10	100.0	0.15
2026-07-10T11:42:21.044	464	971	651	1195	3077	3012	3557	3843	4083	534	27.28	1018.57	53.62	283526	AS7341	flash	5	100	999	10	100.0	0.15
2026-07-10T11:42:23.072	464	971	651	1195	3076	3011	3558	3843	4083	534	27.28	1018.59	53.62	284506	AS7341	flash	5	100	999	10	100.0	0.15
2026-07-10T11:42:25.097	463	971	651	1195	3076	3011	3558	3843	4083	534	27.28	1018.58	53.63	284506	AS7341	flash	5	100	999	10	100.0	0.15
2026-07-10T11:42:27.116	464	971	651	1195	3078	3012	3559	3844	4084	534	27.28	1018.62	53.64	285245	AS7341	flash	5	100	999	10	100.0	0.15
2026-07-10T11:42:29.028	464	970	651	1195	3077	3011	3558	3842	4083	534	27.3	1018.59	53.63	285245	AS7341	flash	5	100	999	10	100.0	0.15
2026-07-10T11:42:31.042	464	971	651	1195	3075	3011	3557	3843	4083	534	27.29	1018.59	53.64	284998	AS7341	flash	5	100	999	10	100.0	0.15
2026-07-10T11:42:33.067	464	971	651	1195	3076	3011	3557	3842	4083	534	27.29	1018.57	53.64	285245	AS7341	flash	5	100	999	10	100.0	0.15
2026-07-10T11:42:35.083	464	971	651	1196	3076	3012	3558	3844	4084	534	27.3	1018.57	53.66	284260	AS7341	flash	5	100	999	10	100.0	0.15
2026-07-10T11:42:37.098	464	971	651	1195	3074	3009	3555	3841	4080	534	27.31	1018.6	53.67	284506	AS7341	flash	5	100	999	10	100.0	0.15
2026-07-10T11:42:39.124	464	971	651	1195	3074	3009	3555	3840	4080	534	27.31	1018.58	53.66	284506	AS7341	flash	5	100	999	10	100.0	0.15
2026-07-10T11:42:41.046	464	971	651	1194	3074	3009	3555	3841	4081	534	27.32	1018.59	53.68	285245	AS7341	flash	5	100	999	10	100.0	0.15
2026-07-10T11:42:43.075	464	971	651	1195	3074	3009	3556	3841	4081	534	27.32	1018.6	53.67	284506	AS7341	flash	5	100	999	10	100.0	0.15
2026-07-10T11:42:45.107	464	971	651	1195	3076	3010	3556	3842	4082	534	27.31	1018.57	53.67	284752	AS7341	flash	5	100	999	10	100.0	0.15
2026-07-10T11:42:47.016	464	970	651	1194	3073	3008	3553	3839	4079	534	27.34	1018.6	53.68	284998	AS7341	flash	5	100	999	10	100.0	0.15
2026-07-10T11:42:49.032	464	971	651	1194	3073	3008	3554	3840	4080	534	27.32	1018.59	53.66	285245	AS7341	flash	5	100	999	10	100.0	0.15
2026-07-10T11:42:51.053	464	971	651	1194	3074	3009	3555	3841	4081	534	27.32	1018.59	53.67	282796	AS7341	flash	5	100	999	10	100.0	0.15
2026-07-10T11:42:53.072	464	971	651	1194	3074	3009	3555	3840	4080	534	27.33	1018.58	53.66	284752	AS7341	flash	5	100	999	10	100.0	0.15
2026-07-10T11:42:55.095	464	971	651	1194	3073	3008	3553	3840	4080	534	27.32	1018.6	53.67	284998	AS7341	flash	5	100	999	10	100.0	0.15
2026-07-10T11:42:57.114	464	971	651	1194	3072	3007	3554	3839	4079	534	27.33	1018.6	53.67	284506	AS7341	flash	5	100	999	10	100.0	0.15
2026-07-10T11:42:59.021	464	971	651	1194	3073	3007	3553	3839	4078	534	27.35	1018.64	53.68	285740	AS7341	flash	5	100	999	10	100.0	0.15
2026-07-10T11:43:01.045	463	971	651	1194	3072	3006	3552	3838	4078	534	27.34	1018.59	53.67	285988	AS7341	flash	5	100	999	10	100.0	0.15
2026-07-10T11:43:03.077	464	971	651	1194	3071	3006	3552	3838	4078	534	27.33	1018.58	53.67	285740	AS7341	flash	5	100	999	10	100.0	0.15
2026-07-10T11:43:05.088	464	971	651	1194	3072	3007	3552	3839	4078	534	27.34	1018.6	53.68	284998	AS7341	flash	5	100	999	10	100.0	0.15
2026-07-10T11:43:07.103	463	971	651	1194	3073	3007	3553	3838	4078	534	27.34	1018.59	53.68	285245	AS7341	flash	5	100	999	10	100.0	0.15
2026-07-10T11:43:09.024	463	971	651	1194	3072	3006	3553	3838	4078	534	27.35	1018.58	53.69	285740	AS7341	flash	5	100	999	10	100.0	0.15
2026-07-10T11:43:11.055	463	971	651	1194	3071	3006	3553	3838	4078	534	27.35	1018.63	53.67	286237	AS7341	flash	5	100	999	10	100.0	0.15
2026-07-10T11:43:13.067	464	971	651	1194	3073	3007	3553	3839	4078	534	27.35	1018.59	53.68	287235	AS7341	flash	5	100	999	10	100.0	0.15
2026-07-10T11:43:15.089	464	971	651	1194	3072	3006	3552	3839	4078	534	27.35	1018.59	53.68	285988	AS7341	flash	5	100	999	10	100.0	0.15
2026-07-10T11:43:17.111	464	972	651	1194	3072	3006	3553	3839	4078	534	27.35	1018.62	53.71	285245	AS7341	flash	5	100	999	10	100.0	0.15
2026-07-10T11:43:19.122	463	971	651	1194	3073	3007	3553	3839	4078	534	27.36	1018.59	53.71	284015	AS7341	flash	5	100	999	10	100.0	0.15
2026-07-10T11:43:21.040	463	971	651	1193	3069	3004	3551	3837	4076	534	27.37	1018.62	53.7	286237	AS7341	flash	5	100	999	10	0.0	0.15
2026-07-10T11:43:23.057	463	971	651	1193	3067	3002	3549	3840	4076	532	27.39	1018.58	54.08	283771	AS7341	flash	5	100	999	10	0.0	0.15
2026-07-10T11:43:25.079	463	971	651	1191	3063	2997	3546	3841	4073	532	27.41	1018.59	55.13	280388	AS7341	flash	5	100	999	10	0.0	0.15
2026-07-10T11:43:27.107	463	972	650	1190	3059	2993	3544	3844	4072	533	27.41	1018.59	56.46	275694	AS7341	flash	5	100	999	10	0.0	0.15
2026-07-10T11:43:29.123	463	972	650	1188	3052	2986	3538	3842	4066	533	27.43	1018.63	57.8	272275	AS7341	flash	5	100	999	10	0.0	0.15
2026-07-10T11:43:31.039	462	972	650	1185	3045	2980	3532	3841	4060	532	27.45	1018.65	58.95	270486	AS7341	flash	5	100	999	10	0.0	0.15
2026-07-10T11:43:33.054	462	972	650	1184	3039	2973	3527	3840	4056	532	27.44	1018.58	59.99	266115	AS7341	flash	5	100	999	10	0.0	0.15
2026-07-10T11:43:35.081	462	973	650	1182	3033	2966	3520	3839	4051	531	27.45	1018.59	60.79	263771	AS7341	flash	5	100	999	10	0.0	0.15
2026-07-10T11:43:37.113	461	973	649	1180	3027	2960	3516	3838	4046	531	27.46	1018.61	61.38	261053	AS7341	flash	5	100	999	10	0.0	0.15
2026-07-10T11:43:39.128	461	974	649	1178	3020	2952	3509	3835	4039	530	27.47	1018.65	61.95	257380	AS7341	flash	5	100	999	10	0.0	0.15
2026-07-10T11:43:41.035	461	974	649	1176	3013	2946	3503	3833	4033	529	27.48	1018.59	62.53	256379	AS7341	flash	5	100	999	10	0.0	0.15
2026-07-10T11:43:43.057	461	975	649	1174	3006	2938	3497	3831	4028	529	27.48	1018.61	63.05	253419	AS7341	flash	5	100	999	10	0.0	0.15
2026-07-10T11:43:45.071	460	976	649	1172	3000	2932	3491	3830	4023	529	27.48	1018.63	63.51	250910	AS7341	flash	5	100	999	10	0.0	0.15
2026-07-10T11:43:47.091	460	977	648	1170	2995	2925	3486	3827	4018	528	27.5	1018.61	63.99	249390	AS7341	flash	5	100	999	10	0.0	0.15
2026-07-10T11:43:49.123	460	977	648	1168	2988	2919	3479	3825	4011	527	27.5	1018.62	64.42	246774	AS7341	flash	5	100	999	10	0.0	0.15
2026-07-10T11:43:51.034	459	978	648	1166	2983	2913	3474	3823	4007	527	27.52	1018.6	64.81	245121	AS7341	flash	5	100	999	10	0.0	0.15
2026-07-10T11:43:53.050	459	978	648	1165	2977	2906	3469	3821	4002	527	27.51	1018.58	65.2	242772	AS7341	flash	5	100	999	10	0.0	0.15
2026-07-10T11:43:55.063	459	979	648	1163	2971	2901	3464	3820	3997	526	27.52	1018.59	65.51	241172	AS7341	flash	5	100	999	10	0.0	0.15
2026-07-10T11:43:57.092	458	979	648	1161	2966	2895	3459	3817	3992	526	27.52	1018.64	65.81	239418	AS7341	flash	5	100	999	10	0.0	0.15
2026-07-10T11:43:59.117	458	980	648	1160	2963	2891	3455	3817	3990	525	27.52	1018.58	66.08	237519	AS7341	flash	5	100	999	10	0.0	0.15
2026-07-10T11:44:01.031	458	981	647	1158	2958	2885	3451	3814	3985	525	27.54	1018.64	66.31	237177	AS7341	flash	5	100	999	10	0.0	0.15
2026-07-10T11:44:03.049	458	981	647	1157	2952	2879	3446	3812	3980	524	27.53	1018.6	66.49	235650	AS7341	flash	5	100	999	10	0.0	0.15
2026-07-10T11:44:05.070	458	982	647	1155	2949	2877	3443	3812	3978	524	27.54	1018.59	66.68	233975	AS7341	flash	5	100	999	10	0.0	0.15
2026-07-10T11:44:07.094	457	982	647	1154	2945	2873	3439	3811	3974	524	27.55	1018.63	66.91	231183	AS7341	flash	5	100	999	10	0.0	0.15
2026-07-10T11:44:09.115	457	983	647	1153	2941	2868	3436	3810	3970	524	27.55	1018.61	67.19	231183	AS7341	flash	5	100	999	10	0.0	0.15
2026-07-10T11:44:11.027	457	983	647	1151	2936	2864	3431	3806	3966	523	27.57	1018.6	67.25	231183	AS7341	flash	5	100	999	10	0.0	0.15
2026-07-10T11:44:13.047	457	983	647	1150	2932	2860	3427	3806	3962	523	27.57	1018.64	67.34	229412	AS7341	flash	5	100	999	10	0.0	0.15
2026-07-10T11:44:15.064	457	984	647	1149	2930	2857	3426	3806	3961	523	27.57	1018.6	67.47	228299	AS7341	flash	5	100	999	10	0.0	0.15
2026-07-10T11:44:17.093	457	984	647	1148	2925	2852	3421	3804	3956	522	27.57	1018.61	67.54	227040	AS7341	flash	5	100	999	10	0.0	0.15
2026-07-10T11:44:19.111	456	985	647	1147	2923	2850	3419	3804	3955	522	27.58	1018.6	67.62	225331	AS7341	flash	5	100	999	10	0.0	0.15
2026-07-10T11:44:21.131	457	985	647	1146	2922	2849	3419	3805	3954	522	27.58	1018.59	67.66	225795	AS7341	flash	5	100	999	10	100.0	0.15
2026-07-10T11:44:23.040	457	985	647	1147	2921	2848	3418	3801	3951	522	27.56	1018.62	67.16	228616	AS7341	flash	5	100	999	10	100.0	0.15
2026-07-10T11:44:25.069	457	987	648	1147	2922	2848	3418	3797	3952	522	27.55	1018.64	65.59	231346	AS7341	flash	5	100	999	10	100.0	0.15
2026-07-10T11:44:27.087	457	988	648	1148	2921	2848	3415	3791	3949	522	27.54	1018.64	63.9	234475	AS7341	flash	5	100	999	10	100.0	0.15
2026-07-10T11:44:29.112	457	989	648	1147	2920	2847	3412	3785	3946	521	27.54	1018.65	62.42	238034	AS7341	flash	5	100	999	10	100.0	0.15
2026-07-10T11:44:31.131	457	990	648	1148	2921	2848	3411	3780	3946	521	27.53	1018.61	61.16	240643	AS7341	flash	5	100	999	10	100.0	0.15
2026-07-10T11:44:33.042	456	991	648	1148	2921	2847	3408	3774	3945	521	27.54	1018.62	60.19	244212	AS7341	flash	5	100	999	10	100.0	0.15
2026-07-10T11:44:35.058	456	991	649	1149	2924	2849	3408	3771	3945	521	27.53	1018.61	59.33	246404	AS7341	flash	5	100	999	10	100.0	0.15
2026-07-10T11:44:37.079	457	992	648	1149	2925	2850	3408	3767	3944	521	27.53	1018.63	58.68	249768	AS7341	flash	5	100	999	10	100.0	0.15
2026-07-10T11:44:39.093	457	993	648	1150	2927	2852	3408	3764	3945	521	27.53	1018.63	58.12	251101	AS7341	flash	5	100	999	10	100.0	0.15
2026-07-10T11:44:41.108	457	993	649	1151	2929	2854	3408	3762	3946	521	27.53	1018.63	57.66	253030	AS7341	flash	5	100	999	10	100.0	0.15
2026-07-10T11:44:43.131	457	994	649	1152	2931	2857	3410	3761	3947	521	27.53	1018.6	57.28	254989	AS7341	flash	5	100	999	10	100.0	0.15
2026-07-10T11:44:45.146	457	994	650	1152	2932	2859	3411	3759	3948	521	27.53	1018.62	56.96	256379	AS7341	flash	5	100	999	10	100.0	0.15
2026-07-10T11:44:47.058	457	994	650	1153	2935	2861	3412	3758	3951	521	27.54	1018.63	56.71	257985	AS7341	flash	5	100	999	10	100.0	0.15
2026-07-10T11:44:49.078	457	994	649	1154	2937	2863	3413	3756	3950	521	27.53	1018.61	56.47	261260	AS7341	flash	5	100	999	10	100.0	0.15
2026-07-10T11:44:51.097	457	994	649	1155	2939	2865	3415	3755	3951	522	27.53	1018.61	56.25	260433	AS7341	flash	5	100	999	10	100.0	0.15
2026-07-10T11:44:53.118	457	993	649	1155	2941	2867	3415	3753	3953	521	27.53	1018.6	56.08	261467	AS7341	flash	5	100	999	10	100.0	0.15
2026-07-10T11:44:55.143	457	994	650	1156	2943	2870	3418	3754	3956	522	27.54	1018.6	55.92	262509	AS7341	flash	5	100	999	10	100.0	0.15
2026-07-10T11:44:57.060	457	993	649	1157	2945	2871	3418	3752	3955	522	27.54	1018.57	55.78	264406	AS7341	flash	5	100	999	10	100.0	0.15
2026-07-10T11:44:59.083	457	993	650	1157	2949	2875	3422	3754	3958	522	27.54	1018.59	55.67	265900	AS7341	flash	5	100	999	10	100.0	0.15
2026-07-10T11:45:01.102	458	993	651	1158	2950	2877	3423	3753	3959	522	27.54	1018.6	55.57	265686	AS7341	flash	5	100	999	10	100.0	0.15
2026-07-10T11:45:03.126	458	993	650	1158	2954	2880	3426	3754	3962	523	27.54	1018.6	55.48	267412	AS7341	flash	5	100	999	10	100.0	0.15
2026-07-10T11:45:05.150	458	993	650	1159	2956	2883	3429	3755	3964	523	27.54	1018.63	55.4	267629	AS7341	flash	5	100	999	10	100.0	0.15
2026-07-10T11:45:07.054	458	992	651	1160	2958	2884	3430	3754	3965	523	27.54	1018.59	55.35	268502	AS7341	flash	5	100	999	10	100.0	0.15
2026-07-10T11:45:09.081	458	992	650	1161	2960	2887	3432	3755	3967	523	27.54	1018.58	55.26	269821	AS7341	flash	5	100	999	10	100.0	0.15
2026-07-10T11:45:11.104	458	991	651	1161	2963	2890	3434	3756	3969	523	27.54	1018.55	55.2	270043	AS7341	flash	5	100	999	10	100.0	0.15
2026-07-10T11:45:13.129	458	991	650	1162	2966	2893	3437	3757	3972	523	27.54	1018.6	55.15	270264	AS7341	flash	5	100	999	10	100.0	0.15
2026-07-10T11:45:15.153	458	991	651	1163	2968	2895	3439	3758	3974	523	27.54	1018.56	55.1	269380	AS7341	flash	5	100	999	10	100.0	0.15
2026-07-10T11:45:17.075	458	990	650	1164	2970	2897	3441	3758	3975	524	27.55	1018.57	55.04	271602	AS7341	flash	5	100	999	10	100.0	0.15
2026-07-10T11:45:19.091	458	990	651	1164	2971	2899	3442	3759	3977	524	27.55	1018.59	55.0	272050	AS7341	flash	5	100	999	10	100.0	0.15
2026-07-10T11:45:21.113	459	990	651	1165	2974	2903	3446	3762	3980	524	27.55	1018.56	54.96	272500	AS7341	flash	5	100	999	10	100.0	0.15
2026-07-10T11:45:23.127	459	990	651	1166	2976	2905	3448	3763	3982	524	27.55	1018.55	54.92	272952	AS7341	flash	5	100	999	10	100.0	0.15
2026-07-10T11:45:25.144	459	989	651	1167	2978	2907	3450	3764	3983	524	27.55	1018.56	54.89	274545	AS7341	flash	5	100	999	10	100.0	0.15
2026-07-10T11:45:27.056	459	989	651	1167	2978	2907	3450	3762	3983	524	27.56	1018.52	54.86	273405	AS7341	flash	5	100	999	10	100.0	0.15
2026-07-10T11:45:29.083	459	988	651	1168	2982	2911	3454	3765	3987	525	27.55	1018.58	54.82	274088	AS7341	flash	5	100	999	10	100.0	0.15
2026-07-10T11:45:31.107	459	988	651	1168	2984	2913	3456	3767	3989	525	27.55	1018.53	54.79	274316	AS7341	flash	5	100	999	10	100.0	0.15
2026-07-10T11:45:33.135	459	988	651	1169	2986	2916	3458	3769	3991	525	27.55	1018.53	54.77	274774	AS7341	flash	5	100	999	10	100.0	0.15
2026-07-10T11:45:35.149	460	988	652	1170	2988	2918	3461	3770	3993	525	27.56	1018.58	54.74	274316	AS7341	flash	5	100	999	10	100.0	0.15
2026-07-10T11:45:37.057	459	987	651	1170	2989	2918	3461	3770	3993	525	27.57	1018.62	54.72	276156	AS7341	flash	5	100	999	10	100.0	0.15
2026-07-10T11:45:39.073	460	987	651	1171	2991	2920	3463	3771	3994	526	27.56	1018.53	54.7	275694	AS7341	flash	5	100	999	10	100.0	0.15
2026-07-10T11:45:41.087	460	987	652	1171	2993	2922	3465	3772	3996	526	27.56	1018.58	54.69	276388	AS7341	flash	5	100	999	10	100.0	0.15
2026-07-10T11:45:43.107	460	987	652	1172	2995	2925	3468	3774	3998	526	27.57	1018.6	54.66	276853	AS7341	flash	5	100	999	10	100.0	0.15
2026-07-10T11:45:45.123	460	987	652	1172	2997	2927	3470	3776	4001	526	27.56	1018.61	54.65	276388	AS7341	flash	5	100	999	10	100.0	0.15
2026-07-10T11:45:47.140	460	986	652	1173	2998	2928	3471	3776	4002	526	27.56	1018.56	54.63	277319	AS7341	flash	5	100	999	10	100.0	0.15
2026-07-10T11:45:49.156	460	986	652	1173	2999	2930	3472	3777	4003	526	27.56	1018.52	54.63	277086	AS7341	flash	5	100	999	10	100.0	0.15
2026-07-10T11:45:51.079	460	986	652	1174	3000	2931	3473	3778	4004	526	27.57	1018.53	54.61	277787	AS7341	flash	5	100	999	10	100.0	0.15
2026-07-10T11:45:53.093	460	985	652	1174	3002	2932	3475	3779	4006	527	27.56	1018.53	54.59	277787	AS7341	flash	5	100	999	10	100.0	0.15
2026-07-10T11:45:55.105	460	985	651	1174	3003	2932	3477	3780	4007	527	27.56	1018.53	54.58	277787	AS7341	flash	5	100	999	10	100.0	0.15
2026-07-10T11:45:57.129	460	985	652	1175	3004	2935	3479	3782	4008	527	27.56	1018.56	54.59	278256	AS7341	flash	5	100	999	10	100.0	0.15
2026-07-10T11:45:59.049	460	984	652	1175	3004	2935	3478	3781	4008	527	27.57	1018.53	54.56	278963	AS7341	flash	5	100	999	10	100.0	0.15
2026-07-10T11:46:01.043	460	984	652	1175	3006	2937	3481	3783	4011	527	27.57	1018.56	54.56	278727	AS7341	flash	5	100	999	10	100.0	0.15
2026-07-10T11:46:03.055	460	984	652	1175	3007	2937	3482	3783	4011	527	27.57	1018.56	54.54	278727	AS7341	flash	5	100	999	10	100.0	0.15
2026-07-10T11:46:05.081	461	984	652	1175	3009	2940	3484	3786	4014	527	27.57	1018.54	54.53	278492	AS7341	flash	5	100	999	10	100.0	0.15
2026-07-10T11:46:07.096	461	984	652	1176	3010	2941	3484	3786	4014	527	27.57	1018.51	54.54	278963	AS7341	flash	5	100	999	10	100.0	0.15
2026-07-10T11:46:09.110	461	984	652	1176	3011	2942	3485	3787	4016	528	27.57	1018.54	54.52	279200	AS7341	flash	5	100	999	10	100.0	0.15
2026-07-10T11:46:11.123	461	983	652	1176	3012	2942	3485	3787	4015	527	27.57	1018.57	54.52	279912	AS7341	flash	5	100	999	10	100.0	0.15
2026-07-10T11:46:13.134	461	983	652	1177	3014	2945	3488	3789	4018	528	27.57	1018.56	54.52	279437	AS7341	flash	5	100	999	10	100.0	0.15
2026-07-10T11:46:15.146	461	983	652	1177	3014	2945	3488	3789	4019	528	27.57	1018.51	54.51	280866	AS7341	flash	5	100	999	10	100.0	0.15
2026-07-10T11:46:17.060	461	983	652	1177	3015	2945	3489	3790	4018	528	27.58	1018.5	54.49	282069	AS7341	flash	5	100	999	10	100.0	0.15
2026-07-10T11:46:19.092	461	983	652	1177	3016	2947	3490	3791	4019	528	27.57	1018.54	54.48	282069	AS7341	flash	5	100	999	10	100.0	0.15
2026-07-10T11:46:21.119	461	983	652	1178	3017	2947	3491	3791	4020	528	27.57	1018.51	54.48	279912	AS7341	flash	5	100	999	10	100.0	0.15
2026-07-10T11:46:23.134	461	982	652	1178	3017	2949	3492	3792	4021	528	27.57	1018.53	54.48	280150	AS7341	flash	5	100	999	10	100.0	0.15
2026-07-10T11:46:25.050	461	982	652	1178	3017	2949	3492	3791	4020	528	27.58	1018.52	54.48	281346	AS7341	flash	5	100	999	10	100.0	0.15
2026-07-10T11:46:27.065	461	982	652	1179	3020	2951	3494	3793	4023	528	27.57	1018.55	54.46	280866	AS7341	flash	5	100	999	10	100.0	0.15
2026-07-10T11:46:29.089	461	982	652	1179	3020	2951	3495	3794	4024	528	27.57	1018.51	54.47	282796	AS7341	flash	5	100	999	10	100.0	0.15
2026-07-10T11:46:31.098	461	982	652	1179	3021	2952	3495	3794	4024	528	27.57	1018.54	54.47	280627	AS7341	flash	5	100	999	10	100.0	0.15
2026-07-10T11:46:33.124	461	982	652	1179	3022	2953	3496	3795	4025	529	27.57	1018.53	54.46	281106	AS7341	flash	5	100	999	10	100.0	0.15
2026-07-10T11:46:35.149	461	981	652	1179	3023	2954	3497	3796	4026	529	27.57	1018.54	54.47	280627	AS7341	flash	5	100	999	10	100.0	0.15
2026-07-10T11:46:37.062	461	981	652	1180	3023	2955	3498	3796	4027	529	27.58	1018.52	54.47	282311	AS7341	flash	5	100	999	10	100.0	0.15
2026-07-10T11:46:39.083	461	981	652	1180	3024	2954	3499	3797	4027	529	27.58	1018.51	54.46	281346	AS7341	flash	5	100	999	10	100.0	0.15
2026-07-10T11:46:41.109	461	981	652	1180	3025	2956	3500	3797	4028	529	27.58	1018.51	54.46	281828	AS7341	flash	5	100	999	10	100.0	0.15
2026-07-10T11:46:43.132	461	981	652	1180	3025	2956	3500	3798	4028	529	27.58	1018.53	54.46	287989	AS7341	flash	5	100	999	10	100.0	0.15
2026-07-10T11:46:45.149	461	981	652	1181	3027	2958	3502	3800	4031	529	27.59	1018.52	54.46	282069	AS7341	flash	5	100	999	10	100.0	0.15
2026-07-10T11:46:47.071	461	980	652	1180	3025	2957	3500	3798	4028	529	27.59	1018.51	54.45	284506	AS7341	flash	5	100	999	10	100.0	0.15
2026-07-10T11:46:49.085	461	981	652	1181	3026	2957	3502	3800	4031	529	27.59	1018.51	54.44	281346	AS7341	flash	5	100	999	10	100.0	0.15
2026-07-10T11:46:51.096	461	980	652	1181	3027	2957	3502	3799	4030	529	27.59	1018.53	54.43	281828	AS7341	flash	5	100	999	10	100.0	0.15
2026-07-10T11:46:53.120	461	980	651	1181	3026	2957	3502	3799	4030	529	27.59	1018.52	54.42	282553	AS7341	flash	5	100	999	10	100.0	0.15
2026-07-10T11:46:55.146	461	980	652	1181	3027	2959	3504	3801	4032	529	27.6	1018.54	54.44	281346	AS7341	flash	5	100	999	10	100.0	0.15
2026-07-10T11:46:57.165	462	980	652	1182	3029	2960	3504	3802	4032	529	27.6	1018.57	54.41	281587	AS7341	flash	5	100	999	10	100.0	0.15
2026-07-10T11:46:59.079	462	980	651	1181	3029	2961	3504	3801	4032	529	27.62	1018.56	54.42	282553	AS7341	flash	5	100	999	10	100.0	0.15
2026-07-10T11:47:01.094	462	980	652	1182	3028	2961	3504	3801	4032	529	27.61	1018.55	54.42	283771	AS7341	flash	5	100	999	10	100.0	0.15
2026-07-10T11:47:03.113	462	980	652	1181	3029	2962	3505	3802	4033	529	27.6	1018.52	54.4	282796	AS7341	flash	5	100	999	10	100.0	0.15
2026-07-10T11:47:05.140	462	980	651	1182	3030	2962	3506	3802	4033	529	27.61	1018.53	54.42	281828	AS7341	flash	5	100	999	10	100.0	0.15
2026-07-10T11:47:07.161	462	980	652	1182	3031	2963	3508	3804	4036	530	27.61	1018.55	54.41	286237	AS7341	flash	5	100	999	10	100.0	0.15
2026-07-10T11:47:09.082	462	980	652	1182	3031	2962	3506	3803	4034	529	27.61	1018.55	54.39	284752	AS7341	flash	5	100	999	10	100.0	0.15
2026-07-10T11:47:11.101	462	979	652	1182	3031	2963	3507	3803	4035	529	27.61	1018.56	54.41	284260	AS7341	flash	5	100	999	10	100.0	0.15
2026-07-10T11:47:13.123	462	979	652	1182	3031	2963	3507	3804	4035	529	27.61	1018.56	54.39	283039	AS7341	flash	5	100	999	10	100.0	0.15
2026-07-10T11:47:15.148	462	980	652	1183	3033	2964	3509	3806	4037	530	27.61	1018.52	54.4	284506	AS7341	flash	5	100	999	10	100.0	0.15
2026-07-10T11:47:17.163	462	979	652	1183	3032	2963	3509	3805	4037	530	27.61	1018.55	54.39	287235	AS7341	flash	5	100	999	10	100.0	0.15
2026-07-10T11:47:19.087	462	979	652	1183	3032	2964	3508	3804	4036	530	27.62	1018.53	54.37	283526	AS7341	flash	5	100	999	10	100.0	0.15
2026-07-10T11:47:21.112	462	980	652	1183	3033	2965	3510	3806	4038	530	27.61	1018.5	54.35	283282	AS7341	flash	5	100	999	10	100.0	0.15
2026-07-10T11:47:23.127	462	979	652	1183	3032	2965	3509	3805	4037	530	27.62	1018.54	54.36	285245	AS7341	flash	5	100	999	10	100.0	0.15
2026-07-10T11:47:25.146	462	979	652	1183	3033	2966	3510	3806	4038	530	27.62	1018.56	54.35	284998	AS7341	flash	5	100	999	10	100.0	0.15
2026-07-10T11:47:27.056	462	979	652	1183	3033	2966	3510	3806	4038	530	27.63	1018.54	54.36	287486	AS7341	flash	5	100	999	10	100.0	0.15
2026-07-10T11:47:29.074	462	979	652	1183	3033	2967	3511	3807	4039	530	27.62	1018.55	54.34	283771	AS7341	flash	5	100	999	10	100.0	0.15
2026-07-10T11:47:31.097	462	979	652	1183	3034	2967	3511	3807	4039	530	27.62	1018.55	54.35	285740	AS7341	flash	5	100	999	10	100.0	0.15
2026-07-10T11:47:33.116	462	979	652	1183	3035	2967	3512	3808	4040	530	27.63	1018.55	54.36	283771	AS7341	flash	5	100	999	10	100.0	0.15
2026-07-10T11:47:35.145	462	979	652	1184	3034	2967	3512	3808	4040	530	27.62	1018.53	54.35	284752	AS7341	flash	5	100	999	10	100.0	0.15
2026-07-10T11:47:37.166	462	979	652	1184	3033	2966	3512	3807	4039	530	27.62	1018.55	54.35	283282	AS7341	flash	5	100	999	10	100.0	0.15
2026-07-10T11:47:39.072	462	979	652	1184	3033	2967	3511	3806	4039	530	27.64	1018.52	54.34	285492	AS7341	flash	5	100	999	10	100.0	0.15
2026-07-10T11:47:41.100	462	979	652	1184	3034	2967	3512	3808	4040	530	27.63	1018.54	54.34	285245	AS7341	flash	5	100	999	10	100.0	0.15
2026-07-10T11:47:43.117	462	979	652	1184	3035	2967	3513	3809	4041	530	27.63	1018.56	54.35	285245	AS7341	flash	5	100	999	10	100.0	0.15
2026-07-10T11:47:45.131	462	978	652	1184	3034	2967	3512	3807	4039	530	27.63	1018.55	54.35	285740	AS7341	flash	5	100	999	10	100.0	0.15
2026-07-10T11:47:47.155	462	979	652	1184	3036	2968	3513	3808	4040	530	27.62	1018.55	54.34	283282	AS7341	flash	5	100	999	10	100.0	0.15
2026-07-10T11:47:49.061	462	979	652	1184	3035	2968	3512	3808	4040	530	27.64	1018.56	54.35	287235	AS7341	flash	5	100	999	10	100.0	0.15
2026-07-10T11:47:51.080	462	979	652	1184	3036	2969	3514	3810	4042	530	27.63	1018.52	54.33	286237	AS7341	flash	5	100	999	10	100.0	0.15
2026-07-10T11:47:53.099	462	978	652	1184	3036	2968	3513	3809	4041	530	27.63	1018.55	54.34	284260	AS7341	flash	5	100	999	10	100.0	0.15
2026-07-10T11:47:55.124	462	979	652	1184	3036	2968	3514	3809	4042	530	27.63	1018.53	54.34	284260	AS7341	flash	5	100	999	10	100.0	0.15
2026-07-10T11:47:57.153	462	979	652	1184	3035	2968	3513	3809	4041	530	27.63	1018.51	54.36	284015	AS7341	flash	5	100	999	10	100.0	0.15
2026-07-10T11:47:59.061	462	978	652	1184	3036	2969	3513	3809	4041	530	27.64	1018.53	54.34	286486	AS7341	flash	5	100	999	10	100.0	0.15
2026-07-10T11:48:01.082	462	979	652	1184	3036	2969	3514	3810	4042	530	27.63	1018.55	54.35	286237	AS7341	flash	5	100	999	10	100.0	0.15
2026-07-10T11:48:03.095	462	979	652	1184	3037	2970	3514	3810	4041	530	27.63	1018.52	54.32	286237	AS7341	flash	5	100	999	10	100.0	0.15
2026-07-10T11:48:05.111	462	978	652	1184	3036	2970	3514	3810	4042	530	27.63	1018.53	54.36	285988	AS7341	flash	5	100	999	10	100.0	0.15
2026-07-10T11:48:07.132	462	978	652	1184	3037	2970	3514	3810	4042	530	27.64	1018.52	54.36	284752	AS7341	flash	5	100	999	10	100.0	0.15
2026-07-10T11:48:09.155	462	978	652	1184	3037	2969	3515	3810	4042	530	27.64	1018.59	54.36	285988	AS7341	flash	5	100	999	10	100.0	0.15
2026-07-10T11:48:11.062	462	978	652	1184	3036	2969	3514	3809	4041	530	27.64	1018.55	54.36	284998	AS7341	flash	5	100	999	10	100.0	0.15
2026-07-10T11:48:13.091	462	978	652	1184	3036	2968	3514	3809	4041	530	27.63	1018.56	54.34	291816	AS7341	flash	5	100	999	10	100.0	0.15
2026-07-10T11:48:15.111	462	978	652	1184	3038	2970	3516	3811	4044	530	27.63	1018.54	54.35	285245	AS7341	flash	5	100	999	10	100.0	0.15
2026-07-10T11:48:17.122	462	978	652	1185	3038	2970	3516	3812	4044	530	27.64	1018.53	54.34	284752	AS7341	flash	5	100	999	10	100.0	0.15
2026-07-10T11:48:19.148	462	978	652	1184	3037	2969	3515	3810	4042	530	27.64	1018.53	54.34	285988	AS7341	flash	5	100	999	10	100.0	0.15
2026-07-10T11:48:21.063	462	978	652	1184	3037	2970	3515	3810	4042	530	27.65	1018.57	54.35	291300	AS7341	flash	5	100	999	10	100.0	0.15
2026-07-10T11:48:23.082	462	978	652	1184	3038	2970	3515	3811	4043	530	27.64	1018.54	54.34	286486	AS7341	flash	5	100	999	10	100.0	0.15
2026-07-10T11:48:25.109	462	979	652	1185	3038	2970	3516	3811	4044	530	27.64	1018.52	54.35	285740	AS7341	flash	5	100	999	10	100.0	0.15
2026-07-10T11:48:27.136	462	979	652	1185	3038	2972	3517	3812	4044	530	27.64	1018.51	54.35	285988	AS7341	flash	5	100	999	10	100.0	0.15
2026-07-10T11:48:29.164	462	978	652	1185	3039	2971	3517	3812	4044	530	27.64	1018.54	54.34	284998	AS7341	flash	5	100	999	10	100.0	0.15
2026-07-10T11:48:31.184	462	978	652	1185	3037	2970	3517	3811	4044	530	27.64	1018.5	54.35	284752	AS7341	flash	5	100	999	10	100.0	0.15
2026-07-10T11:48:33.104	462	978	652	1184	3037	2970	3515	3810	4042	530	27.65	1018.54	54.35	289763	AS7341	flash	5	100	999	10	100.0	0.15
2026-07-10T11:48:35.129	462	978	652	1185	3038	2971	3516	3811	4043	530	27.65	1018.53	54.36	292335	AS7341	flash	5	100	999	10	100.0	0.15
2026-07-10T11:48:37.144	462	978	652	1185	3038	2971	3516	3812	4044	530	27.65	1018.54	54.35	286237	AS7341	flash	5	100	999	10	100.0	0.15
2026-07-10T11:48:39.169	462	978	652	1185	3038	2971	3517	3812	4044	530	27.64	1018.52	54.36	285245	AS7341	flash	5	100	999	10	100.0	0.15
2026-07-10T11:48:41.075	462	978	652	1185	3038	2972	3516	3811	4044	530	27.66	1018.53	54.35	290273	AS7341	flash	5	100	999	10	100.0	0.15
2026-07-10T11:48:43.091	462	978	652	1185	3037	2970	3517	3812	4044	530	27.65	1018.54	54.35	286735	AS7341	flash	5	100	999	10	100.0	0.15
2026-07-10T11:48:45.102	462	978	652	1185	3038	2972	3517	3813	4044	530	27.64	1018.52	54.35	285988	AS7341	flash	5	100	999	10	100.0	0.15
2026-07-10T11:48:47.126	462	978	652	1185	3039	2972	3518	3812	4045	530	27.64	1018.52	54.37	285740	AS7341	flash	5	100	999	10	100.0	0.15
2026-07-10T11:48:49.141	462	978	652	1185	3037	2971	3517	3812	4044	530	27.64	1018.53	54.36	290786	AS7341	flash	5	100	999	10	100.0	0.15
2026-07-10T11:48:51.161	462	978	652	1185	3040	2973	3518	3813	4045	530	27.64	1018.57	54.37	287235	AS7341	flash	5	100	999	10	100.0	0.15
2026-07-10T11:48:53.182	462	978	652	1185	3039	2972	3519	3813	4046	531	27.63	1018.56	54.38	284998	AS7341	flash	5	100	999	10	100.0	0.15
2026-07-10T11:48:55.089	462	978	652	1185	3038	2971	3517	3812	4044	530	27.65	1018.57	54.4	290273	AS7341	flash	5	100	999	10	100.0	0.15
2026-07-10T11:48:57.103	462	978	652	1185	3038	2971	3517	3812	4044	530	27.64	1018.55	54.4	285740	AS7341	flash	5	100	999	10	100.0	0.15
2026-07-10T11:48:59.132	462	978	652	1185	3039	2971	3517	3813	4044	530	27.64	1018.54	54.4	287235	AS7341	flash	5	100	999	10	100.0	0.15
2026-07-10T11:49:01.151	462	978	652	1185	3040	2973	3518	3813	4045	530	27.64	1018.55	54.42	285492	AS7341	flash	5	100	999	10	100.0	0.15
2026-07-10T11:49:03.167	462	978	652	1185	3039	2973	3518	3813	4045	530	27.64	1018.57	54.42	285988	AS7341	flash	5	100	999	10	100.0	0.15
2026-07-10T11:49:05.086	462	978	652	1185	3038	2970	3516	3811	4043	530	27.65	1018.58	54.42	287235	AS7341	flash	5	100	999	10	100.0	0.15
2026-07-10T11:49:07.109	462	978	652	1185	3039	2972	3518	3813	4045	530	27.64	1018.51	54.43	287235	AS7341	flash	5	100	999	10	100.0	0.15
2026-07-10T11:49:09.124	462	978	652	1185	3040	2973	3518	3814	4045	530	27.64	1018.54	54.42	288241	AS7341	flash	5	100	999	10	100.0	0.15
2026-07-10T11:49:11.149	462	978	652	1184	3037	2970	3517	3811	4043	530	27.63	1018.54	54.43	285988	AS7341	flash	5	100	999	10	100.0	0.15
2026-07-10T11:49:13.180	462	978	652	1185	3038	2971	3518	3813	4045	530	27.63	1018.52	54.43	291816	AS7341	flash	5	100	999	10	100.0	0.15
2026-07-10T11:49:15.095	462	978	652	1184	3038	2971	3517	3813	4044	530	27.65	1018.57	54.43	286237	AS7341	flash	5	100	999	10	100.0	0.15
2026-07-10T11:49:17.112	462	978	652	1185	3039	2972	3517	3813	4044	530	27.63	1018.52	54.44	286237	AS7341	flash	5	100	999	10	100.0	0.15
2026-07-10T11:49:19.127	462	978	652	1185	3040	2972	3519	3813	4045	530	27.64	1018.55	54.45	289508	AS7341	flash	5	100	999	10	100.0	0.15
2026-07-10T11:49:21.152	462	978	652	1185	3038	2972	3518	3814	4045	531	27.63	1018.54	54.45	286237	AS7341	flash	5	100	999	10	0.0	0.15
2026-07-10T11:49:23.166	462	978	652	1184	3035	2969	3518	3818	4045	530	27.67	1018.54	54.98	284752	AS7341	flash	5	100	999	10	0.0	0.15
2026-07-10T11:49:25.079	462	977	651	1182	3031	2965	3514	3818	4042	530	27.7	1018.55	56.31	283282	AS7341	flash	5	100	999	10	0.0	0.15
2026-07-10T11:49:27.101	462	977	651	1181	3026	2959	3512	3821	4039	530	27.7	1018.52	57.94	274545	AS7341	flash	5	100	999	10	0.0	0.15
2026-07-10T11:49:29.116	461	978	651	1178	3020	2953	3506	3820	4033	529	27.71	1018.55	59.49	269821	AS7341	flash	5	100	999	10	0.0	0.15
2026-07-10T11:49:31.140	461	978	651	1177	3015	2948	3502	3823	4031	529	27.72	1018.56	60.89	265044	AS7341	flash	5	100	999	10	0.0	0.15
2026-07-10T11:49:33.155	461	978	650	1174	3008	2940	3496	3821	4024	528	27.73	1018.57	62.11	261675	AS7341	flash	5	100	999	10	0.0	0.15
2026-07-10T11:49:35.186	461	979	650	1173	3002	2933	3491	3821	4021	528	27.73	1018.57	63.09	257380	AS7341	flash	5	100	999	10	0.0	0.15
2026-07-10T11:49:37.103	460	979	650	1170	2994	2925	3484	3818	4014	527	27.74	1018.51	63.85	255980	AS7341	flash	5	100	999	10	0.0	0.15
2026-07-10T11:49:39.121	460	980	650	1169	2987	2918	3478	3818	4009	527	27.74	1018.57	64.5	251869	AS7341	flash	5	100	999	10	0.0	0.15
2026-07-10T11:49:41.140	460	980	649	1166	2982	2912	3472	3817	4003	526	27.75	1018.58	65.02	249768	AS7341	flash	5	100	999	10	0.0	0.15
2026-07-10T11:49:43.167	459	981	649	1164	2976	2905	3467	3815	3998	526	27.76	1018.54	65.52	247144	AS7341	flash	5	100	999	10	0.0	0.15
2026-07-10T11:49:45.078	459	981	649	1162	2969	2899	3461	3813	3993	525	27.78	1018.58	65.95	244938	AS7341	flash	5	100	999	10	0.0	0.15
2026-07-10T11:49:47.100	459	982	649	1160	2964	2893	3456	3813	3989	525	27.77	1018.56	66.36	242772	AS7341	flash	5	100	999	10	0.0	0.15
2026-07-10T11:49:49.122	459	983	649	1159	2959	2888	3452	3812	3984	525	27.78	1018.58	66.79	240643	AS7341	flash	5	100	999	10	0.0	0.15
2026-07-10T11:49:51.139	458	983	648	1157	2953	2882	3447	3811	3980	524	27.79	1018.58	67.17	239942	AS7341	flash	5	100	999	10	0.0	0.15
2026-07-10T11:49:53.152	458	983	648	1155	2947	2876	3442	3809	3974	524	27.8	1018.63	67.51	238897	AS7341	flash	5	100	999	10	0.0	0.15
2026-07-10T11:49:55.177	458	984	648	1153	2943	2870	3437	3807	3970	523	27.8	1018.62	67.84	234642	AS7341	flash	5	100	999	10	0.0	0.15
2026-07-10T11:49:57.093	457	984	648	1153	2939	2866	3434	3807	3967	523	27.81	1018.59	68.13	235818	AS7341	flash	5	100	999	10	0.0	0.15
2026-07-10T11:49:59.111	458	985	648	1152	2935	2862	3431	3807	3965	523	27.81	1018.63	68.38	230859	AS7341	flash	5	100	999	10	0.0	0.15
2026-07-10T11:50:01.138	457	985	648	1150	2931	2858	3428	3807	3962	523	27.81	1018.57	68.56	229252	AS7341	flash	5	100	999	10	0.0	0.15
2026-07-10T11:50:03.169	457	985	648	1149	2927	2854	3424	3806	3958	522	27.82	1018.6	68.68	228299	AS7341	flash	5	100	999	10	0.0	0.15
2026-07-10T11:50:05.087	457	985	647	1147	2921	2848	3419	3803	3952	522	27.84	1018.57	68.87	226883	AS7341	flash	5	100	999	10	0.0	0.15
2026-07-10T11:50:07.109	457	986	647	1146	2918	2845	3417	3803	3950	521	27.84	1018.61	69.1	225795	AS7341	flash	5	100	999	10	0.0	0.15
2026-07-10T11:50:09.140	456	986	647	1145	2914	2841	3413	3802	3947	521	27.84	1018.58	69.32	223952	AS7341	flash	5	100	999	10	0.0	0.15
2026-07-10T11:50:11.157	456	987	647	1144	2912	2838	3411	3803	3945	521	27.85	1018.61	69.6	223042	AS7341	flash	5	100	999	10	0.0	0.15
2026-07-10T11:50:13.170	456	988	647	1143	2910	2834	3409	3802	3943	521	27.85	1018.58	69.8	221542	AS7341	flash	5	100	999	10	0.0	0.15
2026-07-10T11:50:15.201	456	988	647	1141	2906	2831	3406	3801	3940	520	27.86	1018.61	70.01	219768	AS7341	flash	5	100	999	10	0.0	0.15
2026-07-10T11:50:17.106	456	988	647	1140	2903	2828	3404	3801	3938	520	27.88	1018.61	70.29	219768	AS7341	flash	5	100	999	10	0.0	0.15
2026-07-10T11:50:19.131	456	988	647	1139	2899	2824	3401	3799	3934	520	27.86	1018.58	70.48	218022	AS7341	flash	5	100	999	10	0.0	0.15
2026-07-10T11:50:21.152	456	988	647	1139	2899	2825	3403	3802	3935	520	27.87	1018.6	70.58	217446	AS7341	flash	5	100	999	10	100.0	0.15
2026-07-10T11:50:23.169	456	989	647	1140	2899	2826	3402	3798	3934	520	27.84	1018.59	69.8	220061	AS7341	flash	5	100	999	10	100.0	0.15
2026-07-10T11:50:25.202	456	990	648	1140	2898	2825	3400	3793	3931	520	27.82	1018.61	67.83	223193	AS7341	flash	5	100	999	10	100.0	0.15
2026-07-10T11:50:27.112	456	991	648	1139	2896	2823	3396	3787	3928	519	27.83	1018.61	65.92	227353	AS7341	flash	5	100	999	10	100.0	0.15
2026-07-10T11:50:29.128	456	993	648	1140	2897	2823	3394	3781	3926	519	27.81	1018.58	64.18	232489	AS7341	flash	5	100	999	10	100.0	0.15
2026-07-10T11:50:31.149	456	994	649	1140	2897	2822	3391	3775	3925	519	27.81	1018.6	62.75	235145	AS7341	flash	5	100	999	10	100.0	0.15
2026-07-10T11:50:33.168	456	996	649	1140	2898	2822	3389	3770	3924	519	27.8	1018.6	61.62	238551	AS7341	flash	5	100	999	10	100.0	0.15
2026-07-10T11:50:35.197	456	996	649	1140	2897	2822	3386	3764	3922	519	27.8	1018.6	60.7	242772	AS7341	flash	5	100	999	10	100.0	0.15
2026-07-10T11:50:37.209	456	997	649	1140	2897	2821	3385	3759	3920	518	27.79	1018.55	59.96	243490	AS7341	flash	5	100	999	10	100.0	0.15
2026-07-10T11:50:39.129	456	998	650	1141	2897	2822	3384	3755	3919	518	27.8	1018.58	59.36	245303	AS7341	flash	5	100	999	10	100.0	0.15
2026-07-10T11:50:41.147	456	999	650	1141	2899	2823	3384	3751	3920	518	27.79	1018.57	58.84	247144	AS7341	flash	5	100	999	10	100.0	0.15
2026-07-10T11:50:43.159	456	1000	650	1142	2900	2825	3384	3748	3920	518	27.78	1018.57	58.4	249579	AS7341	flash	5	100	999	10	100.0	0.15
2026-07-10T11:50:45.182	456	1000	650	1142	2902	2826	3384	3745	3921	518	27.78	1018.57	58.07	251677	AS7341	flash	5	100	999	10	100.0	0.15
2026-07-10T11:50:47.210	456	1000	651	1143	2903	2828	3384	3743	3921	518	27.79	1018.58	57.75	254202	AS7341	flash	5	100	999	10	100.0	0.15
2026-07-10T11:50:49.116	456	1001	651	1143	2904	2829	3384	3741	3921	518	27.78	1018.54	57.51	256179	AS7341	flash	5	100	999	10	100.0	0.15
2026-07-10T11:50:51.130	456	1001	651	1144	2906	2831	3385	3740	3923	519	27.78	1018.54	57.28	255980	AS7341	flash	5	100	999	10	100.0	0.15
2026-07-10T11:50:53.152	456	1001	651	1145	2909	2833	3387	3739	3924	520	27.77	1018.55	57.08	259000	AS7341	flash	5	100	999	10	100.0	0.15
2026-07-10T11:50:55.172	456	1001	651	1146	2909	2835	3387	3736	3924	519	27.77	1018.56	56.92	258390	AS7341	flash	5	100	999	10	100.0	0.15
2026-07-10T11:50:57.193	456	1001	651	1146	2913	2837	3389	3736	3926	520	27.77	1018.56	56.76	264618	AS7341	flash	5	100	999	10	100.0	0.15
2026-07-10T11:50:59.211	456	1001	651	1147	2915	2840	3391	3736	3928	519	27.77	1018.53	56.62	264194	AS7341	flash	5	100	999	10	100.0	0.15
2026-07-10T11:51:01.112	456	1000	651	1148	2917	2842	3392	3735	3929	520	27.79	1018.53	56.52	264831	AS7341	flash	5	100	999	10	100.0	0.15
2026-07-10T11:51:03.132	457	1001	652	1149	2919	2845	3394	3735	3931	519	27.78	1018.54	56.4	262719	AS7341	flash	5	100	999	10	100.0	0.15
2026-07-10T11:51:05.154	457	1000	651	1149	2921	2847	3395	3734	3932	520	27.77	1018.56	56.29	264831	AS7341	flash	5	100	999	10	100.0	0.15
2026-07-10T11:51:07.175	457	1000	652	1150	2924	2850	3398	3735	3935	519	27.77	1018.52	56.21	266762	AS7341	flash	5	100	999	10	100.0	0.15
2026-07-10T11:51:09.200	457	1000	652	1151	2927	2853	3401	3737	3938	521	27.77	1018.53	56.13	269160	AS7341	flash	5	100	999	10	100.0	0.15
2026-07-10T11:51:11.218	457	999	652	1152	2929	2855	3402	3736	3938	521	27.77	1018.55	56.06	270264	AS7341	flash	5	100	999	10	100.0	0.15
2026-07-10T11:51:13.132	457	999	652	1151	2931	2857	3404	3736	3940	521	27.78	1018.55	55.99	272050	AS7341	flash	5	100	999	10	100.0	0.15
2026-07-10T11:51:15.155	457	999	652	1152	2934	2860	3406	3738	3942	521	27.77	1018.52	55.93	269380	AS7341	flash	5	100	999	10	100.0	0.15
2026-07-10T11:51:17.184	457	998	652	1153	2936	2862	3408	3737	3943	521	27.77	1018.55	55.87	269380	AS7341	flash	5	100	999	10	100.0	0.15
2026-07-10T11:51:19.202	457	998	652	1154	2938	2865	3412	3739	3947	520	27.76	1018.5	55.81	268283	AS7341	flash	5	100	999	10	100.0	0.15
2026-07-10T11:51:21.112	457	998	652	1154	2939	2866	3412	3739	3947	521	27.78	1018.55	55.76	269160	AS7341	flash	5	100	999	10	100.0	0.15
2026-07-10T11:51:23.135	458	998	652	1155	2942	2870	3416	3741	3951	522	27.77	1018.58	55.71	272952	AS7341	flash	5	100	999	10	100.0	0.15
2026-07-10T11:51:25.154	458	997	652	1156	2944	2872	3417	3742	3952	521	27.76	1018.55	55.68	269821	AS7341	flash	5	100	999	10	100.0	0.15
2026-07-10T11:51:27.172	458	997	652	1156	2945	2873	3419	3742	3953	522	27.76	1018.54	55.64	272050	AS7341	flash	5	100	999	10	100.0	0.15
2026-07-10T11:51:29.191	458	996	652	1157	2949	2876	3422	3744	3954	522	27.76	1018.53	55.61	272050	AS7341	flash	5	100	999	10	100.0	0.15
2026-07-10T11:51:31.204	458	996	652	1158	2950	2878	3423	3744	3956	521	27.77	1018.55	55.57	272050	AS7341	flash	5	100	999	10	100.0	0.15
2026-07-10T11:51:33.120	458	995	652	1158	2951	2879	3424	3744	3956	521	27.77	1018.54	55.54	273405	AS7341	flash	5	100	999	10	100.0	0.15
2026-07-10T11:51:35.136	458	995	652	1159	2954	2882	3427	3746	3960	522	27.77	1018.55	55.5	276156	AS7341	flash	5	100	999	10	100.0	0.15
2026-07-10T11:51:37.167	458	995	652	1160	2957	2885	3431	3749	3963	522	27.77	1018.55	55.47	272952	AS7341	flash	5	100	999	10	100.0	0.15
2026-07-10T11:51:39.181	459	995	652	1161	2959	2887	3432	3750	3964	522	27.76	1018.55	55.43	276853	AS7341	flash	5	100	999	10	100.0	0.15
2026-07-10T11:51:41.201	458	994	652	1161	2960	2889	3433	3750	3966	523	27.77	1018.54	55.41	272952	AS7341	flash	5	100	999	10	100.0	0.15
2026-07-10T11:51:43.117	458	994	652	1161	2962	2890	3434	3751	3966	522	27.78	1018.54	55.37	276156	AS7341	flash	5	100	999	10	100.0	0.15
2026-07-10T11:51:45.133	459	994	652	1162	2964	2892	3436	3752	3969	523	27.77	1018.52	55.33	276620	AS7341	flash	5	100	999	10	100.0	0.15
2026-07-10T11:51:47.158	459	993	652	1163	2966	2895	3438	3753	3970	523	27.76	1018.54	55.31	275694	AS7341	flash	5	100	999	10	100.0	0.15
2026-07-10T11:51:49.178	459	993	652	1163	2967	2896	3439	3754	3971	523	27.77	1018.53	55.3	276388	AS7341	flash	5	100	999	10	100.0	0.15
2026-07-10T11:51:51.197	459	993	652	1164	2968	2897	3442	3755	3973	524	27.76	1018.52	55.29	277086	AS7341	flash	5	100	999	10	100.0	0.15
2026-07-10T11:51:53.117	459	992	652	1164	2970	2898	3442	3756	3973	523	27.77	1018.53	55.25	281828	AS7341	flash	5	100	999	10	100.0	0.15
2026-07-10T11:51:55.146	459	992	652	1165	2972	2901	3446	3758	3977	524	27.77	1018.55	55.22	277787	AS7341	flash	5	100	999	10	100.0	0.15
2026-07-10T11:51:57.172	459	992	652	1166	2974	2903	3448	3761	3980	524	27.76	1018.51	55.19	276620	AS7341	flash	5	100	999	10	100.0	0.15
2026-07-10T11:51:59.191	459	991	652	1166	2975	2904	3449	3760	3980	524	27.77	1018.51	55.19	279437	AS7341	flash	5	100	999	10	100.0	0.15
2026-07-10T11:52:01.205	459	991	652	1166	2976	2905	3450	3761	3981	524	27.76	1018.53	55.18	279912	AS7341	flash	5	100	999	10	100.0	0.15
2026-07-10T11:52:03.115	459	991	652	1166	2977	2906	3451	3762	3982	524	27.77	1018.52	55.15	277553	AS7341	flash	5	100	999	10	100.0	0.15
2026-07-10T11:52:05.135	459	991	652	1167	2979	2909	3453	3763	3984	524	27.77	1018.55	55.14	278021	AS7341	flash	5	100	999	10	100.0	0.15
2026-07-10T11:52:07.151	459	990	652	1168	2980	2910	3454	3764	3984	524	27.76	1018.55	55.12	278963	AS7341	flash	5	100	999	10	100.0	0.15
2026-07-10T11:52:09.175	459	990	652	1168	2982	2911	3456	3765	3985	524	27.76	1018.54	55.14	277553	AS7341	flash	5	100	999	10	100.0	0.15
2026-07-10T11:52:11.185	460	990	652	1169	2982	2912	3457	3766	3986	524	27.75	1018.52	55.12	278021	AS7341	flash	5	100	999	10	100.0	0.15
2026-07-10T11:52:13.204	460	990	652	1169	2984	2914	3458	3767	3987	524	27.76	1018.52	55.1	283282	AS7341	flash	5	100	999	10	100.0	0.15
2026-07-10T11:52:15.114	460	989	652	1169	2985	2915	3460	3768	3989	525	27.78	1018.53	55.08	278963	AS7341	flash	5	100	999	10	100.0	0.15
2026-07-10T11:52:17.136	460	989	652	1170	2987	2917	3462	3770	3991	525	27.76	1018.55	55.07	279437	AS7341	flash	5	100	999	10	100.0	0.15
2026-07-10T11:52:19.163	460	989	652	1170	2988	2918	3463	3771	3992	525	27.76	1018.56	55.06	281828	AS7341	flash	5	100	999	10	100.0	0.15
2026-07-10T11:52:21.173	460	989	652	1170	2988	2917	3463	3770	3992	525	27.76	1018.55	55.06	280388	AS7341	flash	5	100	999	10	100.0	0.15
2026-07-10T11:52:23.192	460	989	652	1171	2990	2920	3465	3773	3994	525	27.76	1018.5	55.05	282311	AS7341	flash	5	100	999	10	100.0	0.15
2026-07-10T11:52:25.209	460	988	652	1171	2991	2922	3466	3773	3995	525	27.76	1018.54	55.04	285245	AS7341	flash	5	100	999	10	100.0	0.15
2026-07-10T11:52:27.114	460	988	652	1171	2991	2922	3466	3773	3995	525	27.78	1018.56	55.03	279437	AS7341	flash	5	100	999	10	100.0	0.15
2026-07-10T11:52:29.126	460	988	652	1170	2993	2923	3468	3774	3996	525	27.76	1018.52	55.03	279912	AS7341	flash	5	100	999	10	100.0	0.15
2026-07-10T11:52:31.147	460	987	652	1172	2994	2924	3469	3775	3997	525	27.77	1018.53	55.01	285245	AS7341	flash	5	100	999	10	100.0	0.15
2026-07-10T11:52:33.173	460	987	652	1171	2995	2925	3470	3776	3998	526	27.76	1018.54	55.01	281346	AS7341	flash	5	100	999	10	100.0	0.15
2026-07-10T11:52:35.197	460	988	652	1171	2995	2926	3470	3776	3998	526	27.75	1018.51	55.0	281106	AS7341	flash	5	100	999	10	100.0	0.15
2026-07-10T11:52:37.215	460	987	652	1171	2997	2927	3473	3778	4001	526	27.76	1018.53	54.99	283282	AS7341	flash	5	100	999	10	100.0	0.15
2026-07-10T11:52:39.136	460	987	652	1172	2997	2928	3473	3778	4001	526	27.78	1018.52	54.99	281828	AS7341	flash	5	100	999	10	100.0	0.15
2026-07-10T11:52:41.169	460	988	652	1172	2999	2929	3475	3780	4003	526	27.75	1018.53	54.99	282796	AS7341	flash	5	100	999	10	100.0	0.15
2026-07-10T11:52:43.198	460	987	652	1173	2999	2930	3475	3781	4003	526	27.76	1018.54	55.0	279912	AS7341	flash	5	100	999	10	100.0	0.15
2026-07-10T11:52:45.113	460	987	652	1173	3000	2930	3476	3781	4004	526	27.78	1018.53	54.99	285988	AS7341	flash	5	100	999	10	100.0	0.15
2026-07-10T11:52:47.122	461	987	652	1173	3001	2932	3477	3782	4005	526	27.78	1018.54	54.98	281346	AS7341	flash	5	100	999	10	100.0	0.15
2026-07-10T11:52:49.140	460	986	652	1173	3000	2932	3477	3781	4005	526	27.77	1018.52	54.97	284752	AS7341	flash	5	100	999	10	100.0	0.15
2026-07-10T11:52:51.166	460	986	652	1173	3001	2933	3478	3783	4006	526	27.77	1018.56	54.95	281828	AS7341	flash	5	100	999	10	100.0	0.15
2026-07-10T11:52:53.195	460	986	652	1173	3002	2934	3479	3782	4006	526	27.77	1018.56	54.96	285988	AS7341	flash	5	100	999	10	100.0	0.15
2026-07-10T11:52:55.115	460	986	652	1173	3002	2933	3479	3782	4006	526	27.78	1018.49	54.94	286486	AS7341	flash	5	100	999	10	100.0	0.15
2026-07-10T11:52:57.139	461	986	652	1174	3004	2936	3481	3784	4009	527	27.77	1018.5	54.94	286985	AS7341	flash	5	100	999	10	100.0	0.15
2026-07-10T11:52:59.151	461	987	652	1174	3004	2936	3482	3785	4009	527	27.77	1018.49	54.92	280627	AS7341	flash	5	100	999	10	100.0	0.15
2026-07-10T11:53:01.174	461	985	652	1174	3004	2936	3481	3784	4008	526	27.77	1018.51	54.92	288746	AS7341	flash	5	100	999	10	100.0	0.15
2026-07-10T11:53:03.192	461	986	652	1175	3005	2937	3482	3785	4009	527	27.77	1018.5	54.91	280388	AS7341	flash	5	100	999	10	100.0	0.15
2026-07-10T11:53:05.207	461	986	652	1175	3005	2937	3483	3785	4009	527	27.77	1018.53	54.91	286985	AS7341	flash	5	100	999	10	100.0	0.15
2026-07-10T11:53:07.129	461	986	652	1175	3007	2938	3484	3786	4011	527	27.78	1018.52	54.92	287737	AS7341	flash	5	100	999	10	100.0	0.15
2026-07-10T11:53:09.154	461	986	652	1175	3007	2939	3484	3786	4011	527	27.77	1018.49	54.9	284752	AS7341	flash	5	100	999	10	100.0	0.15
2026-07-10T11:53:11.173	461	986	652	1175	3008	2939	3485	3787	4012	527	27.77	1018.51	54.89	286985	AS7341	flash	5	100	999	10	100.0	0.15
2026-07-10T11:53:13.187	461	986	652	1175	3008	2940	3486	3788	4012	527	27.77	1018.51	54.87	281587	AS7341	flash	5	100	999	10	100.0	0.15
2026-07-10T11:53:15.202	461	986	652	1176	3009	2941	3487	3789	4013	527	27.77	1018.51	54.88	281828	AS7341	flash	5	100	999	10	100.0	0.15
2026-07-10T11:53:17.222	461	984	652	1176	3009	2941	3486	3788	4013	527	27.77	1018.5	54.88	285740	AS7341	flash	5	100	999	10	100.0	0.15
2026-07-10T11:53:19.142	461	985	652	1175	3009	2941	3486	3788	4013	527	27.78	1018.52	54.85	287235	AS7341	flash	5	100	999	10	100.0	0.15
2026-07-10T11:53:21.157	461	985	652	1176	3010	2942	3488	3789	4014	527	27.78	1018.52	54.85	282796	AS7341	flash	5	100	999	10	100.0	0.15
2026-07-10T11:53:23.173	461	985	652	1176	3011	2943	3489	3790	4015	527	27.78	1018.51	54.84	282311	AS7341	flash	5	100	999	10	100.0	0.15
2026-07-10T11:53:25.197	461	985	652	1176	3011	2943	3489	3790	4015	527	27.77	1018.5	54.84	286486	AS7341	flash	5	100	999	10	100.0	0.15
2026-07-10T11:53:27.211	461	984	652	1176	3011	2943	3489	3790	4015	527	27.78	1018.54	54.84	284260	AS7341	flash	5	100	999	10	100.0	0.15
2026-07-10T11:53:29.134	461	984	652	1176	3011	2943	3488	3789	4014	527	27.79	1018.56	54.83	286985	AS7341	flash	5	100	999	10	100.0	0.15
2026-07-10T11:53:31.158	461	985	652	1177	3013	2944	3491	3792	4017	527	27.78	1018.52	54.82	286486	AS7341	flash	5	100	999	10	100.0	0.15
2026-07-10T11:53:33.171	461	984	652	1177	3012	2944	3490	3792	4017	527	27.78	1018.54	54.82	283039	AS7341	flash	5	100	999	10	100.0	0.15
2026-07-10T11:53:35.190	461	984	652	1177	3013	2945	3491	3792	4017	527	27.78	1018.51	54.83	287989	AS7341	flash	5	100	999	10	100.0	0.15
2026-07-10T11:53:37.215	461	984	652	1177	3013	2944	3491	3792	4018	527	27.78	1018.53	54.8	286735	AS7341	flash	5	100	999	10	100.0	0.15
2026-07-10T11:53:39.133	461	983	652	1177	3012	2944	3490	3791	4016	527	27.78	1018.53	54.81	284752	AS7341	flash	5	100	999	10	100.0	0.15
2026-07-10T11:53:41.155	461	983	652	1177	3014	2947	3493	3793	4019	528	27.78	1018.52	54.79	289254	AS7341	flash	5	100	999	10	100.0	0.15
2026-07-10T11:53:43.180	461	984	652	1177	3015	2947	3493	3794	4019	528	27.77	1018.51	54.8	286237	AS7341	flash	5	100	999	10	100.0	0.15
2026-07-10T11:53:45.201	461	983	652	1177	3015	2947	3493	3794	4020	528	27.78	1018.51	54.8	284260	AS7341	flash	5	100	999	10	100.0	0.15
2026-07-10T11:53:47.234	461	984	652	1177	3016	2948	3494	3794	4020	528	27.78	1018.55	54.79	282796	AS7341	flash	5	100	999	10	100.0	0.15
2026-07-10T11:53:49.145	461	984	652	1177	3015	2947	3493	3793	4019	527	27.78	1018.48	54.79	287737	AS7341	flash	5	100	999	10	100.0	0.15
2026-07-10T11:53:51.167	461	984	652	1178	3016	2948	3494	3794	4020	528	27.78	1018.52	54.79	283282	AS7341	flash	5	100	999	10	100.0	0.15
2026-07-10T11:53:53.189	461	984	652	1178	3016	2949	3494	3795	4020	528	27.78	1018.54	54.78	289254	AS7341	flash	5	100	999	10	100.0	0.15
2026-07-10T11:53:55.221	461	984	652	1178	3016	2949	3494	3795	4021	528	27.78	1018.52	54.78	284752	AS7341	flash	5	100	999	10	100.0	0.15
2026-07-10T11:53:57.249	461	984	652	1178	3017	2949	3495	3796	4021	528	27.78	1018.56	54.78	284998	AS7341	flash	5	100	999	10	100.0	0.15
2026-07-10T11:53:59.157	461	983	652	1178	3016	2948	3494	3794	4020	528	27.79	1018.53	54.78	286237	AS7341	flash	5	100	999	10	100.0	0.15
2026-07-10T11:54:01.186	461	984	652	1178	3018	2950	3496	3796	4022	528	27.78	1018.53	54.77	287737	AS7341	flash	5	100	999	10	100.0	0.15
2026-07-10T11:54:03.206	461	984	652	1178	3018	2950	3496	3797	4022	528	27.78	1018.54	54.76	285245	AS7341	flash	5	100	999	10	100.0	0.15
2026-07-10T11:54:05.226	461	982	652	1178	3018	2950	3497	3797	4023	528	27.79	1018.55	54.77	286735	AS7341	flash	5	100	999	10	100.0	0.15
2026-07-10T11:54:07.245	461	983	652	1179	3018	2950	3497	3797	4023	528	27.78	1018.53	54.77	285492	AS7341	flash	5	100	999	10	100.0	0.15
2026-07-10T11:54:09.148	461	983	652	1178	3017	2950	3496	3796	4022	528	27.79	1018.54	54.76	284998	AS7341	flash	5	100	999	10	100.0	0.15
2026-07-10T11:54:11.162	461	983	652	1179	3018	2951	3497	3797	4023	528	27.79	1018.58	54.76	284998	AS7341	flash	5	100	999	10	100.0	0.15
2026-07-10T11:54:13.184	461	983	652	1179	3019	2951	3497	3798	4023	528	27.79	1018.53	54.74	290786	AS7341	flash	5	100	999	10	100.0	0.15
2026-07-10T11:54:15.203	461	983	652	1178	3020	2952	3498	3798	4024	528	27.78	1018.52	54.76	290273	AS7341	flash	5	100	999	10	100.0	0.15
2026-07-10T11:54:17.232	461	983	652	1178	3017	2950	3498	3797	4023	528	27.79	1018.53	54.75	285245	AS7341	flash	5	100	999	10	100.0	0.15
2026-07-10T11:54:19.144	461	983	652	1178	3019	2951	3497	3797	4023	528	27.79	1018.51	54.74	288241	AS7341	flash	5	100	999	10	100.0	0.15
2026-07-10T11:54:21.165	461	983	652	1179	3020	2953	3499	3799	4025	528	27.79	1018.51	54.74	284752	AS7341	flash	5	100	999	10	100.0	0.15
2026-07-10T11:54:23.187	461	983	652	1179	3019	2952	3498	3798	4024	528	27.79	1018.54	54.74	290273	AS7341	flash	5	100	999	10	100.0	0.15
2026-07-10T11:54:25.216	461	982	652	1179	3021	2953	3500	3799	4025	528	27.79	1018.52	54.73	285245	AS7341	flash	5	100	999	10	100.0	0.15
2026-07-10T11:54:27.129	461	983	652	1178	3019	2951	3498	3797	4023	528	27.81	1018.51	54.74	291300	AS7341	flash	5	100	999	10	100.0	0.15
2026-07-10T11:54:29.151	461	983	652	1179	3020	2953	3500	3799	4025	528	27.8	1018.55	54.73	286237	AS7341	flash	5	100	999	10	100.0	0.15
2026-07-10T11:54:31.179	461	983	652	1179	3021	2954	3500	3800	4025	528	27.79	1018.52	54.73	288493	AS7341	flash	5	100	999	10	100.0	0.15
2026-07-10T11:54:33.194	461	983	652	1179	3021	2952	3500	3799	4025	528	27.79	1018.55	54.74	286486	AS7341	flash	5	100	999	10	100.0	0.15
2026-07-10T11:54:35.207	462	983	652	1179	3022	2953	3500	3800	4026	528	27.79	1018.56	54.73	290018	AS7341	flash	5	100	999	10	100.0	0.15
2026-07-10T11:54:37.228	461	982	652	1179	3021	2953	3500	3799	4025	528	27.79	1018.51	54.72	290786	AS7341	flash	5	100	999	10	100.0	0.15
2026-07-10T11:54:39.247	462	983	652	1180	3021	2953	3501	3801	4027	528	27.79	1018.55	54.72	288241	AS7341	flash	5	100	999	10	100.0	0.15
2026-07-10T11:54:41.149	461	982	652	1179	3022	2954	3501	3800	4026	528	27.8	1018.52	54.7	289508	AS7341	flash	5	100	999	10	100.0	0.15
2026-07-10T11:54:43.167	462	983	652	1180	3021	2954	3502	3801	4027	529	27.79	1018.51	54.71	285245	AS7341	flash	5	100	999	10	100.0	0.15
2026-07-10T11:54:45.185	462	982	652	1179	3022	2954	3501	3800	4026	528	27.79	1018.53	54.7	290018	AS7341	flash	5	100	999	10	100.0	0.15
2026-07-10T11:54:47.207	462	982	652	1179	3022	2954	3501	3801	4027	528	27.79	1018.53	54.72	290529	AS7341	flash	5	100	999	10	100.0	0.15
2026-07-10T11:54:49.225	461	982	652	1179	3022	2954	3501	3800	4026	528	27.79	1018.53	54.72	284998	AS7341	flash	5	100	999	10	100.0	0.15
2026-07-10T11:54:51.147	461	982	652	1179	3022	2954	3500	3799	4026	528	27.8	1018.54	54.72	291300	AS7341	flash	5	100	999	10	100.0	0.15
2026-07-10T11:54:53.160	461	982	652	1180	3022	2955	3501	3800	4027	528	27.79	1018.54	54.72	285492	AS7341	flash	5	100	999	10	100.0	0.15
2026-07-10T11:54:55.174	461	982	652	1179	3022	2955	3501	3800	4026	528	27.79	1018.53	54.7	284506	AS7341	flash	5	100	999	10	100.0	0.15
2026-07-10T11:54:57.205	462	982	652	1180	3023	2955	3502	3801	4027	528	27.79	1018.54	54.71	290529	AS7341	flash	5	100	999	10	100.0	0.15
2026-07-10T11:54:59.221	461	982	652	1179	3022	2955	3502	3801	4027	528	27.79	1018.54	54.72	289254	AS7341	flash	5	100	999	10	100.0	0.15
2026-07-10T11:55:01.241	461	982	652	1180	3023	2955	3502	3800	4027	528	27.79	1018.55	54.73	290273	AS7341	flash	5	100	999	10	100.0	0.15
2026-07-10T11:55:03.159	462	982	652	1180	3023	2955	3502	3801	4027	528	27.79	1018.5	54.72	284506	AS7341	flash	5	100	999	10	100.0	0.15
2026-07-10T11:55:05.167	462	982	652	1180	3023	2956	3502	3801	4027	528	27.79	1018.52	54.71	285492	AS7341	flash	5	100	999	10	100.0	0.15
2026-07-10T11:55:07.180	462	982	652	1180	3024	2956	3503	3802	4029	529	27.79	1018.53	54.72	287235	AS7341	flash	5	100	999	10	100.0	0.15
2026-07-10T11:55:09.206	462	982	652	1180	3023	2955	3503	3802	4028	528	27.78	1018.5	54.71	287737	AS7341	flash	5	100	999	10	100.0	0.15
2026-07-10T11:55:11.226	461	982	652	1180	3023	2956	3503	3802	4028	528	27.77	1018.51	54.71	290786	AS7341	flash	5	100	999	10	100.0	0.15
2026-07-10T11:55:13.249	462	982	652	1180	3024	2956	3503	3802	4028	528	27.77	1018.53	54.71	290273	AS7341	flash	5	100	999	10	100.0	0.15
2026-07-10T11:55:15.156	461	982	652	1180	3022	2955	3503	3801	4028	528	27.78	1018.53	54.72	289763	AS7341	flash	5	100	999	10	100.0	0.15
2026-07-10T11:55:17.175	461	982	652	1180	3023	2956	3502	3801	4027	528	27.77	1018.5	54.72	286735	AS7341	flash	5	100	999	10	100.0	0.15
2026-07-10T11:55:19.197	461	982	652	1180	3025	2957	3504	3803	4029	529	27.77	1018.51	54.72	287235	AS7341	flash	5	100	999	10	100.0	0.15
2026-07-10T11:55:21.214	461	982	652	1179	3022	2954	3502	3802	4027	528	27.78	1018.49	54.73	289763	AS7341	flash	5	100	999	10	0.0	0.15
2026-07-10T11:55:23.233	461	981	652	1179	3020	2953	3503	3807	4028	528	27.81	1018.53	55.38	284506	AS7341	flash	5	100	999	10	0.0	0.15
2026-07-10T11:55:25.147	461	980	651	1177	3015	2948	3498	3808	4025	528	27.84	1018.53	56.76	278963	AS7341	flash	5	100	999	10	0.0	0.15
2026-07-10T11:55:27.162	461	981	651	1175	3011	2944	3496	3812	4024	528	27.84	1018.51	58.42	274316	AS7341	flash	5	100	999	10	0.0	0.15
2026-07-10T11:55:29.183	461	981	651	1173	3004	2937	3492	3811	4018	527	27.85	1018.54	59.98	269601	AS7341	flash	5	100	999	10	0.0	0.15
2026-07-10T11:55:31.215	460	981	650	1171	2997	2930	3486	3811	4013	527	27.86	1018.54	61.34	265472	AS7341	flash	5	100	999	10	0.0	0.15
2026-07-10T11:55:33.228	460	982	650	1169	2991	2923	3481	3812	4009	527	27.87	1018.56	62.39	261260	AS7341	flash	5	100	999	10	0.0	0.15
2026-07-10T11:55:35.239	460	982	650	1168	2985	2917	3476	3812	4004	526	27.88	1018.53	63.14	259817	AS7341	flash	5	100	999	10	0.0	0.15
2026-07-10T11:55:37.158	459	982	650	1166	2978	2909	3469	3809	3998	525	27.89	1018.53	63.79	257783	AS7341	flash	5	100	999	10	0.0	0.15
2026-07-10T11:55:39.171	459	983	649	1164	2973	2904	3465	3809	3994	525	27.89	1018.53	64.43	253615	AS7341	flash	5	100	999	10	0.0	0.15
2026-07-10T11:55:41.199	459	983	649	1162	2967	2897	3461	3808	3989	525	27.9	1018.54	65.08	249957	AS7341	flash	5	100	999	10	0.0	0.15
2026-07-10T11:55:43.223	459	984	649	1160	2961	2891	3456	3808	3985	525	27.9	1018.57	65.68	247515	AS7341	flash	5	100	999	10	0.0	0.15
2026-07-10T11:55:45.238	458	984	649	1158	2955	2885	3451	3808	3980	525	27.91	1018.51	66.2	245852	AS7341	flash	5	100	999	10	0.0	0.15
2026-07-10T11:55:47.156	458	984	649	1156	2950	2879	3446	3805	3975	524	27.92	1018.54	66.56	243850	AS7341	flash	5	100	999	10	0.0	0.15
2026-07-10T11:55:49.170	458	985	649	1154	2945	2874	3442	3806	3973	524	27.92	1018.6	66.91	241172	AS7341	flash	5	100	999	10	0.0	0.15
2026-07-10T11:55:51.195	458	986	648	1153	2941	2869	3439	3806	3969	524	27.92	1018.53	67.19	238897	AS7341	flash	5	100	999	10	0.0	0.15
2026-07-10T11:55:53.211	457	986	648	1151	2936	2864	3434	3805	3964	523	27.92	1018.56	67.46	238206	AS7341	flash	5	100	999	10	0.0	0.15
2026-07-10T11:55:55.241	458	987	648	1150	2933	2860	3431	3805	3962	523	27.93	1018.52	67.74	235481	AS7341	flash	5	100	999	10	0.0	0.15
2026-07-10T11:55:57.157	457	987	648	1149	2927	2854	3426	3803	3956	523	27.95	1018.55	68.02	234142	AS7341	flash	5	100	999	10	0.0	0.15
2026-07-10T11:55:59.169	457	987	648	1147	2924	2852	3424	3804	3955	523	27.94	1018.53	68.29	231508	AS7341	flash	5	100	999	10	0.0	0.15
2026-07-10T11:56:01.194	457	988	648	1147	2920	2848	3420	3803	3953	522	27.95	1018.55	68.53	231346	AS7341	flash	5	100	999	10	0.0	0.15
2026-07-10T11:56:03.214	457	988	648	1145	2916	2843	3417	3802	3948	522	27.95	1018.55	68.72	230214	AS7341	flash	5	100	999	10	0.0	0.15
2026-07-10T11:56:05.226	456	988	648	1144	2913	2840	3414	3802	3946	522	27.95	1018.59	69.02	227353	AS7341	flash	5	100	999	10	0.0	0.15
2026-07-10T11:56:07.245	456	989	648	1143	2909	2837	3412	3802	3943	521	27.96	1018.5	69.3	227510	AS7341	flash	5	100	999	10	0.0	0.15
2026-07-10T11:56:09.149	456	989	647	1142	2905	2832	3408	3800	3939	521	27.98	1018.56	69.59	225331	AS7341	flash	5	100	999	10	0.0	0.15
2026-07-10T11:56:11.163	456	989	647	1140	2903	2829	3406	3800	3936	521	27.98	1018.58	69.85	225177	AS7341	flash	5	100	999	10	0.0	0.15
2026-07-10T11:56:13.182	456	990	647	1140	2901	2827	3404	3801	3935	521	27.98	1018.56	70.06	221840	AS7341	flash	5	100	999	10	0.0	0.15
2026-07-10T11:56:15.202	456	990	647	1139	2897	2823	3401	3800	3932	520	27.99	1018.59	70.23	221244	AS7341	flash	5	100	999	10	0.0	0.15
2026-07-10T11:56:17.224	456	990	647	1137	2895	2821	3399	3800	3931	520	27.98	1018.55	70.44	219914	AS7341	flash	5	100	999	10	0.0	0.15
2026-07-10T11:56:19.137	456	990	647	1136	2890	2816	3395	3797	3926	520	27.99	1018.57	70.61	219183	AS7341	flash	5	100	999	10	0.0	0.15
2026-07-10T11:56:21.156	456	990	647	1136	2891	2817	3398	3802	3927	520	27.99	1018.58	70.83	217734	AS7341	flash	5	100	999	10	100.0	0.15
2026-07-10T11:56:23.170	456	991	647	1136	2891	2818	3398	3799	3928	520	27.95	1018.55	70.11	219768	AS7341	flash	5	100	999	10	100.0	0.15
2026-07-10T11:56:25.190	456	992	648	1137	2889	2816	3394	3793	3924	520	27.93	1018.51	68.17	223496	AS7341	flash	5	100	999	10	100.0	0.15
2026-07-10T11:56:27.217	456	994	648	1137	2889	2815	3392	3788	3921	519	27.93	1018.56	66.16	227196	AS7341	flash	5	100	999	10	100.0	0.15
2026-07-10T11:56:29.231	456	996	648	1137	2889	2814	3389	3782	3919	519	27.92	1018.58	64.45	230859	AS7341	flash	5	100	999	10	100.0	0.15
2026-07-10T11:56:31.137	456	997	649	1137	2887	2813	3385	3774	3916	519	27.93	1018.55	63.13	237006	AS7341	flash	5	100	999	10	100.0	0.15
2026-07-10T11:56:33.147	456	998	649	1137	2887	2813	3383	3769	3915	519	27.91	1018.56	61.97	238897	AS7341	flash	5	100	999	10	100.0	0.15
2026-07-10T11:56:35.161	456	999	649	1137	2887	2812	3381	3763	3914	519	27.91	1018.6	61.07	244938	AS7341	flash	5	100	999	10	100.0	0.15
2026-07-10T11:56:37.179	456	999	649	1137	2887	2812	3379	3759	3912	518	27.9	1018.53	60.33	245486	AS7341	flash	5	100	999	10	100.0	0.15
2026-07-10T11:56:39.189	456	1001	650	1137	2887	2813	3377	3754	3911	518	27.9	1018.58	59.7	245852	AS7341	flash	5	100	999	10	100.0	0.15
2026-07-10T11:56:41.210	456	1002	650	1137	2888	2813	3376	3750	3910	518	27.9	1018.51	59.21	251484	AS7341	flash	5	100	999	10	100.0	0.15
2026-07-10T11:56:43.237	456	1002	650	1138	2888	2814	3375	3746	3910	518	27.89	1018.54	58.77	254595	AS7341	flash	5	100	999	10	100.0	0.15
2026-07-10T11:56:45.146	456	1003	650	1138	2889	2814	3374	3742	3909	518	27.9	1018.52	58.41	255980	AS7341	flash	5	100	999	10	100.0	0.15
2026-07-10T11:56:47.157	456	1003	651	1139	2891	2816	3375	3740	3911	518	27.9	1018.52	58.09	252836	AS7341	flash	5	100	999	10	100.0	0.15
2026-07-10T11:56:49.177	456	1004	651	1139	2892	2817	3374	3737	3911	518	27.89	1018.52	57.82	259817	AS7341	flash	5	100	999	10	100.0	0.15
2026-07-10T11:56:51.189	456	1005	651	1140	2894	2819	3375	3736	3912	518	27.89	1018.48	57.59	256778	AS7341	flash	5	100	999	10	100.0	0.15
2026-07-10T11:56:53.206	456	1004	651	1141	2895	2821	3376	3734	3913	518	27.89	1018.52	57.42	261467	AS7341	flash	5	100	999	10	100.0	0.15
2026-07-10T11:56:55.230	456	1005	651	1141	2897	2822	3376	3732	3913	518	27.89	1018.52	57.24	259408	AS7341	flash	5	100	999	10	100.0	0.15
2026-07-10T11:56:57.143	456	1005	651	1142	2898	2824	3377	3731	3914	518	27.89	1018.53	57.07	264618	AS7341	flash	5	100	999	10	100.0	0.15
2026-07-10T11:56:59.162	456	1004	652	1143	2901	2827	3379	3731	3916	518	27.89	1018.52	56.94	266115	AS7341	flash	5	100	999	10	100.0	0.15
2026-07-10T11:57:01.178	456	1005	651	1143	2903	2829	3380	3729	3917	518	27.87	1018.53	56.81	261467	AS7341	flash	5	100	999	10	100.0	0.15
2026-07-10T11:57:03.194	456	1005	652	1144	2905	2831	3382	3728	3918	518	27.87	1018.53	56.7	263771	AS7341	flash	5	100	999	10	100.0	0.15
2026-07-10T11:57:05.211	456	1005	652	1145	2908	2834	3384	3730	3920	519	27.87	1018.51	56.6	264618	AS7341	flash	5	100	999	10	100.0	0.15
2026-07-10T11:57:07.221	456	1004	652	1145	2909	2835	3384	3727	3920	518	27.87	1018.52	56.5	269380	AS7341	flash	5	100	999	10	100.0	0.15
2026-07-10T11:57:09.239	456	1004	652	1146	2912	2838	3387	3728	3922	519	27.86	1018.51	56.44	265472	AS7341	flash	5	100	999	10	100.0	0.15
2026-07-10T11:57:11.156	456	1004	652	1147	2913	2840	3389	3728	3924	519	27.86	1018.51	56.37	270264	AS7341	flash	5	100	999	10	100.0	0.15
2026-07-10T11:57:13.178	456	1004	652	1147	2916	2843	3391	3729	3926	519	27.86	1018.52	56.27	268283	AS7341	flash	5	100	999	10	100.0	0.15
2026-07-10T11:57:15.197	457	1003	652	1149	2919	2845	3393	3730	3928	519	27.86	1018.54	56.21	270709	AS7341	flash	5	100	999	10	100.0	0.15
2026-07-10T11:57:17.211	457	1002	652	1150	2922	2849	3396	3732	3932	520	27.85	1018.53	56.15	267195	AS7341	flash	5	100	999	10	100.0	0.15
2026-07-10T11:57:19.222	457	1003	652	1150	2923	2850	3397	3730	3931	520	27.85	1018.52	56.1	271826	AS7341	flash	5	100	999	10	100.0	0.15
2026-07-10T11:57:21.236	457	1003	652	1150	2926	2853	3400	3732	3934	520	27.85	1018.5	56.04	272726	AS7341	flash	5	100	999	10	100.0	0.15
2026-07-10T11:57:23.143	457	1002	652	1150	2927	2854	3400	3731	3934	520	27.86	1018.51	56.0	276620	AS7341	flash	5	100	999	10	100.0	0.15
2026-07-10T11:57:25.164	457	1002	652	1151	2931	2856	3404	3733	3938	520	27.85	1018.51	55.94	272050	AS7341	flash	5	100	999	10	100.0	0.15
2026-07-10T11:57:27.190	457	1001	652	1152	2932	2860	3406	3734	3939	520	27.84	1018.51	55.9	276620	AS7341	flash	5	100	999	10	100.0	0.15
2026-07-10T11:57:29.211	457	1001	652	1153	2934	2861	3408	3735	3941	521	27.84	1018.56	55.87	272726	AS7341	flash	5	100	999	10	100.0	0.15
2026-07-10T11:57:31.227	457	1001	652	1153	2935	2863	3410	3736	3943	521	27.84	1018.52	55.84	278021	AS7341	flash	5	100	999	10	100.0	0.15
2026-07-10T11:57:33.241	457	1000	652	1154	2938	2866	3413	3737	3946	521	27.85	1018.51	55.79	272050	AS7341	flash	5	100	999	10	100.0	0.15
2026-07-10T11:57:35.145	458	1000	652	1155	2940	2868	3415	3739	3948	521	27.84	1018.48	55.76	273405	AS7341	flash	5	100	999	10	100.0	0.15
2026-07-10T11:57:37.161	458	1000	652	1155	2942	2869	3416	3739	3948	521	27.84	1018.47	55.74	274088	AS7341	flash	5	100	999	10	100.0	0.15
2026-07-10T11:57:39.183	458	999	652	1156	2943	2871	3417	3740	3949	521	27.84	1018.5	55.72	273405	AS7341	flash	5	100	999	10	100.0	0.15
2026-07-10T11:57:41.198	458	999	652	1156	2946	2874	3420	3742	3951	522	27.84	1018.49	55.7	274088	AS7341	flash	5	100	999	10	100.0	0.15
2026-07-10T11:57:43.227	458	999	652	1157	2948	2876	3423	3743	3954	522	27.84	1018.51	55.68	279912	AS7341	flash	5	100	999	10	100.0	0.15
2026-07-10T11:57:45.241	458	998	652	1158	2950	2878	3424	3744	3955	522	27.84	1018.51	55.65	277787	AS7341	flash	5	100	999	10	100.0	0.15
2026-07-10T11:57:47.149	458	998	652	1158	2950	2879	3425	3744	3956	522	27.84	1018.51	55.62	276156	AS7341	flash	5	100	999	10	100.0	0.15
2026-07-10T11:57:49.173	458	997	652	1159	2953	2881	3427	3746	3958	522	27.83	1018.49	55.58	280627	AS7341	flash	5	100	999	10	100.0	0.15
2026-07-10T11:57:51.185	458	997	652	1159	2955	2884	3430	3747	3960	522	27.83	1018.52	55.58	281587	AS7341	flash	5	100	999	10	100.0	0.15
2026-07-10T11:57:53.213	458	997	652	1160	2957	2886	3432	3749	3962	523	27.83	1018.51	55.54	281346	AS7341	flash	5	100	999	10	100.0	0.15
2026-07-10T11:57:55.230	458	997	652	1160	2959	2888	3434	3751	3964	523	27.83	1018.52	55.53	277319	AS7341	flash	5	100	999	10	100.0	0.15
2026-07-10T11:57:57.245	458	996	652	1161	2960	2889	3435	3750	3965	523	27.83	1018.49	55.52	277086	AS7341	flash	5	100	999	10	100.0	0.15
2026-07-10T11:57:59.156	459	996	652	1162	2962	2891	3437	3752	3967	523	27.84	1018.51	55.49	282069	AS7341	flash	5	100	999	10	100.0	0.15
2026-07-10T11:58:01.176	459	996	653	1162	2964	2893	3440	3754	3969	523	27.83	1018.49	55.47	278963	AS7341	flash	5	100	999	10	100.0	0.15
2026-07-10T11:58:03.190	459	996	653	1163	2965	2894	3440	3755	3970	523	27.83	1018.47	55.44	284015	AS7341	flash	5	100	999	10	100.0	0.15
2026-07-10T11:58:05.207	459	995	652	1163	2966	2895	3441	3755	3970	523	27.84	1018.48	55.45	279200	AS7341	flash	5	100	999	10	100.0	0.15
2026-07-10T11:58:07.227	459	995	652	1164	2969	2898	3444	3757	3973	524	27.84	1018.51	55.41	278492	AS7341	flash	5	100	999	10	100.0	0.15
2026-07-10T11:58:09.242	459	994	652	1164	2969	2899	3445	3758	3974	524	27.83	1018.48	55.41	281106	AS7341	flash	5	100	999	10	100.0	0.15
2026-07-10T11:58:11.161	459	994	652	1164	2968	2898	3444	3756	3972	524	27.84	1018.51	55.4	285492	AS7341	flash	5	100	999	10	100.0	0.15
2026-07-10T11:58:13.178	459	994	652	1165	2971	2902	3448	3760	3976	524	27.83	1018.5	55.37	281587	AS7341	flash	5	100	999	10	100.0	0.15
2026-07-10T11:58:15.194	459	994	652	1165	2973	2903	3450	3761	3978	524	27.83	1018.49	55.35	284260	AS7341	flash	5	100	999	10	100.0	0.15
2026-07-10T11:58:17.226	459	994	653	1166	2974	2905	3451	3762	3979	524	27.82	1018.52	55.33	280388	AS7341	flash	5	100	999	10	100.0	0.15
2026-07-10T11:58:19.237	459	993	652	1166	2975	2906	3452	3762	3979	524	27.83	1018.52	55.33	279912	AS7341	flash	5	100	999	10	100.0	0.15
2026-07-10T11:58:21.146	459	993	652	1166	2975	2905	3452	3762	3979	524	27.84	1018.5	55.32	280866	AS7341	flash	5	100	999	10	100.0	0.15
2026-07-10T11:58:23.159	459	992	652	1166	2976	2907	3453	3763	3981	524	27.83	1018.52	55.29	284260	AS7341	flash	5	100	999	10	100.0	0.15
2026-07-10T11:58:25.180	459	992	652	1167	2979	2909	3456	3766	3983	525	27.83	1018.5	55.27	285740	AS7341	flash	5	100	999	10	100.0	0.15
2026-07-10T11:58:27.209	459	992	652	1166	2980	2910	3457	3766	3984	525	27.82	1018.49	55.27	286735	AS7341	flash	5	100	999	10	100.0	0.15
2026-07-10T11:58:29.237	460	992	652	1168	2981	2912	3458	3767	3985	525	27.82	1018.53	55.27	284260	AS7341	flash	5	100	999	10	100.0	0.15
2026-07-10T11:58:31.144	459	991	652	1167	2981	2912	3459	3767	3985	525	27.83	1018.53	55.26	286237	AS7341	flash	5	100	999	10	100.0	0.15
2026-07-10T11:58:33.166	460	991	652	1168	2982	2913	3459	3768	3986	525	27.83	1018.53	55.24	281828	AS7341	flash	5	100	999	10	100.0	0.15
2026-07-10T11:58:35.184	460	991	652	1167	2983	2915	3461	3769	3988	525	27.83	1018.52	55.22	284260	AS7341	flash	5	100	999	10	100.0	0.15
2026-07-10T11:58:37.206	460	991	652	1168	2985	2916	3462	3770	3989	525	27.83	1018.49	55.22	286735	AS7341	flash	5	100	999	10	100.0	0.15
2026-07-10T11:58:39.220	460	991	652	1168	2986	2917	3464	3771	3990	525	27.82	1018.47	55.21	286735	AS7341	flash	5	100	999	10	100.0	0.15
2026-07-10T11:58:41.241	460	990	652	1169	2986	2918	3464	3771	3991	525	27.83	1018.52	55.21	282553	AS7341	flash	5	100	999	10	100.0	0.15
2026-07-10T11:58:43.147	460	990	652	1168	2986	2917	3464	3770	3990	525	27.83	1018.51	55.2	282796	AS7341	flash	5	100	999	10	100.0	0.15
2026-07-10T11:58:45.166	460	990	652	1169	2988	2919	3465	3772	3992	526	27.83	1018.52	55.18	283771	AS7341	flash	5	100	999	10	100.0	0.15
2026-07-10T11:58:47.176	460	990	652	1169	2989	2921	3467	3773	3993	526	27.83	1018.51	55.18	282796	AS7341	flash	5	100	999	10	100.0	0.15
2026-07-10T11:58:49.201	460	990	652	1169	2990	2921	3468	3774	3993	526	27.83	1018.5	55.18	287989	AS7341	flash	5	100	999	10	100.0	0.15
2026-07-10T11:58:51.222	460	990	652	1170	2992	2923	3469	3776	3996	526	27.82	1018.51	55.17	287235	AS7341	flash	5	100	999	10	100.0	0.15
2026-07-10T11:58:53.234	460	989	652	1170	2991	2922	3468	3774	3994	526	27.83	1018.49	55.17	282069	AS7341	flash	5	100	999	10	100.0	0.15
2026-07-10T11:58:55.148	460	989	652	1170	2992	2923	3469	3775	3996	526	27.83	1018.48	55.15	286486	AS7341	flash	5	100	999	10	100.0	0.15
2026-07-10T11:58:57.165	460	989	652	1170	2994	2925	3471	3777	3997	526	27.83	1018.5	55.15	286735	AS7341	flash	5	100	999	10	100.0	0.15
2026-07-10T11:58:59.178	460	989	652	1171	2993	2925	3471	3777	3997	526	27.83	1018.53	55.13	283771	AS7341	flash	5	100	999	10	100.0	0.15
2026-07-10T11:59:01.191	460	989	652	1171	2995	2926	3472	3778	3998	526	27.83	1018.5	55.13	283771	AS7341	flash	5	100	999	10	100.0	0.15
2026-07-10T11:59:03.218	460	988	652	1171	2995	2926	3472	3778	3998	526	27.83	1018.5	55.11	282069	AS7341	flash	5	100	999	10	100.0	0.15
2026-07-10T11:59:05.245	460	988	652	1171	2996	2927	3473	3779	4000	526	27.82	1018.49	55.11	285740	AS7341	flash	5	100	999	10	100.0	0.15
2026-07-10T11:59:07.157	460	988	652	1171	2995	2927	3474	3779	4000	526	27.83	1018.48	55.09	284752	AS7341	flash	5	100	999	10	100.0	0.15
2026-07-10T11:59:09.169	460	988	652	1172	2996	2928	3475	3780	4001	526	27.82	1018.49	55.09	286985	AS7341	flash	5	100	999	10	100.0	0.15
2026-07-10T11:59:11.181	460	988	652	1172	2997	2929	3476	3781	4002	527	27.82	1018.5	55.07	288493	AS7341	flash	5	100	999	10	100.0	0.15
2026-07-10T11:59:13.202	460	988	652	1172	2997	2929	3476	3781	4002	527	27.82	1018.5	55.08	289254	AS7341	flash	5	100	999	10	100.0	0.15
2026-07-10T11:59:15.229	460	988	652	1173	2999	2930	3477	3783	4004	527	27.82	1018.49	55.06	285740	AS7341	flash	5	100	999	10	100.0	0.15
2026-07-10T11:59:17.242	460	987	652	1172	2999	2930	3478	3783	4004	527	27.81	1018.47	55.06	284260	AS7341	flash	5	100	999	10	100.0	0.15
2026-07-10T11:59:19.157	460	987	652	1172	2999	2931	3477	3782	4004	527	27.83	1018.51	55.05	287235	AS7341	flash	5	100	999	10	100.0	0.15
2026-07-10T11:59:21.176	461	987	652	1173	3000	2932	3479	3784	4005	527	27.83	1018.51	55.05	283039	AS7341	flash	5	100	999	10	100.0	0.15
2026-07-10T11:59:23.196	461	987	652	1173	3001	2933	3480	3785	4007	527	27.82	1018.5	55.05	287737	AS7341	flash	5	100	999	10	100.0	0.15
2026-07-10T11:59:25.208	461	987	652	1174	3002	2933	3481	3785	4007	527	27.81	1018.48	55.06	288493	AS7341	flash	5	100	999	10	100.0	0.15
2026-07-10T11:59:27.231	461	987	652	1174	3002	2935	3482	3786	4007	527	27.82	1018.48	55.03	283771	AS7341	flash	5	100	999	10	100.0	0.15
2026-07-10T11:59:29.249	461	987	652	1174	3002	2934	3481	3785	4007	527	27.82	1018.49	55.04	285492	AS7341	flash	5	100	999	10	100.0	0.15
2026-07-10T11:59:31.163	461	986	652	1173	3002	2934	3481	3785	4007	527	27.82	1018.49	55.03	285492	AS7341	flash	5	100	999	10	100.0	0.15
2026-07-10T11:59:33.183	461	987	652	1174	3003	2935	3482	3787	4008	527	27.82	1018.51	55.05	287737	AS7341	flash	5	100	999	10	100.0	0.15
2026-07-10T11:59:35.203	461	987	652	1174	3004	2936	3483	3787	4009	527	27.81	1018.47	55.05	284260	AS7341	flash	5	100	999	10	100.0	0.15
2026-07-10T11:59:37.224	461	986	652	1174	3004	2936	3484	3788	4010	527	27.82	1018.48	55.03	288493	AS7341	flash	5	100	999	10	100.0	0.15
2026-07-10T11:59:39.250	461	986	652	1174	3006	2938	3486	3789	4011	528	27.82	1018.5	55.03	283771	AS7341	flash	5	100	999	10	100.0	0.15
2026-07-10T11:59:41.160	461	986	652	1174	3005	2937	3485	3788	4010	528	27.83	1018.52	55.01	284260	AS7341	flash	5	100	999	10	100.0	0.15
2026-07-10T11:59:43.182	461	986	652	1174	3005	2937	3485	3789	4011	527	27.82	1018.51	55.01	284015	AS7341	flash	5	100	999	10	100.0	0.15
2026-07-10T11:59:45.194	461	986	652	1174	3005	2936	3484	3788	4009	527	27.82	1018.5	55.01	291043	AS7341	flash	5	100	999	10	100.0	0.15
2026-07-10T11:59:47.209	461	986	652	1175	3007	2938	3486	3790	4011	528	27.82	1018.49	55.0	287235	AS7341	flash	5	100	999	10	100.0	0.15
2026-07-10T11:59:49.229	461	986	652	1175	3006	2938	3486	3789	4010	527	27.82	1018.47	55.01	287486	AS7341	flash	5	100	999	10	100.0	0.15
2026-07-10T11:59:51.251	461	986	652	1175	3007	2939	3486	3790	4011	528	27.81	1018.5	55.01	289254	AS7341	flash	5	100	999	10	100.0	0.15
2026-07-10T11:59:53.157	461	985	652	1175	3007	2939	3486	3789	4011	527	27.83	1018.51	54.99	288493	AS7341	flash	5	100	999	10	100.0	0.15
2026-07-10T11:59:55.189	461	985	652	1175	3007	2938	3486	3790	4011	528	27.82	1018.49	54.97	286237	AS7341	flash	5	100	999	10	100.0	0.15
2026-07-10T11:59:57.208	461	985	652	1175	3008	2940	3487	3791	4012	528	27.83	1018.49	54.98	287235	AS7341	flash	5	100	999	10	100.0	0.15
2026-07-10T11:59:59.226	461	985	652	1175	3008	2940	3488	3791	4012	528	27.82	1018.46	54.99	288493	AS7341	flash	5	100	999	10	100.0	0.15
2026-07-10T12:00:01.255	461	985	652	1176	3009	2941	3489	3792	4013	528	27.83	1018.51	54.98	291043	AS7341	flash	5	100	999	10	100.0	0.15
2026-07-10T12:00:03.172	461	985	652	1175	3009	2941	3489	3792	4014	528	27.83	1018.5	54.98	286237	AS7341	flash	5	100	999	10	100.0	0.15
2026-07-10T12:00:05.192	461	985	652	1176	3010	2942	3490	3792	4014	528	27.82	1018.47	54.97	285740	AS7341	flash	5	100	999	10	100.0	0.15
2026-07-10T12:00:07.215	461	985	652	1176	3010	2942	3489	3792	4014	528	27.82	1018.48	54.97	291300	AS7341	flash	5	100	999	10	100.0	0.15
2026-07-10T12:00:09.235	461	985	652	1176	3010	2942	3490	3792	4014	528	27.82	1018.47	54.97	285245	AS7341	flash	5	100	999	10	100.0	0.15
2026-07-10T12:00:11.253	461	985	652	1176	3011	2943	3491	3794	4015	528	27.81	1018.44	54.97	288746	AS7341	flash	5	100	999	10	100.0	0.15
2026-07-10T12:00:13.161	461	985	652	1176	3010	2943	3490	3793	4015	528	27.82	1018.48	54.95	291816	AS7341	flash	5	100	999	10	100.0	0.15
2026-07-10T12:00:15.182	461	985	652	1176	3011	2944	3492	3795	4016	528	27.81	1018.49	54.97	288241	AS7341	flash	5	100	999	10	100.0	0.15
2026-07-10T12:00:17.212	461	985	652	1176	3012	2943	3492	3795	4016	528	27.81	1018.47	54.96	288746	AS7341	flash	5	100	999	10	100.0	0.15
2026-07-10T12:00:19.235	461	985	652	1177	3012	2944	3492	3795	4017	528	27.81	1018.52	54.97	286486	AS7341	flash	5	100	999	10	100.0	0.15
2026-07-10T12:00:21.258	461	985	652	1176	3012	2944	3492	3795	4016	528	27.81	1018.48	54.97	285245	AS7341	flash	5	100	999	10	100.0	0.15
2026-07-10T12:00:23.176	461	984	652	1176	3012	2944	3492	3795	4017	528	27.81	1018.5	54.96	291300	AS7341	flash	5	100	999	10	100.0	0.15
2026-07-10T12:00:25.199	461	985	652	1176	3012	2945	3493	3795	4017	528	27.81	1018.48	54.97	286735	AS7341	flash	5	100	999	10	100.0	0.15
2026-07-10T12:00:27.219	461	984	652	1177	3012	2944	3492	3795	4016	528	27.81	1018.5	54.96	286735	AS7341	flash	5	100	999	10	100.0	0.15
2026-07-10T12:00:29.233	461	984	652	1177	3013	2945	3493	3796	4018	528	27.81	1018.5	54.96	288746	AS7341	flash	5	100	999	10	100.0	0.15
2026-07-10T12:00:31.245	461	985	652	1177	3014	2946	3495	3797	4019	529	27.8	1018.47	54.98	291043	AS7341	flash	5	100	999	10	100.0	0.15
2026-07-10T12:00:33.259	461	985	652	1177	3014	2946	3495	3797	4019	528	27.81	1018.5	54.97	288241	AS7341	flash	5	100	999	10	100.0	0.15
2026-07-10T12:00:35.178	461	984	652	1177	3013	2944	3494	3796	4018	528	27.82	1018.5	54.96	291558	AS7341	flash	5	100	999	10	100.0	0.15
2026-07-10T12:00:37.191	461	984	652	1177	3014	2947	3495	3797	4019	528	27.81	1018.48	54.95	285492	AS7341	flash	5	100	999	10	100.0	0.15
2026-07-10T12:00:39.213	461	985	652	1177	3014	2947	3496	3799	4021	529	27.81	1018.5	54.94	290529	AS7341	flash	5	100	999	10	100.0	0.15
2026-07-10T12:00:41.241	461	984	652	1177	3015	2947	3496	3798	4020	528	27.8	1018.5	54.95	286486	AS7341	flash	5	100	999	10	100.0	0.15
2026-07-10T12:00:43.257	461	984	652	1177	3016	2947	3496	3799	4021	529	27.8	1018.51	54.96	291043	AS7341	flash	5	100	999	10	100.0	0.15
2026-07-10T12:00:45.168	461	984	652	1177	3013	2946	3494	3796	4018	528	27.81	1018.51	54.96	287737	AS7341	flash	5	100	999	10	100.0	0.15
2026-07-10T12:00:47.193	461	984	652	1177	3015	2947	3495	3798	4020	528	27.8	1018.5	54.97	286486	AS7341	flash	5	100	999	10	100.0	0.15
2026-07-10T12:00:49.205	461	984	652	1178	3016	2949	3497	3800	4021	529	27.81	1018.51	54.95	285988	AS7341	flash	5	100	999	10	100.0	0.15
2026-07-10T12:00:51.231	461	984	652	1178	3016	2948	3496	3799	4021	529	27.8	1018.49	54.97	287235	AS7341	flash	5	100	999	10	100.0	0.15
2026-07-10T12:00:53.264	461	984	652	1178	3016	2948	3497	3799	4021	529	27.81	1018.48	54.97	290273	AS7341	flash	5	100	999	10	100.0	0.15
2026-07-10T12:00:55.168	461	984	652	1177	3015	2948	3496	3798	4020	528	27.81	1018.47	54.97	292075	AS7341	flash	5	100	999	10	100.0	0.15
2026-07-10T12:00:57.186	461	984	652	1177	3015	2947	3496	3798	4020	528	27.8	1018.5	54.95	286237	AS7341	flash	5	100	999	10	100.0	0.15
2026-07-10T12:00:59.202	461	984	652	1178	3015	2948	3496	3799	4020	528	27.8	1018.47	54.95	290529	AS7341	flash	5	100	999	10	100.0	0.15
2026-07-10T12:01:01.219	461	984	652	1178	3016	2949	3497	3799	4022	529	27.8	1018.5	54.94	286985	AS7341	flash	5	100	999	10	100.0	0.15
2026-07-10T12:01:03.234	461	984	652	1178	3016	2949	3498	3799	4021	529	27.8	1018.48	54.94	287235	AS7341	flash	5	100	999	10	100.0	0.15
2026-07-10T12:01:05.254	461	984	652	1178	3017	2950	3498	3800	4022	529	27.79	1018.5	54.94	291558	AS7341	flash	5	100	999	10	100.0	0.15
2026-07-10T12:01:07.166	461	984	652	1178	3016	2948	3497	3799	4021	529	27.81	1018.5	54.93	292594	AS7341	flash	5	100	999	10	100.0	0.15
2026-07-10T12:01:09.197	461	984	652	1178	3017	2948	3498	3800	4022	529	27.79	1018.49	54.91	286985	AS7341	flash	5	100	999	10	100.0	0.15
2026-07-10T12:01:11.229	461	983	652	1178	3016	2949	3498	3799	4022	529	27.79	1018.49	54.93	292335	AS7341	flash	5	100	999	10	100.0	0.15
2026-07-10T12:01:13.247	461	984	652	1178	3018	2950	3499	3801	4023	529	27.8	1018.52	54.94	292075	AS7341	flash	5	100	999	10	100.0	0.15
2026-07-10T12:01:15.260	461	984	652	1178	3018	2950	3499	3800	4023	529	27.8	1018.51	54.95	286237	AS7341	flash	5	100	999	10	100.0	0.15
2026-07-10T12:01:17.166	461	984	652	1178	3016	2949	3498	3800	4022	529	27.82	1018.52	54.93	293376	AS7341	flash	5	100	999	10	100.0	0.15
2026-07-10T12:01:19.197	462	984	652	1178	3017	2950	3498	3801	4023	529	27.8	1018.5	54.93	293376	AS7341	flash	5	100	999	10	100.0	0.15
2026-07-10T12:01:21.209	462	984	652	1178	3018	2950	3500	3802	4024	529	27.8	1018.5	54.93	287737	AS7341	flash	5	100	999	10	0.0	0.15
2026-07-10T12:01:23.225	461	983	652	1177	3014	2948	3498	3805	4022	529	27.85	1018.52	55.55	284260	AS7341	flash	5	100	999	10	0.0	0.15
2026-07-10T12:01:25.247	461	983	652	1176	3010	2944	3497	3808	4020	529	27.86	1018.47	57.04	284260	AS7341	flash	5	100	999	10	0.0	0.15
2026-07-10T12:01:27.159	461	982	651	1173	3003	2936	3491	3807	4015	528	27.87	1018.49	58.7	276853	AS7341	flash	5	100	999	10	0.0	0.15
2026-07-10T12:01:29.189	461	983	651	1172	2999	2932	3488	3810	4014	528	27.88	1018.52	60.35	269821	AS7341	flash	5	100	999	10	0.0	0.15
2026-07-10T12:01:31.209	460	983	651	1170	2992	2925	3483	3810	4008	527	27.88	1018.49	61.77	268283	AS7341	flash	5	100	999	10	0.0	0.15
2026-07-10T12:01:33.238	460	983	650	1167	2986	2918	3478	3811	4004	527	27.89	1018.51	62.98	261053	AS7341	flash	5	100	999	10	0.0	0.15
2026-07-10T12:01:35.252	459	983	650	1165	2979	2911	3473	3811	3999	526	27.9	1018.49	63.96	262300	AS7341	flash	5	100	999	10	0.0	0.15
2026-07-10T12:01:37.160	459	983	650	1163	2972	2904	3466	3809	3993	526	27.91	1018.52	64.71	256778	AS7341	flash	5	100	999	10	0.0	0.15
2026-07-10T12:01:39.179	459	984	650	1161	2967	2898	3462	3810	3989	526	27.92	1018.5	65.35	253030	AS7341	flash	5	100	999	10	0.0	0.15
2026-07-10T12:01:41.190	459	985	649	1160	2962	2892	3457	3808	3984	525	27.92	1018.5	65.96	251869	AS7341	flash	5	100	999	10	0.0	0.15
2026-07-10T12:01:43.213	458	985	649	1158	2956	2887	3453	3809	3981	525	27.93	1018.51	66.45	246404	AS7341	flash	5	100	999	10	0.0	0.15
2026-07-10T12:01:45.229	458	985	649	1157	2951	2882	3449	3809	3977	524	27.93	1018.5	66.81	244031	AS7341	flash	5	100	999	10	0.0	0.15
2026-07-10T12:01:47.246	458	986	649	1155	2946	2876	3444	3808	3972	524	27.94	1018.51	67.16	243130	AS7341	flash	5	100	999	10	0.0	0.15
2026-07-10T12:01:49.157	458	986	648	1153	2940	2870	3440	3807	3967	524	27.96	1018.57	67.51	241880	AS7341	flash	5	100	999	10	0.0	0.15
2026-07-10T12:01:51.179	458	987	649	1152	2937	2866	3437	3807	3966	523	27.96	1018.54	67.88	239244	AS7341	flash	5	100	999	10	0.0	0.15
2026-07-10T12:01:53.193	458	987	648	1150	2931	2861	3432	3806	3961	523	27.97	1018.56	68.2	235650	AS7341	flash	5	100	999	10	0.0	0.15
2026-07-10T12:01:55.207	457	988	648	1149	2929	2857	3429	3806	3959	523	27.97	1018.57	68.57	233975	AS7341	flash	5	100	999	10	0.0	0.15
2026-07-10T12:01:57.229	457	988	648	1147	2924	2852	3425	3806	3955	522	27.98	1018.53	68.91	231346	AS7341	flash	5	100	999	10	0.0	0.15
2026-07-10T12:01:59.243	457	988	648	1146	2920	2848	3422	3805	3952	522	27.98	1018.52	69.22	231508	AS7341	flash	5	100	999	10	0.0	0.15
2026-07-10T12:02:01.263	457	989	648	1145	2917	2844	3419	3805	3948	522	27.99	1018.54	69.44	229572	AS7341	flash	5	100	999	10	0.0	0.15
2026-07-10T12:02:03.173	457	988	648	1143	2912	2840	3415	3803	3944	521	28.0	1018.53	69.63	227040	AS7341	flash	5	100	999	10	0.0	0.15
2026-07-10T12:02:05.197	457	989	648	1142	2909	2836	3413	3804	3942	521	27.99	1018.53	69.87	227353	AS7341	flash	5	100	999	10	0.0	0.15
2026-07-10T12:02:07.213	456	989	648	1142	2905	2832	3410	3804	3940	521	28.01	1018.51	70.14	224870	AS7341	flash	5	100	999	10	0.0	0.15
2026-07-10T12:02:09.230	456	990	647	1141	2902	2829	3407	3803	3937	521	28.01	1018.54	70.4	224563	AS7341	flash	5	100	999	10	0.0	0.15
2026-07-10T12:02:11.247	456	989	647	1140	2898	2825	3404	3802	3934	520	28.01	1018.55	70.58	221691	AS7341	flash	5	100	999	10	0.0	0.15
2026-07-10T12:02:13.151	456	990	647	1138	2896	2823	3402	3802	3932	520	28.02	1018.56	70.74	222439	AS7341	flash	5	100	999	10	0.0	0.15
2026-07-10T12:02:15.180	456	990	647	1137	2892	2819	3400	3801	3929	520	28.02	1018.57	70.92	219621	AS7341	flash	5	100	999	10	0.0	0.15
2026-07-10T12:02:17.195	456	990	647	1136	2891	2817	3398	3802	3927	520	28.02	1018.55	71.1	219183	AS7341	flash	5	100	999	10	0.0	0.15
2026-07-10T12:02:19.213	456	991	647	1135	2889	2814	3396	3802	3925	520	28.02	1018.53	71.31	217159	AS7341	flash	5	100	999	10	0.0	0.15
2026-07-10T12:02:21.225	456	991	647	1135	2888	2815	3398	3805	3926	520	28.03	1018.54	71.5	215737	AS7341	flash	5	100	999	10	100.0	0.15
2026-07-10T12:02:23.244	456	992	647	1135	2888	2815	3398	3801	3926	520	28.0	1018.55	70.64	219329	AS7341	flash	5	100	999	10	100.0	0.15
2026-07-10T12:02:25.165	456	993	647	1135	2886	2814	3395	3797	3922	519	27.99	1018.52	68.66	225177	AS7341	flash	5	100	999	10	100.0	0.15
2026-07-10T12:02:27.183	456	994	648	1134	2885	2813	3392	3790	3920	519	27.98	1018.57	66.57	226415	AS7341	flash	5	100	999	10	100.0	0.15
2026-07-10T12:02:29.203	456	996	648	1135	2884	2811	3389	3785	3918	519	27.97	1018.56	64.78	230859	AS7341	flash	5	100	999	10	100.0	0.15
2026-07-10T12:02:31.229	456	997	649	1134	2884	2810	3385	3777	3914	519	27.96	1018.52	63.35	237177	AS7341	flash	5	100	999	10	100.0	0.15
2026-07-10T12:02:33.257	456	999	649	1134	2883	2809	3381	3772	3912	518	27.96	1018.52	62.18	240995	AS7341	flash	5	100	999	10	100.0	0.15
2026-07-10T12:02:35.178	456	1000	649	1134	2881	2807	3378	3765	3909	518	27.97	1018.54	61.27	244938	AS7341	flash	5	100	999	10	100.0	0.15
2026-07-10T12:02:37.194	455	1001	649	1134	2881	2807	3375	3759	3908	518	27.95	1018.51	60.54	243490	AS7341	flash	5	100	999	10	100.0	0.15
2026-07-10T12:02:39.209	456	1002	650	1136	2882	2807	3374	3754	3907	518	27.95	1018.6	59.9	246036	AS7341	flash	5	100	999	10	100.0	0.15
2026-07-10T12:02:41.221	456	1004	650	1136	2883	2809	3374	3752	3907	518	27.94	1018.52	59.38	251677	AS7341	flash	5	100	999	10	100.0	0.15
2026-07-10T12:02:43.243	456	1004	650	1136	2883	2808	3372	3747	3907	518	27.94	1018.5	58.96	248637	AS7341	flash	5	100	999	10	100.0	0.15
2026-07-10T12:02:45.160	455	1004	650	1136	2883	2808	3371	3742	3905	517	27.95	1018.55	58.6	255187	AS7341	flash	5	100	999	10	100.0	0.15
2026-07-10T12:02:47.191	455	1005	651	1137	2885	2810	3372	3741	3905	517	27.94	1018.54	58.26	256179	AS7341	flash	5	100	999	10	100.0	0.15
2026-07-10T12:02:49.205	456	1006	651	1138	2886	2812	3372	3738	3907	517	27.93	1018.49	57.99	259612	AS7341	flash	5	100	999	10	100.0	0.15
2026-07-10T12:02:51.221	456	1007	651	1139	2888	2814	3373	3737	3908	518	27.94	1018.53	57.76	256578	AS7341	flash	5	100	999	10	100.0	0.15
2026-07-10T12:02:53.240	456	1006	651	1139	2889	2814	3373	3734	3907	517	27.93	1018.53	57.55	256778	AS7341	flash	5	100	999	10	100.0	0.15
2026-07-10T12:02:55.250	456	1007	652	1139	2892	2817	3374	3733	3909	518	27.93	1018.55	57.39	264618	AS7341	flash	5	100	999	10	100.0	0.15
2026-07-10T12:02:57.157	456	1006	651	1139	2891	2817	3373	3729	3907	517	27.93	1018.54	57.22	259612	AS7341	flash	5	100	999	10	100.0	0.15
2026-07-10T12:02:59.172	456	1007	652	1140	2895	2820	3375	3730	3910	518	27.92	1018.51	57.08	266762	AS7341	flash	5	100	999	10	100.0	0.15
2026-07-10T12:03:01.191	456	1007	652	1140	2897	2822	3377	3729	3912	518	27.93	1018.55	56.97	262091	AS7341	flash	5	100	999	10	100.0	0.15
2026-07-10T12:03:03.205	456	1007	652	1141	2898	2824	3378	3728	3913	518	27.92	1018.52	56.84	268283	AS7341	flash	5	100	999	10	100.0	0.15
2026-07-10T12:03:05.234	456	1007	652	1142	2900	2826	3380	3727	3915	518	27.92	1018.52	56.73	263771	AS7341	flash	5	100	999	10	100.0	0.15
2026-07-10T12:03:07.250	456	1007	652	1143	2903	2829	3382	3727	3916	518	27.92	1018.53	56.65	269601	AS7341	flash	5	100	999	10	100.0	0.15
2026-07-10T12:03:09.158	456	1006	652	1143	2904	2830	3382	3726	3917	518	27.92	1018.53	56.56	265472	AS7341	flash	5	100	999	10	100.0	0.15
2026-07-10T12:03:11.180	456	1006	652	1144	2907	2833	3384	3727	3919	518	27.91	1018.54	56.48	272726	AS7341	flash	5	100	999	10	100.0	0.15
2026-07-10T12:03:13.201	456	1006	652	1145	2909	2835	3386	3728	3921	518	27.91	1018.52	56.42	268502	AS7341	flash	5	100	999	10	100.0	0.15
2026-07-10T12:03:15.215	456	1006	652	1146	2911	2837	3388	3728	3921	518	27.9	1018.49	56.34	268502	AS7341	flash	5	100	999	10	100.0	0.15
2026-07-10T12:03:17.231	457	1005	652	1146	2913	2840	3390	3728	3923	519	27.9	1018.51	56.29	271154	AS7341	flash	5	100	999	10	100.0	0.15
2026-07-10T12:03:19.147	457	1005	652	1147	2915	2841	3391	3728	3924	519	27.91	1018.53	56.23	275003	AS7341	flash	5	100	999	10	100.0	0.15
2026-07-10T12:03:21.159	457	1005	652	1148	2918	2844	3394	3730	3926	519	27.89	1018.5	56.18	274316	AS7341	flash	5	100	999	10	100.0	0.15
2026-07-10T12:03:23.179	457	1005	653	1148	2920	2847	3397	3731	3929	519	27.89	1018.51	56.12	269821	AS7341	flash	5	100	999	10	100.0	0.15
2026-07-10T12:03:25.202	457	1004	653	1149	2921	2849	3399	3731	3931	519	27.89	1018.53	56.09	277319	AS7341	flash	5	100	999	10	100.0	0.15
2026-07-10T12:03:27.218	457	1004	653	1150	2923	2851	3400	3731	3932	519	27.89	1018.52	56.04	270931	AS7341	flash	5	100	999	10	100.0	0.15
2026-07-10T12:03:29.233	457	1004	653	1150	2925	2853	3402	3732	3934	520	27.89	1018.52	55.99	276156	AS7341	flash	5	100	999	10	100.0	0.15
2026-07-10T12:03:31.252	457	1003	653	1151	2928	2856	3404	3733	3936	520	27.89	1018.49	55.96	278492	AS7341	flash	5	100	999	10	100.0	0.15
2026-07-10T12:03:33.157	457	1003	653	1152	2929	2858	3406	3734	3938	520	27.89	1018.54	55.92	275003	AS7341	flash	5	100	999	10	100.0	0.15
2026-07-10T12:03:35.168	457	1003	653	1152	2931	2860	3407	3735	3939	520	27.88	1018.55	55.9	278492	AS7341	flash	5	100	999	10	100.0	0.15
2026-07-10T12:03:37.184	458	1002	653	1153	2934	2862	3410	3736	3941	520	27.88	1018.51	55.83	279437	AS7341	flash	5	100	999	10	100.0	0.15
2026-07-10T12:03:39.197	458	1002	653	1154	2937	2865	3412	3738	3944	521	27.87	1018.53	55.81	273860	AS7341	flash	5	100	999	10	100.0	0.15
2026-07-10T12:03:41.214	458	1002	653	1154	2938	2866	3415	3738	3945	521	27.88	1018.56	55.79	279200	AS7341	flash	5	100	999	10	100.0	0.15
2026-07-10T12:03:43.241	458	1001	653	1155	2939	2868	3415	3738	3946	521	27.87	1018.53	55.77	278727	AS7341	flash	5	100	999	10	100.0	0.15
2026-07-10T12:03:45.153	458	1001	653	1155	2941	2870	3417	3740	3948	521	27.88	1018.52	55.73	281587	AS7341	flash	5	100	999	10	100.0	0.15
2026-07-10T12:03:47.175	458	1000	653	1156	2944	2873	3419	3741	3950	521	27.87	1018.54	55.73	278256	AS7341	flash	5	100	999	10	100.0	0.15
2026-07-10T12:03:49.182	458	1000	653	1157	2946	2875	3422	3742	3952	521	27.86	1018.52	55.7	277086	AS7341	flash	5	100	999	10	100.0	0.15
2026-07-10T12:03:51.200	458	1000	653	1157	2948	2877	3423	3744	3954	522	27.86	1018.54	55.68	281587	AS7341	flash	5	100	999	10	100.0	0.15
2026-07-10T12:03:53.218	458	1000	653	1158	2950	2880	3427	3746	3956	522	27.86	1018.51	55.65	278963	AS7341	flash	5	100	999	10	100.0	0.15
2026-07-10T12:03:55.237	458	999	653	1158	2950	2880	3426	3745	3955	522	27.85	1018.51	55.64	278963	AS7341	flash	5	100	999	10	100.0	0.15
2026-07-10T12:03:57.246	458	999	653	1159	2953	2881	3429	3747	3958	522	27.86	1018.53	55.63	283526	AS7341	flash	5	100	999	10	100.0	0.15
2026-07-10T12:03:59.153	458	998	653	1159	2954	2882	3429	3747	3959	522	27.86	1018.5	55.59	278492	AS7341	flash	5	100	999	10	100.0	0.15
2026-07-10T12:04:01.175	459	998	653	1160	2955	2885	3432	3748	3960	522	27.85	1018.5	55.58	283039	AS7341	flash	5	100	999	10	100.0	0.15
2026-07-10T12:04:03.186	458	997	653	1160	2956	2886	3433	3749	3962	522	27.85	1018.5	55.56	279912	AS7341	flash	5	100	999	10	100.0	0.15
2026-07-10T12:04:05.199	459	997	653	1161	2958	2888	3435	3751	3963	523	27.85	1018.53	55.55	278256	AS7341	flash	5	100	999	10	100.0	0.15
2026-07-10T12:04:07.212	459	997	653	1161	2960	2890	3437	3753	3966	523	27.85	1018.5	55.55	284752	AS7341	flash	5	100	999	10	100.0	0.15
2026-07-10T12:04:09.235	459	997	653	1161	2961	2891	3439	3754	3967	523	27.85	1018.51	55.53	281587	AS7341	flash	5	100	999	10	100.0	0.15
2026-07-10T12:04:11.258	459	996	653	1161	2962	2892	3439	3754	3967	523	27.84	1018.5	55.5	283771	AS7341	flash	5	100	999	10	100.0	0.15
2026-07-10T12:04:13.174	459	996	653	1161	2963	2893	3440	3754	3968	523	27.86	1018.52	55.47	284506	AS7341	flash	5	100	999	10	100.0	0.15
2026-07-10T12:04:15.199	459	996	653	1162	2965	2895	3443	3757	3971	523	27.85	1018.53	55.45	280150	AS7341	flash	5	100	999	10	100.0	0.15
2026-07-10T12:04:17.214	459	995	653	1163	2966	2897	3444	3757	3972	523	27.86	1018.49	55.46	280150	AS7341	flash	5	100	999	10	100.0	0.15
2026-07-10T12:04:19.240	459	995	653	1163	2968	2898	3446	3758	3973	524	27.86	1018.54	55.44	285988	AS7341	flash	5	100	999	10	100.0	0.15
2026-07-10T12:04:21.258	459	995	653	1164	2970	2900	3448	3760	3974	524	27.85	1018.51	55.44	285740	AS7341	flash	5	100	999	10	100.0	0.15
2026-07-10T12:04:23.170	459	995	653	1164	2971	2901	3449	3761	3976	524	27.86	1018.52	55.41	280388	AS7341	flash	5	100	999	10	100.0	0.15
2026-07-10T12:04:25.194	459	995	653	1164	2971	2902	3450	3761	3975	524	27.85	1018.47	55.4	286237	AS7341	flash	5	100	999	10	100.0	0.15
2026-07-10T12:04:27.206	459	994	653	1164	2973	2903	3451	3762	3977	524	27.85	1018.51	55.4	284260	AS7341	flash	5	100	999	10	100.0	0.15
2026-07-10T12:04:29.236	459	994	652	1164	2974	2905	3452	3763	3978	524	27.85	1018.51	55.38	281346	AS7341	flash	5	100	999	10	100.0	0.15
2026-07-10T12:04:31.253	459	994	653	1165	2975	2905	3453	3764	3979	524	27.85	1018.53	55.38	280866	AS7341	flash	5	100	999	10	100.0	0.15
2026-07-10T12:04:33.159	459	993	653	1165	2975	2906	3453	3764	3979	524	27.86	1018.49	55.36	286735	AS7341	flash	5	100	999	10	100.0	0.15
2026-07-10T12:04:35.175	459	993	653	1165	2976	2907	3455	3765	3981	524	27.85	1018.51	55.35	281346	AS7341	flash	5	100	999	10	100.0	0.15
2026-07-10T12:04:37.186	460	993	653	1166	2977	2908	3456	3766	3982	525	27.85	1018.51	55.35	286735	AS7341	flash	5	100	999	10	100.0	0.15
2026-07-10T12:04:39.205	460	993	652	1166	2979	2910	3458	3767	3984	525	27.85	1018.47	55.34	285245	AS7341	flash	5	100	999	10	100.0	0.15
2026-07-10T12:04:41.234	460	992	653	1167	2980	2911	3459	3768	3984	525	27.85	1018.51	55.35	287235	AS7341	flash	5	100	999	10	100.0	0.15
2026-07-10T12:04:43.256	460	992	653	1167	2981	2911	3460	3769	3985	525	27.85	1018.49	55.33	285245	AS7341	flash	5	100	999	10	100.0	0.15
2026-07-10T12:04:45.166	460	992	652	1167	2981	2913	3460	3770	3986	525	27.85	1018.51	55.32	281828	AS7341	flash	5	100	999	10	100.0	0.15
2026-07-10T12:04:47.174	460	992	652	1167	2983	2913	3462	3771	3987	525	27.85	1018.5	55.32	283039	AS7341	flash	5	100	999	10	100.0	0.15
2026-07-10T12:04:49.195	460	992	653	1168	2983	2914	3463	3772	3988	525	27.85	1018.5	55.3	287737	AS7341	flash	5	100	999	10	100.0	0.15
2026-07-10T12:04:51.218	460	992	652	1168	2985	2916	3464	3773	3990	525	27.85	1018.54	55.32	286985	AS7341	flash	5	100	999	10	100.0	0.15
2026-07-10T12:04:53.237	460	991	652	1168	2984	2916	3464	3772	3989	525	27.85	1018.51	55.31	288241	AS7341	flash	5	100	999	10	100.0	0.15
2026-07-10T12:04:55.151	460	991	652	1168	2984	2916	3464	3771	3989	525	27.85	1018.49	55.3	287235	AS7341	flash	5	100	999	10	100.0	0.15
2026-07-10T12:04:57.165	460	991	652	1168	2985	2918	3466	3773	3991	525	27.85	1018.49	55.29	288493	AS7341	flash	5	100	999	10	100.0	0.15
2026-07-10T12:04:59.186	460	991	652	1169	2986	2918	3466	3773	3990	525	27.85	1018.52	55.28	283526	AS7341	flash	5	100	999	10	100.0	0.15
2026-07-10T12:05:01.208	460	991	653	1169	2987	2919	3468	3775	3992	526	27.85	1018.53	55.27	288493	AS7341	flash	5	100	999	10	100.0	0.15
2026-07-10T12:05:03.241	460	990	652	1169	2988	2920	3468	3775	3992	526	27.84	1018.49	55.26	289000	AS7341	flash	5	100	999	10	100.0	0.15
2026-07-10T12:05:05.257	460	990	652	1170	2988	2920	3469	3775	3993	526	27.84	1018.5	55.26	283039	AS7341	flash	5	100	999	10	100.0	0.15
2026-07-10T12:05:07.170	460	990	652	1170	2989	2921	3469	3775	3993	526	27.86	1018.5	55.25	285492	AS7341	flash	5	100	999	10	100.0	0.15
2026-07-10T12:05:09.186	460	990	652	1170	2990	2921	3471	3777	3995	526	27.85	1018.52	55.23	289763	AS7341	flash	5	100	999	10	100.0	0.15
2026-07-10T12:05:11.197	460	990	652	1170	2991	2923	3472	3778	3996	526	27.85	1018.48	55.22	285492	AS7341	flash	5	100	999	10	100.0	0.15
2026-07-10T12:05:13.223	460	990	652	1171	2992	2925	3474	3780	3997	526	27.85	1018.55	55.23	284506	AS7341	flash	5	100	999	10	100.0	0.15
2026-07-10T12:05:15.247	460	990	653	1171	2993	2925	3474	3780	3998	526	27.84	1018.49	55.21	284260	AS7341	flash	5	100	999	10	100.0	0.15
2026-07-10T12:05:17.258	460	990	652	1171	2993	2925	3474	3780	3998	526	27.85	1018.51	55.22	286985	AS7341	flash	5	100	999	10	100.0	0.15
2026-07-10T12:05:19.172	460	989	653	1171	2993	2926	3474	3780	3998	526	27.85	1018.52	55.21	290018	AS7341	flash	5	100	999	10	100.0	0.15
2026-07-10T12:05:21.194	461	990	653	1171	2994	2927	3475	3780	3999	526	27.85	1018.51	55.19	289508	AS7341	flash	5	100	999	10	100.0	0.15
2026-07-10T12:05:23.220	461	989	653	1172	2995	2928	3476	3782	4000	526	27.84	1018.5	55.19	289254	AS7341	flash	5	100	999	10	100.0	0.15
2026-07-10T12:05:25.242	461	989	653	1172	2996	2929	3478	3783	4002	527	27.84	1018.48	55.19	284998	AS7341	flash	5	100	999	10	100.0	0.15
2026-07-10T12:05:27.260	460	989	653	1172	2996	2928	3477	3783	4001	526	27.84	1018.5	55.19	286237	AS7341	flash	5	100	999	10	100.0	0.15
2026-07-10T12:05:29.172	460	989	653	1172	2996	2928	3477	3783	4001	526	27.84	1018.49	55.19	286237	AS7341	flash	5	100	999	10	100.0	0.15
2026-07-10T12:05:31.189	461	989	652	1172	2997	2929	3478	3783	4002	526	27.84	1018.5	55.19	290273	AS7341	flash	5	100	999	10	100.0	0.15
2026-07-10T12:05:33.205	461	989	653	1173	2998	2930	3479	3784	4003	527	27.83	1018.52	55.17	287235	AS7341	flash	5	100	999	10	100.0	0.15
2026-07-10T12:05:35.229	461	988	653	1172	2998	2930	3480	3784	4003	527	27.84	1018.54	55.17	284752	AS7341	flash	5	100	999	10	100.0	0.15
2026-07-10T12:05:37.247	461	988	652	1173	2998	2931	3480	3785	4004	527	27.83	1018.53	55.18	285740	AS7341	flash	5	100	999	10	100.0	0.15
2026-07-10T12:05:39.156	461	988	652	1173	2998	2931	3480	3785	4004	527	27.84	1018.53	55.18	290273	AS7341	flash	5	100	999	10	100.0	0.15
2026-07-10T12:05:41.172	461	988	652	1173	2999	2932	3481	3786	4005	527	27.82	1018.49	55.16	287235	AS7341	flash	5	100	999	10	100.0	0.15
2026-07-10T12:05:43.184	461	988	652	1173	2999	2932	3481	3786	4005	527	27.83	1018.53	55.17	290786	AS7341	flash	5	100	999	10	100.0	0.15
2026-07-10T12:05:45.194	461	988	652	1173	3000	2933	3483	3787	4006	527	27.82	1018.54	55.18	288241	AS7341	flash	5	100	999	10	100.0	0.15
2026-07-10T12:05:47.218	461	988	653	1174	3001	2933	3483	3788	4007	527	27.83	1018.49	55.19	284260	AS7341	flash	5	100	999	10	100.0	0.15
2026-07-10T12:05:49.238	461	988	652	1174	3001	2934	3483	3788	4007	527	27.83	1018.54	55.17	290018	AS7341	flash	5	100	999	10	100.0	0.15
2026-07-10T12:05:51.266	461	988	652	1174	3001	2934	3484	3788	4007	527	27.83	1018.54	55.17	289763	AS7341	flash	5	100	999	10	100.0	0.15
2026-07-10T12:05:53.170	461	987	652	1174	3001	2934	3483	3788	4006	527	27.84	1018.51	55.16	289508	AS7341	flash	5	100	999	10	100.0	0.15
2026-07-10T12:05:55.186	461	987	652	1173	3002	2935	3484	3788	4006	527	27.84	1018.5	55.16	291043	AS7341	flash	5	100	999	10	100.0	0.15
2026-07-10T12:05:57.207	461	987	652	1174	3002	2935	3484	3788	4006	527	27.84	1018.51	55.16	285740	AS7341	flash	5	100	999	10	100.0	0.15
2026-07-10T12:05:59.223	461	987	652	1174	3002	2935	3484	3788	4007	527	27.83	1018.51	55.16	291300	AS7341	flash	5	100	999	10	100.0	0.15
2026-07-10T12:06:01.241	461	987	652	1174	3004	2937	3486	3791	4009	527	27.83	1018.51	55.16	290018	AS7341	flash	5	100	999	10	100.0	0.15
2026-07-10T12:06:03.254	461	987	652	1174	3004	2937	3487	3791	4010	527	27.82	1018.5	55.16	286486	AS7341	flash	5	100	999	10	100.0	0.15
2026-07-10T12:06:05.165	461	987	652	1174	3003	2936	3484	3789	4007	527	27.84	1018.52	55.16	286735	AS7341	flash	5	100	999	10	100.0	0.15
2026-07-10T12:06:07.178	461	987	652	1174	3004	2937	3486	3790	4008	527	27.83	1018.48	55.15	291043	AS7341	flash	5	100	999	10	100.0	0.15
2026-07-10T12:06:09.203	461	987	652	1175	3005	2938	3487	3792	4010	527	27.83	1018.5	55.16	286735	AS7341	flash	5	100	999	10	100.0	0.15
2026-07-10T12:06:11.225	461	987	652	1174	3005	2938	3488	3792	4011	528	27.82	1018.5	55.15	287235	AS7341	flash	5	100	999	10	100.0	0.15
2026-07-10T12:06:13.238	461	987	652	1175	3005	2938	3488	3792	4010	527	27.82	1018.48	55.15	288746	AS7341	flash	5	100	999	10	100.0	0.15
2026-07-10T12:06:15.254	461	987	652	1175	3006	2939	3488	3792	4011	528	27.83	1018.52	55.14	286985	AS7341	flash	5	100	999	10	100.0	0.15
2026-07-10T12:06:17.160	461	986	652	1174	3005	2939	3487	3792	4011	528	27.83	1018.48	55.15	292075	AS7341	flash	5	100	999	10	100.0	0.15
2026-07-10T12:06:19.173	461	987	652	1175	3007	2940	3489	3793	4012	527	27.83	1018.49	55.13	290273	AS7341	flash	5	100	999	10	100.0	0.15
2026-07-10T12:06:21.185	461	986	652	1175	3006	2940	3489	3793	4012	528	27.82	1018.47	55.12	287737	AS7341	flash	5	100	999	10	100.0	0.15
2026-07-10T12:06:23.202	461	986	652	1175	3007	2940	3488	3793	4012	528	27.82	1018.5	55.14	286985	AS7341	flash	5	100	999	10	100.0	0.15
2026-07-10T12:06:25.216	461	986	652	1175	3007	2940	3489	3794	4012	528	27.82	1018.51	55.13	291043	AS7341	flash	5	100	999	10	100.0	0.15
2026-07-10T12:06:27.230	461	986	652	1174	3006	2939	3488	3793	4011	527	27.82	1018.5	55.14	286735	AS7341	flash	5	100	999	10	100.0	0.15
2026-07-10T12:06:29.254	461	986	652	1175	3007	2940	3488	3793	4012	528	27.82	1018.51	55.14	286985	AS7341	flash	5	100	999	10	100.0	0.15
2026-07-10T12:06:31.158	461	986	652	1175	3007	2940	3488	3793	4012	528	27.83	1018.49	55.15	286735	AS7341	flash	5	100	999	10	100.0	0.15
2026-07-10T12:06:33.185	461	986	652	1174	3007	2939	3488	3793	4012	528	27.82	1018.5	55.14	287737	AS7341	flash	5	100	999	10	100.0	0.15
2026-07-10T12:06:35.207	461	986	652	1174	3007	2940	3489	3793	4012	528	27.82	1018.53	55.14	285740	AS7341	flash	5	100	999	10	100.0	0.15
2026-07-10T12:06:37.220	461	986	652	1174	3008	2940	3490	3795	4014	528	27.81	1018.5	55.14	285492	AS7341	flash	5	100	999	10	100.0	0.15
2026-07-10T12:06:39.240	461	986	652	1175	3008	2940	3491	3795	4013	528	27.81	1018.51	55.16	293376	AS7341	flash	5	100	999	10	100.0	0.15
2026-07-10T12:06:41.254	461	986	652	1175	3009	2941	3491	3795	4014	528	27.81	1018.49	55.16	289763	AS7341	flash	5	100	999	10	100.0	0.15
2026-07-10T12:06:43.169	461	986	652	1174	3009	2942	3491	3796	4015	528	27.83	1018.51	55.15	292075	AS7341	flash	5	100	999	10	100.0	0.15
2026-07-10T12:06:45.189	461	986	652	1175	3009	2942	3491	3796	4015	528	27.82	1018.52	55.16	291558	AS7341	flash	5	100	999	10	100.0	0.15
2026-07-10T12:06:47.202	461	986	652	1175	3009	2941	3492	3796	4015	528	27.82	1018.5	55.17	289508	AS7341	flash	5	100	999	10	100.0	0.15
2026-07-10T12:06:49.211	461	986	652	1175	3010	2941	3492	3797	4016	528	27.83	1018.51	55.16	289254	AS7341	flash	5	100	999	10	100.0	0.15
2026-07-10T12:06:51.234	461	986	652	1175	3010	2942	3492	3797	4015	528	27.82	1018.49	55.14	287737	AS7341	flash	5	100	999	10	100.0	0.15
2026-07-10T12:06:53.244	461	985	652	1175	3010	2943	3492	3796	4015	528	27.82	1018.53	55.16	288241	AS7341	flash	5	100	999	10	100.0	0.15
2026-07-10T12:06:55.154	461	985	652	1174	3008	2940	3490	3795	4014	528	27.83	1018.5	55.14	288241	AS7341	flash	5	100	999	10	100.0	0.15
2026-07-10T12:06:57.166	461	986	652	1175	3010	2942	3492	3797	4016	528	27.82	1018.48	55.16	292854	AS7341	flash	5	100	999	10	100.0	0.15
2026-07-10T12:06:59.185	461	985	652	1175	3010	2942	3493	3797	4016	528	27.82	1018.47	55.15	291300	AS7341	flash	5	100	999	10	100.0	0.15
2026-07-10T12:07:01.200	461	986	652	1175	3011	2942	3493	3798	4017	528	27.81	1018.47	55.14	291300	AS7341	flash	5	100	999	10	100.0	0.15
2026-07-10T12:07:03.220	461	985	652	1175	3010	2942	3492	3797	4015	528	27.81	1018.47	55.16	286237	AS7341	flash	5	100	999	10	100.0	0.15
2026-07-10T12:07:05.233	461	985	652	1175	3011	2942	3493	3798	4017	528	27.81	1018.51	55.14	291816	AS7341	flash	5	100	999	10	100.0	0.15
2026-07-10T12:07:07.249	461	986	652	1175	3012	2944	3494	3799	4018	528	27.81	1018.47	55.15	292594	AS7341	flash	5	100	999	10	100.0	0.15
2026-07-10T12:07:09.159	461	985	652	1175	3011	2943	3493	3798	4017	528	27.82	1018.47	55.15	288746	AS7341	flash	5	100	999	10	100.0	0.15
2026-07-10T12:07:11.177	461	985	652	1175	3011	2943	3494	3798	4017	528	27.81	1018.45	55.15	291816	AS7341	flash	5	100	999	10	100.0	0.15
2026-07-10T12:07:13.192	461	985	652	1176	3012	2943	3495	3799	4018	528	27.82	1018.5	55.15	286735	AS7341	flash	5	100	999	10	100.0	0.15
2026-07-10T12:07:15.222	461	985	652	1176	3011	2945	3494	3798	4017	528	27.81	1018.49	55.16	287989	AS7341	flash	5	100	999	10	100.0	0.15
2026-07-10T12:07:17.237	461	985	652	1175	3011	2943	3494	3798	4017	528	27.81	1018.51	55.17	286985	AS7341	flash	5	100	999	10	100.0	0.15
2026-07-10T12:07:19.255	461	985	652	1175	3011	2943	3494	3798	4017	528	27.82	1018.47	55.18	290786	AS7341	flash	5	100	999	10	100.0	0.15
2026-07-10T12:07:21.157	461	985	653	1176	3011	2944	3494	3798	4017	528	27.83	1018.46	55.15	293900	AS7341	flash	5	100	999	10	100.0	0.0
2026-07-10T12:07:23.178	461	985	653	1176	3013	2946	3496	3800	4018	528	27.82	1018.51	55.15	293115	AS7341	flash	5	100	999	10	100.0	0.0
2026-07-10T12:07:25.197	461	985	653	1177	3013	2947	3497	3801	4019	529	27.81	1018.5	55.14	286735	AS7341	flash	5	100	999	10	100.0	0.0
2026-07-10T12:07:27.215	462	984	653	1177	3014	2948	3499	3801	4020	529	27.8	1018.46	55.1	290786	AS7341	flash	5	100	999	10	100.0	0.0
2026-07-10T12:07:29.226	462	984	653	1177	3016	2950	3501	3803	4022	529	27.79	1018.46	55.06	292854	AS7341	flash	5	100	999	10	100.0	0.0
2026-07-10T12:07:31.243	462	984	653	1178	3016	2951	3502	3803	4022	529	27.79	1018.48	54.97	293376	AS7341	flash	5	100	999	10	100.0	0.0
2026-07-10T12:07:33.254	462	984	653	1178	3018	2953	3504	3805	4024	529	27.79	1018.5	54.92	287737	AS7341	flash	5	100	999	10	100.0	0.0
2026-07-10T12:07:35.156	462	983	653	1178	3019	2954	3505	3805	4025	529	27.8	1018.49	54.83	292335	AS7341	flash	5	100	999	10	100.0	0.0
2026-07-10T12:07:37.177	462	983	653	1179	3022	2956	3508	3807	4028	529	27.78	1018.49	54.77	285740	AS7341	flash	5	100	999	10	100.0	0.0
2026-07-10T12:07:39.191	462	983	653	1179	3023	2957	3509	3808	4028	529	27.77	1018.46	54.69	288241	AS7341	flash	5	100	999	10	100.0	0.0
2026-07-10T12:07:41.216	462	983	653	1180	3024	2960	3511	3809	4030	530	27.76	1018.48	54.62	286985	AS7341	flash	5	100	999	10	100.0	0.0
2026-07-10T12:07:43.229	462	982	653	1180	3026	2960	3513	3810	4031	530	27.75	1018.47	54.54	287737	AS7341	flash	5	100	999	10	100.0	0.0
2026-07-10T12:07:45.243	462	982	653	1181	3028	2963	3515	3811	4033	530	27.75	1018.46	54.5	286237	AS7341	flash	5	100	999	10	100.0	0.0
2026-07-10T12:07:47.229	462	982	653	1181	3029	2965	3517	3813	4035	530	27.74	1018.44	54.42	282796	AS7341	flash	5	100	999	10	100.0	0.0
2026-07-10T12:07:49.227	463	982	653	1182	3031	2966	3518	3814	4037	530	27.74	1018.47	54.38	281828	AS7341	flash	5	100	999	10	100.0	0.0
2026-07-10T12:07:51.223	462	981	653	1181	3032	2966	3519	3814	4037	530	27.73	1018.47	54.31	281346	AS7341	flash	5	100	999	10	100.0	0.0
2026-07-10T12:07:53.207	462	981	653	1182	3032	2968	3520	3814	4038	530	27.73	1018.47	54.26	280388	AS7341	flash	5	100	999	10	100.0	0.0
2026-07-10T12:07:55.193	463	981	653	1182	3034	2970	3522	3816	4040	531	27.72	1018.45	54.23	284015	AS7341	flash	5	100	999	10	100.0	0.0
2026-07-10T12:07:57.182	463	981	653	1183	3035	2971	3523	3817	4041	531	27.72	1018.43	54.16	278963	AS7341	flash	5	100	999	10	100.0	0.0
2026-07-10T12:07:59.167	463	981	653	1183	3036	2972	3524	3816	4041	531	27.72	1018.46	54.11	279912	AS7341	flash	5	100	999	10	100.0	0.0
2026-07-10T12:08:01.153	463	981	653	1183	3038	2975	3526	3818	4044	531	27.72	1018.48	54.07	284998	AS7341	flash	5	100	999	10	100.0	0.0
2026-07-10T12:08:03.246	463	981	653	1184	3039	2976	3528	3820	4045	531	27.7	1018.47	54.04	279912	AS7341	flash	5	100	999	10	100.0	0.0
2026-07-10T12:08:05.229	463	981	653	1184	3040	2977	3528	3820	4046	531	27.71	1018.49	54.01	278963	AS7341	flash	5	100	999	10	100.0	0.0
2026-07-10T12:08:07.218	463	980	653	1185	3041	2977	3530	3821	4047	531	27.7	1018.44	53.96	280627	AS7341	flash	5	100	999	10	100.0	0.0
2026-07-10T12:08:09.208	463	980	653	1185	3041	2979	3530	3820	4047	531	27.7	1018.49	53.95	283039	AS7341	flash	5	100	999	10	100.0	0.0
2026-07-10T12:08:11.195	463	980	653	1185	3043	2981	3532	3822	4049	531	27.69	1018.48	53.92	279674	AS7341	flash	5	100	999	10	100.0	0.0
2026-07-10T12:08:13.187	463	979	653	1185	3044	2981	3533	3823	4049	531	27.68	1018.48	53.89	279912	AS7341	flash	5	100	999	10	100.0	0.0
2026-07-10T12:08:15.179	463	979	653	1186	3045	2983	3534	3824	4051	532	27.68	1018.45	53.86	285740	AS7341	flash	5	100	999	10	100.0	0.0
2026-07-10T12:08:17.162	463	979	653	1186	3045	2982	3534	3823	4050	532	27.68	1018.49	53.85	282311	AS7341	flash	5	100	999	10	100.0	0.0
2026-07-10T12:08:19.159	463	979	653	1186	3046	2983	3535	3824	4051	532	27.67	1018.45	53.82	282311	AS7341	flash	5	100	999	10	100.0	0.0
2026-07-10T12:08:21.255	463	979	653	1186	3048	2985	3537	3826	4053	532	27.65	1018.43	53.8	284998	AS7341	flash	5	100	999	10	100.0	0.0
2026-07-10T12:08:23.251	463	979	653	1187	3048	2986	3538	3826	4054	532	27.65	1018.45	53.78	281346	AS7341	flash	5	100	999	10	100.0	0.0
2026-07-10T12:08:25.243	463	978	653	1187	3049	2987	3540	3827	4055	532	27.65	1018.46	53.76	280388	AS7341	flash	5	100	999	10	100.0	0.0
2026-07-10T12:08:27.232	463	978	653	1187	3050	2987	3540	3828	4056	532	27.64	1018.48	53.76	282311	AS7341	flash	5	100	999	10	100.0	0.0
2026-07-10T12:08:29.230	463	978	653	1187	3051	2989	3541	3828	4057	532	27.64	1018.46	53.74	284015	AS7341	flash	5	100	999	10	100.0	0.0
2026-07-10T12:08:31.218	463	978	653	1187	3051	2989	3541	3828	4057	532	27.64	1018.49	53.73	285740	AS7341	flash	5	100	999	10	100.0	0.0
2026-07-10T12:08:33.212	463	978	653	1188	3053	2991	3543	3830	4059	532	27.63	1018.47	53.72	285988	AS7341	flash	5	100	999	10	100.0	0.0
2026-07-10T12:08:35.201	464	978	653	1188	3053	2992	3544	3830	4059	532	27.62	1018.45	53.7	284998	AS7341	flash	5	100	999	10	100.0	0.0
2026-07-10T12:08:37.185	464	978	653	1188	3055	2993	3546	3832	4062	533	27.62	1018.48	53.69	283526	AS7341	flash	5	100	999	10	100.0	0.0
2026-07-10T12:08:39.183	464	978	653	1189	3055	2993	3545	3831	4061	533	27.61	1018.46	53.67	288241	AS7341	flash	5	100	999	10	100.0	0.0
2026-07-10T12:08:41.173	464	977	653	1189	3055	2993	3546	3831	4061	533	27.61	1018.5	53.67	287989	AS7341	flash	5	100	999	10	100.0	0.0
2026-07-10T12:08:43.167	464	977	653	1189	3057	2994	3547	3833	4063	533	27.6	1018.46	53.67	286486	AS7341	flash	5	100	999	10	100.0	0.0
2026-07-10T12:08:45.164	464	977	653	1189	3057	2995	3548	3833	4063	533	27.6	1018.43	53.65	284752	AS7341	flash	5	100	999	10	100.0	0.0
2026-07-10T12:08:47.156	464	977	653	1189	3058	2996	3550	3835	4065	533	27.59	1018.49	53.65	285740	AS7341	flash	5	100	999	10	100.0	0.0
2026-07-10T12:08:49.251	464	977	653	1190	3059	2998	3550	3835	4065	533	27.58	1018.46	53.63	285740	AS7341	flash	5	100	999	10	100.0	0.0
2026-07-10T12:08:51.249	464	977	653	1190	3059	2998	3550	3834	4065	533	27.57	1018.43	53.63	285245	AS7341	flash	5	100	999	10	100.0	0.0
2026-07-10T12:08:53.238	464	976	653	1189	3060	2998	3551	3836	4066	533	27.58	1018.48	53.61	286237	AS7341	flash	5	100	999	10	100.0	0.0
2026-07-10T12:08:55.226	464	977	653	1190	3060	2999	3552	3837	4067	533	27.57	1018.49	53.62	286237	AS7341	flash	5	100	999	10	100.0	0.0
2026-07-10T12:08:57.216	464	976	653	1190	3060	2999	3551	3835	4066	533	27.56	1018.45	53.61	287486	AS7341	flash	5	100	999	10	100.0	0.0
2026-07-10T12:08:59.200	464	976	653	1190	3061	3001	3553	3837	4068	533	27.56	1018.48	53.61	287989	AS7341	flash	5	100	999	10	100.0	0.0
2026-07-10T12:09:01.196	464	976	652	1190	3061	2999	3552	3837	4067	533	27.56	1018.47	53.6	287737	AS7341	flash	5	100	999	10	100.0	0.0
2026-07-10T12:09:03.188	464	976	653	1190	3062	3001	3554	3838	4069	533	27.55	1018.45	53.59	289508	AS7341	flash	5	100	999	10	100.0	0.0
2026-07-10T12:09:05.169	464	976	653	1191	3062	3001	3554	3838	4069	533	27.55	1018.48	53.58	289254	AS7341	flash	5	100	999	10	100.0	0.0
2026-07-10T12:09:07.160	464	976	652	1191	3063	3002	3555	3838	4069	533	27.54	1018.48	53.58	289254	AS7341	flash	5	100	999	10	100.0	0.0
2026-07-10T12:09:09.250	464	976	653	1191	3064	3002	3556	3840	4070	533	27.53	1018.44	53.58	288241	AS7341	flash	5	100	999	10	100.0	0.0
2026-07-10T12:09:11.236	464	975	652	1191	3064	3003	3557	3840	4071	534	27.53	1018.48	53.59	289254	AS7341	flash	5	100	999	10	100.0	0.0
2026-07-10T12:09:13.230	464	975	652	1191	3064	3004	3557	3840	4071	533	27.52	1018.46	53.58	289508	AS7341	flash	5	100	999	10	100.0	0.0
2026-07-10T12:09:15.220	464	975	653	1191	3064	3004	3558	3841	4072	534	27.52	1018.43	53.58	289254	AS7341	flash	5	100	999	10	100.0	0.0
2026-07-10T12:09:17.209	464	975	653	1192	3066	3005	3558	3842	4073	534	27.51	1018.44	53.58	290018	AS7341	flash	5	100	999	10	100.0	0.0
2026-07-10T12:09:19.205	464	975	653	1192	3067	3005	3560	3842	4073	534	27.5	1018.42	53.57	291043	AS7341	flash	5	100	999	10	100.0	0.0
2026-07-10T12:09:21.195	464	975	652	1192	3067	3006	3560	3843	4074	534	27.5	1018.5	53.57	290273	AS7341	flash	5	100	999	10	100.0	0.0
2026-07-10T12:09:23.183	464	975	653	1192	3068	3008	3561	3845	4076	534	27.49	1018.47	53.59	291300	AS7341	flash	5	100	999	10	100.0	0.0
2026-07-10T12:09:25.173	464	975	653	1192	3069	3009	3562	3845	4076	534	27.49	1018.5	53.59	292335	AS7341	flash	5	100	999	10	100.0	0.0
2026-07-10T12:09:27.171	464	975	653	1192	3069	3008	3563	3845	4077	534	27.48	1018.49	53.57	290529	AS7341	flash	5	100	999	10	100.0	0.0
2026-07-10T12:09:29.176	464	975	653	1193	3068	3008	3563	3845	4077	534	27.48	1018.51	53.58	291816	AS7341	flash	5	100	999	10	100.0	0.0
2026-07-10T12:09:31.171	464	975	653	1193	3070	3010	3564	3847	4078	534	27.47	1018.5	53.58	292335	AS7341	flash	5	100	999	10	100.0	0.0
2026-07-10T12:09:33.165	464	975	652	1192	3070	3009	3563	3846	4077	534	27.46	1018.5	53.56	291816	AS7341	flash	5	100	999	10	100.0	0.0
2026-07-10T12:09:35.154	464	975	653	1193	3071	3011	3565	3847	4079	534	27.46	1018.5	53.58	291816	AS7341	flash	5	100	999	10	100.0	0.0
2026-07-10T12:09:37.239	465	975	653	1193	3071	3011	3565	3848	4079	534	27.45	1018.54	53.57	291558	AS7341	flash	5	100	999	10	100.0	0.0
2026-07-10T12:09:39.227	464	974	652	1193	3072	3011	3566	3848	4079	534	27.45	1018.5	53.58	291558	AS7341	flash	5	100	999	10	100.0	0.0
2026-07-10T12:09:41.219	464	974	653	1193	3072	3012	3566	3849	4080	535	27.45	1018.5	53.58	292335	AS7341	flash	5	100	999	10	100.0	0.0
2026-07-10T12:09:43.219	464	974	653	1193	3073	3012	3567	3849	4081	534	27.43	1018.48	53.57	292335	AS7341	flash	5	100	999	10	100.0	0.0
2026-07-10T12:09:45.208	465	974	653	1193	3072	3012	3567	3849	4081	534	27.43	1018.52	53.58	292335	AS7341	flash	5	100	999	10	100.0	0.0
2026-07-10T12:09:47.210	465	974	652	1193	3073	3013	3567	3849	4081	535	27.42	1018.48	53.58	292854	AS7341	flash	5	100	999	10	100.0	0.0
2026-07-10T12:09:49.208	464	974	652	1194	3074	3014	3568	3850	4082	535	27.42	1018.49	53.57	293638	AS7341	flash	5	100	999	10	100.0	0.0
2026-07-10T12:09:51.203	464	974	652	1193	3074	3014	3569	3850	4082	535	27.4	1018.49	53.56	292854	AS7341	flash	5	100	999	10	100.0	0.0
2026-07-10T12:09:53.200	464	974	652	1193	3075	3015	3569	3851	4083	534	27.4	1018.51	53.58	293376	AS7341	flash	5	100	999	10	100.0	0.0
2026-07-10T12:09:55.194	465	974	652	1194	3074	3014	3569	3851	4082	535	27.4	1018.53	53.57	293638	AS7341	flash	5	100	999	10	100.0	0.0
2026-07-10T12:09:57.183	465	974	652	1194	3075	3015	3570	3851	4083	535	27.39	1018.51	53.57	294425	AS7341	flash	5	100	999	10	100.0	0.0
2026-07-10T12:09:59.181	465	973	652	1194	3075	3016	3570	3852	4083	535	27.39	1018.48	53.58	295217	AS7341	flash	5	100	999	10	100.0	0.0
2026-07-10T12:10:01.171	465	973	652	1194	3075	3015	3570	3852	4084	535	27.38	1018.55	53.58	294953	AS7341	flash	5	100	999	10	100.0	0.0
2026-07-10T12:10:03.171	465	973	652	1194	3075	3016	3571	3852	4084	535	27.38	1018.5	53.59	294953	AS7341	flash	5	100	999	10	100.0	0.0
2026-07-10T12:10:05.166	465	973	652	1194	3075	3016	3571	3853	4084	535	27.38	1018.5	53.6	294425	AS7341	flash	5	100	999	10	100.0	0.0
2026-07-10T12:10:07.154	465	973	652	1194	3075	3016	3571	3853	4084	535	27.37	1018.47	53.58	295482	AS7341	flash	5	100	999	10	100.0	0.0
2026-07-10T12:10:09.238	465	973	652	1194	3077	3018	3573	3855	4086	535	27.36	1018.52	53.59	294689	AS7341	flash	5	100	999	10	100.0	0.0
2026-07-10T12:10:11.227	465	973	652	1194	3076	3017	3572	3854	4085	535	27.37	1018.54	53.58	294689	AS7341	flash	5	100	999	10	100.0	0.0
2026-07-10T12:10:13.214	465	973	652	1194	3077	3018	3573	3854	4086	535	27.36	1018.51	53.59	295217	AS7341	flash	5	100	999	10	100.0	0.0
2026-07-10T12:10:15.216	465	973	652	1194	3078	3018	3574	3855	4087	535	27.35	1018.48	53.59	295482	AS7341	flash	5	100	999	10	100.0	0.0
2026-07-10T12:10:17.203	465	973	652	1194	3078	3019	3574	3856	4087	535	27.35	1018.5	53.59	295747	AS7341	flash	5	100	999	10	100.0	0.0
2026-07-10T12:10:19.198	465	973	652	1195	3079	3020	3575	3857	4089	535	27.35	1018.53	53.58	296279	AS7341	flash	5	100	999	10	100.0	0.0
2026-07-10T12:10:21.193	465	973	652	1195	3079	3019	3575	3856	4088	535	27.34	1018.53	53.59	296013	AS7341	flash	5	100	999	10	100.0	0.0
2026-07-10T12:10:23.179	465	972	652	1195	3078	3019	3575	3856	4087	535	27.34	1018.5	53.57	296546	AS7341	flash	5	100	999	10	100.0	0.0
2026-07-10T12:10:25.164	465	972	652	1195	3078	3020	3576	3857	4088	535	27.32	1018.49	53.58	295482	AS7341	flash	5	100	999	10	100.0	0.0
2026-07-10T12:10:27.253	465	973	652	1196	3081	3021	3577	3859	4090	535	27.31	1018.52	53.6	295747	AS7341	flash	5	100	999	10	100.0	0.0
2026-07-10T12:10:29.244	465	972	652	1195	3079	3022	3576	3857	4089	535	27.31	1018.48	53.59	296279	AS7341	flash	5	100	999	10	100.0	0.0
2026-07-10T12:10:31.229	465	972	652	1195	3080	3022	3578	3858	4090	535	27.31	1018.51	53.61	296546	AS7341	flash	5	100	999	10	100.0	0.0
2026-07-10T12:10:33.222	465	972	652	1195	3081	3022	3578	3859	4090	535	27.3	1018.51	53.6	296279	AS7341	flash	5	100	999	10	100.0	0.0
2026-07-10T12:10:35.209	465	972	652	1195	3080	3021	3577	3858	4090	535	27.3	1018.48	53.61	296013	AS7341	flash	5	100	999	10	100.0	0.0
2026-07-10T12:10:37.205	465	973	652	1196	3081	3022	3578	3859	4091	536	27.3	1018.52	53.6	296813	AS7341	flash	5	100	999	10	100.0	0.0
2026-07-10T12:10:39.195	465	972	652	1195	3080	3022	3577	3858	4090	535	27.29	1018.5	53.62	297887	AS7341	flash	5	100	999	10	100.0	0.0
2026-07-10T12:10:41.192	465	972	652	1195	3081	3022	3579	3859	4091	535	27.29	1018.48	53.62	296546	AS7341	flash	5	100	999	10	100.0	0.0
2026-07-10T12:10:43.183	465	972	652	1196	3081	3023	3578	3859	4091	535	27.28	1018.5	53.6	298969	AS7341	flash	5	100	999	10	100.0	0.0
2026-07-10T12:10:45.173	465	972	652	1196	3082	3024	3579	3860	4092	536	27.28	1018.51	53.61	298157	AS7341	flash	5	100	999	10	100.0	0.0
2026-07-10T12:10:47.157	465	972	652	1196	3081	3024	3580	3861	4092	536	27.28	1018.5	53.62	297618	AS7341	flash	5	100	999	10	100.0	0.0
2026-07-10T12:10:49.154	465	972	652	1196	3082	3024	3579	3860	4092	536	27.28	1018.52	53.61	297887	AS7341	flash	5	100	999	10	100.0	0.0
2026-07-10T12:10:51.248	465	972	652	1196	3081	3024	3580	3861	4092	535	27.27	1018.52	53.61	296813	AS7341	flash	5	100	999	10	100.0	0.0
2026-07-10T12:10:53.233	465	972	652	1196	3083	3024	3581	3862	4093	536	27.27	1018.51	53.61	297349	AS7341	flash	5	100	999	10	100.0	0.0
2026-07-10T12:10:55.220	465	971	652	1196	3083	3024	3580	3861	4093	536	27.27	1018.51	53.61	297618	AS7341	flash	5	100	999	10	100.0	0.0
2026-07-10T12:10:57.210	465	972	652	1196	3084	3025	3582	3863	4094	536	27.26	1018.5	53.61	299513	AS7341	flash	5	100	999	10	100.0	0.0
2026-07-10T12:10:59.199	465	971	652	1196	3083	3024	3581	3862	4093	536	27.26	1018.52	53.61	296546	AS7341	flash	5	100	999	10	100.0	0.0
2026-07-10T12:11:01.189	465	972	652	1196	3083	3025	3582	3862	4094	536	27.25	1018.51	53.61	298698	AS7341	flash	5	100	999	10	100.0	0.0
2026-07-10T12:11:03.181	465	971	652	1196	3083	3025	3582	3862	4093	536	27.25	1018.52	53.6	299240	AS7341	flash	5	100	999	10	100.0	0.0
2026-07-10T12:11:05.166	465	971	652	1196	3082	3026	3582	3863	4094	536	27.24	1018.5	53.62	298969	AS7341	flash	5	100	999	10	100.0	0.0
2026-07-10T12:11:07.158	465	971	652	1196	3084	3026	3582	3863	4094	536	27.24	1018.5	53.63	297081	AS7341	flash	5	100	999	10	100.0	0.0
2026-07-10T12:11:09.147	465	971	652	1196	3084	3026	3582	3863	4094	536	27.23	1018.51	53.62	299785	AS7341	flash	5	100	999	10	100.0	0.0
2026-07-10T12:11:11.246	465	971	652	1196	3085	3028	3584	3865	4097	536	27.23	1018.52	53.62	299240	AS7341	flash	5	100	999	10	100.0	0.0
2026-07-10T12:11:13.234	465	971	652	1196	3085	3027	3583	3864	4096	536	27.22	1018.5	53.64	299240	AS7341	flash	5	100	999	10	100.0	0.0
2026-07-10T12:11:15.224	465	971	652	1196	3085	3028	3584	3865	4096	536	27.22	1018.54	53.62	300058	AS7341	flash	5	100	999	10	100.0	0.0
2026-07-10T12:11:17.213	465	971	652	1196	3085	3027	3584	3864	4096	536	27.21	1018.48	53.63	299513	AS7341	flash	5	100	999	10	100.0	0.0
2026-07-10T12:11:19.206	465	971	652	1196	3085	3028	3585	3865	4096	536	27.21	1018.49	53.63	299240	AS7341	flash	5	100	999	10	100.0	0.0
2026-07-10T12:11:21.208	465	971	652	1196	3086	3028	3585	3865	4096	536	27.2	1018.46	53.62	299785	AS7341	flash	5	100	999	10	100.0	0.0
2026-07-10T12:11:23.210	465	971	652	1196	3086	3029	3585	3866	4097	536	27.2	1018.51	53.63	299785	AS7341	flash	5	100	999	10	100.0	0.0
2026-07-10T12:11:25.205	465	971	652	1197	3086	3029	3586	3866	4098	536	27.2	1018.53	53.62	299785	AS7341	flash	5	100	999	10	100.0	0.0
2026-07-10T12:11:27.191	465	971	652	1196	3086	3029	3586	3866	4098	536	27.19	1018.5	53.63	298427	AS7341	flash	5	100	999	10	100.0	0.0
2026-07-10T12:11:29.177	465	971	652	1197	3086	3029	3587	3867	4099	536	27.19	1018.5	53.64	300332	AS7341	flash	5	100	999	10	100.0	0.0
2026-07-10T12:11:31.166	465	971	652	1197	3087	3029	3586	3867	4098	536	27.19	1018.51	53.62	300881	AS7341	flash	5	100	999	10	100.0	0.0
2026-07-10T12:11:33.158	465	971	652	1197	3086	3029	3586	3866	4098	536	27.18	1018.5	53.64	299240	AS7341	flash	5	100	999	10	100.0	0.0
2026-07-10T12:11:35.250	465	971	652	1197	3087	3030	3587	3867	4098	536	27.17	1018.49	53.64	300881	AS7341	flash	5	100	999	10	100.0	0.0
2026-07-10T12:11:37.234	465	971	652	1197	3087	3030	3587	3867	4099	536	27.17	1018.49	53.65	300332	AS7341	flash	5	100	999	10	100.0	0.0
2026-07-10T12:11:39.219	465	971	652	1197	3088	3031	3588	3868	4100	536	27.17	1018.52	53.65	300606	AS7341	flash	5	100	999	10	100.0	0.0
2026-07-10T12:11:41.202	465	970	652	1197	3087	3030	3588	3868	4099	536	27.16	1018.51	53.66	300881	AS7341	flash	5	100	999	10	100.0	0.0
2026-07-10T12:11:43.198	465	971	652	1197	3089	3031	3588	3869	4100	536	27.16	1018.46	53.67	300881	AS7341	flash	5	100	999	10	100.0	0.0
2026-07-10T12:11:45.188	465	971	652	1197	3089	3031	3589	3869	4101	537	27.16	1018.5	53.67	301432	AS7341	flash	5	100	999	10	100.0	0.0
2026-07-10T12:11:47.182	465	970	652	1197	3087	3031	3589	3869	4100	536	27.15	1018.47	53.68	301432	AS7341	flash	5	100	999	10	100.0	0.0
2026-07-10T12:11:49.167	465	970	652	1197	3088	3030	3588	3868	4099	536	27.14	1018.47	53.67	301984	AS7341	flash	5	100	999	10	100.0	0.0
2026-07-10T12:11:51.263	465	970	652	1197	3089	3032	3590	3870	4101	537	27.13	1018.5	53.68	298969	AS7341	flash	5	100	999	10	100.0	0.0
2026-07-10T12:11:53.248	465	970	652	1197	3088	3031	3589	3868	4100	536	27.12	1018.47	53.69	300881	AS7341	flash	5	100	999	10	100.0	0.0
2026-07-10T12:11:55.235	465	970	652	1197	3088	3031	3589	3869	4100	536	27.12	1018.5	53.7	301708	AS7341	flash	5	100	999	10	100.0	0.0
2026-07-10T12:11:57.213	465	970	652	1197	3088	3032	3590	3870	4100	536	27.12	1018.5	53.71	300058	AS7341	flash	5	100	999	10	100.0	0.0
2026-07-10T12:11:59.206	465	970	652	1197	3088	3032	3590	3871	4102	537	27.11	1018.49	53.72	301432	AS7341	flash	5	100	999	10	100.0	0.0
2026-07-10T12:12:01.202	465	970	652	1197	3090	3033	3591	3872	4102	537	27.11	1018.49	53.71	302817	AS7341	flash	5	100	999	10	100.0	0.0
2026-07-10T12:12:03.195	465	970	652	1197	3090	3033	3591	3871	4102	537	27.1	1018.45	53.71	300881	AS7341	flash	5	100	999	10	100.0	0.0
2026-07-10T12:12:05.178	465	970	652	1197	3089	3032	3590	3869	4100	536	27.1	1018.48	53.72	301984	AS7341	flash	5	100	999	10	100.0	0.0
2026-07-10T12:12:07.166	465	970	652	1197	3090	3033	3591	3871	4102	537	27.1	1018.48	53.73	302817	AS7341	flash	5	100	999	10	100.0	0.0
2026-07-10T12:12:09.169	465	970	652	1197	3089	3033	3591	3871	4101	537	27.09	1018.49	53.74	302261	AS7341	flash	5	100	999	10	100.0	0.0
2026-07-10T12:12:11.267	465	970	652	1197	3091	3034	3593	3873	4104	537	27.08	1018.48	53.75	301984	AS7341	flash	5	100	999	10	100.0	0.0
2026-07-10T12:12:13.252	465	970	652	1198	3090	3034	3592	3873	4103	537	27.08	1018.48	53.77	303935	AS7341	flash	5	100	999	10	100.0	0.0
2026-07-10T12:12:15.239	465	970	652	1198	3090	3034	3592	3872	4103	537	27.08	1018.47	53.77	301432	AS7341	flash	5	100	999	10	100.0	0.0
2026-07-10T12:12:17.224	465	970	652	1197	3091	3035	3593	3873	4104	537	27.07	1018.49	53.78	301708	AS7341	flash	5	100	999	10	100.0	0.0
2026-07-10T12:12:19.219	465	969	652	1197	3090	3034	3593	3873	4103	537	27.07	1018.46	53.79	302817	AS7341	flash	5	100	999	10	100.0	0.0
2026-07-10T12:12:21.205	465	969	651	1197	3090	3034	3592	3872	4103	537	27.07	1018.49	53.79	303096	AS7341	flash	5	100	999	10	100.0	0.0
2026-07-10T12:12:23.204	465	969	652	1197	3091	3034	3592	3872	4103	537	27.06	1018.51	53.79	303935	AS7341	flash	5	100	999	10	100.0	0.0
2026-07-10T12:12:25.190	465	969	651	1197	3089	3033	3591	3871	4102	536	27.05	1018.48	53.8	304779	AS7341	flash	5	100	999	10	100.0	0.0
2026-07-10T12:12:27.179	465	969	651	1197	3090	3034	3592	3873	4103	537	27.05	1018.46	53.8	302539	AS7341	flash	5	100	999	10	100.0	0.0
2026-07-10T12:12:29.166	465	969	651	1197	3090	3034	3592	3872	4103	536	27.04	1018.46	53.79	303096	AS7341	flash	5	100	999	10	100.0	0.0
2026-07-10T12:12:31.266	465	969	651	1198	3091	3035	3594	3874	4104	537	27.03	1018.5	53.81	303935	AS7341	flash	5	100	999	10	100.0	0.0
2026-07-10T12:12:33.247	465	969	652	1198	3090	3035	3594	3874	4104	537	27.04	1018.45	53.8	303655	AS7341	flash	5	100	999	10	100.0	0.0
2026-07-10T12:12:35.240	465	969	652	1197	3092	3035	3594	3874	4105	537	27.04	1018.48	53.81	303375	AS7341	flash	5	100	999	10	100.0	0.0
2026-07-10T12:12:37.230	465	969	652	1198	3091	3036	3595	3875	4105	537	27.03	1018.46	53.81	302261	AS7341	flash	5	100	999	10	100.0	0.0
2026-07-10T12:12:39.218	465	969	651	1198	3091	3035	3594	3874	4104	537	27.03	1018.47	53.81	302261	AS7341	flash	5	100	999	10	100.0	0.0
2026-07-10T12:12:41.205	465	969	652	1198	3091	3035	3594	3874	4104	537	27.02	1018.45	53.81	302539	AS7341	flash	5	100	999	10	100.0	0.0
2026-07-10T12:12:43.191	465	969	652	1198	3091	3036	3595	3875	4105	537	27.02	1018.47	53.81	301708	AS7341	flash	5	100	999	10	100.0	0.0
2026-07-10T12:12:45.190	465	969	651	1198	3091	3036	3595	3874	4105	537	27.02	1018.48	53.81	304779	AS7341	flash	5	100	999	10	100.0	0.0
2026-07-10T12:12:47.178	465	969	651	1198	3092	3036	3595	3875	4105	537	27.0	1018.42	53.83	304216	AS7341	flash	5	100	999	10	100.0	0.0
2026-07-10T12:12:49.267	466	969	652	1198	3092	3037	3597	3877	4107	537	27.0	1018.46	53.84	303655	AS7341	flash	5	100	999	10	100.0	0.0
2026-07-10T12:12:51.261	465	969	651	1198	3092	3036	3595	3875	4105	537	27.0	1018.48	53.84	303096	AS7341	flash	5	100	999	10	100.0	0.0
2026-07-10T12:12:53.254	465	969	651	1198	3092	3036	3596	3876	4106	537	27.0	1018.42	53.85	302261	AS7341	flash	5	100	999	10	100.0	0.0
2026-07-10T12:12:55.243	465	969	652	1198	3093	3037	3596	3876	4107	537	26.99	1018.45	53.85	304216	AS7341	flash	5	100	999	10	100.0	0.0
2026-07-10T12:12:57.231	465	969	651	1198	3093	3037	3597	3877	4107	537	26.99	1018.46	53.86	305061	AS7341	flash	5	100	999	10	100.0	0.0
2026-07-10T12:12:59.228	465	969	651	1198	3093	3037	3597	3877	4107	537	26.99	1018.45	53.86	303375	AS7341	flash	5	100	999	10	100.0	0.0
2026-07-10T12:13:01.215	465	969	651	1198	3093	3037	3597	3877	4107	537	26.98	1018.49	53.86	304216	AS7341	flash	5	100	999	10	100.0	0.0
2026-07-10T12:13:03.204	465	969	651	1198	3093	3037	3597	3877	4107	537	26.98	1018.49	53.86	304497	AS7341	flash	5	100	999	10	100.0	0.0
2026-07-10T12:13:05.190	465	969	651	1198	3093	3037	3597	3877	4107	537	26.98	1018.49	53.86	305344	AS7341	flash	5	100	999	10	100.0	0.0
2026-07-10T12:13:07.176	465	968	651	1198	3092	3037	3596	3877	4106	537	26.97	1018.49	53.89	305911	AS7341	flash	5	100	999	10	100.0	0.0
2026-07-10T12:13:09.166	465	969	651	1198	3092	3037	3597	3876	4106	537	26.97	1018.47	53.89	305627	AS7341	flash	5	100	999	10	100.0	0.0
2026-07-10T12:13:11.265	465	969	651	1198	3093	3039	3598	3879	4109	537	26.94	1018.46	53.89	303096	AS7341	flash	5	100	999	10	100.0	0.0
2026-07-10T12:13:13.252	465	969	651	1198	3093	3038	3597	3878	4108	537	26.95	1018.44	53.9	304497	AS7341	flash	5	100	999	10	100.0	0.0
2026-07-10T12:13:15.251	465	968	651	1198	3093	3039	3599	3878	4108	537	26.95	1018.47	53.91	302817	AS7341	flash	5	100	999	10	100.0	0.0
2026-07-10T12:13:17.245	465	968	651	1198	3093	3038	3598	3878	4108	537	26.94	1018.44	53.92	304216	AS7341	flash	5	100	999	10	100.0	0.0
2026-07-10T12:13:19.235	465	968	651	1198	3094	3038	3598	3878	4108	537	26.95	1018.48	53.92	304779	AS7341	flash	5	100	999	10	100.0	0.0
2026-07-10T12:13:21.224	466	968	651	1198	3094	3039	3599	3879	4109	537	26.94	1018.48	53.92	307052	AS7341	flash	5	100	999	10	100.0	0.0
2026-07-10T12:13:23.201	465	968	651	1198	3093	3038	3598	3878	4108	537	26.93	1018.46	53.93	303655	AS7341	flash	5	100	999	10	100.0	0.0
2026-07-10T12:13:25.188	465	968	651	1198	3094	3039	3599	3879	4108	537	26.93	1018.45	53.92	307052	AS7341	flash	5	100	999	10	100.0	0.0
2026-07-10T12:13:27.184	465	968	651	1198	3094	3039	3599	3879	4108	537	26.93	1018.45	53.95	304497	AS7341	flash	5	100	999	10	100.0	0.0
2026-07-10T12:13:29.169	465	968	651	1198	3093	3039	3598	3879	4108	537	26.92	1018.49	53.95	304779	AS7341	flash	5	100	999	10	100.0	0.0
2026-07-10T12:13:31.257	465	968	651	1198	3093	3039	3599	3879	4108	537	26.91	1018.47	53.95	305344	AS7341	flash	5	100	999	10	100.0	0.0
2026-07-10T12:13:33.250	465	968	651	1198	3093	3039	3599	3879	4108	537	26.91	1018.44	53.96	307052	AS7341	flash	5	100	999	10	100.0	0.0
2026-07-10T12:13:35.243	465	968	651	1198	3093	3038	3598	3879	4107	537	26.91	1018.43	53.95	305344	AS7341	flash	5	100	999	10	100.0	0.0
2026-07-10T12:13:37.236	465	968	651	1198	3094	3039	3599	3879	4108	537	26.9	1018.47	53.96	304216	AS7341	flash	5	100	999	10	100.0	0.0
2026-07-10T12:13:39.235	465	968	651	1198	3095	3040	3600	3880	4110	537	26.91	1018.46	53.96	304497	AS7341	flash	5	100	999	10	100.0	0.0
2026-07-10T12:13:41.226	465	968	651	1198	3094	3039	3599	3879	4108	537	26.9	1018.46	53.96	305061	AS7341	flash	5	100	999	10	100.0	0.0
2026-07-10T12:13:43.222	465	968	651	1198	3094	3039	3600	3880	4109	537	26.89	1018.45	53.96	304216	AS7341	flash	5	100	999	10	100.0	0.0
2026-07-10T12:13:45.210	465	968	651	1198	3093	3039	3600	3880	4109	537	26.9	1018.45	53.96	305344	AS7341	flash	5	100	999	10	100.0	0.0
2026-07-10T12:13:47.193	465	968	651	1198	3093	3039	3600	3880	4109	537	26.89	1018.46	53.98	304779	AS7341	flash	5	100	999	10	100.0	0.0
2026-07-10T12:13:49.186	465	968	651	1198	3095	3040	3601	3881	4110	538	26.89	1018.45	53.97	306481	AS7341	flash	5	100	999	10	100.0	0.0
2026-07-10T12:13:51.175	465	968	651	1198	3093	3040	3600	3881	4110	537	26.88	1018.47	53.99	306481	AS7341	flash	5	100	999	10	100.0	0.0
2026-07-10T12:13:53.165	466	968	651	1199	3095	3041	3601	3882	4111	538	26.88	1018.43	53.98	306481	AS7341	flash	5	100	999	10	100.0	0.0
2026-07-10T12:13:55.259	466	968	651	1199	3097	3042	3603	3883	4112	538	26.87	1018.47	53.99	305911	AS7341	flash	5	100	999	10	100.0	0.0
2026-07-10T12:13:57.255	466	968	651	1199	3095	3041	3601	3882	4111	537	26.87	1018.45	54.0	305061	AS7341	flash	5	100	999	10	100.0	0.0
2026-07-10T12:13:59.243	466	968	651	1198	3094	3041	3601	3882	4110	537	26.87	1018.46	54.0	306196	AS7341	flash	5	100	999	10	100.0	0.0
2026-07-10T12:14:01.239	465	968	651	1198	3095	3040	3601	3881	4110	537	26.86	1018.46	54.0	307052	AS7341	flash	5	100	999	10	100.0	0.0
2026-07-10T12:14:03.234	465	967	651	1198	3094	3040	3601	3881	4110	537	26.86	1018.47	54.0	305627	AS7341	flash	5	100	999	10	100.0	0.0
2026-07-10T12:14:05.222	465	968	651	1198	3095	3041	3602	3882	4112	538	26.85	1018.45	54.0	305344	AS7341	flash	5	100	999	10	100.0	0.0
2026-07-10T12:14:07.213	466	968	651	1198	3094	3041	3601	3882	4111	537	26.85	1018.44	54.02	307913	AS7341	flash	5	100	999	10	100.0	0.0
2026-07-10T12:14:09.196	466	968	651	1199	3095	3042	3603	3883	4112	538	26.84	1018.44	54.03	308779	AS7341	flash	5	100	999	10	100.0	0.0
2026-07-10T12:14:11.189	466	968	651	1199	3095	3042	3603	3883	4112	538	26.84	1018.43	54.02	306196	AS7341	flash	5	100	999	10	100.0	0.0
2026-07-10T12:14:13.176	466	968	651	1199	3096	3043	3604	3885	4114	538	26.84	1018.45	54.03	307626	AS7341	flash	5	100	999	10	100.0	0.0
2026-07-10T12:14:15.175	466	968	651	1198	3096	3041	3602	3883	4111	538	26.84	1018.46	54.03	306481	AS7341	flash	5	100	999	10	100.0	0.0
2026-07-10T12:14:17.262	466	968	651	1199	3096	3042	3604	3884	4113	538	26.82	1018.45	54.04	306196	AS7341	flash	5	100	999	10	100.0	0.0
2026-07-10T12:14:19.244	466	968	651	1199	3096	3042	3604	3884	4112	538	26.83	1018.45	54.04	305911	AS7341	flash	5	100	999	10	100.0	0.0
2026-07-10T12:14:21.235	466	968	651	1199	3096	3043	3604	3885	4114	538	26.83	1018.44	54.04	307626	AS7341	flash	5	100	999	10	100.0	0.0
2026-07-10T12:14:23.218	466	968	651	1199	3096	3042	3603	3883	4112	538	26.83	1018.47	54.05	306766	AS7341	flash	5	100	999	10	100.0	0.0
2026-07-10T12:14:25.208	465	967	651	1198	3095	3042	3603	3884	4113	538	26.83	1018.43	54.07	307913	AS7341	flash	5	100	999	10	100.0	0.0
2026-07-10T12:14:27.198	466	967	651	1199	3096	3043	3603	3884	4112	538	26.82	1018.49	54.06	305911	AS7341	flash	5	100	999	10	100.0	0.0
2026-07-10T12:14:29.188	466	967	651	1198	3096	3042	3603	3883	4112	538	26.81	1018.5	54.06	307626	AS7341	flash	5	100	999	10	100.0	0.0
2026-07-10T12:14:31.175	466	968	651	1199	3096	3042	3604	3884	4112	538	26.81	1018.45	54.08	306766	AS7341	flash	5	100	999	10	100.0	0.0
2026-07-10T12:14:33.262	466	967	651	1199	3097	3043	3604	3885	4113	538	26.8	1018.45	54.09	306196	AS7341	flash	5	100	999	10	100.0	0.0
2026-07-10T12:14:35.256	466	967	651	1198	3097	3043	3605	3885	4113	538	26.81	1018.5	54.09	306481	AS7341	flash	5	100	999	10	100.0	0.0
2026-07-10T12:14:37.247	466	967	651	1199	3098	3044	3606	3886	4114	538	26.8	1018.45	54.09	306481	AS7341	flash	5	100	999	10	100.0	0.0
2026-07-10T12:14:39.234	466	967	651	1199	3096	3043	3604	3885	4113	538	26.8	1018.48	54.1	307626	AS7341	flash	5	100	999	10	100.0	0.0
2026-07-10T12:14:41.232	466	967	651	1199	3096	3042	3603	3884	4112	538	26.79	1018.45	54.1	307052	AS7341	flash	5	100	999	10	100.0	0.0
2026-07-10T12:14:43.215	465	967	651	1199	3097	3043	3605	3886	4114	538	26.79	1018.49	54.1	308490	AS7341	flash	5	100	999	10	100.0	0.0
2026-07-10T12:14:45.204	466	967	651	1199	3097	3043	3605	3886	4113	538	26.79	1018.47	54.1	308201	AS7341	flash	5	100	999	10	100.0	0.0
2026-07-10T12:14:47.197	466	967	651	1199	3096	3043	3605	3886	4114	538	26.78	1018.49	54.1	307052	AS7341	flash	5	100	999	10	100.0	0.0
2026-07-10T12:14:49.189	466	967	651	1199	3096	3044	3605	3886	4114	538	26.78	1018.48	54.08	307052	AS7341	flash	5	100	999	10	100.0	0.0
2026-07-10T12:14:51.176	465	967	651	1199	3096	3043	3605	3885	4114	538	26.78	1018.48	54.11	307339	AS7341	flash	5	100	999	10	100.0	0.0
2026-07-10T12:14:53.172	466	967	651	1199	3098	3044	3606	3886	4114	538	26.77	1018.45	54.09	307913	AS7341	flash	5	100	999	10	100.0	0.0
2026-07-10T12:14:55.264	466	967	651	1199	3098	3045	3606	3887	4115	538	26.76	1018.48	54.11	308201	AS7341	flash	5	100	999	10	100.0	0.0
2026-07-10T12:14:57.259	466	967	651	1199	3098	3045	3607	3888	4116	538	26.77	1018.45	54.12	308490	AS7341	flash	5	100	999	10	100.0	0.0
2026-07-10T12:14:59.243	466	967	651	1199	3096	3044	3605	3886	4114	538	26.76	1018.46	54.1	306766	AS7341	flash	5	100	999	10	100.0	0.0
2026-07-10T12:15:01.231	466	967	651	1199	3097	3044	3605	3886	4114	538	26.77	1018.5	54.11	308490	AS7341	flash	5	100	999	10	100.0	0.0
2026-07-10T12:15:03.220	466	967	651	1199	3097	3044	3606	3887	4115	538	26.76	1018.47	54.1	308779	AS7341	flash	5	100	999	10	100.0	0.0
2026-07-10T12:15:05.214	466	967	651	1199	3098	3045	3607	3888	4116	538	26.76	1018.47	54.09	307626	AS7341	flash	5	100	999	10	100.0	0.0
2026-07-10T12:15:07.208	466	967	651	1199	3097	3044	3606	3887	4115	538	26.75	1018.45	54.09	307339	AS7341	flash	5	100	999	10	100.0	0.0
2026-07-10T12:15:09.212	466	967	651	1199	3096	3044	3606	3887	4115	538	26.75	1018.47	54.09	308201	AS7341	flash	5	100	999	10	100.0	0.0
2026-07-10T12:15:11.214	466	967	651	1199	3097	3045	3607	3887	4115	538	26.75	1018.47	54.12	308779	AS7341	flash	5	100	999	10	100.0	0.0
2026-07-10T12:15:13.211	466	967	651	1199	3099	3045	3608	3888	4116	538	26.74	1018.46	54.13	308779	AS7341	flash	5	100	999	10	100.0	0.0
2026-07-10T12:15:15.215	466	967	651	1199	3097	3045	3607	3887	4115	538	26.74	1018.41	54.11	307913	AS7341	flash	5	100	999	10	100.0	0.0
2026-07-10T12:15:17.199	465	967	651	1199	3098	3044	3606	3887	4115	538	26.73	1018.45	54.12	309650	AS7341	flash	5	100	999	10	100.0	0.0
2026-07-10T12:15:19.190	466	967	651	1199	3098	3045	3607	3888	4115	538	26.74	1018.48	54.12	308201	AS7341	flash	5	100	999	10	100.0	0.0
2026-07-10T12:15:21.183	466	967	651	1199	3098	3045	3607	3888	4116	538	26.73	1018.43	54.13	307913	AS7341	flash	5	100	999	10	100.0	0.0
2026-07-10T12:15:23.167	466	967	651	1199	3098	3045	3607	3888	4116	538	26.73	1018.45	54.13	309069	AS7341	flash	5	100	999	10	100.0	0.0
2026-07-10T12:15:25.266	466	967	651	1199	3100	3046	3609	3890	4117	538	26.72	1018.46	54.14	307052	AS7341	flash	5	100	999	10	100.0	0.0
2026-07-10T12:15:27.261	466	967	651	1199	3099	3046	3609	3889	4117	538	26.73	1018.46	54.14	308201	AS7341	flash	5	100	999	10	100.0	0.0
2026-07-10T12:15:29.246	466	967	651	1199	3099	3046	3609	3889	4117	538	26.72	1018.47	54.14	308779	AS7341	flash	5	100	999	10	100.0	0.0
2026-07-10T12:15:31.243	466	967	651	1199	3099	3046	3608	3889	4116	538	26.72	1018.45	54.15	309359	AS7341	flash	5	100	999	10	100.0	0.0
2026-07-10T12:15:33.235	466	967	651	1199	3098	3045	3608	3888	4115	538	26.72	1018.45	54.15	309359	AS7341	flash	5	100	999	10	100.0	0.0
2026-07-10T12:15:35.223	466	967	651	1199	3098	3046	3608	3889	4116	538	26.71	1018.46	54.16	307626	AS7341	flash	5	100	999	10	100.0	0.0
2026-07-10T12:15:37.219	466	967	651	1199	3099	3047	3609	3890	4117	538	26.7	1018.47	54.14	308201	AS7341	flash	5	100	999	10	100.0	0.0
2026-07-10T12:15:39.210	466	967	651	1199	3098	3046	3609	3889	4117	538	26.7	1018.46	54.16	309650	AS7341	flash	5	100	999	10	100.0	0.0
2026-07-10T12:15:41.198	466	967	651	1199	3099	3046	3609	3889	4117	538	26.7	1018.41	54.16	309359	AS7341	flash	5	100	999	10	100.0	0.0
2026-07-10T12:15:43.185	466	967	651	1199	3099	3046	3609	3890	4118	538	26.7	1018.45	54.16	310526	AS7341	flash	5	100	999	10	100.0	0.0
2026-07-10T12:15:45.182	466	966	651	1199	3099	3046	3609	3889	4117	538	26.7	1018.45	54.18	309942	AS7341	flash	5	100	999	10	100.0	0.0
2026-07-10T12:15:47.163	466	967	651	1199	3099	3046	3609	3889	4117	538	26.69	1018.44	54.17	309359	AS7341	flash	5	100	999	10	100.0	0.0
2026-07-10T12:15:49.251	466	967	651	1199	3100	3047	3610	3890	4117	538	26.68	1018.45	54.19	307626	AS7341	flash	5	100	999	10	100.0	0.0
2026-07-10T12:15:51.243	466	966	651	1199	3099	3047	3609	3890	4117	538	26.67	1018.45	54.19	307913	AS7341	flash	5	100	999	10	100.0	0.0
2026-07-10T12:15:53.230	466	967	651	1199	3099	3047	3610	3890	4118	538	26.68	1018.44	54.19	308490	AS7341	flash	5	100	999	10	100.0	0.0
2026-07-10T12:15:55.221	466	967	651	1199	3099	3046	3609	3890	4117	538	26.68	1018.44	54.18	309359	AS7341	flash	5	100	999	10	100.0	0.0
2026-07-10T12:15:57.215	466	966	651	1199	3099	3047	3609	3890	4118	538	26.67	1018.41	54.18	309359	AS7341	flash	5	100	999	10	100.0	0.0
2026-07-10T12:15:59.198	466	967	651	1199	3100	3047	3610	3891	4118	538	26.68	1018.46	54.19	309650	AS7341	flash	5	100	999	10	100.0	0.0
2026-07-10T12:16:01.189	466	966	651	1199	3099	3046	3609	3890	4117	538	26.67	1018.41	54.19	309942	AS7341	flash	5	100	999	10	100.0	0.0
2026-07-10T12:16:03.174	466	966	651	1199	3098	3046	3609	3889	4117	538	26.67	1018.44	54.18	307626	AS7341	flash	5	100	999	10	100.0	0.0
2026-07-10T12:16:05.272	466	966	651	1199	3100	3047	3610	3891	4118	538	26.65	1018.45	54.19	308201	AS7341	flash	5	100	999	10	100.0	0.0
2026-07-10T12:16:07.272	466	966	651	1199	3100	3048	3611	3891	4118	538	26.65	1018.43	54.21	309069	AS7341	flash	5	100	999	10	100.0	0.0
2026-07-10T12:16:09.265	466	966	651	1199	3099	3046	3610	3890	4117	538	26.66	1018.45	54.19	308490	AS7341	flash	5	100	999	10	100.0	0.0
2026-07-10T12:16:11.264	466	966	651	1199	3099	3048	3611	3892	4119	538	26.65	1018.44	54.2	308490	AS7341	flash	5	100	999	10	100.0	0.0
2026-07-10T12:16:13.251	466	966	651	1199	3100	3047	3610	3891	4119	538	26.65	1018.43	54.21	308490	AS7341	flash	5	100	999	10	100.0	0.0
2026-07-10T12:16:15.245	466	966	651	1199	3100	3047	3610	3891	4118	538	26.64	1018.43	54.2	309069	AS7341	flash	5	100	999	10	100.0	0.0
2026-07-10T12:16:17.237	466	966	651	1199	3099	3047	3610	3891	4118	538	26.65	1018.46	54.21	309942	AS7341	flash	5	100	999	10	100.0	0.0
2026-07-10T12:16:19.227	466	966	651	1199	3100	3048	3611	3892	4119	538	26.64	1018.45	54.2	309359	AS7341	flash	5	100	999	10	100.0	0.0
2026-07-10T12:16:21.217	466	966	651	1199	3100	3048	3611	3892	4119	538	26.65	1018.45	54.21	309942	AS7341	flash	5	100	999	10	100.0	0.0
2026-07-10T12:16:23.223	466	966	651	1199	3100	3048	3611	3892	4119	538	26.64	1018.43	54.21	309069	AS7341	flash	5	100	999	10	100.0	0.0
2026-07-10T12:16:25.232	466	966	651	1199	3099	3048	3611	3892	4119	538	26.63	1018.42	54.21	309942	AS7341	flash	5	100	999	10	100.0	0.0
2026-07-10T12:16:27.253	466	966	651	1200	3100	3048	3611	3893	4119	538	26.63	1018.46	54.22	309069	AS7341	flash	5	100	999	10	100.0	0.0
2026-07-10T12:16:29.260	466	967	651	1200	3101	3049	3613	3894	4121	539	26.62	1018.43	54.24	309650	AS7341	flash	5	100	999	10	100.0	0.0
2026-07-10T12:16:31.276	466	966	651	1200	3101	3048	3612	3892	4120	538	26.62	1018.42	54.24	309650	AS7341	flash	5	100	999	10	100.0	0.0
2026-07-10T12:16:33.189	466	966	651	1199	3100	3048	3611	3892	4119	538	26.63	1018.44	54.24	309942	AS7341	flash	5	100	999	10	100.0	0.0
2026-07-10T12:16:35.211	466	966	651	1199	3101	3048	3612	3893	4120	539	26.62	1018.42	54.25	309650	AS7341	flash	5	100	999	10	100.0	0.0
2026-07-10T12:16:37.232	466	966	650	1199	3100	3048	3612	3893	4119	538	26.61	1018.43	54.25	310234	AS7341	flash	5	100	999	10	100.0	0.0
2026-07-10T12:16:39.249	466	966	651	1199	3099	3048	3611	3892	4119	538	26.61	1018.45	54.25	308779	AS7341	flash	5	100	999	10	100.0	0.0
2026-07-10T12:16:41.278	466	966	651	1200	3100	3049	3613	3893	4120	538	26.61	1018.44	54.27	308779	AS7341	flash	5	100	999	10	100.0	0.0
2026-07-10T12:16:43.201	466	966	650	1199	3100	3048	3611	3892	4119	538	26.61	1018.46	54.27	311997	AS7341	flash	5	100	999	10	100.0	0.0
2026-07-10T12:16:45.224	466	966	651	1199	3101	3049	3612	3893	4120	538	26.6	1018.44	54.3	310526	AS7341	flash	5	100	999	10	100.0	0.0
2026-07-10T12:16:47.246	466	966	650	1199	3100	3048	3612	3893	4120	538	26.6	1018.44	54.28	310526	AS7341	flash	5	100	999	10	100.0	0.0
2026-07-10T12:16:49.259	466	966	651	1199	3100	3049	3613	3893	4120	539	26.6	1018.45	54.3	309942	AS7341	flash	5	100	999	10	100.0	0.0
2026-07-10T12:16:51.168	466	966	650	1199	3100	3048	3612	3893	4119	539	26.61	1018.45	54.29	308490	AS7341	flash	5	100	999	10	100.0	0.0
2026-07-10T12:16:53.188	466	966	650	1199	3101	3049	3612	3893	4120	539	26.59	1018.41	54.29	310526	AS7341	flash	5	100	999	10	100.0	0.0
2026-07-10T12:16:55.200	466	966	651	1199	3100	3049	3613	3893	4120	538	26.59	1018.43	54.29	309942	AS7341	flash	5	100	999	10	100.0	0.0
2026-07-10T12:16:57.225	466	966	651	1199	3101	3049	3613	3894	4120	539	26.59	1018.46	54.3	310234	AS7341	flash	5	100	999	10	100.0	0.0
2026-07-10T12:16:59.247	466	966	651	1200	3102	3050	3614	3895	4122	539	26.58	1018.43	54.32	309650	AS7341	flash	5	100	999	10	100.0	0.0
2026-07-10T12:17:01.262	466	966	651	1200	3102	3050	3614	3894	4121	539	26.58	1018.4	54.33	310526	AS7341	flash	5	100	999	10	100.0	0.0
2026-07-10T12:17:03.169	466	966	650	1199	3100	3049	3612	3893	4120	538	26.58	1018.47	54.34	309942	AS7341	flash	5	100	999	10	100.0	0.0
2026-07-10T12:17:05.194	466	966	651	1199	3101	3050	3613	3894	4121	539	26.58	1018.42	54.33	311113	AS7341	flash	5	100	999	10	100.0	0.0
2026-07-10T12:17:07.218	466	966	650	1199	3102	3050	3614	3895	4121	539	26.57	1018.41	54.35	309650	AS7341	flash	5	100	999	10	100.0	0.0
2026-07-10T12:17:09.235	466	966	651	1200	3100	3049	3614	3895	4121	539	26.57	1018.41	54.35	311113	AS7341	flash	5	100	999	10	100.0	0.0
2026-07-10T12:17:11.251	466	966	650	1199	3101	3049	3613	3894	4120	538	26.57	1018.43	54.34	309942	AS7341	flash	5	100	999	10	100.0	0.0
2026-07-10T12:17:13.264	466	966	650	1199	3100	3049	3613	3894	4120	538	26.57	1018.44	54.34	309650	AS7341	flash	5	100	999	10	100.0	0.0
2026-07-10T12:17:15.277	466	966	650	1199	3100	3050	3613	3894	4121	539	26.56	1018.41	54.37	311113	AS7341	flash	5	100	999	10	100.0	0.0
2026-07-10T12:17:17.178	466	966	651	1199	3101	3049	3613	3894	4120	539	26.57	1018.44	54.36	311113	AS7341	flash	5	100	999	10	100.0	0.0
2026-07-10T12:17:19.192	466	966	650	1199	3101	3049	3613	3894	4120	538	26.56	1018.42	54.36	310526	AS7341	flash	5	100	999	10	100.0	0.0
2026-07-10T12:17:21.203	466	966	650	1199	3102	3050	3614	3896	4121	539	26.56	1018.4	54.37	311113	AS7341	flash	5	100	999	10	0.0	0.0
2026-07-10T12:17:23.226	466	965	650	1199	3100	3050	3616	3898	4122	539	26.59	1018.44	54.69	309650	AS7341	flash	5	100	999	10	0.0	0.0
2026-07-10T12:17:25.248	466	965	650	1199	3102	3052	3619	3903	4125	539	26.59	1018.41	55.47	305911	AS7341	flash	5	100	999	10	0.0	0.0
2026-07-10T12:17:27.273	466	964	650	1199	3101	3052	3621	3907	4126	539	26.6	1018.44	56.4	302261	AS7341	flash	5	100	999	10	0.0	0.0
2026-07-10T12:17:29.175	466	964	650	1198	3100	3051	3622	3909	4126	539	26.62	1018.42	57.24	301984	AS7341	flash	5	100	999	10	0.0	0.0
2026-07-10T12:17:31.192	466	963	650	1198	3101	3052	3625	3914	4129	539	26.62	1018.45	58.08	295747	AS7341	flash	5	100	999	10	0.0	0.0
2026-07-10T12:17:33.213	466	963	650	1197	3100	3052	3625	3916	4128	539	26.62	1018.43	58.78	294425	AS7341	flash	5	100	999	10	0.0	0.0
2026-07-10T12:17:35.233	466	963	650	1197	3097	3051	3626	3919	4129	539	26.62	1018.43	59.37	291043	AS7341	flash	5	100	999	10	0.0	0.0
2026-07-10T12:17:37.265	466	962	649	1196	3097	3050	3626	3920	4128	539	26.62	1018.42	59.8	289763	AS7341	flash	5	100	999	10	0.0	0.0
2026-07-10T12:17:39.185	466	962	649	1196	3095	3048	3625	3921	4127	539	26.63	1018.4	60.09	287737	AS7341	flash	5	100	999	10	0.0	0.0
2026-07-10T12:17:41.201	466	962	649	1195	3092	3047	3625	3922	4126	539	26.63	1018.43	60.41	287235	AS7341	flash	5	100	999	10	0.0	0.0
2026-07-10T12:17:43.219	466	961	649	1195	3092	3047	3626	3925	4127	539	26.63	1018.43	60.7	285492	AS7341	flash	5	100	999	10	0.0	0.0
2026-07-10T12:17:45.236	466	962	649	1194	3093	3046	3627	3927	4128	539	26.63	1018.44	61.01	284998	AS7341	flash	5	100	999	10	0.0	0.0
2026-07-10T12:17:47.248	466	961	649	1194	3091	3045	3626	3928	4127	539	26.63	1018.41	61.29	282553	AS7341	flash	5	100	999	10	0.0	0.0
2026-07-10T12:17:49.261	466	961	649	1193	3088	3044	3626	3929	4126	539	26.63	1018.47	61.55	279912	AS7341	flash	5	100	999	10	0.0	0.0
2026-07-10T12:17:51.181	466	961	649	1192	3087	3041	3624	3928	4124	539	26.65	1018.44	61.74	279912	AS7341	flash	5	100	999	10	0.0	0.0
2026-07-10T12:17:53.198	466	961	649	1192	3086	3040	3624	3930	4123	539	26.64	1018.38	61.92	278492	AS7341	flash	5	100	999	10	0.0	0.0
2026-07-10T12:17:55.215	465	961	649	1192	3085	3040	3625	3932	4124	539	26.64	1018.46	62.1	277086	AS7341	flash	5	100	999	10	0.0	0.0
2026-07-10T12:17:57.245	465	961	648	1191	3082	3038	3623	3932	4122	539	26.63	1018.42	62.33	273632	AS7341	flash	5	100	999	10	0.0	0.0
2026-07-10T12:17:59.261	465	961	648	1191	3081	3036	3621	3931	4119	539	26.64	1018.41	62.51	273860	AS7341	flash	5	100	999	10	0.0	0.0
2026-07-10T12:18:01.277	465	961	648	1190	3080	3035	3621	3932	4120	539	26.65	1018.43	62.71	272500	AS7341	flash	5	100	999	10	0.0	0.0
2026-07-10T12:18:03.182	465	960	648	1189	3077	3032	3619	3931	4117	538	26.65	1018.41	62.88	272500	AS7341	flash	5	100	999	10	0.0	0.0
2026-07-10T12:18:05.197	465	960	648	1189	3077	3032	3620	3933	4118	538	26.65	1018.43	63.04	269380	AS7341	flash	5	100	999	10	0.0	0.0
2026-07-10T12:18:07.219	465	961	648	1189	3076	3031	3619	3933	4116	538	26.65	1018.42	63.19	270486	AS7341	flash	5	100	999	10	0.0	0.0
2026-07-10T12:18:09.245	465	961	648	1188	3074	3029	3618	3933	4116	538	26.65	1018.43	63.3	268721	AS7341	flash	5	100	999	10	0.0	0.0
2026-07-10T12:18:11.267	465	961	648	1188	3073	3029	3618	3934	4116	538	26.65	1018.43	63.44	268502	AS7341	flash	5	100	999	10	0.0	0.0
2026-07-10T12:18:13.173	465	961	648	1187	3072	3027	3617	3934	4114	538	26.66	1018.43	63.51	267846	AS7341	flash	5	100	999	10	0.0	0.0
2026-07-10T12:18:15.189	465	961	648	1187	3071	3026	3616	3934	4113	538	26.66	1018.44	63.58	265044	AS7341	flash	5	100	999	10	0.0	0.0
2026-07-10T12:18:17.204	465	960	648	1186	3069	3024	3614	3933	4111	538	26.66	1018.41	63.67	265686	AS7341	flash	5	100	999	10	0.0	0.0
2026-07-10T12:18:19.225	465	961	648	1186	3067	3023	3614	3934	4111	538	26.66	1018.44	63.78	265044	AS7341	flash	5	100	999	10	0.0	0.0
2026-07-10T12:18:21.241	465	961	648	1186	3065	3022	3613	3934	4110	538	26.66	1018.39	63.9	263560	AS7341	flash	5	100	999	10	100.0	0.0
2026-07-10T12:18:23.265	464	962	648	1185	3062	3018	3608	3928	4105	537	26.62	1018.43	63.39	265472	AS7341	flash	5	100	999	10	100.0	0.0
2026-07-10T12:18:25.279	464	963	648	1184	3060	3014	3602	3922	4101	537	26.61	1018.42	62.18	269160	AS7341	flash	5	100	999	10	100.0	0.0
2026-07-10T12:18:27.197	464	964	648	1183	3056	3009	3595	3914	4095	536	26.62	1018.4	60.95	272275	AS7341	flash	5	100	999	10	100.0	0.0
2026-07-10T12:18:29.217	464	964	648	1183	3054	3007	3590	3908	4092	536	26.6	1018.42	59.87	275463	AS7341	flash	5	100	999	10	100.0	0.0
2026-07-10T12:18:31.232	463	965	648	1182	3052	3003	3585	3902	4088	535	26.6	1018.39	58.98	277319	AS7341	flash	5	100	999	10	100.0	0.0
2026-07-10T12:18:33.256	463	966	648	1182	3051	3001	3582	3899	4086	535	26.58	1018.4	58.27	279912	AS7341	flash	5	100	999	10	100.0	0.0
2026-07-10T12:18:35.266	463	967	648	1182	3049	2999	3579	3894	4083	535	26.58	1018.4	57.72	282796	AS7341	flash	5	100	999	10	100.0	0.0
2026-07-10T12:18:37.173	463	967	648	1182	3049	2998	3576	3890	4081	535	26.59	1018.45	57.29	284998	AS7341	flash	5	100	999	10	100.0	0.0
2026-07-10T12:18:39.199	463	968	648	1182	3049	2997	3574	3888	4080	535	26.57	1018.4	56.93	285245	AS7341	flash	5	100	999	10	100.0	0.0
2026-07-10T12:18:41.225	463	968	648	1182	3048	2996	3571	3884	4078	535	26.57	1018.4	56.63	287235	AS7341	flash	5	100	999	10	100.0	0.0
2026-07-10T12:18:43.246	463	969	648	1182	3048	2997	3570	3881	4077	534	26.56	1018.39	56.4	288241	AS7341	flash	5	100	999	10	100.0	0.0
2026-07-10T12:18:45.270	463	969	649	1182	3049	2998	3570	3880	4077	535	26.56	1018.4	56.21	288746	AS7341	flash	5	100	999	10	100.0	0.0
2026-07-10T12:18:47.172	463	969	648	1182	3047	2994	3567	3876	4074	534	26.57	1018.43	56.04	291300	AS7341	flash	5	100	999	10	100.0	0.0
2026-07-10T12:18:49.189	463	970	649	1183	3049	2996	3568	3877	4076	534	26.55	1018.42	55.89	291816	AS7341	flash	5	100	999	10	100.0	0.0
2026-07-10T12:18:51.209	463	970	649	1183	3049	2997	3567	3875	4075	534	26.55	1018.41	55.77	292854	AS7341	flash	5	100	999	10	100.0	0.0
2026-07-10T12:18:53.239	463	970	649	1183	3050	2997	3567	3874	4076	535	26.54	1018.43	55.68	293900	AS7341	flash	5	100	999	10	100.0	0.0
2026-07-10T12:18:55.260	463	970	649	1183	3049	2997	3568	3874	4076	534	26.53	1018.41	55.61	293638	AS7341	flash	5	100	999	10	100.0	0.0
2026-07-10T12:18:57.281	463	970	649	1183	3050	2997	3567	3872	4076	534	26.54	1018.42	55.54	293376	AS7341	flash	5	100	999	10	100.0	0.0
2026-07-10T12:18:59.189	463	970	649	1183	3050	2997	3566	3870	4074	534	26.53	1018.45	55.45	296013	AS7341	flash	5	100	999	10	100.0	0.0
2026-07-10T12:19:01.222	463	970	649	1184	3052	2999	3568	3871	4077	535	26.52	1018.41	55.4	296546	AS7341	flash	5	100	999	10	100.0	0.0
2026-07-10T12:19:03.241	463	970	649	1184	3053	3000	3568	3870	4077	535	26.52	1018.43	55.35	297887	AS7341	flash	5	100	999	10	100.0	0.0
2026-07-10T12:19:05.264	463	971	649	1184	3053	3000	3569	3870	4077	535	26.52	1018.46	55.29	296546	AS7341	flash	5	100	999	10	100.0	0.0
2026-07-10T12:19:07.175	463	971	649	1185	3055	3002	3569	3870	4078	535	26.52	1018.42	55.25	298969	AS7341	flash	5	100	999	10	100.0	0.0
2026-07-10T12:19:09.199	463	971	649	1185	3056	3003	3570	3871	4080	535	26.51	1018.41	55.21	296813	AS7341	flash	5	100	999	10	100.0	0.0
2026-07-10T12:19:11.216	463	971	649	1185	3057	3004	3570	3870	4079	535	26.51	1018.44	55.18	300606	AS7341	flash	5	100	999	10	100.0	0.0
2026-07-10T12:19:13.236	463	971	649	1186	3058	3005	3572	3870	4081	535	26.51	1018.43	55.15	298157	AS7341	flash	5	100	999	10	100.0	0.0
2026-07-10T12:19:15.267	464	971	649	1186	3058	3005	3572	3870	4080	535	26.49	1018.43	55.11	301432	AS7341	flash	5	100	999	10	100.0	0.0
2026-07-10T12:19:17.180	464	971	650	1187	3060	3007	3574	3872	4083	535	26.5	1018.43	55.08	301708	AS7341	flash	5	100	999	10	100.0	0.0
2026-07-10T12:19:19.198	464	970	649	1187	3060	3007	3573	3870	4082	535	26.5	1018.44	55.05	298698	AS7341	flash	5	100	999	10	100.0	0.0
2026-07-10T12:19:21.219	464	971	650	1187	3061	3008	3574	3871	4083	535	26.5	1018.42	55.02	301708	AS7341	flash	5	100	999	10	100.0	0.0
2026-07-10T12:19:23.236	464	971	649	1187	3061	3008	3574	3871	4083	535	26.5	1018.46	55.01	300058	AS7341	flash	5	100	999	10	100.0	0.0
2026-07-10T12:19:25.260	464	970	650	1187	3063	3010	3576	3872	4085	535	26.48	1018.46	54.99	300881	AS7341	flash	5	100	999	10	100.0	0.0
2026-07-10T12:19:27.168	464	970	650	1187	3063	3010	3576	3871	4085	535	26.5	1018.43	54.96	303655	AS7341	flash	5	100	999	10	100.0	0.0
2026-07-10T12:19:29.194	464	970	650	1188	3064	3010	3577	3871	4085	535	26.49	1018.43	54.95	301984	AS7341	flash	5	100	999	10	100.0	0.0
2026-07-10T12:19:31.215	464	970	650	1188	3064	3012	3577	3872	4085	535	26.48	1018.45	54.94	302261	AS7341	flash	5	100	999	10	100.0	0.0
2026-07-10T12:19:33.244	464	970	650	1189	3067	3013	3579	3873	4087	536	26.48	1018.43	54.92	300606	AS7341	flash	5	100	999	10	100.0	0.0
2026-07-10T12:19:35.275	464	970	650	1189	3067	3014	3581	3874	4089	536	26.48	1018.47	54.91	303096	AS7341	flash	5	100	999	10	100.0	0.0
2026-07-10T12:19:37.187	464	970	649	1189	3068	3014	3580	3873	4088	536	26.48	1018.4	54.9	304497	AS7341	flash	5	100	999	10	100.0	0.0
2026-07-10T12:19:39.204	464	970	650	1189	3068	3015	3581	3874	4089	536	26.47	1018.4	54.88	305061	AS7341	flash	5	100	999	10	100.0	0.0
2026-07-10T12:19:41.227	464	970	650	1189	3069	3016	3582	3874	4090	536	26.46	1018.4	54.87	303375	AS7341	flash	5	100	999	10	100.0	0.0
2026-07-10T12:19:43.260	464	970	650	1190	3071	3018	3584	3876	4092	536	26.45	1018.41	54.87	305344	AS7341	flash	5	100	999	10	100.0	0.0
2026-07-10T12:19:45.280	464	970	650	1190	3071	3019	3584	3876	4092	536	26.45	1018.4	54.86	305911	AS7341	flash	5	100	999	10	100.0	0.0
2026-07-10T12:19:47.188	464	969	650	1190	3071	3018	3584	3875	4092	536	26.46	1018.42	54.84	306481	AS7341	flash	5	100	999	10	100.0	0.0
2026-07-10T12:19:49.196	464	970	650	1191	3073	3020	3586	3876	4093	536	26.45	1018.42	54.83	306481	AS7341	flash	5	100	999	10	100.0	0.0
2026-07-10T12:19:51.223	464	969	650	1191	3073	3020	3586	3876	4093	536	26.45	1018.41	54.83	307626	AS7341	flash	5	100	999	10	100.0	0.0
2026-07-10T12:19:53.243	464	969	650	1191	3074	3021	3587	3877	4095	536	26.45	1018.38	54.82	306196	AS7341	flash	5	100	999	10	100.0	0.0
2026-07-10T12:19:55.261	464	969	650	1191	3075	3022	3587	3878	4095	536	26.45	1018.41	54.81	306481	AS7341	flash	5	100	999	10	100.0	0.0
2026-07-10T12:19:57.176	464	969	650	1191	3075	3022	3587	3878	4095	536	26.45	1018.41	54.8	306766	AS7341	flash	5	100	999	10	100.0	0.0
2026-07-10T12:19:59.194	464	969	650	1191	3076	3024	3589	3879	4096	536	26.44	1018.37	54.8	306766	AS7341	flash	5	100	999	10	100.0	0.0
2026-07-10T12:20:01.218	464	969	650	1192	3076	3023	3589	3878	4096	536	26.44	1018.39	54.79	306766	AS7341	flash	5	100	999	10	100.0	0.0
2026-07-10T12:20:03.239	465	969	650	1192	3078	3027	3592	3881	4099	537	26.44	1018.39	54.8	307913	AS7341	flash	5	100	999	10	100.0	0.0
2026-07-10T12:20:05.254	464	969	650	1192	3078	3026	3593	3881	4100	537	26.43	1018.38	54.79	307052	AS7341	flash	5	100	999	10	100.0	0.0
2026-07-10T12:20:07.273	465	969	650	1192	3079	3027	3593	3881	4100	537	26.43	1018.41	54.79	307052	AS7341	flash	5	100	999	10	100.0	0.0
2026-07-10T12:20:09.183	465	969	650	1192	3079	3027	3593	3881	4099	537	26.43	1018.44	54.79	308779	AS7341	flash	5	100	999	10	100.0	0.0
2026-07-10T12:20:11.201	464	968	650	1192	3078	3026	3592	3880	4099	537	26.42	1018.38	54.77	308201	AS7341	flash	5	100	999	10	100.0	0.0
2026-07-10T12:20:13.223	465	968	650	1193	3080	3029	3594	3882	4101	537	26.42	1018.42	54.77	308779	AS7341	flash	5	100	999	10	100.0	0.0
2026-07-10T12:20:15.246	465	968	650	1193	3082	3030	3596	3883	4103	537	26.42	1018.42	54.77	306481	AS7341	flash	5	100	999	10	100.0	0.0
2026-07-10T12:20:17.276	465	968	650	1193	3080	3029	3595	3882	4101	537	26.41	1018.37	54.76	308490	AS7341	flash	5	100	999	10	100.0	0.0
2026-07-10T12:20:19.198	465	968	650	1193	3081	3030	3595	3882	4102	537	26.42	1018.38	54.75	306766	AS7341	flash	5	100	999	10	100.0	0.0
2026-07-10T12:20:21.221	465	968	650	1194	3083	3031	3597	3884	4103	537	26.41	1018.39	54.74	307052	AS7341	flash	5	100	999	10	100.0	0.0
2026-07-10T12:20:23.239	465	968	650	1194	3083	3032	3598	3885	4105	537	26.41	1018.39	54.76	308779	AS7341	flash	5	100	999	10	100.0	0.0
2026-07-10T12:20:25.254	465	968	650	1194	3084	3032	3598	3885	4105	537	26.41	1018.4	54.74	309942	AS7341	flash	5	100	999	10	100.0	0.0
2026-07-10T12:20:27.264	465	968	650	1194	3084	3032	3598	3884	4104	537	26.41	1018.42	54.73	308201	AS7341	flash	5	100	999	10	100.0	0.0
2026-07-10T12:20:29.171	465	968	650	1194	3084	3032	3598	3884	4104	537	26.42	1018.41	54.73	310234	AS7341	flash	5	100	999	10	100.0	0.0
2026-07-10T12:20:31.192	465	967	650	1194	3084	3033	3599	3885	4105	537	26.41	1018.4	54.72	309650	AS7341	flash	5	100	999	10	100.0	0.0
2026-07-10T12:20:33.216	465	968	650	1194	3087	3035	3601	3887	4107	538	26.41	1018.44	54.71	308490	AS7341	flash	5	100	999	10	100.0	0.0
2026-07-10T12:20:35.233	465	968	650	1194	3086	3034	3600	3886	4106	537	26.41	1018.43	54.71	310234	AS7341	flash	5	100	999	10	100.0	0.0
2026-07-10T12:20:37.256	465	968	650	1195	3086	3035	3600	3886	4107	537	26.4	1018.45	54.72	309942	AS7341	flash	5	100	999	10	100.0	0.0
2026-07-10T12:20:39.277	465	968	650	1195	3087	3036	3602	3888	4108	538	26.4	1018.42	54.71	310234	AS7341	flash	5	100	999	10	100.0	0.0
2026-07-10T12:20:41.184	465	967	650	1195	3087	3036	3602	3887	4108	537	26.41	1018.41	54.7	308779	AS7341	flash	5	100	999	10	100.0	0.0
2026-07-10T12:20:43.208	465	967	650	1195	3088	3037	3603	3888	4108	538	26.41	1018.41	54.7	308201	AS7341	flash	5	100	999	10	100.0	0.0
2026-07-10T12:20:45.222	465	967	650	1195	3088	3037	3603	3888	4109	538	26.4	1018.39	54.7	309942	AS7341	flash	5	100	999	10	100.0	0.0
2026-07-10T12:20:47.240	465	967	650	1195	3088	3037	3603	3888	4109	538	26.39	1018.37	54.68	309942	AS7341	flash	5	100	999	10	100.0	0.0
2026-07-10T12:20:49.257	465	967	650	1195	3090	3038	3604	3890	4110	538	26.39	1018.39	54.69	307913	AS7341	flash	5	100	999	10	100.0	0.0
2026-07-10T12:20:51.171	465	967	650	1195	3090	3039	3605	3890	4112	538	26.39	1018.39	54.69	310819	AS7341	flash	5	100	999	10	100.0	0.0
2026-07-10T12:20:53.188	465	967	650	1195	3089	3039	3605	3889	4110	538	26.39	1018.4	54.68	311997	AS7341	flash	5	100	999	10	100.0	0.0
2026-07-10T12:20:55.212	465	967	650	1196	3090	3039	3605	3890	4111	538	26.38	1018.39	54.68	310819	AS7341	flash	5	100	999	10	100.0	0.0
2026-07-10T12:20:57.228	465	967	650	1196	3090	3040	3606	3891	4112	538	26.38	1018.4	54.68	311113	AS7341	flash	5	100	999	10	100.0	0.0
2026-07-10T12:20:59.249	465	967	650	1196	3091	3041	3608	3892	4114	538	26.38	1018.43	54.68	310526	AS7341	flash	5	100	999	10	100.0	0.0
2026-07-10T12:21:01.260	465	967	650	1196	3091	3041	3607	3891	4112	538	26.38	1018.4	54.66	310526	AS7341	flash	5	100	999	10	100.0	0.0
2026-07-10T12:21:03.174	465	966	650	1195	3091	3040	3606	3890	4112	538	26.39	1018.42	54.66	311113	AS7341	flash	5	100	999	10	100.0	0.0
2026-07-10T12:21:05.182	465	967	650	1196	3091	3041	3607	3891	4113	538	26.38	1018.4	54.65	311997	AS7341	flash	5	100	999	10	100.0	0.0
2026-07-10T12:21:07.201	465	967	650	1196	3092	3042	3609	3893	4114	538	26.38	1018.39	54.66	310819	AS7341	flash	5	100	999	10	100.0	0.0
2026-07-10T12:21:09.224	465	967	650	1196	3094	3043	3609	3893	4115	538	26.38	1018.4	54.65	311702	AS7341	flash	5	100	999	10	100.0	0.0
2026-07-10T12:21:11.249	465	966	650	1196	3092	3043	3608	3893	4114	538	26.37	1018.38	54.65	311113	AS7341	flash	5	100	999	10	100.0	0.0
2026-07-10T12:21:13.265	465	967	650	1197	3094	3044	3610	3894	4115	538	26.38	1018.43	54.66	310526	AS7341	flash	5	100	999	10	100.0	0.0
2026-07-10T12:21:15.178	466	967	650	1197	3094	3043	3609	3893	4115	538	26.38	1018.39	54.64	309942	AS7341	flash	5	100	999	10	100.0	0.0
2026-07-10T12:21:17.198	465	967	650	1197	3094	3044	3610	3893	4116	538	26.37	1018.4	54.63	309359	AS7341	flash	5	100	999	10	100.0	0.0
2026-07-10T12:21:19.212	466	967	650	1197	3094	3044	3611	3894	4116	538	26.36	1018.37	54.64	310819	AS7341	flash	5	100	999	10	100.0	0.0
2026-07-10T12:21:21.236	466	967	650	1197	3095	3045	3611	3895	4117	538	26.37	1018.4	54.64	309069	AS7341	flash	5	100	999	10	100.0	0.0
2026-07-10T12:21:23.251	466	967	650	1197	3096	3046	3612	3896	4118	539	26.37	1018.39	54.63	311113	AS7341	flash	5	100	999	10	100.0	0.0
2026-07-10T12:21:25.267	466	966	650	1197	3095	3046	3612	3895	4117	538	26.36	1018.4	54.62	311702	AS7341	flash	5	100	999	10	100.0	0.0
2026-07-10T12:21:27.176	465	966	650	1197	3095	3044	3610	3893	4115	538	26.38	1018.41	54.62	312886	AS7341	flash	5	100	999	10	100.0	0.0
2026-07-10T12:21:29.203	466	966	650	1197	3096	3045	3611	3895	4116	538	26.36	1018.39	54.62	311113	AS7341	flash	5	100	999	10	100.0	0.0
2026-07-10T12:21:31.231	466	966	650	1198	3096	3046	3612	3896	4118	539	26.36	1018.39	54.6	312293	AS7341	flash	5	100	999	10	100.0	0.0
2026-07-10T12:21:33.251	466	966	650	1197	3096	3046	3612	3895	4117	538	26.35	1018.39	54.62	311407	AS7341	flash	5	100	999	10	100.0	0.0
2026-07-10T12:21:35.274	466	966	650	1197	3097	3046	3613	3896	4118	538	26.35	1018.41	54.6	309942	AS7341	flash	5	100	999	10	100.0	0.0
2026-07-10T12:21:37.196	466	966	650	1197	3096	3046	3612	3895	4117	538	26.36	1018.35	54.58	311113	AS7341	flash	5	100	999	10	100.0	0.0
2026-07-10T12:21:39.220	466	966	650	1198	3097	3046	3613	3896	4118	538	26.35	1018.41	54.61	312293	AS7341	flash	5	100	999	10	100.0	0.0
2026-07-10T12:21:41.230	466	966	650	1198	3098	3047	3614	3896	4119	539	26.36	1018.39	54.61	311113	AS7341	flash	5	100	999	10	100.0	0.0
2026-07-10T12:21:43.249	466	966	650	1198	3097	3048	3614	3897	4120	539	26.35	1018.37	54.59	311113	AS7341	flash	5	100	999	10	100.0	0.0
2026-07-10T12:21:45.278	466	966	650	1198	3098	3048	3615	3898	4120	539	26.35	1018.39	54.61	310526	AS7341	flash	5	100	999	10	100.0	0.0
2026-07-10T12:21:47.195	466	966	650	1198	3098	3048	3614	3897	4120	539	26.35	1018.37	54.6	311407	AS7341	flash	5	100	999	10	100.0	0.0
2026-07-10T12:21:49.224	466	966	650	1198	3098	3048	3614	3897	4119	539	26.35	1018.39	54.59	313482	AS7341	flash	5	100	999	10	100.0	0.0
2026-07-10T12:21:51.252	466	966	650	1198	3099	3049	3616	3898	4121	539	26.34	1018.37	54.59	312293	AS7341	flash	5	100	999	10	100.0	0.0
2026-07-10T12:21:53.276	466	966	650	1198	3100	3050	3616	3899	4122	539	26.34	1018.37	54.6	309942	AS7341	flash	5	100	999	10	100.0	0.0
2026-07-10T12:21:55.185	466	966	650	1198	3099	3049	3616	3898	4121	539	26.35	1018.38	54.59	311702	AS7341	flash	5	100	999	10	100.0	0.0
2026-07-10T12:21:57.205	466	966	650	1198	3099	3049	3615	3897	4120	539	26.34	1018.36	54.58	312886	AS7341	flash	5	100	999	10	100.0	0.0
2026-07-10T12:21:59.232	466	966	650	1198	3098	3049	3615	3897	4120	539	26.34	1018.37	54.58	313482	AS7341	flash	5	100	999	10	100.0	0.0
2026-07-10T12:22:01.255	466	966	651	1199	3100	3051	3618	3900	4122	539	26.32	1018.35	54.57	313482	AS7341	flash	5	100	999	10	100.0	0.0
2026-07-10T12:22:03.270	466	966	650	1198	3099	3050	3616	3899	4121	539	26.33	1018.39	54.57	312293	AS7341	flash	5	100	999	10	100.0	0.0
2026-07-10T12:22:05.277	466	966	650	1199	3100	3051	3617	3899	4122	539	26.33	1018.36	54.58	312293	AS7341	flash	5	100	999	10	100.0	0.0
2026-07-10T12:22:07.290	466	966	650	1198	3100	3051	3617	3899	4122	539	26.33	1018.35	54.57	311113	AS7341	flash	5	100	999	10	100.0	0.0
2026-07-10T12:22:09.212	466	965	650	1198	3100	3050	3616	3898	4121	539	26.34	1018.35	54.57	313184	AS7341	flash	5	100	999	10	100.0	0.0
2026-07-10T12:22:11.229	466	966	650	1198	3101	3051	3617	3899	4122	539	26.33	1018.35	54.55	313482	AS7341	flash	5	100	999	10	100.0	0.0
2026-07-10T12:22:13.247	466	966	650	1198	3101	3051	3618	3899	4123	539	26.33	1018.35	54.56	313482	AS7341	flash	5	100	999	10	100.0	0.0
2026-07-10T12:22:15.269	466	966	650	1199	3101	3052	3618	3900	4124	539	26.33	1018.35	54.55	313482	AS7341	flash	5	100	999	10	100.0	0.0
2026-07-10T12:22:17.282	466	966	650	1199	3101	3052	3619	3900	4124	539	26.33	1018.35	54.55	313482	AS7341	flash	5	100	999	10	100.0	0.0
2026-07-10T12:22:19.189	466	966	650	1199	3102	3052	3619	3900	4123	539	26.34	1018.35	54.53	313482	AS7341	flash	5	100	999	10	100.0	0.0
2026-07-10T12:22:21.202	466	966	650	1199	3102	3052	3618	3900	4123	539	26.33	1018.35	54.52	311997	AS7341	flash	5	100	999	10	100.0	0.0
2026-07-10T12:22:23.215	466	966	650	1199	3102	3052	3618	3899	4123	539	26.33	1018.36	54.51	311997	AS7341	flash	5	100	999	10	100.0	0.0
2026-07-10T12:22:25.229	466	966	650	1199	3103	3052	3619	3901	4124	539	26.32	1018.34	54.51	313482	AS7341	flash	5	100	999	10	100.0	0.0
2026-07-10T12:22:27.248	466	966	650	1199	3103	3054	3620	3902	4125	539	26.32	1018.32	54.5	312589	AS7341	flash	5	100	999	10	100.0	0.0
2026-07-10T12:22:29.268	466	966	650	1199	3104	3054	3621	3901	4125	539	26.32	1018.35	54.52	314080	AS7341	flash	5	100	999	10	100.0	0.0
2026-07-10T12:22:31.293	466	966	650	1200	3104	3054	3621	3902	4126	539	26.33	1018.34	54.5	314680	AS7341	flash	5	100	999	10	100.0	0.0
2026-07-10T12:22:33.206	466	965	650	1199	3101	3052	3619	3900	4124	539	26.34	1018.34	54.49	314680	AS7341	flash	5	100	999	10	100.0	0.0
2026-07-10T12:22:35.220	466	965	650	1199	3102	3052	3619	3900	4124	539	26.32	1018.35	54.49	314680	AS7341	flash	5	100	999	10	100.0	0.0
2026-07-10T12:22:37.236	466	965	650	1199	3103	3053	3620	3901	4124	539	26.32	1018.38	54.48	312293	AS7341	flash	5	100	999	10	100.0	0.0
2026-07-10T12:22:39.266	466	965	650	1199	3102	3053	3620	3901	4125	539	26.32	1018.37	54.47	312293	AS7341	flash	5	100	999	10	100.0	0.0
2026-07-10T12:22:41.281	466	965	650	1199	3103	3054	3621	3902	4125	539	26.32	1018.36	54.48	315283	AS7341	flash	5	100	999	10	100.0	0.0
2026-07-10T12:22:43.185	466	965	650	1199	3102	3053	3620	3900	4124	539	26.32	1018.33	54.44	314680	AS7341	flash	5	100	999	10	100.0	0.0
2026-07-10T12:22:45.197	466	965	650	1199	3102	3054	3620	3901	4124	539	26.31	1018.35	54.44	315283	AS7341	flash	5	100	999	10	100.0	0.0
2026-07-10T12:22:47.205	466	965	650	1200	3104	3054	3621	3901	4125	539	26.31	1018.37	54.43	312589	AS7341	flash	5	100	999	10	100.0	0.0
2026-07-10T12:22:49.226	466	965	650	1199	3104	3055	3622	3902	4126	539	26.31	1018.36	54.43	314981	AS7341	flash	5	100	999	10	100.0	0.0
2026-07-10T12:22:51.242	466	965	650	1200	3105	3055	3622	3902	4126	539	26.3	1018.35	54.43	315283	AS7341	flash	5	100	999	10	100.0	0.0
2026-07-10T12:22:53.254	466	965	650	1200	3105	3055	3622	3902	4127	539	26.3	1018.35	54.42	314680	AS7341	flash	5	100	999	10	100.0	0.0
2026-07-10T12:22:55.266	466	965	650	1200	3104	3054	3621	3901	4125	539	26.31	1018.36	54.42	312589	AS7341	flash	5	100	999	10	100.0	0.0
2026-07-10T12:22:57.282	466	965	650	1199	3104	3055	3622	3902	4126	539	26.3	1018.34	54.41	312293	AS7341	flash	5	100	999	10	100.0	0.0
2026-07-10T12:22:59.191	466	965	650	1200	3104	3056	3622	3903	4127	539	26.31	1018.37	54.4	314380	AS7341	flash	5	100	999	10	100.0	0.0
2026-07-10T12:23:01.199	466	965	650	1200	3105	3056	3622	3903	4127	539	26.3	1018.34	54.4	315585	AS7341	flash	5	100	999	10	100.0	0.0
2026-07-10T12:23:03.214	466	965	650	1200	3105	3057	3623	3904	4128	540	26.3	1018.38	54.39	316191	AS7341	flash	5	100	999	10	100.0	0.0
2026-07-10T12:23:05.233	466	965	650	1200	3105	3056	3623	3903	4128	539	26.3	1018.37	54.4	313482	AS7341	flash	5	100	999	10	100.0	0.0
2026-07-10T12:23:07.249	466	965	650	1200	3105	3056	3623	3903	4127	539	26.3	1018.41	54.39	312589	AS7341	flash	5	100	999	10	100.0	0.0
2026-07-10T12:23:09.263	466	965	650	1200	3106	3056	3623	3903	4127	539	26.3	1018.37	54.39	314981	AS7341	flash	5	100	999	10	100.0	0.0
2026-07-10T12:23:11.291	466	965	650	1200	3104	3055	3622	3902	4127	539	26.3	1018.37	54.39	312886	AS7341	flash	5	100	999	10	100.0	0.0
2026-07-10T12:23:13.192	466	965	650	1199	3104	3056	3622	3902	4127	539	26.31	1018.37	54.38	315585	AS7341	flash	5	100	999	10	100.0	0.0
2026-07-10T12:23:15.211	466	965	650	1200	3107	3057	3624	3904	4129	539	26.3	1018.37	54.37	315283	AS7341	flash	5	100	999	10	100.0	0.0
2026-07-10T12:23:17.225	466	965	650	1200	3105	3057	3624	3903	4128	539	26.3	1018.36	54.38	313482	AS7341	flash	5	100	999	10	100.0	0.0
2026-07-10T12:23:19.243	466	965	650	1200	3106	3058	3625	3905	4129	540	26.3	1018.34	54.37	313482	AS7341	flash	5	100	999	10	100.0	0.0
2026-07-10T12:23:21.256	466	965	650	1200	3108	3058	3625	3905	4129	540	26.29	1018.38	54.37	313184	AS7341	flash	5	100	999	10	0.0	0.0
2026-07-10T12:23:23.268	466	964	650	1200	3106	3058	3626	3907	4129	540	26.33	1018.36	54.64	311702	AS7341	flash	5	100	999	10	0.0	0.0
2026-07-10T12:23:25.279	466	964	650	1200	3108	3059	3629	3911	4132	540	26.34	1018.39	55.29	309359	AS7341	flash	5	100	999	10	0.0	0.0
2026-07-10T12:23:27.295	466	964	650	1200	3107	3060	3631	3914	4133	540	26.35	1018.39	56.12	308201	AS7341	flash	5	100	999	10	0.0	0.0
2026-07-10T12:23:29.199	466	963	650	1199	3106	3060	3632	3917	4134	540	26.37	1018.39	56.88	306766	AS7341	flash	5	100	999	10	0.0	0.0
2026-07-10T12:23:31.206	466	963	650	1199	3106	3060	3634	3920	4135	540	26.36	1018.37	57.61	302539	AS7341	flash	5	100	999	10	0.0	0.0
2026-07-10T12:23:33.220	466	963	650	1199	3106	3060	3635	3923	4136	540	26.37	1018.41	58.23	302261	AS7341	flash	5	100	999	10	0.0	0.0
2026-07-10T12:23:35.232	466	962	650	1199	3103	3059	3635	3923	4135	540	26.37	1018.37	58.75	297618	AS7341	flash	5	100	999	10	0.0	0.0
2026-07-10T12:23:37.247	466	962	650	1198	3104	3059	3636	3926	4136	540	26.37	1018.34	59.24	295482	AS7341	flash	5	100	999	10	0.0	0.0
2026-07-10T12:23:39.265	466	962	650	1198	3103	3058	3637	3928	4136	540	26.38	1018.41	59.67	292854	AS7341	flash	5	100	999	10	0.0	0.0
2026-07-10T12:23:41.289	466	962	649	1197	3102	3057	3637	3930	4136	540	26.39	1018.4	60.02	291816	AS7341	flash	5	100	999	10	0.0	0.0
2026-07-10T12:23:43.204	466	962	649	1197	3102	3057	3637	3931	4136	540	26.4	1018.38	60.35	291300	AS7341	flash	5	100	999	10	0.0	0.0
2026-07-10T12:23:45.218	466	961	649	1197	3101	3056	3637	3933	4136	540	26.4	1018.4	60.63	288746	AS7341	flash	5	100	999	10	0.0	0.0
2026-07-10T12:23:47.243	466	961	649	1196	3100	3055	3637	3934	4135	540	26.4	1018.42	60.87	286985	AS7341	flash	5	100	999	10	0.0	0.0
2026-07-10T12:23:49.269	466	961	649	1196	3098	3054	3637	3935	4135	540	26.4	1018.42	61.07	286486	AS7341	flash	5	100	999	10	0.0	0.0
2026-07-10T12:23:51.283	466	961	649	1195	3095	3052	3635	3935	4133	540	26.4	1018.36	61.26	286486	AS7341	flash	5	100	999	10	0.0	0.0
2026-07-10T12:23:53.200	466	961	649	1194	3096	3051	3635	3936	4133	540	26.42	1018.37	61.42	283771	AS7341	flash	5	100	999	10	0.0	0.0
2026-07-10T12:23:55.226	466	961	649	1194	3093	3050	3634	3936	4131	540	26.41	1018.38	61.59	284015	AS7341	flash	5	100	999	10	0.0	0.0
2026-07-10T12:23:57.238	466	960	649	1194	3092	3048	3633	3936	4130	540	26.42	1018.4	61.76	282796	AS7341	flash	5	100	999	10	0.0	0.0
2026-07-10T12:23:59.253	466	961	649	1193	3091	3047	3633	3937	4130	540	26.42	1018.41	61.94	281346	AS7341	flash	5	100	999	10	0.0	0.0
2026-07-10T12:24:01.262	466	960	648	1193	3090	3046	3632	3937	4129	540	26.42	1018.4	62.11	278256	AS7341	flash	5	100	999	10	0.0	0.0
2026-07-10T12:24:03.281	466	960	648	1192	3089	3045	3632	3939	4129	540	26.43	1018.42	62.26	276853	AS7341	flash	5	100	999	10	0.0	0.0
2026-07-10T12:24:05.291	466	961	649	1192	3087	3044	3632	3939	4128	540	26.43	1018.4	62.4	277553	AS7341	flash	5	100	999	10	0.0	0.0
2026-07-10T12:24:07.194	466	960	648	1191	3086	3042	3629	3938	4126	539	26.44	1018.39	62.49	276388	AS7341	flash	5	100	999	10	0.0	0.0
2026-07-10T12:24:09.211	466	961	648	1191	3084	3041	3629	3938	4126	539	26.44	1018.39	62.57	276156	AS7341	flash	5	100	999	10	0.0	0.0
2026-07-10T12:24:11.224	466	960	648	1191	3083	3039	3628	3938	4124	539	26.44	1018.39	62.67	274774	AS7341	flash	5	100	999	10	0.0	0.0
2026-07-10T12:24:13.241	466	961	648	1190	3082	3038	3628	3938	4123	539	26.44	1018.37	62.78	273405	AS7341	flash	5	100	999	10	0.0	0.0
2026-07-10T12:24:15.262	466	961	648	1190	3080	3038	3628	3939	4123	539	26.44	1018.41	62.87	274316	AS7341	flash	5	100	999	10	0.0	0.0
2026-07-10T12:24:17.279	465	960	648	1189	3078	3036	3626	3939	4122	539	26.44	1018.36	62.97	272050	AS7341	flash	5	100	999	10	0.0	0.0
2026-07-10T12:24:19.196	465	960	648	1189	3078	3034	3625	3938	4120	539	26.45	1018.37	63.03	272500	AS7341	flash	5	100	999	10	0.0	0.0
2026-07-10T12:24:21.209	465	961	648	1189	3078	3034	3625	3939	4121	539	26.45	1018.42	63.07	272500	AS7341	flash	5	100	999	10	100.0	0.0
2026-07-10T12:24:23.228	465	961	648	1188	3074	3031	3620	3934	4116	538	26.42	1018.39	62.59	273179	AS7341	flash	5	100	999	10	100.0	0.0
2026-07-10T12:24:25.245	465	962	648	1187	3071	3026	3613	3927	4111	538	26.41	1018.38	61.47	277553	AS7341	flash	5	100	999	10	100.0	0.0
2026-07-10T12:24:27.265	465	963	648	1187	3069	3023	3608	3921	4107	538	26.4	1018.35	60.28	279912	AS7341	flash	5	100	999	10	100.0	0.0
2026-07-10T12:24:29.279	464	964	648	1186	3066	3019	3603	3914	4103	537	26.39	1018.41	59.26	281587	AS7341	flash	5	100	999	10	100.0	0.0
2026-07-10T12:24:31.189	464	965	648	1186	3064	3016	3598	3909	4099	537	26.4	1018.41	58.47	284752	AS7341	flash	5	100	999	10	100.0	0.0
2026-07-10T12:24:33.206	464	966	648	1186	3063	3016	3596	3906	4098	537	26.38	1018.39	57.79	287989	AS7341	flash	5	100	999	10	100.0	0.0
2026-07-10T12:24:35.222	464	966	648	1186	3062	3014	3592	3901	4095	536	26.38	1018.43	57.26	288241	AS7341	flash	5	100	999	10	100.0	0.0
2026-07-10T12:24:37.231	464	967	649	1186	3063	3014	3591	3899	4095	536	26.37	1018.42	56.85	290018	AS7341	flash	5	100	999	10	100.0	0.0
2026-07-10T12:24:39.242	464	967	649	1186	3062	3012	3589	3896	4093	536	26.37	1018.41	56.49	292075	AS7341	flash	5	100	999	10	100.0	0.0
2026-07-10T12:24:41.258	464	968	649	1186	3062	3012	3588	3894	4093	536	26.36	1018.38	56.23	292854	AS7341	flash	5	100	999	10	100.0	0.0
2026-07-10T12:24:43.279	464	968	649	1186	3062	3012	3586	3891	4091	536	26.36	1018.41	56.01	294425	AS7341	flash	5	100	999	10	100.0	0.0
2026-07-10T12:24:45.186	464	968	649	1186	3061	3011	3584	3888	4089	536	26.37	1018.41	55.81	298157	AS7341	flash	5	100	999	10	100.0	0.0
2026-07-10T12:24:47.199	464	968	649	1186	3062	3012	3585	3888	4091	536	26.35	1018.41	55.65	298157	AS7341	flash	5	100	999	10	100.0	0.0
2026-07-10T12:24:49.221	464	969	649	1187	3063	3012	3585	3887	4091	536	26.34	1018.39	55.52	297887	AS7341	flash	5	100	999	10	100.0	0.0
2026-07-10T12:24:51.232	464	969	649	1186	3063	3012	3584	3885	4090	536	26.34	1018.39	55.4	298157	AS7341	flash	5	100	999	10	100.0	0.0
2026-07-10T12:24:53.250	464	969	649	1187	3063	3012	3585	3884	4090	536	26.34	1018.41	55.3	298969	AS7341	flash	5	100	999	10	100.0	0.0
2026-07-10T12:24:55.260	464	969	649	1187	3064	3013	3583	3883	4090	536	26.35	1018.41	55.22	299785	AS7341	flash	5	100	999	10	100.0	0.0
2026-07-10T12:24:57.283	464	969	649	1188	3065	3014	3585	3883	4091	536	26.34	1018.38	55.14	302261	AS7341	flash	5	100	999	10	100.0	0.0
2026-07-10T12:24:59.189	464	969	649	1187	3065	3014	3584	3882	4090	536	26.34	1018.38	55.09	301432	AS7341	flash	5	100	999	10	100.0	0.0
2026-07-10T12:25:01.200	464	969	650	1188	3067	3015	3585	3882	4091	536	26.34	1018.39	55.01	301708	AS7341	flash	5	100	999	10	100.0	0.0
2026-07-10T12:25:03.221	464	969	650	1188	3068	3016	3586	3882	4092	536	26.33	1018.38	54.95	304779	AS7341	flash	5	100	999	10	100.0	0.0
2026-07-10T12:25:05.241	464	969	650	1189	3068	3017	3586	3881	4092	536	26.33	1018.4	54.91	304779	AS7341	flash	5	100	999	10	100.0	0.0
2026-07-10T12:25:07.256	464	969	650	1189	3069	3018	3587	3881	4093	536	26.33	1018.38	54.87	305627	AS7341	flash	5	100	999	10	100.0	0.0
2026-07-10T12:25:09.274	464	969	650	1189	3071	3019	3588	3882	4095	536	26.33	1018.39	54.81	304216	AS7341	flash	5	100	999	10	100.0	0.0
2026-07-10T12:25:11.288	464	970	650	1190	3072	3020	3588	3881	4095	536	26.32	1018.39	54.79	305061	AS7341	flash	5	100	999	10	100.0	0.0
2026-07-10T12:25:13.195	464	969	650	1190	3072	3020	3588	3881	4094	536	26.33	1018.39	54.75	307052	AS7341	flash	5	100	999	10	100.0	0.0
2026-07-10T12:25:15.214	464	970	650	1190	3074	3022	3590	3882	4097	537	26.32	1018.38	54.71	305627	AS7341	flash	5	100	999	10	100.0	0.0
2026-07-10T12:25:17.225	464	969	650	1191	3074	3023	3591	3882	4097	537	26.31	1018.38	54.67	307626	AS7341	flash	5	100	999	10	100.0	0.0
2026-07-10T12:25:19.246	465	969	650	1191	3074	3023	3591	3882	4096	537	26.31	1018.39	54.67	306481	AS7341	flash	5	100	999	10	100.0	0.0
2026-07-10T12:25:21.258	465	970	650	1191	3077	3026	3593	3884	4100	537	26.31	1018.4	54.63	307339	AS7341	flash	5	100	999	10	100.0	0.0
2026-07-10T12:25:23.272	465	969	650	1191	3077	3026	3593	3883	4100	537	26.3	1018.39	54.6	308201	AS7341	flash	5	100	999	10	100.0	0.0
2026-07-10T12:25:25.288	465	969	650	1192	3078	3027	3594	3883	4100	537	26.3	1018.38	54.59	307913	AS7341	flash	5	100	999	10	100.0	0.0
2026-07-10T12:25:27.192	465	969	650	1191	3078	3026	3594	3882	4100	537	26.31	1018.36	54.56	311113	AS7341	flash	5	100	999	10	100.0	0.0
2026-07-10T12:25:29.216	465	969	650	1193	3080	3028	3595	3884	4101	537	26.3	1018.36	54.53	309942	AS7341	flash	5	100	999	10	100.0	0.0
2026-07-10T12:25:31.241	465	969	650	1192	3080	3029	3595	3883	4101	537	26.3	1018.39	54.52	308779	AS7341	flash	5	100	999	10	100.0	0.0
2026-07-10T12:25:33.263	465	969	650	1192	3081	3029	3597	3884	4102	537	26.3	1018.37	54.51	310526	AS7341	flash	5	100	999	10	100.0	0.0
2026-07-10T12:25:35.288	465	969	650	1193	3080	3030	3596	3883	4102	537	26.29	1018.39	54.47	309359	AS7341	flash	5	100	999	10	100.0	0.0
2026-07-10T12:25:37.197	465	969	650	1193	3082	3031	3597	3884	4103	537	26.3	1018.35	54.46	309359	AS7341	flash	5	100	999	10	100.0	0.0
2026-07-10T12:25:39.207	465	969	650	1193	3084	3033	3600	3886	4105	537	26.3	1018.4	54.45	311997	AS7341	flash	5	100	999	10	100.0	0.0
2026-07-10T12:25:41.221	465	968	650	1194	3084	3033	3600	3886	4105	537	26.3	1018.37	54.42	310526	AS7341	flash	5	100	999	10	100.0	0.0
2026-07-10T12:25:43.237	465	969	650	1194	3086	3035	3601	3887	4107	538	26.3	1018.34	54.41	310234	AS7341	flash	5	100	999	10	100.0	0.0
2026-07-10T12:25:45.250	465	969	651	1195	3087	3036	3602	3887	4108	538	26.29	1018.38	54.4	311113	AS7341	flash	5	100	999	10	100.0	0.0
2026-07-10T12:25:47.270	465	969	650	1195	3086	3036	3603	3888	4108	538	26.29	1018.37	54.39	310526	AS7341	flash	5	100	999	10	100.0	0.0
2026-07-10T12:25:49.287	465	969	650	1195	3088	3037	3603	3888	4108	538	26.29	1018.37	54.36	311113	AS7341	flash	5	100	999	10	100.0	0.0
2026-07-10T12:25:51.194	465	968	650	1195	3087	3037	3603	3888	4109	538	26.3	1018.39	54.37	310819	AS7341	flash	5	100	999	10	100.0	0.0
2026-07-10T12:25:53.215	465	968	650	1195	3090	3039	3605	3889	4110	538	26.28	1018.35	54.35	311407	AS7341	flash	5	100	999	10	100.0	0.0
2026-07-10T12:25:55.236	465	968	650	1196	3091	3040	3606	3890	4111	538	26.29	1018.39	54.32	312886	AS7341	flash	5	100	999	10	100.0	0.0
2026-07-10T12:25:57.262	466	968	651	1196	3092	3041	3607	3890	4112	538	26.28	1018.4	54.31	311702	AS7341	flash	5	100	999	10	100.0	0.0
2026-07-10T12:25:59.286	465	968	651	1196	3091	3041	3608	3890	4113	538	26.28	1018.37	54.32	313482	AS7341	flash	5	100	999	10	100.0	0.0
2026-07-10T12:26:01.194	465	968	650	1196	3092	3041	3607	3889	4111	538	26.29	1018.36	54.3	314080	AS7341	flash	5	100	999	10	100.0	0.0
2026-07-10T12:26:03.213	466	968	651	1196	3092	3042	3608	3891	4113	538	26.28	1018.37	54.28	312293	AS7341	flash	5	100	999	10	100.0	0.0
2026-07-10T12:26:05.231	466	968	651	1197	3094	3043	3609	3892	4114	538	26.28	1018.36	54.28	311702	AS7341	flash	5	100	999	10	100.0	0.0
2026-07-10T12:26:07.247	466	968	650	1197	3095	3044	3611	3892	4115	538	26.28	1018.37	54.28	312589	AS7341	flash	5	100	999	10	100.0	0.0
2026-07-10T12:26:09.266	466	968	651	1197	3096	3046	3612	3894	4117	539	26.27	1018.38	54.26	314080	AS7341	flash	5	100	999	10	100.0	0.0
2026-07-10T12:26:11.286	466	968	650	1197	3095	3046	3612	3893	4117	539	26.27	1018.37	54.24	312886	AS7341	flash	5	100	999	10	100.0	0.0
2026-07-10T12:26:13.196	466	967	650	1197	3096	3045	3611	3893	4116	538	26.28	1018.37	54.23	313781	AS7341	flash	5	100	999	10	100.0	0.0
2026-07-10T12:26:15.206	466	968	651	1198	3098	3047	3614	3895	4119	539	26.28	1018.41	54.22	314380	AS7341	flash	5	100	999	10	100.0	0.0
2026-07-10T12:26:17.217	466	967	651	1197	3097	3046	3613	3893	4117	539	26.27	1018.34	54.21	312886	AS7341	flash	5	100	999	10	100.0	0.0
2026-07-10T12:26:19.233	466	967	651	1198	3097	3048	3614	3894	4118	539	26.27	1018.35	54.21	313482	AS7341	flash	5	100	999	10	100.0	0.0
2026-07-10T12:26:21.257	466	967	650	1198	3099	3049	3615	3895	4119	539	26.26	1018.37	54.17	313482	AS7341	flash	5	100	999	10	100.0	0.0
2026-07-10T12:26:23.268	466	967	650	1198	3098	3048	3614	3895	4119	539	26.26	1018.38	54.18	314080	AS7341	flash	5	100	999	10	100.0	0.0
2026-07-10T12:26:25.289	466	967	651	1198	3098	3049	3615	3895	4120	539	26.27	1018.36	54.19	314380	AS7341	flash	5	100	999	10	100.0	0.0
2026-07-10T12:26:27.194	466	967	651	1198	3100	3050	3616	3896	4121	539	26.27	1018.38	54.16	315887	AS7341	flash	5	100	999	10	100.0	0.0
2026-07-10T12:26:29.203	466	967	651	1199	3101	3051	3617	3896	4121	539	26.27	1018.39	54.16	315283	AS7341	flash	5	100	999	10	100.0	0.0
2026-07-10T12:26:31.215	466	967	651	1199	3102	3052	3618	3897	4122	539	26.26	1018.4	54.13	314080	AS7341	flash	5	100	999	10	100.0	0.0
2026-07-10T12:26:33.235	466	967	651	1199	3101	3052	3618	3897	4123	539	26.26	1018.38	54.13	316191	AS7341	flash	5	100	999	10	100.0	0.0
2026-07-10T12:26:35.253	466	967	651	1199	3102	3053	3618	3898	4123	539	26.26	1018.39	54.12	312886	AS7341	flash	5	100	999	10	100.0	0.0
2026-07-10T12:26:37.267	466	967	651	1199	3102	3053	3619	3898	4124	539	26.26	1018.42	54.13	315887	AS7341	flash	5	100	999	10	100.0	0.0
2026-07-10T12:26:39.283	466	967	651	1199	3103	3054	3621	3899	4125	539	26.26	1018.36	54.1	315283	AS7341	flash	5	100	999	10	100.0	0.0
2026-07-10T12:26:41.196	466	967	651	1200	3103	3054	3620	3899	4124	539	26.27	1018.41	54.11	317104	AS7341	flash	5	100	999	10	100.0	0.0
2026-07-10T12:26:43.219	466	967	651	1200	3105	3055	3622	3900	4126	539	26.26	1018.39	54.08	314680	AS7341	flash	5	100	999	10	100.0	0.0
2026-07-10T12:26:45.233	466	967	651	1200	3105	3055	3622	3899	4125	539	26.26	1018.4	54.1	314380	AS7341	flash	5	100	999	10	100.0	0.0
2026-07-10T12:26:47.249	466	966	651	1200	3105	3055	3622	3899	4125	539	26.25	1018.38	54.11	316799	AS7341	flash	5	100	999	10	100.0	0.0
2026-07-10T12:26:49.262	466	966	651	1200	3106	3056	3623	3901	4126	540	26.24	1018.37	54.09	314680	AS7341	flash	5	100	999	10	100.0	0.0
2026-07-10T12:26:51.277	466	967	651	1200	3107	3057	3624	3902	4128	540	26.25	1018.39	54.1	314680	AS7341	flash	5	100	999	10	100.0	0.0
2026-07-10T12:26:53.184	466	966	651	1200	3105	3057	3622	3900	4126	539	26.26	1018.38	54.09	314981	AS7341	flash	5	100	999	10	100.0	0.0
2026-07-10T12:26:55.201	466	966	651	1200	3106	3057	3623	3901	4127	539	26.25	1018.38	54.09	314981	AS7341	flash	5	100	999	10	100.0	0.0
2026-07-10T12:26:57.219	466	966	651	1201	3108	3059	3625	3902	4129	540	26.25	1018.39	54.09	317716	AS7341	flash	5	100	999	10	100.0	0.0
2026-07-10T12:26:59.235	466	966	651	1201	3107	3058	3624	3901	4128	540	26.24	1018.4	54.07	315283	AS7341	flash	5	100	999	10	100.0	0.0
2026-07-10T12:27:01.252	466	966	651	1201	3107	3059	3625	3902	4128	540	26.24	1018.42	54.07	316799	AS7341	flash	5	100	999	10	100.0	0.0
2026-07-10T12:27:03.268	466	966	651	1201	3108	3060	3626	3903	4129	540	26.24	1018.42	54.05	316494	AS7341	flash	5	100	999	10	100.0	0.0
2026-07-10T12:27:05.283	467	966	651	1201	3108	3060	3627	3903	4130	540	26.24	1018.4	54.07	314981	AS7341	flash	5	100	999	10	100.0	0.0
2026-07-10T12:27:07.184	466	966	651	1201	3109	3060	3626	3903	4130	540	26.25	1018.39	54.04	316494	AS7341	flash	5	100	999	10	100.0	0.0
2026-07-10T12:27:09.193	467	966	651	1201	3109	3061	3627	3904	4131	540	26.24	1018.41	54.03	316191	AS7341	flash	5	100	999	10	100.0	0.0
2026-07-10T12:27:11.219	467	966	651	1201	3111	3062	3628	3904	4132	540	26.24	1018.38	54.02	318638	AS7341	flash	5	100	999	10	100.0	0.0
2026-07-10T12:27:13.233	467	966	651	1202	3110	3062	3628	3904	4132	540	26.23	1018.41	54.01	318330	AS7341	flash	5	100	999	10	100.0	0.0
2026-07-10T12:27:15.247	467	967	651	1202	3111	3063	3630	3906	4133	540	26.23	1018.4	54.01	314380	AS7341	flash	5	100	999	10	100.0	0.0
2026-07-10T12:27:17.264	467	966	651	1202	3111	3063	3630	3906	4133	540	26.23	1018.46	54.01	315887	AS7341	flash	5	100	999	10	100.0	0.0
2026-07-10T12:27:19.282	467	966	651	1202	3112	3064	3630	3906	4133	540	26.22	1018.4	54.01	315585	AS7341	flash	5	100	999	10	100.0	0.0
2026-07-10T12:27:21.190	467	966	651	1202	3110	3062	3629	3904	4132	540	26.23	1018.41	54.01	317104	AS7341	flash	5	100	999	10	100.0	0.0
2026-07-10T12:27:23.202	467	966	651	1202	3112	3063	3630	3905	4133	540	26.23	1018.38	53.98	317104	AS7341	flash	5	100	999	10	100.0	0.0
2026-07-10T12:27:25.211	467	966	651	1202	3113	3064	3631	3906	4134	540	26.23	1018.42	53.99	317104	AS7341	flash	5	100	999	10	100.0	0.0
2026-07-10T12:27:27.232	467	966	651	1202	3113	3065	3631	3907	4135	540	26.23	1018.39	53.98	318330	AS7341	flash	5	100	999	10	100.0	0.0
2026-07-10T12:27:29.250	467	966	651	1203	3115	3065	3632	3907	4135	540	26.22	1018.39	53.99	316799	AS7341	flash	5	100	999	10	100.0	0.0
2026-07-10T12:27:31.262	467	966	651	1203	3115	3065	3632	3907	4135	540	26.22	1018.39	53.97	316799	AS7341	flash	5	100	999	10	100.0	0.0
2026-07-10T12:27:33.282	467	966	651	1203	3113	3065	3632	3907	4134	540	26.22	1018.4	53.97	317410	AS7341	flash	5	100	999	10	100.0	0.0
2026-07-10T12:27:35.187	467	966	651	1202	3114	3065	3631	3906	4134	540	26.23	1018.42	53.96	317104	AS7341	flash	5	100	999	10	100.0	0.0
2026-07-10T12:27:37.204	467	966	651	1203	3115	3066	3633	3907	4135	540	26.22	1018.4	53.95	318946	AS7341	flash	5	100	999	10	100.0	0.0
2026-07-10T12:27:39.214	467	966	651	1203	3115	3067	3634	3909	4137	541	26.22	1018.41	53.95	317104	AS7341	flash	5	100	999	10	100.0	0.0
2026-07-10T12:27:41.231	467	966	651	1203	3115	3066	3632	3907	4135	540	26.22	1018.41	53.95	317104	AS7341	flash	5	100	999	10	100.0	0.0
2026-07-10T12:27:43.246	467	966	651	1203	3115	3068	3634	3909	4138	541	26.21	1018.39	53.94	318638	AS7341	flash	5	100	999	10	100.0	0.0
2026-07-10T12:27:45.261	467	966	651	1203	3117	3067	3634	3909	4137	541	26.21	1018.4	53.95	318946	AS7341	flash	5	100	999	10	100.0	0.0
2026-07-10T12:27:47.278	467	966	651	1203	3116	3067	3634	3908	4137	540	26.21	1018.39	53.94	318946	AS7341	flash	5	100	999	10	100.0	0.0
2026-07-10T12:27:49.297	467	965	651	1203	3115	3067	3634	3908	4137	540	26.21	1018.4	53.93	317104	AS7341	flash	5	100	999	10	100.0	0.0
2026-07-10T12:27:51.307	467	965	651	1203	3115	3067	3634	3908	4136	540	26.2	1018.41	53.93	319565	AS7341	flash	5	100	999	10	100.0	0.0
2026-07-10T12:27:53.210	467	965	651	1203	3117	3068	3635	3909	4138	541	26.22	1018.41	53.91	317104	AS7341	flash	5	100	999	10	100.0	0.0
2026-07-10T12:27:55.220	467	965	651	1203	3116	3068	3635	3909	4138	540	26.21	1018.4	53.91	315887	AS7341	flash	5	100	999	10	100.0	0.0
2026-07-10T12:27:57.235	467	965	651	1204	3116	3069	3635	3909	4138	540	26.2	1018.36	53.9	321123	AS7341	flash	5	100	999	10	100.0	0.0
2026-07-10T12:27:59.250	467	965	651	1204	3116	3069	3636	3909	4138	540	26.2	1018.4	53.92	317104	AS7341	flash	5	100	999	10	100.0	0.0
2026-07-10T12:28:01.264	467	965	651	1204	3117	3069	3636	3910	4139	540	26.2	1018.4	53.91	318638	AS7341	flash	5	100	999	10	100.0	0.0
2026-07-10T12:28:03.277	467	965	651	1204	3118	3070	3636	3910	4139	541	26.2	1018.41	53.91	318330	AS7341	flash	5	100	999	10	100.0	0.0
2026-07-10T12:28:05.296	467	965	651	1204	3118	3070	3636	3910	4139	541	26.2	1018.4	53.93	317104	AS7341	flash	5	100	999	10	100.0	0.0
2026-07-10T12:28:07.210	467	965	651	1204	3117	3069	3636	3909	4138	541	26.2	1018.39	53.89	320811	AS7341	flash	5	100	999	10	100.0	0.0
2026-07-10T12:28:09.219	467	965	651	1204	3118	3070	3637	3911	4139	541	26.2	1018.4	53.89	320187	AS7341	flash	5	100	999	10	100.0	0.0
2026-07-10T12:28:11.240	467	965	651	1204	3119	3071	3638	3911	4140	541	26.2	1018.38	53.9	318023	AS7341	flash	5	100	999	10	100.0	0.0
2026-07-10T12:28:13.268	467	965	651	1204	3120	3071	3638	3911	4140	541	26.19	1018.39	53.89	318330	AS7341	flash	5	100	999	10	100.0	0.0
2026-07-10T12:28:15.295	467	965	651	1204	3120	3072	3638	3912	4141	541	26.2	1018.41	53.89	318023	AS7341	flash	5	100	999	10	100.0	0.0
2026-07-10T12:28:17.200	467	965	651	1204	3118	3071	3637	3910	4140	541	26.2	1018.41	53.88	318330	AS7341	flash	5	100	999	10	100.0	0.0
2026-07-10T12:28:19.216	467	965	651	1204	3119	3072	3638	3911	4141	541	26.19	1018.39	53.86	318638	AS7341	flash	5	100	999	10	100.0	0.0
2026-07-10T12:28:21.243	467	965	651	1204	3119	3072	3639	3912	4141	541	26.2	1018.41	53.86	318946	AS7341	flash	5	100	999	10	100.0	0.0
2026-07-10T12:28:23.254	467	965	651	1204	3120	3071	3638	3911	4140	541	26.2	1018.39	53.86	319565	AS7341	flash	5	100	999	10	100.0	0.0
2026-07-10T12:28:25.268	467	965	651	1205	3120	3072	3639	3911	4141	541	26.2	1018.44	53.86	318330	AS7341	flash	5	100	999	10	100.0	0.0
2026-07-10T12:28:27.282	467	965	651	1205	3121	3073	3640	3913	4142	541	26.2	1018.39	53.84	318946	AS7341	flash	5	100	999	10	100.0	0.0
2026-07-10T12:28:29.299	467	965	651	1205	3121	3074	3641	3913	4144	541	26.2	1018.41	53.84	318946	AS7341	flash	5	100	999	10	100.0	0.0
2026-07-10T12:28:31.216	467	965	651	1204	3120	3072	3638	3911	4141	541	26.2	1018.41	53.84	320811	AS7341	flash	5	100	999	10	100.0	0.0
2026-07-10T12:28:33.235	467	965	651	1204	3120	3072	3639	3912	4142	541	26.19	1018.41	53.81	318946	AS7341	flash	5	100	999	10	100.0	0.0
2026-07-10T12:28:35.249	467	965	651	1205	3121	3074	3641	3913	4143	541	26.2	1018.4	53.82	318023	AS7341	flash	5	100	999	10	100.0	0.0
2026-07-10T12:28:37.265	467	965	651	1205	3121	3074	3641	3913	4143	541	26.19	1018.39	53.8	321123	AS7341	flash	5	100	999	10	100.0	0.0
2026-07-10T12:28:39.283	467	965	651	1205	3122	3074	3641	3913	4143	541	26.19	1018.41	53.8	318946	AS7341	flash	5	100	999	10	100.0	0.0
2026-07-10T12:28:41.309	467	965	651	1205	3123	3074	3641	3914	4144	541	26.19	1018.4	53.81	320187	AS7341	flash	5	100	999	10	100.0	0.0
2026-07-10T12:28:43.225	467	965	651	1205	3121	3074	3640	3912	4143	541	26.2	1018.41	53.78	319876	AS7341	flash	5	100	999	10	100.0	0.0
2026-07-10T12:28:45.252	467	965	651	1205	3123	3074	3641	3913	4144	541	26.19	1018.38	53.78	320811	AS7341	flash	5	100	999	10	100.0	0.0
2026-07-10T12:28:47.262	467	965	651	1205	3122	3075	3641	3913	4144	541	26.19	1018.38	53.75	320498	AS7341	flash	5	100	999	10	100.0	0.0
2026-07-10T12:28:49.279	467	965	651	1205	3122	3074	3641	3912	4143	541	26.19	1018.39	53.78	318023	AS7341	flash	5	100	999	10	100.0	0.0
2026-07-10T12:28:51.296	467	965	651	1205	3122	3075	3642	3913	4144	541	26.18	1018.4	53.77	319565	AS7341	flash	5	100	999	10	100.0	0.0
2026-07-10T12:28:53.212	467	964	651	1205	3121	3074	3640	3912	4142	541	26.19	1018.38	53.78	321437	AS7341	flash	5	100	999	10	100.0	0.0
2026-07-10T12:28:55.232	467	965	651	1205	3124	3075	3642	3914	4144	541	26.19	1018.37	53.77	319565	AS7341	flash	5	100	999	10	100.0	0.0
2026-07-10T12:28:57.247	467	965	651	1205	3123	3076	3643	3915	4145	541	26.18	1018.4	53.74	320187	AS7341	flash	5	100	999	10	100.0	0.0
2026-07-10T12:28:59.270	467	965	651	1205	3124	3075	3642	3914	4144	541	26.18	1018.4	53.75	321437	AS7341	flash	5	100	999	10	100.0	0.0
2026-07-10T12:29:01.286	467	965	651	1206	3123	3076	3643	3915	4145	541	26.18	1018.4	53.76	321123	AS7341	flash	5	100	999	10	100.0	0.0
2026-07-10T12:29:03.301	467	965	651	1206	3124	3076	3642	3914	4145	541	26.18	1018.36	53.74	318946	AS7341	flash	5	100	999	10	100.0	0.0
2026-07-10T12:29:05.209	467	964	651	1205	3123	3076	3642	3913	4145	541	26.2	1018.4	53.74	319565	AS7341	flash	5	100	999	10	100.0	0.0
2026-07-10T12:29:07.230	467	964	651	1205	3123	3076	3642	3914	4144	541	26.19	1018.39	53.72	322065	AS7341	flash	5	100	999	10	100.0	0.0
2026-07-10T12:29:09.251	467	965	651	1206	3123	3076	3643	3914	4145	541	26.18	1018.38	53.72	320498	AS7341	flash	5	100	999	10	100.0	0.0
2026-07-10T12:29:11.269	467	965	651	1206	3124	3077	3644	3915	4146	541	26.18	1018.43	53.71	320811	AS7341	flash	5	100	999	10	100.0	0.0
2026-07-10T12:29:13.287	467	964	651	1206	3124	3077	3643	3914	4146	541	26.18	1018.39	53.71	319876	AS7341	flash	5	100	999	10	100.0	0.0
2026-07-10T12:29:15.303	467	964	651	1206	3124	3076	3643	3914	4145	541	26.18	1018.37	53.7	318638	AS7341	flash	5	100	999	10	100.0	0.0
2026-07-10T12:29:17.209	467	964	651	1205	3123	3076	3643	3914	4145	541	26.19	1018.4	53.69	320187	AS7341	flash	5	100	999	10	100.0	0.0
2026-07-10T12:29:19.226	467	964	651	1206	3125	3077	3643	3914	4145	541	26.18	1018.37	53.68	320811	AS7341	flash	5	100	999	10	100.0	0.0
2026-07-10T12:29:21.238	467	964	651	1206	3125	3077	3644	3915	4146	541	26.18	1018.38	53.67	321123	AS7341	flash	5	100	999	10	0.0	0.0
2026-07-10T12:29:23.261	468	964	651	1206	3125	3078	3646	3918	4148	541	26.21	1018.39	53.88	318330	AS7341	flash	5	100	999	10	0.0	0.0
2026-07-10T12:29:25.275	468	964	651	1206	3125	3079	3648	3921	4149	542	26.22	1018.38	54.43	317104	AS7341	flash	5	100	999	10	0.0	0.0
2026-07-10T12:29:27.300	467	963	651	1205	3125	3079	3650	3923	4150	542	26.23	1018.4	55.15	312293	AS7341	flash	5	100	999	10	0.0	0.0
2026-07-10T12:29:29.208	468	963	651	1205	3125	3079	3650	3925	4150	542	26.25	1018.36	55.79	311997	AS7341	flash	5	100	999	10	0.0	0.0
2026-07-10T12:29:31.218	468	963	651	1205	3126	3080	3652	3928	4152	542	26.25	1018.38	56.41	309942	AS7341	flash	5	100	999	10	0.0	0.0
2026-07-10T12:29:33.233	468	963	651	1205	3124	3080	3653	3931	4152	542	26.26	1018.4	56.94	309942	AS7341	flash	5	100	999	10	0.0	0.0
2026-07-10T12:29:35.244	468	962	651	1205	3125	3080	3654	3933	4153	542	26.26	1018.36	57.42	306481	AS7341	flash	5	100	999	10	0.0	0.0
2026-07-10T12:29:37.261	468	962	651	1204	3123	3079	3655	3935	4153	542	26.26	1018.33	57.88	304216	AS7341	flash	5	100	999	10	0.0	0.0
2026-07-10T12:29:39.279	468	962	651	1204	3122	3078	3655	3936	4153	542	26.27	1018.37	58.27	302539	AS7341	flash	5	100	999	10	0.0	0.0
2026-07-10T12:29:41.296	468	962	651	1204	3122	3078	3655	3938	4153	542	26.27	1018.37	58.63	299240	AS7341	flash	5	100	999	10	0.0	0.0
2026-07-10T12:29:43.204	468	961	650	1203	3119	3076	3655	3938	4152	542	26.29	1018.39	58.91	298698	AS7341	flash	5	100	999	10	0.0	0.0
2026-07-10T12:29:45.217	468	962	650	1203	3119	3076	3655	3940	4152	542	26.28	1018.39	59.17	297887	AS7341	flash	5	100	999	10	0.0	0.0
2026-07-10T12:29:47.232	467	961	650	1202	3117	3075	3654	3940	4151	542	26.29	1018.39	59.42	295747	AS7341	flash	5	100	999	10	0.0	0.0
2026-07-10T12:29:49.247	467	961	650	1201	3117	3073	3654	3941	4150	542	26.29	1018.38	59.62	295217	AS7341	flash	5	100	999	10	0.0	0.0
2026-07-10T12:29:51.262	467	961	650	1201	3115	3072	3653	3941	4150	542	26.29	1018.38	59.8	294425	AS7341	flash	5	100	999	10	0.0	0.0
2026-07-10T12:29:53.280	467	961	650	1201	3114	3071	3653	3942	4149	542	26.3	1018.38	59.96	294689	AS7341	flash	5	100	999	10	0.0	0.0
2026-07-10T12:29:55.298	467	961	650	1201	3114	3071	3653	3943	4149	542	26.3	1018.36	60.16	291300	AS7341	flash	5	100	999	10	0.0	0.0
2026-07-10T12:29:57.204	467	961	650	1200	3112	3069	3651	3942	4148	541	26.31	1018.37	60.32	292854	AS7341	flash	5	100	999	10	0.0	0.0
2026-07-10T12:29:59.232	467	961	650	1199	3109	3067	3650	3942	4146	541	26.31	1018.38	60.47	289763	AS7341	flash	5	100	999	10	0.0	0.0
2026-07-10T12:30:01.256	467	961	650	1199	3110	3066	3650	3944	4146	541	26.31	1018.41	60.66	287989	AS7341	flash	5	100	999	10	0.0	0.0
2026-07-10T12:30:03.270	467	961	650	1198	3108	3065	3649	3943	4144	541	26.32	1018.41	60.84	286735	AS7341	flash	5	100	999	10	0.0	0.0
2026-07-10T12:30:05.291	467	961	649	1198	3107	3064	3649	3944	4144	541	26.32	1018.37	61.0	285988	AS7341	flash	5	100	999	10	0.0	0.0
2026-07-10T12:30:07.305	467	961	650	1198	3105	3063	3648	3945	4144	541	26.32	1018.38	61.1	285740	AS7341	flash	5	100	999	10	0.0	0.0
2026-07-10T12:30:09.211	467	960	649	1197	3103	3060	3645	3942	4140	541	26.34	1018.38	61.19	287235	AS7341	flash	5	100	999	10	0.0	0.0
2026-07-10T12:30:11.233	467	961	649	1197	3103	3060	3646	3944	4141	541	26.33	1018.4	61.3	283282	AS7341	flash	5	100	999	10	0.0	0.0
2026-07-10T12:30:13.261	467	961	649	1196	3102	3059	3645	3944	4140	541	26.33	1018.4	61.39	282553	AS7341	flash	5	100	999	10	0.0	0.0
2026-07-10T12:30:15.285	467	961	649	1196	3100	3058	3645	3945	4140	541	26.34	1018.38	61.48	281828	AS7341	flash	5	100	999	10	0.0	0.0
2026-07-10T12:30:17.298	467	961	649	1195	3099	3057	3643	3944	4138	541	26.34	1018.42	61.55	281346	AS7341	flash	5	100	999	10	0.0	0.0
2026-07-10T12:30:19.322	467	961	649	1195	3096	3054	3641	3942	4136	540	26.34	1018.42	61.61	280150	AS7341	flash	5	100	999	10	0.0	0.0
2026-07-10T12:30:21.234	467	961	649	1195	3094	3053	3640	3941	4135	540	26.36	1018.42	61.65	280866	AS7341	flash	5	100	999	10	100.0	0.0
2026-07-10T12:30:23.252	466	961	649	1194	3094	3050	3636	3938	4132	540	26.32	1018.39	61.26	282553	AS7341	flash	5	100	999	10	100.0	0.0
2026-07-10T12:30:25.271	466	963	649	1194	3091	3048	3632	3933	4129	540	26.3	1018.39	60.26	285740	AS7341	flash	5	100	999	10	100.0	0.0
2026-07-10T12:30:27.289	466	963	649	1193	3089	3043	3626	3926	4124	539	26.29	1018.41	59.19	287235	AS7341	flash	5	100	999	10	100.0	0.0
2026-07-10T12:30:29.306	466	964	649	1193	3087	3042	3623	3922	4121	539	26.29	1018.39	58.25	289508	AS7341	flash	5	100	999	10	100.0	0.0
2026-07-10T12:30:31.318	466	965	649	1193	3086	3040	3619	3917	4118	539	26.29	1018.41	57.48	293900	AS7341	flash	5	100	999	10	100.0	0.0
2026-07-10T12:30:33.224	466	965	650	1193	3085	3037	3615	3913	4116	538	26.3	1018.39	56.87	296279	AS7341	flash	5	100	999	10	100.0	0.0
2026-07-10T12:30:35.242	465	965	649	1192	3084	3036	3612	3910	4114	538	26.28	1018.36	56.36	296013	AS7341	flash	5	100	999	10	100.0	0.0
2026-07-10T12:30:37.257	465	966	649	1192	3083	3036	3612	3907	4113	538	26.27	1018.38	55.94	299513	AS7341	flash	5	100	999	10	100.0	0.0
2026-07-10T12:30:39.284	465	967	650	1193	3084	3035	3609	3904	4112	538	26.27	1018.39	55.61	299785	AS7341	flash	5	100	999	10	100.0	0.0
2026-07-10T12:30:41.297	465	967	650	1193	3084	3035	3609	3902	4112	538	26.27	1018.38	55.36	300332	AS7341	flash	5	100	999	10	100.0	0.0
2026-07-10T12:30:43.321	465	967	650	1193	3084	3035	3608	3901	4112	538	26.26	1018.37	55.12	301984	AS7341	flash	5	100	999	10	100.0	0.0
2026-07-10T12:30:45.226	465	967	650	1193	3085	3035	3607	3899	4111	538	26.28	1018.36	54.94	305344	AS7341	flash	5	100	999	10	100.0	0.0
2026-07-10T12:30:47.244	465	967	650	1193	3085	3036	3607	3898	4111	538	26.26	1018.37	54.77	303935	AS7341	flash	5	100	999	10	100.0	0.0
2026-07-10T12:30:49.262	465	968	650	1194	3086	3036	3607	3897	4111	538	26.26	1018.37	54.65	305061	AS7341	flash	5	100	999	10	100.0	0.0
2026-07-10T12:30:51.291	465	968	650	1194	3087	3037	3608	3897	4112	538	26.27	1018.38	54.53	305627	AS7341	flash	5	100	999	10	100.0	0.0
2026-07-10T12:30:53.314	465	968	650	1194	3088	3038	3608	3896	4112	538	26.26	1018.38	54.44	306766	AS7341	flash	5	100	999	10	100.0	0.0
2026-07-10T12:30:55.218	465	968	650	1194	3087	3037	3606	3894	4110	538	26.26	1018.36	54.34	306481	AS7341	flash	5	100	999	10	100.0	0.0
2026-07-10T12:30:57.245	465	968	650	1195	3089	3038	3607	3894	4112	538	26.26	1018.38	54.26	309650	AS7341	flash	5	100	999	10	100.0	0.0
2026-07-10T12:30:59.259	465	968	650	1195	3089	3038	3607	3893	4111	538	26.25	1018.37	54.2	309942	AS7341	flash	5	100	999	10	100.0	0.0
2026-07-10T12:31:01.271	465	968	650	1195	3090	3039	3608	3893	4112	538	26.26	1018.37	54.13	308779	AS7341	flash	5	100	999	10	100.0	0.0
2026-07-10T12:31:03.284	466	968	651	1196	3091	3041	3609	3894	4114	538	26.25	1018.35	54.08	311113	AS7341	flash	5	100	999	10	100.0	0.0
2026-07-10T12:31:05.301	466	968	651	1196	3092	3041	3610	3893	4114	538	26.25	1018.33	54.02	311702	AS7341	flash	5	100	999	10	100.0	0.0
2026-07-10T12:31:07.312	465	968	650	1196	3092	3042	3609	3893	4114	538	26.25	1018.36	53.98	310819	AS7341	flash	5	100	999	10	100.0	0.0
2026-07-10T12:31:09.224	465	968	650	1196	3092	3042	3609	3891	4113	538	26.26	1018.37	53.93	312293	AS7341	flash	5	100	999	10	100.0	0.0
2026-07-10T12:31:11.241	466	968	651	1197	3095	3044	3611	3893	4116	539	26.25	1018.4	53.9	311113	AS7341	flash	5	100	999	10	100.0	0.0
2026-07-10T12:31:13.255	466	968	651	1197	3096	3045	3612	3893	4117	539	26.25	1018.37	53.86	311997	AS7341	flash	5	100	999	10	100.0	0.0
2026-07-10T12:31:15.267	466	968	651	1197	3095	3046	3613	3893	4117	539	26.25	1018.39	53.84	312293	AS7341	flash	5	100	999	10	100.0	0.0
2026-07-10T12:31:17.285	466	968	651	1198	3096	3047	3613	3894	4117	539	26.24	1018.38	53.81	312589	AS7341	flash	5	100	999	10	100.0	0.0
2026-07-10T12:31:19.307	466	968	651	1198	3098	3048	3615	3895	4119	539	26.24	1018.36	53.78	313184	AS7341	flash	5	100	999	10	100.0	0.0
2026-07-10T12:31:21.318	466	968	651	1199	3100	3050	3617	3896	4121	539	26.24	1018.36	53.77	313482	AS7341	flash	5	100	999	10	100.0	0.0
2026-07-10T12:31:23.225	466	968	651	1198	3100	3049	3616	3895	4120	539	26.25	1018.36	53.74	317104	AS7341	flash	5	100	999	10	100.0	0.0
2026-07-10T12:31:25.244	466	968	651	1199	3100	3051	3617	3895	4121	539	26.24	1018.36	53.71	314981	AS7341	flash	5	100	999	10	100.0	0.0
2026-07-10T12:31:27.260	466	968	651	1199	3102	3051	3618	3896	4122	539	26.24	1018.37	53.69	315887	AS7341	flash	5	100	999	10	100.0	0.0
2026-07-10T12:31:29.275	466	968	651	1199	3103	3053	3619	3896	4123	539	26.24	1018.37	53.67	314680	AS7341	flash	5	100	999	10	100.0	0.0
2026-07-10T12:31:31.290	466	968	651	1200	3103	3053	3620	3896	4124	539	26.24	1018.35	53.65	315283	AS7341	flash	5	100	999	10	100.0	0.0
2026-07-10T12:31:33.310	466	968	651	1200	3104	3055	3622	3898	4126	540	26.23	1018.36	53.64	317104	AS7341	flash	5	100	999	10	100.0	0.0
2026-07-10T12:31:35.317	466	968	651	1200	3104	3055	3621	3897	4125	539	26.24	1018.35	53.63	316799	AS7341	flash	5	100	999	10	100.0	0.0
2026-07-10T12:31:37.234	466	967	651	1200	3105	3055	3621	3897	4125	539	26.24	1018.32	53.6	316494	AS7341	flash	5	100	999	10	100.0	0.0
2026-07-10T12:31:39.253	467	968	651	1201	3106	3057	3623	3899	4127	540	26.23	1018.33	53.59	314981	AS7341	flash	5	100	999	10	100.0	0.0
2026-07-10T12:31:41.267	466	967	651	1201	3106	3058	3624	3899	4127	540	26.23	1018.39	53.56	318330	AS7341	flash	5	100	999	10	100.0	0.0
2026-07-10T12:31:43.284	467	968	651	1201	3109	3059	3625	3900	4128	540	26.22	1018.37	53.56	317104	AS7341	flash	5	100	999	10	100.0	0.0
2026-07-10T12:31:45.298	467	967	651	1201	3108	3059	3625	3899	4128	540	26.22	1018.37	53.55	318330	AS7341	flash	5	100	999	10	100.0	0.0
2026-07-10T12:31:47.323	467	967	651	1201	3110	3060	3626	3900	4129	540	26.22	1018.33	53.54	317104	AS7341	flash	5	100	999	10	100.0	0.0
2026-07-10T12:31:49.230	466	967	651	1201	3108	3059	3625	3898	4128	539	26.23	1018.4	53.52	317104	AS7341	flash	5	100	999	10	100.0	0.0
2026-07-10T12:31:51.250	467	967	651	1202	3110	3061	3627	3901	4130	540	26.23	1018.37	53.5	319256	AS7341	flash	5	100	999	10	100.0	0.0
2026-07-10T12:31:53.273	467	967	651	1202	3112	3062	3628	3901	4131	540	26.23	1018.35	53.5	318946	AS7341	flash	5	100	999	10	100.0	0.0
2026-07-10T12:31:55.291	467	967	651	1202	3112	3062	3628	3900	4131	540	26.23	1018.35	53.48	318330	AS7341	flash	5	100	999	10	100.0	0.0
2026-07-10T12:31:57.300	467	967	651	1202	3112	3063	3629	3902	4132	540	26.22	1018.35	53.48	317410	AS7341	flash	5	100	999	10	100.0	0.0
2026-07-10T12:31:59.314	467	967	651	1203	3114	3065	3630	3903	4134	540	26.23	1018.35	53.46	319256	AS7341	flash	5	100	999	10	100.0	0.0
2026-07-10T12:32:01.221	467	966	651	1202	3112	3064	3629	3901	4132	540	26.23	1018.38	53.46	318330	AS7341	flash	5	100	999	10	100.0	0.0
2026-07-10T12:32:03.238	467	967	651	1203	3114	3066	3631	3903	4134	540	26.22	1018.35	53.44	319565	AS7341	flash	5	100	999	10	100.0	0.0
2026-07-10T12:32:05.258	467	967	651	1203	3115	3066	3632	3904	4135	540	26.23	1018.36	53.42	318946	AS7341	flash	5	100	999	10	100.0	0.0
2026-07-10T12:32:07.270	467	967	652	1203	3115	3067	3633	3905	4136	540	26.22	1018.37	53.42	318638	AS7341	flash	5	100	999	10	100.0	0.0
2026-07-10T12:32:09.285	467	967	652	1204	3116	3067	3633	3905	4136	540	26.22	1018.37	53.41	318946	AS7341	flash	5	100	999	10	100.0	0.0
2026-07-10T12:32:11.299	467	966	651	1204	3118	3069	3634	3905	4136	541	26.23	1018.37	53.41	319876	AS7341	flash	5	100	999	10	100.0	0.0
2026-07-10T12:32:13.315	467	966	651	1204	3117	3069	3634	3905	4136	540	26.22	1018.33	53.4	318946	AS7341	flash	5	100	999	10	100.0	0.0
2026-07-10T12:32:15.225	467	966	652	1204	3117	3068	3634	3905	4136	540	26.23	1018.36	53.39	320811	AS7341	flash	5	100	999	10	100.0	0.0
2026-07-10T12:32:17.256	467	966	652	1204	3119	3070	3635	3906	4137	541	26.22	1018.37	53.37	321437	AS7341	flash	5	100	999	10	100.0	0.0
2026-07-10T12:32:19.273	467	966	652	1204	3119	3071	3636	3907	4138	541	26.22	1018.37	53.38	318946	AS7341	flash	5	100	999	10	100.0	0.0
2026-07-10T12:32:21.285	467	966	652	1205	3119	3071	3637	3907	4139	541	26.22	1018.39	53.37	319256	AS7341	flash	5	100	999	10	100.0	0.0
2026-07-10T12:32:23.302	467	966	652	1204	3120	3072	3637	3907	4139	541	26.22	1018.37	53.35	319565	AS7341	flash	5	100	999	10	100.0	0.0
2026-07-10T12:32:25.311	467	966	652	1205	3122	3073	3640	3909	4142	541	26.21	1018.36	53.34	319565	AS7341	flash	5	100	999	10	100.0	0.0
2026-07-10T12:32:27.224	467	966	652	1205	3120	3072	3637	3906	4139	541	26.22	1018.37	53.35	320811	AS7341	flash	5	100	999	10	100.0	0.0
2026-07-10T12:32:29.241	467	966	651	1205	3120	3072	3638	3907	4140	541	26.22	1018.37	53.33	320811	AS7341	flash	5	100	999	10	100.0	0.0
2026-07-10T12:32:31.251	467	966	652	1205	3122	3074	3639	3908	4141	541	26.21	1018.37	53.33	320187	AS7341	flash	5	100	999	10	100.0	0.0
2026-07-10T12:32:33.269	467	966	652	1205	3124	3075	3641	3910	4143	541	26.2	1018.35	53.32	320498	AS7341	flash	5	100	999	10	100.0	0.0
2026-07-10T12:32:35.286	467	966	652	1205	3123	3074	3640	3909	4142	541	26.2	1018.35	53.31	320187	AS7341	flash	5	100	999	10	100.0	0.0
2026-07-10T12:32:37.307	468	966	652	1206	3123	3075	3641	3910	4142	541	26.21	1018.33	53.31	320187	AS7341	flash	5	100	999	10	100.0	0.0
2026-07-10T12:32:39.318	467	966	652	1206	3123	3076	3641	3910	4143	541	26.21	1018.33	53.31	323966	AS7341	flash	5	100	999	10	100.0	0.0
2026-07-10T12:32:41.221	467	966	652	1206	3123	3075	3641	3910	4143	541	26.21	1018.36	53.3	320811	AS7341	flash	5	100	999	10	100.0	0.0
2026-07-10T12:32:43.238	468	966	652	1206	3124	3076	3642	3911	4144	541	26.2	1018.35	53.29	321437	AS7341	flash	5	100	999	10	100.0	0.0
2026-07-10T12:32:45.258	468	966	652	1206	3124	3077	3642	3910	4144	541	26.2	1018.35	53.28	321123	AS7341	flash	5	100	999	10	100.0	0.0
2026-07-10T12:32:47.280	468	966	652	1206	3126	3077	3643	3911	4145	541	26.2	1018.37	53.26	322381	AS7341	flash	5	100	999	10	100.0	0.0
2026-07-10T12:32:49.296	468	966	652	1206	3126	3077	3643	3911	4145	541	26.2	1018.36	53.28	320811	AS7341	flash	5	100	999	10	100.0	0.0
2026-07-10T12:32:51.312	468	966	652	1206	3125	3077	3643	3911	4145	541	26.2	1018.34	53.28	321751	AS7341	flash	5	100	999	10	100.0	0.0
2026-07-10T12:32:53.321	468	965	652	1206	3126	3079	3645	3912	4146	541	26.2	1018.34	53.27	322697	AS7341	flash	5	100	999	10	100.0	0.0
2026-07-10T12:32:55.238	468	965	652	1206	3125	3078	3643	3911	4145	541	26.21	1018.34	53.27	321437	AS7341	flash	5	100	999	10	100.0	0.0
2026-07-10T12:32:57.259	468	966	652	1207	3127	3079	3645	3912	4147	541	26.2	1018.35	53.25	321437	AS7341	flash	5	100	999	10	100.0	0.0
2026-07-10T12:32:59.273	468	965	652	1207	3128	3079	3645	3912	4146	541	26.19	1018.37	53.25	322697	AS7341	flash	5	100	999	10	100.0	0.0
2026-07-10T12:33:01.282	468	965	652	1207	3127	3080	3646	3913	4147	541	26.19	1018.37	53.25	322697	AS7341	flash	5	100	999	10	100.0	0.0
2026-07-10T12:33:03.300	468	966	652	1207	3130	3081	3647	3914	4149	542	26.2	1018.33	53.25	321123	AS7341	flash	5	100	999	10	100.0	0.0
2026-07-10T12:33:05.319	468	965	652	1207	3128	3080	3646	3913	4148	542	26.19	1018.37	53.22	323330	AS7341	flash	5	100	999	10	100.0	0.0
2026-07-10T12:33:07.227	468	965	652	1207	3129	3081	3648	3915	4149	542	26.2	1018.33	53.24	322381	AS7341	flash	5	100	999	10	100.0	0.0
2026-07-10T12:33:09.237	468	965	652	1207	3129	3081	3647	3914	4148	542	26.2	1018.35	53.23	322697	AS7341	flash	5	100	999	10	100.0	0.0
2026-07-10T12:33:11.251	468	965	652	1207	3130	3082	3648	3915	4149	542	26.2	1018.33	53.21	323013	AS7341	flash	5	100	999	10	100.0	0.0
2026-07-10T12:33:13.266	468	965	652	1207	3129	3081	3647	3914	4148	541	26.2	1018.31	53.21	322065	AS7341	flash	5	100	999	10	100.0	0.0
2026-07-10T12:33:15.283	468	965	652	1208	3129	3082	3648	3914	4149	542	26.2	1018.31	53.19	323648	AS7341	flash	5	100	999	10	100.0	0.0
2026-07-10T12:33:17.299	468	965	652	1208	3130	3082	3648	3915	4149	542	26.2	1018.37	53.2	320498	AS7341	flash	5	100	999	10	100.0	0.0
2026-07-10T12:33:19.320	468	965	652	1208	3131	3083	3649	3916	4151	542	26.2	1018.36	53.2	323966	AS7341	flash	5	100	999	10	100.0	0.0
2026-07-10T12:33:21.231	468	965	652	1207	3131	3084	3650	3916	4151	542	26.2	1018.33	53.2	323330	AS7341	flash	5	100	999	10	100.0	0.0
2026-07-10T12:33:23.249	468	965	652	1208	3131	3084	3650	3916	4151	542	26.19	1018.33	53.16	322697	AS7341	flash	5	100	999	10	100.0	0.0
2026-07-10T12:33:25.272	468	965	652	1208	3132	3085	3651	3917	4152	542	26.2	1018.36	53.18	323330	AS7341	flash	5	100	999	10	100.0	0.0
2026-07-10T12:33:27.290	468	965	652	1209	3133	3085	3651	3917	4152	542	26.19	1018.35	53.16	321751	AS7341	flash	5	100	999	10	100.0	0.0
2026-07-10T12:33:29.304	468	965	652	1208	3132	3085	3651	3917	4152	542	26.19	1018.35	53.16	323966	AS7341	flash	5	100	999	10	100.0	0.0
2026-07-10T12:33:31.324	468	965	652	1209	3132	3085	3651	3917	4153	542	26.19	1018.37	53.16	321437	AS7341	flash	5	100	999	10	100.0	0.0
2026-07-10T12:33:33.230	468	965	652	1208	3132	3084	3650	3916	4151	542	26.2	1018.35	53.15	322697	AS7341	flash	5	100	999	10	100.0	0.0
2026-07-10T12:33:35.247	468	965	652	1209	3133	3085	3651	3917	4152	542	26.2	1018.34	53.13	322381	AS7341	flash	5	100	999	10	100.0	0.0
2026-07-10T12:33:37.262	468	965	652	1208	3133	3086	3652	3917	4153	542	26.19	1018.32	53.16	323013	AS7341	flash	5	100	999	10	100.0	0.0
2026-07-10T12:33:39.282	468	965	652	1209	3134	3086	3652	3917	4153	542	26.2	1018.35	53.13	322697	AS7341	flash	5	100	999	10	100.0	0.0
2026-07-10T12:33:41.298	468	965	652	1209	3133	3086	3653	3918	4153	542	26.2	1018.33	53.14	321751	AS7341	flash	5	100	999	10	100.0	0.0
2026-07-10T12:33:43.314	468	965	652	1209	3134	3087	3653	3918	4154	542	26.2	1018.33	53.13	323330	AS7341	flash	5	100	999	10	100.0	0.0
2026-07-10T12:33:45.221	468	965	652	1209	3134	3086	3653	3917	4154	542	26.21	1018.37	53.12	325246	AS7341	flash	5	100	999	10	100.0	0.0
2026-07-10T12:33:47.236	468	965	652	1209	3134	3088	3653	3919	4154	542	26.2	1018.37	53.11	324925	AS7341	flash	5	100	999	10	100.0	0.0
2026-07-10T12:33:49.258	468	965	652	1209	3136	3089	3655	3920	4155	542	26.2	1018.35	53.13	322381	AS7341	flash	5	100	999	10	100.0	0.0
2026-07-10T12:33:51.268	468	965	652	1209	3135	3088	3654	3919	4155	542	26.2	1018.34	53.1	323013	AS7341	flash	5	100	999	10	100.0	0.0
2026-07-10T12:33:53.281	468	965	652	1209	3136	3089	3655	3920	4156	542	26.2	1018.34	53.11	322697	AS7341	flash	5	100	999	10	100.0	0.0
2026-07-10T12:33:55.298	468	965	652	1209	3136	3089	3655	3919	4155	542	26.2	1018.4	53.11	323966	AS7341	flash	5	100	999	10	100.0	0.0
2026-07-10T12:33:57.311	468	965	652	1209	3136	3089	3655	3920	4156	542	26.2	1018.41	53.1	322697	AS7341	flash	5	100	999	10	100.0	0.0
2026-07-10T12:33:59.328	468	965	652	1209	3135	3089	3655	3920	4156	542	26.2	1018.38	53.11	322697	AS7341	flash	5	100	999	10	100.0	0.0
2026-07-10T12:34:01.239	468	965	652	1209	3135	3088	3654	3919	4155	542	26.21	1018.34	53.1	325890	AS7341	flash	5	100	999	10	100.0	0.0
2026-07-10T12:34:03.254	468	965	652	1210	3136	3090	3656	3920	4157	542	26.2	1018.36	53.09	323966	AS7341	flash	5	100	999	10	100.0	0.0
2026-07-10T12:34:05.266	468	965	652	1210	3137	3090	3656	3921	4157	542	26.2	1018.37	53.09	322697	AS7341	flash	5	100	999	10	100.0	0.0
2026-07-10T12:34:07.286	468	965	652	1210	3136	3089	3656	3920	4157	542	26.2	1018.36	53.09	324925	AS7341	flash	5	100	999	10	100.0	0.0
2026-07-10T12:34:09.298	468	965	652	1210	3137	3090	3656	3921	4157	542	26.2	1018.36	53.09	322697	AS7341	flash	5	100	999	10	100.0	0.0
2026-07-10T12:34:11.309	468	965	652	1210	3136	3089	3655	3920	4156	542	26.2	1018.37	53.07	322381	AS7341	flash	5	100	999	10	100.0	0.0
2026-07-10T12:34:13.326	468	965	652	1210	3136	3089	3655	3919	4156	542	26.2	1018.4	53.09	323330	AS7341	flash	5	100	999	10	100.0	0.0
2026-07-10T12:34:15.235	468	964	652	1209	3135	3089	3654	3919	4155	542	26.21	1018.36	53.08	323330	AS7341	flash	5	100	999	10	100.0	0.0
2026-07-10T12:34:17.250	468	965	652	1210	3137	3090	3656	3920	4156	542	26.2	1018.38	53.07	323330	AS7341	flash	5	100	999	10	100.0	0.0
2026-07-10T12:34:19.264	469	965	652	1210	3138	3091	3657	3921	4158	543	26.2	1018.34	53.07	322697	AS7341	flash	5	100	999	10	100.0	0.0
2026-07-10T12:34:21.281	468	965	652	1210	3137	3090	3656	3920	4157	542	26.2	1018.36	53.07	322697	AS7341	flash	5	100	999	10	100.0	0.0
2026-07-10T12:34:23.297	468	965	652	1210	3137	3090	3656	3920	4157	542	26.2	1018.37	53.06	323330	AS7341	flash	5	100	999	10	100.0	0.0
2026-07-10T12:34:25.308	468	964	652	1210	3137	3091	3657	3921	4157	542	26.19	1018.34	53.07	324285	AS7341	flash	5	100	999	10	100.0	0.0
2026-07-10T12:34:27.323	468	965	652	1210	3138	3091	3657	3921	4158	542	26.19	1018.37	53.07	324605	AS7341	flash	5	100	999	10	100.0	0.0
2026-07-10T12:34:29.230	468	964	652	1210	3137	3090	3656	3920	4157	542	26.2	1018.37	53.07	323648	AS7341	flash	5	100	999	10	100.0	0.0
2026-07-10T12:34:31.254	468	964	652	1210	3138	3091	3657	3922	4159	543	26.19	1018.39	53.06	323330	AS7341	flash	5	100	999	10	100.0	0.0
2026-07-10T12:34:33.263	468	964	652	1210	3138	3091	3657	3921	4158	542	26.2	1018.37	53.06	323330	AS7341	flash	5	100	999	10	100.0	0.0
2026-07-10T12:34:35.277	468	964	652	1210	3137	3091	3656	3920	4157	542	26.2	1018.37	53.07	322065	AS7341	flash	5	100	999	10	100.0	0.0
2026-07-10T12:34:37.294	468	964	652	1210	3139	3091	3657	3921	4158	542	26.2	1018.35	53.06	325246	AS7341	flash	5	100	999	10	100.0	0.0
2026-07-10T12:34:39.305	469	965	652	1210	3139	3093	3658	3922	4159	543	26.2	1018.37	53.06	320811	AS7341	flash	5	100	999	10	100.0	0.0
2026-07-10T12:34:41.321	468	965	652	1210	3139	3093	3658	3922	4160	543	26.2	1018.36	53.05	325890	AS7341	flash	5	100	999	10	100.0	0.0
2026-07-10T12:34:43.332	468	964	652	1210	3139	3092	3658	3921	4158	543	26.2	1018.35	53.06	322697	AS7341	flash	5	100	999	10	100.0	0.0
2026-07-10T12:34:45.242	468	964	652	1210	3138	3092	3657	3921	4158	543	26.21	1018.37	53.04	323013	AS7341	flash	5	100	999	10	100.0	0.0
2026-07-10T12:34:47.257	468	964	652	1210	3140	3092	3658	3921	4159	543	26.2	1018.38	53.03	323330	AS7341	flash	5	100	999	10	100.0	0.0
2026-07-10T12:34:49.281	469	965	652	1210	3140	3093	3659	3922	4160	543	26.2	1018.37	53.03	324285	AS7341	flash	5	100	999	10	100.0	0.0
2026-07-10T12:34:51.300	469	965	652	1211	3140	3093	3660	3923	4161	543	26.19	1018.37	53.03	325568	AS7341	flash	5	100	999	10	100.0	0.0
2026-07-10T12:34:53.330	469	964	652	1211	3141	3094	3660	3924	4161	543	26.19	1018.36	53.04	321437	AS7341	flash	5	100	999	10	100.0	0.0
2026-07-10T12:34:55.230	469	964	652	1211	3140	3093	3659	3922	4160	543	26.2	1018.35	53.03	324605	AS7341	flash	5	100	999	10	100.0	0.0
2026-07-10T12:34:57.250	469	964	652	1211	3140	3093	3659	3922	4160	543	26.19	1018.34	53.03	324605	AS7341	flash	5	100	999	10	100.0	0.0
2026-07-10T12:34:59.270	469	965	652	1211	3141	3094	3660	3924	4161	543	26.19	1018.35	53.03	323013	AS7341	flash	5	100	999	10	100.0	0.0
2026-07-10T12:35:01.291	469	964	652	1211	3140	3093	3659	3922	4160	543	26.19	1018.37	53.04	322697	AS7341	flash	5	100	999	10	100.0	0.0
2026-07-10T12:35:03.308	469	964	652	1211	3140	3094	3660	3923	4160	543	26.2	1018.35	53.02	323013	AS7341	flash	5	100	999	10	100.0	0.0
2026-07-10T12:35:05.321	469	965	653	1211	3141	3094	3660	3923	4161	543	26.19	1018.36	53.03	324605	AS7341	flash	5	100	999	10	100.0	0.0
2026-07-10T12:35:07.333	469	964	652	1211	3141	3094	3660	3923	4161	543	26.19	1018.33	53.01	323330	AS7341	flash	5	100	999	10	100.0	0.0
2026-07-10T12:35:09.239	469	964	652	1211	3140	3093	3659	3922	4160	543	26.2	1018.34	53.0	323330	AS7341	flash	5	100	999	10	100.0	0.0
2026-07-10T12:35:11.249	469	965	653	1211	3141	3094	3660	3923	4161	543	26.19	1018.32	53.0	322381	AS7341	flash	5	100	999	10	100.0	0.0
2026-07-10T12:35:13.266	469	964	652	1211	3141	3094	3660	3923	4161	543	26.19	1018.34	53.01	324285	AS7341	flash	5	100	999	10	100.0	0.0
2026-07-10T12:35:15.281	469	965	653	1211	3141	3094	3661	3923	4161	543	26.19	1018.35	53.0	323648	AS7341	flash	5	100	999	10	100.0	0.0
2026-07-10T12:35:17.293	469	964	652	1211	3142	3095	3661	3923	4161	543	26.19	1018.33	53.0	323966	AS7341	flash	5	100	999	10	100.0	0.0
2026-07-10T12:35:19.308	469	965	653	1211	3142	3095	3661	3924	4162	543	26.19	1018.33	53.0	325246	AS7341	flash	5	100	999	10	100.0	0.0
2026-07-10T12:35:21.328	469	964	652	1211	3142	3095	3661	3924	4162	543	26.19	1018.33	53.0	323648	AS7341	flash	5	100	999	10	0.0	0.0
2026-07-10T12:35:23.239	469	964	652	1211	3140	3094	3661	3925	4161	543	26.23	1018.33	53.15	325890	AS7341	flash	5	100	999	10	0.0	0.0
2026-07-10T12:35:25.251	469	964	652	1211	3141	3096	3664	3928	4163	543	26.24	1018.29	53.63	320498	AS7341	flash	5	100	999	10	0.0	0.0
2026-07-10T12:35:27.266	469	963	652	1210	3141	3096	3665	3931	4165	543	26.25	1018.33	54.26	318946	AS7341	flash	5	100	999	10	0.0	0.0
2026-07-10T12:35:29.277	469	964	652	1211	3143	3098	3668	3935	4167	543	26.26	1018.35	54.92	317104	AS7341	flash	5	100	999	10	0.0	0.0
2026-07-10T12:35:31.292	469	963	652	1210	3140	3096	3668	3936	4166	543	26.26	1018.33	55.56	314680	AS7341	flash	5	100	999	10	0.0	0.0
2026-07-10T12:35:33.310	469	963	652	1210	3140	3096	3669	3937	4167	543	26.27	1018.33	56.11	311407	AS7341	flash	5	100	999	10	0.0	0.0
2026-07-10T12:35:35.319	469	963	652	1210	3140	3096	3670	3941	4168	543	26.27	1018.3	56.61	311997	AS7341	flash	5	100	999	10	0.0	0.0
2026-07-10T12:35:37.341	469	963	652	1210	3139	3096	3671	3942	4168	543	26.27	1018.3	57.04	308201	AS7341	flash	5	100	999	10	0.0	0.0
2026-07-10T12:35:39.243	469	962	652	1209	3137	3094	3670	3942	4167	543	26.29	1018.35	57.4	307913	AS7341	flash	5	100	999	10	0.0	0.0
2026-07-10T12:35:41.264	469	962	652	1208	3137	3094	3670	3943	4167	543	26.28	1018.35	57.76	305344	AS7341	flash	5	100	999	10	0.0	0.0
2026-07-10T12:35:43.276	469	962	652	1208	3135	3093	3670	3944	4166	543	26.29	1018.34	58.07	303935	AS7341	flash	5	100	999	10	0.0	0.0
2026-07-10T12:35:45.293	469	962	652	1208	3135	3092	3669	3945	4166	543	26.3	1018.33	58.32	303096	AS7341	flash	5	100	999	10	0.0	0.0
2026-07-10T12:35:47.308	469	962	652	1207	3133	3091	3669	3946	4165	543	26.3	1018.35	58.54	300332	AS7341	flash	5	100	999	10	0.0	0.0
2026-07-10T12:35:49.328	469	962	652	1207	3133	3090	3669	3947	4165	543	26.31	1018.35	58.79	299513	AS7341	flash	5	100	999	10	0.0	0.0
2026-07-10T12:35:51.236	469	962	651	1206	3130	3089	3668	3947	4164	543	26.32	1018.38	58.95	298427	AS7341	flash	5	100	999	10	0.0	0.0
2026-07-10T12:35:53.260	469	962	651	1206	3130	3087	3667	3948	4163	543	26.32	1018.37	59.12	296813	AS7341	flash	5	100	999	10	0.0	0.0
2026-07-10T12:35:55.271	468	962	651	1205	3128	3086	3667	3948	4162	543	26.32	1018.33	59.28	297081	AS7341	flash	5	100	999	10	0.0	0.0
2026-07-10T12:35:57.294	468	961	651	1205	3127	3084	3665	3947	4161	543	26.33	1018.34	59.45	294425	AS7341	flash	5	100	999	10	0.0	0.0
2026-07-10T12:35:59.312	468	961	651	1204	3125	3083	3665	3948	4160	543	26.34	1018.37	59.57	293900	AS7341	flash	5	100	999	10	0.0	0.0
2026-07-10T12:36:01.342	468	962	651	1204	3123	3082	3663	3948	4159	543	26.34	1018.37	59.68	291816	AS7341	flash	5	100	999	10	0.0	0.0
2026-07-10T12:36:03.353	468	962	651	1204	3122	3081	3663	3948	4158	542	26.34	1018.33	59.78	291300	AS7341	flash	5	100	999	10	0.0	0.0
2026-07-10T12:36:05.266	468	961	651	1203	3120	3078	3661	3947	4156	542	26.35	1018.34	59.86	293900	AS7341	flash	5	100	999	10	0.0	0.0
2026-07-10T12:36:07.281	468	961	651	1203	3120	3078	3662	3948	4156	542	26.35	1018.35	59.97	292335	AS7341	flash	5	100	999	10	0.0	0.0
2026-07-10T12:36:09.302	468	961	651	1202	3120	3077	3661	3949	4156	542	26.35	1018.35	60.08	289254	AS7341	flash	5	100	999	10	0.0	0.0
2026-07-10T12:36:11.322	468	962	651	1202	3118	3075	3659	3948	4154	542	26.36	1018.36	60.21	288493	AS7341	flash	5	100	999	10	0.0	0.0
2026-07-10T12:36:13.339	468	961	651	1201	3115	3074	3658	3947	4152	542	26.36	1018.33	60.29	287737	AS7341	flash	5	100	999	10	0.0	0.0
2026-07-10T12:36:15.251	468	961	650	1200	3113	3071	3656	3945	4150	542	26.38	1018.38	60.38	286985	AS7341	flash	5	100	999	10	0.0	0.0
2026-07-10T12:36:17.271	468	962	651	1201	3114	3073	3658	3949	4153	542	26.36	1018.32	60.46	286237	AS7341	flash	5	100	999	10	0.0	0.0
2026-07-10T12:36:19.287	468	961	650	1200	3113	3070	3655	3947	4150	542	26.37	1018.38	60.57	285988	AS7341	flash	5	100	999	10	0.0	0.0
2026-07-10T12:36:21.301	468	962	650	1200	3111	3068	3653	3945	4148	542	26.38	1018.35	60.68	285245	AS7341	flash	5	100	999	10	100.0	0.0
2026-07-10T12:36:23.314	467	962	650	1199	3108	3065	3648	3941	4144	541	26.34	1018.35	60.29	286486	AS7341	flash	5	100	999	10	100.0	0.0
2026-07-10T12:36:25.334	467	963	651	1198	3106	3062	3645	3937	4141	541	26.34	1018.37	59.32	289763	AS7341	flash	5	100	999	10	100.0	0.0
2026-07-10T12:36:27.353	467	964	650	1198	3105	3060	3640	3931	4137	541	26.32	1018.35	58.3	291558	AS7341	flash	5	100	999	10	100.0	0.0
2026-07-10T12:36:29.261	467	964	650	1197	3101	3055	3633	3924	4131	540	26.33	1018.34	57.42	294689	AS7341	flash	5	100	999	10	100.0	0.0
2026-07-10T12:36:31.279	467	965	651	1198	3100	3054	3632	3921	4130	540	26.32	1018.33	56.68	297081	AS7341	flash	5	100	999	10	100.0	0.0
2026-07-10T12:36:33.293	467	966	651	1197	3100	3053	3629	3918	4129	540	26.31	1018.34	56.07	297887	AS7341	flash	5	100	999	10	100.0	0.0
2026-07-10T12:36:35.311	466	966	650	1197	3099	3052	3627	3914	4127	540	26.31	1018.35	55.58	300606	AS7341	flash	5	100	999	10	100.0	0.0
2026-07-10T12:36:37.321	467	966	651	1198	3099	3052	3626	3912	4127	540	26.31	1018.33	55.19	301708	AS7341	flash	5	100	999	10	100.0	0.0
2026-07-10T12:36:39.342	466	966	651	1197	3098	3050	3623	3909	4125	539	26.31	1018.35	54.86	304216	AS7341	flash	5	100	999	10	100.0	0.0
2026-07-10T12:36:41.364	466	967	651	1198	3099	3051	3623	3907	4124	539	26.29	1018.36	54.62	304216	AS7341	flash	5	100	999	10	100.0	0.0
2026-07-10T12:36:43.270	466	967	651	1197	3098	3050	3622	3904	4123	539	26.31	1018.32	54.41	305911	AS7341	flash	5	100	999	10	100.0	0.0
2026-07-10T12:36:45.286	466	967	651	1198	3100	3050	3621	3904	4123	539	26.3	1018.36	54.23	308490	AS7341	flash	5	100	999	10	100.0	0.0
2026-07-10T12:36:47.314	466	967	651	1198	3100	3051	3621	3903	4123	539	26.29	1018.33	54.09	307339	AS7341	flash	5	100	999	10	100.0	0.0
2026-07-10T12:36:49.329	466	967	651	1198	3100	3051	3620	3901	4123	539	26.29	1018.35	53.96	310234	AS7341	flash	5	100	999	10	100.0	0.0
2026-07-10T12:36:51.351	466	967	651	1199	3101	3052	3621	3901	4123	539	26.29	1018.33	53.85	309359	AS7341	flash	5	100	999	10	100.0	0.0
2026-07-10T12:36:53.371	466	968	651	1199	3102	3053	3622	3901	4124	539	26.29	1018.34	53.77	309942	AS7341	flash	5	100	999	10	100.0	0.0
2026-07-10T12:36:55.273	466	967	651	1199	3100	3052	3620	3899	4123	539	26.3	1018.36	53.7	312886	AS7341	flash	5	100	999	10	100.0	0.0
2026-07-10T12:36:57.283	466	968	651	1199	3104	3054	3622	3900	4124	539	26.29	1018.34	53.62	312293	AS7341	flash	5	100	999	10	100.0	0.0
2026-07-10T12:36:59.297	467	968	651	1200	3106	3056	3624	3901	4127	540	26.29	1018.31	53.54	314080	AS7341	flash	5	100	999	10	100.0	0.0
2026-07-10T12:37:01.310	467	968	652	1200	3105	3055	3623	3899	4125	539	26.29	1018.33	53.51	315887	AS7341	flash	5	100	999	10	100.0	0.0
2026-07-10T12:37:03.330	466	968	651	1200	3106	3056	3624	3899	4126	539	26.29	1018.33	53.47	314981	AS7341	flash	5	100	999	10	100.0	0.0
2026-07-10T12:37:05.344	467	968	651	1201	3107	3058	3625	3900	4127	540	26.28	1018.32	53.41	316191	AS7341	flash	5	100	999	10	100.0	0.0
2026-07-10T12:37:07.358	467	968	652	1201	3107	3058	3625	3899	4127	540	26.28	1018.35	53.39	315283	AS7341	flash	5	100	999	10	100.0	0.0
2026-07-10T12:37:09.370	467	968	652	1201	3109	3059	3626	3900	4129	540	26.28	1018.32	53.34	314981	AS7341	flash	5	100	999	10	100.0	0.0
2026-07-10T12:37:11.276	467	968	652	1201	3108	3059	3626	3899	4128	540	26.28	1018.3	53.31	317716	AS7341	flash	5	100	999	10	100.0	0.0
2026-07-10T12:37:13.291	467	968	652	1202	3110	3061	3627	3899	4129	540	26.28	1018.31	53.27	317716	AS7341	flash	5	100	999	10	100.0	0.0
2026-07-10T12:37:15.319	467	968	652	1202	3111	3062	3628	3900	4130	540	26.28	1018.3	53.25	316191	AS7341	flash	5	100	999	10	100.0	0.0
2026-07-10T12:37:17.339	467	968	652	1202	3110	3062	3627	3899	4129	540	26.27	1018.27	53.24	317716	AS7341	flash	5	100	999	10	100.0	0.0
2026-07-10T12:37:19.362	467	968	652	1202	3112	3063	3629	3900	4131	540	26.28	1018.27	53.21	318946	AS7341	flash	5	100	999	10	100.0	0.0
2026-07-10T12:37:21.274	467	968	652	1203	3114	3064	3630	3901	4132	540	26.28	1018.3	53.2	320187	AS7341	flash	5	100	999	10	100.0	0.0
2026-07-10T12:37:23.288	467	968	652	1203	3114	3065	3630	3901	4133	540	26.28	1018.34	53.18	317104	AS7341	flash	5	100	999	10	100.0	0.0
2026-07-10T12:37:25.307	467	968	652	1204	3115	3067	3633	3903	4135	540	26.27	1018.29	53.14	317410	AS7341	flash	5	100	999	10	100.0	0.0
2026-07-10T12:37:27.319	467	968	652	1203	3116	3067	3633	3903	4135	540	26.28	1018.3	53.15	317716	AS7341	flash	5	100	999	10	100.0	0.0
2026-07-10T12:37:29.337	467	968	652	1204	3117	3067	3633	3903	4135	540	26.27	1018.31	53.13	317716	AS7341	flash	5	100	999	10	100.0	0.0
2026-07-10T12:37:31.356	467	968	652	1204	3119	3069	3635	3905	4137	541	26.27	1018.32	53.11	321123	AS7341	flash	5	100	999	10	100.0	0.0
2026-07-10T12:37:33.268	467	967	652	1204	3117	3068	3633	3902	4135	540	26.29	1018.31	53.1	317104	AS7341	flash	5	100	999	10	100.0	0.0
2026-07-10T12:37:35.278	467	967	652	1204	3118	3069	3634	3903	4136	540	26.27	1018.29	53.07	318330	AS7341	flash	5	100	999	10	100.0	0.0
2026-07-10T12:37:37.307	467	967	652	1204	3118	3070	3635	3903	4136	540	26.27	1018.3	53.07	318330	AS7341	flash	5	100	999	10	100.0	0.0
2026-07-10T12:37:39.332	467	967	652	1205	3120	3072	3637	3905	4139	541	26.28	1018.3	53.07	317104	AS7341	flash	5	100	999	10	100.0	0.0
2026-07-10T12:37:41.353	467	967	652	1205	3120	3072	3637	3905	4138	541	26.27	1018.29	53.05	319256	AS7341	flash	5	100	999	10	100.0	0.0
2026-07-10T12:37:43.272	467	967	652	1205	3121	3072	3638	3905	4140	541	26.28	1018.34	53.03	319565	AS7341	flash	5	100	999	10	100.0	0.0
2026-07-10T12:37:45.288	468	967	652	1206	3124	3074	3640	3907	4142	541	26.28	1018.3	53.02	321437	AS7341	flash	5	100	999	10	100.0	0.0
2026-07-10T12:37:47.313	468	967	652	1206	3123	3074	3640	3906	4141	541	26.28	1018.29	53.01	318946	AS7341	flash	5	100	999	10	100.0	0.0
2026-07-10T12:37:49.335	468	967	652	1206	3124	3076	3641	3908	4143	541	26.27	1018.28	53.01	321123	AS7341	flash	5	100	999	10	100.0	0.0
2026-07-10T12:37:51.352	468	967	652	1206	3125	3076	3641	3907	4142	541	26.28	1018.29	53.01	318946	AS7341	flash	5	100	999	10	100.0	0.0
2026-07-10T12:37:53.367	468	967	652	1206	3124	3076	3641	3907	4142	541	26.28	1018.3	52.99	318023	AS7341	flash	5	100	999	10	100.0	0.0
2026-07-10T12:37:55.286	467	966	652	1206	3123	3075	3640	3906	4141	541	26.29	1018.32	52.98	318946	AS7341	flash	5	100	999	10	100.0	0.0
2026-07-10T12:37:57.307	468	967	652	1207	3125	3077	3643	3908	4144	541	26.27	1018.29	52.96	319876	AS7341	flash	5	100	999	10	100.0	0.0
2026-07-10T12:37:59.335	468	967	652	1206	3125	3077	3642	3907	4143	541	26.28	1018.32	52.96	320498	AS7341	flash	5	100	999	10	100.0	0.0
2026-07-10T12:38:01.356	468	967	652	1207	3126	3078	3644	3909	4145	541	26.27	1018.31	52.96	322065	AS7341	flash	5	100	999	10	100.0	0.0
2026-07-10T12:38:03.372	468	967	652	1207	3126	3078	3643	3908	4145	541	26.28	1018.28	52.95	320187	AS7341	flash	5	100	999	10	100.0	0.0
2026-07-10T12:38:05.280	468	966	652	1207	3127	3079	3644	3909	4146	541	26.29	1018.32	52.94	321437	AS7341	flash	5	100	999	10	100.0	0.0
2026-07-10T12:38:07.295	468	966	652	1207	3128	3080	3645	3909	4146	541	26.28	1018.3	52.92	320498	AS7341	flash	5	100	999	10	100.0	0.0
2026-07-10T12:38:09.318	468	966	653	1208	3128	3080	3645	3910	4146	541	26.28	1018.3	52.92	322065	AS7341	flash	5	100	999	10	100.0	0.0
2026-07-10T12:38:11.338	468	966	653	1208	3129	3081	3646	3911	4147	541	26.28	1018.28	52.91	320811	AS7341	flash	5	100	999	10	100.0	0.0
2026-07-10T12:38:13.354	468	967	653	1208	3130	3082	3647	3911	4149	542	26.28	1018.31	52.92	320811	AS7341	flash	5	100	999	10	100.0	0.0
2026-07-10T12:38:15.272	468	966	652	1207	3130	3082	3647	3911	4148	542	26.28	1018.28	52.9	324605	AS7341	flash	5	100	999	10	100.0	0.0
2026-07-10T12:38:17.301	468	966	652	1208	3130	3082	3647	3911	4148	541	26.27	1018.28	52.89	324605	AS7341	flash	5	100	999	10	100.0	0.0
2026-07-10T12:38:19.331	468	966	652	1208	3130	3083	3648	3912	4148	542	26.27	1018.31	52.89	322065	AS7341	flash	5	100	999	10	100.0	0.0
2026-07-10T12:38:21.353	468	966	653	1208	3132	3084	3649	3913	4150	542	26.27	1018.29	52.89	323330	AS7341	flash	5	100	999	10	100.0	0.0
2026-07-10T12:38:23.372	468	966	653	1208	3132	3084	3649	3913	4150	542	26.28	1018.34	52.88	323330	AS7341	flash	5	100	999	10	100.0	0.0
2026-07-10T12:38:25.279	468	966	653	1208	3132	3084	3649	3912	4150	542	26.28	1018.31	52.88	323648	AS7341	flash	5	100	999	10	100.0	0.0
2026-07-10T12:38:27.291	468	966	652	1208	3132	3085	3649	3912	4150	542	26.28	1018.31	52.86	322065	AS7341	flash	5	100	999	10	100.0	0.0
2026-07-10T12:38:29.315	468	966	653	1209	3132	3085	3650	3913	4151	542	26.28	1018.32	52.85	324925	AS7341	flash	5	100	999	10	100.0	0.0
2026-07-10T12:38:31.333	468	966	653	1209	3134	3086	3651	3913	4151	542	26.27	1018.3	52.84	322381	AS7341	flash	5	100	999	10	100.0	0.0
2026-07-10T12:38:33.343	468	966	653	1209	3134	3086	3652	3914	4152	542	26.28	1018.31	52.85	321751	AS7341	flash	5	100	999	10	100.0	0.0
2026-07-10T12:38:35.369	468	966	652	1209	3134	3087	3652	3914	4153	542	26.28	1018.33	52.84	322697	AS7341	flash	5	100	999	10	100.0	0.0
2026-07-10T12:38:37.274	468	965	652	1208	3132	3085	3650	3912	4150	542	26.28	1018.28	52.84	322065	AS7341	flash	5	100	999	10	100.0	0.0
2026-07-10T12:38:39.291	468	966	653	1210	3135	3088	3653	3916	4154	542	26.28	1018.31	52.82	324925	AS7341	flash	5	100	999	10	100.0	0.0
2026-07-10T12:38:41.306	468	966	653	1210	3135	3087	3653	3915	4153	542	26.28	1018.33	52.81	323966	AS7341	flash	5	100	999	10	100.0	0.0
2026-07-10T12:38:43.327	468	966	653	1209	3135	3088	3653	3915	4153	542	26.28	1018.3	52.81	323330	AS7341	flash	5	100	999	10	100.0	0.0
2026-07-10T12:38:45.344	469	966	653	1210	3136	3089	3654	3916	4154	542	26.28	1018.28	52.79	322065	AS7341	flash	5	100	999	10	100.0	0.0
2026-07-10T12:38:47.365	469	966	653	1210	3136	3089	3655	3917	4155	542	26.28	1018.3	52.78	322065	AS7341	flash	5	100	999	10	100.0	0.0
2026-07-10T12:38:49.280	468	966	653	1209	3137	3089	3655	3916	4155	542	26.28	1018.28	52.78	323330	AS7341	flash	5	100	999	10	100.0	0.0
2026-07-10T12:38:51.311	469	966	653	1210	3137	3089	3655	3917	4155	542	26.28	1018.28	52.77	323330	AS7341	flash	5	100	999	10	100.0	0.0
2026-07-10T12:38:53.338	469	966	653	1210	3137	3089	3655	3916	4155	542	26.28	1018.27	52.76	323966	AS7341	flash	5	100	999	10	100.0	0.0
2026-07-10T12:38:55.360	469	966	653	1210	3137	3090	3655	3916	4155	542	26.29	1018.3	52.78	322065	AS7341	flash	5	100	999	10	100.0	0.0
2026-07-10T12:38:57.270	468	965	653	1210	3136	3089	3654	3915	4154	542	26.29	1018.29	52.77	324925	AS7341	flash	5	100	999	10	100.0	0.0
2026-07-10T12:38:59.297	469	966	653	1210	3139	3090	3656	3917	4156	542	26.28	1018.31	52.76	324925	AS7341	flash	5	100	999	10	100.0	0.0
2026-07-10T12:39:01.312	469	966	653	1211	3139	3092	3657	3918	4157	542	26.28	1018.3	52.75	322065	AS7341	flash	5	100	999	10	100.0	0.0
2026-07-10T12:39:03.330	469	966	653	1211	3139	3091	3656	3917	4156	542	26.29	1018.32	52.75	322381	AS7341	flash	5	100	999	10	100.0	0.0
2026-07-10T12:39:05.351	469	966	653	1211	3139	3091	3657	3918	4157	542	26.28	1018.28	52.74	323330	AS7341	flash	5	100	999	10	100.0	0.0
2026-07-10T12:39:07.367	469	966	653	1211	3139	3092	3657	3918	4157	542	26.28	1018.28	52.74	324285	AS7341	flash	5	100	999	10	100.0	0.0
2026-07-10T12:39:09.268	469	966	653	1211	3139	3091	3657	3918	4157	542	26.3	1018.29	52.74	322697	AS7341	flash	5	100	999	10	100.0	0.0
2026-07-10T12:39:11.288	469	966	653	1211	3139	3092	3657	3918	4158	542	26.28	1018.3	52.73	324605	AS7341	flash	5	100	999	10	100.0	0.0
2026-07-10T12:39:13.311	469	966	653	1211	3140	3093	3658	3919	4158	542	26.28	1018.27	52.71	322065	AS7341	flash	5	100	999	10	100.0	0.0
2026-07-10T12:39:15.340	469	966	653	1211	3140	3093	3658	3918	4158	542	26.28	1018.32	52.71	323013	AS7341	flash	5	100	999	10	100.0	0.0
2026-07-10T12:39:17.373	469	966	653	1211	3141	3094	3659	3920	4160	543	26.28	1018.29	52.72	323013	AS7341	flash	5	100	999	10	100.0	0.0
2026-07-10T12:39:19.296	469	966	653	1211	3140	3093	3659	3919	4158	543	26.29	1018.27	52.71	323966	AS7341	flash	5	100	999	10	100.0	0.0
2026-07-10T12:39:21.320	469	966	653	1211	3141	3094	3659	3919	4159	543	26.28	1018.28	52.69	324605	AS7341	flash	5	100	999	10	100.0	0.0
2026-07-10T12:39:23.337	469	966	653	1211	3141	3094	3660	3920	4160	543	26.29	1018.32	52.7	324605	AS7341	flash	5	100	999	10	100.0	0.0
2026-07-10T12:39:25.367	469	966	653	1211	3142	3094	3659	3919	4159	543	26.28	1018.3	52.71	321751	AS7341	flash	5	100	999	10	100.0	0.0
2026-07-10T12:39:27.267	469	966	653	1211	3141	3094	3659	3920	4159	543	26.29	1018.32	52.7	323966	AS7341	flash	5	100	999	10	100.0	0.0
2026-07-10T12:39:29.280	469	965	653	1211	3141	3094	3659	3919	4159	543	26.28	1018.29	52.69	326212	AS7341	flash	5	100	999	10	100.0	0.0
2026-07-10T12:39:31.291	469	966	653	1211	3142	3094	3659	3919	4159	543	26.28	1018.29	52.69	324285	AS7341	flash	5	100	999	10	100.0	0.0
2026-07-10T12:39:33.308	469	965	653	1212	3141	3094	3659	3919	4159	543	26.28	1018.27	52.69	323966	AS7341	flash	5	100	999	10	100.0	0.0
2026-07-10T12:39:35.317	469	965	653	1211	3143	3096	3661	3921	4162	543	26.27	1018.29	52.7	324605	AS7341	flash	5	100	999	10	100.0	0.0
2026-07-10T12:39:37.331	469	965	653	1212	3142	3095	3661	3921	4161	543	26.27	1018.26	52.7	322065	AS7341	flash	5	100	999	10	100.0	0.0
2026-07-10T12:39:39.340	469	966	653	1212	3143	3096	3662	3921	4162	543	26.27	1018.26	52.71	325246	AS7341	flash	5	100	999	10	100.0	0.0
2026-07-10T12:39:41.362	469	965	653	1212	3143	3096	3661	3921	4161	543	26.27	1018.3	52.71	323330	AS7341	flash	5	100	999	10	100.0	0.0
2026-07-10T12:39:43.271	469	965	653	1211	3142	3095	3660	3919	4159	543	26.28	1018.3	52.69	325246	AS7341	flash	5	100	999	10	100.0	0.0
2026-07-10T12:39:45.286	469	965	653	1212	3143	3096	3661	3921	4161	543	26.28	1018.31	52.71	325890	AS7341	flash	5	100	999	10	100.0	0.0
2026-07-10T12:39:47.309	469	965	653	1212	3143	3097	3662	3921	4162	543	26.27	1018.28	52.69	323330	AS7341	flash	5	100	999	10	100.0	0.0
2026-07-10T12:39:49.323	469	965	653	1212	3144	3097	3663	3922	4162	543	26.28	1018.3	52.71	324605	AS7341	flash	5	100	999	10	100.0	0.0
2026-07-10T12:39:51.342	469	965	653	1212	3145	3099	3664	3923	4164	543	26.27	1018.3	52.71	322697	AS7341	flash	5	100	999	10	100.0	0.0
2026-07-10T12:39:53.363	469	965	653	1213	3146	3099	3666	3924	4165	543	26.27	1018.34	52.69	324925	AS7341	flash	5	100	999	10	100.0	0.0
2026-07-10T12:39:55.268	469	965	653	1212	3145	3099	3665	3923	4164	543	26.27	1018.3	52.71	325890	AS7341	flash	5	100	999	10	100.0	0.0
2026-07-10T12:39:57.282	469	965	653	1213	3146	3099	3665	3924	4165	543	26.27	1018.27	52.69	325890	AS7341	flash	5	100	999	10	100.0	0.0
2026-07-10T12:39:59.297	469	965	653	1213	3147	3101	3666	3925	4166	543	26.26	1018.31	52.7	326536	AS7341	flash	5	100	999	10	100.0	0.0
2026-07-10T12:40:01.315	469	965	653	1213	3147	3101	3666	3925	4165	543	26.27	1018.31	52.69	323330	AS7341	flash	5	100	999	10	100.0	0.0
2026-07-10T12:40:03.330	469	965	653	1213	3147	3101	3667	3925	4166	543	26.26	1018.28	52.71	324925	AS7341	flash	5	100	999	10	100.0	0.0
2026-07-10T12:40:05.356	469	965	653	1213	3147	3101	3667	3925	4165	543	26.26	1018.3	52.7	325890	AS7341	flash	5	100	999	10	100.0	0.0
2026-07-10T12:40:07.265	469	964	653	1213	3147	3101	3667	3925	4165	543	26.27	1018.3	52.69	323330	AS7341	flash	5	100	999	10	100.0	0.0
2026-07-10T12:40:09.288	469	965	653	1213	3148	3102	3668	3926	4166	543	26.26	1018.3	52.69	324285	AS7341	flash	5	100	999	10	100.0	0.0
2026-07-10T12:40:11.300	469	964	653	1213	3149	3102	3668	3926	4167	543	26.27	1018.28	52.7	324285	AS7341	flash	5	100	999	10	100.0	0.0
2026-07-10T12:40:13.315	469	965	653	1213	3149	3103	3670	3927	4168	543	26.27	1018.29	52.69	323966	AS7341	flash	5	100	999	10	100.0	0.0
2026-07-10T12:40:15.329	469	965	653	1214	3149	3103	3669	3926	4168	543	26.27	1018.3	52.71	323966	AS7341	flash	5	100	999	10	100.0	0.0
2026-07-10T12:40:17.344	469	964	653	1213	3149	3103	3670	3927	4168	543	26.27	1018.29	52.7	325890	AS7341	flash	5	100	999	10	100.0	0.0
2026-07-10T12:40:19.359	469	964	653	1213	3150	3104	3670	3927	4168	544	26.27	1018.33	52.7	323966	AS7341	flash	5	100	999	10	100.0	0.0
2026-07-10T12:40:21.264	469	964	653	1214	3149	3104	3670	3927	4168	543	26.29	1018.31	52.69	324605	AS7341	flash	5	100	999	10	100.0	0.0
2026-07-10T12:40:23.279	469	964	653	1214	3151	3105	3672	3928	4170	544	26.28	1018.32	52.69	326212	AS7341	flash	5	100	999	10	100.0	0.0
2026-07-10T12:40:25.301	470	964	654	1214	3153	3107	3674	3930	4172	544	26.28	1018.29	52.69	322697	AS7341	flash	5	100	999	10	100.0	0.0
2026-07-10T12:40:27.314	470	964	653	1214	3154	3109	3676	3931	4174	544	26.28	1018.3	52.7	323966	AS7341	flash	5	100	999	10	100.0	0.0
