timestamp	f1_415	f2_445	f3_480	f4_515	f5_555	f6_590	f7_630	f8_680	clear	nir	T	P	RH	Gas	model	mode	gain	atime	astep	led
2026-07-07T09:09:15.027	922	2226	1340	2745	6530	6096	6835	8579	7855	849	28.4	1012.27	51.33	96486	AS7341	flash	5	100	999	10
2026-07-07T09:09:17.037	922	2226	1340	2745	6530	6098	6837	8581	7856	849	28.4	1012.31	51.34	96653	AS7341	flash	5	100	999	10
2026-07-07T09:09:19.054	922	2225	1340	2745	6531	6098	6838	8584	7856	849	28.39	1012.27	51.44	95714	AS7341	flash	5	100	999	10
2026-07-07T09:09:20.959	922	2225	1340	2744	6529	6097	6838	8584	7856	849	28.41	1012.29	51.56	96486	AS7341	flash	5	100	999	10
2026-07-07T09:09:22.982	922	2225	1340	2745	6529	6098	6840	8586	7856	849	28.4	1012.28	51.7	95933	AS7341	flash	5	100	999	10
2026-07-07T09:09:24.996	922	2225	1340	2745	6528	6097	6837	8584	7855	849	28.39	1012.26	51.77	96209	AS7341	flash	5	100	999	10
2026-07-07T09:09:27.026	922	2225	1340	2745	6527	6096	6836	8583	7854	849	28.39	1012.25	51.73	95550	AS7341	flash	5	100	999	10
2026-07-07T09:09:29.040	922	2224	1340	2744	6528	6096	6837	8584	7854	849	28.39	1012.28	51.72	95714	AS7341	flash	5	100	999	10
2026-07-07T09:09:31.053	922	2224	1340	2744	6529	6097	6838	8586	7856	849	28.4	1012.34	51.76	95278	AS7341	flash	5	100	999	10
2026-07-07T09:09:32.969	921	2224	1340	2743	6527	6095	6836	8583	7854	849	28.4	1012.24	51.8	95823	AS7341	flash	5	100	999	10
2026-07-07T09:09:34.994	921	2225	1340	2744	6528	6096	6837	8582	7849	848	28.39	1012.26	51.75	95769	AS7341	flash	5	100	999	10
2026-07-07T09:09:37.010	922	2225	1340	2743	6526	6095	6835	8582	7851	848	28.39	1012.27	51.75	95714	AS7341	flash	5	100	999	10
2026-07-07T09:09:39.032	921	2225	1339	2743	6528	6096	6838	8585	7850	848	28.4	1012.27	51.81	95550	AS7341	flash	5	100	999	10
2026-07-07T09:09:41.044	922	2225	1340	2743	6525	6093	6834	8580	7848	848	28.4	1012.28	51.87	95769	AS7341	flash	5	100	999	10
2026-07-07T09:09:43.062	921	2225	1340	2743	6525	6093	6834	8579	7848	848	28.4	1012.29	51.89	95441	AS7341	flash	5	100	999	10
2026-07-07T09:09:45.006	922	2226	1340	2742	6520	6089	6828	8572	7844	847	28.41	1012.27	51.84	96043	AS7341	flash	5	100	999	10
2026-07-07T09:09:47.030	921	2227	1340	2742	6523	6090	6830	8574	7847	848	28.41	1012.25	51.79	95933	AS7341	flash	5	100	999	10
2026-07-07T09:09:49.038	921	2227	1339	2742	6521	6088	6828	8573	7846	848	28.41	1012.29	51.76	95496	AS7341	flash	5	100	999	10
2026-07-07T09:09:51.053	921	2228	1340	2742	6521	6087	6827	8574	7846	848	28.41	1012.28	51.77	95605	AS7341	flash	5	100	999	10
2026-07-07T09:09:52.963	921	2227	1341	2741	6519	6085	6824	8568	7844	847	28.43	1012.27	51.8	96486	AS7341	flash	5	100	999	10
2026-07-07T09:09:54.974	921	2229	1341	2742	6518	6084	6823	8566	7843	847	28.42	1012.27	51.8	96043	AS7341	flash	5	100	999	10
2026-07-07T09:09:56.986	921	2230	1341	2742	6516	6082	6819	8562	7840	848	28.43	1012.27	51.75	95933	AS7341	flash	5	100	999	10
2026-07-07T09:09:58.998	921	2231	1341	2742	6516	6082	6818	8561	7839	848	28.43	1012.31	51.68	95823	AS7341	flash	5	100	999	10
2026-07-07T09:10:01.019	921	2231	1341	2742	6513	6079	6814	8554	7837	847	28.43	1012.25	51.58	96043	AS7341	flash	5	100	999	10
2026-07-07T09:10:03.027	921	2233	1341	2742	6513	6077	6811	8550	7834	847	28.44	1012.26	51.49	95988	AS7341	flash	5	100	999	10
2026-07-07T09:10:05.047	920	2232	1341	2740	6511	6076	6809	8549	7833	847	28.44	1012.26	51.37	95769	AS7341	flash	5	100	999	10
2026-07-07T09:10:07.056	920	2233	1341	2741	6511	6075	6807	8545	7831	846	28.44	1012.26	51.34	96209	AS7341	flash	5	100	999	10
2026-07-07T09:10:09.067	920	2233	1341	2740	6510	6073	6804	8540	7828	846	28.45	1012.27	51.29	96597	AS7341	flash	5	100	999	10
2026-07-07T09:10:10.975	920	2233	1341	2740	6508	6071	6801	8537	7827	846	28.47	1012.25	51.26	96319	AS7341	flash	5	100	999	10
2026-07-07T09:10:12.986	920	2234	1341	2740	6509	6071	6801	8536	7828	846	28.46	1012.25	51.27	96375	AS7341	flash	5	100	999	10
2026-07-07T09:10:15.001	921	2234	1341	2740	6509	6071	6801	8535	7826	846	28.46	1012.27	51.28	95933	AS7341	flash	5	100	999	10
2026-07-07T09:10:17.022	920	2235	1342	2740	6508	6069	6798	8533	7825	846	28.47	1012.28	51.28	95823	AS7341	flash	5	100	999	10
2026-07-07T09:10:19.049	920	2235	1342	2740	6507	6068	6798	8531	7824	846	28.47	1012.24	51.25	95769	AS7341	flash	5	100	999	10
2026-07-07T09:10:20.960	921	2236	1342	2740	6507	6068	6797	8528	7824	846	28.49	1012.27	51.22	96597	AS7341	flash	5	100	999	10
2026-07-07T09:10:22.969	921	2237	1342	2741	6507	6068	6796	8528	7823	846	28.48	1012.23	51.18	96597	AS7341	flash	5	100	999	10
2026-07-07T09:10:24.980	921	2237	1342	2741	6508	6068	6796	8526	7824	846	28.49	1012.26	51.13	96375	AS7341	flash	5	100	999	10
2026-07-07T09:10:26.989	920	2236	1342	2740	6505	6066	6793	8522	7821	845	28.49	1012.26	51.08	96209	AS7341	flash	5	100	999	10
2026-07-07T09:10:28.998	921	2237	1342	2740	6505	6066	6793	8523	7820	845	28.51	1012.23	51.11	96153	AS7341	flash	5	100	999	10
2026-07-07T09:10:31.014	920	2236	1342	2739	6502	6063	6790	8520	7818	845	28.51	1012.25	51.23	95933	AS7341	flash	5	100	999	10
2026-07-07T09:10:33.038	920	2237	1342	2740	6504	6064	6792	8522	7820	845	28.51	1012.24	51.33	95550	AS7341	flash	5	100	999	10
2026-07-07T09:10:35.058	921	2237	1342	2740	6504	6065	6792	8523	7820	845	28.51	1012.25	51.42	95387	AS7341	flash	5	100	999	10
2026-07-07T09:10:36.970	920	2237	1342	2738	6501	6062	6789	8517	7818	845	28.54	1012.22	51.47	95933	AS7341	flash	5	100	999	10
2026-07-07T09:10:38.979	921	2238	1342	2740	6503	6063	6789	8519	7819	845	28.54	1012.24	51.43	96375	AS7341	flash	5	100	999	10
2026-07-07T09:10:40.987	921	2239	1343	2740	6501	6061	6786	8514	7817	845	28.54	1012.23	51.36	96153	AS7341	flash	5	100	999	10
2026-07-07T09:10:42.998	921	2239	1343	2740	6502	6061	6786	8514	7817	845	28.55	1012.25	51.26	95988	AS7341	flash	5	100	999	10
2026-07-07T09:10:45.009	921	2239	1343	2740	6502	6061	6786	8513	7816	845	28.55	1012.22	51.21	96375	AS7341	flash	5	100	999	10
2026-07-07T09:10:47.028	921	2239	1343	2740	6500	6059	6785	8513	7815	844	28.56	1012.26	51.25	95933	AS7341	flash	5	100	999	10
2026-07-07T09:10:49.051	921	2239	1343	2739	6501	6060	6786	8515	7816	845	28.57	1012.25	51.39	95116	AS7341	flash	5	100	999	10
2026-07-07T09:10:50.961	920	2239	1343	2738	6497	6057	6782	8510	7813	844	28.58	1012.25	51.49	96153	AS7341	flash	5	100	999	10
2026-07-07T09:10:52.972	920	2239	1343	2738	6496	6056	6782	8512	7812	844	28.58	1012.24	51.59	95823	AS7341	flash	5	100	999	10
2026-07-07T09:10:54.996	921	2240	1343	2738	6497	6057	6783	8514	7814	844	28.58	1012.24	51.72	95062	AS7341	flash	5	100	999	10
2026-07-07T09:10:57.012	920	2240	1343	2737	6493	6053	6779	8509	7809	844	28.58	1012.22	51.77	94793	AS7341	flash	5	100	999	10
2026-07-07T09:10:59.032	920	2241	1343	2738	6495	6054	6780	8511	7811	844	28.59	1012.26	51.81	94793	AS7341	flash	5	100	999	10
2026-07-07T09:11:01.047	920	2240	1343	2737	6493	6053	6779	8508	7809	844	28.6	1012.25	51.79	94739	AS7341	flash	5	100	999	10
2026-07-07T09:11:03.063	921	2242	1343	2738	6492	6051	6777	8508	7808	844	28.6	1012.24	51.82	94954	AS7341	flash	5	100	999	10
2026-07-07T09:11:04.971	920	2242	1343	2736	6489	6048	6772	8500	7803	843	28.62	1012.25	51.78	95332	AS7341	flash	5	100	999	10
2026-07-07T09:11:06.980	920	2242	1343	2737	6488	6047	6771	8497	7803	843	28.62	1012.28	51.64	95224	AS7341	flash	5	100	999	10
2026-07-07T09:11:08.997	920	2243	1344	2738	6491	6049	6772	8496	7805	843	28.61	1012.25	51.48	95170	AS7341	flash	5	100	999	10
2026-07-07T09:11:11.003	920	2243	1344	2737	6490	6048	6770	8492	7803	843	28.63	1012.24	51.32	95659	AS7341	flash	5	100	999	10
2026-07-07T09:11:13.011	920	2244	1343	2737	6490	6047	6767	8491	7801	843	28.63	1012.22	51.18	95714	AS7341	flash	5	100	999	10
2026-07-07T09:11:15.025	920	2244	1344	2738	6490	6047	6767	8490	7802	843	28.64	1012.25	51.09	95933	AS7341	flash	5	100	999	10
2026-07-07T09:11:17.039	920	2244	1344	2738	6490	6048	6767	8489	7803	843	28.64	1012.24	51.04	95496	AS7341	flash	5	100	999	10
2026-07-07T09:11:19.058	920	2245	1344	2739	6492	6048	6768	8490	7804	843	28.65	1012.22	51.01	95659	AS7341	flash	5	100	999	10
2026-07-07T09:11:21.064	920	2245	1344	2738	6490	6047	6766	8486	7801	843	28.66	1012.22	50.97	95550	AS7341	flash	5	100	999	10
2026-07-07T09:11:22.961	920	2245	1344	2738	6490	6046	6765	8484	7801	843	28.67	1012.25	50.95	95988	AS7341	flash	5	100	999	10
2026-07-07T09:11:24.975	920	2245	1344	2739	6489	6046	6764	8483	7800	843	28.67	1012.23	50.93	95823	AS7341	flash	5	100	999	10
2026-07-07T09:11:26.983	920	2245	1344	2739	6492	6048	6766	8486	7803	843	28.67	1012.26	50.92	95605	AS7341	flash	5	100	999	10
2026-07-07T09:11:29.004	920	2245	1344	2739	6492	6048	6766	8486	7803	843	28.67	1012.21	50.97	95714	AS7341	flash	5	100	999	10
2026-07-07T09:11:31.025	920	2245	1344	2739	6493	6049	6767	8488	7804	843	28.69	1012.26	51.03	95441	AS7341	flash	5	100	999	10
2026-07-07T09:11:33.046	920	2245	1344	2739	6492	6048	6766	8485	7802	843	28.68	1012.23	51.06	95062	AS7341	flash	5	100	999	10
2026-07-07T09:11:35.057	920	2246	1344	2739	6490	6046	6764	8482	7801	843	28.69	1012.22	51.05	95062	AS7341	flash	5	100	999	10
2026-07-07T09:11:36.960	920	2246	1345	2739	6489	6045	6761	8480	7798	843	28.71	1012.24	51.03	95605	AS7341	flash	5	100	999	10
2026-07-07T09:11:38.973	920	2245	1344	2738	6489	6046	6763	8481	7800	844	28.71	1012.25	51.02	95170	AS7341	flash	5	100	999	10
2026-07-07T09:11:40.999	920	2246	1344	2739	6490	6046	6764	8481	7801	843	28.71	1012.22	51.03	95441	AS7341	flash	5	100	999	10
2026-07-07T09:11:43.022	920	2247	1345	2740	6491	6046	6764	8481	7801	843	28.72	1012.23	51.06	95170	AS7341	flash	5	100	999	10
2026-07-07T09:11:45.042	920	2247	1345	2739	6489	6044	6760	8478	7798	843	28.72	1012.21	51.03	95550	AS7341	flash	5	100	999	10
2026-07-07T09:11:47.052	920	2247	1345	2739	6488	6043	6759	8475	7798	843	28.73	1012.24	50.99	95278	AS7341	flash	5	100	999	10
2026-07-07T09:11:48.963	920	2247	1345	2738	6487	6043	6759	8475	7797	842	28.74	1012.25	50.98	95278	AS7341	flash	5	100	999	10
2026-07-07T09:11:50.988	920	2247	1345	2739	6487	6043	6759	8475	7797	843	28.74	1012.23	51.02	95496	AS7341	flash	5	100	999	10
2026-07-07T09:11:53.005	920	2247	1345	2739	6487	6042	6758	8473	7796	843	28.75	1012.25	51.02	94954	AS7341	flash	5	100	999	10
2026-07-07T09:11:55.013	920	2247	1345	2738	6486	6042	6756	8471	7795	842	28.74	1012.26	50.98	95278	AS7341	flash	5	100	999	10
2026-07-07T09:11:57.023	920	2248	1345	2739	6488	6043	6758	8472	7797	842	28.74	1012.25	50.92	95224	AS7341	flash	5	100	999	10
2026-07-07T09:11:59.030	920	2248	1345	2739	6488	6043	6756	8470	7796	842	28.75	1012.24	50.86	95441	AS7341	flash	5	100	999	10
2026-07-07T09:12:01.042	920	2248	1345	2739	6489	6043	6757	8468	7796	843	28.76	1012.25	50.79	95008	AS7341	flash	5	100	999	10
2026-07-07T09:12:03.055	920	2249	1345	2740	6488	6042	6756	8470	7796	842	28.76	1012.25	50.78	95605	AS7341	flash	5	100	999	10
2026-07-07T09:12:04.967	920	2248	1345	2738	6485	6040	6753	8466	7793	842	28.78	1012.27	50.83	95605	AS7341	flash	5	100	999	10
2026-07-07T09:12:06.978	920	2249	1345	2739	6487	6042	6756	8469	7796	842	28.77	1012.24	50.9	95278	AS7341	flash	5	100	999	10
2026-07-07T09:12:08.995	920	2249	1345	2739	6488	6042	6757	8470	7795	842	28.78	1012.27	50.96	95332	AS7341	flash	5	100	999	10
2026-07-07T09:12:11.003	920	2249	1345	2738	6486	6041	6754	8467	7794	842	28.78	1012.22	50.99	95170	AS7341	flash	5	100	999	10
2026-07-07T09:12:13.026	920	2249	1345	2739	6486	6041	6755	8468	7795	842	28.79	1012.29	51.01	94632	AS7341	flash	5	100	999	10
2026-07-07T09:12:15.044	920	2249	1345	2739	6486	6040	6754	8467	7794	842	28.8	1012.26	50.99	94632	AS7341	flash	5	100	999	10
2026-07-07T09:12:17.055	920	2249	1345	2739	6487	6041	6754	8466	7794	842	28.8	1012.25	50.95	95170	AS7341	flash	5	100	999	10
2026-07-07T09:12:18.962	920	2249	1345	2738	6483	6037	6749	8460	7790	843	28.8	1012.21	50.88	95769	AS7341	flash	5	100	999	10
2026-07-07T09:12:20.987	920	2250	1346	2739	6486	6039	6752	8462	7793	843	28.8	1012.23	50.83	95550	AS7341	flash	5	100	999	10
2026-07-07T09:12:22.992	920	2250	1346	2739	6486	6039	6751	8461	7792	842	28.8	1012.21	50.81	95278	AS7341	flash	5	100	999	10
2026-07-07T09:12:25.009	920	2251	1346	2739	6484	6038	6749	8459	7790	843	28.81	1012.25	50.77	94847	AS7341	flash	5	100	999	10
2026-07-07T09:12:27.029	920	2250	1345	2738	6485	6039	6749	8459	7791	843	28.8	1012.23	50.77	95496	AS7341	flash	5	100	999	10
2026-07-07T09:12:29.042	920	2250	1346	2739	6485	6038	6749	8458	7791	843	28.81	1012.23	50.77	94954	AS7341	flash	5	100	999	10
2026-07-07T09:12:31.050	920	2251	1346	2740	6484	6038	6748	8458	7791	842	28.81	1012.24	50.78	94579	AS7341	flash	5	100	999	10
2026-07-07T09:12:33.068	920	2251	1346	2739	6486	6038	6749	8457	7792	842	28.82	1012.24	50.76	95278	AS7341	flash	5	100	999	10
2026-07-07T09:12:34.967	920	2251	1345	2739	6482	6035	6745	8451	7787	842	28.84	1012.25	50.73	95714	AS7341	flash	5	100	999	10
2026-07-07T09:12:36.987	920	2251	1346	2739	6484	6037	6747	8454	7790	841	28.83	1012.25	50.69	94954	AS7341	flash	5	100	999	10
2026-07-07T09:12:39.004	920	2252	1346	2740	6485	6037	6747	8454	7789	842	28.83	1012.24	50.66	95224	AS7341	flash	5	100	999	10
2026-07-07T09:12:41.021	920	2252	1346	2740	6484	6036	6746	8453	7789	842	28.84	1012.24	50.68	94739	AS7341	flash	5	100	999	10
2026-07-07T09:12:43.029	920	2252	1345	2739	6484	6037	6748	8454	7790	843	28.84	1012.23	50.74	94793	AS7341	flash	5	100	999	10
2026-07-07T09:12:45.044	920	2252	1346	2740	6485	6038	6748	8458	7791	842	28.85	1012.22	50.83	94847	AS7341	flash	5	100	999	10
2026-07-07T09:12:47.058	920	2251	1346	2739	6482	6036	6747	8454	7789	843	28.84	1012.24	50.94	95224	AS7341	flash	5	100	999	10
2026-07-07T09:12:48.962	920	2252	1346	2738	6482	6035	6745	8453	7789	841	28.86	1012.21	50.95	95605	AS7341	flash	5	100	999	10
2026-07-07T09:12:50.986	920	2252	1346	2739	6481	6034	6744	8451	7787	842	28.86	1012.23	50.9	95278	AS7341	flash	5	100	999	10
2026-07-07T09:12:52.997	920	2252	1346	2738	6480	6033	6743	8451	7786	842	28.86	1012.22	50.9	95278	AS7341	flash	5	100	999	10
2026-07-07T09:12:55.015	920	2252	1346	2738	6480	6033	6744	8452	7787	842	28.87	1012.27	50.97	94900	AS7341	flash	5	100	999	10
2026-07-07T09:12:57.030	920	2253	1347	2739	6480	6033	6744	8452	7786	841	28.88	1012.24	51.04	94632	AS7341	flash	5	100	999	10
2026-07-07T09:12:59.051	920	2253	1345	2739	6478	6032	6742	8450	7785	842	28.88	1012.24	51.03	94739	AS7341	flash	5	100	999	10
2026-07-07T09:13:01.063	920	2253	1345	2738	6480	6032	6742	8449	7785	842	28.88	1012.23	50.96	94686	AS7341	flash	5	100	999	10
2026-07-07T09:13:02.965	919	2253	1345	2738	6476	6029	6738	8442	7781	842	28.9	1012.24	50.88	95823	AS7341	flash	5	100	999	10
2026-07-07T09:13:04.972	920	2253	1346	2738	6480	6032	6741	8446	7785	841	28.9	1012.27	50.81	95170	AS7341	flash	5	100	999	10
2026-07-07T09:13:06.983	920	2253	1346	2738	6479	6031	6740	8445	7783	842	28.91	1012.23	50.76	95224	AS7341	flash	5	100	999	10
2026-07-07T09:13:08.991	920	2254	1346	2739	6478	6031	6740	8445	7784	842	28.91	1012.23	50.72	94954	AS7341	flash	5	100	999	10
2026-07-07T09:13:10.996	920	2253	1346	2738	6477	6030	6738	8442	7783	842	28.92	1012.24	50.73	94847	AS7341	flash	5	100	999	10
2026-07-07T09:13:13.007	920	2254	1347	2738	6477	6029	6737	8441	7781	842	28.93	1012.25	50.76	94793	AS7341	flash	5	100	999	10
2026-07-07T09:13:15.016	920	2253	1346	2738	6477	6029	6738	8444	7783	841	28.93	1012.25	50.83	94847	AS7341	flash	5	100	999	10
2026-07-07T09:13:17.027	920	2255	1346	2738	6478	6030	6739	8444	7784	842	28.94	1012.25	50.87	94739	AS7341	flash	5	100	999	10
2026-07-07T09:13:19.039	920	2254	1347	2738	6476	6028	6736	8441	7781	842	28.94	1012.21	50.82	94525	AS7341	flash	5	100	999	10
2026-07-07T09:13:21.052	919	2254	1346	2737	6475	6027	6735	8439	7780	841	28.96	1012.26	50.76	95170	AS7341	flash	5	100	999	10
2026-07-07T09:13:22.961	919	2254	1346	2736	6473	6026	6735	8440	7780	841	28.97	1012.25	50.78	95332	AS7341	flash	5	100	999	10
2026-07-07T09:13:24.976	920	2255	1346	2737	6475	6027	6737	8443	7782	842	28.97	1012.24	50.93	94632	AS7341	flash	5	100	999	10
2026-07-07T09:13:26.998	920	2255	1347	2737	6474	6027	6736	8444	7781	842	28.98	1012.24	51.04	94206	AS7341	flash	5	100	999	10
2026-07-07T09:13:29.000	920	2255	1346	2737	6472	6025	6736	8443	7780	841	28.98	1012.23	51.11	95683	AS7341	flash	5	100	999	10
2026-07-07T09:13:31.015	920	2255	1346	2736	6473	6026	6736	8444	7781	842	28.99	1012.24	51.19	95032	AS7341	flash	5	100	999	10
2026-07-07T09:13:33.037	919	2254	1346	2736	6472	6025	6735	8444	7779	841	29.0	1012.24	51.2	95574	AS7341	flash	5	100	999	10
2026-07-07T09:13:35.056	920	2256	1347	2737	6472	6025	6736	8445	7780	842	29.0	1012.24	51.25	95574	AS7341	flash	5	100	999	10
2026-07-07T09:13:37.063	919	2255	1346	2736	6470	6023	6734	8443	7778	841	29.01	1012.22	51.31	95683	AS7341	flash	5	100	999	10
2026-07-07T09:13:38.964	920	2255	1346	2735	6467	6020	6732	8442	7777	841	29.03	1012.26	51.32	94419	AS7341	flash	5	100	999	10
2026-07-07T09:13:40.976	920	2257	1347	2735	6468	6021	6732	8443	7777	841	29.03	1012.22	51.41	95683	AS7341	flash	5	100	999	10
2026-07-07T09:13:42.991	920	2257	1346	2735	6468	6020	6732	8442	7777	841	29.03	1012.25	51.47	95248	AS7341	flash	5	100	999	10
2026-07-07T09:13:44.999	920	2257	1347	2735	6465	6018	6728	8437	7773	841	29.03	1012.23	51.37	94817	AS7341	flash	5	100	999	10
2026-07-07T09:13:47.012	919	2257	1347	2735	6465	6017	6726	8434	7773	841	29.04	1012.25	51.24	95465	AS7341	flash	5	100	999	10
2026-07-07T09:13:49.028	919	2257	1346	2734	6463	6016	6725	8433	7771	841	29.05	1012.28	51.15	95356	AS7341	flash	5	100	999	10
2026-07-07T09:13:51.037	919	2257	1347	2734	6463	6015	6725	8434	7771	841	29.05	1012.24	51.16	95574	AS7341	flash	5	100	999	10
2026-07-07T09:13:53.043	920	2258	1347	2735	6464	6016	6726	8433	7773	841	29.05	1012.24	51.14	95574	AS7341	flash	5	100	999	10
2026-07-07T09:13:55.055	919	2259	1347	2734	6463	6015	6724	8432	7771	841	29.06	1012.23	51.09	95683	AS7341	flash	5	100	999	10
2026-07-07T09:13:56.972	919	2258	1347	2733	6459	6012	6721	8429	7766	840	29.07	1012.24	51.1	94313	AS7341	flash	5	100	999	10
2026-07-07T09:13:58.982	919	2258	1347	2733	6460	6012	6722	8431	7769	840	29.07	1012.25	51.17	95248	AS7341	flash	5	100	999	10
2026-07-07T09:14:00.997	920	2258	1347	2733	6460	6012	6722	8431	7769	840	29.07	1012.25	51.3	95356	AS7341	flash	5	100	999	10
2026-07-07T09:14:03.010	919	2259	1347	2733	6458	6010	6720	8429	7766	840	29.09	1012.25	51.34	95248	AS7341	flash	5	100	999	10
2026-07-07T09:14:05.029	919	2260	1347	2733	6458	6010	6718	8426	7766	840	29.09	1012.25	51.31	95356	AS7341	flash	5	100	999	10
2026-07-07T09:14:07.041	919	2260	1347	2733	6458	6010	6719	8425	7766	840	29.09	1012.28	51.19	95356	AS7341	flash	5	100	999	10
2026-07-07T09:14:09.047	919	2260	1347	2733	6459	6009	6717	8422	7765	840	29.1	1012.25	51.04	95140	AS7341	flash	5	100	999	10
2026-07-07T09:14:11.058	919	2261	1348	2734	6458	6009	6715	8418	7764	840	29.1	1012.26	50.87	94525	AS7341	flash	5	100	999	10
2026-07-07T09:14:12.960	919	2261	1348	2733	6456	6006	6711	8413	7761	840	29.12	1012.27	50.71	94632	AS7341	flash	5	100	999	10
2026-07-07T09:14:14.970	919	2261	1347	2733	6457	6008	6714	8415	7763	840	29.11	1012.26	50.6	94206	AS7341	flash	5	100	999	10
2026-07-07T09:14:16.988	919	2261	1348	2733	6458	6009	6715	8419	7765	840	29.12	1012.27	50.64	95465	AS7341	flash	5	100	999	10
2026-07-07T09:14:19.008	919	2260	1347	2733	6456	6007	6714	8418	7762	840	29.12	1012.23	50.8	95248	AS7341	flash	5	100	999	10
2026-07-07T09:14:21.035	919	2261	1347	2733	6457	6008	6715	8421	7764	840	29.13	1012.26	50.98	94817	AS7341	flash	5	100	999	10
2026-07-07T09:14:23.044	919	2260	1347	2732	6455	6007	6715	8420	7763	840	29.13	1012.26	51.14	94924	AS7341	flash	5	100	999	10
2026-07-07T09:14:25.064	919	2261	1348	2732	6454	6006	6713	8418	7761	840	29.13	1012.24	51.18	95248	AS7341	flash	5	100	999	10
2026-07-07T09:14:26.975	919	2261	1348	2732	6453	6004	6711	8416	7760	839	29.15	1012.21	51.13	95574	AS7341	flash	5	100	999	10
2026-07-07T09:14:28.999	919	2261	1348	2732	6454	6005	6713	8417	7761	840	29.15	1012.27	51.11	95248	AS7341	flash	5	100	999	10
2026-07-07T09:14:31.020	919	2261	1348	2732	6453	6004	6710	8414	7759	839	29.15	1012.26	51.08	95032	AS7341	flash	5	100	999	10
2026-07-07T09:14:33.037	919	2262	1348	2732	6451	6002	6708	8411	7758	839	29.15	1012.27	51.04	94817	AS7341	flash	5	100	999	10
2026-07-07T09:14:35.060	919	2262	1348	2732	6453	6003	6709	8412	7759	839	29.16	1012.24	50.95	95356	AS7341	flash	5	100	999	10
2026-07-07T09:14:36.968	919	2262	1349	2732	6452	6003	6707	8409	7758	839	29.16	1012.23	50.85	94525	AS7341	flash	5	100	999	10
2026-07-07T09:14:38.977	919	2262	1348	2731	6452	6002	6706	8407	7757	839	29.16	1012.25	50.76	95683	AS7341	flash	5	100	999	10
2026-07-07T09:14:40.991	918	2263	1348	2732	6453	6004	6708	8409	7759	839	29.16	1012.24	50.66	95140	AS7341	flash	5	100	999	10
2026-07-07T09:14:43.006	919	2262	1349	2732	6454	6005	6709	8411	7759	839	29.16	1012.23	50.63	95032	AS7341	flash	5	100	999	10
2026-07-07T09:14:45.025	918	2261	1348	2732	6455	6006	6710	8411	7761	839	29.17	1012.27	50.66	95140	AS7341	flash	5	100	999	10
2026-07-07T09:14:47.035	919	2261	1348	2733	6457	6007	6713	8414	7762	839	29.17	1012.25	50.66	95032	AS7341	flash	5	100	999	10
2026-07-07T09:14:49.057	919	2261	1348	2733	6458	6010	6716	8418	7765	839	29.17	1012.28	50.74	95574	AS7341	flash	5	100	999	10
2026-07-07T09:14:51.069	919	2260	1348	2733	6459	6011	6717	8419	7765	839	29.17	1012.25	50.79	94709	AS7341	flash	5	100	999	10
2026-07-07T09:14:52.985	919	2259	1348	2733	6458	6011	6717	8419	7765	839	29.17	1012.25	50.8	94472	AS7341	flash	5	100	999	10
2026-07-07T09:14:54.991	919	2259	1348	2734	6463	6016	6723	8425	7770	840	29.16	1012.23	50.81	95248	AS7341	flash	5	100	999	10
2026-07-07T09:14:57.000	919	2260	1348	2735	6463	6016	6723	8426	7770	840	29.16	1012.26	50.8	94924	AS7341	flash	5	100	999	10
2026-07-07T09:14:59.004	919	2258	1348	2734	6464	6016	6724	8427	7771	840	29.16	1012.23	50.8	95032	AS7341	flash	5	100	999	10
2026-07-07T09:15:01.014	919	2259	1348	2735	6465	6019	6726	8429	7773	840	29.16	1012.28	50.78	94924	AS7341	flash	5	100	999	10
2026-07-07T09:15:03.029	919	2258	1348	2735	6466	6019	6727	8428	7773	840	29.16	1012.21	50.74	95248	AS7341	flash	5	100	999	10
2026-07-07T09:15:05.052	919	2258	1348	2736	6466	6020	6727	8429	7773	840	29.16	1012.24	50.67	95140	AS7341	flash	5	100	999	10
2026-07-07T09:15:06.966	919	2258	1348	2736	6468	6021	6729	8430	7775	840	29.17	1012.26	50.58	94632	AS7341	flash	5	100	999	10
2026-07-07T09:15:08.984	920	2258	1348	2737	6471	6024	6732	8434	7778	841	29.16	1012.25	50.54	95140	AS7341	flash	5	100	999	10
2026-07-07T09:15:10.999	920	2257	1348	2737	6472	6025	6733	8435	7778	841	29.16	1012.28	50.52	95356	AS7341	flash	5	100	999	10
2026-07-07T09:15:13.024	919	2257	1348	2737	6470	6024	6732	8433	7778	841	29.16	1012.22	50.5	95465	AS7341	flash	5	100	999	10
2026-07-07T09:15:15.035	920	2257	1348	2737	6472	6026	6735	8437	7779	841	29.16	1012.27	50.5	95248	AS7341	flash	5	100	999	10
2026-07-07T09:15:17.052	920	2256	1348	2737	6472	6026	6735	8437	7779	841	29.15	1012.24	50.53	95465	AS7341	flash	5	100	999	10
2026-07-07T09:15:18.966	919	2256	1348	2736	6471	6025	6734	8435	7778	841	29.16	1012.26	50.53	94154	AS7341	flash	5	100	999	10
2026-07-07T09:15:20.984	920	2256	1348	2738	6474	6029	6738	8440	7782	841	29.15	1012.27	50.46	95683	AS7341	flash	5	100	999	10
2026-07-07T09:15:22.993	919	2256	1348	2737	6475	6029	6738	8440	7783	841	29.15	1012.24	50.5	95032	AS7341	flash	5	100	999	10
2026-07-07T09:15:25.005	920	2256	1348	2738	6475	6029	6737	8439	7782	841	29.14	1012.24	50.42	95465	AS7341	flash	5	100	999	10
2026-07-07T09:15:27.015	920	2256	1348	2738	6476	6030	6738	8438	7782	841	29.14	1012.28	50.32	94632	AS7341	flash	5	100	999	10
2026-07-07T09:15:29.023	920	2255	1348	2739	6476	6030	6738	8438	7782	841	29.14	1012.28	50.23	94739	AS7341	flash	5	100	999	10
2026-07-07T09:15:31.034	920	2255	1348	2739	6478	6033	6741	8441	7785	841	29.14	1012.25	50.18	95465	AS7341	flash	5	100	999	10
2026-07-07T09:15:33.058	920	2255	1348	2740	6479	6034	6742	8443	7786	841	29.13	1012.24	50.19	94472	AS7341	flash	5	100	999	10
2026-07-07T09:15:34.967	920	2254	1348	2738	6479	6033	6742	8441	7786	841	29.14	1012.27	50.18	94847	AS7341	flash	5	100	999	10
2026-07-07T09:15:36.983	920	2254	1348	2739	6479	6034	6743	8442	7786	841	29.13	1012.26	50.19	94419	AS7341	flash	5	100	999	10
2026-07-07T09:15:39.004	920	2254	1347	2740	6481	6036	6744	8443	7787	842	29.12	1012.24	50.18	94739	AS7341	flash	5	100	999	10
2026-07-07T09:15:41.015	920	2254	1348	2741	6483	6037	6745	8445	7789	842	29.12	1012.27	50.15	94259	AS7341	flash	5	100	999	10
2026-07-07T09:15:43.031	920	2253	1347	2740	6482	6036	6745	8444	7788	842	29.12	1012.26	50.12	95683	AS7341	flash	5	100	999	10
2026-07-07T09:15:45.039	920	2253	1347	2740	6484	6039	6748	8448	7791	842	29.12	1012.25	50.11	94739	AS7341	flash	5	100	999	10
2026-07-07T09:15:47.048	920	2253	1347	2740	6485	6040	6748	8449	7792	842	29.11	1012.25	50.11	94101	AS7341	flash	5	100	999	10
2026-07-07T09:15:49.063	920	2253	1347	2740	6484	6039	6748	8448	7791	842	29.11	1012.27	50.12	94313	AS7341	flash	5	100	999	10
2026-07-07T09:15:50.963	920	2252	1347	2740	6484	6039	6747	8446	7790	842	29.13	1012.27	50.11	95496	AS7341	flash	5	100	999	10
2026-07-07T09:15:52.974	920	2253	1348	2741	6486	6041	6749	8447	7791	842	29.11	1012.21	50.02	94739	AS7341	flash	5	100	999	10
2026-07-07T09:15:54.997	920	2253	1347	2742	6488	6043	6751	8449	7794	842	29.11	1012.23	49.91	95278	AS7341	flash	5	100	999	10
2026-07-07T09:15:57.012	920	2252	1347	2741	6489	6043	6751	8450	7795	842	29.1	1012.21	49.82	95224	AS7341	flash	5	100	999	10
2026-07-07T09:15:59.022	920	2252	1348	2742	6490	6046	6755	8453	7797	842	29.11	1012.24	49.85	94632	AS7341	flash	5	100	999	10
2026-07-07T09:16:01.039	920	2252	1347	2742	6490	6045	6755	8453	7796	842	29.1	1012.25	49.91	94525	AS7341	flash	5	100	999	10
2026-07-07T09:16:03.047	920	2251	1347	2742	6492	6047	6757	8457	7798	842	29.1	1012.23	49.99	94525	AS7341	flash	5	100	999	10
2026-07-07T09:16:05.064	920	2251	1347	2742	6493	6049	6760	8461	7800	843	29.1	1012.24	50.11	94686	AS7341	flash	5	100	999	10
2026-07-07T09:16:06.972	920	2250	1347	2741	6490	6047	6757	8458	7798	842	29.1	1012.23	50.23	95332	AS7341	flash	5	100	999	10
2026-07-07T09:16:08.994	920	2250	1347	2742	6492	6048	6758	8458	7799	843	29.1	1012.26	50.26	94472	AS7341	flash	5	100	999	10
2026-07-07T09:16:11.007	920	2251	1347	2742	6493	6048	6759	8459	7800	843	29.1	1012.29	50.19	94954	AS7341	flash	5	100	999	10
2026-07-07T09:16:13.021	920	2250	1347	2742	6491	6047	6758	8459	7799	842	29.09	1012.24	50.14	94419	AS7341	flash	5	100	999	10
2026-07-07T09:16:15.039	921	2250	1347	2742	6493	6050	6762	8464	7801	843	29.09	1012.25	50.18	94472	AS7341	flash	5	100	999	10
2026-07-07T09:16:17.048	921	2249	1347	2742	6494	6051	6765	8468	7803	843	29.08	1012.24	50.3	94154	AS7341	flash	5	100	999	10
2026-07-07T09:16:18.960	920	2248	1346	2740	6491	6049	6762	8466	7801	843	29.09	1012.24	50.46	94259	AS7341	flash	5	100	999	10
2026-07-07T09:16:20.978	920	2248	1347	2741	6493	6051	6764	8468	7802	843	29.09	1012.25	50.52	94419	AS7341	flash	5	100	999	10
2026-07-07T09:16:22.981	921	2249	1347	2742	6495	6052	6767	8472	7805	843	29.08	1012.23	50.52	94419	AS7341	flash	5	100	999	10
2026-07-07T09:16:24.997	921	2249	1347	2742	6494	6052	6766	8470	7804	843	29.08	1012.25	50.54	94154	AS7341	flash	5	100	999	10
2026-07-07T09:16:27.006	921	2249	1347	2743	6495	6053	6766	8470	7805	843	29.08	1012.27	50.49	94366	AS7341	flash	5	100	999	10
2026-07-07T09:16:29.013	920	2249	1347	2742	6494	6051	6764	8467	7802	843	29.07	1012.24	50.36	94313	AS7341	flash	5	100	999	10
2026-07-07T09:16:31.022	921	2249	1347	2742	6494	6051	6763	8464	7801	843	29.06	1012.27	50.21	94525	AS7341	flash	5	100	999	10
2026-07-07T09:16:33.030	921	2250	1347	2743	6496	6052	6763	8464	7802	843	29.06	1012.25	50.08	94847	AS7341	flash	5	100	999	10
2026-07-07T09:16:35.051	920	2250	1347	2743	6494	6050	6761	8460	7800	843	29.05	1012.24	49.97	94739	AS7341	flash	5	100	999	10
2026-07-07T09:16:37.063	921	2250	1347	2743	6496	6053	6763	8463	7803	843	29.05	1012.24	49.88	94847	AS7341	flash	5	100	999	10
2026-07-07T09:16:38.976	920	2249	1347	2742	6494	6050	6761	8459	7799	843	29.06	1012.26	49.85	95332	AS7341	flash	5	100	999	10
2026-07-07T09:16:40.994	920	2249	1346	2742	6496	6052	6763	8463	7801	843	29.04	1012.26	49.85	95224	AS7341	flash	5	100	999	10
2026-07-07T09:16:43.009	921	2249	1347	2743	6498	6054	6765	8465	7804	843	29.04	1012.27	49.91	95062	AS7341	flash	5	100	999	10
2026-07-07T09:16:45.019	920	2249	1347	2743	6498	6054	6766	8465	7804	843	29.04	1012.26	49.93	95714	AS7341	flash	5	100	999	10
2026-07-07T09:16:47.035	921	2249	1347	2744	6498	6055	6766	8466	7804	843	29.03	1012.23	49.96	95683	AS7341	flash	5	100	999	10
2026-07-07T09:16:49.057	920	2248	1346	2744	6499	6055	6766	8466	7805	843	29.03	1012.24	49.96	94472	AS7341	flash	5	100	999	10
2026-07-07T09:16:51.067	921	2248	1346	2743	6499	6056	6767	8467	7805	843	29.03	1012.26	49.93	94900	AS7341	flash	5	100	999	10
2026-07-07T09:16:52.973	920	2248	1346	2743	6497	6055	6766	8466	7804	843	29.04	1012.27	49.98	95278	AS7341	flash	5	100	999	10
2026-07-07T09:16:54.985	921	2248	1347	2744	6501	6058	6770	8470	7808	843	29.03	1012.23	50.0	94900	AS7341	flash	5	100	999	10
2026-07-07T09:16:56.994	921	2248	1346	2744	6502	6059	6771	8471	7808	843	29.02	1012.23	49.98	94954	AS7341	flash	5	100	999	10
2026-07-07T09:16:59.006	921	2248	1347	2745	6502	6059	6770	8470	7808	844	29.02	1012.24	49.98	95278	AS7341	flash	5	100	999	10
2026-07-07T09:17:01.027	921	2249	1347	2745	6506	6061	6774	8473	7811	844	29.01	1012.24	49.92	94900	AS7341	flash	5	100	999	10
2026-07-07T09:17:03.040	921	2248	1347	2745	6502	6059	6770	8469	7807	843	29.02	1012.23	49.88	95008	AS7341	flash	5	100	999	10
2026-07-07T09:17:05.049	921	2248	1347	2745	6503	6060	6772	8471	7809	844	29.01	1012.23	49.84	95062	AS7341	flash	5	100	999	10
2026-07-07T09:17:06.964	921	2248	1347	2744	6502	6059	6770	8467	7807	843	29.02	1012.27	49.79	95605	AS7341	flash	5	100	999	10
2026-07-07T09:17:08.972	921	2248	1347	2745	6503	6059	6770	8468	7807	843	29.02	1012.28	49.75	95550	AS7341	flash	5	100	999	10
2026-07-07T09:17:10.982	921	2248	1346	2745	6504	6061	6772	8470	7809	844	29.02	1012.25	49.75	95441	AS7341	flash	5	100	999	10
2026-07-07T09:17:12.992	921	2247	1346	2745	6503	6059	6770	8468	7807	843	29.01	1012.26	49.76	95278	AS7341	flash	5	100	999	10
2026-07-07T09:17:15.005	921	2248	1347	2746	6506	6062	6773	8470	7810	844	29.0	1012.24	49.75	95387	AS7341	flash	5	100	999	10
2026-07-07T09:17:17.014	920	2247	1346	2745	6505	6061	6771	8469	7808	843	29.0	1012.23	49.72	95278	AS7341	flash	5	100	999	10
2026-07-07T09:17:19.027	921	2247	1346	2745	6504	6061	6771	8468	7808	844	29.01	1012.27	49.66	95714	AS7341	flash	5	100	999	10
2026-07-07T09:17:21.045	921	2246	1346	2745	6505	6062	6772	8467	7808	843	29.0	1012.23	49.63	95332	AS7341	flash	5	100	999	10
2026-07-07T09:17:23.058	921	2247	1346	2746	6507	6064	6773	8470	7810	844	29.0	1012.22	49.59	95496	AS7341	flash	5	100	999	10
2026-07-07T09:17:24.971	921	2246	1346	2746	6506	6062	6772	8467	7809	843	29.01	1012.26	49.55	96098	AS7341	flash	5	100	999	10
2026-07-07T09:17:26.980	921	2248	1347	2747	6509	6065	6775	8471	7812	844	29.0	1012.23	49.51	95769	AS7341	flash	5	100	999	10
2026-07-07T09:17:29.002	921	2246	1346	2746	6507	6064	6774	8470	7810	844	29.0	1012.23	49.5	95278	AS7341	flash	5	100	999	10
2026-07-07T09:17:31.012	921	2246	1346	2747	6509	6067	6778	8475	7813	844	28.99	1012.24	49.59	95224	AS7341	flash	5	100	999	10
2026-07-07T09:17:33.036	921	2245	1346	2746	6510	6067	6781	8479	7816	844	28.99	1012.23	49.76	95170	AS7341	flash	5	100	999	10
2026-07-07T09:17:35.057	921	2245	1346	2747	6512	6070	6783	8483	7818	844	28.99	1012.21	49.93	94525	AS7341	flash	5	100	999	10
2026-07-07T09:17:36.961	921	2245	1346	2746	6510	6068	6781	8479	7815	844	29.0	1012.2	50.0	95550	AS7341	flash	5	100	999	10
2026-07-07T09:17:38.986	921	2246	1347	2747	6511	6069	6783	8482	7816	844	28.99	1012.24	50.0	95550	AS7341	flash	5	100	999	10
2026-07-07T09:17:41.006	921	2244	1346	2745	6510	6069	6783	8483	7817	844	28.99	1012.23	50.04	94900	AS7341	flash	5	100	999	10
2026-07-07T09:17:43.020	921	2244	1346	2746	6511	6069	6784	8484	7817	844	28.99	1012.27	50.09	94793	AS7341	flash	5	100	999	10
2026-07-07T09:17:45.039	921	2244	1346	2746	6511	6070	6783	8483	7817	844	28.98	1012.23	50.09	95441	AS7341	flash	5	100	999	10
2026-07-07T09:17:47.048	921	2244	1346	2746	6510	6068	6782	8482	7815	844	28.99	1012.25	50.0	95714	AS7341	flash	5	100	999	10
2026-07-07T09:17:49.062	921	2245	1346	2746	6511	6069	6783	8483	7816	844	28.99	1012.25	49.96	95278	AS7341	flash	5	100	999	10
2026-07-07T09:17:50.973	921	2244	1346	2746	6510	6069	6783	8483	7816	844	28.99	1012.23	49.98	95988	AS7341	flash	5	100	999	10
2026-07-07T09:17:52.984	921	2244	1346	2746	6511	6069	6784	8484	7817	844	28.99	1012.27	50.02	95278	AS7341	flash	5	100	999	10
2026-07-07T09:17:54.997	921	2244	1346	2746	6511	6071	6786	8488	7818	845	28.98	1012.23	50.05	95116	AS7341	flash	5	100	999	10
2026-07-07T09:17:57.018	921	2243	1346	2746	6511	6071	6787	8490	7818	845	28.98	1012.26	50.19	95008	AS7341	flash	5	100	999	10
2026-07-07T09:17:59.032	921	2243	1346	2745	6511	6072	6789	8493	7819	845	28.98	1012.27	50.32	94632	AS7341	flash	5	100	999	10
2026-07-07T09:18:01.052	921	2243	1345	2745	6512	6072	6791	8497	7821	845	28.98	1012.29	50.48	94579	AS7341	flash	5	100	999	10
2026-07-07T09:18:03.066	921	2243	1346	2746	6513	6073	6793	8499	7823	845	28.97	1012.22	50.57	94525	AS7341	flash	5	100	999	10
2026-07-07T09:18:04.981	921	2243	1346	2745	6511	6072	6791	8497	7821	845	28.98	1012.22	50.61	95170	AS7341	flash	5	100	999	10
2026-07-07T09:18:07.000	921	2243	1345	2745	6510	6071	6790	8496	7820	845	28.96	1012.22	50.61	94739	AS7341	flash	5	100	999	10
2026-07-07T09:18:09.011	921	2243	1346	2745	6511	6071	6791	8497	7821	845	28.97	1012.22	50.59	94313	AS7341	flash	5	100	999	10
2026-07-07T09:18:11.019	921	2244	1346	2745	6510	6070	6787	8493	7818	845	28.97	1012.22	50.48	94686	AS7341	flash	5	100	999	10
2026-07-07T09:18:13.042	921	2244	1346	2745	6510	6068	6785	8489	7816	845	28.96	1012.23	50.32	94739	AS7341	flash	5	100	999	10
2026-07-07T09:18:15.050	921	2244	1346	2745	6508	6067	6784	8486	7815	844	28.96	1012.25	50.13	95441	AS7341	flash	5	100	999	10
2026-07-07T09:18:17.055	921	2244	1346	2745	6509	6068	6784	8486	7816	844	28.96	1012.21	49.99	95332	AS7341	flash	5	100	999	10
2026-07-07T09:18:18.953	921	2244	1346	2744	6509	6068	6784	8487	7815	844	28.96	1012.22	49.93	96043	AS7341	flash	5	100	999	10
2026-07-07T09:18:20.964	921	2243	1346	2745	6511	6070	6788	8492	7818	845	28.96	1012.25	50.01	95387	AS7341	flash	5	100	999	10
2026-07-07T09:18:22.981	921	2243	1345	2745	6511	6071	6790	8494	7819	845	28.95	1012.23	50.15	95170	AS7341	flash	5	100	999	10
2026-07-07T09:18:24.988	921	2243	1346	2745	6510	6071	6789	8494	7819	845	28.95	1012.22	50.28	94847	AS7341	flash	5	100	999	10
2026-07-07T09:18:27.010	921	2243	1346	2745	6511	6072	6790	8496	7820	845	28.94	1012.23	50.34	94525	AS7341	flash	5	100	999	10
2026-07-07T09:18:29.026	921	2243	1346	2745	6511	6071	6788	8494	7819	845	28.94	1012.21	50.31	95224	AS7341	flash	5	100	999	10
2026-07-07T09:18:31.048	922	2244	1346	2746	6512	6071	6790	8495	7820	845	28.93	1012.23	50.23	94793	AS7341	flash	5	100	999	10
2026-07-07T09:18:32.961	921	2243	1345	2744	6508	6068	6787	8491	7816	844	28.94	1012.22	50.22	95441	AS7341	flash	5	100	999	10
2026-07-07T09:18:34.969	921	2243	1346	2744	6510	6070	6789	8494	7818	845	28.93	1012.23	50.25	94632	AS7341	flash	5	100	999	10
2026-07-07T09:18:36.986	921	2242	1345	2744	6511	6071	6790	8497	7819	845	28.93	1012.26	50.35	94366	AS7341	flash	5	100	999	10
2026-07-07T09:18:38.996	921	2243	1345	2745	6511	6071	6792	8500	7820	845	28.93	1012.25	50.44	95769	AS7341	flash	5	100	999	10
2026-07-07T09:18:41.014	921	2242	1345	2744	6510	6072	6793	8500	7820	845	28.92	1012.23	50.56	94579	AS7341	flash	5	100	999	10
2026-07-07T09:18:43.020	921	2242	1345	2744	6508	6069	6790	8497	7817	845	28.92	1012.23	50.61	94632	AS7341	flash	5	100	999	10
2026-07-07T09:18:45.041	921	2242	1345	2744	6510	6071	6791	8500	7820	845	28.92	1012.22	50.62	95170	AS7341	flash	5	100	999	10
2026-07-07T09:18:47.048	921	2242	1345	2744	6509	6069	6790	8497	7818	845	28.92	1012.27	50.59	95683	AS7341	flash	5	100	999	10
2026-07-07T09:18:49.062	921	2243	1346	2744	6511	6072	6792	8499	7821	845	28.91	1012.25	50.47	95008	AS7341	flash	5	100	999	10
2026-07-07T09:18:50.961	921	2243	1345	2744	6508	6069	6788	8494	7817	845	28.91	1012.24	50.37	95605	AS7341	flash	5	100	999	10
2026-07-07T09:18:52.975	921	2243	1346	2744	6510	6070	6790	8497	7819	845	28.9	1012.25	50.3	95224	AS7341	flash	5	100	999	10
2026-07-07T09:18:54.993	921	2242	1345	2744	6507	6068	6787	8493	7816	844	28.89	1012.26	50.31	95170	AS7341	flash	5	100	999	10
2026-07-07T09:18:57.001	921	2243	1346	2744	6511	6072	6792	8500	7821	845	28.89	1012.25	50.29	94900	AS7341	flash	5	100	999	10
2026-07-07T09:18:59.013	921	2242	1345	2744	6508	6069	6789	8497	7817	845	28.89	1012.24	50.38	95008	AS7341	flash	5	100	999	10
2026-07-07T09:19:01.021	921	2243	1345	2744	6509	6070	6792	8500	7819	845	28.89	1012.22	50.49	94419	AS7341	flash	5	100	999	10
2026-07-07T09:19:03.038	921	2243	1345	2744	6506	6068	6788	8495	7815	844	28.87	1012.25	50.52	95062	AS7341	flash	5	100	999	10
2026-07-07T09:19:05.061	921	2243	1345	2744	6509	6069	6788	8496	7817	845	28.87	1012.26	50.43	94686	AS7341	flash	5	100	999	10
2026-07-07T09:19:06.959	921	2242	1345	2742	6504	6065	6784	8488	7812	844	28.88	1012.24	50.33	95878	AS7341	flash	5	100	999	10
2026-07-07T09:19:08.973	921	2243	1345	2743	6507	6068	6786	8491	7815	844	28.87	1012.25	50.21	95550	AS7341	flash	5	100	999	10
2026-07-07T09:19:10.991	921	2243	1345	2743	6507	6066	6785	8489	7813	844	28.86	1012.22	50.11	95605	AS7341	flash	5	100	999	10
2026-07-07T09:19:13.009	921	2243	1345	2743	6509	6069	6788	8492	7816	845	28.85	1012.24	50.06	95008	AS7341	flash	5	100	999	10
2026-07-07T09:19:15.021	921	2244	1345	2744	6509	6068	6787	8491	7816	844	28.85	1012.22	50.06	95062	AS7341	flash	5	100	999	10
2026-07-07T09:19:17.029	921	2244	1345	2744	6509	6069	6786	8489	7816	844	28.84	1012.22	50.0	94847	AS7341	flash	5	100	999	10
2026-07-07T09:19:19.042	921	2243	1345	2744	6511	6070	6787	8491	7816	845	28.85	1012.22	49.96	95278	AS7341	flash	5	100	999	10
2026-07-07T09:19:21.058	922	2245	1346	2746	6513	6072	6790	8492	7820	845	28.85	1012.25	49.91	95769	AS7341	flash	5	100	999	10
2026-07-07T09:19:22.958	921	2243	1345	2744	6508	6068	6784	8485	7814	844	28.84	1012.24	49.86	96486	AS7341	flash	5	100	999	10
2026-07-07T09:19:24.968	921	2244	1345	2745	6510	6070	6786	8487	7815	844	28.84	1012.25	49.82	96043	AS7341	flash	5	100	999	10
2026-07-07T09:19:26.978	921	2244	1346	2745	6512	6071	6787	8489	7817	845	28.84	1012.23	49.82	95659	AS7341	flash	5	100	999	10
2026-07-07T09:19:28.991	921	2243	1345	2745	6512	6071	6788	8489	7817	845	28.83	1012.22	49.8	95714	AS7341	flash	5	100	999	10
2026-07-07T09:19:31.007	921	2243	1345	2744	6512	6072	6788	8489	7817	845	28.83	1012.21	49.8	95605	AS7341	flash	5	100	999	10
2026-07-07T09:19:33.023	921	2243	1345	2746	6514	6073	6789	8490	7818	845	28.83	1012.21	49.8	95496	AS7341	flash	5	100	999	10
2026-07-07T09:19:35.037	921	2242	1345	2745	6512	6072	6788	8485	7811	844	28.83	1012.24	49.79	95823	AS7341	flash	5	100	999	10
2026-07-07T09:19:37.044	920	2242	1345	2744	6510	6070	6786	8484	7812	844	28.83	1012.26	49.77	95496	AS7341	flash	5	100	999	10
2026-07-07T09:19:39.057	921	2242	1345	2744	6511	6071	6786	8486	7811	844	28.82	1012.25	49.82	95441	AS7341	flash	5	100	999	10
2026-07-07T09:19:40.967	920	2241	1345	2744	6512	6071	6788	8488	7813	844	28.84	1012.25	49.9	95823	AS7341	flash	5	100	999	10
2026-07-07T09:19:42.987	921	2243	1346	2745	6513	6073	6789	8489	7815	844	28.83	1012.25	49.99	95878	AS7341	flash	5	100	999	10
2026-07-07T09:19:44.995	921	2244	1346	2746	6513	6071	6787	8485	7816	845	28.83	1012.24	49.99	95496	AS7341	flash	5	100	999	10
2026-07-07T09:19:47.020	921	2243	1345	2745	6511	6070	6786	8485	7815	844	28.83	1012.26	49.98	95496	AS7341	flash	5	100	999	10
2026-07-07T09:19:49.035	921	2243	1345	2744	6513	6071	6786	8486	7816	844	28.83	1012.24	49.97	95170	AS7341	flash	5	100	999	10
2026-07-07T09:19:51.055	921	2244	1345	2745	6510	6068	6783	8481	7813	845	28.83	1012.24	49.96	95714	AS7341	flash	5	100	999	10
2026-07-07T09:19:52.969	921	2244	1345	2744	6509	6067	6782	8481	7813	844	28.85	1012.23	49.97	95933	AS7341	flash	5	100	999	10
2026-07-07T09:19:54.977	921	2245	1346	2744	6509	6067	6783	8481	7813	844	28.84	1012.22	50.05	95605	AS7341	flash	5	100	999	10
2026-07-07T09:19:56.986	921	2245	1345	2744	6506	6063	6779	8481	7809	844	28.85	1012.21	50.16	95605	AS7341	flash	5	100	999	10
2026-07-07T09:19:59.008	920	2245	1345	2743	6505	6064	6779	8480	7809	844	28.84	1012.22	50.27	95496	AS7341	flash	5	100	999	10
2026-07-07T09:20:01.018	920	2245	1345	2742	6503	6062	6777	8479	7807	844	28.85	1012.22	50.36	94739	AS7341	flash	5	100	999	10
2026-07-07T09:20:03.035	920	2245	1345	2742	6503	6060	6776	8477	7806	844	28.85	1012.24	50.45	94847	AS7341	flash	5	100	999	10
2026-07-07T09:20:05.044	920	2246	1345	2741	6500	6059	6773	8474	7804	844	28.85	1012.22	50.44	95062	AS7341	flash	5	100	999	10
2026-07-07T09:20:07.066	920	2247	1346	2742	6501	6058	6772	8472	7805	844	28.85	1012.22	50.36	94900	AS7341	flash	5	100	999	10
2026-07-07T09:20:08.970	920	2247	1345	2741	6498	6056	6768	8467	7801	843	28.87	1012.25	50.28	96043	AS7341	flash	5	100	999	10
2026-07-07T09:20:10.989	920	2248	1346	2742	6498	6056	6768	8465	7800	843	28.87	1012.25	50.23	95878	AS7341	flash	5	100	999	10
2026-07-07T09:20:12.997	920	2248	1346	2741	6497	6054	6766	8463	7799	843	28.86	1012.21	50.18	94632	AS7341	flash	5	100	999	10
2026-07-07T09:20:15.014	920	2249	1346	2741	6496	6053	6764	8462	7799	843	28.86	1012.22	50.15	95714	AS7341	flash	5	100	999	10
2026-07-07T09:20:17.031	920	2249	1346	2741	6495	6052	6764	8460	7797	842	28.87	1012.22	50.15	94632	AS7341	flash	5	100	999	10
2026-07-07T09:20:19.041	921	2249	1346	2742	6495	6052	6764	8459	7797	842	28.86	1012.23	50.13	95278	AS7341	flash	5	100	999	10
2026-07-07T09:20:21.058	920	2250	1346	2741	6495	6052	6762	8459	7797	843	28.87	1012.22	50.11	95387	AS7341	flash	5	100	999	10
2026-07-07T09:20:23.065	920	2249	1346	2740	6493	6049	6759	8455	7794	842	28.88	1012.21	50.1	95441	AS7341	flash	5	100	999	10
2026-07-07T09:20:24.972	919	2250	1346	2741	6492	6048	6758	8452	7793	842	28.9	1012.22	50.09	95933	AS7341	flash	5	100	999	10
2026-07-07T09:20:26.985	920	2250	1346	2741	6491	6047	6756	8450	7790	842	28.89	1012.2	50.07	94954	AS7341	flash	5	100	999	10
2026-07-07T09:20:29.001	920	2252	1346	2742	6492	6048	6757	8451	7792	842	28.89	1012.2	50.05	95496	AS7341	flash	5	100	999	10
2026-07-07T09:20:31.026	921	2253	1347	2741	6492	6047	6757	8449	7792	842	28.9	1012.23	50.06	95441	AS7341	flash	5	100	999	10
2026-07-07T09:20:33.043	921	2252	1346	2740	6491	6047	6757	8449	7792	842	28.9	1012.23	50.07	94954	AS7341	flash	5	100	999	10
2026-07-07T09:20:35.051	920	2252	1346	2741	6490	6045	6755	8447	7790	842	28.91	1012.22	50.09	94847	AS7341	flash	5	100	999	10
2026-07-07T09:20:36.957	921	2253	1347	2741	6490	6044	6753	8445	7790	842	28.92	1012.23	50.08	96043	AS7341	flash	5	100	999	10
2026-07-07T09:20:38.963	921	2254	1347	2741	6491	6047	6755	8448	7792	842	28.92	1012.24	50.1	95714	AS7341	flash	5	100	999	10
2026-07-07T09:20:40.982	921	2253	1347	2741	6487	6043	6752	8444	7788	841	28.92	1012.23	50.15	94847	AS7341	flash	5	100	999	10
2026-07-07T09:20:43.002	920	2253	1346	2740	6487	6042	6752	8445	7788	841	28.92	1012.24	50.2	94793	AS7341	flash	5	100	999	10
2026-07-07T09:20:45.016	921	2253	1347	2740	6487	6042	6753	8447	7788	842	28.93	1012.23	50.33	94472	AS7341	flash	5	100	999	10
2026-07-07T09:20:47.037	920	2253	1347	2739	6486	6041	6754	8449	7788	842	28.94	1012.24	50.51	94472	AS7341	flash	5	100	999	10
2026-07-07T09:20:49.046	920	2252	1346	2738	6483	6039	6751	8448	7786	841	28.94	1012.25	50.69	94313	AS7341	flash	5	100	999	10
2026-07-07T09:20:50.958	920	2253	1346	2737	6481	6036	6748	8443	7782	841	28.95	1012.22	50.86	94419	AS7341	flash	5	100	999	10
2026-07-07T09:20:52.971	920	2252	1346	2737	6480	6035	6747	8443	7781	841	28.95	1012.22	50.86	94419	AS7341	flash	5	100	999	10
2026-07-07T09:20:54.983	920	2253	1346	2737	6480	6035	6747	8445	7782	841	28.95	1012.24	50.84	94472	AS7341	flash	5	100	999	10
2026-07-07T09:20:56.993	920	2252	1346	2736	6478	6033	6746	8444	7780	841	28.96	1012.26	50.92	95683	AS7341	flash	5	100	999	10
2026-07-07T09:20:59.001	920	2253	1346	2736	6477	6031	6745	8443	7779	841	28.96	1012.25	51.0	95683	AS7341	flash	5	100	999	10
2026-07-07T09:21:01.014	920	2253	1346	2735	6475	6031	6743	8442	7778	841	28.97	1012.26	51.03	95140	AS7341	flash	5	100	999	10
2026-07-07T09:21:03.035	920	2255	1347	2736	6476	6031	6745	8443	7779	841	28.97	1012.26	51.05	95683	AS7341	flash	5	100	999	10
2026-07-07T09:21:05.056	920	2254	1346	2735	6473	6028	6741	8440	7775	840	28.97	1012.23	51.04	95248	AS7341	flash	5	100	999	10
2026-07-07T09:21:07.079	920	2254	1347	2735	6472	6027	6740	8440	7774	840	28.98	1012.23	51.09	95248	AS7341	flash	5	100	999	10
2026-07-07T09:21:08.981	920	2254	1347	2734	6469	6025	6739	8439	7773	840	28.99	1012.26	51.14	95683	AS7341	flash	5	100	999	10
2026-07-07T09:21:10.990	920	2256	1347	2734	6469	6024	6739	8441	7774	840	28.99	1012.25	51.21	94924	AS7341	flash	5	100	999	10
2026-07-07T09:21:13.006	920	2254	1347	2732	6466	6022	6737	8438	7771	841	29.0	1012.23	51.35	95032	AS7341	flash	5	100	999	10
2026-07-07T09:21:15.013	920	2255	1347	2732	6467	6022	6737	8439	7772	840	29.0	1012.23	51.36	95356	AS7341	flash	5	100	999	10
2026-07-07T09:21:17.028	920	2256	1347	2732	6465	6021	6735	8435	7769	840	29.0	1012.25	51.35	95140	AS7341	flash	5	100	999	10
2026-07-07T09:21:19.049	920	2256	1347	2732	6463	6018	6732	8433	7767	840	29.01	1012.25	51.31	95140	AS7341	flash	5	100	999	10
2026-07-07T09:21:21.055	920	2256	1347	2732	6462	6018	6731	8431	7766	840	29.02	1012.25	51.24	95032	AS7341	flash	5	100	999	10
2026-07-07T09:21:23.075	920	2258	1347	2732	6462	6017	6731	8430	7766	840	29.02	1012.27	51.2	95140	AS7341	flash	5	100	999	10
2026-07-07T09:21:24.979	919	2257	1347	2731	6461	6016	6729	8428	7765	839	29.04	1012.25	51.16	95465	AS7341	flash	5	100	999	10
2026-07-07T09:21:26.983	919	2258	1348	2731	6460	6015	6727	8425	7764	839	29.03	1012.21	51.08	95465	AS7341	flash	5	100	999	10
2026-07-07T09:21:28.997	919	2257	1347	2731	6460	6015	6727	8425	7764	839	29.03	1012.23	50.99	95248	AS7341	flash	5	100	999	10
2026-07-07T09:21:31.012	919	2258	1347	2732	6460	6013	6725	8422	7763	839	29.04	1012.25	50.95	95140	AS7341	flash	5	100	999	10
2026-07-07T09:21:33.037	920	2259	1348	2732	6460	6014	6725	8421	7763	839	29.04	1012.22	50.88	95683	AS7341	flash	5	100	999	10
2026-07-07T09:21:35.055	919	2259	1348	2731	6458	6012	6722	8418	7760	839	29.04	1012.23	50.76	95465	AS7341	flash	5	100	999	10
2026-07-07T09:21:37.065	919	2259	1348	2731	6459	6012	6721	8417	7761	839	29.05	1012.24	50.7	95356	AS7341	flash	5	100	999	10
2026-07-07T09:21:39.088	919	2260	1348	2732	6460	6013	6722	8417	7761	840	29.04	1012.22	50.61	95140	AS7341	flash	5	100	999	10
2026-07-07T09:21:40.999	919	2259	1348	2731	6456	6009	6718	8411	7757	840	29.06	1012.25	50.57	94366	AS7341	flash	5	100	999	10
2026-07-07T09:21:43.007	919	2260	1348	2732	6460	6013	6722	8416	7762	840	29.07	1012.27	50.54	94259	AS7341	flash	5	100	999	10
2026-07-07T09:21:45.024	919	2260	1348	2731	6458	6011	6720	8416	7760	840	29.06	1012.25	50.6	95574	AS7341	flash	5	100	999	10
2026-07-07T09:21:47.042	919	2261	1348	2731	6458	6011	6721	8415	7761	839	29.07	1012.26	50.75	95140	AS7341	flash	5	100	999	10
2026-07-07T09:21:49.060	919	2260	1348	2731	6455	6009	6719	8415	7758	838	29.07	1012.25	50.81	95032	AS7341	flash	5	100	999	10
2026-07-07T09:21:51.080	919	2260	1348	2731	6456	6010	6719	8414	7759	840	29.08	1012.26	50.87	95248	AS7341	flash	5	100	999	10
2026-07-07T09:21:53.091	919	2260	1348	2731	6453	6007	6717	8411	7756	839	29.08	1012.24	50.87	95248	AS7341	flash	5	100	999	10
2026-07-07T09:21:55.004	919	2261	1348	2730	6452	6006	6716	8412	7755	838	29.09	1012.27	50.89	94817	AS7341	flash	5	100	999	10
2026-07-07T09:21:57.026	919	2260	1348	2730	6451	6005	6716	8413	7756	838	29.09	1012.23	51.07	94817	AS7341	flash	5	100	999	10
2026-07-07T09:21:59.046	919	2261	1348	2729	6452	6006	6717	8415	7757	838	29.09	1012.27	51.21	95032	AS7341	flash	5	100	999	10
2026-07-07T09:22:01.069	919	2262	1348	2730	6453	6006	6716	8413	7756	839	29.09	1012.28	51.22	94817	AS7341	flash	5	100	999	10
2026-07-07T09:22:03.085	919	2262	1348	2729	6449	6002	6712	8407	7752	838	29.09	1012.23	51.08	94602	AS7341	flash	5	100	999	10
2026-07-07T09:22:04.993	919	2261	1348	2728	6448	6001	6709	8402	7749	839	29.1	1012.25	50.9	95140	AS7341	flash	5	100	999	10
2026-07-07T09:22:07.013	918	2262	1348	2729	6450	6002	6711	8404	7751	839	29.1	1012.25	50.75	94817	AS7341	flash	5	100	999	10
2026-07-07T09:22:09.031	919	2263	1349	2730	6450	6003	6712	8406	7753	839	29.1	1012.25	50.74	95140	AS7341	flash	5	100	999	10
2026-07-07T09:22:11.057	919	2263	1349	2729	6449	6002	6710	8404	7751	839	29.1	1012.26	50.79	94924	AS7341	flash	5	100	999	10
2026-07-07T09:22:13.065	919	2263	1348	2729	6447	6000	6708	8401	7749	839	29.11	1012.25	50.78	95032	AS7341	flash	5	100	999	10
2026-07-07T09:22:15.087	919	2263	1349	2729	6448	6001	6710	8402	7751	839	29.1	1012.23	50.79	94602	AS7341	flash	5	100	999	10
2026-07-07T09:22:16.994	919	2263	1349	2728	6447	5999	6707	8401	7749	838	29.12	1012.25	50.81	95248	AS7341	flash	5	100	999	10
2026-07-07T09:22:18.999	919	2263	1348	2728	6448	6000	6708	8402	7749	839	29.12	1012.25	50.88	95140	AS7341	flash	5	100	999	10
2026-07-07T09:22:21.011	919	2264	1349	2729	6446	5999	6707	8400	7748	839	29.12	1012.26	50.87	94602	AS7341	flash	5	100	999	10
2026-07-07T09:22:23.024	919	2264	1349	2729	6446	5999	6707	8402	7749	838	29.13	1012.25	50.89	94602	AS7341	flash	5	100	999	10
2026-07-07T09:22:25.043	919	2264	1349	2728	6445	5998	6707	8402	7749	839	29.13	1012.24	51.02	94496	AS7341	flash	5	100	999	10
2026-07-07T09:22:27.062	919	2263	1348	2727	6441	5995	6704	8397	7745	838	29.14	1012.28	51.12	94389	AS7341	flash	5	100	999	10
2026-07-07T09:22:29.076	919	2264	1349	2727	6443	5995	6704	8399	7745	837	29.13	1012.22	51.12	94602	AS7341	flash	5	100	999	10
2026-07-07T09:22:31.092	919	2265	1349	2728	6444	5997	6705	8399	7747	838	29.14	1012.22	51.06	94389	AS7341	flash	5	100	999	10
2026-07-07T09:22:32.994	919	2265	1349	2727	6441	5994	6701	8395	7743	838	29.15	1012.26	50.99	95032	AS7341	flash	5	100	999	10
2026-07-07T09:22:35.003	919	2266	1349	2728	6444	5996	6703	8395	7746	838	29.15	1012.25	50.9	95248	AS7341	flash	5	100	999	10
2026-07-07T09:22:37.021	919	2266	1349	2728	6442	5994	6699	8389	7743	838	29.15	1012.26	50.76	95465	AS7341	flash	5	100	999	10
2026-07-07T09:22:39.034	918	2266	1349	2728	6443	5994	6700	8389	7742	838	29.16	1012.25	50.59	94602	AS7341	flash	5	100	999	10
2026-07-07T09:22:41.053	919	2267	1350	2729	6443	5995	6700	8390	7745	837	29.16	1012.26	50.54	94817	AS7341	flash	5	100	999	10
2026-07-07T09:22:43.071	919	2267	1350	2729	6442	5994	6699	8388	7743	838	29.16	1012.26	50.53	95032	AS7341	flash	5	100	999	10
2026-07-07T09:22:45.089	919	2267	1350	2729	6444	5995	6701	8390	7744	838	29.17	1012.22	50.53	94389	AS7341	flash	5	100	999	10
2026-07-07T09:22:47.001	919	2267	1350	2729	6443	5994	6699	8387	7743	838	29.18	1012.23	50.58	94924	AS7341	flash	5	100	999	10
2026-07-07T09:22:49.020	919	2268	1350	2729	6442	5993	6698	8385	7742	838	29.17	1012.23	50.53	95248	AS7341	flash	5	100	999	10
2026-07-07T09:22:51.040	919	2269	1350	2730	6445	5996	6700	8386	7745	838	29.17	1012.22	50.43	95356	AS7341	flash	5	100	999	10
2026-07-07T09:22:53.051	919	2268	1350	2730	6444	5995	6699	8386	7744	838	29.18	1012.22	50.36	95465	AS7341	flash	5	100	999	10
2026-07-07T09:22:55.064	919	2267	1350	2729	6444	5994	6698	8385	7744	838	29.19	1012.26	50.37	95140	AS7341	flash	5	100	999	10
2026-07-07T09:22:57.084	919	2268	1350	2730	6443	5994	6698	8385	7743	837	29.19	1012.24	50.44	94924	AS7341	flash	5	100	999	10
2026-07-07T09:22:58.995	919	2267	1350	2727	6441	5992	6694	8380	7740	837	29.2	1012.24	50.48	95140	AS7341	flash	5	100	999	10
2026-07-07T09:23:01.010	919	2268	1350	2730	6443	5994	6696	8381	7741	838	29.2	1012.21	50.44	95248	AS7341	flash	5	100	999	10
2026-07-07T09:23:03.027	919	2269	1350	2730	6444	5994	6696	8381	7742	837	29.2	1012.23	50.36	94817	AS7341	flash	5	100	999	10
2026-07-07T09:23:05.037	919	2269	1350	2730	6444	5994	6696	8379	7741	838	29.21	1012.24	50.26	95356	AS7341	flash	5	100	999	10
2026-07-07T09:23:07.055	919	2268	1350	2729	6444	5993	6696	8378	7741	838	29.21	1012.22	50.18	94709	AS7341	flash	5	100	999	10
2026-07-07T09:23:09.062	919	2269	1350	2729	6445	5995	6697	8380	7743	838	29.22	1012.24	50.19	95248	AS7341	flash	5	100	999	10
2026-07-07T09:23:11.079	919	2268	1350	2729	6444	5994	6696	8379	7742	838	29.22	1012.23	50.2	95140	AS7341	flash	5	100	999	10
2026-07-07T09:23:13.087	919	2269	1350	2729	6444	5994	6695	8378	7741	838	29.23	1012.23	50.23	94602	AS7341	flash	5	100	999	10
2026-07-07T09:23:14.999	919	2268	1350	2728	6442	5992	6693	8375	7739	837	29.24	1012.22	50.25	95683	AS7341	flash	5	100	999	10
2026-07-07T09:23:17.020	919	2268	1350	2728	6441	5992	6694	8376	7739	836	29.23	1012.26	50.31	95248	AS7341	flash	5	100	999	10
2026-07-07T09:23:19.029	919	2268	1350	2728	6444	5994	6697	8381	7743	838	29.24	1012.22	50.42	94283	AS7341	flash	5	100	999	10
2026-07-07T09:23:21.042	919	2269	1350	2729	6445	5995	6699	8385	7745	838	29.24	1012.24	50.55	94602	AS7341	flash	5	100	999	10
2026-07-07T09:23:23.066	919	2268	1350	2728	6440	5990	6694	8380	7739	837	29.24	1012.22	50.67	94389	AS7341	flash	5	100	999	10
2026-07-07T09:23:25.074	919	2269	1350	2727	6441	5992	6695	8382	7742	838	29.24	1012.22	50.74	94389	AS7341	flash	5	100	999	10
2026-07-07T09:23:27.082	919	2269	1351	2729	6441	5991	6694	8382	7740	838	29.25	1012.24	50.76	94177	AS7341	flash	5	100	999	10
2026-07-07T09:23:28.996	919	2269	1351	2727	6438	5989	6692	8379	7738	837	29.27	1012.23	50.72	95032	AS7341	flash	5	100	999	10
2026-07-07T09:23:31.009	919	2269	1351	2727	6441	5991	6696	8384	7742	838	29.26	1012.27	50.76	94709	AS7341	flash	5	100	999	10
2026-07-07T09:23:33.030	919	2269	1350	2727	6440	5991	6696	8384	7741	838	29.25	1012.23	50.85	94283	AS7341	flash	5	100	999	10
2026-07-07T09:23:35.036	919	2269	1350	2728	6435	5986	6691	8379	7737	837	29.25	1012.25	50.87	94389	AS7341	flash	5	100	999	10
2026-07-07T09:23:37.042	919	2269	1350	2726	6436	5987	6692	8380	7737	837	29.26	1012.2	50.91	94177	AS7341	flash	5	100	999	10
2026-07-07T09:23:39.061	919	2270	1351	2727	6438	5988	6692	8381	7738	837	29.28	1012.24	50.89	94177	AS7341	flash	5	100	999	10
2026-07-07T09:23:41.081	919	2270	1351	2726	6435	5985	6689	8376	7735	837	29.27	1012.25	50.85	94389	AS7341	flash	5	100	999	10
2026-07-07T09:23:43.090	919	2271	1351	2727	6437	5987	6691	8378	7738	837	29.28	1012.22	50.8	94177	AS7341	flash	5	100	999	10
2026-07-07T09:23:45.005	919	2271	1351	2726	6433	5983	6687	8374	7734	837	29.29	1012.25	50.74	94709	AS7341	flash	5	100	999	10
2026-07-07T09:23:47.015	919	2271	1351	2726	6434	5985	6689	8377	7735	837	29.29	1012.24	50.77	94177	AS7341	flash	5	100	999	10
2026-07-07T09:23:49.027	919	2270	1350	2724	6432	5983	6688	8376	7733	836	29.29	1012.25	50.85	94177	AS7341	flash	5	100	999	10
2026-07-07T09:23:51.048	919	2271	1351	2726	6432	5983	6689	8379	7734	837	29.29	1012.25	51.0	93650	AS7341	flash	5	100	999	10
2026-07-07T09:23:53.063	919	2271	1351	2725	6431	5983	6689	8378	7735	837	29.3	1012.26	51.1	93965	AS7341	flash	5	100	999	10
2026-07-07T09:23:55.069	918	2271	1351	2725	6431	5982	6687	8376	7733	837	29.3	1012.23	51.09	94177	AS7341	flash	5	100	999	10
2026-07-07T09:23:57.076	919	2271	1351	2725	6430	5981	6686	8373	7732	837	29.31	1012.22	50.98	94602	AS7341	flash	5	100	999	10
2026-07-07T09:23:59.094	919	2272	1351	2725	6431	5982	6687	8374	7733	837	29.31	1012.26	50.91	93965	AS7341	flash	5	100	999	10
2026-07-07T09:24:01.004	918	2271	1351	2724	6430	5980	6684	8370	7731	837	29.32	1012.25	50.84	94602	AS7341	flash	5	100	999	10
2026-07-07T09:24:03.018	919	2273	1352	2726	6431	5981	6684	8369	7731	837	29.33	1012.23	50.71	94071	AS7341	flash	5	100	999	10
2026-07-07T09:24:05.026	918	2273	1351	2725	6429	5978	6680	8363	7728	836	29.32	1012.24	50.56	94389	AS7341	flash	5	100	999	10
2026-07-07T09:24:07.031	919	2273	1351	2726	6430	5979	6681	8363	7729	836	29.32	1012.23	50.4	94924	AS7341	flash	5	100	999	10
2026-07-07T09:24:09.045	918	2273	1352	2726	6432	5981	6682	8364	7731	837	29.33	1012.25	50.28	94817	AS7341	flash	5	100	999	10
2026-07-07T09:24:11.064	919	2274	1352	2726	6430	5980	6680	8361	7729	836	29.33	1012.2	50.28	94602	AS7341	flash	5	100	999	10
2026-07-07T09:24:13.082	918	2273	1352	2726	6430	5980	6680	8360	7728	836	29.34	1012.26	50.27	94071	AS7341	flash	5	100	999	10
2026-07-07T09:24:14.992	918	2274	1352	2725	6430	5979	6679	8360	7728	836	29.34	1012.24	50.23	95032	AS7341	flash	5	100	999	10
2026-07-07T09:24:16.997	919	2274	1352	2726	6430	5979	6678	8357	7728	836	29.34	1012.25	50.18	94602	AS7341	flash	5	100	999	10
2026-07-07T09:24:19.013	918	2274	1352	2726	6430	5979	6678	8357	7728	836	29.35	1012.24	50.16	94602	AS7341	flash	5	100	999	10
2026-07-07T09:24:21.025	918	2274	1352	2726	6430	5979	6678	8356	7727	836	29.35	1012.27	50.15	94709	AS7341	flash	5	100	999	10
2026-07-07T09:24:23.043	918	2273	1351	2726	6430	5978	6677	8357	7726	836	29.36	1012.24	50.15	94389	AS7341	flash	5	100	999	10
2026-07-07T09:24:25.047	918	2274	1352	2726	6431	5980	6680	8360	7729	836	29.36	1012.27	50.24	94283	AS7341	flash	5	100	999	10
2026-07-07T09:24:27.069	918	2274	1352	2726	6432	5981	6681	8359	7730	836	29.37	1012.29	50.28	94709	AS7341	flash	5	100	999	10
2026-07-07T09:24:29.088	918	2274	1352	2726	6431	5980	6679	8358	7728	836	29.36	1012.25	50.27	94283	AS7341	flash	5	100	999	10
2026-07-07T09:24:31.003	918	2274	1352	2725	6430	5979	6678	8357	7728	836	29.37	1012.26	50.27	94817	AS7341	flash	5	100	999	10
2026-07-07T09:24:33.022	919	2274	1352	2727	6430	5979	6679	8358	7728	836	29.37	1012.24	50.3	94389	AS7341	flash	5	100	999	10
2026-07-07T09:24:35.043	918	2274	1352	2726	6427	5978	6677	8357	7726	836	29.37	1012.25	50.37	94071	AS7341	flash	5	100	999	10
2026-07-07T09:24:37.061	918	2274	1352	2726	6431	5981	6682	8363	7731	836	29.37	1012.26	50.47	93965	AS7341	flash	5	100	999	10
2026-07-07T09:24:39.076	918	2274	1352	2726	6430	5979	6679	8361	7727	836	29.37	1012.25	50.52	93965	AS7341	flash	5	100	999	10
2026-07-07T09:24:41.085	918	2274	1352	2727	6431	5981	6681	8362	7730	836	29.37	1012.27	50.52	93965	AS7341	flash	5	100	999	10
2026-07-07T09:24:42.999	918	2274	1352	2726	6431	5981	6680	8361	7730	836	29.37	1012.22	50.44	94602	AS7341	flash	5	100	999	10
2026-07-07T09:24:45.012	918	2273	1352	2727	6433	5983	6682	8363	7731	836	29.38	1012.28	50.37	94389	AS7341	flash	5	100	999	10
2026-07-07T09:24:47.018	918	2273	1352	2727	6435	5986	6686	8367	7734	836	29.38	1012.26	50.33	94817	AS7341	flash	5	100	999	10
2026-07-07T09:24:49.037	918	2272	1352	2727	6436	5986	6689	8370	7735	836	29.38	1012.26	50.37	94283	AS7341	flash	5	100	999	10
2026-07-07T09:24:51.055	919	2272	1351	2728	6438	5990	6693	8377	7739	837	29.37	1012.23	50.51	94071	AS7341	flash	5	100	999	10
2026-07-07T09:24:53.074	919	2271	1351	2728	6439	5992	6696	8380	7741	837	29.37	1012.24	50.62	93755	AS7341	flash	5	100	999	10
2026-07-07T09:24:55.093	919	2270	1351	2728	6441	5994	6699	8385	7744	837	29.37	1012.23	50.74	93650	AS7341	flash	5	100	999	10
2026-07-07T09:24:57.106	919	2269	1351	2728	6442	5994	6700	8385	7743	837	29.37	1012.23	50.84	93441	AS7341	flash	5	100	999	10
2026-07-07T09:24:59.016	919	2269	1351	2727	6439	5993	6698	8383	7741	837	29.37	1012.23	50.84	94389	AS7341	flash	5	100	999	10
2026-07-07T09:25:01.035	919	2269	1351	2729	6443	5995	6702	8386	7745	837	29.36	1012.26	50.8	94071	AS7341	flash	5	100	999	10
2026-07-07T09:25:03.047	919	2269	1351	2729	6445	5997	6703	8387	7746	837	29.36	1012.25	50.7	93965	AS7341	flash	5	100	999	10
2026-07-07T09:25:05.057	919	2269	1351	2729	6443	5997	6702	8386	7745	837	29.36	1012.23	50.56	93755	AS7341	flash	5	100	999	10
2026-07-07T09:25:07.077	919	2268	1351	2729	6446	5999	6705	8389	7748	838	29.35	1012.24	50.47	94283	AS7341	flash	5	100	999	10
2026-07-07T09:25:09.096	919	2269	1351	2730	6449	6002	6708	8393	7750	838	29.35	1012.25	50.43	94283	AS7341	flash	5	100	999	10
2026-07-07T09:25:11.008	919	2268	1351	2730	6447	6000	6706	8389	7748	838	29.35	1012.27	50.42	94709	AS7341	flash	5	100	999	10
2026-07-07T09:25:13.032	919	2267	1351	2730	6447	6000	6705	8388	7748	838	29.34	1012.29	50.37	94283	AS7341	flash	5	100	999	10
2026-07-07T09:25:15.043	919	2268	1351	2731	6450	6002	6707	8390	7750	838	29.34	1012.27	50.25	94602	AS7341	flash	5	100	999	10
2026-07-07T09:25:17.053	919	2269	1351	2732	6451	6004	6708	8389	7751	838	29.33	1012.27	50.09	94817	AS7341	flash	5	100	999	10
2026-07-07T09:25:19.075	919	2268	1351	2732	6451	6003	6707	8386	7750	838	29.33	1012.23	49.96	94709	AS7341	flash	5	100	999	10
2026-07-07T09:25:21.091	919	2268	1351	2732	6454	6006	6710	8390	7753	838	29.32	1012.27	49.84	94817	AS7341	flash	5	100	999	10
2026-07-07T09:25:23.101	919	2268	1351	2733	6455	6008	6712	8392	7754	838	29.32	1012.25	49.79	94924	AS7341	flash	5	100	999	10
2026-07-07T09:25:25.011	919	2267	1351	2732	6454	6007	6710	8389	7753	838	29.32	1012.27	49.79	95248	AS7341	flash	5	100	999	10
2026-07-07T09:25:27.032	919	2266	1351	2732	6455	6008	6711	8391	7753	838	29.31	1012.28	49.79	95140	AS7341	flash	5	100	999	10
2026-07-07T09:25:29.041	919	2266	1351	2733	6458	6011	6715	8395	7757	839	29.31	1012.25	49.81	94817	AS7341	flash	5	100	999	10
2026-07-07T09:25:31.064	920	2266	1351	2734	6460	6013	6718	8400	7759	839	29.3	1012.27	49.88	94924	AS7341	flash	5	100	999	10
2026-07-07T09:25:33.083	919	2264	1351	2733	6461	6016	6723	8406	7762	839	29.29	1012.27	50.06	94602	AS7341	flash	5	100	999	10
2026-07-07T09:25:35.098	920	2264	1350	2734	6462	6016	6724	8409	7764	839	29.29	1012.23	50.28	94177	AS7341	flash	5	100	999	10
2026-07-07T09:25:37.116	920	2264	1351	2734	6463	6018	6726	8412	7765	839	29.29	1012.25	50.41	94283	AS7341	flash	5	100	999	10
2026-07-07T09:25:39.125	920	2263	1350	2733	6462	6017	6726	8411	7764	839	29.28	1012.27	50.49	94283	AS7341	flash	5	100	999	10
2026-07-07T09:25:41.034	920	2263	1351	2733	6461	6017	6725	8411	7764	839	29.29	1012.26	50.52	95248	AS7341	flash	5	100	999	10
2026-07-07T09:25:43.050	920	2263	1350	2733	6463	6018	6727	8413	7765	839	29.28	1012.24	50.45	94709	AS7341	flash	5	100	999	10
2026-07-07T09:25:45.066	920	2263	1350	2734	6463	6019	6727	8412	7766	839	29.28	1012.26	50.4	94389	AS7341	flash	5	100	999	10
2026-07-07T09:25:47.078	920	2263	1351	2734	6463	6018	6727	8411	7765	839	29.28	1012.28	50.33	94389	AS7341	flash	5	100	999	10
2026-07-07T09:25:49.088	920	2263	1350	2734	6463	6018	6727	8412	7764	839	29.27	1012.26	50.25	94709	AS7341	flash	5	100	999	10
2026-07-07T09:25:51.114	920	2262	1350	2734	6464	6020	6729	8414	7766	839	29.27	1012.26	50.28	94177	AS7341	flash	5	100	999	10
2026-07-07T09:25:53.021	920	2262	1350	2734	6463	6020	6729	8415	7766	839	29.28	1012.26	50.34	95140	AS7341	flash	5	100	999	10
2026-07-07T09:25:55.039	920	2261	1350	2734	6463	6020	6730	8416	7765	839	29.26	1012.23	50.4	94817	AS7341	flash	5	100	999	10
2026-07-07T09:25:57.052	920	2261	1350	2734	6465	6022	6732	8419	7769	840	29.27	1012.25	50.42	94602	AS7341	flash	5	100	999	10
2026-07-07T09:25:59.070	920	2262	1350	2734	6465	6022	6732	8418	7768	840	29.25	1012.27	50.43	94709	AS7341	flash	5	100	999	10
2026-07-07T09:26:01.084	920	2262	1350	2735	6468	6023	6733	8419	7770	840	29.25	1012.22	50.32	94602	AS7341	flash	5	100	999	10
2026-07-07T09:26:03.095	920	2261	1350	2734	6466	6022	6731	8416	7768	840	29.25	1012.25	50.2	94602	AS7341	flash	5	100	999	10
2026-07-07T09:26:05.111	920	2261	1350	2734	6468	6025	6735	8421	7771	840	29.25	1012.26	50.13	94924	AS7341	flash	5	100	999	10
2026-07-07T09:26:07.020	920	2261	1350	2734	6467	6023	6734	8422	7769	840	29.25	1012.25	50.2	95248	AS7341	flash	5	100	999	10
2026-07-07T09:26:09.039	920	2260	1350	2735	6467	6024	6736	8424	7771	840	29.24	1012.25	50.35	94709	AS7341	flash	5	100	999	10
2026-07-07T09:26:11.047	920	2260	1350	2734	6468	6025	6738	8427	7772	840	29.24	1012.22	50.48	94602	AS7341	flash	5	100	999	10
2026-07-07T09:26:13.057	920	2259	1350	2734	6470	6026	6739	8429	7774	840	29.23	1012.22	50.58	94177	AS7341	flash	5	100	999	10
2026-07-07T09:26:15.067	920	2259	1349	2734	6468	6026	6739	8428	7773	840	29.23	1012.2	50.6	94924	AS7341	flash	5	100	999	10
2026-07-07T09:26:17.092	920	2259	1349	2734	6469	6026	6739	8429	7772	840	29.23	1012.26	50.54	94283	AS7341	flash	5	100	999	10
2026-07-07T09:26:19.111	920	2258	1349	2734	6469	6027	6741	8430	7773	840	29.22	1012.27	50.56	94496	AS7341	flash	5	100	999	10
2026-07-07T09:26:21.129	920	2259	1350	2734	6471	6029	6742	8433	7775	840	29.22	1012.25	50.57	94071	AS7341	flash	5	100	999	10
2026-07-07T09:26:23.040	920	2259	1350	2734	6469	6027	6740	8430	7774	840	29.23	1012.24	50.58	94602	AS7341	flash	5	100	999	10
2026-07-07T09:26:25.048	920	2259	1350	2735	6473	6030	6745	8435	7778	841	29.22	1012.24	50.54	94602	AS7341	flash	5	100	999	10
2026-07-07T09:26:27.057	920	2259	1350	2734	6471	6030	6744	8435	7777	841	29.22	1012.24	50.56	94496	AS7341	flash	5	100	999	10
2026-07-07T09:26:29.064	920	2259	1350	2735	6473	6031	6746	8436	7778	841	29.21	1012.24	50.61	94709	AS7341	flash	5	100	999	10
2026-07-07T09:26:31.078	920	2258	1349	2734	6471	6029	6744	8436	7776	841	29.21	1012.22	50.57	94602	AS7341	flash	5	100	999	10
2026-07-07T09:26:33.094	920	2258	1349	2734	6472	6030	6745	8437	7777	841	29.21	1012.25	50.57	94602	AS7341	flash	5	100	999	10
2026-07-07T09:26:35.103	920	2257	1349	2734	6472	6030	6745	8436	7777	841	29.21	1012.24	50.59	94602	AS7341	flash	5	100	999	10
2026-07-07T09:26:37.122	920	2258	1349	2735	6472	6031	6746	8438	7777	841	29.21	1012.25	50.57	94389	AS7341	flash	5	100	999	10
2026-07-07T09:26:39.031	920	2257	1349	2734	6472	6031	6746	8438	7778	841	29.21	1012.23	50.57	95032	AS7341	flash	5	100	999	10
2026-07-07T09:26:41.050	920	2257	1349	2734	6471	6030	6745	8438	7776	841	29.2	1012.29	50.6	94071	AS7341	flash	5	100	999	10
2026-07-07T09:26:43.058	920	2258	1349	2734	6472	6031	6747	8439	7778	841	29.2	1012.27	50.57	94817	AS7341	flash	5	100	999	10
2026-07-07T09:26:45.076	920	2258	1350	2735	6472	6031	6748	8441	7778	841	29.2	1012.27	50.59	94496	AS7341	flash	5	100	999	10
2026-07-07T09:26:47.092	920	2258	1349	2734	6471	6030	6747	8440	7778	841	29.19	1012.27	50.65	94602	AS7341	flash	5	100	999	10
2026-07-07T09:26:49.111	920	2258	1349	2734	6471	6031	6747	8440	7778	841	29.19	1012.24	50.64	94389	AS7341	flash	5	100	999	10
2026-07-07T09:26:51.129	920	2257	1349	2734	6472	6031	6748	8442	7778	841	29.19	1012.26	50.65	94496	AS7341	flash	5	100	999	10
2026-07-07T09:26:53.036	920	2257	1349	2734	6472	6031	6747	8439	7777	841	29.19	1012.26	50.64	95032	AS7341	flash	5	100	999	10
2026-07-07T09:26:55.047	920	2257	1349	2734	6471	6030	6746	8437	7776	841	29.18	1012.26	50.54	94817	AS7341	flash	5	100	999	10
2026-07-07T09:26:57.066	920	2258	1349	2734	6472	6030	6746	8437	7777	841	29.17	1012.28	50.41	95140	AS7341	flash	5	100	999	10
2026-07-07T09:26:59.082	920	2258	1349	2735	6474	6032	6746	8436	7778	841	29.17	1012.25	50.3	94817	AS7341	flash	5	100	999	10
2026-07-07T09:27:01.092	920	2259	1349	2735	6474	6032	6745	8433	7776	841	29.17	1012.32	50.12	95248	AS7341	flash	5	100	999	10
2026-07-07T09:27:03.106	920	2259	1350	2736	6476	6034	6747	8434	7779	841	29.16	1012.27	49.98	95140	AS7341	flash	5	100	999	10
2026-07-07T09:27:05.122	920	2258	1349	2735	6474	6032	6744	8430	7775	840	29.16	1012.3	49.86	95465	AS7341	flash	5	100	999	10
2026-07-07T09:27:07.022	920	2259	1350	2736	6475	6032	6743	8428	7776	840	29.17	1012.29	49.75	94472	AS7341	flash	5	100	999	10
2026-07-07T09:27:09.040	920	2258	1350	2737	6477	6034	6745	8430	7778	841	29.16	1012.27	49.68	94101	AS7341	flash	5	100	999	10
2026-07-07T09:27:11.058	920	2258	1350	2737	6478	6034	6746	8430	7778	841	29.15	1012.27	49.63	95248	AS7341	flash	5	100	999	10
2026-07-07T09:27:13.081	921	2259	1350	2738	6479	6037	6747	8432	7779	841	29.15	1012.3	49.66	95683	AS7341	flash	5	100	999	10
2026-07-07T09:27:15.107	921	2259	1350	2738	6481	6038	6749	8433	7781	841	29.15	1012.28	49.61	94154	AS7341	flash	5	100	999	10
2026-07-07T09:27:17.119	920	2258	1349	2738	6481	6038	6749	8432	7781	841	29.14	1012.27	49.59	95465	AS7341	flash	5	100	999	10
2026-07-07T09:27:19.029	920	2258	1350	2738	6481	6037	6747	8430	7779	841	29.15	1012.3	49.61	94525	AS7341	flash	5	100	999	10
2026-07-07T09:27:21.038	920	2257	1349	2739	6482	6039	6750	8433	7781	841	29.14	1012.28	49.58	94206	AS7341	flash	5	100	999	10
2026-07-07T09:27:23.054	921	2257	1349	2739	6483	6040	6751	8435	7782	841	29.13	1012.24	49.64	94206	AS7341	flash	5	100	999	10
2026-07-07T09:27:25.074	921	2257	1349	2739	6485	6042	6754	8437	7785	841	29.13	1012.27	49.69	95248	AS7341	flash	5	100	999	10
2026-07-07T09:27:27.091	921	2257	1349	2739	6485	6043	6754	8438	7785	841	29.13	1012.3	49.71	94101	AS7341	flash	5	100	999	10
2026-07-07T09:27:29.112	920	2256	1349	2738	6484	6041	6753	8437	7783	841	29.13	1012.28	49.75	95465	AS7341	flash	5	100	999	10
2026-07-07T09:27:31.122	921	2256	1349	2739	6486	6044	6757	8441	7787	842	29.12	1012.27	49.82	95465	AS7341	flash	5	100	999	10
2026-07-07T09:27:33.031	920	2255	1349	2738	6484	6042	6755	8440	7785	841	29.13	1012.31	49.86	95170	AS7341	flash	5	100	999	10
2026-07-07T09:27:35.039	921	2255	1349	2739	6486	6044	6757	8442	7786	841	29.12	1012.28	49.92	94366	AS7341	flash	5	100	999	10
2026-07-07T09:27:37.046	921	2255	1349	2739	6486	6044	6756	8441	7786	841	29.11	1012.31	49.89	95465	AS7341	flash	5	100	999	10
2026-07-07T09:27:39.055	920	2255	1349	2739	6486	6045	6757	8440	7786	841	29.1	1012.26	49.85	94313	AS7341	flash	5	100	999	10
2026-07-07T09:27:41.074	921	2255	1349	2739	6487	6046	6758	8442	7787	842	29.1	1012.25	49.8	94101	AS7341	flash	5	100	999	10
2026-07-07T09:27:43.094	921	2255	1349	2739	6489	6047	6760	8444	7789	842	29.1	1012.3	49.79	95683	AS7341	flash	5	100	999	10
2026-07-07T09:27:45.102	921	2255	1349	2739	6486	6044	6758	8442	7786	841	29.09	1012.27	49.81	95465	AS7341	flash	5	100	999	10
2026-07-07T09:27:47.121	921	2254	1349	2739	6487	6045	6758	8442	7787	841	29.09	1012.28	49.86	94419	AS7341	flash	5	100	999	10
2026-07-07T09:27:49.033	921	2255	1349	2739	6487	6045	6757	8441	7786	841	29.09	1012.25	49.84	93995	AS7341	flash	5	100	999	10
2026-07-07T09:27:51.052	921	2254	1349	2740	6489	6047	6758	8442	7788	842	29.09	1012.31	49.75	94206	AS7341	flash	5	100	999	10
2026-07-07T09:27:53.069	921	2254	1349	2740	6491	6049	6761	8445	7790	842	29.08	1012.3	49.72	94313	AS7341	flash	5	100	999	10
2026-07-07T09:27:55.077	921	2254	1349	2740	6489	6047	6760	8443	7788	842	29.07	1012.28	49.69	94419	AS7341	flash	5	100	999	10
2026-07-07T09:27:57.095	921	2254	1349	2740	6492	6050	6762	8445	7791	842	29.08	1012.31	49.68	94954	AS7341	flash	5	100	999	10
2026-07-07T09:27:59.101	920	2253	1348	2740	6490	6048	6760	8443	7788	842	29.06	1012.27	49.65	95683	AS7341	flash	5	100	999	10
2026-07-07T09:28:01.115	920	2253	1348	2740	6493	6051	6764	8446	7791	842	29.06	1012.27	49.66	95116	AS7341	flash	5	100	999	10
2026-07-07T09:28:03.022	921	2254	1349	2740	6493	6050	6763	8446	7791	842	29.07	1012.28	49.65	95465	AS7341	flash	5	100	999	10
2026-07-07T09:28:05.049	920	2253	1348	2741	6492	6051	6763	8444	7790	842	29.06	1012.25	49.61	94525	AS7341	flash	5	100	999	10
2026-07-07T09:28:07.063	921	2254	1349	2741	6494	6052	6764	8446	7792	842	29.06	1012.3	49.56	94525	AS7341	flash	5	100	999	10
2026-07-07T09:28:09.069	921	2254	1349	2741	6494	6053	6765	8447	7793	842	29.06	1012.28	49.53	94525	AS7341	flash	5	100	999	10
2026-07-07T09:28:11.081	921	2253	1349	2741	6494	6052	6764	8447	7791	842	29.04	1012.29	49.56	94366	AS7341	flash	5	100	999	10
2026-07-07T09:28:13.092	921	2252	1348	2741	6494	6053	6766	8450	7793	842	29.04	1012.27	49.6	94366	AS7341	flash	5	100	999	10
2026-07-07T09:28:15.106	921	2251	1348	2740	6495	6055	6769	8454	7795	842	29.04	1012.28	49.74	94206	AS7341	flash	5	100	999	10
2026-07-07T09:28:17.113	921	2251	1348	2741	6496	6056	6772	8459	7797	843	29.03	1012.26	49.96	94048	AS7341	flash	5	100	999	10
2026-07-07T09:28:19.028	921	2250	1348	2739	6493	6054	6771	8457	7794	842	29.04	1012.26	50.2	95683	AS7341	flash	5	100	999	10
2026-07-07T09:28:21.046	921	2251	1348	2741	6496	6056	6773	8460	7797	843	29.02	1012.26	50.27	95465	AS7341	flash	5	100	999	10
2026-07-07T09:28:23.054	921	2251	1348	2740	6494	6055	6771	8457	7795	842	29.02	1012.28	50.24	94366	AS7341	flash	5	100	999	10
2026-07-07T09:28:25.061	921	2251	1348	2740	6496	6056	6772	8459	7796	843	29.01	1012.28	50.16	94313	AS7341	flash	5	100	999	10
2026-07-07T09:28:27.072	921	2251	1348	2740	6497	6057	6773	8461	7798	843	29.01	1012.28	50.11	94632	AS7341	flash	5	100	999	10
2026-07-07T09:28:29.079	921	2250	1348	2740	6494	6053	6770	8457	7794	842	29.0	1012.28	50.13	94206	AS7341	flash	5	100	999	10
2026-07-07T09:28:31.100	921	2251	1348	2741	6496	6055	6772	8460	7796	842	28.99	1012.24	50.08	94579	AS7341	flash	5	100	999	10
2026-07-07T09:28:33.110	921	2251	1348	2740	6496	6056	6773	8462	7796	843	28.99	1012.31	50.12	94206	AS7341	flash	5	100	999	10
2026-07-07T09:28:35.128	921	2250	1348	2740	6495	6056	6775	8464	7797	843	28.99	1012.26	50.22	95465	AS7341	flash	5	100	999	10
2026-07-07T09:28:37.037	921	2249	1348	2739	6495	6056	6775	8465	7797	843	28.99	1012.27	50.34	94419	AS7341	flash	5	100	999	10
2026-07-07T09:28:39.053	921	2250	1348	2740	6496	6057	6777	8467	7798	843	28.98	1012.27	50.43	94739	AS7341	flash	5	100	999	10
2026-07-07T09:28:41.071	921	2250	1348	2739	6497	6058	6777	8467	7799	843	28.98	1012.24	50.4	95465	AS7341	flash	5	100	999	10
2026-07-07T09:28:43.082	921	2250	1348	2740	6496	6056	6775	8465	7798	843	28.97	1012.25	50.33	94259	AS7341	flash	5	100	999	10
2026-07-07T09:28:45.101	921	2251	1348	2740	6497	6058	6777	8466	7800	843	28.97	1012.27	50.29	95248	AS7341	flash	5	100	999	10
2026-07-07T09:28:47.110	921	2250	1348	2739	6497	6057	6776	8467	7799	843	28.96	1012.27	50.22	95465	AS7341	flash	5	100	999	10
2026-07-07T09:28:49.129	921	2250	1348	2740	6495	6057	6776	8468	7798	843	28.96	1012.28	50.27	95683	AS7341	flash	5	100	999	10
2026-07-07T09:28:51.031	921	2249	1347	2739	6495	6057	6779	8472	7800	843	28.97	1012.29	50.42	95465	AS7341	flash	5	100	999	10
2026-07-07T09:28:53.040	921	2249	1348	2739	6497	6059	6783	8477	7802	843	28.95	1012.27	50.63	94525	AS7341	flash	5	100	999	10
2026-07-07T09:28:55.055	921	2249	1347	2739	6498	6061	6785	8482	7804	843	28.94	1012.25	50.9	95248	AS7341	flash	5	100	999	10
2026-07-07T09:28:57.075	921	2248	1347	2739	6497	6060	6784	8481	7803	843	28.94	1012.29	51.01	95032	AS7341	flash	5	100	999	10
2026-07-07T09:28:59.087	921	2249	1348	2739	6498	6060	6784	8481	7804	843	28.94	1012.24	51.02	95356	AS7341	flash	5	100	999	10
2026-07-07T09:29:01.098	921	2249	1348	2739	6496	6058	6781	8477	7801	843	28.93	1012.24	50.89	95248	AS7341	flash	5	100	999	10
2026-07-07T09:29:03.106	921	2249	1347	2738	6493	6056	6778	8473	7798	843	28.93	1012.27	50.71	94924	AS7341	flash	5	100	999	10
2026-07-07T09:29:05.129	921	2250	1348	2739	6495	6056	6778	8472	7798	843	28.92	1012.27	50.56	95248	AS7341	flash	5	100	999	10
2026-07-07T09:29:07.033	921	2249	1347	2738	6493	6054	6776	8468	7796	843	28.93	1012.29	50.41	94739	AS7341	flash	5	100	999	10
2026-07-07T09:29:09.042	921	2250	1348	2739	6494	6056	6777	8469	7797	843	28.92	1012.26	50.31	94419	AS7341	flash	5	100	999	10
2026-07-07T09:29:11.052	921	2250	1347	2739	6494	6055	6777	8468	7797	843	28.92	1012.26	50.27	95465	AS7341	flash	5	100	999	10
2026-07-07T09:29:13.061	921	2250	1348	2739	6494	6055	6777	8470	7797	843	28.92	1012.27	50.29	94206	AS7341	flash	5	100	999	10
2026-07-07T09:29:15.078	921	2249	1347	2738	6495	6057	6780	8475	7800	843	28.91	1012.22	50.39	95683	AS7341	flash	5	100	999	10
2026-07-07T09:29:17.093	921	2249	1347	2738	6494	6057	6781	8477	7800	843	28.91	1012.28	50.57	95356	AS7341	flash	5	100	999	10
2026-07-07T09:29:19.099	921	2249	1347	2738	6492	6056	6779	8475	7797	843	28.9	1012.24	50.73	95032	AS7341	flash	5	100	999	10
2026-07-07T09:29:21.118	921	2249	1347	2738	6494	6057	6780	8475	7798	843	28.9	1012.26	50.73	95248	AS7341	flash	5	100	999	10
2026-07-07T09:29:23.027	921	2249	1347	2737	6493	6055	6778	8472	7797	843	28.91	1012.24	50.62	94847	AS7341	flash	5	100	999	10
2026-07-07T09:29:25.054	921	2250	1347	2738	6495	6057	6780	8473	7799	843	28.89	1012.25	50.48	95683	AS7341	flash	5	100	999	10
2026-07-07T09:29:27.076	921	2250	1347	2738	6495	6057	6779	8473	7799	843	28.89	1012.25	50.39	94419	AS7341	flash	5	100	999	10
2026-07-07T09:29:29.092	921	2251	1348	2739	6497	6059	6781	8473	7800	843	28.89	1012.25	50.29	95683	AS7341	flash	5	100	999	10
2026-07-07T09:29:31.116	921	2251	1348	2740	6497	6058	6779	8471	7799	843	28.88	1012.27	50.19	94686	AS7341	flash	5	100	999	10
2026-07-07T09:29:33.126	921	2250	1347	2739	6496	6057	6776	8468	7797	843	28.88	1012.27	50.08	94739	AS7341	flash	5	100	999	10
2026-07-07T09:29:35.040	921	2250	1347	2739	6496	6056	6776	8464	7792	842	28.89	1012.24	50.0	94632	AS7341	flash	5	100	999	10
2026-07-07T09:29:37.048	920	2249	1347	2739	6494	6056	6775	8464	7792	842	28.88	1012.25	49.94	94954	AS7341	flash	5	100	999	10
2026-07-07T09:29:39.071	921	2251	1347	2739	6496	6057	6776	8463	7792	842	28.87	1012.23	49.92	94954	AS7341	flash	5	100	999	10
2026-07-07T09:29:41.082	920	2251	1348	2740	6495	6055	6774	8461	7792	842	28.88	1012.25	49.93	95170	AS7341	flash	5	100	999	10
2026-07-07T09:29:43.102	921	2250	1347	2738	6493	6055	6773	8460	7793	842	28.87	1012.25	49.92	94525	AS7341	flash	5	100	999	10
2026-07-07T09:29:45.124	921	2251	1348	2739	6494	6055	6773	8462	7794	842	28.88	1012.27	49.97	94632	AS7341	flash	5	100	999	10
2026-07-07T09:29:47.024	920	2251	1348	2738	6493	6053	6772	8461	7793	842	28.89	1012.24	50.06	95062	AS7341	flash	5	100	999	10
2026-07-07T09:29:49.043	920	2250	1347	2738	6491	6051	6770	8460	7791	843	28.88	1012.28	50.17	94739	AS7341	flash	5	100	999	10
2026-07-07T09:29:51.061	920	2251	1348	2738	6490	6051	6770	8461	7791	843	28.88	1012.26	50.31	95574	AS7341	flash	5	100	999	10
2026-07-07T09:29:53.072	920	2251	1348	2737	6489	6049	6769	8460	7791	842	28.88	1012.23	50.38	94525	AS7341	flash	5	100	999	10
2026-07-07T09:29:55.092	920	2252	1348	2738	6489	6048	6769	8459	7790	842	28.89	1012.24	50.46	95683	AS7341	flash	5	100	999	10
2026-07-07T09:29:57.098	920	2251	1347	2736	6486	6045	6766	8456	7787	842	28.88	1012.24	50.51	95356	AS7341	flash	5	100	999	10
2026-07-07T09:29:59.108	920	2252	1347	2735	6484	6043	6763	8454	7786	842	28.89	1012.25	50.57	95248	AS7341	flash	5	100	999	10
2026-07-07T09:30:01.126	920	2253	1348	2736	6484	6044	6763	8454	7785	842	28.89	1012.21	50.6	95356	AS7341	flash	5	100	999	10
2026-07-07T09:30:03.035	920	2252	1347	2734	6480	6041	6759	8450	7781	841	28.9	1012.28	50.6	94419	AS7341	flash	5	100	999	10
2026-07-07T09:30:05.046	920	2253	1348	2735	6479	6039	6758	8449	7780	841	28.91	1012.24	50.66	95465	AS7341	flash	5	100	999	10
2026-07-07T09:30:07.061	920	2253	1348	2734	6478	6038	6758	8451	7780	841	28.9	1012.23	50.78	95248	AS7341	flash	5	100	999	10
2026-07-07T09:30:09.070	920	2254	1348	2733	6477	6037	6756	8448	7779	841	28.91	1012.26	50.83	95683	AS7341	flash	5	100	999	10
2026-07-07T09:30:11.088	920	2255	1348	2734	6476	6036	6755	8446	7778	841	28.91	1012.23	50.78	95574	AS7341	flash	5	100	999	10
2026-07-07T09:30:13.114	919	2255	1348	2733	6474	6034	6752	8442	7775	841	28.91	1012.27	50.71	95032	AS7341	flash	5	100	999	10
2026-07-07T09:30:15.023	919	2255	1348	2732	6473	6032	6749	8439	7773	840	28.93	1012.25	50.62	94366	AS7341	flash	5	100	999	10
2026-07-07T09:30:17.035	919	2256	1348	2733	6473	6032	6749	8439	7773	840	28.92	1012.23	50.59	94206	AS7341	flash	5	100	999	10
2026-07-07T09:30:19.041	920	2257	1349	2733	6474	6032	6748	8438	7774	841	28.92	1012.22	50.55	94419	AS7341	flash	5	100	999	10
2026-07-07T09:30:21.064	919	2257	1348	2732	6471	6030	6746	8436	7771	840	28.92	1012.23	50.56	95140	AS7341	flash	5	100	999	10
2026-07-07T09:30:23.073	920	2258	1348	2733	6471	6029	6746	8435	7771	840	28.94	1012.24	50.6	95574	AS7341	flash	5	100	999	10
2026-07-07T09:30:25.093	920	2258	1349	2732	6470	6028	6744	8433	7770	840	28.93	1012.24	50.62	95465	AS7341	flash	5	100	999	10
2026-07-07T09:30:27.107	920	2258	1349	2732	6468	6027	6743	8430	7768	840	28.93	1012.25	50.64	95465	AS7341	flash	5	100	999	10
2026-07-07T09:30:29.123	919	2258	1349	2732	6469	6026	6742	8432	7768	840	28.94	1012.23	50.62	95248	AS7341	flash	5	100	999	10
2026-07-07T09:30:31.128	919	2259	1349	2731	6467	6024	6739	8429	7765	839	28.94	1012.26	50.59	94048	AS7341	flash	5	100	999	10
2026-07-07T09:30:33.030	920	2259	1349	2731	6465	6023	6739	8427	7765	840	28.95	1012.25	50.59	94313	AS7341	flash	5	100	999	10
2026-07-07T09:30:35.052	920	2259	1348	2730	6466	6023	6738	8427	7765	840	28.95	1012.23	50.61	95465	AS7341	flash	5	100	999	10
2026-07-07T09:30:37.071	920	2259	1349	2730	6463	6021	6736	8424	7762	839	28.95	1012.25	50.63	95248	AS7341	flash	5	100	999	10
2026-07-07T09:30:39.089	920	2260	1349	2731	6465	6022	6736	8425	7763	839	28.96	1012.26	50.64	95140	AS7341	flash	5	100	999	10
2026-07-07T09:30:41.099	919	2260	1349	2730	6466	6022	6737	8426	7765	839	28.96	1012.25	50.67	95356	AS7341	flash	5	100	999	10
2026-07-07T09:30:43.105	920	2260	1349	2730	6462	6019	6734	8423	7761	839	28.96	1012.23	50.71	95032	AS7341	flash	5	100	999	10
2026-07-07T09:30:45.116	919	2261	1349	2730	6463	6020	6735	8425	7763	839	28.97	1012.24	50.74	94817	AS7341	flash	5	100	999	10
2026-07-07T09:30:47.123	920	2261	1349	2730	6461	6018	6733	8423	7761	839	28.97	1012.23	50.8	95032	AS7341	flash	5	100	999	10
2026-07-07T09:30:49.027	920	2261	1349	2729	6459	6016	6731	8422	7760	839	28.98	1012.27	50.85	95465	AS7341	flash	5	100	999	10
2026-07-07T09:30:51.042	920	2261	1349	2728	6458	6015	6732	8423	7759	839	28.98	1012.23	51.0	95248	AS7341	flash	5	100	999	10
2026-07-07T09:30:53.063	920	2261	1349	2728	6457	6013	6731	8422	7757	839	28.98	1012.23	51.12	94177	AS7341	flash	5	100	999	10
2026-07-07T09:30:55.081	919	2262	1349	2728	6458	6015	6732	8424	7760	839	28.98	1012.24	51.17	94817	AS7341	flash	5	100	999	10
2026-07-07T09:30:57.104	920	2263	1349	2728	6455	6012	6729	8420	7757	839	28.98	1012.24	51.16	94817	AS7341	flash	5	100	999	10
2026-07-07T09:30:59.131	920	2263	1350	2728	6455	6011	6728	8419	7755	839	28.99	1012.22	51.16	94709	AS7341	flash	5	100	999	10
2026-07-07T09:31:01.041	920	2262	1349	2726	6452	6009	6725	8414	7752	838	29.0	1012.24	51.11	94602	AS7341	flash	5	100	999	10
2026-07-07T09:31:03.055	920	2264	1350	2728	6454	6010	6725	8415	7754	838	28.99	1012.25	51.0	95248	AS7341	flash	5	100	999	10
2026-07-07T09:31:05.071	920	2264	1349	2727	6452	6008	6724	8416	7752	838	28.99	1012.24	50.99	94602	AS7341	flash	5	100	999	10
2026-07-07T09:31:07.094	920	2264	1350	2726	6451	6008	6724	8418	7753	838	29.0	1012.25	51.12	94283	AS7341	flash	5	100	999	10
2026-07-07T09:31:09.113	920	2264	1350	2725	6448	6005	6722	8415	7750	838	29.0	1012.22	51.3	94389	AS7341	flash	5	100	999	10
2026-07-07T09:31:11.117	920	2264	1350	2725	6448	6005	6723	8417	7751	839	29.0	1012.25	51.38	93755	AS7341	flash	5	100	999	10
2026-07-07T09:31:13.128	920	2264	1350	2725	6448	6005	6723	8416	7750	838	29.0	1012.24	51.42	94283	AS7341	flash	5	100	999	10
2026-07-07T09:31:15.036	919	2264	1350	2724	6445	6002	6719	8410	7747	839	29.01	1012.25	51.4	95140	AS7341	flash	5	100	999	10
2026-07-07T09:31:17.053	919	2265	1350	2725	6444	6001	6718	8408	7746	838	29.02	1012.23	51.3	94496	AS7341	flash	5	100	999	10
2026-07-07T09:31:19.063	919	2266	1350	2725	6444	6001	6718	8408	7745	837	29.01	1012.24	51.25	94389	AS7341	flash	5	100	999	10
2026-07-07T09:31:21.081	920	2266	1350	2725	6445	6001	6718	8408	7746	838	29.02	1012.24	51.15	94602	AS7341	flash	5	100	999	10
2026-07-07T09:31:23.097	920	2266	1350	2724	6443	5999	6716	8405	7744	837	29.02	1012.22	51.1	93650	AS7341	flash	5	100	999	10
2026-07-07T09:31:25.115	920	2267	1350	2725	6443	6000	6717	8407	7745	838	29.02	1012.21	51.13	94283	AS7341	flash	5	100	999	10
2026-07-07T09:31:27.024	919	2266	1350	2724	6440	5996	6714	8403	7742	837	29.03	1012.2	51.2	94817	AS7341	flash	5	100	999	10
2026-07-07T09:31:29.032	919	2267	1350	2723	6440	5996	6713	8403	7742	837	29.03	1012.23	51.23	94071	AS7341	flash	5	100	999	10
2026-07-07T09:31:31.051	919	2267	1350	2724	6441	5996	6713	8402	7741	837	29.03	1012.25	51.21	94283	AS7341	flash	5	100	999	10
2026-07-07T09:31:33.072	920	2268	1351	2724	6440	5995	6711	8400	7740	838	29.03	1012.21	51.17	94071	AS7341	flash	5	100	999	10
2026-07-07T09:31:35.088	919	2268	1350	2724	6439	5995	6710	8398	7740	837	29.03	1012.23	51.1	94602	AS7341	flash	5	100	999	10
2026-07-07T09:31:37.109	920	2269	1351	2724	6440	5995	6710	8398	7740	838	29.03	1012.22	51.03	94283	AS7341	flash	5	100	999	10
2026-07-07T09:31:39.120	919	2268	1350	2724	6438	5994	6709	8397	7739	838	29.04	1012.25	51.0	94602	AS7341	flash	5	100	999	10
2026-07-07T09:31:41.025	919	2268	1350	2723	6437	5992	6707	8394	7737	838	29.04	1012.19	51.0	95248	AS7341	flash	5	100	999	10
2026-07-07T09:31:43.045	919	2268	1350	2723	6438	5993	6708	8397	7739	838	29.04	1012.23	51.01	94496	AS7341	flash	5	100	999	10
2026-07-07T09:31:45.062	918	2268	1351	2723	6438	5993	6709	8397	7738	838	29.05	1012.22	51.07	94389	AS7341	flash	5	100	999	10
2026-07-07T09:31:47.071	919	2269	1351	2724	6439	5994	6709	8396	7739	838	29.05	1012.26	51.09	94283	AS7341	flash	5	100	999	10
2026-07-07T09:31:49.076	919	2269	1351	2723	6437	5992	6707	8392	7737	838	29.06	1012.27	51.04	94389	AS7341	flash	5	100	999	10
2026-07-07T09:31:51.095	919	2269	1351	2723	6436	5990	6705	8391	7736	837	29.05	1012.22	50.99	94283	AS7341	flash	5	100	999	10
2026-07-07T09:31:53.120	918	2270	1351	2723	6438	5992	6708	8394	7738	838	29.06	1012.24	50.97	94177	AS7341	flash	5	100	999	10
2026-07-07T09:31:55.029	919	2269	1351	2722	6434	5989	6704	8390	7733	837	29.08	1012.23	51.03	94602	AS7341	flash	5	100	999	10
2026-07-07T09:31:57.039	919	2269	1351	2722	6434	5990	6706	8394	7736	837	29.07	1012.23	51.16	94177	AS7341	flash	5	100	999	10
2026-07-07T09:31:59.058	919	2269	1351	2722	6434	5990	6707	8395	7736	838	29.07	1012.22	51.31	94071	AS7341	flash	5	100	999	10
2026-07-07T09:32:01.075	918	2269	1351	2721	6432	5988	6705	8394	7734	836	29.08	1012.25	51.39	93546	AS7341	flash	5	100	999	10
2026-07-07T09:32:03.082	919	2270	1351	2722	6432	5987	6705	8395	7734	837	29.08	1012.25	51.5	93755	AS7341	flash	5	100	999	10
2026-07-07T09:32:05.098	918	2270	1351	2721	6429	5986	6703	8394	7733	837	29.09	1012.24	51.57	93755	AS7341	flash	5	100	999	10
2026-07-07T09:32:07.107	919	2270	1351	2720	6428	5983	6701	8393	7731	837	29.09	1012.24	51.6	93755	AS7341	flash	5	100	999	10
2026-07-07T09:32:09.117	919	2271	1351	2720	6427	5984	6701	8391	7730	837	29.09	1012.23	51.56	93441	AS7341	flash	5	100	999	10
2026-07-07T09:32:11.123	919	2271	1351	2720	6429	5985	6703	8396	7734	837	29.1	1012.26	51.57	93337	AS7341	flash	5	100	999	10
2026-07-07T09:32:13.023	918	2270	1351	2719	6426	5982	6701	8394	7731	836	29.12	1012.24	51.7	94071	AS7341	flash	5	100	999	10
2026-07-07T09:32:15.041	919	2271	1351	2718	6424	5980	6700	8394	7729	836	29.11	1012.26	51.81	93650	AS7341	flash	5	100	999	10
2026-07-07T09:32:17.053	919	2272	1351	2719	6423	5979	6700	8393	7728	836	29.11	1012.22	51.86	93233	AS7341	flash	5	100	999	10
2026-07-07T09:32:19.071	919	2272	1351	2718	6422	5979	6698	8393	7728	836	29.11	1012.25	51.84	93233	AS7341	flash	5	100	999	10
2026-07-07T09:32:21.096	919	2272	1351	2718	6422	5979	6698	8392	7727	837	29.11	1012.22	51.82	93026	AS7341	flash	5	100	999	10
2026-07-07T09:32:23.112	919	2273	1351	2718	6421	5977	6696	8389	7726	837	29.12	1012.24	51.79	93130	AS7341	flash	5	100	999	10
2026-07-07T09:32:25.120	919	2273	1351	2718	6422	5977	6696	8388	7726	836	29.12	1012.19	51.7	93026	AS7341	flash	5	100	999	10
2026-07-07T09:32:27.131	919	2272	1351	2717	6419	5975	6694	8386	7724	836	29.13	1012.25	51.62	93130	AS7341	flash	5	100	999	10
2026-07-07T09:32:29.042	919	2273	1352	2717	6419	5974	6693	8385	7723	836	29.14	1012.24	51.6	93546	AS7341	flash	5	100	999	10
2026-07-07T09:32:31.053	919	2274	1352	2718	6419	5974	6694	8387	7724	837	29.13	1012.22	51.62	93546	AS7341	flash	5	100	999	10
2026-07-07T09:32:33.071	919	2273	1352	2716	6417	5973	6693	8387	7723	836	29.14	1012.22	51.69	93130	AS7341	flash	5	100	999	10
2026-07-07T09:32:35.091	918	2274	1352	2716	6417	5973	6693	8389	7724	835	29.14	1012.25	51.83	92512	AS7341	flash	5	100	999	10
2026-07-07T09:32:37.105	919	2275	1352	2718	6417	5972	6692	8387	7722	836	29.14	1012.23	51.91	92410	AS7341	flash	5	100	999	10
2026-07-07T09:32:39.120	919	2275	1352	2717	6415	5971	6689	8382	7721	836	29.15	1012.21	51.88	92923	AS7341	flash	5	100	999	10
2026-07-07T09:32:41.140	919	2276	1352	2717	6416	5971	6689	8381	7722	836	29.14	1012.24	51.69	93130	AS7341	flash	5	100	999	10
2026-07-07T09:32:43.054	919	2276	1352	2716	6415	5969	6687	8378	7720	836	29.16	1012.22	51.55	94177	AS7341	flash	5	100	999	10
2026-07-07T09:32:45.072	919	2276	1352	2717	6415	5970	6686	8376	7719	836	29.15	1012.23	51.41	93337	AS7341	flash	5	100	999	10
2026-07-07T09:32:47.084	919	2276	1352	2717	6414	5969	6685	8374	7718	836	29.16	1012.26	51.28	93546	AS7341	flash	5	100	999	10
2026-07-07T09:32:49.095	919	2276	1352	2716	6413	5968	6684	8373	7717	836	29.16	1012.25	51.28	93546	AS7341	flash	5	100	999	10
2026-07-07T09:32:51.117	919	2277	1352	2716	6414	5968	6684	8372	7718	836	29.17	1012.24	51.24	93337	AS7341	flash	5	100	999	10
2026-07-07T09:32:53.134	919	2277	1353	2717	6416	5970	6687	8376	7720	836	29.17	1012.22	51.19	93546	AS7341	flash	5	100	999	10
2026-07-07T09:32:55.143	919	2276	1352	2716	6413	5968	6684	8373	7717	836	29.18	1012.23	51.32	93233	AS7341	flash	5	100	999	10
2026-07-07T09:32:57.053	919	2277	1352	2717	6412	5967	6683	8373	7717	836	29.18	1012.22	51.37	93755	AS7341	flash	5	100	999	10
2026-07-07T09:32:59.069	919	2277	1353	2716	6412	5967	6684	8373	7717	836	29.18	1012.25	51.46	93337	AS7341	flash	5	100	999	10
2026-07-07T09:33:01.086	919	2277	1352	2715	6411	5966	6683	8374	7715	836	29.18	1012.23	51.5	92923	AS7341	flash	5	100	999	10
2026-07-07T09:33:03.101	917	2277	1352	2715	6408	5963	6680	8369	7713	835	29.19	1012.23	51.57	92923	AS7341	flash	5	100	999	10
2026-07-07T09:33:05.119	919	2277	1352	2715	6410	5965	6681	8371	7715	835	29.19	1012.27	51.57	92820	AS7341	flash	5	100	999	10
2026-07-07T09:33:07.135	918	2277	1352	2715	6408	5963	6680	8369	7714	835	29.19	1012.22	51.52	92923	AS7341	flash	5	100	999	10
2026-07-07T09:33:09.151	919	2278	1353	2716	6410	5965	6681	8371	7716	836	29.19	1012.25	51.5	92923	AS7341	flash	5	100	999	10
2026-07-07T09:33:11.065	919	2278	1353	2715	6410	5964	6680	8368	7714	835	29.2	1012.24	51.44	93441	AS7341	flash	5	100	999	10
2026-07-07T09:33:13.076	919	2278	1353	2716	6410	5964	6680	8368	7715	835	29.2	1012.24	51.4	93337	AS7341	flash	5	100	999	10
2026-07-07T09:33:15.082	919	2279	1353	2715	6409	5963	6679	8366	7713	835	29.2	1012.24	51.39	93441	AS7341	flash	5	100	999	10
2026-07-07T09:33:17.091	919	2280	1353	2716	6411	5966	6682	8369	7716	836	29.21	1012.21	51.34	93233	AS7341	flash	5	100	999	10
2026-07-07T09:33:19.113	919	2279	1353	2716	6410	5964	6679	8366	7714	835	29.21	1012.25	51.33	92820	AS7341	flash	5	100	999	10
2026-07-07T09:33:21.121	919	2279	1353	2715	6410	5963	6679	8367	7714	834	29.21	1012.21	51.31	92923	AS7341	flash	5	100	999	10
2026-07-07T09:33:23.136	918	2279	1353	2715	6407	5961	6676	8364	7711	835	29.21	1012.24	51.35	92923	AS7341	flash	5	100	999	10
2026-07-07T09:33:25.156	918	2279	1353	2715	6409	5963	6678	8365	7714	835	29.21	1012.24	51.35	93233	AS7341	flash	5	100	999	10
2026-07-07T09:33:27.067	918	2280	1353	2715	6408	5962	6676	8362	7711	835	29.23	1012.24	51.27	93755	AS7341	flash	5	100	999	10
2026-07-07T09:33:29.077	918	2279	1353	2715	6407	5960	6674	8360	7709	835	29.23	1012.25	51.21	93130	AS7341	flash	5	100	999	10
2026-07-07T09:33:31.097	918	2279	1353	2715	6408	5962	6676	8360	7711	834	29.23	1012.23	51.21	92717	AS7341	flash	5	100	999	10
2026-07-07T09:33:33.112	919	2280	1354	2716	6410	5965	6679	8364	7714	835	29.22	1012.27	51.2	93650	AS7341	flash	5	100	999	10
2026-07-07T09:33:35.133	919	2280	1353	2715	6409	5964	6678	8364	7713	835	29.23	1012.23	51.18	92820	AS7341	flash	5	100	999	10
2026-07-07T09:33:37.151	919	2280	1353	2716	6408	5962	6677	8363	7712	835	29.23	1012.22	51.27	92717	AS7341	flash	5	100	999	10
2026-07-07T09:33:39.051	918	2279	1353	2715	6406	5960	6674	8359	7710	835	29.23	1012.23	51.32	93546	AS7341	flash	5	100	999	10
2026-07-07T09:33:41.073	918	2280	1353	2715	6407	5961	6675	8360	7710	835	29.24	1012.24	51.34	93026	AS7341	flash	5	100	999	10
2026-07-07T09:33:43.090	919	2280	1354	2716	6407	5961	6675	8361	7711	835	29.23	1012.22	51.36	93130	AS7341	flash	5	100	999	10
2026-07-07T09:33:45.105	918	2280	1354	2716	6407	5961	6674	8359	7710	835	29.25	1012.25	51.3	92923	AS7341	flash	5	100	999	10
2026-07-07T09:33:47.125	919	2281	1353	2716	6408	5961	6675	8359	7711	835	29.24	1012.24	51.21	92923	AS7341	flash	5	100	999	10
2026-07-07T09:33:49.139	918	2280	1353	2715	6406	5960	6674	8356	7709	835	29.24	1012.26	51.16	92923	AS7341	flash	5	100	999	10
2026-07-07T09:33:51.159	919	2281	1354	2716	6409	5961	6674	8357	7711	835	29.26	1012.28	51.12	93130	AS7341	flash	5	100	999	10
2026-07-07T09:33:53.174	919	2281	1354	2716	6409	5962	6674	8357	7711	835	29.26	1012.24	51.05	93026	AS7341	flash	5	100	999	10
2026-07-07T09:33:55.079	918	2280	1353	2715	6406	5959	6672	8354	7708	835	29.28	1012.23	51.02	93026	AS7341	flash	5	100	999	10
2026-07-07T09:33:57.097	919	2282	1354	2716	6408	5962	6675	8358	7711	835	29.27	1012.26	51.1	93130	AS7341	flash	5	100	999	10
2026-07-07T09:33:59.107	918	2281	1354	2715	6406	5960	6673	8356	7709	835	29.27	1012.26	51.17	93130	AS7341	flash	5	100	999	10
2026-07-07T09:34:01.112	919	2281	1354	2716	6408	5962	6675	8359	7712	835	29.28	1012.28	51.21	93233	AS7341	flash	5	100	999	10
2026-07-07T09:34:03.128	919	2281	1354	2715	6406	5960	6674	8359	7709	835	29.28	1012.23	51.26	92717	AS7341	flash	5	100	999	10
2026-07-07T09:34:05.147	918	2280	1353	2715	6405	5959	6673	8359	7708	834	29.28	1012.23	51.38	92615	AS7341	flash	5	100	999	10
2026-07-07T09:34:07.154	919	2282	1354	2715	6407	5961	6675	8361	7711	835	29.29	1012.29	51.44	92717	AS7341	flash	5	100	999	10
2026-07-07T09:34:09.162	918	2281	1354	2715	6404	5958	6672	8358	7708	835	29.28	1012.24	51.43	92512	AS7341	flash	5	100	999	10
2026-07-07T09:34:11.075	918	2281	1354	2714	6403	5957	6672	8358	7708	835	29.29	1012.26	51.47	93233	AS7341	flash	5	100	999	10
2026-07-07T09:34:13.082	919	2281	1354	2714	6403	5958	6673	8359	7708	835	29.29	1012.27	51.58	92410	AS7341	flash	5	100	999	10
2026-07-07T09:34:15.101	918	2281	1354	2713	6401	5955	6672	8358	7707	835	29.29	1012.26	51.64	92615	AS7341	flash	5	100	999	10
2026-07-07T09:34:17.123	918	2281	1354	2713	6401	5955	6671	8358	7705	834	29.29	1012.25	51.67	92717	AS7341	flash	5	100	999	10
2026-07-07T09:34:19.131	917	2282	1354	2713	6400	5954	6669	8354	7705	834	29.29	1012.27	51.67	92923	AS7341	flash	5	100	999	10
2026-07-07T09:34:21.131	918	2283	1354	2713	6401	5954	6669	8354	7705	834	29.29	1012.24	51.55	92923	AS7341	flash	5	100	999	10
2026-07-07T09:34:23.159	918	2282	1354	2713	6400	5953	6667	8351	7703	834	29.3	1012.27	51.45	92923	AS7341	flash	5	100	999	10
2026-07-07T09:34:25.164	918	2283	1354	2714	6399	5952	6666	8349	7702	833	29.29	1012.27	51.34	92923	AS7341	flash	5	100	999	10
2026-07-07T09:34:27.174	918	2283	1354	2714	6399	5953	6666	8350	7702	834	29.3	1012.26	51.29	92512	AS7341	flash	5	100	999	10
2026-07-07T09:34:29.195	918	2282	1354	2712	6398	5951	6664	8347	7700	834	29.3	1012.25	51.31	92615	AS7341	flash	5	100	999	10
2026-07-07T09:34:31.108	918	2283	1354	2713	6398	5951	6665	8347	7702	834	29.31	1012.29	51.29	92717	AS7341	flash	5	100	999	10
2026-07-07T09:34:33.104	918	2282	1354	2712	6397	5950	6663	8345	7700	834	29.31	1012.26	51.28	92923	AS7341	flash	5	100	999	10
2026-07-07T09:34:35.107	918	2283	1354	2713	6399	5952	6664	8346	7701	834	29.31	1012.25	51.22	93337	AS7341	flash	5	100	999	10
2026-07-07T09:34:37.121	918	2283	1354	2714	6400	5954	6666	8348	7703	834	29.31	1012.26	51.21	92923	AS7341	flash	5	100	999	10
2026-07-07T09:34:39.129	918	2283	1354	2714	6399	5952	6664	8345	7701	833	29.31	1012.27	51.14	92820	AS7341	flash	5	100	999	10
2026-07-07T09:34:41.142	918	2283	1354	2715	6401	5955	6667	8348	7704	834	29.31	1012.27	51.11	92512	AS7341	flash	5	100	999	10
2026-07-07T09:34:43.144	918	2282	1354	2714	6403	5956	6669	8352	7705	834	29.31	1012.24	51.12	92308	AS7341	flash	5	100	999	10
2026-07-07T09:34:45.160	918	2282	1354	2715	6404	5959	6671	8354	7707	834	29.3	1012.25	51.19	92105	AS7341	flash	5	100	999	10
2026-07-07T09:34:47.177	918	2282	1354	2716	6407	5961	6674	8357	7709	834	29.3	1012.27	51.18	92615	AS7341	flash	5	100	999	10
2026-07-07T09:34:49.186	919	2282	1354	2717	6411	5965	6678	8361	7713	835	29.29	1012.27	51.13	92512	AS7341	flash	5	100	999	10
2026-07-07T09:34:51.191	918	2280	1354	2717	6411	5966	6678	8359	7713	835	29.3	1012.26	51.03	92717	AS7341	flash	5	100	999	10
2026-07-07T09:34:53.200	918	2280	1354	2718	6414	5969	6681	8361	7715	835	29.29	1012.25	50.95	92615	AS7341	flash	5	100	999	10
2026-07-07T09:34:55.115	919	2280	1354	2718	6415	5969	6681	8360	7715	835	29.3	1012.28	50.86	93755	AS7341	flash	5	100	999	10
2026-07-07T09:34:57.132	919	2280	1354	2720	6418	5972	6685	8364	7719	835	29.29	1012.25	50.79	93026	AS7341	flash	5	100	999	10
2026-07-07T09:34:59.150	919	2279	1354	2719	6420	5974	6687	8365	7720	835	29.28	1012.27	50.75	93337	AS7341	flash	5	100	999	10
2026-07-07T09:35:01.156	919	2278	1354	2721	6421	5976	6688	8366	7721	835	29.28	1012.29	50.69	93233	AS7341	flash	5	100	999	10
2026-07-07T09:35:03.183	919	2278	1354	2721	6422	5977	6689	8367	7721	835	29.28	1012.27	50.68	92820	AS7341	flash	5	100	999	10
2026-07-07T09:35:05.206	919	2277	1353	2721	6425	5981	6694	8372	7726	836	29.28	1012.27	50.66	93130	AS7341	flash	5	100	999	10
2026-07-07T09:35:07.108	919	2277	1353	2721	6425	5981	6694	8373	7726	836	29.28	1012.25	50.68	93546	AS7341	flash	5	100	999	10
2026-07-07T09:35:09.127	919	2277	1353	2722	6430	5986	6700	8380	7732	836	29.26	1012.25	50.76	93130	AS7341	flash	5	100	999	10
2026-07-07T09:35:11.132	919	2276	1353	2722	6428	5984	6698	8378	7729	836	29.25	1012.26	50.78	93130	AS7341	flash	5	100	999	10
2026-07-07T09:35:13.152	919	2275	1353	2722	6429	5985	6700	8380	7731	836	29.25	1012.26	50.8	92923	AS7341	flash	5	100	999	10
2026-07-07T09:35:15.168	919	2275	1353	2723	6431	5987	6701	8381	7732	836	29.24	1012.24	50.78	93026	AS7341	flash	5	100	999	10
2026-07-07T09:35:17.182	919	2275	1353	2723	6432	5989	6702	8382	7733	836	29.24	1012.27	50.69	93337	AS7341	flash	5	100	999	10
2026-07-07T09:35:19.188	920	2274	1353	2724	6434	5991	6706	8385	7735	837	29.24	1012.26	50.69	93130	AS7341	flash	5	100	999	10
2026-07-07T09:35:21.196	919	2274	1353	2724	6434	5991	6706	8385	7736	837	29.23	1012.27	50.74	93233	AS7341	flash	5	100	999	10
2026-07-07T09:35:23.101	919	2273	1353	2723	6435	5992	6707	8386	7737	837	29.24	1012.26	50.75	93755	AS7341	flash	5	100	999	10
2026-07-07T09:35:25.119	919	2273	1353	2724	6437	5994	6709	8389	7739	837	29.23	1012.22	50.7	93755	AS7341	flash	5	100	999	10
2026-07-07T09:35:27.132	919	2273	1353	2725	6438	5995	6710	8389	7739	837	29.22	1012.23	50.64	93755	AS7341	flash	5	100	999	10
2026-07-07T09:35:29.155	920	2272	1353	2725	6440	5998	6713	8393	7741	837	29.22	1012.24	50.65	92923	AS7341	flash	5	100	999	10
2026-07-07T09:35:31.180	920	2272	1352	2725	6440	5998	6713	8395	7742	837	29.22	1012.25	50.72	93546	AS7341	flash	5	100	999	10
2026-07-07T09:35:33.201	920	2271	1352	2725	6441	5998	6714	8394	7742	838	29.21	1012.28	50.76	93337	AS7341	flash	5	100	999	10
2026-07-07T09:35:35.109	920	2272	1353	2726	6443	6000	6715	8395	7744	838	29.21	1012.27	50.68	94283	AS7341	flash	5	100	999	10
2026-07-07T09:35:37.122	919	2271	1352	2726	6442	5999	6715	8392	7742	837	29.2	1012.22	50.57	93965	AS7341	flash	5	100	999	10
2026-07-07T09:35:39.136	919	2271	1352	2726	6445	6002	6717	8395	7745	838	29.2	1012.29	50.48	93650	AS7341	flash	5	100	999	10
2026-07-07T09:35:41.155	920	2271	1352	2727	6446	6003	6718	8395	7745	838	29.2	1012.25	50.37	94283	AS7341	flash	5	100	999	10
2026-07-07T09:35:43.173	920	2270	1353	2727	6447	6004	6719	8395	7746	838	29.19	1012.24	50.31	93860	AS7341	flash	5	100	999	10
2026-07-07T09:35:45.196	920	2271	1353	2728	6449	6007	6721	8398	7748	838	29.19	1012.26	50.29	93546	AS7341	flash	5	100	999	10
2026-07-07T09:35:47.100	920	2270	1352	2728	6449	6007	6722	8398	7749	838	29.2	1012.26	50.27	94602	AS7341	flash	5	100	999	10
2026-07-07T09:35:49.111	920	2269	1352	2728	6451	6009	6723	8400	7750	838	29.18	1012.27	50.28	94177	AS7341	flash	5	100	999	10
2026-07-07T09:35:51.118	920	2269	1352	2728	6451	6009	6724	8401	7750	838	29.18	1012.27	50.3	93965	AS7341	flash	5	100	999	10
2026-07-07T09:35:53.127	920	2269	1352	2728	6453	6011	6726	8402	7752	838	29.18	1012.26	50.27	94177	AS7341	flash	5	100	999	10
2026-07-07T09:35:55.150	920	2268	1352	2729	6453	6011	6725	8400	7751	838	29.17	1012.26	50.23	94177	AS7341	flash	5	100	999	10
2026-07-07T09:35:57.167	920	2268	1352	2729	6455	6013	6728	8404	7754	838	29.17	1012.26	50.2	94389	AS7341	flash	5	100	999	10
2026-07-07T09:35:59.174	920	2268	1352	2729	6456	6014	6729	8406	7755	838	29.17	1012.26	50.17	94283	AS7341	flash	5	100	999	10
2026-07-07T09:36:01.188	920	2268	1352	2730	6457	6015	6732	8409	7756	839	29.17	1012.28	50.2	93965	AS7341	flash	5	100	999	10
2026-07-07T09:36:03.100	920	2267	1352	2730	6455	6015	6730	8406	7754	839	29.18	1012.27	50.24	94709	AS7341	flash	5	100	999	10
2026-07-07T09:36:05.118	920	2267	1352	2730	6459	6018	6734	8412	7759	839	29.17	1012.3	50.29	94071	AS7341	flash	5	100	999	10
2026-07-07T09:36:07.136	920	2267	1352	2731	6461	6020	6737	8415	7761	839	29.16	1012.27	50.33	94177	AS7341	flash	5	100	999	10
2026-07-07T09:36:09.153	920	2267	1352	2731	6461	6020	6736	8414	7761	839	29.16	1012.25	50.35	94071	AS7341	flash	5	100	999	10
2026-07-07T09:36:11.176	920	2267	1352	2731	6465	6023	6740	8419	7765	840	29.15	1012.23	50.32	93965	AS7341	flash	5	100	999	10
2026-07-07T09:36:13.195	920	2266	1352	2731	6462	6021	6737	8416	7762	839	29.16	1012.31	50.31	93860	AS7341	flash	5	100	999	10
2026-07-07T09:36:15.102	920	2265	1352	2730	6462	6021	6738	8415	7761	839	29.16	1012.24	50.31	94602	AS7341	flash	5	100	999	10
2026-07-07T09:36:17.115	920	2265	1352	2731	6462	6021	6738	8416	7761	839	29.15	1012.24	50.31	94496	AS7341	flash	5	100	999	10
2026-07-07T09:36:19.136	920	2265	1351	2731	6464	6023	6741	8420	7764	839	29.15	1012.24	50.31	94496	AS7341	flash	5	100	999	10
2026-07-07T09:36:21.152	920	2264	1351	2731	6465	6025	6744	8424	7766	840	29.14	1012.27	50.39	94177	AS7341	flash	5	100	999	10
2026-07-07T09:36:23.163	920	2264	1351	2730	6464	6024	6743	8423	7764	840	29.14	1012.25	50.47	94283	AS7341	flash	5	100	999	10
2026-07-07T09:36:25.182	921	2264	1352	2731	6466	6026	6746	8426	7768	840	29.13	1012.26	50.53	93650	AS7341	flash	5	100	999	10
2026-07-07T09:36:27.191	921	2264	1352	2732	6466	6026	6746	8427	7767	840	29.13	1012.27	50.6	93755	AS7341	flash	5	100	999	10
2026-07-07T09:36:29.198	921	2264	1352	2732	6467	6027	6746	8428	7768	840	29.13	1012.24	50.58	93860	AS7341	flash	5	100	999	10
2026-07-07T09:36:31.109	920	2263	1351	2731	6465	6026	6745	8426	7766	840	29.14	1012.3	50.53	94817	AS7341	flash	5	100	999	10
2026-07-07T09:36:33.127	920	2263	1351	2731	6465	6026	6746	8426	7767	840	29.12	1012.26	50.52	94283	AS7341	flash	5	100	999	10
2026-07-07T09:36:35.132	921	2263	1351	2732	6467	6027	6748	8429	7768	840	29.12	1012.27	50.51	94177	AS7341	flash	5	100	999	10
2026-07-07T09:36:37.154	921	2263	1351	2732	6467	6027	6748	8428	7768	840	29.11	1012.29	50.5	94389	AS7341	flash	5	100	999	10
2026-07-07T09:36:39.177	920	2263	1351	2731	6467	6027	6747	8427	7767	840	29.09	1012.24	50.46	93860	AS7341	flash	5	100	999	10
2026-07-07T09:36:41.200	920	2262	1351	2732	6467	6028	6748	8429	7768	840	29.1	1012.27	50.46	93965	AS7341	flash	5	100	999	10
2026-07-07T09:36:43.110	921	2262	1351	2731	6469	6030	6751	8432	7770	840	29.1	1012.25	50.47	94496	AS7341	flash	5	100	999	10
2026-07-07T09:36:45.115	920	2262	1351	2731	6469	6030	6750	8433	7770	840	29.09	1012.28	50.5	94389	AS7341	flash	5	100	999	10
2026-07-07T09:36:47.130	921	2262	1351	2732	6469	6030	6752	8433	7771	840	29.09	1012.24	50.55	93650	AS7341	flash	5	100	999	10
2026-07-07T09:36:49.150	921	2261	1351	2731	6468	6029	6750	8432	7769	840	29.09	1012.25	50.57	93755	AS7341	flash	5	100	999	10
2026-07-07T09:36:51.158	921	2262	1351	2732	6469	6029	6751	8433	7770	840	29.09	1012.25	50.55	94602	AS7341	flash	5	100	999	10
2026-07-07T09:36:53.166	921	2262	1351	2732	6470	6031	6753	8435	7771	840	29.08	1012.26	50.54	94283	AS7341	flash	5	100	999	10
2026-07-07T09:36:55.177	920	2261	1350	2732	6471	6032	6754	8437	7772	840	29.08	1012.26	50.56	93755	AS7341	flash	5	100	999	10
2026-07-07T09:36:57.187	921	2262	1351	2733	6472	6034	6755	8438	7773	841	29.07	1012.23	50.56	93965	AS7341	flash	5	100	999	10
2026-07-07T09:36:59.192	921	2261	1351	2732	6471	6032	6755	8437	7772	840	29.07	1012.24	50.54	94283	AS7341	flash	5	100	999	10
2026-07-07T09:37:01.200	921	2260	1351	2732	6472	6033	6757	8440	7774	841	29.07	1012.21	50.56	94177	AS7341	flash	5	100	999	10
2026-07-07T09:37:03.110	921	2261	1351	2732	6472	6033	6757	8441	7774	841	29.08	1012.24	50.64	94924	AS7341	flash	5	100	999	10
2026-07-07T09:37:05.129	921	2260	1350	2731	6472	6034	6757	8441	7773	841	29.07	1012.26	50.69	94283	AS7341	flash	5	100	999	10
2026-07-07T09:37:07.151	921	2261	1351	2733	6475	6036	6760	8444	7777	841	29.06	1012.26	50.68	94389	AS7341	flash	5	100	999	10
2026-07-07T09:37:09.171	921	2260	1351	2732	6472	6033	6757	8440	7773	841	29.05	1012.25	50.63	93965	AS7341	flash	5	100	999	10
2026-07-07T09:37:11.178	921	2260	1350	2732	6473	6034	6758	8442	7774	841	29.05	1012.23	50.57	94177	AS7341	flash	5	100	999	10
2026-07-07T09:37:13.187	921	2260	1351	2733	6476	6038	6763	8448	7779	841	29.06	1012.24	50.58	93965	AS7341	flash	5	100	999	10
2026-07-07T09:37:15.199	921	2259	1350	2732	6475	6037	6762	8448	7778	841	29.05	1012.23	50.7	93441	AS7341	flash	5	100	999	10
2026-07-07T09:37:17.207	921	2258	1350	2732	6473	6036	6762	8448	7776	841	29.05	1012.22	50.83	93965	AS7341	flash	5	100	999	10
2026-07-07T09:37:19.121	921	2258	1350	2732	6472	6035	6761	8448	7776	841	29.05	1012.21	50.92	94177	AS7341	flash	5	100	999	10
2026-07-07T09:37:21.127	921	2259	1350	2732	6474	6036	6761	8447	7776	841	29.05	1012.25	50.88	94496	AS7341	flash	5	100	999	10
2026-07-07T09:37:23.138	921	2258	1350	2732	6472	6035	6760	8446	7774	841	29.04	1012.22	50.82	94389	AS7341	flash	5	100	999	10
2026-07-07T09:37:25.146	921	2259	1350	2733	6475	6038	6762	8448	7778	841	29.04	1012.21	50.74	94177	AS7341	flash	5	100	999	10
2026-07-07T09:37:27.158	921	2258	1350	2731	6473	6036	6761	8446	7775	841	29.03	1012.25	50.64	94602	AS7341	flash	5	100	999	10
2026-07-07T09:37:29.159	921	2259	1350	2733	6474	6037	6763	8449	7777	841	29.04	1012.25	50.65	93965	AS7341	flash	5	100	999	10
2026-07-07T09:37:31.172	921	2258	1350	2732	6475	6037	6763	8449	7777	841	29.03	1012.22	50.71	93755	AS7341	flash	5	100	999	10
2026-07-07T09:37:33.190	921	2258	1350	2732	6476	6039	6766	8453	7779	841	29.03	1012.22	50.73	94071	AS7341	flash	5	100	999	10
2026-07-07T09:37:35.196	921	2258	1350	2732	6476	6040	6766	8454	7780	841	29.03	1012.22	50.77	94071	AS7341	flash	5	100	999	10
2026-07-07T09:37:37.110	921	2257	1350	2731	6473	6036	6763	8449	7775	841	29.03	1012.2	50.82	94817	AS7341	flash	5	100	999	10
2026-07-07T09:37:39.124	921	2258	1350	2732	6475	6039	6766	8454	7779	841	29.02	1012.2	50.86	94389	AS7341	flash	5	100	999	10
2026-07-07T09:37:41.141	922	2259	1350	2733	6478	6041	6769	8458	7781	841	29.02	1012.25	50.89	94389	AS7341	flash	5	100	999	10
2026-07-07T09:37:43.159	921	2258	1350	2732	6476	6039	6766	8455	7779	841	29.01	1012.25	50.89	94177	AS7341	flash	5	100	999	10
2026-07-07T09:37:45.169	921	2258	1350	2732	6474	6038	6765	8453	7778	841	29.01	1012.24	50.84	94177	AS7341	flash	5	100	999	10
2026-07-07T09:37:47.185	921	2258	1350	2732	6476	6039	6767	8454	7779	841	29.01	1012.25	50.78	93650	AS7341	flash	5	100	999	10
2026-07-07T09:37:49.099	921	2257	1350	2731	6474	6038	6764	8451	7778	841	29.01	1012.2	50.76	94924	AS7341	flash	5	100	999	10
2026-07-07T09:37:51.119	921	2257	1350	2731	6475	6038	6766	8453	7778	841	28.99	1012.2	50.72	94602	AS7341	flash	5	100	999	10
2026-07-07T09:37:53.124	921	2257	1350	2731	6474	6037	6764	8450	7776	841	29.0	1012.22	50.69	94389	AS7341	flash	5	100	999	10
2026-07-07T09:37:55.129	921	2257	1350	2732	6475	6038	6764	8451	7778	841	28.99	1012.26	50.66	93965	AS7341	flash	5	100	999	10
2026-07-07T09:37:57.149	921	2257	1350	2732	6476	6040	6767	8455	7779	841	28.99	1012.26	50.65	94071	AS7341	flash	5	100	999	10
2026-07-07T09:37:59.165	921	2257	1350	2732	6476	6040	6769	8458	7780	841	28.98	1012.25	50.8	94071	AS7341	flash	5	100	999	10
2026-07-07T09:38:01.171	921	2256	1350	2732	6478	6043	6772	8464	7783	842	28.98	1012.24	50.97	94177	AS7341	flash	5	100	999	10
2026-07-07T09:38:03.186	921	2256	1349	2731	6475	6040	6769	8459	7779	841	28.97	1012.29	51.08	93755	AS7341	flash	5	100	999	10
2026-07-07T09:38:05.200	921	2256	1349	2731	6475	6040	6769	8459	7780	841	28.96	1012.25	51.07	94177	AS7341	flash	5	100	999	10
2026-07-07T09:38:07.105	921	2256	1350	2731	6477	6042	6771	8462	7783	842	28.97	1012.24	51.03	94177	AS7341	flash	5	100	999	10
2026-07-07T09:38:09.125	921	2257	1350	2732	6477	6042	6772	8463	7782	841	28.96	1012.29	51.03	93965	AS7341	flash	5	100	999	10
2026-07-07T09:38:11.140	921	2257	1350	2731	6476	6041	6772	8464	7782	841	28.95	1012.23	51.09	94283	AS7341	flash	5	100	999	10
2026-07-07T09:38:13.150	921	2256	1349	2731	6477	6042	6773	8466	7783	842	28.94	1012.26	51.18	94177	AS7341	flash	5	100	999	10
2026-07-07T09:38:15.177	921	2256	1349	2731	6476	6041	6772	8465	7781	841	28.94	1012.24	51.21	94177	AS7341	flash	5	100	999	10
2026-07-07T09:38:17.182	921	2256	1349	2731	6476	6040	6772	8464	7781	841	28.94	1012.25	51.23	93860	AS7341	flash	5	100	999	10
2026-07-07T09:38:19.196	921	2257	1350	2731	6477	6041	6772	8464	7781	842	28.94	1012.26	51.17	94177	AS7341	flash	5	100	999	10
2026-07-07T09:38:21.103	921	2256	1350	2731	6475	6039	6770	8460	7780	841	28.95	1012.28	51.05	94602	AS7341	flash	5	100	999	10
2026-07-07T09:38:23.108	921	2257	1350	2732	6477	6042	6771	8461	7781	841	28.93	1012.25	50.94	94389	AS7341	flash	5	100	999	10
2026-07-07T09:38:25.130	921	2257	1349	2731	6476	6041	6771	8462	7781	841	28.92	1012.27	50.88	94602	AS7341	flash	5	100	999	10
2026-07-07T09:38:27.149	921	2257	1350	2731	6477	6041	6772	8461	7782	842	28.93	1012.28	50.86	94817	AS7341	flash	5	100	999	10
2026-07-07T09:38:29.159	921	2257	1350	2732	6478	6041	6770	8460	7781	841	28.92	1012.24	50.79	94709	AS7341	flash	5	100	999	10
2026-07-07T09:38:31.169	921	2258	1350	2732	6480	6043	6772	8461	7783	842	28.91	1012.27	50.71	94602	AS7341	flash	5	100	999	10
2026-07-07T09:38:33.229	921	2258	1350	2732	6479	6043	6772	8461	7783	842	28.91	1012.27	50.67	94177	AS7341	flash	5	100	999	10
2026-07-07T09:38:35.131	921	2257	1350	2732	6478	6042	6771	8460	7782	842	28.91	1012.27	50.66	95140	AS7341	flash	5	100	999	10
2026-07-07T09:38:37.143	921	2257	1350	2732	6479	6043	6772	8460	7782	841	28.91	1012.29	50.66	94709	AS7341	flash	5	100	999	10
2026-07-07T09:38:39.156	922	2258	1350	2734	6482	6047	6775	8465	7786	842	28.9	1012.31	50.67	94177	AS7341	flash	5	100	999	10
2026-07-07T09:38:41.177	921	2257	1350	2733	6481	6045	6773	8462	7784	842	28.9	1012.3	50.67	94283	AS7341	flash	5	100	999	10
2026-07-07T09:38:43.182	921	2256	1350	2732	6478	6042	6770	8458	7780	842	28.89	1012.27	50.67	94283	AS7341	flash	5	100	999	10
2026-07-07T09:38:45.201	921	2257	1349	2732	6480	6044	6773	8462	7783	842	28.89	1012.32	50.64	94709	AS7341	flash	5	100	999	10
2026-07-07T09:38:47.099	921	2256	1349	2732	6479	6043	6772	8460	7781	842	28.9	1012.3	50.63	94924	AS7341	flash	5	100	999	10
2026-07-07T09:38:49.105	921	2256	1350	2732	6480	6044	6772	8460	7782	842	28.89	1012.31	50.68	95248	AS7341	flash	5	100	999	10
2026-07-07T09:38:51.126	921	2257	1350	2733	6482	6047	6775	8463	7785	842	28.88	1012.32	50.67	95140	AS7341	flash	5	100	999	10
2026-07-07T09:38:53.149	921	2256	1350	2733	6484	6047	6777	8467	7787	842	28.88	1012.3	50.68	94817	AS7341	flash	5	100	999	10
2026-07-07T09:38:55.166	922	2256	1350	2733	6482	6046	6777	8467	7786	842	28.88	1012.34	50.77	94177	AS7341	flash	5	100	999	10
2026-07-07T09:38:57.175	922	2256	1350	2733	6482	6047	6777	8467	7786	842	28.87	1012.29	50.85	94817	AS7341	flash	5	100	999	10
2026-07-07T09:38:59.191	921	2256	1350	2733	6483	6047	6779	8469	7787	842	28.87	1012.29	50.84	94496	AS7341	flash	5	100	999	10
2026-07-07T09:39:01.101	921	2254	1349	2732	6481	6046	6777	8468	7785	842	28.88	1012.29	50.9	94602	AS7341	flash	5	100	999	10
2026-07-07T09:39:03.109	921	2255	1350	2733	6481	6046	6777	8469	7785	842	28.86	1012.28	50.99	94389	AS7341	flash	5	100	999	10
2026-07-07T09:39:05.128	921	2255	1349	2733	6482	6047	6778	8467	7785	842	28.86	1012.31	50.94	94602	AS7341	flash	5	100	999	10
2026-07-07T09:39:07.145	921	2256	1349	2733	6482	6047	6778	8468	7786	842	28.86	1012.34	50.88	94709	AS7341	flash	5	100	999	10
2026-07-07T09:39:09.152	921	2255	1350	2732	6484	6049	6780	8471	7788	842	28.86	1012.29	50.88	94602	AS7341	flash	5	100	999	10
2026-07-07T09:39:11.166	921	2255	1349	2732	6483	6048	6780	8471	7787	842	28.85	1012.29	50.88	93965	AS7341	flash	5	100	999	10
2026-07-07T09:39:13.184	922	2255	1349	2733	6483	6048	6780	8472	7787	842	28.85	1012.34	50.93	94817	AS7341	flash	5	100	999	10
2026-07-07T09:39:15.205	922	2256	1349	2733	6484	6048	6780	8472	7788	842	28.84	1012.33	50.91	94071	AS7341	flash	5	100	999	10
2026-07-07T09:39:17.115	921	2254	1349	2732	6481	6046	6778	8468	7785	842	28.85	1012.3	50.91	95356	AS7341	flash	5	100	999	10
2026-07-07T09:39:19.123	921	2255	1349	2732	6482	6047	6779	8470	7786	842	28.84	1012.3	50.9	94817	AS7341	flash	5	100	999	10
2026-07-07T09:39:21.135	921	2255	1349	2733	6483	6048	6780	8471	7787	842	28.83	1012.3	50.92	94177	AS7341	flash	5	100	999	10
2026-07-07T09:39:23.140	921	2255	1349	2732	6485	6050	6782	8474	7789	842	28.84	1012.33	50.93	95032	AS7341	flash	5	100	999	10
2026-07-07T09:39:25.158	922	2255	1349	2733	6485	6050	6783	8475	7790	842	28.83	1012.34	50.92	94924	AS7341	flash	5	100	999	10
2026-07-07T09:39:27.178	921	2255	1349	2733	6484	6050	6782	8474	7788	842	28.83	1012.29	50.92	94283	AS7341	flash	5	100	999	10
2026-07-07T09:39:29.202	921	2254	1349	2733	6484	6050	6783	8474	7789	842	28.83	1012.33	50.96	94177	AS7341	flash	5	100	999	10
2026-07-07T09:39:31.110	922	2255	1350	2733	6483	6048	6780	8470	7786	842	28.83	1012.34	50.91	94709	AS7341	flash	5	100	999	10
2026-07-07T09:39:33.126	921	2254	1349	2733	6484	6050	6782	8473	7788	842	28.82	1012.3	50.81	94924	AS7341	flash	5	100	999	10
2026-07-07T09:39:35.144	921	2253	1349	2732	6483	6049	6783	8473	7782	841	28.82	1012.33	50.87	94817	AS7341	flash	5	100	999	10
2026-07-07T09:39:37.156	921	2253	1349	2732	6482	6049	6783	8475	7783	842	28.82	1012.31	51.06	94602	AS7341	flash	5	100	999	10
2026-07-07T09:39:39.180	921	2253	1348	2731	6484	6050	6784	8477	7785	842	28.82	1012.31	51.22	93965	AS7341	flash	5	100	999	10
2026-07-07T09:39:41.190	921	2254	1349	2732	6483	6049	6783	8477	7785	842	28.81	1012.28	51.25	94177	AS7341	flash	5	100	999	10
2026-07-07T09:39:43.207	922	2255	1349	2731	6480	6047	6780	8473	7785	842	28.81	1012.3	51.25	94389	AS7341	flash	5	100	999	10
2026-07-07T09:39:45.114	921	2254	1349	2729	6475	6042	6775	8467	7779	841	28.82	1012.3	51.22	94709	AS7341	flash	5	100	999	10
2026-07-07T09:39:47.124	921	2255	1349	2731	6480	6044	6778	8470	7784	842	28.82	1012.29	51.2	94496	AS7341	flash	5	100	999	10
2026-07-07T09:39:49.146	921	2256	1349	2731	6478	6043	6776	8469	7781	842	28.81	1012.32	51.16	93965	AS7341	flash	5	100	999	10
2026-07-07T09:39:51.169	921	2256	1349	2730	6476	6040	6774	8468	7780	842	28.83	1012.31	51.17	93650	AS7341	flash	5	100	999	10
2026-07-07T09:39:53.191	921	2256	1349	2730	6473	6037	6771	8465	7778	842	28.82	1012.27	51.21	94071	AS7341	flash	5	100	999	10
2026-07-07T09:39:55.101	920	2256	1349	2728	6469	6034	6766	8459	7773	841	28.83	1012.29	51.3	94817	AS7341	flash	5	100	999	10
2026-07-07T09:39:57.123	920	2257	1349	2728	6469	6033	6766	8461	7774	841	28.82	1012.3	51.33	94602	AS7341	flash	5	100	999	10
2026-07-07T09:39:59.137	920	2258	1349	2728	6467	6031	6765	8461	7772	841	28.83	1012.28	51.38	93650	AS7341	flash	5	100	999	10
2026-07-07T09:40:01.156	920	2258	1349	2727	6466	6031	6765	8463	7772	841	28.83	1012.29	51.54	93755	AS7341	flash	5	100	999	10
2026-07-07T09:40:03.173	920	2258	1350	2726	6464	6028	6763	8461	7770	841	28.84	1012.31	51.72	93546	AS7341	flash	5	100	999	10
2026-07-07T09:40:05.189	920	2259	1350	2726	6464	6029	6763	8460	7771	841	28.83	1012.3	51.8	93130	AS7341	flash	5	100	999	10
2026-07-07T09:40:07.192	920	2260	1350	2726	6461	6026	6760	8457	7768	840	28.84	1012.26	51.79	93337	AS7341	flash	5	100	999	10
2026-07-07T09:40:09.103	920	2260	1350	2724	6456	6020	6754	8450	7762	840	28.85	1012.28	51.76	94602	AS7341	flash	5	100	999	10
2026-07-07T09:40:11.123	920	2260	1350	2723	6455	6019	6753	8450	7761	839	28.85	1012.31	51.76	93755	AS7341	flash	5	100	999	10
2026-07-07T09:40:13.136	920	2261	1350	2724	6454	6018	6752	8448	7761	840	28.85	1012.3	51.79	93546	AS7341	flash	5	100	999	10
2026-07-07T09:40:15.163	920	2262	1350	2724	6454	6018	6752	8449	7762	840	28.85	1012.28	51.78	93130	AS7341	flash	5	100	999	10
2026-07-07T09:40:17.171	920	2262	1350	2723	6452	6015	6749	8446	7758	839	28.86	1012.28	51.75	93337	AS7341	flash	5	100	999	10
2026-07-07T09:40:19.177	920	2263	1350	2723	6450	6014	6747	8445	7757	839	28.86	1012.29	51.75	93130	AS7341	flash	5	100	999	10
2026-07-07T09:40:21.198	920	2264	1351	2723	6450	6014	6746	8443	7755	839	28.86	1012.29	51.77	93130	AS7341	flash	5	100	999	10
2026-07-07T09:40:23.216	920	2264	1351	2722	6449	6011	6744	8441	7754	839	28.87	1012.28	51.74	93233	AS7341	flash	5	100	999	10
2026-07-07T09:40:25.118	920	2264	1351	2721	6447	6009	6741	8438	7752	839	28.88	1012.3	51.72	94177	AS7341	flash	5	100	999	10
2026-07-07T09:40:27.134	920	2265	1351	2721	6445	6007	6740	8437	7751	839	28.87	1012.28	51.75	93755	AS7341	flash	5	100	999	10
2026-07-07T09:40:29.157	920	2265	1351	2721	6444	6007	6739	8438	7751	839	28.88	1012.33	51.81	93441	AS7341	flash	5	100	999	10
2026-07-07T09:40:31.171	920	2265	1351	2720	6443	6006	6739	8438	7750	839	28.88	1012.28	51.9	93650	AS7341	flash	5	100	999	10
2026-07-07T09:40:33.191	920	2266	1351	2719	6441	6003	6736	8433	7746	838	28.87	1012.3	51.92	93337	AS7341	flash	5	100	999	10
2026-07-07T09:40:35.215	919	2266	1351	2720	6440	6002	6734	8431	7745	838	28.88	1012.32	51.88	93130	AS7341	flash	5	100	999	10
2026-07-07T09:40:37.220	919	2267	1351	2719	6440	6001	6733	8428	7745	838	28.88	1012.29	51.81	93233	AS7341	flash	5	100	999	10
2026-07-07T09:40:39.119	919	2267	1351	2719	6437	5998	6729	8424	7742	838	28.89	1012.32	51.76	94071	AS7341	flash	5	100	999	10
2026-07-07T09:40:41.136	919	2268	1351	2719	6437	5998	6729	8424	7741	838	28.89	1012.29	51.73	93860	AS7341	flash	5	100	999	10
2026-07-07T09:40:43.154	919	2267	1351	2718	6435	5996	6727	8421	7739	837	28.89	1012.3	51.73	93650	AS7341	flash	5	100	999	10
2026-07-07T09:40:45.172	919	2268	1351	2718	6435	5996	6726	8420	7739	837	28.89	1012.3	51.69	93233	AS7341	flash	5	100	999	10
2026-07-07T09:40:47.192	919	2269	1352	2719	6435	5996	6725	8419	7739	838	28.89	1012.26	51.65	93441	AS7341	flash	5	100	999	10
2026-07-07T09:40:49.201	919	2269	1352	2719	6435	5995	6724	8418	7739	837	28.9	1012.3	51.6	93755	AS7341	flash	5	100	999	10
2026-07-07T09:40:51.211	920	2269	1351	2718	6432	5992	6721	8414	7735	837	28.91	1012.32	51.59	93546	AS7341	flash	5	100	999	10
2026-07-07T09:40:53.123	919	2269	1351	2717	6431	5992	6721	8414	7734	837	28.92	1012.31	51.6	93546	AS7341	flash	5	100	999	10
2026-07-07T09:40:55.146	919	2269	1351	2717	6430	5990	6720	8414	7734	837	28.92	1012.29	51.68	93546	AS7341	flash	5	100	999	10
2026-07-07T09:40:57.167	919	2270	1352	2718	6430	5991	6722	8415	7734	838	28.92	1012.32	51.77	92717	AS7341	flash	5	100	999	10
2026-07-07T09:40:59.182	919	2270	1351	2717	6429	5990	6720	8414	7734	837	28.92	1012.25	51.81	92820	AS7341	flash	5	100	999	10
2026-07-07T09:41:01.187	919	2271	1352	2717	6430	5990	6721	8416	7735	837	28.93	1012.29	51.87	92820	AS7341	flash	5	100	999	10
2026-07-07T09:41:03.203	920	2271	1352	2717	6428	5989	6719	8413	7733	837	28.92	1012.3	51.9	92615	AS7341	flash	5	100	999	10
2026-07-07T09:41:05.224	920	2271	1352	2716	6426	5987	6716	8410	7731	837	28.92	1012.31	51.86	92410	AS7341	flash	5	100	999	10
2026-07-07T09:41:07.137	920	2272	1352	2716	6425	5986	6715	8408	7730	836	28.94	1012.28	51.83	93441	AS7341	flash	5	100	999	10
2026-07-07T09:41:09.154	919	2272	1352	2717	6426	5986	6716	8408	7731	837	28.94	1012.31	51.8	93337	AS7341	flash	5	100	999	10
2026-07-07T09:41:11.172	918	2272	1352	2716	6425	5985	6714	8406	7730	836	28.94	1012.33	51.76	93233	AS7341	flash	5	100	999	10
2026-07-07T09:41:13.184	919	2272	1352	2716	6425	5985	6713	8406	7730	836	28.94	1012.28	51.71	93441	AS7341	flash	5	100	999	10
2026-07-07T09:41:15.199	919	2273	1352	2715	6423	5983	6712	8403	7728	836	28.95	1012.27	51.68	92923	AS7341	flash	5	100	999	10
2026-07-07T09:41:17.110	919	2273	1352	2716	6423	5982	6710	8400	7727	836	28.96	1012.28	51.67	93860	AS7341	flash	5	100	999	10
2026-07-07T09:41:19.126	919	2273	1352	2715	6422	5982	6710	8401	7726	836	28.96	1012.3	51.66	93546	AS7341	flash	5	100	999	10
2026-07-07T09:41:21.144	920	2274	1352	2715	6423	5983	6712	8405	7729	837	28.96	1012.3	51.7	92923	AS7341	flash	5	100	999	10
2026-07-07T09:41:23.151	920	2273	1352	2715	6420	5981	6710	8403	7726	836	28.96	1012.29	51.86	92717	AS7341	flash	5	100	999	10
2026-07-07T09:41:25.180	919	2273	1352	2715	6419	5980	6710	8406	7726	836	28.97	1012.31	52.01	92308	AS7341	flash	5	100	999	10
2026-07-07T09:41:27.188	920	2274	1352	2714	6419	5980	6711	8408	7727	836	28.97	1012.31	52.17	92004	AS7341	flash	5	100	999	10
2026-07-07T09:41:29.195	919	2274	1352	2713	6420	5980	6712	8408	7728	837	28.97	1012.32	52.25	92308	AS7341	flash	5	100	999	10
2026-07-07T09:41:31.214	920	2274	1352	2714	6416	5977	6708	8405	7724	836	28.98	1012.31	52.3	92105	AS7341	flash	5	100	999	10
2026-07-07T09:41:33.116	919	2274	1352	2712	6416	5977	6707	8404	7723	836	28.99	1012.32	52.31	92717	AS7341	flash	5	100	999	10
2026-07-07T09:41:35.135	918	2274	1352	2712	6413	5973	6704	8399	7719	835	28.98	1012.28	52.25	92923	AS7341	flash	5	100	999	10
2026-07-07T09:41:37.147	918	2275	1352	2712	6412	5973	6703	8397	7719	835	28.98	1012.29	52.17	92717	AS7341	flash	5	100	999	10
2026-07-07T09:41:39.162	918	2275	1352	2712	6412	5972	6702	8396	7718	835	28.98	1012.31	52.06	92615	AS7341	flash	5	100	999	10
2026-07-07T09:41:41.179	919	2275	1353	2712	6414	5973	6703	8396	7720	835	28.99	1012.31	51.99	92105	AS7341	flash	5	100	999	10
2026-07-07T09:41:43.194	919	2276	1353	2712	6412	5972	6702	8396	7719	835	28.98	1012.32	51.96	92717	AS7341	flash	5	100	999	10
2026-07-07T09:41:45.207	919	2275	1352	2711	6411	5972	6702	8396	7719	835	28.99	1012.33	52.01	92512	AS7341	flash	5	100	999	10
2026-07-07T09:41:47.213	919	2276	1353	2712	6412	5972	6702	8398	7720	836	29.0	1012.33	52.07	92615	AS7341	flash	5	100	999	10
2026-07-07T09:41:49.116	918	2277	1353	2711	6409	5970	6699	8393	7716	836	29.01	1012.3	52.07	93130	AS7341	flash	5	100	999	10
2026-07-07T09:41:51.131	918	2276	1353	2711	6410	5969	6699	8393	7717	836	29.0	1012.29	52.05	92820	AS7341	flash	5	100	999	10
2026-07-07T09:41:53.139	919	2278	1353	2712	6410	5970	6698	8393	7717	835	29.01	1012.3	52.02	92207	AS7341	flash	5	100	999	10
2026-07-07T09:41:55.158	920	2278	1353	2712	6409	5968	6697	8392	7715	836	29.01	1012.29	52.02	92410	AS7341	flash	5	100	999	10
2026-07-07T09:41:57.177	919	2278	1353	2712	6410	5969	6697	8392	7717	836	29.01	1012.33	52.02	92717	AS7341	flash	5	100	999	10
2026-07-07T09:41:59.197	918	2279	1353	2712	6409	5968	6696	8391	7716	835	29.01	1012.32	51.97	91903	AS7341	flash	5	100	999	10
2026-07-07T09:42:01.201	918	2279	1353	2711	6407	5967	6695	8389	7715	835	29.01	1012.31	51.92	92717	AS7341	flash	5	100	999	10
2026-07-07T09:42:03.214	919	2278	1353	2711	6406	5966	6694	8389	7713	836	29.01	1012.28	51.89	92512	AS7341	flash	5	100	999	10
2026-07-07T09:42:05.120	919	2278	1353	2710	6405	5964	6693	8387	7711	836	29.03	1012.31	51.97	93130	AS7341	flash	5	100	999	10
2026-07-07T09:42:07.128	918	2279	1353	2711	6406	5965	6695	8388	7713	836	29.02	1012.27	52.06	92410	AS7341	flash	5	100	999	10
2026-07-07T09:42:09.142	918	2279	1353	2710	6405	5964	6693	8388	7712	835	29.02	1012.29	52.12	92308	AS7341	flash	5	100	999	10
2026-07-07T09:42:11.160	919	2279	1353	2710	6404	5964	6693	8388	7712	836	29.03	1012.29	52.15	92207	AS7341	flash	5	100	999	10
2026-07-07T09:42:13.174	919	2279	1354	2710	6405	5964	6693	8388	7712	836	29.04	1012.31	52.14	92615	AS7341	flash	5	100	999	10
2026-07-07T09:42:15.193	918	2280	1354	2710	6404	5964	6694	8388	7712	836	29.04	1012.27	52.14	92308	AS7341	flash	5	100	999	10
2026-07-07T09:42:17.201	918	2280	1354	2710	6403	5963	6693	8388	7711	836	29.04	1012.29	52.21	92004	AS7341	flash	5	100	999	10
2026-07-07T09:42:19.221	919	2280	1354	2709	6401	5962	6692	8387	7710	836	29.04	1012.29	52.25	92004	AS7341	flash	5	100	999	10
2026-07-07T09:42:21.128	918	2280	1354	2709	6401	5961	6691	8385	7710	834	29.06	1012.35	52.28	92410	AS7341	flash	5	100	999	10
2026-07-07T09:42:23.146	918	2281	1354	2710	6401	5961	6691	8386	7710	835	29.05	1012.3	52.29	92512	AS7341	flash	5	100	999	10
2026-07-07T09:42:25.160	919	2281	1354	2709	6399	5960	6689	8384	7709	835	29.05	1012.29	52.26	92105	AS7341	flash	5	100	999	10
2026-07-07T09:42:27.177	919	2281	1354	2709	6401	5961	6691	8387	7711	836	29.06	1012.3	52.26	92207	AS7341	flash	5	100	999	10
2026-07-07T09:42:29.188	918	2281	1354	2708	6398	5958	6689	8384	7707	834	29.06	1012.32	52.28	91702	AS7341	flash	5	100	999	10
2026-07-07T09:42:31.209	919	2281	1354	2708	6398	5957	6688	8383	7707	834	29.06	1012.29	52.31	91802	AS7341	flash	5	100	999	10
2026-07-07T09:42:33.119	918	2282	1354	2708	6396	5956	6686	8381	7705	835	29.07	1012.29	52.31	92207	AS7341	flash	5	100	999	10
2026-07-07T09:42:35.139	918	2282	1354	2708	6395	5955	6685	8380	7704	835	29.07	1012.31	52.29	92410	AS7341	flash	5	100	999	10
2026-07-07T09:42:37.154	918	2282	1354	2708	6396	5955	6685	8381	7705	834	29.07	1012.3	52.27	91502	AS7341	flash	5	100	999	10
2026-07-07T09:42:39.168	918	2282	1354	2707	6395	5955	6685	8379	7704	834	29.07	1012.3	52.29	91702	AS7341	flash	5	100	999	10
2026-07-07T09:42:41.189	919	2283	1354	2708	6397	5957	6687	8383	7707	835	29.08	1012.32	52.25	91903	AS7341	flash	5	100	999	10
2026-07-07T09:42:43.204	919	2282	1354	2707	6395	5954	6684	8379	7703	835	29.08	1012.31	52.24	91702	AS7341	flash	5	100	999	10
2026-07-07T09:42:45.211	919	2283	1354	2707	6394	5954	6684	8379	7703	835	29.09	1012.33	52.25	91702	AS7341	flash	5	100	999	10
2026-07-07T09:42:47.125	918	2283	1354	2707	6393	5953	6682	8377	7703	834	29.1	1012.34	52.23	92308	AS7341	flash	5	100	999	10
2026-07-07T09:42:49.136	919	2283	1354	2707	6393	5953	6682	8378	7703	835	29.09	1012.32	52.25	91702	AS7341	flash	5	100	999	10
2026-07-07T09:42:51.156	919	2284	1355	2708	6393	5953	6682	8378	7703	835	29.09	1012.29	52.23	91802	AS7341	flash	5	100	999	10
2026-07-07T09:42:53.179	918	2284	1355	2707	6391	5951	6680	8374	7700	834	29.09	1012.3	52.23	92308	AS7341	flash	5	100	999	10
2026-07-07T09:42:55.183	918	2284	1355	2707	6391	5951	6680	8374	7700	834	29.09	1012.32	52.21	91702	AS7341	flash	5	100	999	10
2026-07-07T09:42:57.204	918	2285	1355	2707	6392	5951	6680	8375	7701	835	29.1	1012.29	52.17	91802	AS7341	flash	5	100	999	10
2026-07-07T09:42:59.217	919	2284	1355	2706	6391	5951	6679	8373	7700	835	29.1	1012.32	52.15	91502	AS7341	flash	5	100	999	10
2026-07-07T09:43:01.119	918	2284	1355	2706	6388	5947	6676	8370	7697	833	29.12	1012.32	52.12	92820	AS7341	flash	5	100	999	10
2026-07-07T09:43:03.128	918	2285	1355	2707	6390	5949	6679	8373	7699	834	29.11	1012.31	52.13	92308	AS7341	flash	5	100	999	10
2026-07-07T09:43:05.149	919	2285	1355	2707	6391	5949	6678	8372	7699	834	29.12	1012.34	52.17	91602	AS7341	flash	5	100	999	10
2026-07-07T09:43:07.169	919	2284	1355	2705	6388	5947	6677	8372	7697	834	29.12	1012.31	52.21	91602	AS7341	flash	5	100	999	10
2026-07-07T09:43:09.186	918	2285	1355	2706	6390	5949	6680	8375	7701	834	29.12	1012.33	52.33	91402	AS7341	flash	5	100	999	10
2026-07-07T09:43:11.193	918	2285	1355	2705	6387	5947	6678	8374	7698	834	29.13	1012.35	52.45	91203	AS7341	flash	5	100	999	10
2026-07-07T09:43:13.204	918	2284	1355	2705	6386	5946	6677	8373	7697	833	29.13	1012.3	52.55	91402	AS7341	flash	5	100	999	10
2026-07-07T09:43:15.218	919	2286	1355	2705	6388	5947	6678	8376	7700	834	29.13	1012.34	52.6	91502	AS7341	flash	5	100	999	10
2026-07-07T09:43:17.120	918	2286	1355	2704	6385	5944	6675	8370	7695	834	29.14	1012.28	52.55	92004	AS7341	flash	5	100	999	10
2026-07-07T09:43:19.125	918	2286	1355	2705	6385	5945	6673	8369	7696	834	29.13	1012.32	52.4	91903	AS7341	flash	5	100	999	10
2026-07-07T09:43:21.134	919	2287	1355	2705	6385	5943	6673	8367	7694	834	29.14	1012.32	52.25	91502	AS7341	flash	5	100	999	10
2026-07-07T09:43:23.150	919	2287	1355	2706	6385	5944	6673	8367	7694	834	29.14	1012.27	52.2	91903	AS7341	flash	5	100	999	10
2026-07-07T09:43:25.164	919	2288	1355	2705	6384	5943	6671	8365	7693	834	29.15	1012.32	52.11	91602	AS7341	flash	5	100	999	10
2026-07-07T09:43:27.184	919	2287	1355	2705	6383	5942	6670	8363	7692	834	29.14	1012.33	52.04	91602	AS7341	flash	5	100	999	10
2026-07-07T09:43:29.205	918	2287	1355	2705	6383	5942	6671	8363	7692	834	29.15	1012.33	52.05	91702	AS7341	flash	5	100	999	10
2026-07-07T09:43:31.220	919	2287	1355	2705	6384	5943	6672	8364	7694	834	29.15	1012.32	52.09	91502	AS7341	flash	5	100	999	10
2026-07-07T09:43:33.123	918	2287	1355	2704	6382	5940	6668	8358	7690	834	29.16	1012.32	52.05	92717	AS7341	flash	5	100	999	10
2026-07-07T09:43:35.147	918	2287	1355	2705	6383	5941	6668	8358	7690	833	29.16	1012.33	51.96	91903	AS7341	flash	5	100	999	10
2026-07-07T09:43:37.166	919	2288	1355	2705	6383	5942	6669	8357	7691	833	29.15	1012.33	51.89	91903	AS7341	flash	5	100	999	10
2026-07-07T09:43:39.186	918	2288	1355	2706	6383	5941	6669	8358	7691	834	29.15	1012.31	51.82	91004	AS7341	flash	5	100	999	10
2026-07-07T09:43:41.190	917	2287	1354	2705	6384	5942	6669	8358	7691	833	29.17	1012.34	51.85	91903	AS7341	flash	5	100	999	10
2026-07-07T09:43:43.198	919	2288	1355	2705	6385	5943	6671	8361	7693	834	29.17	1012.33	51.91	91502	AS7341	flash	5	100	999	10
2026-07-07T09:43:45.201	919	2288	1356	2706	6384	5943	6670	8361	7693	833	29.17	1012.32	52.0	91602	AS7341	flash	5	100	999	10
2026-07-07T09:43:47.211	919	2288	1355	2705	6383	5941	6669	8360	7691	834	29.17	1012.33	52.07	91502	AS7341	flash	5	100	999	10
2026-07-07T09:43:49.121	918	2288	1356	2704	6382	5940	6669	8358	7690	832	29.18	1012.33	52.14	92105	AS7341	flash	5	100	999	10
2026-07-07T09:43:51.140	917	2288	1355	2704	6381	5940	6667	8357	7689	833	29.17	1012.33	52.14	91402	AS7341	flash	5	100	999	10
2026-07-07T09:43:53.154	918	2288	1356	2705	6383	5941	6670	8360	7691	834	29.17	1012.33	52.13	91802	AS7341	flash	5	100	999	10
2026-07-07T09:43:55.175	919	2289	1356	2706	6383	5942	6669	8359	7692	834	29.18	1012.31	52.09	91702	AS7341	flash	5	100	999	10
2026-07-07T09:43:57.193	919	2289	1356	2705	6381	5940	6667	8356	7689	833	29.18	1012.33	52.07	91302	AS7341	flash	5	100	999	10
2026-07-07T09:43:59.212	919	2289	1356	2705	6383	5941	6668	8360	7691	833	29.19	1012.32	52.06	90906	AS7341	flash	5	100	999	10
2026-07-07T09:44:01.115	919	2289	1356	2704	6381	5939	6668	8358	7690	833	29.2	1012.34	52.13	91702	AS7341	flash	5	100	999	10
2026-07-07T09:44:03.137	918	2289	1355	2704	6380	5938	6667	8360	7689	833	29.2	1012.35	52.2	91302	AS7341	flash	5	100	999	10
2026-07-07T09:44:05.157	919	2290	1356	2704	6380	5939	6669	8363	7692	834	29.2	1012.32	52.34	91302	AS7341	flash	5	100	999	10
2026-07-07T09:44:07.177	918	2289	1356	2704	6379	5938	6667	8360	7689	833	29.2	1012.33	52.45	91103	AS7341	flash	5	100	999	10
2026-07-07T09:44:09.186	918	2289	1356	2703	6378	5936	6664	8357	7687	833	29.19	1012.31	52.42	91602	AS7341	flash	5	100	999	10
2026-07-07T09:44:11.192	919	2289	1356	2703	6378	5936	6665	8358	7687	833	29.2	1012.31	52.4	91103	AS7341	flash	5	100	999	10
2026-07-07T09:44:13.199	919	2290	1356	2704	6379	5936	6665	8357	7688	833	29.19	1012.31	52.41	91103	AS7341	flash	5	100	999	10
2026-07-07T09:44:15.210	919	2290	1356	2704	6379	5936	6665	8357	7688	833	29.19	1012.29	52.35	90906	AS7341	flash	5	100	999	10
2026-07-07T09:44:17.219	918	2291	1356	2704	6379	5937	6665	8356	7688	833	29.2	1012.33	52.28	90807	AS7341	flash	5	100	999	10
2026-07-07T09:44:19.130	919	2291	1356	2703	6377	5934	6662	8353	7685	833	29.21	1012.33	52.23	92105	AS7341	flash	5	100	999	10
2026-07-07T09:44:21.149	918	2291	1357	2704	6379	5936	6665	8356	7688	833	29.2	1012.31	52.21	91502	AS7341	flash	5	100	999	10
2026-07-07T09:44:23.156	918	2291	1356	2703	6378	5935	6665	8357	7687	833	29.2	1012.32	52.27	91103	AS7341	flash	5	100	999	10
2026-07-07T09:44:25.161	918	2290	1356	2702	6374	5933	6662	8356	7684	833	29.21	1012.31	52.38	91103	AS7341	flash	5	100	999	10
2026-07-07T09:44:27.175	917	2290	1356	2701	6373	5932	6662	8356	7684	833	29.21	1012.29	52.54	90415	AS7341	flash	5	100	999	10
2026-07-07T09:44:29.194	919	2291	1357	2703	6375	5933	6664	8360	7686	833	29.21	1012.29	52.67	90415	AS7341	flash	5	100	999	10
2026-07-07T09:44:31.218	918	2292	1356	2702	6373	5932	6662	8357	7684	833	29.22	1012.33	52.73	90709	AS7341	flash	5	100	999	10
2026-07-07T09:44:33.124	918	2292	1357	2702	6372	5930	6660	8353	7683	833	29.23	1012.33	52.66	91502	AS7341	flash	5	100	999	10
2026-07-07T09:44:35.143	918	2292	1356	2702	6373	5932	6660	8353	7684	832	29.22	1012.34	52.5	90906	AS7341	flash	5	100	999	10
2026-07-07T09:44:37.157	918	2293	1357	2703	6374	5933	6660	8353	7685	832	29.21	1012.31	52.36	91302	AS7341	flash	5	100	999	10
2026-07-07T09:44:39.179	918	2292	1356	2703	6372	5931	6658	8350	7682	832	29.21	1012.29	52.25	91004	AS7341	flash	5	100	999	10
2026-07-07T09:44:41.195	918	2293	1356	2703	6375	5933	6661	8352	7685	832	29.22	1012.32	52.21	91004	AS7341	flash	5	100	999	10
2026-07-07T09:44:43.212	919	2293	1356	2705	6378	5936	6664	8356	7688	833	29.22	1012.36	52.15	90906	AS7341	flash	5	100	999	10
2026-07-07T09:44:45.222	918	2291	1356	2704	6378	5937	6665	8356	7688	832	29.21	1012.33	52.1	91302	AS7341	flash	5	100	999	10
2026-07-07T09:44:47.134	919	2291	1357	2706	6382	5942	6670	8361	7693	833	29.22	1012.3	52.09	91402	AS7341	flash	5	100	999	10
2026-07-07T09:44:49.157	919	2290	1356	2705	6385	5944	6674	8365	7696	833	29.21	1012.32	52.1	91302	AS7341	flash	5	100	999	10
2026-07-07T09:44:51.165	919	2289	1356	2706	6386	5946	6676	8368	7697	833	29.2	1012.3	52.19	91402	AS7341	flash	5	100	999	10
2026-07-07T09:44:53.177	919	2288	1356	2706	6389	5949	6679	8369	7699	834	29.2	1012.32	52.25	91004	AS7341	flash	5	100	999	10
2026-07-07T09:44:55.190	919	2288	1356	2707	6391	5951	6681	8370	7702	834	29.2	1012.34	52.16	91402	AS7341	flash	5	100	999	10
2026-07-07T09:44:57.208	919	2288	1356	2708	6394	5954	6683	8373	7703	834	29.19	1012.32	52.02	91502	AS7341	flash	5	100	999	10
2026-07-07T09:44:59.221	919	2287	1356	2709	6395	5955	6684	8372	7703	834	29.2	1012.34	51.9	91302	AS7341	flash	5	100	999	10
2026-07-07T09:45:01.237	919	2287	1356	2709	6396	5957	6686	8374	7705	834	29.18	1012.29	51.87	91402	AS7341	flash	5	100	999	10
2026-07-07T09:45:03.141	919	2285	1356	2709	6397	5958	6689	8378	7707	835	29.19	1012.33	51.91	91903	AS7341	flash	5	100	999	10
2026-07-07T09:45:05.162	920	2285	1356	2710	6401	5962	6695	8385	7712	835	29.18	1012.31	52.08	91402	AS7341	flash	5	100	999	10
2026-07-07T09:45:07.185	920	2285	1356	2711	6402	5964	6695	8386	7712	835	29.18	1012.31	52.21	91203	AS7341	flash	5	100	999	10
2026-07-07T09:45:09.191	920	2285	1356	2711	6403	5964	6695	8384	7712	835	29.17	1012.33	52.11	91203	AS7341	flash	5	100	999	10
2026-07-07T09:45:11.196	919	2285	1356	2711	6402	5963	6694	8381	7711	835	29.17	1012.34	51.97	91402	AS7341	flash	5	100	999	10
2026-07-07T09:45:13.215	920	2284	1356	2712	6405	5966	6697	8385	7714	835	29.17	1012.34	51.81	91802	AS7341	flash	5	100	999	10
2026-07-07T09:45:15.224	920	2284	1356	2712	6407	5969	6699	8386	7716	835	29.15	1012.31	51.76	91502	AS7341	flash	5	100	999	10
2026-07-07T09:45:17.187	919	2283	1355	2712	6406	5968	6696	8382	7714	835	29.16	1012.33	51.68	92410	AS7341	flash	5	100	999	10
2026-07-07T09:45:19.196	919	2283	1355	2713	6408	5969	6696	8381	7714	835	29.15	1012.34	51.52	92308	AS7341	flash	5	100	999	10
2026-07-07T09:45:21.203	920	2283	1355	2714	6411	5972	6700	8384	7718	835	29.15	1012.36	51.36	92004	AS7341	flash	5	100	999	10
2026-07-07T09:45:23.210	920	2283	1356	2715	6414	5974	6702	8385	7720	836	29.14	1012.34	51.27	92308	AS7341	flash	5	100	999	10
2026-07-07T09:45:25.229	920	2282	1355	2714	6414	5975	6702	8384	7719	835	29.13	1012.32	51.18	91903	AS7341	flash	5	100	999	10
2026-07-07T09:45:27.144	920	2282	1355	2715	6416	5976	6704	8385	7721	836	29.14	1012.35	51.11	92615	AS7341	flash	5	100	999	10
2026-07-07T09:45:29.160	920	2281	1355	2716	6417	5978	6705	8386	7722	836	29.13	1012.36	51.12	92615	AS7341	flash	5	100	999	10
2026-07-07T09:45:31.180	920	2280	1355	2716	6419	5981	6710	8396	7726	836	29.12	1012.35	51.06	92410	AS7341	flash	5	100	999	10
2026-07-07T09:45:33.199	920	2277	1354	2715	6421	5985	6721	8414	7732	837	29.08	1012.33	51.28	92105	AS7341	flash	5	100	999	10
2026-07-07T09:45:35.218	920	2273	1353	2714	6423	5990	6732	8434	7739	837	29.07	1012.37	51.99	90906	AS7341	flash	5	100	999	10
2026-07-07T09:45:37.246	920	2270	1353	2712	6422	5992	6741	8452	7744	838	29.04	1012.34	52.92	89545	AS7341	flash	5	100	999	10
2026-07-07T09:45:39.149	920	2267	1352	2711	6419	5992	6747	8464	7745	838	29.04	1012.32	53.8	89354	AS7341	flash	5	100	999	10
2026-07-07T09:45:41.169	920	2264	1351	2709	6421	5995	6756	8482	7751	839	29.02	1012.35	54.66	88880	AS7341	flash	5	100	999	10
2026-07-07T09:45:43.180	921	2263	1351	2708	6421	5998	6765	8499	7756	839	29.02	1012.32	55.42	87946	AS7341	flash	5	100	999	10
2026-07-07T09:45:45.190	921	2260	1350	2706	6420	5999	6772	8513	7759	840	29.01	1012.31	56.08	86852	AS7341	flash	5	100	999	10
2026-07-07T09:45:47.203	921	2258	1350	2705	6420	6001	6780	8528	7764	841	29.0	1012.36	56.68	86583	AS7341	flash	5	100	999	10
2026-07-07T09:45:49.217	921	2257	1349	2704	6420	6002	6786	8541	7766	841	28.99	1012.36	57.19	85522	AS7341	flash	5	100	999	10
2026-07-07T09:45:51.238	921	2255	1349	2702	6416	6001	6789	8550	7767	841	28.97	1012.33	57.63	85174	AS7341	flash	5	100	999	10
2026-07-07T09:45:53.254	921	2256	1349	2701	6413	5997	6784	8544	7764	841	28.98	1012.33	57.99	85697	AS7341	flash	5	100	999	10
2026-07-07T09:45:55.165	921	2259	1350	2700	6407	5989	6771	8527	7755	840	28.99	1012.34	57.58	86762	AS7341	flash	5	100	999	10
2026-07-07T09:45:57.188	920	2263	1350	2700	6402	5982	6759	8510	7746	839	28.98	1012.35	56.63	87487	AS7341	flash	5	100	999	10
2026-07-07T09:45:59.205	920	2266	1350	2700	6400	5978	6750	8495	7740	838	28.98	1012.31	55.62	88598	AS7341	flash	5	100	999	10
2026-07-07T09:46:01.228	920	2269	1351	2701	6399	5976	6744	8484	7737	838	28.97	1012.33	54.71	89449	AS7341	flash	5	100	999	10
2026-07-07T09:46:03.241	920	2270	1352	2701	6396	5971	6736	8471	7732	837	28.97	1012.33	54.04	89545	AS7341	flash	5	100	999	10
2026-07-07T09:46:05.153	920	2271	1352	2701	6394	5968	6729	8460	7726	837	28.98	1012.32	53.51	90415	AS7341	flash	5	100	999	10
2026-07-07T09:46:07.171	920	2272	1352	2702	6396	5969	6728	8456	7727	837	28.97	1012.32	53.04	90513	AS7341	flash	5	100	999	10
2026-07-07T09:46:09.195	920	2273	1352	2703	6398	5970	6727	8453	7727	837	28.97	1012.39	52.76	90709	AS7341	flash	5	100	999	10
2026-07-07T09:46:11.208	920	2273	1352	2702	6396	5968	6724	8448	7723	836	28.96	1012.31	52.63	90415	AS7341	flash	5	100	999	10
2026-07-07T09:46:13.236	920	2274	1352	2704	6399	5970	6726	8448	7726	837	28.96	1012.34	52.63	90906	AS7341	flash	5	100	999	10
2026-07-07T09:46:15.148	920	2273	1352	2703	6400	5970	6724	8445	7725	837	28.95	1012.31	52.59	91302	AS7341	flash	5	100	999	10
2026-07-07T09:46:17.172	920	2274	1352	2704	6402	5972	6726	8445	7727	837	28.94	1012.32	52.51	90906	AS7341	flash	5	100	999	10
2026-07-07T09:46:19.185	920	2274	1352	2705	6402	5972	6725	8442	7726	837	28.94	1012.28	52.43	91502	AS7341	flash	5	100	999	10
2026-07-07T09:46:21.206	920	2274	1353	2705	6404	5974	6726	8441	7727	837	28.94	1012.29	52.34	90906	AS7341	flash	5	100	999	10
2026-07-07T09:46:23.214	920	2274	1352	2706	6405	5974	6725	8439	7727	837	28.93	1012.3	52.26	91502	AS7341	flash	5	100	999	10
2026-07-07T09:46:25.239	920	2275	1353	2708	6408	5977	6728	8441	7731	837	28.92	1012.31	52.22	91903	AS7341	flash	5	100	999	10
2026-07-07T09:46:27.151	920	2275	1353	2707	6405	5974	6722	8432	7725	837	28.93	1012.3	52.12	92308	AS7341	flash	5	100	999	10
2026-07-07T09:46:29.177	920	2275	1353	2708	6410	5978	6725	8434	7728	837	28.92	1012.31	51.96	92410	AS7341	flash	5	100	999	10
2026-07-07T09:46:31.183	920	2275	1353	2709	6411	5978	6725	8433	7729	837	28.92	1012.29	51.83	92308	AS7341	flash	5	100	999	10
2026-07-07T09:46:33.197	920	2275	1353	2710	6413	5981	6727	8434	7731	837	28.92	1012.31	51.77	92923	AS7341	flash	5	100	999	10
2026-07-07T09:46:35.206	920	2274	1353	2710	6415	5983	6729	8436	7732	837	28.92	1012.32	51.79	92512	AS7341	flash	5	100	999	10
2026-07-07T09:46:37.214	920	2275	1353	2711	6417	5986	6732	8438	7735	838	28.91	1012.29	51.82	92105	AS7341	flash	5	100	999	10
2026-07-07T09:46:39.227	920	2274	1353	2711	6419	5987	6732	8439	7736	838	28.91	1012.31	51.86	91903	AS7341	flash	5	100	999	10
2026-07-07T09:46:41.240	920	2274	1353	2712	6418	5987	6731	8436	7734	837	28.9	1012.28	51.86	92512	AS7341	flash	5	100	999	10
2026-07-07T09:46:43.252	920	2273	1353	2712	6421	5988	6732	8436	7736	838	28.89	1012.32	51.78	92512	AS7341	flash	5	100	999	10
2026-07-07T09:46:45.168	920	2273	1353	2712	6420	5988	6731	8433	7735	837	28.89	1012.28	51.63	93130	AS7341	flash	5	100	999	10
2026-07-07T09:46:47.179	920	2273	1353	2713	6423	5990	6733	8433	7737	838	28.89	1012.3	51.55	92820	AS7341	flash	5	100	999	10
2026-07-07T09:46:49.203	920	2273	1353	2714	6425	5992	6734	8435	7738	838	28.89	1012.29	51.49	92820	AS7341	flash	5	100	999	10
2026-07-07T09:46:51.224	921	2273	1353	2715	6427	5994	6736	8435	7740	838	28.88	1012.28	51.45	92615	AS7341	flash	5	100	999	10
2026-07-07T09:46:53.236	921	2273	1353	2715	6427	5994	6735	8434	7739	838	28.87	1012.28	51.38	92512	AS7341	flash	5	100	999	10
2026-07-07T09:46:55.246	920	2273	1353	2715	6428	5995	6736	8433	7740	838	28.87	1012.29	51.38	92615	AS7341	flash	5	100	999	10
2026-07-07T09:46:57.151	920	2272	1353	2715	6430	5997	6737	8434	7741	838	28.88	1012.32	51.31	93546	AS7341	flash	5	100	999	10
2026-07-07T09:46:59.168	920	2272	1353	2716	6430	5997	6738	8433	7741	838	28.86	1012.29	51.25	93233	AS7341	flash	5	100	999	10
2026-07-07T09:47:01.190	921	2272	1353	2716	6433	6000	6740	8437	7744	838	28.87	1012.29	51.29	93337	AS7341	flash	5	100	999	10
2026-07-07T09:47:03.198	921	2271	1353	2717	6434	6000	6741	8437	7744	838	28.86	1012.3	51.3	92820	AS7341	flash	5	100	999	10
2026-07-07T09:47:05.214	921	2270	1352	2717	6436	6003	6744	8441	7747	839	28.87	1012.28	51.33	93026	AS7341	flash	5	100	999	10
2026-07-07T09:47:07.223	921	2270	1353	2718	6437	6004	6745	8442	7748	839	28.86	1012.33	51.42	93233	AS7341	flash	5	100	999	10
2026-07-07T09:47:09.236	921	2270	1353	2718	6437	6005	6745	8442	7747	839	28.85	1012.24	51.42	93130	AS7341	flash	5	100	999	10
2026-07-07T09:47:11.149	921	2270	1353	2718	6438	6006	6747	8443	7749	839	28.86	1012.31	51.43	93546	AS7341	flash	5	100	999	10
2026-07-07T09:47:13.164	921	2269	1352	2718	6440	6007	6749	8445	7750	839	28.85	1012.28	51.47	93755	AS7341	flash	5	100	999	10
2026-07-07T09:47:15.187	921	2269	1352	2719	6441	6009	6751	8448	7752	839	28.85	1012.28	51.53	92615	AS7341	flash	5	100	999	10
2026-07-07T09:47:17.205	921	2268	1352	2719	6442	6010	6752	8450	7753	839	28.84	1012.29	51.58	93130	AS7341	flash	5	100	999	10
2026-07-07T09:47:19.226	921	2269	1353	2720	6444	6013	6755	8452	7756	839	28.85	1012.28	51.6	93337	AS7341	flash	5	100	999	10
2026-07-07T09:47:21.233	921	2267	1352	2718	6443	6011	6754	8451	7755	839	28.84	1012.27	51.63	92923	AS7341	flash	5	100	999	10
2026-07-07T09:47:23.151	921	2267	1352	2719	6441	6010	6751	8447	7752	839	28.85	1012.28	51.64	93546	AS7341	flash	5	100	999	10
2026-07-07T09:47:25.169	921	2267	1352	2719	6445	6012	6754	8451	7754	839	28.84	1012.27	51.56	93130	AS7341	flash	5	100	999	10
2026-07-07T09:47:27.188	921	2268	1352	2720	6448	6015	6756	8453	7758	839	28.83	1012.29	51.45	93546	AS7341	flash	5	100	999	10
2026-07-07T09:47:29.198	921	2267	1352	2720	6446	6014	6755	8449	7755	839	28.83	1012.26	51.35	93755	AS7341	flash	5	100	999	10
2026-07-07T09:47:31.206	921	2267	1352	2721	6446	6015	6755	8449	7755	839	28.83	1012.29	51.31	93130	AS7341	flash	5	100	999	10
2026-07-07T09:47:33.227	921	2268	1352	2722	6451	6018	6760	8454	7760	840	28.82	1012.29	51.27	93755	AS7341	flash	5	100	999	10
2026-07-07T09:47:35.247	921	2267	1352	2721	6449	6016	6757	8451	7757	840	28.82	1012.28	51.24	93650	AS7341	flash	5	100	999	10
2026-07-07T09:47:37.159	921	2267	1352	2721	6451	6018	6759	8455	7760	840	28.82	1012.31	51.23	93441	AS7341	flash	5	100	999	10
2026-07-07T09:47:39.191	921	2266	1352	2722	6452	6020	6762	8457	7762	840	28.81	1012.29	51.34	93965	AS7341	flash	5	100	999	10
2026-07-07T09:47:41.216	921	2266	1352	2722	6453	6021	6762	8457	7761	840	28.81	1012.29	51.42	93337	AS7341	flash	5	100	999	10
2026-07-07T09:47:43.246	921	2266	1352	2722	6453	6021	6763	8457	7761	840	28.81	1012.3	51.4	93441	AS7341	flash	5	100	999	10
2026-07-07T09:47:45.159	921	2265	1352	2722	6453	6020	6761	8456	7761	840	28.82	1012.29	51.32	93860	AS7341	flash	5	100	999	10
2026-07-07T09:47:47.186	921	2266	1352	2723	6454	6021	6762	8456	7762	840	28.8	1012.3	51.26	93860	AS7341	flash	5	100	999	10
2026-07-07T09:47:49.209	922	2266	1352	2723	6457	6024	6764	8458	7764	840	28.8	1012.33	51.18	93441	AS7341	flash	5	100	999	10
2026-07-07T09:47:51.236	921	2265	1352	2723	6456	6023	6764	8456	7763	840	28.79	1012.29	51.13	93337	AS7341	flash	5	100	999	10
2026-07-07T09:47:53.253	921	2265	1352	2724	6458	6025	6766	8458	7765	840	28.79	1012.28	51.11	93546	AS7341	flash	5	100	999	10
2026-07-07T09:47:55.175	921	2265	1352	2723	6456	6024	6764	8456	7764	840	28.79	1012.28	51.11	94283	AS7341	flash	5	100	999	10
2026-07-07T09:47:57.189	921	2265	1352	2724	6458	6025	6766	8457	7764	840	28.78	1012.27	51.1	93860	AS7341	flash	5	100	999	10
2026-07-07T09:47:59.203	921	2265	1352	2724	6459	6027	6767	8459	7765	840	28.78	1012.27	51.12	94177	AS7341	flash	5	100	999	10
2026-07-07T09:48:01.230	922	2265	1352	2724	6459	6027	6767	8458	7765	840	28.77	1012.3	51.09	93965	AS7341	flash	5	100	999	10
2026-07-07T09:48:03.242	922	2264	1352	2725	6462	6029	6770	8461	7768	841	28.77	1012.26	51.08	93755	AS7341	flash	5	100	999	10
2026-07-07T09:48:05.156	921	2264	1352	2724	6460	6028	6767	8457	7765	840	28.77	1012.28	51.06	94389	AS7341	flash	5	100	999	10
2026-07-07T09:48:07.184	922	2264	1352	2725	6463	6031	6771	8461	7769	841	28.76	1012.28	51.04	93755	AS7341	flash	5	100	999	10
2026-07-07T09:48:09.208	921	2263	1351	2725	6464	6032	6772	8464	7770	841	28.75	1012.28	51.06	94283	AS7341	flash	5	100	999	10
2026-07-07T09:48:11.224	921	2263	1351	2725	6464	6032	6773	8465	7770	841	28.76	1012.28	51.14	93965	AS7341	flash	5	100	999	10
2026-07-07T09:48:13.247	922	2263	1352	2725	6464	6033	6774	8467	7771	841	28.75	1012.29	51.21	93337	AS7341	flash	5	100	999	10
2026-07-07T09:48:15.168	922	2263	1352	2725	6464	6032	6775	8468	7771	841	28.75	1012.26	51.3	93860	AS7341	flash	5	100	999	10
2026-07-07T09:48:17.184	921	2262	1351	2725	6465	6033	6776	8469	7771	841	28.74	1012.28	51.38	93860	AS7341	flash	5	100	999	10
2026-07-07T09:48:19.213	922	2262	1351	2725	6466	6034	6777	8470	7773	841	28.73	1012.28	51.43	92923	AS7341	flash	5	100	999	10
2026-07-07T09:48:21.240	922	2263	1352	2727	6468	6036	6778	8471	7774	841	28.73	1012.3	51.36	93650	AS7341	flash	5	100	999	10
2026-07-07T09:48:23.258	922	2262	1351	2726	6468	6036	6778	8471	7774	841	28.72	1012.28	51.29	93755	AS7341	flash	5	100	999	10
2026-07-07T09:48:25.275	922	2263	1352	2727	6468	6036	6779	8471	7775	841	28.72	1012.29	51.28	93233	AS7341	flash	5	100	999	10
2026-07-07T09:48:27.181	922	2262	1351	2726	6467	6035	6777	8469	7773	841	28.72	1012.27	51.25	94283	AS7341	flash	5	100	999	10
2026-07-07T09:48:29.194	922	2262	1352	2727	6470	6038	6780	8473	7777	842	28.71	1012.3	51.21	94283	AS7341	flash	5	100	999	10
2026-07-07T09:48:31.217	922	2262	1352	2727	6471	6039	6781	8472	7777	841	28.71	1012.27	51.18	94071	AS7341	flash	5	100	999	10
2026-07-07T09:48:33.235	922	2262	1351	2727	6472	6039	6780	8472	7777	841	28.71	1012.29	51.15	93965	AS7341	flash	5	100	999	10
2026-07-07T09:48:35.263	922	2262	1352	2727	6472	6041	6782	8474	7778	842	28.7	1012.29	51.1	93965	AS7341	flash	5	100	999	10
2026-07-07T09:48:37.184	922	2262	1351	2727	6472	6040	6782	8474	7778	842	28.71	1012.28	51.12	94924	AS7341	flash	5	100	999	10
2026-07-07T09:48:39.214	922	2262	1352	2728	6473	6041	6783	8475	7779	842	28.7	1012.28	51.14	94389	AS7341	flash	5	100	999	10
2026-07-07T09:48:41.245	922	2262	1352	2728	6472	6040	6783	8476	7779	842	28.7	1012.28	51.17	94177	AS7341	flash	5	100	999	10
2026-07-07T09:48:43.273	922	2261	1351	2727	6474	6043	6786	8479	7781	842	28.69	1012.29	51.22	93755	AS7341	flash	5	100	999	10
2026-07-07T09:48:45.194	922	2260	1351	2727	6472	6040	6783	8475	7778	841	28.7	1012.25	51.28	94389	AS7341	flash	5	100	999	10
2026-07-07T09:48:47.212	922	2261	1351	2728	6475	6043	6787	8481	7781	842	28.69	1012.27	51.3	93965	AS7341	flash	5	100	999	10
2026-07-07T09:48:49.236	922	2260	1351	2727	6473	6041	6785	8479	7779	842	28.68	1012.27	51.33	94177	AS7341	flash	5	100	999	10
2026-07-07T09:48:51.266	922	2260	1351	2727	6474	6042	6786	8479	7779	842	28.67	1012.32	51.37	93337	AS7341	flash	5	100	999	10
2026-07-07T09:48:53.184	922	2260	1351	2727	6472	6041	6784	8477	7778	841	28.68	1012.28	51.36	94283	AS7341	flash	5	100	999	10
2026-07-07T09:48:55.196	922	2259	1351	2727	6473	6042	6786	8478	7779	842	28.68	1012.32	51.31	94602	AS7341	flash	5	100	999	10
2026-07-07T09:48:57.214	922	2260	1351	2727	6473	6042	6785	8477	7779	842	28.67	1012.28	51.29	94177	AS7341	flash	5	100	999	10
2026-07-07T09:48:59.232	922	2260	1351	2729	6474	6043	6787	8479	7780	842	28.67	1012.31	51.27	94177	AS7341	flash	5	100	999	10
2026-07-07T09:49:01.262	922	2260	1351	2728	6475	6044	6787	8480	7781	842	28.66	1012.3	51.26	94071	AS7341	flash	5	100	999	10
2026-07-07T09:49:03.183	922	2259	1351	2727	6475	6044	6787	8480	7781	842	28.66	1012.3	51.24	94496	AS7341	flash	5	100	999	10
2026-07-07T09:49:05.205	922	2260	1351	2729	6478	6047	6791	8485	7784	842	28.65	1012.28	51.21	94177	AS7341	flash	5	100	999	10
2026-07-07T09:49:07.232	922	2259	1351	2728	6477	6046	6790	8484	7783	842	28.65	1012.3	51.28	94283	AS7341	flash	5	100	999	10
2026-07-07T09:49:09.262	922	2260	1351	2729	6479	6048	6792	8487	7785	842	28.64	1012.3	51.34	94177	AS7341	flash	5	100	999	10
2026-07-07T09:49:11.185	922	2259	1351	2728	6477	6046	6790	8483	7783	842	28.64	1012.3	51.36	94283	AS7341	flash	5	100	999	10
2026-07-07T09:49:13.207	922	2259	1351	2728	6478	6047	6792	8485	7783	842	28.62	1012.24	51.34	94389	AS7341	flash	5	100	999	10
2026-07-07T09:49:15.224	922	2259	1351	2728	6478	6047	6792	8486	7784	842	28.62	1012.3	51.35	94071	AS7341	flash	5	100	999	10
2026-07-07T09:49:17.248	922	2259	1351	2729	6478	6048	6793	8486	7785	842	28.61	1012.33	51.35	94071	AS7341	flash	5	100	999	10
2026-07-07T09:49:19.272	922	2259	1351	2729	6480	6049	6795	8489	7786	842	28.61	1012.25	51.35	93965	AS7341	flash	5	100	999	10
2026-07-07T09:49:21.190	922	2258	1351	2728	6478	6049	6795	8491	7786	842	28.63	1012.32	51.45	94283	AS7341	flash	5	100	999	10
2026-07-07T09:49:23.221	923	2258	1351	2729	6480	6050	6797	8494	7787	843	28.61	1012.3	51.62	93755	AS7341	flash	5	100	999	10
2026-07-07T09:49:25.245	923	2258	1351	2729	6480	6050	6797	8495	7788	843	28.6	1012.28	51.76	93546	AS7341	flash	5	100	999	10
2026-07-07T09:49:27.265	922	2257	1350	2728	6478	6049	6796	8493	7785	842	28.59	1012.32	51.76	93233	AS7341	flash	5	100	999	10
2026-07-07T09:49:29.185	922	2257	1351	2728	6480	6049	6797	8495	7787	843	28.6	1012.31	51.74	93860	AS7341	flash	5	100	999	10
2026-07-07T09:49:31.206	922	2258	1350	2728	6479	6050	6797	8494	7786	842	28.58	1012.31	51.72	93755	AS7341	flash	5	100	999	10
2026-07-07T09:49:33.226	922	2257	1350	2728	6479	6049	6796	8492	7786	842	28.58	1012.32	51.66	94071	AS7341	flash	5	100	999	10
2026-07-07T09:49:35.255	922	2258	1351	2729	6480	6050	6797	8493	7787	842	28.58	1012.31	51.59	94071	AS7341	flash	5	100	999	10
2026-07-07T09:49:37.278	922	2258	1351	2729	6482	6052	6800	8496	7789	843	28.57	1012.3	51.57	93337	AS7341	flash	5	100	999	10
2026-07-07T09:49:39.305	922	2258	1350	2728	6481	6051	6798	8494	7788	843	28.57	1012.27	51.55	93860	AS7341	flash	5	100	999	10
2026-07-07T09:49:41.223	922	2257	1350	2727	6479	6049	6795	8490	7785	842	28.57	1012.3	51.49	94709	AS7341	flash	5	100	999	10
2026-07-07T09:49:43.245	922	2258	1351	2729	6481	6051	6797	8492	7787	843	28.57	1012.31	51.38	94389	AS7341	flash	5	100	999	10
2026-07-07T09:49:45.252	922	2257	1350	2728	6480	6051	6797	8492	7786	842	28.56	1012.29	51.35	93755	AS7341	flash	5	100	999	10
2026-07-07T09:49:47.270	922	2258	1351	2729	6481	6051	6798	8493	7787	843	28.56	1012.28	51.38	94177	AS7341	flash	5	100	999	10
2026-07-07T09:49:49.299	923	2257	1350	2729	6483	6052	6799	8495	7788	843	28.56	1012.27	51.39	94177	AS7341	flash	5	100	999	10
2026-07-07T09:49:51.216	922	2256	1350	2728	6481	6051	6798	8494	7787	842	28.56	1012.28	51.45	94496	AS7341	flash	5	100	999	10
2026-07-07T09:49:53.231	922	2256	1350	2728	6482	6052	6800	8497	7789	843	28.55	1012.29	51.55	94709	AS7341	flash	5	100	999	10
2026-07-07T09:49:55.255	922	2256	1350	2728	6482	6053	6801	8499	7790	843	28.55	1012.31	51.66	93965	AS7341	flash	5	100	999	10
2026-07-07T09:49:57.284	922	2256	1350	2728	6482	6053	6802	8500	7790	843	28.55	1012.27	51.74	93337	AS7341	flash	5	100	999	10
2026-07-07T09:49:59.201	922	2256	1350	2728	6482	6054	6802	8502	7791	843	28.56	1012.27	51.76	93860	AS7341	flash	5	100	999	10
2026-07-07T09:50:01.229	923	2256	1350	2728	6481	6053	6801	8499	7789	843	28.55	1012.28	51.76	94071	AS7341	flash	5	100	999	10
2026-07-07T09:50:03.260	922	2256	1350	2728	6481	6052	6800	8497	7788	843	28.54	1012.31	51.72	93755	AS7341	flash	5	100	999	10
2026-07-07T09:50:05.285	923	2257	1350	2729	6483	6054	6802	8501	7791	843	28.54	1012.28	51.65	94071	AS7341	flash	5	100	999	10
2026-07-07T09:50:07.200	922	2256	1350	2728	6481	6051	6800	8496	7788	843	28.54	1012.29	51.56	95032	AS7341	flash	5	100	999	10
2026-07-07T09:50:09.218	922	2257	1350	2729	6484	6054	6803	8500	7792	843	28.53	1012.27	51.5	94602	AS7341	flash	5	100	999	10
2026-07-07T09:50:11.246	923	2257	1350	2729	6485	6055	6804	8502	7793	843	28.53	1012.29	51.5	94177	AS7341	flash	5	100	999	10
2026-07-07T09:50:13.261	923	2257	1350	2729	6484	6055	6803	8501	7791	843	28.53	1012.3	51.51	94283	AS7341	flash	5	100	999	10
2026-07-07T09:50:15.283	923	2257	1350	2729	6483	6054	6802	8500	7790	843	28.53	1012.28	51.5	93965	AS7341	flash	5	100	999	10
2026-07-07T09:50:17.201	923	2256	1350	2729	6483	6054	6803	8502	7791	843	28.53	1012.27	51.55	94177	AS7341	flash	5	100	999	10
2026-07-07T09:50:19.217	923	2256	1350	2729	6485	6056	6807	8506	7794	843	28.52	1012.28	51.67	93546	AS7341	flash	5	100	999	10
2026-07-07T09:50:21.247	923	2256	1350	2729	6483	6054	6804	8502	7790	843	28.51	1012.23	51.73	94177	AS7341	flash	5	100	999	10
2026-07-07T09:50:23.272	923	2256	1350	2729	6484	6055	6805	8504	7791	843	28.51	1012.3	51.68	93755	AS7341	flash	5	100	999	10
2026-07-07T09:50:25.296	923	2256	1350	2729	6483	6054	6804	8503	7791	843	28.52	1012.29	51.63	93441	AS7341	flash	5	100	999	10
2026-07-07T09:50:27.208	922	2256	1350	2728	6481	6052	6802	8499	7788	843	28.52	1012.27	51.6	94602	AS7341	flash	5	100	999	10
2026-07-07T09:50:29.226	922	2256	1350	2728	6483	6054	6803	8499	7790	843	28.51	1012.31	51.52	94602	AS7341	flash	5	100	999	10
2026-07-07T09:50:31.255	923	2256	1350	2729	6484	6055	6805	8503	7791	843	28.5	1012.29	51.49	94071	AS7341	flash	5	100	999	10
2026-07-07T09:50:33.277	923	2256	1350	2729	6484	6056	6807	8506	7793	843	28.5	1012.3	51.58	94177	AS7341	flash	5	100	999	10
2026-07-07T09:50:35.297	923	2255	1350	2729	6487	6058	6809	8509	7795	843	28.5	1012.3	51.73	93965	AS7341	flash	5	100	999	10
2026-07-07T09:50:37.215	922	2255	1350	2729	6485	6056	6806	8506	7792	843	28.5	1012.29	51.74	94709	AS7341	flash	5	100	999	10
2026-07-07T09:50:39.233	923	2256	1350	2729	6484	6056	6806	8506	7792	843	28.49	1012.3	51.67	94389	AS7341	flash	5	100	999	10
2026-07-07T09:50:41.257	923	2256	1350	2729	6485	6056	6807	8506	7792	843	28.49	1012.27	51.67	94071	AS7341	flash	5	100	999	10
2026-07-07T09:50:43.272	923	2255	1350	2728	6484	6056	6807	8506	7793	843	28.48	1012.32	51.71	94389	AS7341	flash	5	100	999	10
2026-07-07T09:50:45.298	922	2255	1350	2728	6485	6057	6808	8509	7793	843	28.49	1012.31	51.74	93337	AS7341	flash	5	100	999	10
2026-07-07T09:50:47.202	922	2255	1350	2728	6485	6056	6808	8508	7793	843	28.5	1012.28	51.78	94177	AS7341	flash	5	100	999	10
2026-07-07T09:50:49.230	923	2255	1350	2728	6485	6056	6808	8508	7793	843	28.49	1012.29	51.75	94177	AS7341	flash	5	100	999	10
2026-07-07T09:50:51.254	922	2254	1350	2728	6483	6055	6807	8505	7791	843	28.49	1012.3	51.73	93965	AS7341	flash	5	100	999	10
2026-07-07T09:50:53.271	923	2255	1350	2729	6487	6059	6811	8512	7796	844	28.49	1012.28	51.72	94496	AS7341	flash	5	100	999	10
2026-07-07T09:50:55.286	923	2254	1350	2728	6486	6058	6811	8511	7795	843	28.48	1012.26	51.75	93650	AS7341	flash	5	100	999	10
2026-07-07T09:50:57.299	923	2255	1350	2729	6485	6058	6809	8510	7794	843	28.48	1012.29	51.74	93755	AS7341	flash	5	100	999	10
2026-07-07T09:50:59.201	922	2254	1350	2728	6484	6056	6808	8508	7792	843	28.49	1012.28	51.73	94817	AS7341	flash	5	100	999	10
2026-07-07T09:51:01.221	923	2255	1350	2728	6485	6057	6810	8509	7793	843	28.48	1012.28	51.72	94602	AS7341	flash	5	100	999	10
2026-07-07T09:51:03.250	923	2255	1350	2729	6488	6060	6812	8513	7796	844	28.48	1012.26	51.74	93860	AS7341	flash	5	100	999	10
2026-07-07T09:51:05.275	923	2255	1350	2729	6486	6058	6811	8513	7795	843	28.48	1012.3	51.73	93650	AS7341	flash	5	100	999	10
2026-07-07T09:51:07.299	923	2254	1350	2728	6486	6060	6813	8516	7796	844	28.47	1012.24	51.83	93650	AS7341	flash	5	100	999	10
2026-07-07T09:51:09.216	923	2253	1349	2727	6484	6057	6813	8517	7795	843	28.48	1012.27	52.03	94389	AS7341	flash	5	100	999	10
2026-07-07T09:51:11.246	923	2254	1350	2728	6488	6061	6817	8524	7800	844	28.46	1012.27	52.21	94177	AS7341	flash	5	100	999	10
2026-07-07T09:51:13.266	923	2253	1349	2727	6486	6061	6817	8522	7798	844	28.47	1012.26	52.32	93233	AS7341	flash	5	100	999	10
2026-07-07T09:51:15.300	923	2253	1349	2727	6485	6058	6815	8519	7796	843	28.45	1012.26	52.32	93441	AS7341	flash	5	100	999	10
2026-07-07T09:51:17.212	923	2254	1350	2727	6485	6058	6814	8518	7796	844	28.47	1012.29	52.17	93755	AS7341	flash	5	100	999	10
2026-07-07T09:51:19.239	923	2254	1350	2727	6485	6058	6814	8518	7796	844	28.45	1012.25	52.11	93965	AS7341	flash	5	100	999	10
2026-07-07T09:51:21.256	923	2254	1350	2727	6485	6058	6813	8516	7794	844	28.45	1012.28	52.0	93965	AS7341	flash	5	100	999	10
2026-07-07T09:51:23.282	923	2254	1349	2727	6484	6056	6812	8515	7794	843	28.45	1012.27	51.93	93965	AS7341	flash	5	100	999	10
2026-07-07T09:51:25.201	923	2254	1350	2727	6483	6056	6811	8514	7793	843	28.46	1012.27	51.93	94389	AS7341	flash	5	100	999	10
2026-07-07T09:51:27.224	923	2255	1350	2728	6485	6058	6812	8515	7794	844	28.45	1012.25	51.86	94177	AS7341	flash	5	100	999	10
2026-07-07T09:51:29.252	922	2253	1349	2727	6482	6055	6809	8511	7791	843	28.45	1012.33	51.81	94071	AS7341	flash	5	100	999	10
2026-07-07T09:51:31.268	922	2253	1349	2727	6484	6057	6811	8513	7793	843	28.45	1012.26	51.74	94496	AS7341	flash	5	100	999	10
2026-07-07T09:51:33.294	923	2254	1349	2728	6485	6058	6812	8515	7795	843	28.44	1012.27	51.76	93546	AS7341	flash	5	100	999	10
2026-07-07T09:51:35.207	922	2254	1349	2727	6484	6057	6811	8512	7793	843	28.45	1012.3	51.77	94709	AS7341	flash	5	100	999	10
2026-07-07T09:51:37.228	923	2254	1350	2727	6485	6057	6810	8511	7793	843	28.44	1012.27	51.74	93755	AS7341	flash	5	100	999	10
2026-07-07T09:51:39.255	923	2254	1350	2728	6485	6058	6811	8513	7794	844	28.44	1012.29	51.68	94389	AS7341	flash	5	100	999	10
2026-07-07T09:51:41.277	923	2255	1350	2728	6485	6058	6811	8512	7794	843	28.43	1012.27	51.64	93860	AS7341	flash	5	100	999	10
2026-07-07T09:51:43.290	923	2254	1350	2728	6485	6059	6812	8513	7794	843	28.44	1012.28	51.66	93860	AS7341	flash	5	100	999	10
2026-07-07T09:51:45.211	923	2254	1349	2727	6484	6057	6811	8512	7794	843	28.44	1012.28	51.66	94924	AS7341	flash	5	100	999	10
2026-07-07T09:51:47.243	923	2254	1350	2728	6487	6060	6814	8517	7797	844	28.43	1012.27	51.71	94177	AS7341	flash	5	100	999	10
2026-07-07T09:51:49.275	923	2254	1350	2728	6486	6059	6813	8515	7795	844	28.42	1012.26	51.76	93860	AS7341	flash	5	100	999	10
2026-07-07T09:51:51.306	922	2253	1349	2728	6485	6058	6812	8513	7794	843	28.41	1012.26	51.76	93860	AS7341	flash	5	100	999	10
2026-07-07T09:51:53.226	922	2254	1350	2728	6486	6058	6812	8513	7794	843	28.43	1012.26	51.73	94924	AS7341	flash	5	100	999	10
2026-07-07T09:51:55.244	923	2253	1349	2727	6485	6057	6811	8512	7792	843	28.42	1012.28	51.71	94496	AS7341	flash	5	100	999	10
2026-07-07T09:51:57.264	923	2253	1349	2728	6486	6058	6812	8513	7793	844	28.41	1012.26	51.7	94177	AS7341	flash	5	100	999	10
2026-07-07T09:51:59.285	923	2254	1349	2728	6487	6060	6813	8514	7795	843	28.4	1012.22	51.69	93650	AS7341	flash	5	100	999	10
2026-07-07T09:52:01.203	923	2253	1349	2728	6486	6059	6812	8512	7793	843	28.41	1012.26	51.63	94924	AS7341	flash	5	100	999	10
2026-07-07T09:52:03.222	923	2254	1349	2728	6488	6060	6814	8514	7796	844	28.41	1012.27	51.59	94071	AS7341	flash	5	100	999	10
2026-07-07T09:52:05.239	923	2253	1349	2728	6488	6060	6815	8516	7796	844	28.4	1012.26	51.63	94283	AS7341	flash	5	100	999	10
2026-07-07T09:52:07.254	923	2254	1350	2729	6488	6061	6815	8516	7796	844	28.39	1012.26	51.69	94283	AS7341	flash	5	100	999	10
2026-07-07T09:52:09.270	923	2253	1349	2728	6486	6059	6813	8514	7794	843	28.39	1012.28	51.75	93546	AS7341	flash	5	100	999	10
2026-07-07T09:52:11.285	923	2253	1349	2728	6486	6060	6815	8517	7795	844	28.39	1012.25	51.8	93860	AS7341	flash	5	100	999	10
2026-07-07T09:52:13.200	923	2252	1349	2727	6486	6060	6814	8516	7795	844	28.39	1012.26	51.84	94602	AS7341	flash	5	100	999	10
2026-07-07T09:52:15.208	923	2253	1349	2729	6488	6062	6817	8520	7797	844	28.38	1012.22	51.88	93130	AS7341	flash	5	100	999	10
2026-07-07T09:52:17.225	923	2252	1349	2728	6486	6060	6815	8517	7794	844	28.38	1012.25	51.89	94389	AS7341	flash	5	100	999	10
2026-07-07T09:52:19.254	923	2253	1349	2728	6489	6063	6819	8522	7798	844	28.37	1012.26	51.91	93965	AS7341	flash	5	100	999	10
2026-07-07T09:52:21.282	923	2252	1349	2728	6490	6064	6821	8525	7800	844	28.37	1012.28	51.99	93755	AS7341	flash	5	100	999	10
2026-07-07T09:52:23.198	923	2252	1349	2728	6488	6063	6819	8523	7799	844	28.38	1012.23	52.08	94602	AS7341	flash	5	100	999	10
2026-07-07T09:52:25.210	923	2253	1350	2729	6488	6062	6819	8523	7799	844	28.37	1012.24	52.07	94602	AS7341	flash	5	100	999	10
2026-07-07T09:52:27.240	923	2252	1349	2728	6489	6062	6819	8523	7798	844	28.37	1012.24	51.99	93650	AS7341	flash	5	100	999	10
2026-07-07T09:52:29.256	923	2253	1349	2728	6489	6063	6820	8525	7799	844	28.37	1012.3	52.03	93546	AS7341	flash	5	100	999	10
2026-07-07T09:52:31.279	923	2252	1349	2728	6488	6062	6819	8523	7798	844	28.37	1012.26	52.1	93860	AS7341	flash	5	100	999	10
2026-07-07T09:52:33.199	923	2253	1349	2728	6486	6060	6817	8519	7796	844	28.37	1012.25	52.01	94389	AS7341	flash	5	100	999	10
2026-07-07T09:52:35.227	923	2253	1349	2728	6490	6063	6820	8523	7799	844	28.36	1012.27	51.9	93130	AS7341	flash	5	100	999	10
2026-07-07T09:52:37.253	923	2253	1349	2729	6489	6062	6819	8520	7797	844	28.37	1012.31	51.83	94389	AS7341	flash	5	100	999	10
2026-07-07T09:52:39.265	923	2253	1349	2728	6489	6063	6820	8524	7798	844	28.35	1012.26	51.81	93965	AS7341	flash	5	100	999	10
2026-07-07T09:52:41.283	923	2252	1349	2728	6489	6064	6822	8526	7800	844	28.36	1012.24	51.93	94177	AS7341	flash	5	100	999	10
2026-07-07T09:52:43.302	923	2252	1349	2728	6490	6064	6822	8526	7800	844	28.35	1012.24	52.03	93965	AS7341	flash	5	100	999	10
2026-07-07T09:52:45.216	923	2252	1349	2727	6488	6062	6820	8524	7798	844	28.36	1012.25	52.04	94177	AS7341	flash	5	100	999	10
2026-07-07T09:52:47.235	923	2253	1349	2728	6490	6064	6821	8526	7800	844	28.35	1012.25	51.98	93755	AS7341	flash	5	100	999	10
2026-07-07T09:52:49.262	923	2253	1349	2728	6490	6064	6820	8524	7799	844	28.35	1012.28	51.88	94177	AS7341	flash	5	100	999	10
2026-07-07T09:52:51.285	923	2253	1349	2728	6489	6063	6819	8523	7799	844	28.35	1012.27	51.82	94817	AS7341	flash	5	100	999	10
2026-07-07T09:52:53.201	923	2252	1349	2728	6489	6063	6820	8523	7799	844	28.35	1012.23	51.8	94283	AS7341	flash	5	100	999	10
2026-07-07T09:52:55.218	923	2252	1349	2727	6490	6065	6822	8526	7800	844	28.34	1012.25	51.79	93860	AS7341	flash	5	100	999	10
2026-07-07T09:52:57.242	923	2252	1349	2728	6489	6064	6822	8527	7800	844	28.34	1012.29	51.92	94389	AS7341	flash	5	100	999	10
2026-07-07T09:52:59.251	923	2252	1349	2728	6490	6066	6824	8530	7801	844	28.34	1012.23	52.11	93755	AS7341	flash	5	100	999	10
2026-07-07T09:53:01.275	923	2252	1349	2728	6491	6066	6825	8532	7802	844	28.34	1012.26	52.24	93965	AS7341	flash	5	100	999	10
2026-07-07T09:53:03.303	923	2252	1349	2728	6493	6067	6827	8535	7804	845	28.33	1012.26	52.3	94283	AS7341	flash	5	100	999	10
2026-07-07T09:53:05.217	923	2252	1349	2727	6490	6064	6823	8529	7800	844	28.33	1012.26	52.29	94496	AS7341	flash	5	100	999	10
2026-07-07T09:53:07.235	923	2252	1349	2728	6491	6065	6824	8530	7802	844	28.32	1012.22	52.19	94389	AS7341	flash	5	100	999	10
2026-07-07T09:53:09.265	923	2253	1349	2728	6491	6065	6822	8527	7800	844	28.31	1012.25	52.04	93965	AS7341	flash	5	100	999	10
2026-07-07T09:53:11.289	923	2253	1349	2729	6491	6065	6823	8527	7800	844	28.3	1012.23	51.92	94177	AS7341	flash	5	100	999	10
2026-07-07T09:53:13.209	923	2253	1349	2728	6490	6064	6821	8524	7799	844	28.31	1012.22	51.82	94709	AS7341	flash	5	100	999	10
2026-07-07T09:53:15.239	923	2253	1349	2729	6491	6066	6823	8527	7801	844	28.3	1012.24	51.78	94496	AS7341	flash	5	100	999	10
2026-07-07T09:53:17.268	923	2253	1349	2729	6492	6066	6824	8528	7802	844	28.29	1012.24	51.82	93755	AS7341	flash	5	100	999	10
2026-07-07T09:53:19.297	923	2253	1349	2729	6492	6066	6824	8529	7802	844	28.31	1012.29	51.88	94177	AS7341	flash	5	100	999	10
2026-07-07T09:53:21.203	923	2252	1349	2728	6490	6064	6822	8525	7799	844	28.31	1012.24	51.91	95032	AS7341	flash	5	100	999	10
2026-07-07T09:53:23.230	923	2252	1349	2728	6490	6065	6823	8527	7800	844	28.3	1012.26	51.95	93965	AS7341	flash	5	100	999	10
2026-07-07T09:53:25.261	923	2252	1349	2728	6493	6068	6828	8534	7804	845	28.29	1012.2	52.05	94177	AS7341	flash	5	100	999	10
2026-07-07T09:53:27.277	923	2252	1349	2729	6492	6067	6828	8533	7803	845	28.29	1012.26	52.17	92820	AS7341	flash	5	100	999	10
2026-07-07T09:53:29.306	923	2251	1349	2728	6491	6066	6826	8531	7802	844	28.29	1012.23	52.23	93337	AS7341	flash	5	100	999	10
2026-07-07T09:53:31.227	923	2252	1349	2728	6490	6065	6824	8529	7800	844	28.29	1012.2	52.2	95032	AS7341	flash	5	100	999	10
2026-07-07T09:53:33.255	923	2252	1349	2728	6490	6065	6824	8528	7800	844	28.29	1012.23	52.1	94389	AS7341	flash	5	100	999	10
2026-07-07T09:53:35.280	923	2251	1349	2727	6490	6065	6823	8528	7800	844	28.29	1012.22	52.03	94177	AS7341	flash	5	100	999	10
2026-07-07T09:53:37.305	923	2252	1349	2729	6491	6067	6827	8532	7803	844	28.28	1012.23	52.07	93546	AS7341	flash	5	100	999	10
2026-07-07T09:53:39.225	923	2250	1349	2727	6489	6064	6825	8530	7799	844	28.29	1012.26	52.16	94177	AS7341	flash	5	100	999	10
2026-07-07T09:53:41.253	923	2251	1349	2728	6491	6067	6826	8533	7803	844	28.28	1012.26	52.23	93026	AS7341	flash	5	100	999	10
2026-07-07T09:53:43.274	923	2251	1349	2728	6491	6067	6826	8532	7802	844	28.28	1012.25	52.23	93650	AS7341	flash	5	100	999	10
2026-07-07T09:53:45.298	923	2252	1349	2728	6493	6068	6827	8534	7804	844	28.27	1012.23	52.16	93755	AS7341	flash	5	100	999	10
2026-07-07T09:53:47.208	923	2251	1349	2727	6489	6064	6824	8529	7799	844	28.27	1012.22	52.1	94283	AS7341	flash	5	100	999	10
2026-07-07T09:53:49.225	923	2251	1349	2728	6491	6066	6825	8531	7801	844	28.27	1012.22	52.07	94177	AS7341	flash	5	100	999	10
2026-07-07T09:53:51.255	923	2251	1349	2728	6493	6068	6829	8535	7804	844	28.26	1012.24	52.09	93965	AS7341	flash	5	100	999	10
2026-07-07T09:53:53.279	923	2251	1349	2728	6492	6067	6828	8535	7803	844	28.26	1012.22	52.21	92923	AS7341	flash	5	100	999	10
2026-07-07T09:53:55.300	923	2251	1349	2728	6493	6068	6830	8537	7804	845	28.25	1012.24	52.26	93546	AS7341	flash	5	100	999	10
2026-07-07T09:53:57.200	923	2250	1349	2727	6490	6066	6827	8535	7802	844	28.26	1012.25	52.29	94389	AS7341	flash	5	100	999	10
2026-07-07T09:53:59.210	923	2251	1349	2728	6493	6068	6831	8539	7805	845	28.25	1012.2	52.36	93337	AS7341	flash	5	100	999	10
2026-07-07T09:54:01.217	923	2251	1349	2728	6494	6070	6833	8542	7806	845	28.25	1012.25	52.44	93965	AS7341	flash	5	100	999	10
2026-07-07T09:54:03.241	923	2251	1349	2728	6492	6068	6829	8538	7804	844	28.25	1012.25	52.51	93860	AS7341	flash	5	100	999	10
2026-07-07T09:54:05.259	923	2251	1349	2728	6492	6068	6831	8539	7805	845	28.25	1012.25	52.43	94817	AS7341	flash	5	100	999	10
2026-07-07T09:54:07.282	923	2250	1348	2727	6489	6065	6826	8533	7800	844	28.24	1012.26	52.3	92923	AS7341	flash	5	100	999	10
2026-07-07T09:54:09.314	923	2251	1349	2727	6490	6065	6826	8532	7801	844	28.24	1012.27	52.14	93130	AS7341	flash	5	100	999	10
2026-07-07T09:54:11.230	923	2250	1349	2726	6491	6066	6826	8531	7800	844	28.25	1012.24	52.06	93650	AS7341	flash	5	100	999	10
2026-07-07T09:54:13.243	923	2251	1349	2727	6490	6065	6825	8530	7800	844	28.24	1012.24	52.0	93546	AS7341	flash	5	100	999	10
2026-07-07T09:54:15.276	923	2251	1349	2727	6492	6067	6827	8533	7802	845	28.23	1012.24	51.96	94389	AS7341	flash	5	100	999	10
2026-07-07T09:54:17.299	923	2251	1349	2727	6491	6067	6828	8534	7802	844	28.23	1012.25	52.01	94071	AS7341	flash	5	100	999	10
2026-07-07T09:54:19.211	923	2250	1349	2727	6490	6066	6827	8533	7800	844	28.24	1012.29	52.12	94602	AS7341	flash	5	100	999	10
2026-07-07T09:54:21.229	923	2251	1349	2727	6492	6067	6829	8537	7803	845	28.23	1012.27	52.24	92923	AS7341	flash	5	100	999	10
2026-07-07T09:54:23.256	923	2251	1349	2728	6491	6068	6830	8538	7803	844	28.22	1012.22	52.33	93860	AS7341	flash	5	100	999	10
2026-07-07T09:54:25.264	923	2251	1349	2728	6492	6068	6831	8539	7804	845	28.23	1012.27	52.37	93130	AS7341	flash	5	100	999	10
2026-07-07T09:54:27.281	923	2251	1349	2728	6491	6066	6829	8536	7801	844	28.22	1012.23	52.34	94071	AS7341	flash	5	100	999	10
2026-07-07T09:54:29.307	923	2250	1348	2727	6490	6066	6829	8535	7801	844	28.22	1012.25	52.3	93546	AS7341	flash	5	100	999	10
2026-07-07T09:54:31.226	923	2250	1348	2727	6489	6066	6829	8537	7801	844	28.22	1012.26	52.34	93965	AS7341	flash	5	100	999	10
2026-07-07T09:54:33.240	923	2249	1348	2726	6491	6068	6832	8541	7804	845	28.21	1012.23	52.49	93755	AS7341	flash	5	100	999	10
2026-07-07T09:54:35.261	923	2250	1349	2727	6492	6069	6833	8543	7805	845	28.21	1012.25	52.6	93755	AS7341	flash	5	100	999	10
2026-07-07T09:54:37.274	923	2250	1348	2726	6491	6068	6832	8541	7804	845	28.21	1012.25	52.56	94071	AS7341	flash	5	100	999	10
2026-07-07T09:54:39.301	923	2251	1349	2727	6493	6069	6833	8543	7806	845	28.21	1012.26	52.5	93546	AS7341	flash	5	100	999	10
2026-07-07T09:54:41.219	923	2250	1349	2727	6490	6066	6830	8539	7802	844	28.21	1012.27	52.47	94283	AS7341	flash	5	100	999	10
2026-07-07T09:54:43.245	923	2250	1348	2727	6491	6067	6831	8540	7803	845	28.21	1012.23	52.47	93755	AS7341	flash	5	100	999	10
2026-07-07T09:54:45.267	923	2251	1349	2727	6491	6067	6831	8539	7802	844	28.19	1012.22	52.41	93650	AS7341	flash	5	100	999	10
2026-07-07T09:54:47.292	923	2251	1349	2727	6491	6067	6830	8538	7802	845	28.19	1012.23	52.33	93965	AS7341	flash	5	100	999	10
2026-07-07T09:54:49.321	923	2251	1349	2728	6492	6068	6830	8538	7803	845	28.2	1012.22	52.21	93026	AS7341	flash	5	100	999	10
2026-07-07T09:54:51.242	923	2251	1349	2727	6491	6067	6829	8536	7801	845	28.2	1012.25	52.18	93546	AS7341	flash	5	100	999	10
2026-07-07T09:54:53.265	923	2251	1349	2727	6492	6068	6832	8540	7803	845	28.19	1012.26	52.22	93965	AS7341	flash	5	100	999	10
2026-07-07T09:54:55.280	923	2250	1348	2726	6492	6068	6832	8540	7804	845	28.19	1012.24	52.3	94283	AS7341	flash	5	100	999	10
2026-07-07T09:54:57.307	923	2250	1349	2727	6492	6069	6833	8542	7804	845	28.19	1012.26	52.41	94389	AS7341	flash	5	100	999	10
2026-07-07T09:54:59.229	923	2250	1349	2726	6490	6067	6831	8542	7803	844	28.2	1012.21	52.46	93755	AS7341	flash	5	100	999	10
2026-07-07T09:55:01.260	923	2249	1348	2726	6491	6068	6833	8544	7804	845	28.2	1012.26	52.53	94071	AS7341	flash	5	100	999	10
2026-07-07T09:55:03.289	923	2249	1348	2726	6491	6068	6835	8548	7805	845	28.2	1012.26	52.68	93130	AS7341	flash	5	100	999	10
2026-07-07T09:55:05.303	923	2249	1348	2726	6490	6067	6834	8546	7804	845	28.19	1012.24	52.83	93026	AS7341	flash	5	100	999	10
2026-07-07T09:55:07.218	923	2249	1348	2725	6489	6067	6833	8544	7803	845	28.2	1012.26	52.83	94389	AS7341	flash	5	100	999	10
2026-07-07T09:55:09.247	923	2250	1348	2726	6491	6068	6834	8545	7805	845	28.19	1012.25	52.7	93650	AS7341	flash	5	100	999	10
2026-07-07T09:55:11.275	923	2249	1348	2726	6491	6068	6834	8544	7804	845	28.19	1012.21	52.58	93755	AS7341	flash	5	100	999	10
2026-07-07T09:55:13.301	923	2250	1348	2726	6490	6067	6831	8540	7802	845	28.19	1012.21	52.48	92615	AS7341	flash	5	100	999	10
2026-07-07T09:55:15.320	923	2251	1349	2727	6492	6068	6833	8541	7804	845	28.19	1012.28	52.32	94071	AS7341	flash	5	100	999	10
2026-07-07T09:55:17.238	923	2251	1349	2727	6490	6066	6830	8536	7801	845	28.19	1012.23	52.15	94602	AS7341	flash	5	100	999	10
2026-07-07T09:55:19.266	923	2252	1349	2727	6494	6070	6832	8540	7805	845	28.18	1012.23	52.03	94817	AS7341	flash	5	100	999	10
2026-07-07T09:55:21.279	923	2251	1349	2727	6492	6068	6829	8536	7803	845	28.18	1012.26	51.94	93026	AS7341	flash	5	100	999	10
2026-07-07T09:55:23.300	923	2251	1349	2728	6492	6068	6829	8534	7802	845	28.18	1012.24	51.88	93441	AS7341	flash	5	100	999	10
2026-07-07T09:55:25.316	923	2251	1348	2728	6494	6070	6831	8536	7803	845	28.18	1012.22	51.83	94177	AS7341	flash	5	100	999	10
2026-07-07T09:55:27.332	923	2250	1348	2728	6493	6069	6830	8536	7803	845	28.17	1012.24	51.85	93546	AS7341	flash	5	100	999	10
2026-07-07T09:55:29.239	923	2250	1348	2727	6492	6068	6829	8534	7801	844	28.18	1012.23	51.9	94283	AS7341	flash	5	100	999	10
2026-07-07T09:55:31.268	923	2250	1348	2728	6494	6071	6832	8537	7804	845	28.17	1012.22	51.99	94177	AS7341	flash	5	100	999	10
2026-07-07T09:55:33.297	923	2250	1348	2728	6496	6072	6834	8539	7806	845	28.16	1012.23	52.05	93026	AS7341	flash	5	100	999	10
2026-07-07T09:55:35.324	923	2250	1349	2728	6495	6071	6834	8539	7805	845	28.16	1012.25	52.07	93441	AS7341	flash	5	100	999	10
2026-07-07T09:55:37.233	923	2250	1348	2727	6495	6071	6834	8539	7805	845	28.17	1012.25	52.1	95356	AS7341	flash	5	100	999	10
2026-07-07T09:55:39.259	923	2250	1349	2728	6495	6072	6835	8541	7805	845	28.16	1012.25	52.13	94071	AS7341	flash	5	100	999	10
2026-07-07T09:55:41.272	924	2250	1349	2729	6499	6075	6838	8545	7810	845	28.15	1012.24	52.18	93233	AS7341	flash	5	100	999	10
2026-07-07T09:55:43.303	924	2250	1349	2728	6496	6073	6838	8545	7808	845	28.16	1012.22	52.24	94283	AS7341	flash	5	100	999	10
2026-07-07T09:55:45.333	924	2249	1349	2728	6496	6074	6840	8550	7809	845	28.16	1012.24	52.41	93755	AS7341	flash	5	100	999	10
2026-07-07T09:55:47.249	923	2248	1348	2727	6495	6072	6838	8546	7807	845	28.17	1012.23	52.58	93441	AS7341	flash	5	100	999	10
2026-07-07T09:55:49.278	923	2249	1348	2727	6496	6073	6838	8546	7807	845	28.15	1012.25	52.57	92717	AS7341	flash	5	100	999	10
2026-07-07T09:55:51.306	923	2250	1349	2728	6497	6073	6837	8545	7807	845	28.15	1012.23	52.44	93130	AS7341	flash	5	100	999	10
2026-07-07T09:55:53.323	924	2250	1349	2729	6497	6074	6837	8544	7808	845	28.14	1012.24	52.29	94389	AS7341	flash	5	100	999	10
2026-07-07T09:55:55.232	923	2250	1348	2728	6497	6073	6837	8543	7807	845	28.15	1012.23	52.16	93755	AS7341	flash	5	100	999	10
2026-07-07T09:55:57.249	923	2249	1348	2728	6496	6072	6835	8542	7805	845	28.14	1012.22	52.12	93650	AS7341	flash	5	100	999	10
2026-07-07T09:55:59.269	923	2250	1349	2728	6498	6074	6837	8544	7808	845	28.15	1012.23	52.09	94177	AS7341	flash	5	100	999	10
2026-07-07T09:56:01.296	923	2249	1348	2728	6497	6074	6838	8545	7808	845	28.14	1012.23	52.09	93965	AS7341	flash	5	100	999	10
2026-07-07T09:56:03.315	924	2249	1349	2729	6499	6077	6842	8552	7812	845	28.14	1012.27	52.3	93337	AS7341	flash	5	100	999	10
2026-07-07T09:56:05.333	923	2249	1348	2728	6498	6076	6842	8550	7810	845	28.14	1012.23	52.5	93546	AS7341	flash	5	100	999	10
2026-07-07T09:56:07.242	923	2248	1348	2727	6496	6073	6838	8546	7807	845	28.14	1012.22	52.49	94389	AS7341	flash	5	100	999	10
2026-07-07T09:56:09.259	923	2249	1348	2728	6497	6074	6839	8547	7808	845	28.13	1012.25	52.43	93130	AS7341	flash	5	100	999	10
2026-07-07T09:56:11.287	924	2249	1349	2729	6497	6075	6840	8548	7809	845	28.13	1012.26	52.4	93965	AS7341	flash	5	100	999	10
2026-07-07T09:56:13.304	924	2249	1349	2728	6497	6075	6840	8550	7810	845	28.13	1012.24	52.4	94283	AS7341	flash	5	100	999	10
2026-07-07T09:56:15.325	924	2249	1348	2728	6498	6076	6842	8552	7810	845	28.13	1012.24	52.44	92512	AS7341	flash	5	100	999	10
2026-07-07T09:56:17.234	923	2248	1348	2727	6496	6074	6841	8551	7809	845	28.13	1012.25	52.5	94071	AS7341	flash	5	100	999	10
2026-07-07T09:56:19.249	924	2248	1348	2728	6497	6076	6844	8556	7811	845	28.12	1012.28	52.63	93755	AS7341	flash	5	100	999	10
2026-07-07T09:56:21.271	924	2248	1348	2728	6498	6077	6845	8558	7813	846	28.12	1012.26	52.81	92410	AS7341	flash	5	100	999	10
2026-07-07T09:56:23.296	924	2248	1348	2728	6498	6076	6845	8557	7811	846	28.12	1012.26	52.91	93546	AS7341	flash	5	100	999	10
2026-07-07T09:56:25.310	924	2248	1348	2727	6496	6075	6843	8555	7810	845	28.12	1012.3	52.92	93546	AS7341	flash	5	100	999	10
2026-07-07T09:56:27.334	924	2248	1348	2727	6497	6075	6844	8557	7811	845	28.12	1012.28	52.88	93546	AS7341	flash	5	100	999	10
2026-07-07T09:56:29.236	924	2249	1349	2727	6496	6073	6842	8554	7809	845	28.12	1012.24	52.81	93441	AS7341	flash	5	100	999	10
2026-07-07T09:56:31.265	923	2248	1348	2726	6495	6074	6842	8555	7809	845	28.12	1012.26	52.75	92410	AS7341	flash	5	100	999	10
2026-07-07T09:56:33.292	923	2248	1348	2726	6495	6075	6844	8559	7810	846	28.11	1012.26	52.87	92717	AS7341	flash	5	100	999	10
2026-07-07T09:56:35.304	923	2247	1348	2726	6494	6073	6843	8556	7808	845	28.11	1012.24	52.99	93441	AS7341	flash	5	100	999	10
2026-07-07T09:56:37.326	924	2249	1348	2727	6495	6074	6844	8557	7810	845	28.11	1012.23	52.94	94071	AS7341	flash	5	100	999	10
2026-07-07T09:56:39.231	923	2248	1348	2726	6492	6071	6839	8550	7805	845	28.12	1012.25	52.77	93965	AS7341	flash	5	100	999	10
2026-07-07T09:56:41.251	923	2249	1348	2726	6493	6071	6839	8550	7806	845	28.11	1012.23	52.61	93233	AS7341	flash	5	100	999	10
2026-07-07T09:56:43.273	924	2250	1349	2727	6496	6074	6841	8553	7809	845	28.11	1012.24	52.51	93965	AS7341	flash	5	100	999	10
2026-07-07T09:56:45.294	923	2249	1348	2727	6494	6072	6839	8549	7807	845	28.11	1012.24	52.46	93337	AS7341	flash	5	100	999	10
2026-07-07T09:56:47.319	923	2249	1348	2727	6496	6073	6841	8550	7808	845	28.11	1012.25	52.39	92923	AS7341	flash	5	100	999	10
2026-07-07T09:56:49.233	923	2249	1348	2726	6493	6071	6838	8548	7806	845	28.13	1012.29	52.35	94817	AS7341	flash	5	100	999	10
2026-07-07T09:56:51.258	923	2249	1348	2727	6494	6072	6841	8552	7808	845	28.12	1012.28	52.46	93965	AS7341	flash	5	100	999	10
2026-07-07T09:56:53.288	924	2250	1349	2727	6496	6075	6844	8557	7811	845	28.11	1012.32	52.6	92923	AS7341	flash	5	100	999	10
2026-07-07T09:56:55.312	924	2249	1349	2727	6496	6075	6844	8557	7811	845	28.11	1012.26	52.67	92717	AS7341	flash	5	100	999	10
2026-07-07T09:56:57.330	924	2249	1348	2727	6497	6075	6845	8558	7811	846	28.11	1012.23	52.72	92308	AS7341	flash	5	100	999	10
2026-07-07T09:56:59.248	923	2249	1348	2726	6494	6073	6842	8554	7807	845	28.12	1012.26	52.72	92923	AS7341	flash	5	100	999	10
2026-07-07T09:57:01.275	924	2249	1348	2727	6496	6074	6843	8555	7810	845	28.11	1012.3	52.71	93026	AS7341	flash	5	100	999	10
2026-07-07T09:57:03.303	924	2249	1349	2727	6496	6075	6844	8556	7810	845	28.11	1012.25	52.68	93755	AS7341	flash	5	100	999	10
2026-07-07T09:57:05.323	924	2249	1349	2727	6497	6075	6843	8554	7810	845	28.11	1012.27	52.58	94283	AS7341	flash	5	100	999	10
2026-07-07T09:57:07.239	923	2249	1348	2727	6497	6075	6843	8553	7810	845	28.11	1012.28	52.47	93233	AS7341	flash	5	100	999	10
2026-07-07T09:57:09.259	924	2250	1349	2727	6497	6075	6842	8552	7809	845	28.1	1012.3	52.38	93546	AS7341	flash	5	100	999	10
2026-07-07T09:57:11.272	924	2249	1348	2727	6497	6076	6843	8553	7810	845	28.1	1012.27	52.34	94496	AS7341	flash	5	100	999	10
2026-07-07T09:57:13.297	924	2250	1349	2728	6498	6076	6843	8553	7810	845	28.09	1012.31	52.39	94602	AS7341	flash	5	100	999	10
2026-07-07T09:57:15.327	924	2249	1348	2728	6497	6075	6843	8552	7810	845	28.08	1012.23	52.34	94177	AS7341	flash	5	100	999	10
2026-07-07T09:57:17.246	923	2249	1349	2727	6496	6074	6842	8552	7809	845	28.1	1012.32	52.34	94602	AS7341	flash	5	100	999	10
2026-07-07T09:57:19.270	924	2249	1348	2727	6496	6074	6842	8551	7808	845	28.08	1012.28	52.4	93337	AS7341	flash	5	100	999	10
2026-07-07T09:57:21.283	924	2249	1348	2728	6498	6076	6844	8553	7810	845	28.08	1012.3	52.46	93130	AS7341	flash	5	100	999	10
2026-07-07T09:57:23.311	924	2250	1349	2728	6500	6078	6845	8556	7813	846	28.07	1012.29	52.42	94071	AS7341	flash	5	100	999	10
2026-07-07T09:57:25.334	924	2250	1349	2728	6499	6076	6844	8553	7810	846	28.08	1012.3	52.38	93441	AS7341	flash	5	100	999	10
2026-07-07T09:57:27.253	924	2249	1349	2728	6497	6075	6842	8552	7809	845	28.08	1012.3	52.34	94177	AS7341	flash	5	100	999	10
2026-07-07T09:57:29.282	924	2250	1349	2728	6499	6077	6844	8552	7811	846	28.07	1012.29	52.34	93233	AS7341	flash	5	100	999	10
2026-07-07T09:57:31.308	924	2249	1348	2728	6500	6078	6845	8553	7812	845	28.07	1012.31	52.29	94283	AS7341	flash	5	100	999	10
2026-07-07T09:57:33.331	924	2249	1348	2728	6498	6076	6843	8550	7809	845	28.07	1012.32	52.27	93130	AS7341	flash	5	100	999	10
2026-07-07T09:57:35.243	924	2249	1349	2728	6497	6075	6840	8547	7808	845	28.07	1012.3	52.23	95032	AS7341	flash	5	100	999	10
2026-07-07T09:57:37.272	924	2250	1349	2729	6500	6077	6843	8549	7810	845	28.06	1012.29	52.16	92923	AS7341	flash	5	100	999	10
2026-07-07T09:57:39.285	924	2250	1349	2729	6500	6077	6843	8550	7810	845	28.06	1012.31	52.13	94709	AS7341	flash	5	100	999	10
2026-07-07T09:57:41.301	924	2249	1349	2729	6500	6078	6844	8551	7811	845	28.06	1012.29	52.13	93965	AS7341	flash	5	100	999	10
2026-07-07T09:57:43.318	924	2249	1349	2729	6501	6079	6845	8552	7812	846	28.06	1012.31	52.22	94709	AS7341	flash	5	100	999	10
2026-07-07T09:57:45.236	923	2249	1348	2728	6500	6078	6844	8551	7811	845	28.06	1012.24	52.29	93546	AS7341	flash	5	100	999	10
2026-07-07T09:57:47.256	924	2249	1349	2729	6500	6077	6845	8553	7811	846	28.06	1012.29	52.32	94389	AS7341	flash	5	100	999	10
2026-07-07T09:57:49.271	924	2249	1348	2729	6501	6080	6847	8556	7813	846	28.06	1012.33	52.45	93965	AS7341	flash	5	100	999	10
2026-07-07T09:57:51.290	924	2249	1348	2729	6501	6079	6847	8556	7813	846	28.06	1012.29	52.52	93546	AS7341	flash	5	100	999	10
2026-07-07T09:57:53.310	924	2248	1348	2728	6501	6079	6847	8555	7812	846	28.07	1012.31	52.51	94071	AS7341	flash	5	100	999	10
2026-07-07T09:57:55.327	924	2250	1349	2730	6503	6081	6848	8555	7814	846	28.06	1012.31	52.43	94389	AS7341	flash	5	100	999	10
2026-07-07T09:57:57.356	924	2249	1348	2729	6503	6081	6848	8556	7814	846	28.05	1012.28	52.36	94177	AS7341	flash	5	100	999	10
2026-07-07T09:57:59.266	923	2248	1348	2728	6500	6078	6845	8551	7811	845	28.06	1012.33	52.28	94924	AS7341	flash	5	100	999	10
2026-07-07T09:58:01.281	924	2248	1348	2729	6500	6078	6845	8552	7810	845	28.06	1012.32	52.29	93755	AS7341	flash	5	100	999	10
2026-07-07T09:58:03.297	924	2248	1348	2729	6501	6080	6847	8555	7812	846	28.05	1012.33	52.33	92820	AS7341	flash	5	100	999	10
2026-07-07T09:58:05.318	924	2249	1348	2729	6501	6080	6847	8554	7812	846	28.06	1012.33	52.38	93546	AS7341	flash	5	100	999	10
2026-07-07T09:58:07.329	924	2248	1348	2729	6501	6080	6847	8554	7812	846	28.05	1012.34	52.36	94177	AS7341	flash	5	100	999	10
2026-07-07T09:58:09.347	924	2249	1349	2729	6503	6081	6847	8555	7814	846	28.06	1012.31	52.31	94177	AS7341	flash	5	100	999	10
2026-07-07T09:58:11.262	924	2248	1348	2729	6501	6079	6844	8550	7810	845	28.06	1012.32	52.24	94389	AS7341	flash	5	100	999	10
2026-07-07T09:58:13.275	924	2249	1349	2730	6504	6081	6847	8553	7813	846	28.06	1012.31	52.15	93965	AS7341	flash	5	100	999	10
2026-07-07T09:58:15.294	924	2249	1348	2730	6503	6081	6847	8551	7813	846	28.05	1012.27	52.07	95032	AS7341	flash	5	100	999	10
2026-07-07T09:58:17.309	924	2249	1349	2730	6505	6082	6848	8552	7814	846	28.05	1012.29	52.01	94709	AS7341	flash	5	100	999	10
2026-07-07T09:58:19.330	924	2250	1349	2731	6507	6085	6850	8556	7816	846	28.05	1012.32	52.0	94283	AS7341	flash	5	100	999	10
2026-07-07T09:58:21.353	924	2249	1349	2731	6506	6084	6849	8554	7815	846	28.05	1012.29	52.01	94389	AS7341	flash	5	100	999	10
2026-07-07T09:58:23.265	924	2249	1349	2730	6504	6082	6848	8552	7813	846	28.05	1012.32	52.02	94924	AS7341	flash	5	100	999	10
2026-07-07T09:58:25.275	924	2249	1349	2731	6507	6084	6850	8555	7816	846	28.05	1012.32	52.05	94177	AS7341	flash	5	100	999	10
2026-07-07T09:58:27.292	924	2248	1348	2730	6507	6084	6851	8557	7816	846	28.05	1012.3	52.14	93130	AS7341	flash	5	100	999	10
2026-07-07T09:58:29.312	924	2248	1349	2731	6508	6087	6855	8563	7819	846	28.04	1012.3	52.28	93965	AS7341	flash	5	100	999	10
2026-07-07T09:58:31.338	924	2248	1349	2731	6508	6087	6855	8563	7820	846	28.04	1012.29	52.46	93860	AS7341	flash	5	100	999	10
2026-07-07T09:58:33.360	924	2248	1349	2731	6508	6087	6855	8563	7819	846	28.04	1012.31	52.51	93546	AS7341	flash	5	100	999	10
2026-07-07T09:58:35.278	924	2248	1349	2731	6506	6085	6852	8559	7816	846	28.04	1012.28	52.42	93650	AS7341	flash	5	100	999	10
2026-07-07T09:58:37.307	924	2248	1349	2731	6507	6086	6853	8561	7818	846	28.03	1012.32	52.34	93337	AS7341	flash	5	100	999	10
2026-07-07T09:58:39.335	924	2248	1348	2731	6509	6088	6856	8564	7820	846	28.03	1012.3	52.33	93546	AS7341	flash	5	100	999	10
2026-07-07T09:58:41.353	924	2248	1348	2730	6508	6087	6855	8563	7818	846	28.03	1012.31	52.38	94389	AS7341	flash	5	100	999	10
2026-07-07T09:58:43.272	924	2247	1348	2730	6506	6085	6854	8561	7817	846	28.03	1012.31	52.46	93546	AS7341	flash	5	100	999	10
2026-07-07T09:58:45.286	924	2248	1348	2730	6506	6085	6853	8561	7817	846	28.03	1012.32	52.48	93337	AS7341	flash	5	100	999	10
2026-07-07T09:58:47.305	924	2248	1349	2730	6507	6085	6854	8562	7817	846	28.02	1012.3	52.47	93441	AS7341	flash	5	100	999	10
2026-07-07T09:58:49.325	924	2247	1348	2730	6507	6085	6854	8562	7818	846	28.02	1012.31	52.44	94071	AS7341	flash	5	100	999	10
2026-07-07T09:58:51.342	924	2247	1348	2730	6507	6085	6854	8562	7818	846	28.03	1012.32	52.44	93755	AS7341	flash	5	100	999	10
2026-07-07T09:58:53.367	924	2248	1349	2731	6508	6086	6855	8562	7818	846	28.02	1012.3	52.4	92717	AS7341	flash	5	100	999	10
2026-07-07T09:58:55.279	924	2248	1349	2731	6509	6087	6856	8563	7820	847	28.03	1012.3	52.33	94709	AS7341	flash	5	100	999	10
2026-07-07T09:58:57.292	924	2248	1349	2731	6508	6086	6854	8562	7818	846	28.02	1012.32	52.34	93650	AS7341	flash	5	100	999	10
2026-07-07T09:58:59.318	924	2248	1349	2731	6510	6089	6857	8564	7821	846	28.02	1012.32	52.32	92923	AS7341	flash	5	100	999	10
2026-07-07T09:59:01.338	924	2248	1348	2730	6508	6087	6855	8562	7818	846	28.02	1012.32	52.3	93026	AS7341	flash	5	100	999	10
2026-07-07T09:59:03.350	924	2248	1349	2731	6508	6087	6855	8561	7818	846	28.01	1012.31	52.25	94602	AS7341	flash	5	100	999	10
2026-07-07T09:59:05.362	924	2248	1349	2731	6510	6088	6856	8562	7820	846	28.01	1012.31	52.19	93130	AS7341	flash	5	100	999	10
2026-07-07T09:59:07.274	924	2247	1348	2730	6506	6084	6851	8556	7815	846	28.03	1012.33	52.15	95140	AS7341	flash	5	100	999	10
2026-07-07T09:59:09.302	924	2248	1349	2731	6509	6088	6855	8560	7818	846	28.01	1012.34	52.1	93546	AS7341	flash	5	100	999	10
2026-07-07T09:59:11.319	924	2249	1349	2732	6510	6089	6855	8561	7820	846	28.01	1012.29	52.08	93965	AS7341	flash	5	100	999	10
2026-07-07T09:59:13.346	924	2248	1349	2731	6510	6088	6855	8559	7818	846	28.0	1012.32	52.05	93441	AS7341	flash	5	100	999	10
2026-07-07T09:59:15.265	924	2248	1349	2731	6511	6088	6855	8558	7819	846	28.02	1012.32	51.99	94602	AS7341	flash	5	100	999	10
2026-07-07T09:59:17.286	925	2249	1349	2733	6512	6090	6856	8559	7820	846	28.01	1012.32	51.95	94283	AS7341	flash	5	100	999	10
2026-07-07T09:59:19.302	924	2248	1349	2732	6510	6088	6854	8556	7818	846	28.01	1012.31	51.91	93650	AS7341	flash	5	100	999	10
2026-07-07T09:59:21.322	924	2247	1348	2732	6512	6090	6856	8560	7820	847	28.01	1012.33	51.93	93337	AS7341	flash	5	100	999	10
2026-07-07T09:59:23.338	924	2248	1349	2732	6512	6090	6857	8561	7820	846	28.01	1012.3	52.02	93650	AS7341	flash	5	100	999	10
2026-07-07T09:59:25.368	924	2248	1349	2733	6515	6093	6860	8566	7824	847	28.0	1012.31	52.11	93337	AS7341	flash	5	100	999	10
2026-07-07T09:59:27.289	924	2247	1348	2731	6511	6089	6856	8560	7820	846	28.01	1012.32	52.14	95140	AS7341	flash	5	100	999	10
2026-07-07T09:59:29.311	925	2249	1349	2733	6514	6092	6860	8563	7823	847	28.0	1012.31	52.12	95248	AS7341	flash	5	100	999	10
2026-07-07T09:59:31.329	924	2248	1349	2733	6515	6092	6859	8563	7822	847	28.01	1012.3	52.09	93650	AS7341	flash	5	100	999	10
2026-07-07T09:59:33.350	925	2248	1349	2733	6516	6094	6862	8566	7825	847	28.01	1012.3	52.03	94389	AS7341	flash	5	100	999	10
2026-07-07T09:59:35.360	925	2248	1349	2733	6515	6093	6860	8565	7823	847	28.01	1012.35	52.06	92923	AS7341	flash	5	100	999	10
2026-07-07T09:59:37.377	925	2248	1349	2733	6514	6093	6860	8565	7824	847	28.01	1012.3	52.12	93546	AS7341	flash	5	100	999	10
2026-07-07T09:59:39.286	924	2247	1349	2732	6514	6092	6859	8565	7822	847	28.02	1012.3	52.17	94071	AS7341	flash	5	100	999	10
2026-07-07T09:59:41.309	924	2247	1349	2733	6514	6093	6860	8565	7823	847	28.01	1012.32	52.18	94924	AS7341	flash	5	100	999	10
2026-07-07T09:59:43.326	924	2247	1348	2732	6512	6090	6858	8560	7820	846	28.0	1012.3	52.14	94817	AS7341	flash	5	100	999	10
2026-07-07T09:59:45.355	925	2248	1349	2733	6515	6093	6860	8565	7823	847	28.0	1012.28	52.1	93337	AS7341	flash	5	100	999	10
2026-07-07T09:59:47.379	925	2248	1349	2734	6517	6095	6863	8568	7826	847	28.0	1012.33	52.07	93441	AS7341	flash	5	100	999	10
2026-07-07T09:59:49.296	924	2248	1349	2733	6513	6092	6859	8563	7822	847	28.01	1012.31	52.07	95140	AS7341	flash	5	100	999	10
2026-07-07T09:59:51.322	924	2247	1349	2732	6513	6092	6860	8564	7822	847	28.0	1012.29	52.12	94496	AS7341	flash	5	100	999	10
2026-07-07T09:59:53.338	924	2247	1348	2732	6514	6093	6861	8566	7823	847	28.0	1012.32	52.17	94389	AS7341	flash	5	100	999	10
2026-07-07T09:59:55.355	924	2247	1349	2732	6515	6094	6862	8568	7824	847	28.0	1012.31	52.23	94389	AS7341	flash	5	100	999	10
2026-07-07T09:59:57.372	924	2247	1348	2732	6515	6093	6861	8566	7824	847	28.0	1012.31	52.27	94071	AS7341	flash	5	100	999	10
2026-07-07T09:59:59.275	924	2247	1349	2732	6516	6095	6863	8569	7826	847	28.01	1012.33	52.27	94924	AS7341	flash	5	100	999	10
2026-07-07T10:00:01.290	925	2247	1349	2733	6515	6093	6862	8566	7823	847	28.0	1012.3	52.25	93337	AS7341	flash	5	100	999	10
2026-07-07T10:00:03.308	924	2247	1349	2732	6514	6093	6862	8567	7823	847	28.0	1012.3	52.26	94071	AS7341	flash	5	100	999	10
2026-07-07T10:00:05.331	925	2247	1349	2733	6516	6095	6864	8569	7825	847	28.0	1012.3	52.28	93233	AS7341	flash	5	100	999	10
2026-07-07T10:00:07.347	925	2248	1349	2733	6516	6095	6864	8569	7826	847	28.0	1012.31	52.25	94177	AS7341	flash	5	100	999	10
2026-07-07T10:00:09.365	925	2248	1349	2733	6515	6094	6862	8567	7824	847	28.0	1012.3	52.19	94389	AS7341	flash	5	100	999	10
2026-07-07T10:00:11.283	924	2247	1349	2732	6513	6092	6861	8566	7822	847	28.0	1012.3	52.2	94602	AS7341	flash	5	100	999	10
2026-07-07T10:00:13.312	925	2248	1349	2734	6517	6096	6866	8573	7827	847	27.99	1012.3	52.24	94496	AS7341	flash	5	100	999	10
2026-07-07T10:00:15.321	924	2246	1348	2732	6515	6094	6862	8569	7824	847	28.0	1012.29	52.25	92923	AS7341	flash	5	100	999	10
2026-07-07T10:00:17.337	924	2247	1349	2732	6516	6095	6864	8570	7825	847	28.0	1012.33	52.3	92923	AS7341	flash	5	100	999	10
2026-07-07T10:00:19.362	925	2247	1349	2733	6516	6094	6863	8569	7825	847	28.0	1012.34	52.29	93233	AS7341	flash	5	100	999	10
2026-07-07T10:00:21.378	925	2247	1349	2733	6515	6094	6862	8568	7824	847	28.0	1012.33	52.2	94283	AS7341	flash	5	100	999	10
2026-07-07T10:00:23.300	924	2247	1349	2732	6513	6091	6860	8564	7821	847	28.0	1012.3	52.12	94177	AS7341	flash	5	100	999	10
2026-07-07T10:00:25.319	925	2247	1349	2733	6516	6095	6864	8568	7825	847	27.99	1012.33	52.1	94177	AS7341	flash	5	100	999	10
2026-07-07T10:00:27.338	924	2247	1348	2732	6517	6096	6865	8571	7826	847	27.99	1012.33	52.16	93546	AS7341	flash	5	100	999	10
2026-07-07T10:00:29.351	925	2247	1349	2733	6517	6096	6866	8572	7827	847	27.99	1012.33	52.28	94817	AS7341	flash	5	100	999	10
2026-07-07T10:00:31.368	925	2247	1349	2733	6518	6097	6867	8574	7828	847	27.99	1012.32	52.34	94177	AS7341	flash	5	100	999	10
2026-07-07T10:00:33.384	925	2247	1349	2733	6517	6096	6866	8573	7827	847	27.98	1012.3	52.34	93546	AS7341	flash	5	100	999	10
2026-07-07T10:00:35.304	925	2247	1349	2733	6516	6095	6864	8570	7825	847	27.99	1012.3	52.32	94283	AS7341	flash	5	100	999	10
2026-07-07T10:00:37.331	925	2247	1349	2733	6515	6094	6862	8566	7823	847	27.98	1012.32	52.24	94389	AS7341	flash	5	100	999	10
2026-07-07T10:00:39.361	925	2247	1349	2733	6517	6096	6864	8569	7826	847	27.98	1012.32	52.16	93337	AS7341	flash	5	100	999	10
2026-07-07T10:00:41.381	925	2248	1349	2734	6518	6097	6865	8570	7827	847	27.99	1012.3	52.1	94496	AS7341	flash	5	100	999	10
2026-07-07T10:00:43.292	924	2246	1349	2732	6515	6094	6862	8565	7823	847	27.99	1012.29	52.04	93965	AS7341	flash	5	100	999	10
2026-07-07T10:00:45.309	925	2247	1349	2733	6516	6095	6864	8567	7825	847	27.99	1012.34	52.06	94817	AS7341	flash	5	100	999	10
2026-07-07T10:00:47.337	925	2247	1349	2733	6517	6095	6864	8568	7824	847	27.98	1012.27	52.1	93441	AS7341	flash	5	100	999	10
2026-07-07T10:00:49.365	925	2247	1349	2734	6518	6097	6866	8570	7826	847	27.98	1012.33	52.15	94283	AS7341	flash	5	100	999	10
2026-07-07T10:00:51.283	925	2247	1349	2733	6518	6096	6864	8567	7826	847	27.99	1012.31	52.14	95032	AS7341	flash	5	100	999	10
2026-07-07T10:00:53.301	925	2247	1349	2734	6516	6095	6863	8568	7824	847	27.99	1012.33	52.14	93337	AS7341	flash	5	100	999	10
2026-07-07T10:00:55.329	925	2248	1349	2734	6518	6097	6866	8571	7827	847	27.98	1012.31	52.14	93337	AS7341	flash	5	100	999	10
2026-07-07T10:00:57.352	925	2247	1349	2733	6518	6096	6865	8570	7826	847	27.98	1012.29	52.11	94817	AS7341	flash	5	100	999	10
2026-07-07T10:00:59.376	925	2247	1349	2733	6518	6098	6867	8572	7827	847	27.98	1012.35	52.15	93965	AS7341	flash	5	100	999	10
2026-07-07T10:01:01.291	925	2247	1349	2733	6517	6097	6866	8571	7826	847	27.99	1012.29	52.27	93650	AS7341	flash	5	100	999	10
2026-07-07T10:01:03.305	925	2247	1349	2733	6517	6096	6865	8570	7826	847	27.98	1012.29	52.29	94602	AS7341	flash	5	100	999	10
2026-07-07T10:01:05.336	925	2248	1349	2735	6521	6100	6869	8574	7830	847	27.98	1012.32	52.2	93130	AS7341	flash	5	100	999	10
2026-07-07T10:01:07.351	925	2247	1349	2734	6520	6099	6867	8573	7828	847	27.98	1012.3	52.15	93233	AS7341	flash	5	100	999	10
2026-07-07T10:01:09.365	925	2246	1349	2733	6519	6098	6867	8572	7827	847	27.98	1012.3	52.15	93130	AS7341	flash	5	100	999	10
2026-07-07T10:01:11.275	925	2247	1349	2734	6518	6098	6867	8571	7827	847	27.97	1012.28	52.21	93650	AS7341	flash	5	100	999	10
2026-07-07T10:01:13.304	925	2247	1349	2734	6518	6098	6867	8573	7826	847	27.97	1012.32	52.25	93441	AS7341	flash	5	100	999	10
2026-07-07T10:01:15.320	925	2246	1348	2734	6519	6098	6868	8573	7828	847	27.97	1012.27	52.27	93026	AS7341	flash	5	100	999	10
2026-07-07T10:01:17.350	925	2247	1349	2734	6520	6100	6869	8575	7830	847	27.97	1012.3	52.3	94602	AS7341	flash	5	100	999	10
2026-07-07T10:01:19.365	925	2246	1349	2733	6519	6099	6868	8573	7828	847	27.96	1012.32	52.28	93130	AS7341	flash	5	100	999	10
2026-07-07T10:01:21.282	924	2246	1349	2733	6518	6097	6866	8571	7826	847	27.98	1012.31	52.22	94071	AS7341	flash	5	100	999	10
2026-07-07T10:01:23.308	925	2246	1349	2733	6518	6098	6867	8571	7827	847	27.96	1012.27	52.21	93233	AS7341	flash	5	100	999	10
2026-07-07T10:01:25.329	925	2247	1349	2734	6520	6099	6868	8573	7828	847	27.97	1012.32	52.2	93755	AS7341	flash	5	100	999	10
2026-07-07T10:01:27.349	925	2246	1349	2733	6519	6098	6867	8571	7827	847	27.97	1012.31	52.19	94177	AS7341	flash	5	100	999	10
2026-07-07T10:01:29.370	925	2246	1349	2733	6519	6099	6869	8572	7828	847	27.96	1012.28	52.16	94602	AS7341	flash	5	100	999	10
2026-07-07T10:01:31.278	924	2246	1349	2733	6517	6097	6866	8571	7825	847	27.98	1012.3	52.2	93755	AS7341	flash	5	100	999	10
2026-07-07T10:01:33.308	925	2247	1349	2734	6520	6099	6870	8574	7828	847	27.97	1012.32	52.25	92820	AS7341	flash	5	100	999	10
2026-07-07T10:01:35.335	925	2247	1349	2734	6520	6100	6870	8575	7829	847	27.97	1012.32	52.27	93026	AS7341	flash	5	100	999	10
2026-07-07T10:01:37.361	925	2247	1349	2734	6521	6101	6872	8577	7831	848	27.96	1012.27	52.28	93441	AS7341	flash	5	100	999	10
2026-07-07T10:01:39.378	925	2247	1349	2734	6521	6101	6872	8578	7830	847	27.97	1012.31	52.34	93965	AS7341	flash	5	100	999	10
2026-07-07T10:01:41.295	925	2246	1349	2733	6518	6099	6870	8574	7828	847	27.97	1012.32	52.38	94071	AS7341	flash	5	100	999	10
2026-07-07T10:01:43.321	925	2246	1349	2733	6520	6100	6871	8575	7829	847	27.95	1012.28	52.4	93546	AS7341	flash	5	100	999	10
2026-07-07T10:01:45.341	925	2246	1349	2734	6519	6098	6869	8574	7827	847	27.96	1012.3	52.36	93755	AS7341	flash	5	100	999	10
2026-07-07T10:01:47.352	925	2246	1348	2732	6518	6098	6868	8572	7826	847	27.96	1012.34	52.29	93130	AS7341	flash	5	100	999	10
2026-07-07T10:01:49.365	925	2247	1349	2734	6520	6100	6870	8575	7829	847	27.96	1012.3	52.27	93441	AS7341	flash	5	100	999	10
2026-07-07T10:01:51.279	925	2246	1349	2733	6518	6097	6867	8571	7826	847	27.96	1012.31	52.21	93860	AS7341	flash	5	100	999	10
2026-07-07T10:01:53.305	925	2247	1349	2734	6520	6099	6868	8572	7828	847	27.95	1012.29	52.16	94602	AS7341	flash	5	100	999	10
2026-07-07T10:01:55.334	925	2247	1349	2733	6519	6098	6868	8572	7827	847	27.95	1012.32	52.11	93026	AS7341	flash	5	100	999	10
2026-07-07T10:01:57.362	925	2247	1349	2735	6521	6101	6871	8575	7830	847	27.95	1012.3	52.14	93546	AS7341	flash	5	100	999	10
2026-07-07T10:01:59.378	925	2246	1349	2733	6521	6100	6870	8575	7829	847	27.95	1012.28	52.27	93755	AS7341	flash	5	100	999	10
2026-07-07T10:02:01.288	925	2246	1349	2733	6522	6101	6871	8577	7830	847	27.96	1012.31	52.25	93233	AS7341	flash	5	100	999	10
2026-07-07T10:02:03.318	925	2246	1349	2734	6520	6100	6871	8576	7829	847	27.94	1012.34	52.26	93337	AS7341	flash	5	100	999	10
2026-07-07T10:02:05.339	925	2247	1349	2734	6522	6101	6871	8576	7830	848	27.94	1012.32	52.24	94389	AS7341	flash	5	100	999	10
2026-07-07T10:02:07.370	925	2247	1349	2735	6522	6101	6872	8576	7830	848	27.94	1012.29	52.22	94177	AS7341	flash	5	100	999	10
2026-07-07T10:02:09.287	925	2246	1349	2733	6520	6099	6869	8573	7828	847	27.95	1012.33	52.19	94817	AS7341	flash	5	100	999	10
2026-07-07T10:02:11.314	925	2247	1349	2734	6522	6102	6873	8576	7831	847	27.94	1012.29	52.23	94496	AS7341	flash	5	100	999	10
2026-07-07T10:02:13.343	925	2246	1349	2734	6522	6102	6871	8576	7830	847	27.94	1012.31	52.22	93337	AS7341	flash	5	100	999	10
2026-07-07T10:02:15.368	925	2247	1349	2734	6521	6101	6872	8576	7830	847	27.94	1012.28	52.2	94283	AS7341	flash	5	100	999	10
2026-07-07T10:02:17.280	925	2246	1349	2733	6519	6099	6869	8573	7827	847	27.94	1012.31	52.26	94709	AS7341	flash	5	100	999	10
2026-07-07T10:02:19.295	925	2246	1349	2734	6520	6100	6870	8575	7829	847	27.94	1012.31	52.32	93755	AS7341	flash	5	100	999	10
2026-07-07T10:02:21.320	925	2246	1349	2733	6521	6100	6871	8574	7829	847	27.93	1012.29	52.32	93965	AS7341	flash	5	100	999	10
2026-07-07T10:02:23.340	925	2246	1349	2734	6523	6102	6873	8577	7831	848	27.93	1012.32	52.26	94177	AS7341	flash	5	100	999	10
2026-07-07T10:02:25.355	925	2247	1349	2735	6522	6101	6872	8575	7830	847	27.93	1012.3	52.18	94071	AS7341	flash	5	100	999	10
2026-07-07T10:02:27.374	925	2246	1349	2734	6522	6102	6872	8576	7830	847	27.93	1012.29	52.16	93755	AS7341	flash	5	100	999	10
2026-07-07T10:02:29.286	925	2246	1349	2734	6519	6100	6871	8575	7828	847	27.94	1012.3	52.24	94817	AS7341	flash	5	100	999	10
2026-07-07T10:02:31.319	926	2248	1349	2735	6525	6104	6875	8580	7834	848	27.92	1012.29	52.31	94496	AS7341	flash	5	100	999	10
2026-07-07T10:02:33.348	925	2247	1349	2735	6524	6104	6874	8578	7832	848	27.92	1012.33	52.27	93233	AS7341	flash	5	100	999	10
2026-07-07T10:02:35.368	925	2247	1349	2735	6523	6103	6873	8576	7830	847	27.93	1012.29	52.24	92923	AS7341	flash	5	100	999	10
2026-07-07T10:02:37.280	925	2246	1349	2734	6521	6101	6871	8573	7828	847	27.93	1012.31	52.2	94389	AS7341	flash	5	100	999	10
2026-07-07T10:02:39.296	925	2246	1349	2734	6521	6101	6871	8575	7829	847	27.93	1012.29	52.22	93441	AS7341	flash	5	100	999	10
2026-07-07T10:02:41.328	925	2246	1349	2734	6523	6103	6874	8579	7832	847	27.92	1012.31	52.31	93026	AS7341	flash	5	100	999	10
2026-07-07T10:02:43.352	925	2245	1349	2734	6521	6101	6872	8576	7829	847	27.92	1012.33	52.39	93233	AS7341	flash	5	100	999	10
2026-07-07T10:02:45.378	925	2247	1349	2735	6524	6105	6877	8582	7833	848	27.92	1012.32	52.41	93337	AS7341	flash	5	100	999	10
2026-07-07T10:02:47.285	925	2246	1349	2734	6522	6102	6875	8580	7831	847	27.93	1012.3	52.47	93130	AS7341	flash	5	100	999	10
2026-07-07T10:02:49.311	925	2247	1349	2735	6523	6104	6876	8582	7833	848	27.92	1012.32	52.52	94496	AS7341	flash	5	100	999	10
2026-07-07T10:02:51.337	925	2246	1349	2735	6524	6104	6877	8582	7834	848	27.91	1012.28	52.48	94602	AS7341	flash	5	100	999	10
2026-07-07T10:02:53.361	925	2246	1349	2734	6523	6103	6875	8580	7831	848	27.91	1012.29	52.39	94389	AS7341	flash	5	100	999	10
2026-07-07T10:02:55.384	925	2247	1349	2734	6523	6103	6875	8579	7831	848	27.92	1012.32	52.36	93026	AS7341	flash	5	100	999	10
2026-07-07T10:02:57.299	925	2246	1349	2733	6523	6103	6875	8579	7831	848	27.92	1012.33	52.31	94602	AS7341	flash	5	100	999	10
2026-07-07T10:02:59.311	925	2246	1349	2735	6524	6104	6877	8584	7834	848	27.91	1012.28	52.36	94496	AS7341	flash	5	100	999	10
2026-07-07T10:03:01.340	925	2246	1349	2734	6522	6103	6876	8582	7832	847	27.91	1012.31	52.46	93546	AS7341	flash	5	100	999	10
2026-07-07T10:03:03.352	925	2245	1349	2734	6523	6104	6878	8584	7833	848	27.91	1012.31	52.56	92820	AS7341	flash	5	100	999	10
2026-07-07T10:03:05.370	925	2245	1349	2734	6523	6104	6879	8588	7834	848	27.91	1012.31	52.72	93860	AS7341	flash	5	100	999	10
2026-07-07T10:03:07.379	925	2245	1349	2733	6522	6104	6879	8588	7833	848	27.91	1012.33	52.87	92105	AS7341	flash	5	100	999	10
2026-07-07T10:03:09.398	925	2245	1349	2733	6523	6104	6880	8589	7834	848	27.92	1012.3	52.9	92512	AS7341	flash	5	100	999	10
2026-07-07T10:03:11.317	925	2245	1349	2733	6521	6103	6877	8585	7833	848	27.91	1012.32	52.92	92923	AS7341	flash	5	100	999	10
2026-07-07T10:03:13.339	926	2246	1349	2734	6523	6104	6880	8589	7835	848	27.9	1012.33	52.85	92615	AS7341	flash	5	100	999	10
2026-07-07T10:03:15.372	925	2246	1349	2733	6521	6102	6877	8585	7832	848	27.9	1012.32	52.79	92410	AS7341	flash	5	100	999	10
2026-07-07T10:03:17.398	925	2246	1349	2733	6521	6102	6877	8586	7832	848	27.9	1012.3	52.69	93755	AS7341	flash	5	100	999	10
2026-07-07T10:03:19.317	925	2246	1349	2733	6520	6101	6876	8583	7831	848	27.91	1012.31	52.65	94389	AS7341	flash	5	100	999	10
2026-07-07T10:03:21.333	925	2246	1349	2733	6520	6101	6875	8583	7831	848	27.91	1012.36	52.59	93337	AS7341	flash	5	100	999	10
2026-07-07T10:03:23.355	925	2247	1349	2733	6522	6103	6878	8586	7833	848	27.91	1012.34	52.56	94071	AS7341	flash	5	100	999	10
2026-07-07T10:03:25.383	925	2246	1349	2733	6518	6100	6874	8581	7829	847	27.91	1012.3	52.6	92308	AS7341	flash	5	100	999	10
2026-07-07T10:03:27.394	925	2246	1349	2733	6520	6101	6875	8582	7831	848	27.91	1012.34	52.53	92923	AS7341	flash	5	100	999	10
2026-07-07T10:03:29.308	925	2246	1349	2732	6519	6100	6873	8579	7829	847	27.92	1012.32	52.45	94817	AS7341	flash	5	100	999	10
2026-07-07T10:03:31.320	925	2247	1349	2733	6522	6103	6877	8585	7833	848	27.92	1012.33	52.47	92923	AS7341	flash	5	100	999	10
2026-07-07T10:03:33.338	925	2246	1349	2733	6520	6101	6875	8582	7830	848	27.91	1012.31	52.48	93337	AS7341	flash	5	100	999	10
2026-07-07T10:03:35.367	925	2247	1349	2734	6523	6104	6879	8587	7834	848	27.91	1012.28	52.47	92717	AS7341	flash	5	100	999	10
2026-07-07T10:03:37.378	925	2247	1349	2734	6522	6102	6877	8585	7832	848	27.91	1012.3	52.53	93337	AS7341	flash	5	100	999	10
2026-07-07T10:03:39.404	925	2246	1349	2733	6521	6102	6877	8584	7832	848	27.91	1012.31	52.57	92615	AS7341	flash	5	100	999	10
2026-07-07T10:03:41.321	925	2246	1349	2733	6520	6101	6875	8581	7830	848	27.92	1012.33	52.52	94389	AS7341	flash	5	100	999	10
2026-07-07T10:03:43.342	925	2246	1349	2733	6520	6100	6875	8581	7830	847	27.91	1012.32	52.48	93026	AS7341	flash	5	100	999	10
2026-07-07T10:03:45.361	925	2246	1349	2733	6520	6101	6875	8581	7830	847	27.9	1012.28	52.5	93755	AS7341	flash	5	100	999	10
2026-07-07T10:03:47.391	925	2246	1349	2733	6520	6101	6875	8581	7830	847	27.9	1012.27	52.5	92923	AS7341	flash	5	100	999	10
2026-07-07T10:03:49.306	925	2247	1349	2733	6521	6102	6876	8582	7832	848	27.92	1012.29	52.46	93965	AS7341	flash	5	100	999	10
2026-07-07T10:03:51.326	925	2247	1349	2733	6521	6101	6875	8581	7830	847	27.91	1012.29	52.43	94283	AS7341	flash	5	100	999	10
2026-07-07T10:03:53.348	925	2247	1349	2734	6522	6102	6877	8584	7832	848	27.91	1012.3	52.44	94817	AS7341	flash	5	100	999	10
2026-07-07T10:03:55.371	925	2247	1349	2733	6519	6100	6873	8579	7828	847	27.91	1012.3	52.43	93130	AS7341	flash	5	100	999	10
2026-07-07T10:03:57.391	925	2247	1349	2733	6521	6102	6875	8581	7830	847	27.91	1012.34	52.41	93650	AS7341	flash	5	100	999	10
2026-07-07T10:03:59.310	925	2247	1349	2733	6520	6100	6873	8577	7829	848	27.91	1012.3	52.36	93546	AS7341	flash	5	100	999	10
2026-07-07T10:04:01.341	925	2247	1349	2734	6522	6102	6874	8578	7830	848	27.91	1012.3	52.28	93026	AS7341	flash	5	100	999	10
2026-07-07T10:04:03.368	925	2247	1349	2733	6522	6102	6874	8579	7830	848	27.91	1012.29	52.25	93026	AS7341	flash	5	100	999	10
2026-07-07T10:04:05.384	925	2247	1349	2733	6521	6101	6872	8576	7828	847	27.91	1012.28	52.18	92923	AS7341	flash	5	100	999	10
2026-07-07T10:04:07.397	925	2247	1349	2734	6522	6101	6873	8575	7829	847	27.91	1012.29	52.1	93965	AS7341	flash	5	100	999	10
2026-07-07T10:04:09.301	925	2247	1349	2734	6520	6101	6871	8573	7828	847	27.92	1012.32	52.05	93755	AS7341	flash	5	100	999	10
2026-07-07T10:04:11.320	925	2247	1349	2735	6524	6103	6875	8576	7831	848	27.91	1012.29	52.03	94602	AS7341	flash	5	100	999	10
2026-07-07T10:04:13.348	925	2247	1349	2734	6524	6104	6876	8579	7832	848	27.91	1012.32	52.05	93650	AS7341	flash	5	100	999	10
2026-07-07T10:04:15.369	925	2247	1349	2735	6524	6104	6875	8579	7831	848	27.91	1012.29	52.12	93965	AS7341	flash	5	100	999	10
2026-07-07T10:04:17.398	926	2247	1350	2735	6525	6106	6878	8581	7834	848	27.91	1012.31	52.18	94283	AS7341	flash	5	100	999	10
2026-07-07T10:04:19.311	926	2248	1350	2735	6527	6107	6880	8584	7836	848	27.92	1012.3	52.24	94496	AS7341	flash	5	100	999	10
2026-07-07T10:04:21.341	926	2248	1350	2736	6526	6107	6880	8583	7835	848	27.91	1012.25	52.28	93650	AS7341	flash	5	100	999	10
2026-07-07T10:04:23.360	926	2248	1350	2736	6527	6108	6881	8585	7836	848	27.91	1012.3	52.31	92923	AS7341	flash	5	100	999	10
2026-07-07T10:04:25.378	926	2247	1350	2736	6528	6108	6882	8587	7837	848	27.9	1012.31	52.34	92615	AS7341	flash	5	100	999	10
2026-07-07T10:04:27.398	926	2247	1349	2735	6526	6107	6881	8584	7835	848	27.91	1012.3	52.39	93965	AS7341	flash	5	100	999	10
2026-07-07T10:04:29.425	926	2247	1349	2735	6526	6107	6881	8586	7835	848	27.91	1012.32	52.46	92410	AS7341	flash	5	100	999	10
2026-07-07T10:04:31.344	926	2247	1349	2735	6526	6107	6882	8588	7837	848	27.91	1012.29	52.51	93441	AS7341	flash	5	100	999	10
2026-07-07T10:04:33.368	925	2246	1349	2734	6527	6107	6882	8588	7836	848	27.91	1012.32	52.6	93965	AS7341	flash	5	100	999	10
2026-07-07T10:04:35.392	926	2247	1350	2735	6526	6107	6881	8588	7836	848	27.91	1012.25	52.56	92923	AS7341	flash	5	100	999	10
2026-07-07T10:04:37.406	926	2247	1350	2735	6526	6106	6880	8585	7835	848	27.91	1012.29	52.48	92512	AS7341	flash	5	100	999	10
2026-07-07T10:04:39.421	926	2248	1350	2736	6527	6108	6881	8586	7837	848	27.91	1012.3	52.37	93755	AS7341	flash	5	100	999	10
2026-07-07T10:04:41.342	926	2248	1350	2735	6525	6105	6878	8582	7834	848	27.92	1012.3	52.29	93546	AS7341	flash	5	100	999	10
2026-07-07T10:04:43.368	926	2248	1350	2736	6526	6106	6879	8583	7834	848	27.9	1012.31	52.21	93965	AS7341	flash	5	100	999	10
2026-07-07T10:04:45.396	926	2248	1350	2736	6528	6108	6880	8584	7836	848	27.91	1012.33	52.15	93130	AS7341	flash	5	100	999	10
2026-07-07T10:04:47.413	926	2248	1350	2736	6526	6107	6880	8584	7835	848	27.9	1012.34	52.16	94071	AS7341	flash	5	100	999	10
2026-07-07T10:04:49.427	926	2247	1349	2735	6526	6106	6880	8583	7835	848	27.91	1012.35	52.21	93650	AS7341	flash	5	100	999	10
2026-07-07T10:04:51.344	926	2247	1350	2735	6526	6106	6880	8584	7834	848	27.91	1012.33	52.29	93130	AS7341	flash	5	100	999	10
2026-07-07T10:04:53.356	926	2248	1350	2736	6527	6108	6882	8586	7836	848	27.91	1012.32	52.35	94177	AS7341	flash	5	100	999	10
2026-07-07T10:04:55.377	926	2247	1349	2735	6526	6107	6880	8584	7834	848	27.91	1012.31	52.35	93026	AS7341	flash	5	100	999	10
2026-07-07T10:04:57.379	926	2248	1350	2736	6529	6110	6883	8588	7838	848	27.91	1012.31	52.3	92820	AS7341	flash	5	100	999	10
2026-07-07T10:04:59.389	926	2247	1349	2735	6527	6108	6881	8585	7836	848	27.91	1012.3	52.3	92923	AS7341	flash	5	100	999	10
2026-07-07T10:05:01.393	926	2246	1349	2735	6526	6106	6881	8584	7834	848	27.91	1012.32	52.31	92717	AS7341	flash	5	100	999	10
2026-07-07T10:05:03.405	925	2246	1349	2735	6527	6108	6882	8588	7836	848	27.91	1012.3	52.38	94177	AS7341	flash	5	100	999	10
2026-07-07T10:05:05.409	926	2246	1349	2735	6526	6108	6883	8588	7836	848	27.91	1012.32	52.5	93546	AS7341	flash	5	100	999	10
2026-07-07T10:05:07.427	926	2246	1350	2735	6527	6108	6883	8588	7837	848	27.91	1012.29	52.56	93441	AS7341	flash	5	100	999	10
2026-07-07T10:05:09.421	926	2247	1349	2735	6528	6109	6883	8588	7837	848	27.9	1012.3	52.5	93026	AS7341	flash	5	100	999	10
2026-07-07T10:05:11.423	926	2247	1350	2735	6526	6108	6881	8586	7835	848	27.9	1012.31	52.39	94602	AS7341	flash	5	100	999	10
2026-07-07T10:05:13.421	926	2247	1349	2735	6526	6108	6880	8584	7834	848	27.91	1012.32	52.3	93026	AS7341	flash	5	100	999	10
2026-07-07T10:05:15.336	926	2247	1350	2735	6526	6106	6879	8580	7833	848	27.91	1012.33	52.23	93755	AS7341	flash	5	100	999	10
2026-07-07T10:05:17.353	926	2248	1350	2736	6527	6108	6880	8585	7835	848	27.9	1012.33	52.18	93965	AS7341	flash	5	100	999	10
2026-07-07T10:05:19.360	926	2247	1350	2736	6527	6108	6881	8584	7835	848	27.9	1012.33	52.23	94496	AS7341	flash	5	100	999	10
2026-07-07T10:05:21.353	926	2248	1350	2736	6528	6109	6882	8586	7836	848	27.91	1012.3	52.27	93130	AS7341	flash	5	100	999	10
2026-07-07T10:05:23.353	926	2247	1350	2736	6529	6110	6885	8590	7838	848	27.91	1012.3	52.3	92717	AS7341	flash	5	100	999	10
2026-07-07T10:05:25.352	926	2246	1349	2735	6528	6109	6884	8589	7837	848	27.9	1012.32	52.43	92512	AS7341	flash	5	100	999	10
2026-07-07T10:05:27.351	926	2246	1350	2735	6528	6110	6885	8590	7838	848	27.91	1012.32	52.56	93546	AS7341	flash	5	100	999	10
2026-07-07T10:05:29.358	926	2246	1350	2735	6527	6109	6884	8588	7837	848	27.91	1012.33	52.57	92717	AS7341	flash	5	100	999	10
2026-07-07T10:05:31.353	926	2246	1349	2735	6527	6108	6883	8589	7836	848	27.9	1012.32	52.54	93965	AS7341	flash	5	100	999	10
2026-07-07T10:05:33.367	926	2247	1350	2735	6528	6110	6885	8590	7838	848	27.91	1012.32	52.53	93026	AS7341	flash	5	100	999	10
2026-07-07T10:05:35.356	926	2246	1349	2735	6527	6107	6882	8586	7835	848	27.91	1012.3	52.51	92717	AS7341	flash	5	100	999	10
2026-07-07T10:05:37.361	926	2247	1350	2735	6528	6109	6883	8588	7837	848	27.9	1012.29	52.43	94071	AS7341	flash	5	100	999	10
2026-07-07T10:05:39.369	926	2247	1350	2735	6527	6108	6881	8585	7835	848	27.9	1012.33	52.33	93130	AS7341	flash	5	100	999	10
2026-07-07T10:05:41.372	926	2247	1350	2735	6526	6107	6881	8583	7834	848	27.9	1012.3	52.25	93755	AS7341	flash	5	100	999	10
2026-07-07T10:05:43.389	926	2248	1350	2736	6528	6109	6882	8585	7836	848	27.9	1012.32	52.19	94071	AS7341	flash	5	100	999	10
2026-07-07T10:05:45.414	926	2247	1350	2736	6529	6109	6882	8584	7836	848	27.9	1012.33	52.17	92410	AS7341	flash	5	100	999	10
2026-07-07T10:05:47.424	926	2248	1350	2736	6528	6108	6882	8583	7835	848	27.9	1012.31	52.12	92923	AS7341	flash	5	100	999	10
2026-07-07T10:05:49.438	926	2248	1350	2736	6529	6109	6882	8583	7836	848	27.9	1012.31	52.08	93441	AS7341	flash	5	100	999	10
2026-07-07T10:05:51.465	926	2247	1350	2736	6530	6110	6883	8584	7837	848	27.9	1012.34	52.1	92923	AS7341	flash	5	100	999	10
2026-07-07T10:05:53.380	925	2247	1350	2736	6528	6109	6882	8582	7835	848	27.91	1012.32	52.09	93965	AS7341	flash	5	100	999	10
2026-07-07T10:05:55.392	926	2247	1350	2736	6529	6110	6883	8585	7836	848	27.9	1012.31	52.14	93026	AS7341	flash	5	100	999	10
2026-07-07T10:05:57.414	926	2247	1350	2736	6529	6110	6884	8585	7837	848	27.91	1012.3	52.22	93755	AS7341	flash	5	100	999	10
2026-07-07T10:05:59.415	926	2247	1350	2736	6530	6110	6884	8586	7838	848	27.9	1012.33	52.25	93233	AS7341	flash	5	100	999	10
2026-07-07T10:06:01.412	926	2247	1350	2737	6530	6111	6885	8586	7838	848	27.91	1012.34	52.25	92820	AS7341	flash	5	100	999	10
2026-07-07T10:06:03.409	926	2247	1350	2737	6531	6111	6885	8587	7838	848	27.91	1012.31	52.23	93860	AS7341	flash	5	100	999	10
2026-07-07T10:06:05.416	926	2247	1349	2736	6531	6111	6884	8586	7838	848	27.91	1012.32	52.2	93650	AS7341	flash	5	100	999	10
2026-07-07T10:06:07.421	926	2247	1350	2737	6530	6111	6884	8585	7838	848	27.91	1012.29	52.16	93130	AS7341	flash	5	100	999	10
2026-07-07T10:06:09.430	926	2247	1350	2737	6530	6111	6883	8584	7837	848	27.9	1012.35	52.1	93546	AS7341	flash	5	100	999	10
2026-07-07T10:06:11.436	926	2247	1350	2737	6531	6112	6884	8585	7838	848	27.91	1012.33	52.07	94389	AS7341	flash	5	100	999	10
2026-07-07T10:06:13.447	926	2248	1350	2737	6533	6113	6886	8587	7838	848	27.9	1012.35	52.08	92717	AS7341	flash	5	100	999	10
2026-07-07T10:06:15.447	926	2248	1350	2738	6533	6114	6887	8589	7841	849	27.9	1012.34	52.14	93130	AS7341	flash	5	100	999	10
2026-07-07T10:06:17.366	926	2247	1350	2737	6531	6111	6884	8585	7838	848	27.91	1012.32	52.18	93755	AS7341	flash	5	100	999	10
2026-07-07T10:06:19.378	926	2247	1350	2737	6532	6113	6886	8587	7839	848	27.9	1012.32	52.17	93546	AS7341	flash	5	100	999	10
2026-07-07T10:06:21.395	926	2247	1350	2738	6533	6113	6887	8587	7840	848	27.91	1012.28	52.21	92923	AS7341	flash	5	100	999	10
2026-07-07T10:06:23.390	926	2247	1350	2737	6535	6115	6889	8592	7843	849	27.9	1012.29	52.23	93233	AS7341	flash	5	100	999	10
2026-07-07T10:06:25.397	926	2247	1350	2737	6532	6113	6886	8588	7839	848	27.9	1012.27	52.26	93337	AS7341	flash	5	100	999	10
2026-07-07T10:06:27.416	926	2247	1350	2737	6533	6114	6889	8592	7841	849	27.9	1012.3	52.35	92512	AS7341	flash	5	100	999	10
2026-07-07T10:06:29.418	926	2247	1350	2737	6533	6114	6890	8594	7841	849	27.9	1012.29	52.45	92512	AS7341	flash	5	100	999	10
2026-07-07T10:06:31.418	926	2246	1350	2736	6532	6114	6890	8595	7841	849	27.9	1012.31	52.55	92615	AS7341	flash	5	100	999	10
2026-07-07T10:06:33.427	926	2246	1350	2736	6531	6113	6891	8596	7841	849	27.9	1012.29	52.65	91802	AS7341	flash	5	100	999	10
2026-07-07T10:06:35.429	926	2246	1350	2736	6531	6114	6891	8597	7842	849	27.9	1012.29	52.75	92105	AS7341	flash	5	100	999	10
2026-07-07T10:06:37.406	926	2246	1350	2736	6529	6113	6889	8595	7840	848	27.9	1012.3	52.82	93233	AS7341	flash	5	100	999	10
2026-07-07T10:06:39.435	926	2246	1350	2736	6532	6114	6891	8598	7843	849	27.9	1012.33	52.8	92105	AS7341	flash	5	100	999	10
2026-07-07T10:06:41.435	926	2246	1350	2736	6530	6113	6889	8595	7840	848	27.89	1012.29	52.72	92308	AS7341	flash	5	100	999	10
2026-07-07T10:06:43.443	926	2247	1350	2737	6531	6113	6889	8594	7840	849	27.89	1012.27	52.62	93546	AS7341	flash	5	100	999	10
2026-07-07T10:06:45.442	926	2247	1350	2736	6532	6114	6888	8593	7840	849	27.89	1012.3	52.49	92923	AS7341	flash	5	100	999	10
2026-07-07T10:06:47.445	926	2247	1350	2736	6531	6112	6887	8590	7839	848	27.9	1012.29	52.37	92820	AS7341	flash	5	100	999	10
2026-07-07T10:06:49.350	926	2247	1350	2736	6530	6111	6885	8587	7838	848	27.91	1012.3	52.25	93441	AS7341	flash	5	100	999	10
2026-07-07T10:06:51.353	926	2248	1350	2737	6531	6113	6887	8588	7839	848	27.9	1012.3	52.18	93130	AS7341	flash	5	100	999	10
2026-07-07T10:06:53.459	926	2248	1350	2738	6532	6113	6888	8589	7840	848	27.88	1012.26	52.2	92308	AS7341	flash	5	100	999	10
2026-07-07T10:06:55.453	926	2247	1350	2737	6533	6114	6889	8591	7841	849	27.89	1012.27	52.24	92717	AS7341	flash	5	100	999	10
2026-07-07T10:06:57.470	926	2248	1350	2737	6532	6113	6887	8588	7840	848	27.89	1012.3	52.19	93130	AS7341	flash	5	100	999	10
2026-07-07T10:06:59.460	926	2248	1350	2738	6534	6115	6889	8590	7841	849	27.89	1012.26	52.13	92923	AS7341	flash	5	100	999	10
2026-07-07T10:07:01.452	926	2248	1351	2738	6534	6115	6888	8589	7841	849	27.9	1012.32	52.1	93130	AS7341	flash	5	100	999	10
2026-07-07T10:07:03.475	926	2248	1350	2738	6535	6116	6890	8592	7843	849	27.89	1012.27	52.12	92717	AS7341	flash	5	100	999	10
2026-07-07T10:07:05.367	926	2247	1350	2737	6532	6113	6888	8589	7840	848	27.91	1012.29	52.16	94177	AS7341	flash	5	100	999	10
2026-07-07T10:07:07.377	926	2246	1350	2737	6534	6115	6890	8593	7841	849	27.9	1012.3	52.27	93337	AS7341	flash	5	100	999	10
2026-07-07T10:07:09.392	926	2246	1350	2737	6534	6116	6892	8595	7843	849	27.89	1012.24	52.4	93130	AS7341	flash	5	100	999	10
2026-07-07T10:07:11.395	926	2246	1350	2737	6534	6117	6893	8597	7844	849	27.9	1012.32	52.55	92512	AS7341	flash	5	100	999	10
2026-07-07T10:07:13.422	926	2246	1350	2737	6533	6115	6891	8595	7841	849	27.89	1012.31	52.58	92410	AS7341	flash	5	100	999	10
2026-07-07T10:07:15.439	927	2247	1350	2738	6533	6115	6892	8595	7842	849	27.89	1012.29	52.56	93130	AS7341	flash	5	100	999	10
2026-07-07T10:07:17.450	926	2246	1350	2736	6533	6115	6891	8596	7842	849	27.89	1012.31	52.53	93233	AS7341	flash	5	100	999	10
2026-07-07T10:07:19.366	926	2246	1350	2736	6532	6114	6891	8594	7841	848	27.89	1012.27	52.57	93233	AS7341	flash	5	100	999	10
2026-07-07T10:07:21.365	926	2246	1350	2737	6534	6116	6893	8597	7843	849	27.89	1012.3	52.65	93860	AS7341	flash	5	100	999	10
2026-07-07T10:07:23.466	926	2247	1350	2737	6533	6115	6892	8597	7842	849	27.88	1012.32	52.64	91903	AS7341	flash	5	100	999	10
2026-07-07T10:07:25.374	926	2246	1350	2736	6532	6114	6890	8593	7840	848	27.89	1012.27	52.58	92717	AS7341	flash	5	100	999	10
2026-07-07T10:07:27.366	926	2247	1350	2736	6532	6114	6890	8592	7840	849	27.88	1012.29	52.49	94177	AS7341	flash	5	100	999	10
2026-07-07T10:07:29.388	926	2247	1350	2737	6533	6115	6891	8594	7841	849	27.88	1012.29	52.4	92717	AS7341	flash	5	100	999	10
2026-07-07T10:07:31.394	926	2247	1350	2737	6532	6114	6890	8593	7840	848	27.88	1012.28	52.41	93860	AS7341	flash	5	100	999	10
2026-07-07T10:07:33.406	927	2247	1350	2737	6534	6117	6894	8598	7844	849	27.89	1012.3	52.49	93546	AS7341	flash	5	100	999	10
2026-07-07T10:07:35.415	926	2246	1350	2736	6533	6116	6893	8598	7843	849	27.87	1012.31	52.58	93026	AS7341	flash	5	100	999	10
2026-07-07T10:07:37.419	926	2246	1350	2736	6533	6114	6892	8595	7841	848	27.88	1012.31	52.6	92923	AS7341	flash	5	100	999	10
2026-07-07T10:07:39.419	926	2247	1350	2737	6534	6116	6892	8595	7843	849	27.88	1012.31	52.52	92308	AS7341	flash	5	100	999	10
2026-07-07T10:07:41.443	926	2247	1350	2737	6532	6114	6890	8592	7840	848	27.87	1012.29	52.41	93546	AS7341	flash	5	100	999	10
2026-07-07T10:07:43.422	926	2246	1350	2736	6534	6116	6893	8596	7843	849	27.88	1012.29	52.38	92717	AS7341	flash	5	100	999	10
2026-07-07T10:07:45.436	927	2247	1350	2738	6534	6117	6893	8596	7842	849	27.88	1012.26	52.43	92512	AS7341	flash	5	100	999	10
2026-07-07T10:07:47.447	926	2247	1350	2737	6532	6115	6891	8595	7841	848	27.87	1012.32	52.48	93546	AS7341	flash	5	100	999	10
2026-07-07T10:07:49.446	926	2246	1350	2736	6532	6114	6891	8594	7841	849	27.88	1012.3	52.53	92105	AS7341	flash	5	100	999	10
2026-07-07T10:07:51.454	926	2246	1350	2736	6532	6114	6892	8595	7840	849	27.88	1012.3	52.57	92207	AS7341	flash	5	100	999	10
2026-07-07T10:07:53.448	926	2247	1350	2736	6534	6116	6893	8596	7842	849	27.88	1012.31	52.58	93650	AS7341	flash	5	100	999	10
2026-07-07T10:07:55.454	926	2247	1350	2736	6531	6113	6889	8591	7839	848	27.87	1012.29	52.48	93755	AS7341	flash	5	100	999	10
2026-07-07T10:07:57.453	926	2248	1350	2737	6534	6115	6891	8594	7842	849	27.88	1012.29	52.38	93026	AS7341	flash	5	100	999	10
2026-07-07T10:07:59.452	926	2247	1350	2737	6533	6115	6890	8591	7841	848	27.88	1012.27	52.29	93233	AS7341	flash	5	100	999	10
2026-07-07T10:08:01.459	926	2248	1350	2737	6534	6115	6890	8591	7840	849	27.88	1012.26	52.25	92923	AS7341	flash	5	100	999	10
2026-07-07T10:08:03.469	926	2247	1350	2737	6533	6114	6890	8590	7840	849	27.88	1012.24	52.21	92308	AS7341	flash	5	100	999	10
2026-07-07T10:08:05.469	926	2247	1350	2737	6533	6116	6891	8593	7841	849	27.88	1012.26	52.24	93233	AS7341	flash	5	100	999	10
2026-07-07T10:08:07.484	926	2247	1350	2737	6535	6117	6894	8597	7843	849	27.88	1012.28	52.3	92923	AS7341	flash	5	100	999	10
2026-07-07T10:08:09.489	926	2245	1350	2736	6532	6115	6893	8597	7842	849	27.88	1012.25	52.54	92717	AS7341	flash	5	100	999	10
2026-07-07T10:08:11.402	926	2245	1350	2736	6534	6117	6897	8603	7845	849	27.89	1012.28	52.8	92308	AS7341	flash	5	100	999	10
2026-07-07T10:08:13.409	926	2245	1350	2736	6533	6115	6895	8599	7842	849	27.89	1012.25	52.97	92105	AS7341	flash	5	100	999	10
2026-07-07T10:08:15.405	926	2245	1350	2736	6531	6115	6893	8598	7842	849	27.88	1012.26	52.94	92207	AS7341	flash	5	100	999	10
2026-07-07T10:08:17.424	926	2247	1350	2737	6533	6116	6895	8599	7843	849	27.88	1012.26	52.85	93441	AS7341	flash	5	100	999	10
2026-07-07T10:08:19.466	926	2246	1350	2736	6533	6116	6895	8600	7842	849	27.88	1012.29	52.79	91802	AS7341	flash	5	100	999	10
2026-07-07T10:08:21.488	927	2247	1350	2737	6534	6117	6896	8603	7844	849	27.87	1012.27	52.79	92717	AS7341	flash	5	100	999	10
2026-07-07T10:08:23.393	926	2246	1350	2735	6531	6115	6894	8601	7842	849	27.89	1012.25	52.81	92512	AS7341	flash	5	100	999	10
2026-07-07T10:08:25.401	926	2246	1350	2736	6531	6114	6893	8599	7841	849	27.88	1012.25	52.84	92308	AS7341	flash	5	100	999	10
2026-07-07T10:08:27.408	926	2246	1350	2736	6531	6114	6893	8599	7841	849	27.87	1012.26	52.81	92105	AS7341	flash	5	100	999	10
2026-07-07T10:08:29.428	927	2248	1350	2737	6533	6116	6895	8602	7843	849	27.88	1012.27	52.76	92105	AS7341	flash	5	100	999	10
2026-07-07T10:08:31.431	926	2247	1350	2736	6531	6114	6894	8599	7842	849	27.88	1012.28	52.72	92717	AS7341	flash	5	100	999	10
2026-07-07T10:08:33.449	926	2246	1350	2736	6532	6115	6895	8601	7843	849	27.87	1012.26	52.75	92105	AS7341	flash	5	100	999	10
2026-07-07T10:08:35.463	927	2247	1350	2736	6532	6116	6896	8602	7843	849	27.88	1012.28	52.79	93130	AS7341	flash	5	100	999	10
2026-07-07T10:08:37.463	926	2247	1350	2736	6531	6114	6893	8599	7842	849	27.88	1012.28	52.77	92512	AS7341	flash	5	100	999	10
2026-07-07T10:08:39.487	926	2246	1350	2735	6529	6112	6891	8596	7839	848	27.87	1012.26	52.68	92308	AS7341	flash	5	100	999	10
2026-07-07T10:08:41.482	927	2248	1351	2737	6533	6116	6894	8598	7843	849	27.87	1012.25	52.6	92820	AS7341	flash	5	100	999	10
2026-07-07T10:08:43.465	926	2247	1350	2736	6530	6112	6890	8593	7838	848	27.88	1012.26	52.53	92717	AS7341	flash	5	100	999	10
2026-07-07T10:08:45.497	926	2247	1350	2736	6531	6113	6890	8593	7839	849	27.87	1012.25	52.46	93026	AS7341	flash	5	100	999	10
2026-07-07T10:08:47.486	926	2248	1350	2736	6534	6116	6893	8596	7842	849	27.87	1012.26	52.39	92615	AS7341	flash	5	100	999	10
2026-07-07T10:08:49.507	926	2247	1350	2736	6531	6113	6889	8591	7838	848	27.86	1012.27	52.33	92512	AS7341	flash	5	100	999	10
2026-07-07T10:08:51.409	926	2248	1350	2736	6531	6112	6889	8590	7838	848	27.88	1012.29	52.27	93965	AS7341	flash	5	100	999	10
2026-07-07T10:08:53.412	926	2248	1351	2737	6532	6114	6890	8591	7839	849	27.87	1012.25	52.24	92923	AS7341	flash	5	100	999	10
2026-07-07T10:08:55.427	926	2248	1351	2737	6534	6116	6892	8592	7842	849	27.87	1012.26	52.25	93965	AS7341	flash	5	100	999	10
2026-07-07T10:08:57.446	926	2248	1351	2737	6533	6115	6892	8592	7841	849	27.87	1012.29	52.25	93755	AS7341	flash	5	100	999	10
2026-07-07T10:08:59.428	926	2247	1350	2736	6532	6114	6891	8591	7839	849	27.88	1012.29	52.31	93337	AS7341	flash	5	100	999	10
2026-07-07T10:09:01.419	926	2247	1350	2736	6532	6114	6890	8591	7839	848	27.87	1012.26	52.37	92615	AS7341	flash	5	100	999	10
2026-07-07T10:09:03.430	926	2248	1350	2737	6534	6116	6893	8594	7842	849	27.87	1012.29	52.36	92615	AS7341	flash	5	100	999	10
2026-07-07T10:09:05.435	927	2248	1350	2737	6536	6118	6894	8596	7843	849	27.87	1012.3	52.38	92512	AS7341	flash	5	100	999	10
2026-07-07T10:09:07.435	926	2248	1351	2737	6534	6116	6893	8595	7842	849	27.87	1012.3	52.4	92512	AS7341	flash	5	100	999	10
2026-07-07T10:09:09.428	926	2247	1350	2737	6533	6115	6891	8591	7839	849	27.88	1012.31	52.38	92512	AS7341	flash	5	100	999	10
2026-07-07T10:09:11.449	926	2247	1350	2737	6535	6116	6892	8592	7842	849	27.87	1012.32	52.32	92512	AS7341	flash	5	100	999	10
2026-07-07T10:09:13.458	927	2248	1351	2738	6538	6119	6895	8597	7845	849	27.86	1012.28	52.3	93337	AS7341	flash	5	100	999	10
2026-07-07T10:09:15.478	926	2247	1350	2738	6534	6116	6892	8593	7841	849	27.87	1012.27	52.31	93026	AS7341	flash	5	100	999	10
2026-07-07T10:09:17.494	927	2248	1351	2738	6538	6120	6896	8598	7846	849	27.87	1012.28	52.32	92717	AS7341	flash	5	100	999	10
2026-07-07T10:09:19.493	926	2248	1351	2738	6536	6117	6893	8592	7842	849	27.87	1012.29	52.32	93130	AS7341	flash	5	100	999	10
2026-07-07T10:09:21.499	927	2248	1351	2738	6537	6118	6894	8593	7844	849	27.88	1012.3	52.29	92207	AS7341	flash	5	100	999	10
2026-07-07T10:09:23.509	927	2248	1350	2738	6537	6118	6895	8595	7843	849	27.86	1012.28	52.26	92512	AS7341	flash	5	100	999	10
2026-07-07T10:09:25.409	926	2247	1351	2737	6536	6117	6894	8593	7843	849	27.88	1012.3	52.27	92923	AS7341	flash	5	100	999	10
2026-07-07T10:09:27.434	927	2247	1350	2738	6536	6118	6894	8595	7842	849	27.87	1012.33	52.31	92615	AS7341	flash	5	100	999	10
2026-07-07T10:09:29.436	926	2247	1350	2738	6537	6119	6896	8596	7845	849	27.87	1012.27	52.41	92615	AS7341	flash	5	100	999	10
2026-07-07T10:09:31.440	926	2248	1351	2738	6537	6119	6896	8597	7844	849	27.86	1012.26	52.44	92308	AS7341	flash	5	100	999	10
2026-07-07T10:09:33.448	927	2247	1351	2738	6539	6121	6898	8600	7847	849	27.86	1012.28	52.47	92717	AS7341	flash	5	100	999	10
2026-07-07T10:09:35.468	927	2248	1351	2738	6537	6120	6897	8597	7845	849	27.86	1012.26	52.46	92512	AS7341	flash	5	100	999	10
2026-07-07T10:09:37.497	927	2248	1351	2738	6536	6118	6895	8596	7843	849	27.86	1012.28	52.43	93130	AS7341	flash	5	100	999	10
2026-07-07T10:09:39.501	926	2247	1350	2738	6537	6120	6897	8598	7845	849	27.86	1012.27	52.42	92207	AS7341	flash	5	100	999	10
2026-07-07T10:09:41.408	927	2247	1351	2738	6534	6117	6893	8593	7842	849	27.86	1012.26	52.42	92717	AS7341	flash	5	100	999	10
2026-07-07T10:09:43.439	927	2249	1351	2739	6539	6121	6897	8597	7845	849	27.85	1012.29	52.35	92615	AS7341	flash	5	100	999	10
2026-07-07T10:09:45.458	927	2248	1351	2738	6540	6121	6898	8597	7847	849	27.85	1012.31	52.28	92512	AS7341	flash	5	100	999	10
2026-07-07T10:09:47.471	927	2248	1351	2739	6539	6120	6896	8594	7844	849	27.85	1012.24	52.24	93546	AS7341	flash	5	100	999	10
2026-07-07T10:09:49.480	927	2248	1351	2739	6540	6121	6897	8595	7845	849	27.85	1012.25	52.16	93755	AS7341	flash	5	100	999	10
2026-07-07T10:09:51.495	927	2249	1351	2740	6538	6120	6895	8594	7845	849	27.85	1012.27	52.14	92615	AS7341	flash	5	100	999	10
2026-07-07T10:09:53.502	927	2248	1351	2739	6540	6121	6897	8595	7845	849	27.85	1012.28	52.13	92410	AS7341	flash	5	100	999	10
2026-07-07T10:09:55.414	927	2248	1351	2739	6538	6120	6895	8592	7844	849	27.86	1012.28	52.12	94283	AS7341	flash	5	100	999	10
2026-07-07T10:09:57.430	926	2248	1351	2739	6539	6121	6896	8593	7844	849	27.86	1012.31	52.11	93233	AS7341	flash	5	100	999	10
2026-07-07T10:09:59.423	927	2248	1351	2739	6540	6122	6897	8593	7845	849	27.86	1012.3	52.1	93026	AS7341	flash	5	100	999	10
2026-07-07T10:10:01.422	927	2248	1351	2740	6541	6123	6898	8594	7847	849	27.86	1012.3	52.1	92923	AS7341	flash	5	100	999	10
2026-07-07T10:10:03.422	927	2248	1351	2740	6541	6123	6898	8594	7847	849	27.85	1012.27	52.12	94177	AS7341	flash	5	100	999	10
2026-07-07T10:10:05.446	927	2248	1351	2740	6543	6124	6899	8598	7848	849	27.85	1012.25	52.16	93130	AS7341	flash	5	100	999	10
2026-07-07T10:10:07.439	927	2247	1351	2739	6541	6123	6897	8594	7845	849	27.85	1012.29	52.16	92717	AS7341	flash	5	100	999	10
2026-07-07T10:10:09.443	927	2248	1351	2740	6542	6124	6898	8595	7847	849	27.86	1012.29	52.1	93337	AS7341	flash	5	100	999	10
2026-07-07T10:10:11.455	927	2248	1351	2741	6541	6123	6897	8594	7847	849	27.85	1012.27	52.07	92820	AS7341	flash	5	100	999	10
2026-07-07T10:10:13.477	927	2248	1351	2741	6543	6124	6899	8595	7847	849	27.86	1012.28	52.03	94283	AS7341	flash	5	100	999	10
2026-07-07T10:10:15.503	927	2248	1351	2741	6546	6128	6903	8600	7851	850	27.85	1012.28	52.04	92512	AS7341	flash	5	100	999	10
2026-07-07T10:10:17.410	927	2247	1351	2740	6542	6124	6899	8596	7848	849	27.86	1012.29	52.12	92923	AS7341	flash	5	100	999	10
2026-07-07T10:10:19.511	927	2249	1351	2742	6546	6128	6903	8600	7852	850	27.85	1012.29	52.14	92410	AS7341	flash	5	100	999	10
2026-07-07T10:10:21.421	927	2248	1351	2740	6544	6126	6901	8598	7850	849	27.86	1012.29	52.15	92923	AS7341	flash	5	100	999	10
2026-07-07T10:10:23.433	927	2248	1351	2741	6545	6127	6902	8600	7851	850	27.86	1012.29	52.16	93546	AS7341	flash	5	100	999	10
2026-07-07T10:10:25.436	927	2247	1351	2740	6544	6126	6902	8599	7850	849	27.86	1012.3	52.19	92615	AS7341	flash	5	100	999	10
2026-07-07T10:10:27.468	927	2248	1351	2741	6546	6128	6904	8602	7852	850	27.85	1012.24	52.26	92512	AS7341	flash	5	100	999	10
2026-07-07T10:10:29.470	927	2247	1351	2740	6543	6125	6902	8600	7849	849	27.85	1012.24	52.32	92615	AS7341	flash	5	100	999	10
2026-07-07T10:10:31.468	927	2247	1351	2740	6543	6125	6901	8597	7848	849	27.86	1012.27	52.35	92410	AS7341	flash	5	100	999	10
2026-07-07T10:10:33.474	927	2248	1351	2740	6543	6125	6901	8599	7848	849	27.85	1012.25	52.29	92308	AS7341	flash	5	100	999	10
2026-07-07T10:10:35.484	927	2247	1351	2740	6543	6125	6901	8598	7848	849	27.86	1012.3	52.24	93546	AS7341	flash	5	100	999	10
2026-07-07T10:10:37.493	927	2248	1351	2741	6546	6127	6903	8599	7851	849	27.85	1012.28	52.17	92717	AS7341	flash	5	100	999	10
2026-07-07T10:10:39.509	927	2248	1351	2742	6546	6128	6903	8599	7851	850	27.86	1012.29	52.1	92717	AS7341	flash	5	100	999	10
2026-07-07T10:10:41.494	927	2248	1351	2741	6545	6127	6902	8600	7850	849	27.86	1012.27	52.1	92615	AS7341	flash	5	100	999	10
2026-07-07T10:10:43.494	927	2248	1351	2741	6544	6126	6901	8599	7850	849	27.86	1012.26	52.13	92717	AS7341	flash	5	100	999	10
2026-07-07T10:10:45.500	927	2248	1351	2741	6547	6128	6904	8600	7852	850	27.86	1012.27	52.12	93130	AS7341	flash	5	100	999	10
2026-07-07T10:10:47.492	927	2248	1351	2742	6548	6129	6904	8600	7852	850	27.86	1012.32	52.07	92923	AS7341	flash	5	100	999	10
2026-07-07T10:10:49.499	927	2248	1351	2742	6547	6128	6904	8601	7852	850	27.86	1012.3	52.07	92615	AS7341	flash	5	100	999	10
2026-07-07T10:10:51.493	927	2247	1351	2741	6546	6128	6905	8602	7852	850	27.87	1012.27	52.11	93755	AS7341	flash	5	100	999	10
2026-07-07T10:10:53.492	927	2246	1351	2740	6545	6128	6905	8604	7851	850	27.86	1012.27	52.27	92105	AS7341	flash	5	100	999	10
2026-07-07T10:10:55.530	927	2246	1351	2740	6545	6129	6907	8606	7852	850	27.85	1012.27	52.44	92004	AS7341	flash	5	100	999	10
2026-07-07T10:10:57.544	927	2246	1351	2740	6545	6128	6908	8608	7853	850	27.86	1012.28	52.62	91802	AS7341	flash	5	100	999	10
2026-07-07T10:10:59.547	927	2246	1351	2740	6546	6129	6909	8610	7854	850	27.86	1012.28	52.69	91702	AS7341	flash	5	100	999	10
2026-07-07T10:11:01.549	927	2246	1351	2740	6545	6128	6908	8609	7853	850	27.86	1012.3	52.71	92105	AS7341	flash	5	100	999	10
2026-07-07T10:11:03.581	927	2247	1351	2741	6544	6129	6908	8610	7853	850	27.86	1012.32	52.76	91802	AS7341	flash	5	100	999	10
2026-07-07T10:11:05.587	927	2247	1351	2740	6546	6129	6909	8611	7854	850	27.85	1012.28	52.73	92004	AS7341	flash	5	100	999	10
2026-07-07T10:11:07.513	927	2247	1351	2740	6544	6127	6906	8605	7851	850	27.86	1012.28	52.68	92207	AS7341	flash	5	100	999	10
2026-07-07T10:11:09.537	927	2247	1351	2740	6543	6126	6904	8604	7850	849	27.85	1012.29	52.56	92512	AS7341	flash	5	100	999	10
2026-07-07T10:11:11.548	927	2247	1351	2739	6541	6124	6903	8602	7848	849	27.87	1012.32	52.46	93650	AS7341	flash	5	100	999	10
2026-07-07T10:11:13.563	927	2247	1351	2740	6543	6125	6904	8604	7850	849	27.86	1012.26	52.39	92410	AS7341	flash	5	100	999	10
2026-07-07T10:11:15.566	927	2247	1351	2740	6543	6126	6903	8603	7850	849	27.86	1012.25	52.35	92410	AS7341	flash	5	100	999	10
2026-07-07T10:11:17.577	927	2248	1351	2740	6542	6125	6902	8600	7849	849	27.86	1012.31	52.3	92717	AS7341	flash	5	100	999	10
2026-07-07T10:11:19.579	927	2247	1351	2739	6541	6124	6902	8601	7847	849	27.87	1012.29	52.25	92923	AS7341	flash	5	100	999	10
2026-07-07T10:11:21.585	927	2246	1350	2739	6541	6123	6901	8601	7847	849	27.87	1012.3	52.31	92105	AS7341	flash	5	100	999	10
2026-07-07T10:11:23.586	927	2247	1351	2739	6543	6126	6903	8604	7850	849	27.86	1012.3	52.39	91903	AS7341	flash	5	100	999	10
2026-07-07T10:11:25.512	927	2247	1351	2738	6541	6123	6901	8600	7847	849	27.87	1012.3	52.43	92615	AS7341	flash	5	100	999	10
2026-07-07T10:11:27.525	927	2248	1351	2740	6542	6125	6903	8603	7849	849	27.87	1012.3	52.39	93755	AS7341	flash	5	100	999	10
2026-07-07T10:11:29.548	927	2248	1351	2740	6544	6126	6905	8606	7851	849	27.87	1012.3	52.41	92105	AS7341	flash	5	100	999	10
2026-07-07T10:11:31.562	927	2248	1351	2740	6543	6126	6905	8604	7850	849	27.86	1012.32	52.43	91802	AS7341	flash	5	100	999	10
2026-07-07T10:11:33.572	927	2248	1351	2740	6544	6127	6906	8607	7852	850	27.86	1012.31	52.45	93337	AS7341	flash	5	100	999	10
2026-07-07T10:11:35.602	927	2248	1351	2740	6544	6126	6906	8607	7852	850	27.86	1012.3	52.49	91903	AS7341	flash	5	100	999	10
2026-07-07T10:11:37.606	928	2248	1351	2740	6544	6126	6905	8606	7851	850	27.86	1012.32	52.47	92004	AS7341	flash	5	100	999	10
2026-07-07T10:11:39.511	927	2248	1351	2740	6543	6125	6903	8603	7850	849	27.87	1012.26	52.41	92512	AS7341	flash	5	100	999	10
2026-07-07T10:11:41.535	927	2248	1351	2740	6544	6126	6905	8604	7850	849	27.85	1012.32	52.35	92410	AS7341	flash	5	100	999	10
2026-07-07T10:11:43.555	927	2248	1351	2740	6544	6126	6905	8604	7851	850	27.85	1012.24	52.35	93233	AS7341	flash	5	100	999	10
2026-07-07T10:11:45.561	928	2249	1351	2740	6543	6126	6905	8604	7850	850	27.86	1012.29	52.35	93546	AS7341	flash	5	100	999	10
2026-07-07T10:11:47.577	927	2248	1351	2739	6544	6126	6906	8606	7851	850	27.85	1012.31	52.4	92105	AS7341	flash	5	100	999	10
2026-07-07T10:11:49.605	927	2248	1351	2739	6543	6126	6904	8603	7850	849	27.85	1012.29	52.42	93337	AS7341	flash	5	100	999	10
2026-07-07T10:11:51.503	927	2248	1351	2739	6541	6123	6901	8600	7846	849	27.86	1012.27	52.38	93337	AS7341	flash	5	100	999	10
2026-07-07T10:11:53.506	927	2248	1351	2740	6544	6126	6904	8602	7850	850	27.85	1012.29	52.34	93546	AS7341	flash	5	100	999	10
2026-07-07T10:11:55.535	927	2248	1351	2740	6544	6126	6903	8602	7849	849	27.85	1012.3	52.29	92207	AS7341	flash	5	100	999	10
2026-07-07T10:11:57.548	927	2249	1351	2741	6544	6126	6903	8601	7849	849	27.84	1012.24	52.22	93337	AS7341	flash	5	100	999	10
2026-07-07T10:11:59.568	927	2249	1352	2740	6544	6127	6903	8601	7849	849	27.85	1012.28	52.17	92717	AS7341	flash	5	100	999	10
2026-07-07T10:12:01.578	927	2248	1351	2740	6544	6126	6904	8601	7849	849	27.85	1012.29	52.16	93337	AS7341	flash	5	100	999	10
2026-07-07T10:12:03.590	927	2248	1351	2740	6543	6126	6904	8601	7849	850	27.85	1012.28	52.27	91802	AS7341	flash	5	100	999	10
2026-07-07T10:12:05.609	927	2248	1352	2741	6544	6126	6904	8602	7850	849	27.85	1012.28	52.34	92717	AS7341	flash	5	100	999	10
2026-07-07T10:12:07.520	927	2247	1351	2739	6542	6125	6903	8601	7849	849	27.86	1012.29	52.37	94177	AS7341	flash	5	100	999	10
2026-07-07T10:12:09.542	927	2249	1351	2740	6545	6127	6904	8602	7850	850	27.85	1012.29	52.3	92512	AS7341	flash	5	100	999	10
2026-07-07T10:12:11.564	927	2248	1351	2741	6545	6126	6904	8602	7849	850	27.86	1012.29	52.23	92923	AS7341	flash	5	100	999	10
2026-07-07T10:12:13.581	927	2247	1351	2740	6543	6125	6902	8598	7847	849	27.85	1012.27	52.17	92717	AS7341	flash	5	100	999	10
2026-07-07T10:12:15.598	927	2248	1351	2741	6545	6127	6903	8600	7849	849	27.85	1012.29	52.18	92717	AS7341	flash	5	100	999	10
2026-07-07T10:12:17.516	927	2247	1351	2740	6541	6123	6899	8595	7845	849	27.87	1012.28	52.16	94709	AS7341	flash	5	100	999	10
2026-07-07T10:12:19.537	927	2248	1351	2741	6544	6126	6902	8597	7848	849	27.86	1012.25	52.13	93026	AS7341	flash	5	100	999	10
2026-07-07T10:12:21.552	927	2248	1351	2740	6544	6127	6902	8599	7850	849	27.86	1012.28	52.09	92615	AS7341	flash	5	100	999	10
2026-07-07T10:12:23.571	927	2248	1351	2741	6546	6128	6903	8600	7850	849	27.86	1012.27	52.07	92207	AS7341	flash	5	100	999	10
2026-07-07T10:12:25.587	927	2249	1351	2741	6546	6128	6903	8598	7850	850	27.86	1012.27	52.05	92105	AS7341	flash	5	100	999	10
2026-07-07T10:12:27.614	927	2248	1351	2741	6547	6129	6904	8600	7850	849	27.86	1012.29	52.03	92923	AS7341	flash	5	100	999	10
2026-07-07T10:12:29.526	927	2249	1352	2741	6546	6128	6903	8598	7850	850	27.87	1012.26	52.0	94389	AS7341	flash	5	100	999	10
2026-07-07T10:12:31.555	927	2248	1351	2741	6546	6128	6903	8597	7849	849	27.87	1012.3	51.99	93337	AS7341	flash	5	100	999	10
2026-07-07T10:12:33.571	927	2248	1352	2741	6546	6128	6904	8598	7850	849	27.86	1012.28	51.96	92512	AS7341	flash	5	100	999	10
2026-07-07T10:12:35.585	927	2249	1351	2741	6547	6128	6905	8600	7851	850	27.86	1012.28	51.99	92512	AS7341	flash	5	100	999	10
2026-07-07T10:12:37.609	927	2248	1352	2741	6547	6129	6906	8600	7851	850	27.86	1012.28	52.03	92717	AS7341	flash	5	100	999	10
2026-07-07T10:12:39.526	928	2248	1352	2742	6547	6130	6909	8608	7854	850	27.86	1012.28	52.09	93130	AS7341	flash	5	100	999	10
2026-07-07T10:12:41.535	927	2245	1351	2741	6548	6132	6914	8618	7856	850	27.81	1012.26	52.24	92410	AS7341	flash	5	100	999	10
2026-07-07T10:12:43.550	928	2244	1350	2740	6550	6136	6922	8631	7862	851	27.78	1012.27	52.54	92512	AS7341	flash	5	100	999	10
2026-07-07T10:12:45.573	928	2242	1350	2739	6550	6139	6928	8641	7865	851	27.77	1012.28	52.9	92717	AS7341	flash	5	100	999	10
2026-07-07T10:12:47.587	928	2241	1350	2739	6550	6139	6932	8649	7866	851	27.76	1012.23	53.29	90709	AS7341	flash	5	100	999	10
2026-07-07T10:12:49.609	928	2238	1349	2738	6552	6142	6938	8657	7870	851	27.75	1012.23	53.66	90611	AS7341	flash	5	100	999	10
2026-07-07T10:12:51.569	928	2236	1349	2736	6550	6143	6942	8665	7872	852	27.75	1012.27	53.96	91602	AS7341	flash	5	100	999	10
2026-07-07T10:12:53.631	928	2236	1349	2737	6551	6145	6947	8675	7875	852	27.73	1012.25	54.29	89833	AS7341	flash	5	100	999	10
2026-07-07T10:12:55.539	928	2235	1349	2737	6554	6149	6954	8684	7880	853	27.73	1012.27	54.55	90026	AS7341	flash	5	100	999	10
2026-07-07T10:12:57.553	929	2234	1348	2736	6554	6150	6959	8693	7882	853	27.72	1012.25	54.82	89641	AS7341	flash	5	100	999	10
2026-07-07T10:12:59.568	929	2232	1348	2736	6553	6150	6962	8700	7884	853	27.71	1012.26	55.04	89069	AS7341	flash	5	100	999	10
2026-07-07T10:13:01.581	929	2231	1348	2735	6555	6153	6967	8709	7888	853	27.7	1012.27	55.24	88974	AS7341	flash	5	100	999	10
2026-07-07T10:13:03.598	929	2232	1348	2735	6553	6150	6963	8702	7885	853	27.7	1012.3	55.43	89164	AS7341	flash	5	100	999	10
2026-07-07T10:13:05.511	928	2234	1348	2734	6546	6142	6951	8688	7876	852	27.73	1012.26	55.18	89929	AS7341	flash	5	100	999	10
2026-07-07T10:13:07.525	928	2236	1349	2734	6544	6139	6945	8678	7872	852	27.73	1012.26	54.68	90611	AS7341	flash	5	100	999	10
2026-07-07T10:13:09.538	928	2238	1349	2734	6541	6134	6938	8669	7868	852	27.74	1012.27	54.16	92004	AS7341	flash	5	100	999	10
2026-07-07T10:13:11.549	928	2240	1349	2734	6541	6133	6935	8665	7866	851	27.73	1012.25	53.74	90906	AS7341	flash	5	100	999	10
2026-07-07T10:13:13.564	928	2241	1350	2734	6539	6131	6931	8658	7863	851	27.73	1012.26	53.39	90906	AS7341	flash	5	100	999	10
2026-07-07T10:13:15.581	928	2242	1350	2735	6538	6129	6927	8654	7861	851	27.74	1012.26	53.22	91302	AS7341	flash	5	100	999	10
2026-07-07T10:13:17.589	928	2242	1350	2733	6536	6125	6922	8645	7856	850	27.74	1012.26	53.03	91702	AS7341	flash	5	100	999	10
2026-07-07T10:13:19.604	928	2243	1350	2734	6536	6125	6921	8643	7857	850	27.74	1012.25	52.86	91502	AS7341	flash	5	100	999	10
2026-07-07T10:13:21.514	927	2243	1349	2733	6534	6123	6917	8637	7854	850	27.76	1012.26	52.72	92207	AS7341	flash	5	100	999	10
2026-07-07T10:13:23.539	927	2244	1350	2734	6534	6123	6916	8634	7853	850	27.75	1012.26	52.59	91903	AS7341	flash	5	100	999	10
2026-07-07T10:13:25.567	927	2245	1350	2734	6536	6125	6917	8636	7854	850	27.74	1012.26	52.52	92105	AS7341	flash	5	100	999	10
2026-07-07T10:13:27.590	927	2245	1350	2734	6535	6122	6914	8631	7851	850	27.74	1012.26	52.49	92105	AS7341	flash	5	100	999	10
2026-07-07T10:13:29.612	927	2245	1350	2734	6533	6121	6912	8628	7849	850	27.74	1012.3	52.49	92105	AS7341	flash	5	100	999	10
2026-07-07T10:13:31.522	927	2246	1350	2734	6533	6120	6910	8623	7848	850	27.75	1012.25	52.46	92717	AS7341	flash	5	100	999	10
2026-07-07T10:13:33.540	927	2246	1350	2735	6535	6122	6911	8625	7849	850	27.75	1012.26	52.44	92717	AS7341	flash	5	100	999	10
2026-07-07T10:13:35.563	927	2246	1351	2735	6536	6123	6912	8625	7851	850	27.74	1012.28	52.4	92410	AS7341	flash	5	100	999	10
2026-07-07T10:13:37.583	927	2247	1351	2735	6535	6122	6910	8623	7849	850	27.74	1012.25	52.4	92308	AS7341	flash	5	100	999	10
2026-07-07T10:13:39.606	927	2246	1350	2735	6534	6121	6908	8620	7847	849	27.74	1012.24	52.37	92410	AS7341	flash	5	100	999	10
2026-07-07T10:13:41.525	927	2247	1351	2736	6535	6122	6908	8620	7848	850	27.76	1012.28	52.3	93860	AS7341	flash	5	100	999	10
2026-07-07T10:13:43.553	927	2248	1351	2736	6536	6122	6909	8619	7849	850	27.75	1012.24	52.27	92923	AS7341	flash	5	100	999	10
2026-07-07T10:13:45.574	927	2247	1351	2736	6536	6122	6908	8618	7849	849	27.75	1012.26	52.24	92512	AS7341	flash	5	100	999	10
2026-07-07T10:13:47.592	927	2247	1351	2736	6537	6122	6908	8616	7848	850	27.75	1012.27	52.2	92717	AS7341	flash	5	100	999	10
2026-07-07T10:13:49.610	927	2247	1351	2736	6536	6121	6907	8615	7847	849	27.76	1012.29	52.21	92308	AS7341	flash	5	100	999	10
2026-07-07T10:13:51.523	927	2247	1351	2736	6535	6121	6906	8613	7846	849	27.75	1012.29	52.23	93026	AS7341	flash	5	100	999	10
2026-07-07T10:13:53.541	927	2247	1351	2736	6538	6123	6908	8615	7849	850	27.74	1012.26	52.22	92615	AS7341	flash	5	100	999	10
2026-07-07T10:13:55.564	927	2247	1351	2737	6540	6124	6909	8617	7850	850	27.74	1012.23	52.21	92512	AS7341	flash	5	100	999	10
2026-07-07T10:13:57.588	927	2247	1351	2737	6539	6124	6909	8614	7849	850	27.74	1012.24	52.21	92512	AS7341	flash	5	100	999	10
2026-07-07T10:13:59.609	927	2247	1351	2736	6539	6124	6909	8615	7849	850	27.74	1012.28	52.21	92105	AS7341	flash	5	100	999	10
2026-07-07T10:14:01.517	927	2247	1351	2736	6537	6123	6908	8614	7848	849	27.76	1012.28	52.23	93026	AS7341	flash	5	100	999	10
2026-07-07T10:14:03.540	927	2247	1351	2737	6540	6126	6912	8619	7852	850	27.74	1012.25	52.35	92410	AS7341	flash	5	100	999	10
2026-07-07T10:14:05.558	927	2246	1351	2737	6542	6128	6916	8625	7854	850	27.75	1012.25	52.59	92105	AS7341	flash	5	100	999	10
2026-07-07T10:14:07.573	927	2246	1351	2737	6541	6128	6916	8627	7854	850	27.74	1012.24	52.83	91602	AS7341	flash	5	100	999	10
2026-07-07T10:14:09.591	927	2246	1351	2737	6540	6127	6916	8626	7854	850	27.75	1012.25	52.97	91602	AS7341	flash	5	100	999	10
2026-07-07T10:14:11.607	928	2247	1351	2737	6543	6129	6917	8627	7856	850	27.74	1012.27	52.98	91702	AS7341	flash	5	100	999	10
2026-07-07T10:14:13.509	928	2247	1351	2737	6541	6127	6914	8623	7854	850	27.76	1012.23	52.86	93546	AS7341	flash	5	100	999	10
2026-07-07T10:14:15.530	928	2247	1351	2738	6541	6126	6913	8621	7852	850	27.76	1012.26	52.69	92004	AS7341	flash	5	100	999	10
2026-07-07T10:14:17.546	927	2247	1351	2737	6541	6127	6913	8619	7853	850	27.76	1012.27	52.55	92105	AS7341	flash	5	100	999	10
2026-07-07T10:14:19.564	928	2247	1351	2738	6540	6125	6911	8617	7851	850	27.75	1012.26	52.44	92207	AS7341	flash	5	100	999	10
2026-07-07T10:14:21.588	928	2248	1351	2738	6543	6128	6915	8621	7855	850	27.74	1012.25	52.46	92004	AS7341	flash	5	100	999	10
2026-07-07T10:14:23.600	928	2248	1351	2737	6541	6126	6911	8619	7854	850	27.76	1012.24	52.47	92105	AS7341	flash	5	100	999	10
2026-07-07T10:14:25.509	928	2247	1351	2738	6540	6124	6909	8613	7849	850	27.77	1012.27	52.41	92717	AS7341	flash	5	100	999	10
2026-07-07T10:14:27.527	928	2248	1351	2738	6542	6127	6911	8616	7851	849	27.77	1012.24	52.37	92105	AS7341	flash	5	100	999	10
2026-07-07T10:14:29.541	927	2248	1351	2738	6541	6126	6911	8615	7849	850	27.77	1012.27	52.38	92308	AS7341	flash	5	100	999	10
2026-07-07T10:14:31.549	927	2248	1351	2738	6541	6125	6908	8610	7847	849	27.78	1012.29	52.37	92105	AS7341	flash	5	100	999	10
2026-07-07T10:14:33.577	927	2248	1352	2738	6540	6124	6909	8610	7846	849	27.77	1012.27	52.36	91903	AS7341	flash	5	100	999	10
2026-07-07T10:14:35.597	927	2249	1352	2738	6542	6126	6909	8610	7847	850	27.78	1012.24	52.37	92105	AS7341	flash	5	100	999	10
2026-07-07T10:14:37.603	927	2249	1350	2738	6538	6123	6906	8605	7845	849	27.79	1012.27	52.32	92207	AS7341	flash	5	100	999	10
2026-07-07T10:14:39.511	927	2249	1352	2738	6539	6122	6905	8607	7845	849	27.8	1012.26	52.31	92717	AS7341	flash	5	100	999	10
2026-07-07T10:14:41.522	927	2249	1351	2737	6540	6124	6906	8607	7847	849	27.8	1012.29	52.37	92207	AS7341	flash	5	100	999	10
2026-07-07T10:14:43.536	928	2249	1351	2738	6538	6122	6903	8603	7846	849	27.8	1012.29	52.42	92105	AS7341	flash	5	100	999	10
2026-07-07T10:14:45.562	928	2250	1351	2738	6538	6122	6904	8602	7846	849	27.8	1012.28	52.41	92308	AS7341	flash	5	100	999	10
2026-07-07T10:14:47.581	917	2239	1334	2691	6496	6100	6884	8508	7634	823	27.81	1012.25	52.41	92004	AS7341	flash	5	100	999	10
2026-07-07T10:14:49.593	927	2250	1352	2737	6536	6120	6901	8601	7843	849	27.81	1012.23	52.48	91602	AS7341	flash	5	100	999	10
2026-07-07T10:14:51.607	927	2251	1352	2738	6536	6119	6899	8599	7842	849	27.82	1012.29	52.55	91802	AS7341	flash	5	100	999	10
2026-07-07T10:14:53.512	927	2252	1352	2738	6538	6120	6902	8601	7844	849	27.83	1012.28	52.54	92717	AS7341	flash	5	100	999	10
2026-07-07T10:14:55.533	927	2252	1352	2738	6537	6119	6899	8598	7842	848	27.83	1012.27	52.53	92207	AS7341	flash	5	100	999	10
2026-07-07T10:14:57.545	927	2253	1352	2738	6537	6118	6899	8596	7842	848	27.83	1012.3	52.46	92615	AS7341	flash	5	100	999	10
2026-07-07T10:14:59.560	927	2253	1352	2738	6535	6117	6895	8592	7839	849	27.84	1012.28	52.36	92004	AS7341	flash	5	100	999	10
2026-07-07T10:15:01.571	927	2252	1352	2737	6534	6116	6893	8589	7838	848	27.84	1012.27	52.3	91903	AS7341	flash	5	100	999	10
2026-07-07T10:15:03.585	927	2252	1352	2736	6533	6115	6891	8587	7836	849	27.85	1012.22	52.28	92105	AS7341	flash	5	100	999	10
2026-07-07T10:15:05.612	927	2253	1352	2737	6534	6115	6892	8586	7837	848	27.85	1012.26	52.27	92615	AS7341	flash	5	100	999	10
2026-07-07T10:15:07.513	926	2253	1353	2736	6530	6111	6887	8579	7833	848	27.88	1012.31	52.24	92512	AS7341	flash	5	100	999	10
2026-07-07T10:15:09.542	927	2255	1353	2738	6533	6114	6890	8582	7837	848	27.87	1012.31	52.22	93233	AS7341	flash	5	100	999	10
2026-07-07T10:15:11.557	927	2255	1353	2737	6531	6112	6887	8581	7833	848	27.88	1012.28	52.21	92923	AS7341	flash	5	100	999	10
2026-07-07T10:15:13.580	927	2255	1353	2737	6532	6113	6887	8580	7835	848	27.88	1012.25	52.19	92615	AS7341	flash	5	100	999	10
2026-07-07T10:15:15.585	927	2256	1353	2737	6532	6112	6887	8579	7835	848	27.89	1012.25	52.23	91602	AS7341	flash	5	100	999	10
2026-07-07T10:15:17.601	927	2256	1353	2737	6531	6110	6884	8577	7832	848	27.89	1012.24	52.21	92820	AS7341	flash	5	100	999	10
2026-07-07T10:15:19.516	927	2256	1353	2737	6529	6109	6882	8571	7831	847	27.91	1012.27	52.19	92512	AS7341	flash	5	100	999	10
2026-07-07T10:15:21.538	927	2256	1353	2737	6531	6111	6884	8574	7833	847	27.91	1012.26	52.16	93130	AS7341	flash	5	100	999	10
2026-07-07T10:15:23.563	927	2257	1353	2737	6530	6110	6883	8574	7832	848	27.92	1012.27	52.18	91802	AS7341	flash	5	100	999	10
2026-07-07T10:15:25.577	926	2257	1353	2737	6529	6108	6880	8572	7831	848	27.93	1012.25	52.25	92820	AS7341	flash	5	100	999	10
2026-07-07T10:15:27.593	927	2258	1354	2737	6527	6106	6878	8570	7828	848	27.93	1012.27	52.26	91702	AS7341	flash	5	100	999	10
2026-07-07T10:15:29.604	927	2257	1353	2737	6525	6105	6878	8569	7827	848	27.94	1012.25	52.31	91702	AS7341	flash	5	100	999	10
2026-07-07T10:15:31.510	926	2257	1353	2736	6524	6104	6876	8567	7825	848	27.96	1012.23	52.39	92615	AS7341	flash	5	100	999	10
2026-07-07T10:15:33.525	926	2258	1354	2737	6525	6104	6876	8566	7827	848	27.96	1012.27	52.45	91702	AS7341	flash	5	100	999	10
2026-07-07T10:15:35.544	927	2259	1354	2738	6526	6105	6876	8566	7828	848	27.96	1012.25	52.42	92512	AS7341	flash	5	100	999	10
2026-07-07T10:15:37.575	927	2259	1354	2737	6526	6105	6876	8566	7828	848	27.98	1012.26	52.38	91302	AS7341	flash	5	100	999	10
2026-07-07T10:15:39.598	926	2259	1354	2737	6523	6102	6872	8561	7824	847	27.98	1012.23	52.37	92512	AS7341	flash	5	100	999	10
2026-07-07T10:15:41.606	927	2260	1354	2737	6524	6102	6873	8562	7825	847	27.99	1012.22	52.39	91103	AS7341	flash	5	100	999	10
2026-07-07T10:15:43.506	926	2260	1354	2737	6523	6101	6873	8561	7824	847	28.01	1012.23	52.41	91802	AS7341	flash	5	100	999	10
2026-07-07T10:15:45.526	926	2261	1354	2737	6522	6099	6870	8559	7823	847	28.01	1012.24	52.4	91903	AS7341	flash	5	100	999	10
2026-07-07T10:15:47.546	926	2260	1354	2736	6520	6098	6870	8557	7822	847	28.01	1012.24	52.41	91602	AS7341	flash	5	100	999	10
2026-07-07T10:15:49.561	927	2261	1355	2737	6522	6099	6870	8557	7822	847	28.02	1012.21	52.44	91903	AS7341	flash	5	100	999	10
2026-07-07T10:15:51.577	926	2262	1355	2737	6521	6098	6869	8557	7821	847	28.03	1012.26	52.42	92207	AS7341	flash	5	100	999	10
2026-07-07T10:15:53.591	926	2261	1355	2736	6520	6096	6866	8552	7819	847	28.03	1012.27	52.42	92105	AS7341	flash	5	100	999	10
2026-07-07T10:15:55.606	926	2262	1355	2736	6518	6095	6865	8551	7818	846	28.04	1012.29	52.38	91103	AS7341	flash	5	100	999	10
2026-07-07T10:15:57.510	926	2262	1355	2736	6518	6095	6865	8552	7818	847	28.05	1012.23	52.39	91702	AS7341	flash	5	100	999	10
2026-07-07T10:15:59.527	926	2262	1355	2736	6519	6095	6865	8551	7819	846	28.05	1012.26	52.45	90906	AS7341	flash	5	100	999	10
2026-07-07T10:16:01.539	926	2263	1355	2736	6518	6094	6864	8551	7817	846	28.06	1012.27	52.48	92105	AS7341	flash	5	100	999	10
2026-07-07T10:16:03.558	926	2263	1355	2736	6518	6095	6864	8552	7818	847	28.07	1012.26	52.52	91502	AS7341	flash	5	100	999	10
2026-07-07T10:16:05.574	926	2263	1355	2736	6516	6092	6862	8546	7815	846	28.07	1012.25	52.53	90513	AS7341	flash	5	100	999	10
2026-07-07T10:16:07.589	926	2264	1355	2736	6515	6091	6859	8546	7814	846	28.07	1012.31	52.48	91602	AS7341	flash	5	100	999	10
2026-07-07T10:16:09.600	926	2264	1355	2735	6515	6090	6858	8543	7813	846	28.09	1012.24	52.42	91402	AS7341	flash	5	100	999	10
2026-07-07T10:16:11.606	926	2264	1355	2735	6515	6090	6858	8542	7815	846	28.09	1012.25	52.39	91602	AS7341	flash	5	100	999	10
2026-07-07T10:16:13.613	926	2265	1355	2735	6515	6090	6857	8540	7814	846	28.1	1012.24	52.3	90906	AS7341	flash	5	100	999	10
2026-07-07T10:16:15.523	926	2265	1356	2735	6513	6088	6854	8535	7810	846	28.12	1012.25	52.26	92410	AS7341	flash	5	100	999	10
2026-07-07T10:16:17.541	926	2265	1355	2735	6512	6087	6853	8535	7810	846	28.11	1012.25	52.2	92207	AS7341	flash	5	100	999	10
2026-07-07T10:16:19.567	926	2265	1355	2735	6512	6087	6853	8534	7810	845	28.12	1012.28	52.25	92105	AS7341	flash	5	100	999	10
2026-07-07T10:16:21.584	926	2266	1356	2736	6514	6088	6854	8536	7811	846	28.13	1012.26	52.25	91903	AS7341	flash	5	100	999	10
2026-07-07T10:16:23.606	926	2266	1356	2736	6513	6087	6853	8532	7810	845	28.13	1012.24	52.21	92105	AS7341	flash	5	100	999	10
2026-07-07T10:16:25.522	926	2266	1356	2735	6511	6085	6850	8531	7808	845	28.15	1012.28	52.16	92512	AS7341	flash	5	100	999	10
2026-07-07T10:16:27.544	926	2267	1356	2736	6512	6086	6851	8531	7809	845	28.14	1012.25	52.14	91702	AS7341	flash	5	100	999	10
2026-07-07T10:16:29.565	926	2268	1356	2736	6513	6087	6851	8529	7809	845	28.15	1012.25	52.14	92308	AS7341	flash	5	100	999	10
2026-07-07T10:16:31.582	926	2267	1356	2736	6512	6086	6850	8528	7808	845	28.15	1012.23	52.14	90906	AS7341	flash	5	100	999	10
2026-07-07T10:16:33.600	926	2267	1356	2735	6512	6086	6850	8530	7809	845	28.17	1012.23	52.18	92105	AS7341	flash	5	100	999	10
2026-07-07T10:16:35.517	926	2267	1356	2735	6510	6084	6848	8527	7807	845	28.19	1012.25	52.21	90906	AS7341	flash	5	100	999	10
2026-07-07T10:16:37.540	926	2268	1356	2736	6511	6085	6849	8529	7808	845	28.19	1012.26	52.25	91302	AS7341	flash	5	100	999	10
2026-07-07T10:16:39.562	926	2268	1356	2736	6512	6085	6849	8528	7808	845	28.19	1012.23	52.28	90709	AS7341	flash	5	100	999	10
2026-07-07T10:16:41.573	926	2267	1356	2735	6511	6084	6849	8526	7807	845	28.2	1012.22	52.28	90415	AS7341	flash	5	100	999	10
2026-07-07T10:16:43.588	926	2268	1357	2735	6511	6084	6847	8526	7807	845	28.21	1012.24	52.28	91702	AS7341	flash	5	100	999	10
2026-07-07T10:16:45.610	926	2269	1357	2736	6510	6083	6846	8523	7805	845	28.21	1012.23	52.24	91402	AS7341	flash	5	100	999	10
2026-07-07T10:16:47.629	926	2269	1357	2736	6509	6082	6844	8522	7804	845	28.23	1012.25	52.2	91203	AS7341	flash	5	100	999	10
2026-07-07T10:16:49.537	926	2269	1357	2735	6508	6081	6843	8518	7802	845	28.24	1012.23	52.18	92308	AS7341	flash	5	100	999	10
2026-07-07T10:16:51.555	926	2269	1357	2735	6508	6081	6843	8520	7804	845	28.23	1012.25	52.16	91302	AS7341	flash	5	100	999	10
2026-07-07T10:16:53.583	926	2270	1357	2736	6508	6081	6843	8521	7804	845	28.24	1012.24	52.18	91302	AS7341	flash	5	100	999	10
2026-07-07T10:16:55.609	926	2271	1357	2737	6510	6083	6844	8521	7807	845	28.24	1012.27	52.2	91802	AS7341	flash	5	100	999	10
2026-07-07T10:16:57.628	926	2271	1357	2736	6509	6081	6843	8519	7805	845	28.25	1012.22	52.17	90906	AS7341	flash	5	100	999	10
2026-07-07T10:16:59.541	926	2271	1358	2736	6509	6080	6841	8516	7803	844	28.27	1012.25	52.11	91903	AS7341	flash	5	100	999	10
2026-07-07T10:17:01.555	926	2271	1357	2736	6509	6081	6842	8517	7804	845	28.27	1012.24	52.03	91203	AS7341	flash	5	100	999	10
2026-07-07T10:17:03.562	926	2271	1357	2736	6507	6079	6840	8515	7801	844	28.27	1012.22	52.06	91702	AS7341	flash	5	100	999	10
2026-07-07T10:17:05.579	926	2272	1358	2736	6510	6082	6843	8520	7806	845	28.28	1012.23	52.12	90220	AS7341	flash	5	100	999	10
2026-07-07T10:17:07.600	926	2271	1357	2736	6508	6080	6843	8520	7805	845	28.29	1012.25	52.23	90415	AS7341	flash	5	100	999	10
2026-07-07T10:17:09.606	926	2272	1357	2735	6508	6080	6844	8521	7806	845	28.29	1012.26	52.4	91004	AS7341	flash	5	100	999	10
2026-07-07T10:17:11.622	926	2271	1357	2735	6505	6078	6841	8518	7802	845	28.3	1012.27	52.56	90317	AS7341	flash	5	100	999	10
2026-07-07T10:17:13.636	926	2272	1358	2735	6505	6078	6839	8516	7802	844	28.3	1012.25	52.58	90513	AS7341	flash	5	100	999	10
2026-07-07T10:17:15.546	926	2272	1358	2735	6503	6076	6836	8513	7799	844	28.33	1012.26	52.44	91302	AS7341	flash	5	100	999	10
2026-07-07T10:17:17.551	926	2273	1358	2735	6503	6075	6834	8510	7798	844	28.32	1012.24	52.35	90709	AS7341	flash	5	100	999	10
2026-07-07T10:17:19.562	926	2273	1358	2735	6503	6075	6835	8509	7799	844	28.33	1012.27	52.21	90906	AS7341	flash	5	100	999	10
2026-07-07T10:17:21.587	926	2273	1358	2735	6504	6075	6834	8508	7799	844	28.33	1012.22	52.16	91302	AS7341	flash	5	100	999	10
2026-07-07T10:17:23.607	926	2273	1358	2735	6503	6074	6833	8506	7797	844	28.33	1012.26	52.1	90906	AS7341	flash	5	100	999	10
2026-07-07T10:17:25.635	926	2273	1358	2735	6503	6074	6832	8506	7797	844	28.34	1012.22	52.03	91103	AS7341	flash	5	100	999	10
2026-07-07T10:17:27.660	926	2275	1358	2736	6503	6074	6832	8506	7797	844	28.34	1012.25	52.02	90709	AS7341	flash	5	100	999	10
2026-07-07T10:17:29.576	926	2273	1358	2734	6501	6073	6830	8501	7795	844	28.36	1012.23	51.99	91302	AS7341	flash	5	100	999	10
2026-07-07T10:17:31.591	926	2274	1358	2735	6502	6073	6831	8503	7796	844	28.36	1012.24	52.03	91402	AS7341	flash	5	100	999	10
2026-07-07T10:17:33.614	926	2274	1358	2735	6502	6073	6832	8505	7797	844	28.37	1012.26	52.12	91203	AS7341	flash	5	100	999	10
2026-07-07T10:17:35.633	926	2274	1358	2735	6502	6074	6832	8506	7798	844	28.37	1012.25	52.22	89641	AS7341	flash	5	100	999	10
2026-07-07T10:17:37.660	926	2274	1358	2735	6500	6071	6829	8501	7794	844	28.38	1012.25	52.23	90317	AS7341	flash	5	100	999	10
2026-07-07T10:17:39.574	925	2274	1358	2734	6501	6072	6828	8499	7795	843	28.39	1012.26	52.16	91602	AS7341	flash	5	100	999	10
2026-07-07T10:17:41.605	926	2276	1359	2736	6502	6072	6828	8498	7795	843	28.39	1012.25	52.05	90906	AS7341	flash	5	100	999	10
2026-07-07T10:17:43.614	926	2276	1359	2736	6499	6070	6826	8493	7792	843	28.4	1012.25	51.95	91103	AS7341	flash	5	100	999	10
2026-07-07T10:17:45.625	926	2276	1359	2736	6500	6071	6827	8495	7793	843	28.4	1012.22	51.9	91004	AS7341	flash	5	100	999	10
2026-07-07T10:17:47.630	925	2275	1359	2734	6500	6070	6826	8495	7792	843	28.41	1012.25	51.92	90513	AS7341	flash	5	100	999	10
2026-07-07T10:17:49.645	926	2275	1359	2735	6500	6070	6826	8493	7793	843	28.42	1012.28	51.94	90709	AS7341	flash	5	100	999	10
2026-07-07T10:17:51.662	926	2276	1359	2736	6501	6071	6826	8495	7793	843	28.42	1012.27	51.97	90709	AS7341	flash	5	100	999	10
2026-07-07T10:17:53.580	925	2276	1359	2735	6498	6068	6822	8488	7789	843	28.43	1012.25	51.9	91702	AS7341	flash	5	100	999	10
2026-07-07T10:17:55.588	926	2277	1359	2736	6501	6071	6824	8490	7791	843	28.43	1012.28	51.81	91802	AS7341	flash	5	100	999	10
2026-07-07T10:17:57.615	926	2278	1359	2736	6502	6071	6824	8488	7792	843	28.44	1012.27	51.73	90906	AS7341	flash	5	100	999	10
2026-07-07T10:17:59.641	926	2278	1360	2737	6501	6071	6823	8487	7791	843	28.44	1012.26	51.65	90513	AS7341	flash	5	100	999	10
2026-07-07T10:18:01.664	926	2278	1360	2737	6502	6072	6824	8487	7792	843	28.45	1012.24	51.58	91103	AS7341	flash	5	100	999	10
2026-07-07T10:18:03.582	926	2278	1360	2736	6504	6072	6824	8487	7793	843	28.46	1012.27	51.55	91502	AS7341	flash	5	100	999	10
2026-07-07T10:18:05.598	926	2278	1359	2736	6503	6071	6822	8484	7791	843	28.46	1012.25	51.55	90906	AS7341	flash	5	100	999	10
2026-07-07T10:18:07.617	926	2278	1360	2737	6502	6071	6822	8484	7791	843	28.47	1012.26	51.53	90709	AS7341	flash	5	100	999	10
2026-07-07T10:18:09.640	926	2279	1360	2737	6505	6073	6825	8488	7794	843	28.48	1012.23	51.55	90513	AS7341	flash	5	100	999	10
2026-07-07T10:18:11.658	926	2280	1360	2738	6506	6074	6825	8488	7795	843	28.49	1012.25	51.63	90906	AS7341	flash	5	100	999	10
2026-07-07T10:18:13.577	926	2278	1360	2737	6502	6071	6821	8483	7791	843	28.5	1012.27	51.63	91502	AS7341	flash	5	100	999	10
2026-07-07T10:18:15.591	926	2279	1360	2737	6504	6072	6824	8487	7793	843	28.5	1012.24	51.67	90513	AS7341	flash	5	100	999	10
2026-07-07T10:18:17.598	926	2279	1360	2737	6504	6072	6823	8486	7794	843	28.5	1012.25	51.75	90906	AS7341	flash	5	100	999	10
2026-07-07T10:18:19.605	926	2279	1360	2736	6503	6071	6823	8486	7793	843	28.52	1012.24	51.8	90906	AS7341	flash	5	100	999	10
2026-07-07T10:18:21.620	926	2279	1360	2737	6502	6070	6821	8483	7791	843	28.51	1012.23	51.77	90513	AS7341	flash	5	100	999	10
2026-07-07T10:18:23.641	926	2279	1360	2737	6502	6070	6820	8482	7790	843	28.52	1012.26	51.74	90123	AS7341	flash	5	100	999	10
2026-07-07T10:18:25.650	926	2279	1360	2736	6501	6069	6819	8481	7789	843	28.52	1012.24	51.7	90807	AS7341	flash	5	100	999	10
2026-07-07T10:18:27.663	926	2279	1360	2737	6502	6070	6820	8480	7790	843	28.54	1012.26	51.67	90317	AS7341	flash	5	100	999	10
2026-07-07T10:18:29.578	925	2279	1360	2736	6502	6069	6820	8479	7790	843	28.54	1012.25	51.63	91702	AS7341	flash	5	100	999	10
2026-07-07T10:18:31.606	926	2280	1360	2737	6503	6071	6820	8479	7791	843	28.54	1012.28	51.57	91004	AS7341	flash	5	100	999	10
2026-07-07T10:18:33.620	926	2280	1360	2737	6502	6069	6818	8476	7790	843	28.55	1012.26	51.51	90709	AS7341	flash	5	100	999	10
2026-07-07T10:18:35.636	926	2281	1361	2737	6501	6069	6818	8476	7789	843	28.55	1012.26	51.51	90123	AS7341	flash	5	100	999	10
2026-07-07T10:18:37.646	926	2281	1361	2738	6502	6068	6817	8475	7789	843	28.55	1012.28	51.52	90906	AS7341	flash	5	100	999	10
2026-07-07T10:18:39.670	926	2280	1361	2737	6500	6067	6815	8473	7787	842	28.56	1012.28	51.49	90220	AS7341	flash	5	100	999	10
2026-07-07T10:18:41.585	925	2280	1360	2736	6499	6066	6813	8470	7785	842	28.57	1012.19	51.5	90611	AS7341	flash	5	100	999	10
2026-07-07T10:18:43.613	926	2281	1361	2737	6501	6067	6815	8473	7788	842	28.58	1012.25	51.48	90513	AS7341	flash	5	100	999	10
2026-07-07T10:18:45.627	926	2280	1361	2737	6501	6068	6815	8472	7787	842	28.58	1012.26	51.5	90317	AS7341	flash	5	100	999	10
2026-07-07T10:18:47.652	926	2281	1361	2737	6501	6068	6816	8472	7788	843	28.59	1012.27	51.5	91004	AS7341	flash	5	100	999	10
2026-07-07T10:18:49.676	926	2281	1361	2737	6500	6067	6814	8470	7787	842	28.59	1012.27	51.51	90709	AS7341	flash	5	100	999	10
2026-07-07T10:18:51.582	926	2281	1361	2737	6499	6067	6813	8468	7785	842	28.61	1012.27	51.46	90807	AS7341	flash	5	100	999	10
2026-07-07T10:18:53.603	926	2281	1361	2737	6500	6067	6813	8468	7785	842	28.61	1012.22	51.42	90611	AS7341	flash	5	100	999	10
2026-07-07T10:18:55.622	926	2281	1361	2737	6501	6068	6814	8469	7787	842	28.62	1012.29	51.41	90611	AS7341	flash	5	100	999	10
2026-07-07T10:18:57.643	926	2282	1361	2738	6503	6070	6816	8471	7789	843	28.62	1012.24	51.42	90317	AS7341	flash	5	100	999	10
2026-07-07T10:18:59.665	926	2282	1361	2738	6503	6068	6815	8470	7788	843	28.64	1012.27	51.43	90317	AS7341	flash	5	100	999	10
2026-07-07T10:19:01.581	926	2282	1361	2738	6501	6068	6814	8470	7787	842	28.65	1012.3	51.42	90709	AS7341	flash	5	100	999	10
2026-07-07T10:19:03.606	926	2283	1361	2738	6502	6068	6815	8470	7788	843	28.64	1012.26	51.51	89833	AS7341	flash	5	100	999	10
2026-07-07T10:19:05.632	926	2282	1361	2738	6502	6068	6815	8470	7788	842	28.65	1012.27	51.52	90220	AS7341	flash	5	100	999	10
2026-07-07T10:19:07.659	926	2283	1361	2738	6501	6068	6815	8471	7789	843	28.65	1012.26	51.56	90026	AS7341	flash	5	100	999	10
2026-07-07T10:19:09.577	926	2282	1360	2737	6500	6066	6812	8468	7786	842	28.67	1012.28	51.57	90709	AS7341	flash	5	100	999	10
2026-07-07T10:19:11.604	926	2283	1361	2738	6501	6067	6813	8468	7787	843	28.66	1012.29	51.52	90123	AS7341	flash	5	100	999	10
2026-07-07T10:19:13.614	926	2283	1361	2738	6500	6066	6811	8465	7786	842	28.66	1012.23	51.49	90220	AS7341	flash	5	100	999	10
2026-07-07T10:19:15.634	926	2283	1362	2738	6502	6068	6813	8465	7787	842	28.68	1012.28	51.4	90415	AS7341	flash	5	100	999	10
2026-07-07T10:19:17.646	926	2284	1362	2739	6502	6068	6812	8464	7787	842	28.68	1012.27	51.32	90611	AS7341	flash	5	100	999	10
2026-07-07T10:19:19.677	926	2284	1362	2739	6500	6066	6810	8461	7784	842	28.69	1012.26	51.27	90317	AS7341	flash	5	100	999	10
2026-07-07T10:19:21.597	926	2284	1362	2738	6501	6066	6809	8459	7785	842	28.7	1012.3	51.19	90906	AS7341	flash	5	100	999	10
2026-07-07T10:19:23.610	926	2284	1362	2739	6501	6066	6809	8459	7786	842	28.69	1012.25	51.12	90513	AS7341	flash	5	100	999	10
2026-07-07T10:19:25.636	926	2284	1362	2739	6501	6066	6809	8458	7784	842	28.69	1012.27	51.07	89929	AS7341	flash	5	100	999	10
2026-07-07T10:19:27.659	926	2283	1362	2739	6501	6066	6809	8459	7784	842	28.7	1012.31	51.1	90317	AS7341	flash	5	100	999	10
2026-07-07T10:19:29.683	926	2284	1362	2739	6502	6067	6811	8462	7786	842	28.71	1012.29	51.22	90123	AS7341	flash	5	100	999	10
2026-07-07T10:19:31.596	926	2284	1362	2739	6502	6067	6810	8461	7786	842	28.72	1012.26	51.28	90906	AS7341	flash	5	100	999	10
2026-07-07T10:19:33.617	926	2285	1362	2740	6503	6068	6811	8463	7787	842	28.72	1012.26	51.31	90513	AS7341	flash	5	100	999	10
2026-07-07T10:19:35.641	926	2286	1362	2740	6505	6070	6813	8463	7789	842	28.72	1012.24	51.26	90220	AS7341	flash	5	100	999	10
2026-07-07T10:19:37.647	926	2285	1363	2740	6503	6067	6809	8458	7787	842	28.72	1012.25	51.17	90513	AS7341	flash	5	100	999	10
2026-07-07T10:19:39.670	926	2286	1363	2740	6502	6066	6808	8456	7785	842	28.73	1012.28	51.11	90317	AS7341	flash	5	100	999	10
2026-07-07T10:19:41.587	926	2285	1362	2740	6501	6065	6806	8453	7783	842	28.74	1012.26	51.06	90906	AS7341	flash	5	100	999	10
2026-07-07T10:19:43.603	926	2285	1363	2740	6502	6066	6807	8452	7783	842	28.74	1012.3	51.0	90611	AS7341	flash	5	100	999	10
2026-07-07T10:19:45.625	926	2286	1362	2740	6504	6068	6808	8454	7786	842	28.75	1012.28	50.94	90513	AS7341	flash	5	100	999	10
2026-07-07T10:19:47.653	926	2285	1362	2740	6503	6067	6807	8452	7784	842	28.75	1012.27	50.92	90415	AS7341	flash	5	100	999	10
2026-07-07T10:19:49.671	926	2286	1363	2741	6505	6069	6810	8456	7787	842	28.76	1012.3	50.95	90123	AS7341	flash	5	100	999	10
2026-07-07T10:19:51.577	926	2285	1362	2740	6502	6066	6807	8453	7784	842	28.78	1012.28	51.01	90611	AS7341	flash	5	100	999	10
2026-07-07T10:19:53.594	926	2286	1363	2741	6504	6068	6810	8456	7786	842	28.78	1012.27	51.1	90317	AS7341	flash	5	100	999	10
2026-07-07T10:19:55.615	926	2286	1362	2741	6505	6069	6810	8458	7787	842	28.78	1012.29	51.18	89737	AS7341	flash	5	100	999	10
2026-07-07T10:19:57.635	926	2286	1363	2741	6503	6067	6809	8456	7786	842	28.79	1012.29	51.26	89545	AS7341	flash	5	100	999	10
2026-07-07T10:19:59.646	926	2286	1362	2741	6503	6068	6809	8456	7786	842	28.8	1012.29	51.23	89929	AS7341	flash	5	100	999	10
2026-07-07T10:20:01.662	926	2286	1363	2740	6502	6067	6808	8455	7785	842	28.8	1012.26	51.23	90317	AS7341	flash	5	100	999	10
2026-07-07T10:20:03.569	926	2286	1362	2740	6503	6067	6807	8454	7785	842	28.82	1012.27	51.2	90709	AS7341	flash	5	100	999	10
2026-07-07T10:20:05.581	926	2286	1363	2740	6502	6067	6807	8453	7785	842	28.81	1012.27	51.17	90513	AS7341	flash	5	100	999	10
2026-07-07T10:20:07.595	926	2287	1362	2741	6500	6066	6807	8452	7784	842	28.82	1012.28	51.15	89737	AS7341	flash	5	100	999	10
2026-07-07T10:20:09.615	926	2287	1363	2740	6502	6066	6806	8452	7784	842	28.82	1012.25	51.11	89929	AS7341	flash	5	100	999	10
2026-07-07T10:20:11.643	926	2287	1362	2741	6502	6066	6807	8453	7785	842	28.83	1012.27	51.12	90220	AS7341	flash	5	100	999	10
2026-07-07T10:20:13.654	926	2287	1362	2740	6502	6065	6806	8452	7783	842	28.84	1012.24	51.12	89737	AS7341	flash	5	100	999	10
2026-07-07T10:20:15.675	926	2287	1362	2741	6502	6066	6806	8452	7785	842	28.85	1012.29	51.16	89641	AS7341	flash	5	100	999	10
2026-07-07T10:20:17.584	926	2287	1362	2740	6500	6063	6804	8449	7782	842	28.86	1012.23	51.16	90415	AS7341	flash	5	100	999	10
2026-07-07T10:20:19.604	927	2288	1363	2741	6502	6066	6806	8451	7784	842	28.85	1012.28	51.11	90415	AS7341	flash	5	100	999	10
2026-07-07T10:20:21.622	926	2289	1363	2741	6502	6064	6803	8447	7782	842	28.85	1012.29	51.06	90123	AS7341	flash	5	100	999	10
2026-07-07T10:20:23.632	926	2288	1363	2741	6502	6065	6804	8447	7784	842	28.86	1012.28	50.97	89737	AS7341	flash	5	100	999	10
2026-07-07T10:20:25.644	926	2289	1363	2741	6501	6065	6803	8444	7783	841	28.86	1012.29	50.88	90123	AS7341	flash	5	100	999	10
2026-07-07T10:20:27.670	926	2288	1363	2741	6500	6063	6800	8442	7781	841	28.88	1012.27	50.8	90220	AS7341	flash	5	100	999	10
2026-07-07T10:20:29.591	926	2288	1363	2740	6499	6063	6799	8439	7780	841	28.88	1012.27	50.77	90906	AS7341	flash	5	100	999	10
2026-07-07T10:20:31.613	926	2288	1363	2741	6502	6064	6802	8443	7783	841	28.88	1012.27	50.74	90513	AS7341	flash	5	100	999	10
2026-07-07T10:20:33.642	926	2289	1363	2742	6502	6064	6801	8442	7783	841	28.88	1012.29	50.77	90220	AS7341	flash	5	100	999	10
2026-07-07T10:20:35.667	926	2289	1363	2742	6502	6065	6801	8443	7783	841	28.89	1012.27	50.79	89737	AS7341	flash	5	100	999	10
2026-07-07T10:20:37.582	926	2289	1363	2741	6501	6063	6800	8440	7781	841	28.9	1012.28	50.77	90513	AS7341	flash	5	100	999	10
2026-07-07T10:20:39.613	927	2289	1363	2742	6502	6064	6801	8443	7782	842	28.9	1012.27	50.81	90317	AS7341	flash	5	100	999	10
2026-07-07T10:20:41.624	926	2290	1363	2742	6502	6064	6802	8443	7783	842	28.91	1012.28	50.86	89545	AS7341	flash	5	100	999	10
2026-07-07T10:20:43.642	927	2290	1363	2742	6501	6065	6802	8443	7783	842	28.91	1012.27	50.94	89545	AS7341	flash	5	100	999	10
2026-07-07T10:20:45.657	926	2289	1363	2742	6503	6065	6803	8446	7785	842	28.92	1012.27	51.01	89737	AS7341	flash	5	100	999	10
2026-07-07T10:20:47.675	926	2289	1363	2741	6501	6064	6803	8446	7783	842	28.92	1012.25	51.1	89545	AS7341	flash	5	100	999	10
2026-07-07T10:20:49.590	926	2290	1364	2741	6501	6064	6803	8448	7784	842	28.93	1012.28	51.22	89354	AS7341	flash	5	100	999	10
2026-07-07T10:20:51.598	927	2290	1363	2741	6499	6063	6803	8447	7782	842	28.93	1012.25	51.37	89164	AS7341	flash	5	100	999	10
2026-07-07T10:20:53.618	926	2289	1363	2740	6498	6061	6801	8445	7781	841	28.94	1012.29	51.44	89069	AS7341	flash	5	100	999	10
2026-07-07T10:20:55.639	927	2291	1364	2742	6499	6062	6801	8445	7782	842	28.94	1012.27	51.38	89354	AS7341	flash	5	100	999	10
2026-07-07T10:20:57.660	927	2291	1364	2741	6500	6063	6802	8445	7783	842	28.95	1012.27	51.27	89259	AS7341	flash	5	100	999	10
2026-07-07T10:20:59.689	926	2291	1364	2741	6499	6062	6800	8443	7782	842	28.95	1012.27	51.15	89354	AS7341	flash	5	100	999	10
2026-07-07T10:21:01.607	926	2291	1364	2740	6497	6060	6797	8439	7780	841	28.96	1012.26	51.14	89737	AS7341	flash	5	100	999	10
2026-07-07T10:21:03.615	926	2291	1364	2741	6497	6060	6797	8439	7779	841	28.97	1012.26	51.08	89833	AS7341	flash	5	100	999	10
2026-07-07T10:21:05.631	927	2292	1364	2741	6498	6060	6798	8440	7781	841	28.97	1012.23	51.04	89545	AS7341	flash	5	100	999	10
2026-07-07T10:21:07.656	927	2292	1364	2741	6496	6059	6795	8438	7778	841	28.98	1012.27	51.03	89929	AS7341	flash	5	100	999	10
2026-07-07T10:21:09.680	926	2292	1364	2741	6495	6058	6795	8437	7778	841	28.98	1012.28	51.02	89545	AS7341	flash	5	100	999	10
2026-07-07T10:21:11.706	926	2292	1364	2741	6496	6058	6795	8437	7778	841	28.98	1012.24	51.02	89259	AS7341	flash	5	100	999	10
2026-07-07T10:21:13.614	926	2292	1364	2740	6495	6056	6793	8433	7776	841	29.0	1012.23	51.0	90123	AS7341	flash	5	100	999	10
2026-07-07T10:21:15.642	926	2292	1364	2741	6497	6058	6794	8434	7778	841	28.99	1012.24	50.94	89449	AS7341	flash	5	100	999	10
2026-07-07T10:21:17.667	926	2293	1364	2741	6496	6058	6794	8436	7777	841	29.0	1012.26	50.93	89545	AS7341	flash	5	100	999	10
2026-07-07T10:21:19.686	927	2293	1364	2741	6496	6058	6794	8434	7778	841	29.0	1012.24	50.92	89545	AS7341	flash	5	100	999	10
2026-07-07T10:21:21.707	927	2294	1364	2741	6496	6058	6793	8433	7777	841	29.01	1012.24	50.93	89545	AS7341	flash	5	100	999	10
2026-07-07T10:21:23.612	926	2293	1364	2741	6496	6057	6791	8430	7775	841	29.02	1012.28	50.86	90123	AS7341	flash	5	100	999	10
2026-07-07T10:21:25.626	926	2294	1365	2741	6497	6059	6793	8430	7777	841	29.01	1012.27	50.73	89737	AS7341	flash	5	100	999	10
2026-07-07T10:21:27.654	926	2294	1365	2742	6498	6059	6792	8429	7777	841	29.02	1012.24	50.63	89545	AS7341	flash	5	100	999	10
2026-07-07T10:21:29.667	926	2294	1364	2741	6497	6057	6791	8429	7775	841	29.01	1012.23	50.6	89737	AS7341	flash	5	100	999	10
2026-07-07T10:21:31.696	927	2294	1365	2742	6497	6058	6791	8429	7775	841	29.02	1012.25	50.66	89164	AS7341	flash	5	100	999	10
2026-07-07T10:21:33.605	926	2293	1365	2742	6496	6058	6792	8429	7776	841	29.03	1012.23	50.74	90123	AS7341	flash	5	100	999	10
2026-07-07T10:21:35.618	927	2294	1365	2742	6499	6060	6794	8431	7778	841	29.03	1012.24	50.77	89737	AS7341	flash	5	100	999	10
2026-07-07T10:21:37.626	927	2294	1365	2742	6498	6059	6792	8428	7776	841	29.03	1012.23	50.75	89737	AS7341	flash	5	100	999	10
2026-07-07T10:21:39.647	926	2294	1365	2742	6498	6058	6793	8429	7777	841	29.03	1012.22	50.74	89545	AS7341	flash	5	100	999	10
2026-07-07T10:21:41.674	926	2294	1365	2742	6498	6058	6792	8427	7776	841	29.04	1012.26	50.72	89545	AS7341	flash	5	100	999	10
2026-07-07T10:21:43.695	926	2294	1365	2742	6497	6058	6791	8427	7776	841	29.04	1012.22	50.67	89164	AS7341	flash	5	100	999	10
2026-07-07T10:21:45.600	926	2294	1365	2742	6496	6057	6790	8425	7775	841	29.06	1012.25	50.66	90220	AS7341	flash	5	100	999	10
2026-07-07T10:21:47.617	927	2295	1365	2742	6498	6059	6792	8427	7777	841	29.06	1012.26	50.69	89929	AS7341	flash	5	100	999	10
2026-07-07T10:21:49.636	926	2294	1364	2741	6496	6056	6789	8424	7773	840	29.06	1012.24	50.69	89545	AS7341	flash	5	100	999	10
2026-07-07T10:21:51.648	927	2295	1365	2743	6500	6060	6793	8429	7778	841	29.06	1012.24	50.67	89737	AS7341	flash	5	100	999	10
2026-07-07T10:21:53.675	927	2295	1365	2742	6496	6058	6790	8426	7775	841	29.07	1012.25	50.68	88880	AS7341	flash	5	100	999	10
2026-07-07T10:21:55.703	927	2295	1365	2743	6498	6059	6792	8429	7777	841	29.07	1012.24	50.8	89164	AS7341	flash	5	100	999	10
2026-07-07T10:21:57.623	927	2295	1365	2742	6495	6056	6789	8424	7774	841	29.09	1012.25	50.86	89641	AS7341	flash	5	100	999	10
2026-07-07T10:21:59.638	927	2296	1366	2743	6496	6057	6790	8424	7775	841	29.08	1012.21	50.84	89259	AS7341	flash	5	100	999	10
2026-07-07T10:22:01.659	926	2295	1365	2742	6494	6055	6788	8422	7773	840	29.09	1012.23	50.8	88974	AS7341	flash	5	100	999	10
2026-07-07T10:22:03.680	926	2296	1365	2742	6497	6057	6789	8423	7774	841	29.09	1012.28	50.77	89069	AS7341	flash	5	100	999	10
2026-07-07T10:22:05.695	926	2295	1365	2742	6495	6055	6787	8421	7773	840	29.09	1012.28	50.7	89354	AS7341	flash	5	100	999	10
2026-07-07T10:22:07.720	926	2296	1366	2743	6497	6057	6788	8422	7775	840	29.1	1012.29	50.7	89069	AS7341	flash	5	100	999	10
2026-07-07T10:22:09.641	926	2296	1365	2742	6494	6055	6785	8418	7771	840	29.1	1012.26	50.68	89929	AS7341	flash	5	100	999	10
2026-07-07T10:22:11.656	926	2296	1365	2742	6496	6056	6786	8420	7773	840	29.11	1012.27	50.65	89641	AS7341	flash	5	100	999	10
2026-07-07T10:22:13.679	927	2296	1366	2742	6496	6055	6787	8420	7773	840	29.11	1012.24	50.6	89354	AS7341	flash	5	100	999	10
2026-07-07T10:22:15.711	927	2297	1366	2743	6496	6056	6787	8420	7774	841	29.11	1012.28	50.59	89259	AS7341	flash	5	100	999	10
2026-07-07T10:22:17.729	927	2297	1366	2743	6498	6057	6789	8422	7775	841	29.12	1012.24	50.62	89449	AS7341	flash	5	100	999	10
2026-07-07T10:22:19.648	926	2296	1365	2741	6494	6053	6785	8417	7771	840	29.13	1012.26	50.66	89929	AS7341	flash	5	100	999	10
2026-07-07T10:22:21.675	926	2296	1365	2741	6494	6054	6785	8418	7771	840	29.12	1012.22	50.69	89354	AS7341	flash	5	100	999	10
2026-07-07T10:22:23.693	927	2297	1366	2742	6496	6056	6787	8419	7773	840	29.12	1012.25	50.71	89069	AS7341	flash	5	100	999	10
2026-07-07T10:22:25.722	927	2297	1366	2743	6496	6056	6786	8418	7773	840	29.13	1012.24	50.65	89354	AS7341	flash	5	100	999	10
2026-07-07T10:22:27.644	926	2297	1366	2742	6495	6055	6785	8417	7773	840	29.14	1012.25	50.58	89929	AS7341	flash	5	100	999	10
2026-07-07T10:22:29.658	926	2298	1366	2742	6494	6054	6783	8414	7771	840	29.14	1012.24	50.55	89641	AS7341	flash	5	100	999	10
2026-07-07T10:22:31.679	926	2297	1366	2742	6494	6053	6783	8413	7770	840	29.14	1012.26	50.5	88974	AS7341	flash	5	100	999	10
2026-07-07T10:22:33.706	927	2298	1366	2743	6494	6054	6784	8413	7770	840	29.14	1012.26	50.48	89449	AS7341	flash	5	100	999	10
2026-07-07T10:22:35.611	927	2298	1366	2743	6495	6054	6784	8414	7772	840	29.16	1012.23	50.47	89641	AS7341	flash	5	100	999	10
2026-07-07T10:22:37.643	927	2298	1366	2744	6496	6056	6785	8414	7773	840	29.15	1012.23	50.44	89545	AS7341	flash	5	100	999	10
2026-07-07T10:22:39.665	927	2298	1366	2743	6496	6055	6784	8413	7772	840	29.16	1012.23	50.41	89259	AS7341	flash	5	100	999	10
2026-07-07T10:22:41.688	927	2298	1366	2744	6494	6054	6782	8411	7770	840	29.17	1012.21	50.4	89164	AS7341	flash	5	100	999	10
2026-07-07T10:22:43.709	926	2298	1366	2743	6495	6054	6782	8412	7771	840	29.17	1012.25	50.39	89449	AS7341	flash	5	100	999	10
2026-07-07T10:22:45.625	927	2298	1366	2743	6495	6054	6783	8412	7771	840	29.19	1012.24	50.42	89737	AS7341	flash	5	100	999	10
2026-07-07T10:22:47.639	927	2298	1366	2743	6494	6054	6782	8413	7771	840	29.18	1012.21	50.47	89449	AS7341	flash	5	100	999	10
2026-07-07T10:22:49.662	927	2298	1366	2743	6495	6054	6784	8413	7771	840	29.18	1012.26	50.52	89164	AS7341	flash	5	100	999	10
2026-07-07T10:22:51.682	927	2299	1367	2744	6497	6056	6786	8417	7774	840	29.18	1012.25	50.53	89354	AS7341	flash	5	100	999	10
2026-07-07T10:22:53.710	927	2299	1366	2743	6496	6055	6785	8417	7773	841	29.19	1012.24	50.62	88598	AS7341	flash	5	100	999	10
2026-07-07T10:22:55.624	927	2298	1366	2742	6492	6052	6782	8415	7770	840	29.2	1012.26	50.71	89069	AS7341	flash	5	100	999	10
2026-07-07T10:22:57.653	927	2299	1367	2742	6494	6054	6786	8420	7773	840	29.2	1012.25	50.85	88598	AS7341	flash	5	100	999	10
2026-07-07T10:22:59.676	927	2298	1366	2742	6493	6053	6786	8422	7773	840	29.19	1012.24	51.02	88598	AS7341	flash	5	100	999	10
2026-07-07T10:23:01.694	927	2298	1366	2741	6490	6051	6785	8422	7771	840	29.2	1012.2	51.18	87762	AS7341	flash	5	100	999	10
2026-07-07T10:23:03.712	927	2299	1367	2741	6490	6051	6785	8422	7772	840	29.2	1012.24	51.35	88039	AS7341	flash	5	100	999	10
2026-07-07T10:23:05.625	927	2299	1367	2740	6488	6049	6783	8420	7770	840	29.21	1012.23	51.38	88598	AS7341	flash	5	100	999	10
2026-07-07T10:23:07.653	927	2300	1367	2741	6489	6050	6783	8419	7770	840	29.21	1012.26	51.32	87762	AS7341	flash	5	100	999	10
2026-07-07T10:23:09.681	927	2300	1367	2740	6488	6048	6780	8415	7767	840	29.22	1012.27	51.19	88317	AS7341	flash	5	100	999	10
2026-07-07T10:23:11.708	926	2299	1366	2739	6485	6045	6777	8412	7765	839	29.22	1012.27	51.06	88598	AS7341	flash	5	100	999	10
2026-07-07T10:23:13.631	926	2299	1366	2739	6485	6045	6778	8412	7765	840	29.23	1012.24	51.01	89164	AS7341	flash	5	100	999	10
2026-07-07T10:23:15.652	926	2299	1366	2739	6485	6045	6778	8414	7766	840	29.23	1012.25	51.05	88691	AS7341	flash	5	100	999	10
2026-07-07T10:23:17.666	927	2300	1367	2740	6486	6046	6780	8417	7767	840	29.22	1012.24	51.14	88317	AS7341	flash	5	100	999	10
2026-07-07T10:23:19.686	927	2300	1367	2739	6483	6042	6775	8413	7763	839	29.23	1012.23	51.23	87854	AS7341	flash	5	100	999	10
2026-07-07T10:23:21.715	926	2301	1367	2739	6482	6043	6776	8413	7763	840	29.24	1012.26	51.23	88131	AS7341	flash	5	100	999	10
2026-07-07T10:23:23.624	926	2301	1367	2738	6482	6041	6775	8411	7763	839	29.24	1012.22	51.2	88598	AS7341	flash	5	100	999	10
2026-07-07T10:23:25.657	927	2302	1367	2739	6483	6043	6776	8412	7764	839	29.24	1012.22	51.15	88411	AS7341	flash	5	100	999	10
2026-07-07T10:23:27.666	926	2301	1367	2738	6479	6040	6772	8408	7760	839	29.25	1012.24	51.1	88317	AS7341	flash	5	100	999	10
2026-07-07T10:23:29.696	926	2301	1367	2738	6480	6040	6773	8409	7761	839	29.25	1012.23	51.13	88039	AS7341	flash	5	100	999	10
2026-07-07T10:23:31.722	926	2301	1367	2738	6479	6039	6772	8407	7760	839	29.26	1012.24	51.12	88039	AS7341	flash	5	100	999	10
2026-07-07T10:23:33.642	926	2301	1367	2737	6478	6038	6771	8407	7758	839	29.28	1012.24	51.1	88411	AS7341	flash	5	100	999	10
2026-07-07T10:23:35.663	926	2302	1367	2738	6479	6039	6771	8408	7760	839	29.27	1012.24	51.16	88411	AS7341	flash	5	100	999	10
2026-07-07T10:23:37.675	926	2302	1367	2737	6477	6038	6769	8403	7757	839	29.27	1012.24	51.12	87946	AS7341	flash	5	100	999	10
2026-07-07T10:23:39.689	926	2303	1367	2738	6477	6038	6769	8403	7758	839	29.28	1012.22	51.0	88224	AS7341	flash	5	100	999	10
2026-07-07T10:23:41.708	926	2303	1368	2738	6479	6038	6769	8403	7759	839	29.28	1012.22	50.93	88317	AS7341	flash	5	100	999	10
2026-07-07T10:23:43.732	926	2302	1367	2737	6477	6037	6768	8402	7757	839	29.29	1012.23	50.88	88224	AS7341	flash	5	100	999	10
2026-07-07T10:23:45.642	926	2302	1367	2736	6474	6034	6766	8399	7755	838	29.3	1012.24	50.91	88785	AS7341	flash	5	100	999	10
2026-07-07T10:23:47.669	926	2303	1367	2737	6475	6037	6767	8401	7756	839	29.29	1012.24	50.97	88317	AS7341	flash	5	100	999	10
2026-07-07T10:23:49.693	926	2303	1368	2738	6477	6038	6769	8404	7758	839	29.29	1012.29	51.03	88224	AS7341	flash	5	100	999	10
2026-07-07T10:23:51.715	926	2303	1367	2737	6476	6035	6768	8402	7757	839	29.3	1012.24	51.04	88039	AS7341	flash	5	100	999	10
2026-07-07T10:23:53.638	926	2303	1368	2737	6475	6037	6767	8401	7757	839	29.32	1012.28	51.04	88317	AS7341	flash	5	100	999	10
2026-07-07T10:23:55.661	926	2304	1368	2737	6477	6038	6769	8405	7759	839	29.3	1012.26	51.04	88131	AS7341	flash	5	100	999	10
2026-07-07T10:23:57.681	926	2304	1368	2737	6475	6036	6767	8402	7756	839	29.31	1012.27	51.08	87946	AS7341	flash	5	100	999	10
2026-07-07T10:23:59.708	926	2304	1367	2737	6475	6036	6767	8402	7756	839	29.31	1012.27	51.09	87946	AS7341	flash	5	100	999	10
2026-07-07T10:24:01.728	926	2304	1367	2737	6475	6036	6766	8399	7756	839	29.31	1012.25	51.05	87762	AS7341	flash	5	100	999	10
2026-07-07T10:24:03.736	926	2304	1368	2737	6474	6035	6764	8396	7754	838	29.31	1012.28	50.94	87762	AS7341	flash	5	100	999	10
2026-07-07T10:24:05.646	926	2305	1368	2737	6474	6034	6763	8394	7753	838	29.32	1012.27	50.82	88785	AS7341	flash	5	100	999	10
2026-07-07T10:24:07.666	926	2305	1368	2738	6474	6034	6762	8392	7753	838	29.32	1012.24	50.68	88411	AS7341	flash	5	100	999	10
2026-07-07T10:24:09.686	926	2306	1368	2738	6477	6036	6764	8394	7756	839	29.32	1012.22	50.57	88317	AS7341	flash	5	100	999	10
2026-07-07T10:24:11.707	926	2305	1368	2737	6474	6033	6761	8390	7751	838	29.33	1012.25	50.53	88131	AS7341	flash	5	100	999	10
2026-07-07T10:24:13.726	926	2305	1368	2737	6475	6035	6763	8393	7755	838	29.33	1012.26	50.56	88598	AS7341	flash	5	100	999	10
2026-07-07T10:24:15.636	926	2305	1368	2737	6474	6034	6762	8392	7753	838	29.34	1012.27	50.61	88598	AS7341	flash	5	100	999	10
2026-07-07T10:24:17.654	926	2305	1368	2737	6473	6033	6762	8392	7752	838	29.34	1012.28	50.68	88317	AS7341	flash	5	100	999	10
2026-07-07T10:24:19.682	926	2305	1368	2737	6474	6034	6762	8392	7753	838	29.35	1012.29	50.73	88317	AS7341	flash	5	100	999	10
2026-07-07T10:24:21.703	927	2306	1368	2738	6477	6036	6767	8398	7757	839	29.34	1012.27	50.72	88411	AS7341	flash	5	100	999	10
2026-07-07T10:24:23.723	926	2306	1368	2738	6474	6035	6764	8395	7754	839	29.34	1012.26	50.8	88224	AS7341	flash	5	100	999	10
2026-07-07T10:24:25.735	926	2306	1368	2737	6474	6034	6764	8396	7755	839	29.35	1012.28	50.85	87946	AS7341	flash	5	100	999	10
2026-07-07T10:24:27.637	926	2304	1368	2736	6470	6031	6760	8392	7750	838	29.35	1012.26	50.94	88224	AS7341	flash	5	100	999	10
2026-07-07T10:24:29.653	926	2305	1368	2736	6472	6033	6763	8395	7753	838	29.35	1012.28	50.98	88039	AS7341	flash	5	100	999	10
2026-07-07T10:24:31.668	926	2305	1368	2736	6472	6033	6763	8396	7753	838	29.35	1012.28	51.08	87854	AS7341	flash	5	100	999	10
2026-07-07T10:24:33.681	926	2305	1368	2735	6470	6030	6760	8392	7750	838	29.36	1012.3	51.08	88039	AS7341	flash	5	100	999	10
2026-07-07T10:24:35.702	926	2307	1368	2737	6472	6032	6762	8393	7752	838	29.36	1012.27	51.01	87487	AS7341	flash	5	100	999	10
2026-07-07T10:24:37.733	926	2306	1368	2736	6470	6030	6759	8390	7750	838	29.36	1012.29	50.93	87487	AS7341	flash	5	100	999	10
2026-07-07T10:24:39.645	926	2306	1368	2736	6470	6030	6757	8387	7749	838	29.38	1012.29	50.8	88598	AS7341	flash	5	100	999	10
2026-07-07T10:24:41.670	926	2307	1368	2736	6472	6032	6760	8391	7752	838	29.37	1012.27	50.7	88224	AS7341	flash	5	100	999	10
2026-07-07T10:24:43.691	926	2307	1369	2737	6470	6030	6758	8388	7749	838	29.37	1012.26	50.68	88411	AS7341	flash	5	100	999	10
2026-07-07T10:24:45.714	926	2307	1368	2737	6470	6030	6757	8386	7749	838	29.38	1012.25	50.64	88039	AS7341	flash	5	100	999	10
2026-07-07T10:24:47.735	926	2307	1368	2736	6469	6029	6756	8385	7748	838	29.38	1012.28	50.6	88131	AS7341	flash	5	100	999	10
2026-07-07T10:24:49.644	926	2306	1368	2736	6469	6029	6756	8385	7748	838	29.39	1012.26	50.62	88691	AS7341	flash	5	100	999	10
2026-07-07T10:24:51.662	926	2307	1369	2736	6470	6029	6757	8386	7748	838	29.39	1012.29	50.65	88317	AS7341	flash	5	100	999	10
2026-07-07T10:24:53.684	926	2307	1369	2737	6469	6029	6755	8383	7747	839	29.4	1012.29	50.64	88598	AS7341	flash	5	100	999	10
2026-07-07T10:24:55.699	926	2307	1369	2736	6471	6030	6757	8386	7749	838	29.4	1012.25	50.59	88224	AS7341	flash	5	100	999	10
2026-07-07T10:24:57.727	926	2308	1369	2737	6470	6029	6757	8385	7749	839	29.4	1012.28	50.56	88131	AS7341	flash	5	100	999	10
2026-07-07T10:24:59.641	926	2307	1369	2736	6469	6029	6756	8385	7748	838	29.41	1012.29	50.58	88598	AS7341	flash	5	100	999	10
2026-07-07T10:25:01.661	926	2307	1369	2736	6469	6029	6757	8386	7748	838	29.41	1012.25	50.65	88039	AS7341	flash	5	100	999	10
2026-07-07T10:25:03.689	926	2306	1368	2735	6467	6028	6757	8387	7748	838	29.41	1012.25	50.77	88131	AS7341	flash	5	100	999	10
2026-07-07T10:25:05.703	926	2307	1368	2735	6467	6028	6758	8389	7748	838	29.41	1012.3	50.95	87946	AS7341	flash	5	100	999	10
2026-07-07T10:25:07.724	926	2307	1368	2735	6467	6028	6758	8391	7749	838	29.41	1012.3	51.06	87487	AS7341	flash	5	100	999	10
2026-07-07T10:25:09.646	926	2307	1369	2734	6466	6027	6756	8389	7747	838	29.42	1012.25	51.09	87854	AS7341	flash	5	100	999	10
2026-07-07T10:25:11.670	926	2308	1369	2735	6467	6028	6758	8391	7749	838	29.42	1012.27	51.07	87578	AS7341	flash	5	100	999	10
2026-07-07T10:25:13.694	926	2307	1369	2734	6465	6027	6756	8388	7747	838	29.42	1012.25	51.07	87854	AS7341	flash	5	100	999	10
2026-07-07T10:25:15.716	926	2307	1368	2734	6464	6025	6753	8385	7744	838	29.43	1012.3	51.03	87946	AS7341	flash	5	100	999	10
2026-07-07T10:25:17.741	926	2308	1369	2734	6464	6025	6753	8383	7744	839	29.43	1012.24	50.92	87487	AS7341	flash	5	100	999	10
2026-07-07T10:25:19.660	926	2307	1368	2733	6462	6022	6749	8377	7742	837	29.45	1012.28	50.78	88598	AS7341	flash	5	100	999	10
2026-07-07T10:25:21.687	926	2308	1369	2735	6463	6023	6750	8378	7743	837	29.44	1012.27	50.64	87946	AS7341	flash	5	100	999	10
2026-07-07T10:25:23.707	926	2309	1369	2735	6465	6024	6751	8380	7746	839	29.45	1012.27	50.57	88504	AS7341	flash	5	100	999	10
2026-07-07T10:25:25.733	926	2309	1369	2735	6464	6024	6750	8378	7742	837	29.45	1012.29	50.55	87762	AS7341	flash	5	100	999	10
2026-07-07T10:25:27.645	926	2309	1369	2734	6462	6022	6748	8374	7740	838	29.46	1012.26	50.5	88224	AS7341	flash	5	100	999	10
2026-07-07T10:25:29.661	926	2310	1369	2735	6464	6023	6749	8376	7743	837	29.45	1012.29	50.44	88598	AS7341	flash	5	100	999	10
2026-07-07T10:25:31.686	926	2309	1369	2735	6465	6024	6750	8377	7745	837	29.46	1012.31	50.4	87946	AS7341	flash	5	100	999	10
2026-07-07T10:25:33.707	926	2309	1369	2735	6465	6024	6751	8378	7743	837	29.46	1012.26	50.4	88039	AS7341	flash	5	100	999	10
2026-07-07T10:25:35.732	926	2310	1369	2736	6466	6026	6755	8385	7748	838	29.47	1012.27	50.56	87487	AS7341	flash	5	100	999	10
2026-07-07T10:25:37.649	926	2308	1369	2734	6463	6024	6754	8386	7745	838	29.48	1012.32	50.8	87487	AS7341	flash	5	100	999	10
2026-07-07T10:25:39.677	926	2309	1369	2734	6464	6025	6756	8391	7747	838	29.47	1012.26	51.11	87396	AS7341	flash	5	100	999	10
2026-07-07T10:25:41.695	926	2309	1369	2733	6459	6022	6754	8390	7745	837	29.48	1012.3	51.39	86942	AS7341	flash	5	100	999	10
2026-07-07T10:25:43.725	926	2309	1369	2732	6459	6021	6752	8389	7743	837	29.48	1012.28	51.53	86942	AS7341	flash	5	100	999	10
2026-07-07T10:25:45.737	926	2309	1369	2733	6460	6021	6753	8389	7744	837	29.48	1012.28	51.51	87305	AS7341	flash	5	100	999	10
2026-07-07T10:25:47.647	926	2309	1369	2732	6458	6019	6750	8385	7743	838	29.5	1012.3	51.41	87305	AS7341	flash	5	100	999	10
2026-07-07T10:25:49.669	926	2310	1369	2733	6457	6018	6749	8382	7741	837	29.5	1012.3	51.26	87305	AS7341	flash	5	100	999	10
2026-07-07T10:25:51.691	926	2311	1370	2733	6458	6019	6749	8383	7742	838	29.5	1012.28	51.13	87396	AS7341	flash	5	100	999	10
2026-07-07T10:25:53.709	926	2310	1369	2732	6458	6018	6749	8384	7741	837	29.49	1012.3	51.06	86942	AS7341	flash	5	100	999	10
2026-07-07T10:25:55.740	926	2310	1369	2732	6457	6018	6749	8383	7741	838	29.5	1012.28	51.11	87214	AS7341	flash	5	100	999	10
2026-07-07T10:25:57.659	926	2311	1369	2731	6455	6015	6746	8379	7738	837	29.5	1012.27	51.09	87032	AS7341	flash	5	100	999	10
2026-07-07T10:25:59.679	926	2311	1370	2732	6455	6016	6745	8379	7739	837	29.51	1012.25	51.03	87578	AS7341	flash	5	100	999	10
2026-07-07T10:26:01.699	926	2311	1370	2732	6456	6016	6746	8379	7740	838	29.51	1012.25	50.96	87578	AS7341	flash	5	100	999	10
2026-07-07T10:26:03.726	926	2312	1370	2733	6457	6017	6748	8380	7741	837	29.51	1012.28	50.9	87123	AS7341	flash	5	100	999	10
2026-07-07T10:26:05.640	926	2312	1370	2732	6453	6013	6743	8375	7736	837	29.53	1012.27	50.88	87854	AS7341	flash	5	100	999	10
2026-07-07T10:26:07.666	926	2311	1370	2731	6454	6015	6744	8377	7738	838	29.52	1012.28	50.9	87305	AS7341	flash	5	100	999	10
2026-07-07T10:26:09.686	926	2312	1370	2732	6455	6016	6746	8379	7739	838	29.52	1012.27	50.95	87487	AS7341	flash	5	100	999	10
2026-07-07T10:26:11.719	926	2311	1370	2731	6454	6016	6747	8382	7740	837	29.52	1012.27	51.04	87123	AS7341	flash	5	100	999	10
2026-07-07T10:26:13.744	926	2311	1370	2731	6453	6014	6745	8379	7738	838	29.52	1012.26	51.16	87214	AS7341	flash	5	100	999	10
2026-07-07T10:26:15.653	926	2312	1370	2730	6449	6011	6741	8374	7734	837	29.54	1012.3	51.17	87670	AS7341	flash	5	100	999	10
2026-07-07T10:26:17.680	926	2312	1370	2730	6451	6011	6741	8374	7735	837	29.52	1012.26	51.08	87396	AS7341	flash	5	100	999	10
2026-07-07T10:26:19.698	926	2312	1370	2731	6452	6013	6743	8376	7737	837	29.53	1012.3	51.01	87305	AS7341	flash	5	100	999	10
2026-07-07T10:26:21.714	926	2313	1370	2731	6453	6014	6743	8377	7738	838	29.53	1012.28	50.98	87487	AS7341	flash	5	100	999	10
2026-07-07T10:26:23.738	926	2313	1370	2731	6451	6012	6742	8375	7735	838	29.54	1012.23	50.97	86762	AS7341	flash	5	100	999	10
2026-07-07T10:26:25.661	926	2313	1370	2730	6448	6009	6739	8370	7733	837	29.54	1012.22	50.97	87762	AS7341	flash	5	100	999	10
2026-07-07T10:26:27.680	926	2313	1370	2731	6451	6012	6742	8375	7736	836	29.54	1012.22	51.03	87305	AS7341	flash	5	100	999	10
2026-07-07T10:26:29.711	926	2314	1370	2731	6451	6012	6743	8376	7737	836	29.54	1012.31	51.05	86852	AS7341	flash	5	100	999	10
2026-07-07T10:26:31.730	926	2314	1370	2730	6451	6011	6742	8376	7735	838	29.54	1012.29	51.04	86762	AS7341	flash	5	100	999	10
2026-07-07T10:26:33.644	926	2313	1370	2729	6449	6010	6740	8372	7734	836	29.55	1012.28	51.02	87854	AS7341	flash	5	100	999	10
2026-07-07T10:26:35.668	926	2314	1370	2730	6449	6009	6739	8372	7733	836	29.55	1012.26	51.0	87670	AS7341	flash	5	100	999	10
2026-07-07T10:26:37.693	926	2313	1370	2730	6449	6009	6739	8371	7733	837	29.55	1012.28	51.01	87123	AS7341	flash	5	100	999	10
2026-07-07T10:26:39.712	926	2314	1370	2731	6448	6009	6739	8370	7732	836	29.55	1012.24	50.98	87032	AS7341	flash	5	100	999	10
2026-07-07T10:26:41.736	926	2314	1370	2730	6450	6010	6740	8371	7734	837	29.56	1012.26	50.91	87032	AS7341	flash	5	100	999	10
2026-07-07T10:26:43.656	926	2315	1371	2730	6449	6009	6737	8370	7733	836	29.56	1012.22	50.87	87578	AS7341	flash	5	100	999	10
2026-07-07T10:26:45.672	926	2314	1370	2730	6448	6009	6739	8371	7733	837	29.56	1012.26	50.86	87670	AS7341	flash	5	100	999	10
2026-07-07T10:26:47.701	926	2314	1370	2730	6449	6010	6740	8372	7734	837	29.56	1012.27	50.94	86942	AS7341	flash	5	100	999	10
2026-07-07T10:26:49.727	926	2314	1370	2730	6449	6008	6739	8371	7733	837	29.56	1012.27	51.0	87032	AS7341	flash	5	100	999	10
2026-07-07T10:26:51.639	926	2314	1371	2729	6447	6007	6736	8367	7730	836	29.57	1012.25	51.01	87854	AS7341	flash	5	100	999	10
2026-07-07T10:26:53.664	925	2314	1370	2729	6447	6007	6737	8369	7730	837	29.57	1012.26	50.96	87123	AS7341	flash	5	100	999	10
2026-07-07T10:26:55.692	926	2314	1370	2729	6447	6007	6736	8367	7730	837	29.56	1012.24	50.96	87214	AS7341	flash	5	100	999	10
2026-07-07T10:26:57.719	926	2315	1370	2730	6448	6007	6737	8369	7731	837	29.57	1012.25	50.98	86583	AS7341	flash	5	100	999	10
2026-07-07T10:26:59.732	925	2314	1370	2729	6446	6006	6736	8368	7730	837	29.57	1012.26	50.96	86852	AS7341	flash	5	100	999	10
2026-07-07T10:27:01.647	926	2315	1371	2728	6445	6005	6734	8364	7729	836	29.58	1012.23	50.97	87854	AS7341	flash	5	100	999	10
2026-07-07T10:27:03.671	926	2316	1371	2730	6447	6006	6735	8367	7730	837	29.58	1012.24	50.92	87670	AS7341	flash	5	100	999	10
2026-07-07T10:27:05.701	926	2315	1371	2729	6447	6006	6735	8365	7731	838	29.58	1012.24	50.85	86942	AS7341	flash	5	100	999	10
2026-07-07T10:27:07.727	926	2315	1371	2730	6446	6007	6735	8366	7731	837	29.58	1012.22	50.81	86852	AS7341	flash	5	100	999	10
2026-07-07T10:27:09.640	926	2315	1371	2729	6444	6005	6733	8363	7728	837	29.59	1012.25	50.84	87396	AS7341	flash	5	100	999	10
2026-07-07T10:27:11.651	926	2315	1371	2729	6446	6006	6735	8365	7729	837	29.58	1012.23	50.85	87305	AS7341	flash	5	100	999	10
2026-07-07T10:27:13.660	926	2315	1371	2730	6450	6010	6739	8369	7734	837	29.58	1012.24	50.85	87123	AS7341	flash	5	100	999	10
2026-07-07T10:27:15.679	927	2306	1370	2738	6484	6048	6784	8405	7765	840	29.58	1012.22	50.78	87123	AS7341	flash	5	100	999	10
2026-07-07T10:27:17.692	928	2298	1369	2745	6508	6077	6816	8431	7789	841	29.58	1012.23	50.74	87305	AS7341	flash	5	100	999	10
2026-07-07T10:27:19.708	930	2285	1367	2758	6559	6136	6881	8486	7836	847	29.59	1012.24	50.71	87305	AS7341	flash	5	100	999	10
2026-07-07T10:27:21.715	932	2274	1366	2769	6598	6179	6931	8527	7875	849	29.59	1012.23	50.75	87214	AS7341	flash	5	100	999	10
2026-07-07T10:27:23.733	933	2268	1366	2775	6618	6202	6958	8550	7894	851	29.59	1012.23	50.74	86942	AS7341	flash	5	100	999	10
2026-07-07T10:27:25.744	934	2267	1366	2774	6618	6201	6957	8552	7893	851	29.58	1012.21	50.72	86762	AS7341	flash	5	100	999	10
2026-07-07T10:27:27.649	934	2263	1365	2777	6633	6217	6975	8567	7908	853	29.61	1012.28	50.74	87487	AS7341	flash	5	100	999	10
2026-07-07T10:27:29.659	935	2257	1365	2785	6661	6250	7013	8604	7938	855	29.59	1012.24	50.79	87305	AS7341	flash	5	100	999	10
2026-07-07T10:27:31.667	936	2250	1364	2791	6686	6280	7048	8634	7964	858	29.59	1012.23	50.97	87123	AS7341	flash	5	100	999	10
2026-07-07T10:27:33.675	939	2239	1364	2805	6748	6350	7129	8706	8026	864	29.59	1012.25	51.28	86493	AS7341	flash	5	100	999	10
2026-07-07T10:27:35.699	946	2215	1364	2835	6866	6487	7285	8832	8145	874	29.59	1012.24	51.58	86315	AS7341	flash	5	100	999	10
2026-07-07T10:27:37.711	951	2198	1364	2858	6948	6582	7396	8927	8232	882	29.61	1012.21	51.78	86404	AS7341	flash	5	100	999	10
2026-07-07T10:27:39.725	952	2193	1363	2863	6963	6600	7416	8948	8247	884	29.6	1012.25	52.03	85522	AS7341	flash	5	100	999	10
2026-07-07T10:27:41.737	951	2195	1363	2860	6949	6581	7396	8937	8233	883	29.61	1012.23	52.12	85522	AS7341	flash	5	100	999	10
2026-07-07T10:27:43.652	950	2197	1363	2854	6925	6551	7363	8914	8208	880	29.62	1012.24	52.05	86583	AS7341	flash	5	100	999	10
2026-07-07T10:27:45.681	949	2201	1363	2848	6902	6524	7333	8896	8187	878	29.61	1012.21	52.0	86315	AS7341	flash	5	100	999	10
2026-07-07T10:27:47.705	947	2205	1363	2842	6876	6492	7297	8871	8160	876	29.61	1012.23	52.18	85784	AS7341	flash	5	100	999	10
2026-07-07T10:27:49.720	946	2210	1363	2834	6847	6459	7260	8841	8131	873	29.62	1012.25	52.11	85697	AS7341	flash	5	100	999	10
2026-07-07T10:27:51.733	944	2217	1363	2825	6812	6416	7211	8803	8095	870	29.62	1012.25	51.98	86049	AS7341	flash	5	100	999	10
2026-07-07T10:27:53.751	942	2224	1363	2818	6781	6380	7167	8767	8063	867	29.63	1012.22	51.8	86049	AS7341	flash	5	100	999	10
2026-07-07T10:27:55.664	940	2229	1363	2809	6750	6345	7128	8733	8032	865	29.64	1012.24	51.56	87032	AS7341	flash	5	100	999	10
2026-07-07T10:27:57.708	939	2234	1363	2804	6730	6321	7101	8712	8012	863	29.64	1012.23	51.42	86852	AS7341	flash	5	100	999	10
2026-07-07T10:27:59.716	938	2238	1363	2800	6712	6301	7077	8691	7995	861	29.64	1012.23	51.41	86583	AS7341	flash	5	100	999	10
2026-07-07T10:28:01.795	937	2242	1363	2796	6696	6283	7056	8674	7978	860	29.63	1012.24	51.39	86315	AS7341	flash	5	100	999	10
2026-07-07T10:28:03.691	936	2245	1363	2791	6679	6263	7034	8653	7960	858	29.65	1012.24	51.32	86404	AS7341	flash	5	100	999	10
2026-07-07T10:28:05.700	936	2249	1364	2788	6666	6250	7018	8641	7948	857	29.65	1012.24	51.3	86404	AS7341	flash	5	100	999	10
2026-07-07T10:28:07.704	935	2253	1363	2784	6654	6235	7001	8626	7937	856	29.65	1012.25	51.33	86315	AS7341	flash	5	100	999	10
2026-07-07T10:28:09.725	935	2253	1365	2785	6660	6242	7009	8631	7941	856	29.65	1012.27	51.3	86049	AS7341	flash	5	100	999	10
2026-07-07T10:28:11.746	936	2247	1364	2791	6685	6272	7042	8657	7967	858	29.65	1012.25	51.27	86226	AS7341	flash	5	100	999	10
2026-07-07T10:28:13.754	937	2247	1363	2792	6684	6270	7040	8655	7965	858	29.65	1012.24	51.32	85872	AS7341	flash	5	100	999	10
2026-07-07T10:28:15.661	936	2248	1363	2788	6672	6257	7025	8641	7952	857	29.66	1012.25	51.29	86942	AS7341	flash	5	100	999	10
2026-07-07T10:28:17.664	937	2245	1363	2794	6697	6286	7057	8668	7978	859	29.67	1012.28	51.2	86583	AS7341	flash	5	100	999	10
2026-07-07T10:28:19.681	939	2236	1364	2806	6741	6336	7116	8717	8021	864	29.66	1012.26	51.22	86493	AS7341	flash	5	100	999	10
2026-07-07T10:28:21.692	941	2229	1363	2811	6764	6365	7149	8741	8045	866	29.67	1012.24	51.31	85960	AS7341	flash	5	100	999	10
2026-07-07T10:28:23.704	942	2225	1363	2818	6786	6389	7176	8766	8068	868	29.68	1012.28	51.35	86137	AS7341	flash	5	100	999	10
2026-07-07T10:28:25.725	943	2220	1363	2823	6809	6415	7208	8793	8092	870	29.68	1012.26	51.4	85872	AS7341	flash	5	100	999	10
2026-07-07T10:28:27.748	945	2211	1362	2832	6851	6464	7264	8843	8134	874	29.68	1012.19	51.62	85609	AS7341	flash	5	100	999	10
2026-07-07T10:28:29.769	947	2203	1363	2843	6887	6507	7315	8887	8173	877	29.68	1012.23	51.97	84829	AS7341	flash	5	100	999	10
2026-07-07T10:28:31.682	948	2200	1363	2847	6902	6524	7335	8906	8188	879	29.7	1012.23	52.21	85087	AS7341	flash	5	100	999	10
2026-07-07T10:28:33.701	949	2199	1363	2849	6912	6534	7347	8916	8198	880	29.69	1012.24	52.32	85001	AS7341	flash	5	100	999	10
2026-07-07T10:28:35.721	950	2196	1363	2853	6927	6551	7367	8936	8214	881	29.69	1012.22	52.3	84657	AS7341	flash	5	100	999	10
2026-07-07T10:28:37.735	951	2192	1362	2856	6945	6572	7392	8959	8234	883	29.7	1012.23	52.37	84829	AS7341	flash	5	100	999	10
2026-07-07T10:28:39.741	951	2189	1362	2857	6947	6579	7409	8984	8244	884	29.68	1012.27	52.54	84147	AS7341	flash	5	100	999	10
2026-07-07T10:28:41.651	951	2187	1362	2853	6938	6572	7409	8999	8241	884	29.67	1012.27	53.42	83393	AS7341	flash	5	100	999	10
2026-07-07T10:28:43.713	951	2186	1360	2847	6923	6558	7402	9009	8233	883	29.65	1012.26	54.84	81844	AS7341	flash	5	100	999	10
2026-07-07T10:28:45.721	951	2187	1360	2841	6901	6538	7390	9015	8221	881	29.64	1012.26	56.39	80507	AS7341	flash	5	100	999	10
2026-07-07T10:28:47.733	950	2189	1360	2832	6875	6511	7370	9012	8203	881	29.64	1012.25	57.76	78914	AS7341	flash	5	100	999	10
2026-07-07T10:28:49.747	948	2190	1359	2823	6846	6480	7344	9004	8178	879	29.63	1012.31	59.01	78104	AS7341	flash	5	100	999	10
2026-07-07T10:28:51.657	947	2193	1358	2814	6817	6451	7319	8995	8158	877	29.65	1012.26	60.06	77526	AS7341	flash	5	100	999	10
2026-07-07T10:28:53.667	946	2195	1357	2804	6788	6423	7293	8986	8136	875	29.63	1012.28	60.97	76186	AS7341	flash	5	100	999	10
2026-07-07T10:28:55.693	944	2198	1357	2795	6758	6391	7263	8974	8111	873	29.63	1012.26	61.78	75295	AS7341	flash	5	100	999	10
2026-07-07T10:28:57.705	943	2202	1357	2786	6726	6358	7232	8958	8086	871	29.63	1012.24	62.46	74492	AS7341	flash	5	100	999	10
2026-07-07T10:28:59.715	941	2206	1356	2775	6691	6321	7197	8938	8056	868	29.64	1012.26	63.05	74031	AS7341	flash	5	100	999	10
2026-07-07T10:29:01.729	940	2211	1356	2764	6658	6288	7166	8922	8029	866	29.64	1012.27	63.56	73190	AS7341	flash	5	100	999	10
2026-07-07T10:29:03.749	938	2216	1356	2755	6626	6255	7133	8904	8004	863	29.63	1012.25	64.03	72556	AS7341	flash	5	100	999	10
2026-07-07T10:29:05.762	937	2220	1356	2746	6597	6223	7102	8886	7979	861	29.64	1012.26	64.5	72180	AS7341	flash	5	100	999	10
2026-07-07T10:29:07.668	935	2224	1354	2736	6568	6194	7075	8870	7956	859	29.64	1012.29	64.9	72305	AS7341	flash	5	100	999	10
2026-07-07T10:29:09.683	935	2228	1355	2735	6561	6186	7061	8852	7945	858	29.64	1012.26	65.15	72180	AS7341	flash	5	100	999	10
2026-07-07T10:29:11.699	935	2233	1356	2736	6561	6184	7052	8829	7939	857	29.65	1012.27	63.71	73318	AS7341	flash	5	100	999	10
2026-07-07T10:29:13.716	936	2235	1357	2741	6573	6196	7057	8817	7943	858	29.65	1012.28	61.61	74758	AS7341	flash	5	100	999	10
2026-07-07T10:29:15.737	936	2235	1358	2745	6586	6209	7065	8811	7951	859	29.65	1012.25	59.74	76047	AS7341	flash	5	100	999	10
2026-07-07T10:29:17.742	937	2233	1358	2751	6606	6230	7083	8813	7965	860	29.66	1012.27	58.42	77240	AS7341	flash	5	100	999	10
2026-07-07T10:29:19.766	938	2227	1358	2763	6646	6273	7125	8837	7998	863	29.66	1012.28	57.28	78104	AS7341	flash	5	100	999	10
2026-07-07T10:29:21.676	939	2222	1358	2769	6663	6291	7141	8839	8011	864	29.68	1012.24	56.44	79137	AS7341	flash	5	100	999	10
2026-07-07T10:29:23.685	939	2224	1358	2771	6664	6289	7132	8825	8006	863	29.67	1012.28	55.66	80045	AS7341	flash	5	100	999	10
2026-07-07T10:29:25.704	938	2230	1359	2768	6647	6266	7103	8792	7983	861	29.67	1012.26	54.95	80662	AS7341	flash	5	100	999	10
2026-07-07T10:29:27.713	938	2230	1359	2771	6660	6279	7112	8794	7992	862	29.68	1012.28	54.34	80974	AS7341	flash	5	100	999	10
2026-07-07T10:29:29.731	940	2224	1361	2782	6702	6325	7160	8828	8031	865	29.68	1012.27	53.94	81052	AS7341	flash	5	100	999	10
2026-07-07T10:29:31.748	941	2220	1361	2789	6719	6343	7178	8835	8044	866	29.68	1012.22	53.69	81605	AS7341	flash	5	100	999	10
2026-07-07T10:29:33.754	941	2219	1361	2791	6726	6349	7181	8833	8049	867	29.67	1012.28	53.38	81605	AS7341	flash	5	100	999	10
2026-07-07T10:29:35.665	941	2219	1361	2794	6732	6354	7184	8832	8051	867	29.68	1012.29	53.1	82652	AS7341	flash	5	100	999	10
2026-07-07T10:29:37.673	941	2220	1360	2794	6729	6348	7175	8821	8046	866	29.68	1012.24	52.9	82815	AS7341	flash	5	100	999	10
2026-07-07T10:29:39.709	941	2223	1361	2793	6723	6339	7162	8809	8039	866	29.68	1012.3	52.71	82815	AS7341	flash	5	100	999	10
2026-07-07T10:29:41.721	941	2227	1362	2792	6713	6327	7145	8793	8027	865	29.69	1012.26	52.57	83062	AS7341	flash	5	100	999	10
2026-07-07T10:29:43.738	939	2229	1361	2787	6698	6307	7121	8770	8010	863	29.7	1012.29	52.47	82979	AS7341	flash	5	100	999	10
2026-07-07T10:29:45.744	938	2233	1361	2784	6683	6288	7097	8749	7992	861	29.7	1012.28	52.35	82897	AS7341	flash	5	100	999	10
2026-07-07T10:29:47.768	937	2238	1362	2779	6663	6265	7069	8722	7971	859	29.71	1012.25	52.23	83310	AS7341	flash	5	100	999	10
2026-07-07T10:29:49.854	937	2241	1361	2777	6653	6254	7053	8706	7959	858	29.7	1012.25	52.12	83144	AS7341	flash	5	100	999	10
2026-07-07T10:29:51.740	936	2243	1363	2775	6647	6245	7042	8694	7952	857	29.72	1012.26	52.03	83810	AS7341	flash	5	100	999	10
2026-07-07T10:29:53.758	936	2245	1362	2775	6640	6236	7031	8683	7944	857	29.71	1012.24	51.96	83810	AS7341	flash	5	100	999	10
2026-07-07T10:29:55.767	936	2242	1362	2777	6659	6257	7054	8701	7961	858	29.73	1012.26	51.91	83810	AS7341	flash	5	100	999	10
2026-07-07T10:29:57.777	938	2237	1362	2784	6681	6283	7081	8721	7983	861	29.73	1012.23	51.96	83476	AS7341	flash	5	100	999	10
2026-07-07T10:29:59.689	937	2235	1361	2785	6682	6284	7083	8720	7983	860	29.73	1012.26	51.99	84316	AS7341	flash	5	100	999	10
2026-07-07T10:30:01.711	938	2237	1362	2786	6681	6281	7080	8717	7982	860	29.72	1012.27	52.01	84147	AS7341	flash	5	100	999	10
2026-07-07T10:30:03.732	938	2239	1362	2785	6678	6277	7073	8710	7977	859	29.73	1012.28	51.97	84316	AS7341	flash	5	100	999	10
2026-07-07T10:30:05.751	938	2239	1362	2786	6680	6278	7073	8711	7979	859	29.73	1012.25	51.9	84062	AS7341	flash	5	100	999	10
2026-07-07T10:30:07.762	937	2239	1362	2786	6681	6279	7074	8709	7979	860	29.73	1012.23	51.83	83810	AS7341	flash	5	100	999	10
2026-07-07T10:30:09.773	937	2238	1362	2786	6682	6280	7073	8709	7979	860	29.74	1012.27	51.81	83810	AS7341	flash	5	100	999	10
2026-07-07T10:30:11.678	937	2237	1362	2786	6681	6280	7074	8709	7979	860	29.75	1012.24	51.81	84657	AS7341	flash	5	100	999	10
2026-07-07T10:30:13.689	938	2238	1362	2786	6682	6281	7077	8715	7982	860	29.75	1012.25	52.11	83978	AS7341	flash	5	100	999	10
2026-07-07T10:30:15.705	938	2238	1362	2786	6682	6281	7077	8717	7982	860	29.75	1012.25	52.45	83726	AS7341	flash	5	100	999	10
2026-07-07T10:30:17.715	938	2238	1363	2786	6680	6279	7075	8714	7980	860	29.75	1012.26	52.59	83310	AS7341	flash	5	100	999	10
2026-07-07T10:30:19.727	938	2239	1362	2786	6679	6277	7074	8715	7980	860	29.75	1012.22	52.66	83310	AS7341	flash	5	100	999	10
2026-07-07T10:30:21.748	937	2238	1363	2785	6678	6277	7073	8711	7978	859	29.76	1012.25	52.69	83393	AS7341	flash	5	100	999	10
2026-07-07T10:30:23.791	937	2239	1362	2786	6679	6277	7072	8710	7978	859	29.76	1012.27	52.6	83894	AS7341	flash	5	100	999	10
2026-07-07T10:30:25.691	939	2234	1362	2792	6708	6311	7109	8739	8006	862	29.77	1012.24	52.48	84231	AS7341	flash	5	100	999	10
2026-07-07T10:30:27.706	940	2230	1363	2796	6721	6325	7127	8756	8020	863	29.77	1012.24	52.42	83559	AS7341	flash	5	100	999	10
2026-07-07T10:30:29.716	939	2231	1361	2794	6707	6311	7112	8744	8008	862	29.77	1012.22	52.6	83476	AS7341	flash	5	100	999	10
2026-07-07T10:30:31.728	938	2235	1363	2789	6691	6290	7088	8727	7989	861	29.77	1012.23	52.78	83559	AS7341	flash	5	100	999	10
2026-07-07T10:30:33.733	937	2240	1363	2784	6671	6267	7062	8706	7970	859	29.78	1012.21	52.8	83642	AS7341	flash	5	100	999	10
2026-07-07T10:30:35.752	937	2244	1362	2780	6658	6254	7045	8693	7959	858	29.78	1012.25	52.77	83642	AS7341	flash	5	100	999	10
2026-07-07T10:30:37.773	936	2244	1362	2778	6654	6250	7042	8688	7954	858	29.78	1012.23	52.77	83144	AS7341	flash	5	100	999	10
2026-07-07T10:30:39.683	937	2240	1362	2782	6672	6271	7065	8706	7972	859	29.79	1012.23	52.8	83978	AS7341	flash	5	100	999	10
2026-07-07T10:30:41.758	938	2235	1363	2788	6696	6297	7096	8732	7996	861	29.78	1012.23	52.86	83559	AS7341	flash	5	100	999	10
2026-07-07T10:30:43.764	939	2233	1363	2794	6709	6313	7115	8749	8010	863	29.78	1012.24	52.88	82979	AS7341	flash	5	100	999	10
2026-07-07T10:30:45.769	939	2233	1362	2794	6707	6310	7111	8745	8008	862	29.78	1012.23	52.91	83227	AS7341	flash	5	100	999	10
2026-07-07T10:30:47.681	938	2235	1363	2790	6692	6292	7089	8724	7991	861	29.79	1012.24	52.77	84147	AS7341	flash	5	100	999	10
2026-07-07T10:30:49.690	937	2240	1362	2786	6679	6276	7069	8706	7976	859	29.79	1012.22	52.5	83978	AS7341	flash	5	100	999	10
2026-07-07T10:30:51.712	937	2242	1362	2784	6669	6266	7056	8695	7967	859	29.79	1012.21	52.25	83810	AS7341	flash	5	100	999	10
2026-07-07T10:30:53.722	937	2243	1363	2783	6666	6262	7051	8693	7964	859	29.8	1012.21	52.25	83978	AS7341	flash	5	100	999	10
2026-07-07T10:30:55.738	936	2246	1363	2781	6658	6252	7040	8681	7955	857	29.79	1012.22	52.27	84231	AS7341	flash	5	100	999	10
2026-07-07T10:30:57.760	937	2246	1363	2782	6662	6255	7043	8684	7958	859	29.8	1012.24	52.14	84147	AS7341	flash	5	100	999	10
2026-07-07T10:30:59.671	936	2245	1363	2781	6658	6252	7039	8677	7953	858	29.81	1012.26	52.08	84316	AS7341	flash	5	100	999	10
2026-07-07T10:31:01.686	936	2246	1363	2781	6657	6251	7037	8677	7953	858	29.81	1012.27	52.02	84231	AS7341	flash	5	100	999	10
2026-07-07T10:31:03.708	937	2248	1364	2782	6654	6247	7033	8674	7951	858	29.81	1012.24	52.11	83810	AS7341	flash	5	100	999	10
2026-07-07T10:31:05.730	936	2248	1363	2780	6653	6245	7030	8670	7949	857	29.8	1012.22	52.12	83978	AS7341	flash	5	100	999	10
2026-07-07T10:31:07.741	936	2247	1365	2781	6656	6249	7034	8671	7951	858	29.82	1012.25	52.04	83810	AS7341	flash	5	100	999	10
2026-07-07T10:31:09.757	936	2247	1363	2782	6661	6254	7039	8675	7955	858	29.82	1012.23	51.9	84657	AS7341	flash	5	100	999	10
2026-07-07T10:31:11.766	942	2222	1362	2812	6834	6452	7265	8865	8130	873	29.82	1012.26	51.89	84401	AS7341	flash	5	100	999	10
2026-07-07T10:31:13.777	960	2171	1365	2890	7097	6763	7622	9139	8399	897	29.82	1012.27	52.37	83062	AS7341	flash	5	100	999	10
2026-07-07T10:31:15.691	964	2160	1366	2907	7143	6818	7684	9192	8448	902	29.84	1012.25	52.74	83476	AS7341	flash	5	100	999	10
2026-07-07T10:31:17.704	964	2162	1365	2905	7133	6802	7665	9186	8437	901	29.83	1012.26	52.81	83310	AS7341	flash	5	100	999	10
2026-07-07T10:31:19.714	962	2166	1365	2897	7098	6758	7616	9153	8400	897	29.83	1012.28	52.73	83476	AS7341	flash	5	100	999	10
2026-07-07T10:31:21.740	959	2172	1364	2888	7059	6708	7559	9112	8358	894	29.83	1012.21	52.58	83810	AS7341	flash	5	100	999	10
2026-07-07T10:31:23.757	957	2176	1363	2878	7021	6664	7510	9075	8321	891	29.83	1012.26	52.42	83642	AS7341	flash	5	100	999	10
2026-07-07T10:31:25.779	956	2181	1363	2872	6997	6633	7475	9053	8296	889	29.84	1012.24	52.46	83810	AS7341	flash	5	100	999	10
2026-07-07T10:31:27.685	955	2181	1363	2871	7001	6639	7480	9056	8301	889	29.85	1012.27	52.53	84062	AS7341	flash	5	100	999	10
2026-07-07T10:31:29.705	956	2177	1363	2874	7022	6663	7508	9079	8322	891	29.84	1012.23	52.49	83810	AS7341	flash	5	100	999	10
2026-07-07T10:31:31.716	958	2173	1364	2883	7051	6699	7548	9112	8354	894	29.85	1012.24	52.54	83559	AS7341	flash	5	100	999	10
2026-07-07T10:31:33.734	960	2168	1364	2890	7076	6726	7582	9140	8380	896	29.85	1012.24	52.72	83310	AS7341	flash	5	100	999	10
2026-07-07T10:31:35.744	960	2168	1364	2893	7084	6737	7592	9150	8388	897	29.86	1012.25	52.89	83393	AS7341	flash	5	100	999	10
2026-07-07T10:31:37.762	961	2169	1365	2895	7085	6737	7593	9152	8390	897	29.86	1012.25	52.84	83227	AS7341	flash	5	100	999	10
2026-07-07T10:31:39.781	960	2169	1364	2893	7082	6732	7586	9148	8384	897	29.86	1012.21	52.71	83559	AS7341	flash	5	100	999	10
2026-07-07T10:31:41.681	959	2170	1364	2888	7061	6707	7559	9125	8363	895	29.88	1012.22	52.63	83476	AS7341	flash	5	100	999	10
2026-07-07T10:31:43.687	957	2175	1363	2880	7029	6668	7514	9090	8329	892	29.87	1012.24	52.51	83810	AS7341	flash	5	100	999	10
2026-07-07T10:31:45.704	955	2181	1363	2871	6990	6623	7460	9048	8290	888	29.87	1012.3	52.35	83894	AS7341	flash	5	100	999	10
2026-07-07T10:31:47.718	953	2185	1362	2863	6962	6590	7423	9019	8260	885	29.86	1012.28	52.18	83894	AS7341	flash	5	100	999	10
2026-07-07T10:31:49.743	952	2187	1362	2859	6952	6578	7410	9010	8250	884	29.86	1012.24	52.16	83642	AS7341	flash	5	100	999	10
2026-07-07T10:31:51.767	952	2189	1362	2857	6937	6562	7391	8994	8235	883	29.87	1012.23	52.29	83476	AS7341	flash	5	100	999	10
2026-07-07T10:31:53.783	950	2194	1362	2850	6912	6531	7356	8964	8208	881	29.85	1012.23	52.27	83642	AS7341	flash	5	100	999	10
2026-07-07T10:31:55.696	949	2198	1362	2843	6884	6499	7318	8931	8178	878	29.87	1012.21	52.06	84572	AS7341	flash	5	100	999	10
2026-07-07T10:31:57.706	947	2203	1362	2838	6864	6476	7290	8906	8158	876	29.86	1012.19	51.81	84743	AS7341	flash	5	100	999	10
2026-07-07T10:31:59.735	947	2203	1362	2839	6873	6486	7301	8913	8166	877	29.86	1012.2	51.61	84316	AS7341	flash	5	100	999	10
2026-07-07T10:32:01.764	949	2200	1363	2845	6892	6508	7325	8931	8185	879	29.86	1012.22	51.46	84486	AS7341	flash	5	100	999	10
2026-07-07T10:32:03.788	949	2200	1363	2846	6894	6510	7326	8931	8186	879	29.86	1012.23	51.39	84316	AS7341	flash	5	100	999	10
2026-07-07T10:32:05.699	948	2202	1362	2841	6872	6486	7298	8906	8163	877	29.87	1012.22	51.33	85260	AS7341	flash	5	100	999	10
2026-07-07T10:32:07.722	947	2206	1363	2837	6853	6464	7274	8888	8145	875	29.86	1012.23	51.29	84743	AS7341	flash	5	100	999	10
2026-07-07T10:32:09.740	946	2209	1362	2832	6838	6446	7253	8871	8130	874	29.86	1012.22	51.36	84316	AS7341	flash	5	100	999	10
2026-07-07T10:32:11.762	945	2212	1363	2828	6826	6431	7236	8856	8116	873	29.85	1012.24	51.36	84572	AS7341	flash	5	100	999	10
2026-07-07T10:32:13.778	944	2213	1362	2824	6811	6416	7218	8843	8103	871	29.85	1012.23	51.32	84231	AS7341	flash	5	100	999	10
2026-07-07T10:32:15.796	944	2216	1362	2821	6797	6400	7202	8830	8089	870	29.85	1012.24	51.45	83978	AS7341	flash	5	100	999	10
2026-07-07T10:32:17.703	943	2218	1363	2817	6785	6388	7187	8816	8077	869	29.86	1012.28	51.59	85001	AS7341	flash	5	100	999	10
2026-07-07T10:32:19.719	943	2221	1363	2816	6779	6378	7177	8808	8071	869	29.84	1012.2	51.57	84657	AS7341	flash	5	100	999	10
2026-07-07T10:32:21.729	942	2224	1363	2813	6771	6368	7164	8797	8062	868	29.84	1012.22	51.56	84147	AS7341	flash	5	100	999	10
2026-07-07T10:32:23.748	941	2225	1363	2810	6757	6355	7150	8784	8049	867	29.85	1012.27	51.48	84829	AS7341	flash	5	100	999	10
2026-07-07T10:32:25.764	941	2227	1363	2808	6748	6345	7138	8774	8040	866	29.84	1012.23	51.54	84657	AS7341	flash	5	100	999	10
2026-07-07T10:32:27.788	941	2230	1363	2806	6739	6335	7126	8763	8031	865	29.84	1012.25	51.55	84657	AS7341	flash	5	100	999	10
2026-07-07T10:32:29.707	940	2231	1363	2802	6728	6322	7111	8749	8019	864	29.85	1012.22	51.48	85609	AS7341	flash	5	100	999	10
2026-07-07T10:32:31.718	939	2234	1363	2799	6716	6308	7094	8732	8006	863	29.83	1012.24	51.34	84657	AS7341	flash	5	100	999	10
2026-07-07T10:32:33.732	939	2237	1364	2797	6709	6300	7085	8725	7999	862	29.83	1012.22	51.2	85174	AS7341	flash	5	100	999	10
2026-07-07T10:32:35.756	939	2239	1364	2797	6704	6295	7079	8721	7995	862	29.83	1012.23	51.22	85087	AS7341	flash	5	100	999	10
2026-07-07T10:32:37.779	938	2240	1364	2794	6696	6286	7069	8711	7987	861	29.83	1012.21	51.26	84829	AS7341	flash	5	100	999	10
2026-07-07T10:32:39.700	938	2240	1364	2792	6693	6283	7066	8707	7985	861	29.84	1012.22	51.19	85522	AS7341	flash	5	100	999	10
2026-07-07T10:32:41.728	938	2241	1364	2792	6689	6279	7061	8703	7980	860	29.83	1012.23	51.21	85087	AS7341	flash	5	100	999	10
2026-07-07T10:32:43.759	938	2242	1364	2792	6687	6277	7060	8702	7979	860	29.83	1012.23	51.27	85001	AS7341	flash	5	100	999	10
2026-07-07T10:32:45.770	938	2243	1364	2790	6680	6270	7052	8695	7972	859	29.83	1012.22	51.44	84915	AS7341	flash	5	100	999	10
2026-07-07T10:32:47.800	937	2245	1364	2788	6673	6262	7041	8686	7964	859	29.82	1012.23	51.44	85174	AS7341	flash	5	100	999	10
2026-07-07T10:32:49.709	937	2247	1364	2786	6666	6254	7033	8677	7958	858	29.83	1012.23	51.35	85087	AS7341	flash	5	100	999	10
2026-07-07T10:32:51.736	937	2248	1364	2785	6662	6248	7026	8669	7953	858	29.82	1012.25	51.26	85347	AS7341	flash	5	100	999	10
2026-07-07T10:32:53.755	937	2249	1364	2784	6658	6245	7022	8667	7949	857	29.83	1012.22	51.18	85434	AS7341	flash	5	100	999	10
2026-07-07T10:32:55.770	936	2250	1364	2783	6656	6242	7019	8664	7947	857	29.82	1012.26	51.17	85174	AS7341	flash	5	100	999	10
2026-07-07T10:32:57.794	936	2251	1365	2783	6656	6242	7018	8661	7946	857	29.82	1012.24	51.13	85347	AS7341	flash	5	100	999	10
2026-07-07T10:32:59.711	939	2236	1364	2799	6730	6328	7113	8734	8018	864	29.82	1012.25	50.98	86404	AS7341	flash	5	100	999	10
2026-07-07T10:33:01.728	944	2219	1363	2822	6813	6424	7223	8822	8100	871	29.81	1012.22	50.85	85784	AS7341	flash	5	100	999	10
2026-07-07T10:33:03.744	945	2214	1364	2829	6829	6441	7242	8836	8115	872	29.82	1012.2	50.76	86049	AS7341	flash	5	100	999	10
2026-07-07T10:33:05.767	945	2216	1363	2826	6819	6428	7227	8827	8105	872	29.82	1012.25	50.66	85784	AS7341	flash	5	100	999	10
2026-07-07T10:33:07.787	944	2219	1364	2823	6804	6410	7206	8811	8090	870	29.81	1012.22	50.59	85434	AS7341	flash	5	100	999	10
2026-07-07T10:33:09.703	943	2222	1364	2819	6789	6393	7185	8795	8075	869	29.82	1012.23	50.59	86493	AS7341	flash	5	100	999	10
2026-07-07T10:33:11.720	943	2223	1363	2818	6786	6389	7180	8791	8072	869	29.81	1012.24	50.53	86226	AS7341	flash	5	100	999	10
2026-07-07T10:33:13.733	943	2222	1364	2820	6791	6394	7187	8796	8078	869	29.81	1012.24	50.48	85872	AS7341	flash	5	100	999	10
2026-07-07T10:33:15.744	943	2222	1364	2820	6792	6396	7188	8798	8079	869	29.8	1012.23	50.47	85697	AS7341	flash	5	100	999	10
2026-07-07T10:33:17.765	943	2223	1364	2820	6789	6392	7183	8794	8075	869	29.81	1012.23	50.52	85960	AS7341	flash	5	100	999	10
2026-07-07T10:33:19.788	943	2222	1363	2820	6793	6396	7188	8798	8079	869	29.8	1012.22	50.54	85872	AS7341	flash	5	100	999	10
2026-07-07T10:33:21.706	945	2215	1363	2829	6830	6440	7237	8835	8116	872	29.81	1012.22	50.46	86315	AS7341	flash	5	100	999	10
2026-07-07T10:33:23.731	946	2211	1363	2836	6856	6468	7268	8859	8140	875	29.8	1012.23	50.39	86493	AS7341	flash	5	100	999	10
2026-07-07T10:33:25.755	947	2210	1363	2839	6860	6473	7272	8864	8145	875	29.8	1012.24	50.27	86404	AS7341	flash	5	100	999	10
2026-07-07T10:33:27.779	947	2211	1363	2837	6850	6460	7258	8852	8134	874	29.8	1012.27	50.18	86137	AS7341	flash	5	100	999	10
2026-07-07T10:33:29.699	946	2214	1364	2832	6832	6439	7234	8833	8116	872	29.8	1012.22	50.12	87123	AS7341	flash	5	100	999	10
2026-07-07T10:33:31.713	944	2217	1363	2827	6815	6418	7210	8816	8098	871	29.79	1012.24	50.1	86583	AS7341	flash	5	100	999	10
2026-07-07T10:33:33.728	947	2209	1363	2840	6878	6492	7293	8884	8162	877	29.79	1012.22	50.11	86583	AS7341	flash	5	100	999	10
2026-07-07T10:33:35.742	951	2195	1364	2859	6947	6574	7389	8960	8234	883	29.79	1012.26	50.29	85872	AS7341	flash	5	100	999	10
2026-07-07T10:33:37.758	953	2192	1364	2864	6960	6589	7406	8975	8247	884	29.79	1012.22	50.57	85872	AS7341	flash	5	100	999	10
2026-07-07T10:33:39.782	951	2195	1364	2859	6937	6560	7373	8951	8224	882	29.78	1012.22	50.68	86226	AS7341	flash	5	100	999	10
2026-07-07T10:33:41.800	950	2200	1363	2851	6906	6523	7331	8920	8192	879	29.78	1012.22	50.55	86583	AS7341	flash	5	100	999	10
2026-07-07T10:33:43.707	948	2204	1363	2843	6877	6491	7295	8893	8164	877	29.78	1012.23	50.52	86762	AS7341	flash	5	100	999	10
2026-07-07T10:33:45.731	947	2208	1363	2838	6860	6471	7274	8879	8149	876	29.77	1012.27	50.71	86404	AS7341	flash	5	100	999	10
2026-07-07T10:33:47.753	946	2211	1363	2833	6843	6450	7251	8862	8131	874	29.77	1012.23	50.85	85522	AS7341	flash	5	100	999	10
2026-07-07T10:33:49.765	946	2215	1363	2830	6826	6431	7231	8846	8116	873	29.76	1012.24	50.97	85960	AS7341	flash	5	100	999	10
2026-07-07T10:33:51.782	944	2217	1363	2825	6811	6413	7210	8829	8100	871	29.76	1012.22	51.04	85522	AS7341	flash	5	100	999	10
2026-07-07T10:33:53.801	944	2220	1363	2821	6796	6397	7191	8814	8085	870	29.76	1012.22	51.02	86049	AS7341	flash	5	100	999	10
2026-07-07T10:33:55.708	943	2222	1363	2818	6783	6383	7175	8799	8072	869	29.77	1012.25	51.0	86315	AS7341	flash	5	100	999	10
2026-07-07T10:33:57.725	942	2225	1363	2814	6771	6369	7160	8787	8060	868	29.75	1012.2	51.01	86315	AS7341	flash	5	100	999	10
2026-07-07T10:33:59.741	942	2227	1363	2812	6760	6356	7146	8777	8050	867	29.74	1012.21	51.09	85872	AS7341	flash	5	100	999	10
2026-07-07T10:34:01.769	941	2230	1363	2809	6744	6340	7128	8760	8033	865	29.74	1012.22	51.13	86137	AS7341	flash	5	100	999	10
2026-07-07T10:34:03.799	940	2232	1363	2804	6733	6326	7113	8748	8022	864	29.74	1012.22	51.13	85960	AS7341	flash	5	100	999	10
2026-07-07T10:34:05.719	939	2234	1363	2800	6721	6314	7099	8736	8011	863	29.75	1012.21	51.07	86315	AS7341	flash	5	100	999	10
2026-07-07T10:34:07.749	939	2237	1363	2798	6710	6302	7087	8727	8001	862	29.74	1012.17	51.16	85522	AS7341	flash	5	100	999	10
2026-07-07T10:34:09.769	939	2239	1364	2796	6701	6291	7075	8716	7991	861	29.73	1012.2	51.29	85347	AS7341	flash	5	100	999	10
2026-07-07T10:34:11.793	938	2241	1364	2794	6694	6283	7063	8704	7983	861	29.72	1012.21	51.26	85697	AS7341	flash	5	100	999	10
2026-07-07T10:34:13.707	938	2243	1364	2791	6684	6272	7050	8689	7972	860	29.73	1012.21	50.99	86226	AS7341	flash	5	100	999	10
2026-07-07T10:34:15.728	938	2245	1364	2790	6679	6266	7044	8686	7968	859	29.72	1012.19	50.85	86404	AS7341	flash	5	100	999	10
2026-07-07T10:34:17.751	937	2246	1364	2788	6672	6259	7036	8680	7961	859	29.72	1012.17	50.87	85960	AS7341	flash	5	100	999	10
2026-07-07T10:34:19.765	937	2247	1364	2786	6666	6252	7030	8676	7956	858	29.72	1012.21	50.97	85697	AS7341	flash	5	100	999	10
2026-07-07T10:34:21.783	937	2248	1364	2784	6660	6247	7023	8670	7951	858	29.71	1012.19	51.16	85960	AS7341	flash	5	100	999	10
2026-07-07T10:34:23.802	936	2250	1364	2783	6655	6241	7016	8661	7944	857	29.7	1012.15	51.2	85697	AS7341	flash	5	100	999	10
2026-07-07T10:34:25.714	936	2251	1364	2782	6653	6238	7012	8656	7942	857	29.7	1012.16	51.07	86583	AS7341	flash	5	100	999	10
2026-07-07T10:34:27.724	936	2252	1365	2782	6649	6234	7008	8651	7938	856	29.7	1012.2	50.95	86315	AS7341	flash	5	100	999	10
2026-07-07T10:34:29.741	936	2253	1364	2781	6647	6232	7004	8647	7936	856	29.68	1012.19	50.87	86672	AS7341	flash	5	100	999	10
2026-07-07T10:34:31.768	936	2254	1365	2781	6645	6228	6999	8641	7932	856	29.68	1012.21	50.73	86226	AS7341	flash	5	100	999	10
2026-07-07T10:34:33.786	936	2255	1365	2780	6643	6226	6997	8640	7930	856	29.68	1012.18	50.53	86762	AS7341	flash	5	100	999	10
2026-07-07T10:34:35.699	935	2253	1364	2779	6643	6227	6999	8641	7930	856	29.68	1012.17	50.57	86672	AS7341	flash	5	100	999	10
2026-07-07T10:34:37.726	937	2247	1364	2787	6677	6266	7043	8676	7964	859	29.67	1012.21	50.74	86583	AS7341	flash	5	100	999	10
2026-07-07T10:34:39.743	939	2240	1364	2797	6714	6309	7090	8714	8000	862	29.67	1012.17	50.71	87032	AS7341	flash	5	100	999	10
2026-07-07T10:34:41.761	940	2236	1364	2802	6730	6327	7110	8727	8015	864	29.66	1012.18	50.6	86404	AS7341	flash	5	100	999	10
2026-07-07T10:34:43.787	941	2235	1364	2805	6737	6334	7118	8734	8022	864	29.66	1012.2	50.45	86942	AS7341	flash	5	100	999	10
2026-07-07T10:34:45.704	940	2235	1364	2804	6733	6329	7112	8728	8016	864	29.67	1012.19	50.32	87305	AS7341	flash	5	100	999	10
2026-07-07T10:34:47.729	940	2237	1364	2803	6727	6321	7102	8719	8010	863	29.66	1012.19	50.21	87214	AS7341	flash	5	100	999	10
2026-07-07T10:34:49.745	940	2239	1364	2802	6722	6315	7094	8714	8005	863	29.65	1012.18	50.14	87487	AS7341	flash	5	100	999	10
2026-07-07T10:34:51.754	939	2239	1364	2800	6715	6306	7085	8705	7997	862	29.65	1012.17	50.07	87032	AS7341	flash	5	100	999	10
2026-07-07T10:34:53.765	939	2240	1364	2798	6711	6302	7080	8703	7994	862	29.65	1012.19	50.08	87032	AS7341	flash	5	100	999	10
2026-07-07T10:34:55.791	939	2241	1364	2798	6708	6299	7077	8701	7992	861	29.64	1012.21	50.15	87123	AS7341	flash	5	100	999	10
2026-07-07T10:34:57.700	939	2241	1364	2797	6705	6296	7073	8696	7988	861	29.65	1012.2	50.21	87487	AS7341	flash	5	100	999	10
2026-07-07T10:34:59.717	939	2241	1364	2798	6706	6298	7073	8695	7989	861	29.64	1012.19	50.23	87854	AS7341	flash	5	100	999	10
2026-07-07T10:35:01.734	939	2241	1364	2797	6706	6298	7073	8694	7989	861	29.64	1012.22	50.17	87487	AS7341	flash	5	100	999	10
2026-07-07T10:35:03.762	939	2242	1364	2798	6706	6297	7071	8692	7987	861	29.63	1012.22	50.07	87032	AS7341	flash	5	100	999	10
2026-07-07T10:35:05.781	938	2242	1364	2797	6704	6294	7067	8689	7986	861	29.63	1012.17	49.94	87032	AS7341	flash	5	100	999	10
2026-07-07T10:35:07.702	938	2243	1364	2796	6700	6288	7060	8681	7980	860	29.63	1012.16	49.86	87854	AS7341	flash	5	100	999	10
2026-07-07T10:35:09.733	939	2246	1365	2797	6700	6289	7061	8683	7982	861	29.62	1012.21	49.81	87487	AS7341	flash	5	100	999	10
2026-07-07T10:35:11.761	939	2245	1365	2797	6700	6289	7061	8683	7980	861	29.62	1012.16	49.79	87854	AS7341	flash	5	100	999	10
2026-07-07T10:35:13.779	939	2244	1364	2797	6702	6292	7064	8683	7983	861	29.61	1012.17	49.82	87487	AS7341	flash	5	100	999	10
2026-07-07T10:35:15.795	939	2243	1364	2798	6707	6297	7070	8688	7988	861	29.61	1012.17	49.81	87670	AS7341	flash	5	100	999	10
2026-07-07T10:35:17.702	939	2242	1364	2798	6710	6300	7073	8692	7990	861	29.62	1012.18	49.79	87946	AS7341	flash	5	100	999	10
2026-07-07T10:35:19.728	939	2242	1364	2800	6714	6305	7078	8696	7994	862	29.61	1012.16	49.77	88131	AS7341	flash	5	100	999	10
2026-07-07T10:35:21.755	939	2241	1364	2801	6713	6304	7077	8694	7993	861	29.61	1012.19	49.81	87670	AS7341	flash	5	100	999	10
2026-07-07T10:35:23.776	939	2242	1364	2800	6711	6302	7074	8692	7992	861	29.6	1012.16	49.82	87762	AS7341	flash	5	100	999	10
2026-07-07T10:35:25.787	939	2243	1364	2799	6709	6298	7070	8690	7989	861	29.6	1012.17	49.8	87854	AS7341	flash	5	100	999	10
2026-07-07T10:35:27.698	938	2243	1364	2797	6703	6292	7063	8682	7983	861	29.6	1012.16	49.77	88411	AS7341	flash	5	100	999	10
2026-07-07T10:35:29.721	938	2243	1364	2796	6703	6292	7064	8684	7983	861	29.59	1012.17	49.74	88224	AS7341	flash	5	100	999	10
2026-07-07T10:35:31.736	939	2244	1365	2798	6704	6293	7065	8685	7984	861	29.59	1012.17	49.82	88317	AS7341	flash	5	100	999	10
2026-07-07T10:35:33.751	939	2244	1365	2797	6704	6292	7064	8684	7984	861	29.59	1012.16	49.84	88039	AS7341	flash	5	100	999	10
2026-07-07T10:35:35.768	939	2246	1365	2798	6702	6291	7062	8682	7983	861	29.58	1012.14	49.8	87854	AS7341	flash	5	100	999	10
2026-07-07T10:35:37.793	939	2246	1365	2798	6701	6289	7059	8679	7981	860	29.58	1012.12	49.76	88224	AS7341	flash	5	100	999	10
2026-07-07T10:35:39.703	938	2245	1364	2795	6695	6283	7052	8673	7974	860	29.59	1012.15	49.72	88598	AS7341	flash	5	100	999	10
2026-07-07T10:35:41.719	938	2245	1365	2795	6696	6284	7055	8680	7978	860	29.58	1012.14	49.83	87854	AS7341	flash	5	100	999	10
2026-07-07T10:35:43.747	938	2246	1365	2795	6695	6283	7055	8679	7977	860	29.57	1012.14	50.04	87578	AS7341	flash	5	100	999	10
2026-07-07T10:35:45.772	938	2246	1364	2795	6695	6283	7055	8680	7976	860	29.57	1012.15	50.08	87762	AS7341	flash	5	100	999	10
2026-07-07T10:35:47.801	938	2246	1365	2796	6697	6286	7058	8682	7979	860	29.57	1012.13	50.11	87123	AS7341	flash	5	100	999	10
2026-07-07T10:35:49.718	938	2245	1364	2795	6696	6285	7057	8680	7977	860	29.57	1012.13	50.09	88224	AS7341	flash	5	100	999	10
2026-07-07T10:35:51.744	938	2245	1364	2795	6699	6287	7059	8682	7980	860	29.56	1012.13	50.03	88039	AS7341	flash	5	100	999	10
2026-07-07T10:35:53.761	938	2245	1364	2795	6694	6282	7053	8674	7975	860	29.56	1012.15	49.91	88411	AS7341	flash	5	100	999	10
2026-07-07T10:35:55.787	938	2246	1364	2794	6694	6281	7051	8674	7974	860	29.56	1012.16	49.82	88039	AS7341	flash	5	100	999	10
2026-07-07T10:35:57.801	938	2246	1364	2795	6692	6279	7049	8672	7971	860	29.55	1012.14	49.73	88131	AS7341	flash	5	100	999	10
2026-07-07T10:35:59.705	938	2246	1365	2794	6691	6280	7050	8674	7972	860	29.55	1012.12	49.72	88411	AS7341	flash	5	100	999	10
2026-07-07T10:36:01.721	938	2246	1364	2793	6691	6280	7052	8678	7974	860	29.56	1012.16	49.93	88224	AS7341	flash	5	100	999	10
2026-07-07T10:36:03.744	938	2246	1364	2794	6692	6280	7053	8679	7974	860	29.55	1012.14	50.19	87854	AS7341	flash	5	100	999	10
2026-07-07T10:36:05.762	938	2247	1365	2794	6691	6280	7053	8678	7974	860	29.54	1012.13	50.25	87762	AS7341	flash	5	100	999	10
2026-07-07T10:36:07.778	938	2246	1364	2794	6690	6279	7051	8676	7972	860	29.54	1012.13	50.2	87762	AS7341	flash	5	100	999	10
2026-07-07T10:36:09.795	938	2247	1364	2793	6687	6275	7047	8672	7968	859	29.53	1012.14	50.16	87670	AS7341	flash	5	100	999	10
2026-07-07T10:36:11.697	937	2247	1364	2791	6682	6270	7040	8666	7963	859	29.55	1012.16	50.07	88598	AS7341	flash	5	100	999	10
2026-07-07T10:36:13.721	938	2248	1365	2791	6683	6270	7042	8668	7965	859	29.53	1012.13	49.98	88317	AS7341	flash	5	100	999	10
2026-07-07T10:36:15.745	938	2248	1364	2791	6682	6270	7043	8670	7965	859	29.53	1012.13	50.14	88039	AS7341	flash	5	100	999	10
2026-07-07T10:36:17.761	938	2247	1364	2791	6685	6273	7046	8674	7968	859	29.53	1012.12	50.29	87670	AS7341	flash	5	100	999	10
2026-07-07T10:36:19.777	938	2246	1364	2793	6689	6279	7053	8677	7972	860	29.52	1012.12	50.28	88039	AS7341	flash	5	100	999	10
2026-07-07T10:36:21.794	938	2245	1364	2794	6693	6283	7057	8683	7976	860	29.52	1012.17	50.23	87670	AS7341	flash	5	100	999	10
2026-07-07T10:36:23.708	938	2244	1364	2793	6694	6285	7063	8690	7980	860	29.52	1012.14	50.35	88224	AS7341	flash	5	100	999	10
2026-07-07T10:36:25.734	939	2244	1364	2794	6696	6289	7069	8698	7984	861	29.51	1012.16	50.66	87305	AS7341	flash	5	100	999	10
2026-07-07T10:36:27.760	939	2242	1364	2794	6700	6294	7076	8707	7988	861	29.51	1012.12	50.96	86762	AS7341	flash	5	100	999	10
2026-07-07T10:36:29.784	939	2242	1364	2795	6703	6297	7080	8710	7991	862	29.51	1012.16	51.16	87032	AS7341	flash	5	100	999	10
2026-07-07T10:36:31.802	939	2242	1364	2796	6706	6299	7081	8710	7993	862	29.5	1012.13	51.19	86942	AS7341	flash	5	100	999	10
2026-07-07T10:36:33.709	939	2240	1364	2794	6704	6298	7082	8709	7992	862	29.5	1012.14	51.05	87854	AS7341	flash	5	100	999	10
2026-07-07T10:36:35.718	939	2241	1364	2796	6708	6302	7086	8717	7996	862	29.49	1012.14	51.01	87670	AS7341	flash	5	100	999	10
2026-07-07T10:36:37.743	939	2240	1364	2795	6707	6302	7088	8719	7997	862	29.49	1012.13	51.1	87487	AS7341	flash	5	100	999	10
2026-07-07T10:36:39.765	939	2239	1363	2795	6708	6303	7090	8722	7998	862	29.49	1012.13	51.22	86583	AS7341	flash	5	100	999	10
2026-07-07T10:36:41.787	939	2239	1363	2795	6709	6305	7092	8725	7999	863	29.48	1012.19	51.28	86942	AS7341	flash	5	100	999	10
2026-07-07T10:36:43.810	939	2238	1363	2794	6707	6303	7091	8723	7997	862	29.48	1012.15	51.3	86583	AS7341	flash	5	100	999	10
2026-07-07T10:36:45.716	939	2239	1364	2795	6706	6302	7090	8722	7995	862	29.48	1012.13	51.38	87487	AS7341	flash	5	100	999	10
2026-07-07T10:36:47.736	940	2240	1364	2795	6706	6302	7090	8724	7997	862	29.47	1012.13	51.41	87305	AS7341	flash	5	100	999	10
2026-07-07T10:36:49.758	939	2239	1363	2794	6705	6301	7090	8724	7996	862	29.46	1012.13	51.37	87123	AS7341	flash	5	100	999	10
2026-07-07T10:36:51.774	939	2239	1363	2794	6705	6301	7090	8726	7996	862	29.46	1012.18	51.43	86942	AS7341	flash	5	100	999	10
2026-07-07T10:36:53.801	939	2239	1364	2795	6709	6305	7095	8730	8000	863	29.45	1012.19	51.44	86672	AS7341	flash	5	100	999	10
2026-07-07T10:36:55.819	940	2238	1363	2796	6709	6306	7096	8729	8000	862	29.44	1012.18	51.37	86762	AS7341	flash	5	100	999	10
2026-07-07T10:36:57.727	939	2237	1363	2795	6709	6307	7096	8729	8000	862	29.46	1012.17	51.3	87032	AS7341	flash	5	100	999	10
2026-07-07T10:36:59.741	940	2238	1363	2796	6713	6310	7100	8731	8003	863	29.44	1012.14	51.27	87123	AS7341	flash	5	100	999	10
2026-07-07T10:37:01.770	940	2237	1363	2796	6718	6315	7106	8738	8009	863	29.44	1012.18	51.19	87032	AS7341	flash	5	100	999	10
2026-07-07T10:37:03.779	940	2236	1363	2797	6717	6316	7107	8740	8009	863	29.43	1012.16	51.26	86942	AS7341	flash	5	100	999	10
2026-07-07T10:37:05.797	940	2236	1363	2798	6720	6319	7112	8744	8012	863	29.44	1012.18	51.36	86583	AS7341	flash	5	100	999	10
2026-07-07T10:37:07.808	940	2235	1363	2798	6723	6322	7115	8747	8015	864	29.43	1012.17	51.46	86762	AS7341	flash	5	100	999	10
2026-07-07T10:37:09.728	940	2235	1364	2798	6723	6321	7114	8746	8014	864	29.43	1012.15	51.44	87487	AS7341	flash	5	100	999	10
2026-07-07T10:37:11.752	940	2235	1363	2798	6721	6320	7112	8744	8012	864	29.42	1012.16	51.36	87123	AS7341	flash	5	100	999	10
2026-07-07T10:37:13.761	940	2235	1363	2798	6721	6319	7111	8742	8011	864	29.42	1012.16	51.21	87123	AS7341	flash	5	100	999	10
2026-07-07T10:37:15.776	940	2234	1363	2799	6729	6329	7121	8748	8019	864	29.42	1012.17	51.09	87305	AS7341	flash	5	100	999	10
2026-07-07T10:37:17.802	941	2231	1363	2803	6744	6345	7140	8766	8034	866	29.41	1012.19	51.0	87214	AS7341	flash	5	100	999	10
2026-07-07T10:37:19.714	941	2228	1363	2806	6754	6357	7154	8777	8044	867	29.43	1012.19	51.06	87487	AS7341	flash	5	100	999	10
2026-07-07T10:37:21.720	942	2227	1363	2809	6765	6370	7168	8789	8056	868	29.41	1012.2	51.12	88224	AS7341	flash	5	100	999	10
2026-07-07T10:37:23.748	942	2225	1363	2810	6769	6375	7175	8796	8060	868	29.41	1012.11	51.08	87305	AS7341	flash	5	100	999	10
2026-07-07T10:37:25.766	943	2225	1363	2810	6773	6378	7179	8802	8064	869	29.41	1012.16	51.25	86942	AS7341	flash	5	100	999	10
2026-07-07T10:37:27.794	943	2225	1363	2810	6767	6372	7172	8795	8058	868	29.4	1012.21	51.41	86852	AS7341	flash	5	100	999	10
2026-07-07T10:37:29.812	942	2228	1363	2809	6762	6365	7163	8788	8053	867	29.4	1012.17	51.35	87032	AS7341	flash	5	100	999	10
2026-07-07T10:37:31.732	942	2227	1363	2807	6754	6357	7154	8780	8045	867	29.41	1012.16	51.14	87762	AS7341	flash	5	100	999	10
2026-07-07T10:37:33.745	942	2229	1363	2807	6753	6355	7153	8779	8044	867	29.4	1012.14	51.08	87762	AS7341	flash	5	100	999	10
2026-07-07T10:37:35.768	942	2226	1363	2810	6776	6382	7184	8809	8068	869	29.4	1012.18	51.15	87123	AS7341	flash	5	100	999	10
2026-07-07T10:37:37.790	945	2217	1363	2821	6810	6423	7232	8847	8103	872	29.39	1012.16	51.47	86852	AS7341	flash	5	100	999	10
2026-07-07T10:37:39.804	945	2216	1363	2822	6813	6426	7236	8850	8106	872	29.39	1012.11	51.59	86762	AS7341	flash	5	100	999	10
2026-07-07T10:37:41.778	945	2215	1362	2820	6806	6419	7229	8848	8101	872	29.4	1012.16	51.68	87578	AS7341	flash	5	100	999	10
2026-07-07T10:37:43.778	945	2218	1363	2818	6800	6411	7221	8844	8096	871	29.39	1012.15	51.87	86942	AS7341	flash	5	100	999	10
2026-07-07T10:37:45.800	944	2220	1363	2815	6789	6399	7208	8835	8085	870	29.38	1012.14	51.93	86583	AS7341	flash	5	100	999	10
2026-07-07T10:37:47.810	943	2221	1362	2812	6778	6386	7193	8823	8074	869	29.39	1012.15	51.98	86762	AS7341	flash	5	100	999	10
2026-07-07T10:37:49.712	943	2222	1362	2811	6775	6382	7188	8818	8071	869	29.39	1012.15	51.95	86852	AS7341	flash	5	100	999	10
2026-07-07T10:37:51.727	943	2223	1363	2811	6773	6378	7183	8811	8066	869	29.38	1012.15	51.75	87214	AS7341	flash	5	100	999	10
2026-07-07T10:37:53.748	943	2224	1363	2811	6769	6375	7178	8806	8063	868	29.38	1012.16	51.45	87214	AS7341	flash	5	100	999	10
2026-07-07T10:37:55.763	943	2225	1363	2809	6766	6370	7173	8805	8059	868	29.38	1012.13	51.33	86942	AS7341	flash	5	100	999	10
2026-07-07T10:37:57.774	942	2224	1363	2808	6764	6369	7174	8806	8059	868	29.37	1012.12	51.44	86942	AS7341	flash	5	100	999	10
2026-07-07T10:37:59.791	943	2224	1362	2808	6765	6370	7175	8809	8061	868	29.37	1012.18	51.66	86942	AS7341	flash	5	100	999	10
2026-07-07T10:38:01.806	942	2225	1362	2807	6760	6365	7169	8804	8055	868	29.37	1012.14	51.79	86762	AS7341	flash	5	100	999	10
2026-07-07T10:38:03.708	942	2226	1363	2805	6755	6360	7164	8800	8052	867	29.37	1012.15	51.8	87214	AS7341	flash	5	100	999	10
2026-07-07T10:38:05.727	942	2228	1363	2805	6751	6354	7157	8793	8047	867	29.37	1012.16	51.76	87032	AS7341	flash	5	100	999	10
2026-07-07T10:38:07.746	941	2228	1363	2803	6745	6347	7148	8784	8039	866	29.36	1012.16	51.64	87214	AS7341	flash	5	100	999	10
2026-07-07T10:38:09.820	942	2230	1363	2802	6742	6344	7146	8784	8038	866	29.35	1012.18	51.54	87032	AS7341	flash	5	100	999	10
2026-07-07T10:38:11.719	941	2230	1363	2802	6739	6340	7141	8779	8034	866	29.36	1012.13	51.58	86942	AS7341	flash	5	100	999	10
2026-07-07T10:38:13.724	941	2231	1363	2801	6738	6340	7141	8780	8034	866	29.36	1012.16	51.58	86942	AS7341	flash	5	100	999	10
2026-07-07T10:38:15.733	942	2228	1362	2803	6750	6354	7157	8793	8045	867	29.35	1012.18	51.61	86762	AS7341	flash	5	100	999	10
2026-07-07T10:38:17.752	943	2224	1363	2809	6769	6377	7185	8815	8065	869	29.35	1012.19	51.73	87032	AS7341	flash	5	100	999	10
2026-07-07T10:38:19.760	944	2222	1363	2812	6782	6391	7201	8828	8078	870	29.35	1012.17	51.81	86583	AS7341	flash	5	100	999	10
2026-07-07T10:38:21.774	943	2221	1362	2812	6782	6390	7198	8824	8076	870	29.34	1012.18	51.72	86762	AS7341	flash	5	100	999	10
2026-07-07T10:38:23.779	943	2223	1363	2812	6779	6385	7191	8817	8072	869	29.34	1012.18	51.47	86762	AS7341	flash	5	100	999	10
2026-07-07T10:38:25.798	943	2224	1363	2812	6775	6382	7185	8812	8068	869	29.34	1012.22	51.22	87123	AS7341	flash	5	100	999	10
2026-07-07T10:38:27.810	943	2225	1363	2815	6791	6396	7201	8830	8085	870	29.34	1012.2	51.04	87396	AS7341	flash	5	100	999	10
2026-07-07T10:38:29.723	946	2220	1364	2826	6829	6440	7251	8872	8124	873	29.34	1012.17	50.95	87578	AS7341	flash	5	100	999	10
2026-07-07T10:38:31.738	948	2206	1362	2834	6870	6492	7313	8915	8164	877	29.34	1012.19	51.08	88131	AS7341	flash	5	100	999	10
2026-07-07T10:38:33.764	949	2202	1362	2840	6887	6512	7336	8937	8182	879	29.34	1012.16	51.27	87214	AS7341	flash	5	100	999	10
2026-07-07T10:38:35.774	949	2202	1362	2839	6883	6506	7331	8935	8178	879	29.34	1012.16	51.52	86672	AS7341	flash	5	100	999	10
2026-07-07T10:38:37.790	949	2204	1362	2837	6874	6496	7318	8925	8170	878	29.34	1012.17	51.61	86942	AS7341	flash	5	100	999	10
2026-07-07T10:38:39.808	947	2206	1362	2833	6858	6477	7295	8906	8152	877	29.34	1012.17	51.47	86852	AS7341	flash	5	100	999	10
2026-07-07T10:38:41.717	947	2209	1362	2829	6841	6457	7270	8885	8134	875	29.34	1012.14	51.3	88039	AS7341	flash	5	100	999	10
2026-07-07T10:38:43.740	945	2212	1362	2825	6826	6437	7248	8867	8117	873	29.33	1012.15	51.07	87946	AS7341	flash	5	100	999	10
2026-07-07T10:38:45.754	944	2216	1362	2820	6806	6412	7214	8829	8093	871	29.36	1012.18	50.92	87578	AS7341	flash	5	100	999	10
2026-07-07T10:38:47.770	943	2222	1363	2818	6791	6392	7183	8792	8072	869	29.46	1012.07	50.79	87670	AS7341	flash	5	100	999	10
2026-07-07T10:38:49.781	942	2227	1363	2816	6777	6373	7156	8759	8052	867	29.52	1012.14	50.45	88317	AS7341	flash	5	100	999	10
2026-07-07T10:38:51.801	941	2231	1364	2815	6773	6366	7143	8741	8045	867	29.56	1012.12	50.03	88039	AS7341	flash	5	100	999	10
2026-07-07T10:38:53.819	942	2230	1364	2817	6779	6372	7147	8737	8047	867	29.59	1012.15	49.71	88411	AS7341	flash	5	100	999	10
2026-07-07T10:38:55.732	942	2226	1364	2823	6806	6403	7179	8758	8072	869	29.63	1012.17	49.53	88411	AS7341	flash	5	100	999	10
2026-07-07T10:38:57.745	945	2219	1364	2835	6854	6458	7239	8803	8120	873	29.65	1012.15	49.4	88224	AS7341	flash	5	100	999	10
2026-07-07T10:38:59.761	949	2206	1365	2856	6931	6547	7339	8881	8196	880	29.67	1012.13	49.33	88039	AS7341	flash	5	100	999	10
2026-07-07T10:39:01.783	953	2196	1365	2871	6986	6612	7413	8941	8252	885	29.69	1012.15	49.47	87854	AS7341	flash	5	100	999	10
2026-07-07T10:39:03.795	954	2193	1365	2876	6997	6623	7423	8951	8261	886	29.71	1012.12	49.64	87396	AS7341	flash	5	100	999	10
2026-07-07T10:39:05.823	952	2197	1365	2872	6973	6592	7388	8922	8236	883	29.72	1012.17	49.68	87670	AS7341	flash	5	100	999	10
2026-07-07T10:39:07.724	951	2201	1365	2866	6954	6569	7359	8900	8216	882	29.74	1012.14	49.56	88224	AS7341	flash	5	100	999	10
2026-07-07T10:39:09.741	952	2207	1367	2870	6959	6569	7359	8909	8225	882	29.74	1012.13	49.44	87946	AS7341	flash	5	100	999	10
2026-07-07T10:39:11.750	950	2206	1366	2864	6957	6563	7353	8910	8226	882	29.75	1012.16	49.51	87487	AS7341	flash	5	100	999	10
2026-07-07T10:39:13.761	949	2204	1364	2859	6931	6540	7325	8870	8191	879	29.73	1012.13	49.77	87123	AS7341	flash	5	100	999	10
2026-07-07T10:39:15.779	950	2203	1364	2862	6939	6549	7334	8874	8197	880	29.74	1012.15	49.91	87123	AS7341	flash	5	100	999	10
2026-07-07T10:39:17.789	950	2200	1364	2865	6951	6562	7347	8882	8207	881	29.74	1012.17	49.98	87214	AS7341	flash	5	100	999	10
2026-07-07T10:39:19.803	950	2204	1365	2865	6941	6547	7326	8862	8194	880	29.74	1012.15	49.96	86762	AS7341	flash	5	100	999	10
2026-07-07T10:39:21.816	948	2210	1364	2858	6912	6511	7280	8819	8159	876	29.73	1012.16	49.68	87487	AS7341	flash	5	100	999	10
2026-07-07T10:39:23.722	947	2212	1365	2855	6898	6497	7262	8802	8146	875	29.74	1012.17	49.37	88224	AS7341	flash	5	100	999	10
2026-07-07T10:39:25.739	946	2214	1364	2853	6887	6482	7243	8783	8133	874	29.74	1012.18	49.25	87854	AS7341	flash	5	100	999	10
2026-07-07T10:39:27.750	946	2217	1365	2852	6880	6472	7228	8767	8123	873	29.75	1012.19	49.08	87854	AS7341	flash	5	100	999	10
2026-07-07T10:39:29.761	945	2220	1365	2851	6872	6463	7213	8752	8114	872	29.75	1012.21	48.85	87762	AS7341	flash	5	100	999	10
2026-07-07T10:39:31.775	945	2221	1365	2851	6874	6464	7213	8750	8115	872	29.75	1012.18	48.65	87854	AS7341	flash	5	100	999	10
2026-07-07T10:39:33.790	946	2219	1365	2854	6887	6480	7231	8763	8129	873	29.75	1012.16	48.5	87670	AS7341	flash	5	100	999	10
2026-07-07T10:39:35.801	948	2210	1365	2865	6937	6540	7300	8818	8181	878	29.76	1012.18	48.53	88317	AS7341	flash	5	100	999	10
2026-07-07T10:39:37.818	951	2202	1365	2875	6979	6591	7364	8883	8230	883	29.76	1012.15	48.67	87670	AS7341	flash	5	100	999	10
2026-07-07T10:39:39.734	953	2195	1365	2879	6999	6618	7405	8932	8259	885	29.66	1012.16	49.05	87123	AS7341	flash	5	100	999	10
2026-07-07T10:39:41.760	954	2190	1365	2882	7013	6638	7439	8978	8282	887	29.61	1012.15	49.96	85960	AS7341	flash	5	100	999	10
2026-07-07T10:39:43.786	955	2186	1364	2881	7021	6650	7464	9014	8300	889	29.57	1012.17	51.16	84572	AS7341	flash	5	100	999	10
2026-07-07T10:39:45.802	956	2183	1364	2881	7024	6658	7481	9043	8311	890	29.54	1012.12	52.4	84062	AS7341	flash	5	100	999	10
2026-07-07T10:39:47.824	956	2180	1363	2879	7024	6661	7495	9067	8318	891	29.52	1012.12	53.53	82489	AS7341	flash	5	100	999	10
2026-07-07T10:39:49.733	957	2179	1363	2876	7018	6657	7498	9080	8317	891	29.52	1012.14	54.51	82327	AS7341	flash	5	100	999	10
2026-07-07T10:39:51.754	956	2177	1363	2873	7014	6654	7504	9096	8319	891	29.49	1012.12	55.39	81525	AS7341	flash	5	100	999	10
2026-07-07T10:39:53.777	957	2178	1363	2873	7011	6654	7511	9113	8322	891	29.47	1012.17	56.18	80740	AS7341	flash	5	100	999	10
2026-07-07T10:39:55.786	956	2175	1362	2867	7005	6649	7513	9124	8322	892	29.45	1012.2	56.86	80352	AS7341	flash	5	100	999	10
2026-07-07T10:39:57.798	957	2174	1362	2868	7013	6661	7534	9148	8335	893	29.44	1012.19	57.46	79212	AS7341	flash	5	100	999	10
2026-07-07T10:39:59.822	960	2172	1363	2874	7022	6677	7557	9171	8347	895	29.43	1012.19	57.97	78839	AS7341	flash	5	100	999	10
2026-07-07T10:40:01.834	959	2167	1362	2872	7036	6695	7584	9203	8368	896	29.42	1012.21	58.46	78250	AS7341	flash	5	100	999	10
2026-07-07T10:40:03.751	961	2165	1363	2876	7051	6713	7610	9233	8387	898	29.41	1012.19	58.86	78397	AS7341	flash	5	100	999	10
2026-07-07T10:40:05.760	962	2163	1362	2877	7059	6725	7629	9254	8399	899	29.39	1012.19	59.23	78031	AS7341	flash	5	100	999	10
2026-07-07T10:40:07.774	963	2161	1362	2879	7065	6734	7644	9273	8410	900	29.37	1012.13	59.58	77742	AS7341	flash	5	100	999	10
2026-07-07T10:40:09.785	963	2159	1362	2878	7070	6741	7657	9290	8419	901	29.37	1012.16	59.89	77097	AS7341	flash	5	100	999	10
2026-07-07T10:40:11.794	963	2158	1362	2877	7069	6743	7662	9301	8422	901	29.36	1012.19	60.18	76464	AS7341	flash	5	100	999	10
2026-07-07T10:40:13.814	963	2157	1361	2875	7061	6735	7658	9303	8417	901	29.35	1012.17	60.43	76464	AS7341	flash	5	100	999	10
2026-07-07T10:40:15.825	963	2158	1361	2873	7055	6731	7656	9309	8415	901	29.34	1012.18	60.69	75978	AS7341	flash	5	100	999	10
2026-07-07T10:40:17.741	962	2157	1361	2869	7047	6723	7651	9310	8411	900	29.34	1012.21	60.91	76255	AS7341	flash	5	100	999	10
