timestamp	channel	status	dphi	umolar	mbar	airSat	tempSample	tempCase	signalIntensity	ambientLight	pressure	humidity	resistorTemp	percentO2	tempOptical	pH	ldev	idnr
2026-07-07T11:27:48.254	1	32.0	21.219	0.0	0.0	0.0	-300000.0	22.968	21.135	-0.296	1013.16	57.553	0.0	0.0	0.0	0.0	0.0	2657480027777836790
2026-07-07T11:27:49.258	1	32.0	21.234	0.0	0.0	0.0	-300000.0	22.96	21.135	-0.155	1013.134	57.553	0.0	0.0	0.0	0.0	0.0	2657480027777836790
2026-07-07T11:27:50.260	1	32.0	21.185	0.0	0.0	0.0	-300000.0	22.968	21.167	-0.276	1013.16	57.541	0.0	0.0	0.0	0.0	0.0	2657480027777836790
2026-07-07T11:27:51.263	1	32.0	21.197	0.0	0.0	0.0	-300000.0	22.96	21.135	-0.256	1013.116	57.541	0.0	0.0	0.0	0.0	0.0	2657480027777836790
2026-07-07T11:27:52.266	1	32.0	21.238	0.0	0.0	0.0	-300000.0	22.968	21.131	-0.135	1013.195	57.541	0.0	0.0	0.0	0.0	0.0	2657480027777836790
2026-07-07T11:27:53.269	1	32.0	21.176	0.0	0.0	0.0	-300000.0	22.96	21.155	-0.125	1013.195	57.541	0.0	0.0	0.0	0.0	0.0	2657480027777836790
2026-07-07T11:27:54.274	1	32.0	21.218	0.0	0.0	0.0	-300000.0	22.968	21.159	-0.075	1013.169	57.55	0.0	0.0	0.0	0.0	0.0	2657480027777836790
2026-07-07T11:27:55.277	1	32.0	21.227	0.0	0.0	0.0	-300000.0	22.96	21.139	0.026	1013.16	57.541	0.0	0.0	0.0	0.0	0.0	2657480027777836790
2026-07-07T11:27:56.280	1	32.0	21.264	0.0	0.0	0.0	-300000.0	22.96	21.155	-0.115	1013.178	57.553	0.0	0.0	0.0	0.0	0.0	2657480027777836790
2026-07-07T11:27:57.283	1	32.0	21.203	0.0	0.0	0.0	-300000.0	22.96	21.131	-0.185	1013.169	57.54	0.0	0.0	0.0	0.0	0.0	2657480027777836790
2026-07-07T11:27:58.287	1	32.0	21.208	0.0	0.0	0.0	-300000.0	22.96	21.151	-0.055	1013.099	57.53	0.0	0.0	0.0	0.0	0.0	2657480027777836790
2026-07-07T11:27:59.291	1	32.0	21.256	0.0	0.0	0.0	-300000.0	22.96	21.139	-0.426	1013.16	57.531	0.0	0.0	0.0	0.0	0.0	2657480027777836790
2026-07-07T11:28:00.294	1	32.0	21.2	0.0	0.0	0.0	-300000.0	22.96	21.151	-0.195	1013.134	57.519	0.0	0.0	0.0	0.0	0.0	2657480027777836790
2026-07-07T11:28:01.297	1	32.0	21.27	0.0	0.0	0.0	-300000.0	22.96	21.147	-0.065	1013.134	57.519	0.0	0.0	0.0	0.0	0.0	2657480027777836790
2026-07-07T11:28:02.300	1	32.0	21.207	0.0	0.0	0.0	-300000.0	22.968	21.135	-0.396	1013.02	57.518	0.0	0.0	0.0	0.0	0.0	2657480027777836790
2026-07-07T11:28:03.302	1	32.0	21.33	0.0	0.0	0.0	-300000.0	22.96	21.147	-0.286	1013.134	57.519	0.0	0.0	0.0	0.0	0.0	2657480027777836790
2026-07-07T11:28:04.306	1	32.0	21.188	0.0	0.0	0.0	-300000.0	22.96	21.135	-0.135	1013.16	57.519	0.0	0.0	0.0	0.0	0.0	2657480027777836790
2026-07-07T11:28:05.309	1	32.0	21.233	0.0	0.0	0.0	-300000.0	22.96	21.155	-0.235	1013.046	57.506	0.0	0.0	0.0	0.0	0.0	2657480027777836790
2026-07-07T11:28:06.312	1	32.0	21.214	0.0	0.0	0.0	-300000.0	22.96	21.143	-0.376	1013.134	57.497	0.0	0.0	0.0	0.0	0.0	2657480027777836790
2026-07-07T11:28:07.315	1	32.0	21.209	0.0	0.0	0.0	-300000.0	22.96	21.155	-0.396	1013.152	57.496	0.0	0.0	0.0	0.0	0.0	2657480027777836790
2026-07-07T11:28:08.318	1	32.0	21.198	0.0	0.0	0.0	-300000.0	22.96	21.139	-0.075	1013.099	57.506	0.0	0.0	0.0	0.0	0.0	2657480027777836790
2026-07-07T11:28:09.321	1	32.0	21.18	0.0	0.0	0.0	-300000.0	22.96	21.147	-0.386	1013.09	57.517	0.0	0.0	0.0	0.0	0.0	2657480027777836790
2026-07-07T11:28:10.331	1	32.0	21.198	0.0	0.0	0.0	-300000.0	22.96	21.127	0.066	1013.09	57.495	0.0	0.0	0.0	0.0	0.0	2657480027777836790
2026-07-07T11:28:11.334	1	32.0	21.213	0.0	0.0	0.0	-300000.0	22.96	21.155	-0.276	1013.125	57.518	0.0	0.0	0.0	0.0	0.0	2657480027777836790
2026-07-07T11:28:12.337	1	32.0	21.248	0.0	0.0	0.0	-300000.0	22.96	21.147	-0.366	1013.117	57.517	0.0	0.0	0.0	0.0	0.0	2657480027777836790
2026-07-07T11:28:13.341	1	32.0	21.228	0.0	0.0	0.0	-300000.0	22.96	21.139	-0.396	1013.143	57.517	0.0	0.0	0.0	0.0	0.0	2657480027777836790
2026-07-07T11:28:14.345	1	32.0	21.183	0.0	0.0	0.0	-300000.0	22.96	21.135	-0.095	1013.134	57.531	0.0	0.0	0.0	0.0	0.0	2657480027777836790
2026-07-07T11:28:15.348	1	32.0	21.208	0.0	0.0	0.0	-300000.0	22.96	21.155	-0.235	1013.055	57.517	0.0	0.0	0.0	0.0	0.0	2657480027777836790
2026-07-07T11:28:16.350	1	32.0	21.161	0.0	0.0	0.0	-300000.0	22.96	21.143	-0.246	1013.134	57.508	0.0	0.0	0.0	0.0	0.0	2657480027777836790
2026-07-07T11:28:17.354	1	32.0	21.232	0.0	0.0	0.0	-300000.0	22.953	21.163	-0.246	1013.134	57.528	0.0	0.0	0.0	0.0	0.0	2657480027777836790
2026-07-07T11:28:18.357	1	32.0	21.217	0.0	0.0	0.0	-300000.0	22.96	21.143	-0.376	1013.143	57.505	0.0	0.0	0.0	0.0	0.0	2657480027777836790
2026-07-07T11:28:19.361	1	32.0	21.193	0.0	0.0	0.0	-300000.0	22.96	21.135	-0.376	1013.125	57.518	0.0	0.0	0.0	0.0	0.0	2657480027777836790
2026-07-07T11:28:20.366	1	32.0	21.247	0.0	0.0	0.0	-300000.0	22.96	21.139	-0.225	1013.125	57.518	0.0	0.0	0.0	0.0	0.0	2657480027777836790
2026-07-07T11:28:21.369	1	32.0	21.196	0.0	0.0	0.0	-300000.0	22.96	21.147	-0.105	1013.143	57.517	0.0	0.0	0.0	0.0	0.0	2657480027777836790
2026-07-07T11:28:22.380	1	32.0	21.233	0.0	0.0	0.0	-300000.0	22.96	21.159	-0.346	1013.143	57.517	0.0	0.0	0.0	0.0	0.0	2657480027777836790
2026-07-07T11:28:23.383	1	32.0	21.193	0.0	0.0	0.0	-300000.0	22.953	21.139	-0.266	1013.178	57.528	0.0	0.0	0.0	0.0	0.0	2657480027777836790
2026-07-07T11:28:24.386	1	32.0	21.226	0.0	0.0	0.0	-300000.0	22.96	21.151	-0.165	1013.143	57.54	0.0	0.0	0.0	0.0	0.0	2657480027777836790
2026-07-07T11:28:25.392	1	32.0	21.176	0.0	0.0	0.0	-300000.0	22.953	21.155	-0.165	1013.169	57.528	0.0	0.0	0.0	0.0	0.0	2657480027777836790
2026-07-07T11:28:26.396	1	32.0	21.213	0.0	0.0	0.0	-300000.0	22.953	21.131	-0.115	1013.213	57.505	0.0	0.0	0.0	0.0	0.0	2657480027777836790
2026-07-07T11:28:27.401	1	32.0	21.211	0.0	0.0	0.0	-300000.0	22.953	21.147	-0.095	1013.143	57.505	0.0	0.0	0.0	0.0	0.0	2657480027777836790
2026-07-07T11:28:28.410	1	32.0	21.208	0.0	0.0	0.0	-300000.0	22.953	21.159	-0.436	1013.081	57.495	0.0	0.0	0.0	0.0	0.0	2657480027777836790
2026-07-07T11:28:29.415	1	32.0	21.159	0.0	0.0	0.0	-300000.0	22.953	21.147	-0.195	1013.16	57.505	0.0	0.0	0.0	0.0	0.0	2657480027777836790
2026-07-07T11:28:30.418	1	32.0	21.17	0.0	0.0	0.0	-300000.0	22.953	21.139	-0.246	1013.117	57.495	0.0	0.0	0.0	0.0	0.0	2657480027777836790
2026-07-07T11:28:31.421	1	32.0	21.215	0.0	0.0	0.0	-300000.0	22.953	21.143	0.056	1013.108	57.517	0.0	0.0	0.0	0.0	0.0	2657480027777836790
2026-07-07T11:28:32.424	1	32.0	21.167	0.0	0.0	0.0	-300000.0	22.945	21.135	-0.075	1013.09	57.495	0.0	0.0	0.0	0.0	0.0	2657480027777836790
2026-07-07T11:28:33.427	1	32.0	21.243	0.0	0.0	0.0	-300000.0	22.953	21.123	-0.246	1013.16	57.505	0.0	0.0	0.0	0.0	0.0	2657480027777836790
2026-07-07T11:28:34.430	1	32.0	21.208	0.0	0.0	0.0	-300000.0	22.96	21.143	-0.045	1013.134	57.483	0.0	0.0	0.0	0.0	0.0	2657480027777836790
2026-07-07T11:28:35.432	1	32.0	21.312	0.0	0.0	0.0	-300000.0	22.953	21.143	-0.266	1013.16	57.495	0.0	0.0	0.0	0.0	0.0	2657480027777836790
2026-07-07T11:28:36.436	1	32.0	21.214	0.0	0.0	0.0	-300000.0	22.953	21.143	-0.065	1013.16	57.472	0.0	0.0	0.0	0.0	0.0	2657480027777836790
2026-07-07T11:28:37.440	1	32.0	21.273	0.0	0.0	0.0	-300000.0	22.953	21.143	-0.085	1013.16	57.495	0.0	0.0	0.0	0.0	0.0	2657480027777836790
2026-07-07T11:28:38.442	1	32.0	21.208	0.0	0.0	0.0	-300000.0	22.953	21.135	-0.346	1013.152	57.495	0.0	0.0	0.0	0.0	0.0	2657480027777836790
2026-07-07T11:28:39.445	1	32.0	21.197	0.0	0.0	0.0	-300000.0	22.953	21.143	0.166	1013.169	57.495	0.0	0.0	0.0	0.0	0.0	2657480027777836790
2026-07-07T11:28:40.448	1	32.0	21.192	0.0	0.0	0.0	-300000.0	22.953	21.135	-0.075	1013.117	57.483	0.0	0.0	0.0	0.0	0.0	2657480027777836790
2026-07-07T11:28:41.451	1	32.0	21.227	0.0	0.0	0.0	-300000.0	22.953	21.139	-0.185	1013.178	57.495	0.0	0.0	0.0	0.0	0.0	2657480027777836790
2026-07-07T11:28:42.454	1	32.0	21.23	0.0	0.0	0.0	-300000.0	22.953	21.123	-0.165	1013.169	57.517	0.0	0.0	0.0	0.0	0.0	2657480027777836790
2026-07-07T11:28:43.457	1	32.0	21.183	0.0	0.0	0.0	-300000.0	22.953	21.135	-0.004	1013.16	57.517	0.0	0.0	0.0	0.0	0.0	2657480027777836790
2026-07-07T11:28:44.461	1	32.0	21.185	0.0	0.0	0.0	-300000.0	22.953	21.155	-0.055	1013.152	57.517	0.0	0.0	0.0	0.0	0.0	2657480027777836790
2026-07-07T11:28:45.463	1	32.0	21.2	0.0	0.0	0.0	-300000.0	22.945	21.147	-0.075	1013.152	57.495	0.0	0.0	0.0	0.0	0.0	2657480027777836790
2026-07-07T11:28:46.466	1	32.0	21.231	0.0	0.0	0.0	-300000.0	22.953	21.151	0.187	1013.081	57.517	0.0	0.0	0.0	0.0	0.0	2657480027777836790
2026-07-07T11:28:47.470	1	32.0	21.179	0.0	0.0	0.0	-300000.0	22.953	21.151	-0.115	1013.099	57.505	0.0	0.0	0.0	0.0	0.0	2657480027777836790
2026-07-07T11:28:48.474	1	32.0	21.226	0.0	0.0	0.0	-300000.0	22.953	21.147	0.056	1013.143	57.495	0.0	0.0	0.0	0.0	0.0	2657480027777836790
2026-07-07T11:28:49.476	1	32.0	21.153	0.0	0.0	0.0	-300000.0	22.945	21.163	-0.165	1013.152	57.495	0.0	0.0	0.0	0.0	0.0	2657480027777836790
2026-07-07T11:28:50.479	1	32.0	21.193	0.0	0.0	0.0	-300000.0	22.945	21.155	-0.004	1013.16	57.495	0.0	0.0	0.0	0.0	0.0	2657480027777836790
2026-07-07T11:28:51.482	1	32.0	21.176	0.0	0.0	0.0	-300000.0	22.953	21.163	-0.155	1013.152	57.472	0.0	0.0	0.0	0.0	0.0	2657480027777836790
2026-07-07T11:28:52.485	1	32.0	21.265	0.0	0.0	0.0	-300000.0	22.953	21.155	0.096	1013.125	57.472	0.0	0.0	0.0	0.0	0.0	2657480027777836790
2026-07-07T11:28:53.488	1	32.0	21.234	0.0	0.0	0.0	-300000.0	22.945	21.127	-0.035	1013.178	57.472	0.0	0.0	0.0	0.0	0.0	2657480027777836790
2026-07-07T11:28:54.490	1	32.0	21.236	0.0	0.0	0.0	-300000.0	22.953	21.139	-0.024	1013.125	57.449	0.0	0.0	0.0	0.0	0.0	2657480027777836790
2026-07-07T11:28:55.493	1	32.0	21.196	0.0	0.0	0.0	-300000.0	22.945	21.143	0.066	1013.055	57.46	0.0	0.0	0.0	0.0	0.0	2657480027777836790
2026-07-07T11:28:56.496	1	32.0	21.212	0.0	0.0	0.0	-300000.0	22.945	21.147	-0.286	1013.081	57.46	0.0	0.0	0.0	0.0	0.0	2657480027777836790
2026-07-07T11:28:57.498	1	32.0	21.259	0.0	0.0	0.0	-300000.0	22.945	21.147	-0.507	1013.125	57.449	0.0	0.0	0.0	0.0	0.0	2657480027777836790
2026-07-07T11:28:58.502	1	32.0	21.196	0.0	0.0	0.0	-300000.0	22.937	21.143	-0.336	1013.16	57.449	0.0	0.0	0.0	0.0	0.0	2657480027777836790
2026-07-07T11:28:59.506	1	32.0	21.2	0.0	0.0	0.0	-300000.0	22.945	21.171	0.006	1013.169	57.448	0.0	0.0	0.0	0.0	0.0	2657480027777836790
2026-07-07T11:29:00.509	1	32.0	21.212	0.0	0.0	0.0	-300000.0	22.945	21.151	-0.256	1013.108	57.46	0.0	0.0	0.0	0.0	0.0	2657480027777836790
2026-07-07T11:29:01.512	1	32.0	21.203	0.0	0.0	0.0	-300000.0	22.945	21.175	0.016	1013.064	57.448	0.0	0.0	0.0	0.0	0.0	2657480027777836790
2026-07-07T11:29:02.515	1	32.0	21.242	0.0	0.0	0.0	-300000.0	22.937	21.175	-0.035	1013.064	57.437	0.0	0.0	0.0	0.0	0.0	2657480027777836790
2026-07-07T11:29:03.518	1	32.0	21.219	0.0	0.0	0.0	-300000.0	22.945	21.199	-0.125	1013.125	57.438	0.0	0.0	0.0	0.0	0.0	2657480027777836790
2026-07-07T11:29:04.520	1	32.0	21.286	0.0	0.0	0.0	-300000.0	22.945	21.183	0.026	1013.117	57.448	0.0	0.0	0.0	0.0	0.0	2657480027777836790
2026-07-07T11:29:05.524	1	32.0	21.3	0.0	0.0	0.0	-300000.0	22.937	21.163	0.066	1013.125	57.449	0.0	0.0	0.0	0.0	0.0	2657480027777836790
2026-07-07T11:29:06.527	1	32.0	21.221	0.0	0.0	0.0	-300000.0	22.945	21.167	0.056	1013.125	57.438	0.0	0.0	0.0	0.0	0.0	2657480027777836790
2026-07-07T11:29:07.529	1	32.0	21.184	0.0	0.0	0.0	-300000.0	22.945	21.163	-0.165	1013.143	57.437	0.0	0.0	0.0	0.0	0.0	2657480027777836790
2026-07-07T11:29:08.533	1	32.0	21.214	0.0	0.0	0.0	-300000.0	22.945	21.123	-0.004	1013.178	57.449	0.0	0.0	0.0	0.0	0.0	2657480027777836790
2026-07-07T11:29:09.535	1	32.0	21.24	0.0	0.0	0.0	-300000.0	22.937	21.127	-0.035	1013.152	57.449	0.0	0.0	0.0	0.0	0.0	2657480027777836790
2026-07-07T11:29:10.538	1	32.0	21.236	0.0	0.0	0.0	-300000.0	22.945	21.199	0.026	1013.152	57.438	0.0	0.0	0.0	0.0	0.0	2657480027777836790
2026-07-07T11:29:11.541	1	32.0	21.179	0.0	0.0	0.0	-300000.0	22.937	21.139	-0.175	1013.09	57.448	0.0	0.0	0.0	0.0	0.0	2657480027777836790
2026-07-07T11:29:12.543	1	32.0	21.117	0.0	0.0	0.0	-300000.0	22.945	21.171	0.096	1013.143	57.425	0.0	0.0	0.0	0.0	0.0	2657480027777836790
2026-07-07T11:29:13.547	1	32.0	21.191	0.0	0.0	0.0	-300000.0	22.937	21.147	-0.024	1013.143	57.425	0.0	0.0	0.0	0.0	0.0	2657480027777836790
2026-07-07T11:29:14.549	1	32.0	21.196	0.0	0.0	0.0	-300000.0	22.945	21.131	-0.195	1013.125	57.416	0.0	0.0	0.0	0.0	0.0	2657480027777836790
2026-07-07T11:29:15.552	1	32.0	21.226	0.0	0.0	0.0	-300000.0	22.945	21.155	0.016	1013.125	57.416	0.0	0.0	0.0	0.0	0.0	2657480027777836790
2026-07-07T11:29:16.555	1	32.0	21.193	0.0	0.0	0.0	-300000.0	22.937	21.163	-0.115	1013.143	57.414	0.0	0.0	0.0	0.0	0.0	2657480027777836790
2026-07-07T11:29:17.558	1	32.0	21.213	0.0	0.0	0.0	-300000.0	22.945	21.123	-0.035	1013.125	57.416	0.0	0.0	0.0	0.0	0.0	2657480027777836790
2026-07-07T11:29:18.561	1	32.0	21.189	0.0	0.0	0.0	-300000.0	22.937	21.143	-0.095	1013.117	57.414	0.0	0.0	0.0	0.0	0.0	2657480027777836790
2026-07-07T11:29:19.564	1	32.0	21.192	0.0	0.0	0.0	-300000.0	22.937	21.127	-0.326	1013.143	57.414	0.0	0.0	0.0	0.0	0.0	2657480027777836790
2026-07-07T11:29:20.568	1	32.0	21.241	0.0	0.0	0.0	-300000.0	22.937	21.147	-0.055	1013.143	57.403	0.0	0.0	0.0	0.0	0.0	2657480027777836790
2026-07-07T11:29:21.572	1	32.0	21.207	0.0	0.0	0.0	-300000.0	22.937	21.147	-0.165	1013.082	57.424	0.0	0.0	0.0	0.0	0.0	2657480027777836790
2026-07-07T11:29:22.575	1	32.0	21.289	0.0	0.0	0.0	-300000.0	22.937	21.159	0.026	1013.099	57.416	0.0	0.0	0.0	0.0	0.0	2657480027777836790
2026-07-07T11:29:23.578	1	32.0	21.183	0.0	0.0	0.0	-300000.0	22.937	21.147	-0.085	1013.099	57.393	0.0	0.0	0.0	0.0	0.0	2657480027777836790
2026-07-07T11:29:24.581	1	32.0	21.217	0.0	0.0	0.0	-300000.0	22.937	21.131	-0.246	1013.143	57.414	0.0	0.0	0.0	0.0	0.0	2657480027777836790
2026-07-07T11:29:25.584	1	32.0	21.194	0.0	0.0	0.0	-300000.0	22.937	21.143	0.096	1013.099	57.404	0.0	0.0	0.0	0.0	0.0	2657480027777836790
2026-07-07T11:29:26.588	1	32.0	21.195	0.0	0.0	0.0	-300000.0	22.945	21.115	0.036	1013.169	57.414	0.0	0.0	0.0	0.0	0.0	2657480027777836790
2026-07-07T11:29:27.591	1	32.0	21.215	0.0	0.0	0.0	-300000.0	22.937	21.143	-0.155	1013.082	57.39	0.0	0.0	0.0	0.0	0.0	2657480027777836790
2026-07-07T11:29:28.594	1	32.0	21.227	0.0	0.0	0.0	-300000.0	22.937	21.179	-0.326	1013.117	57.38	0.0	0.0	0.0	0.0	0.0	2657480027777836790
2026-07-07T11:29:29.598	1	32.0	21.174	0.0	0.0	0.0	-300000.0	22.937	21.143	-0.165	1013.134	57.39	0.0	0.0	0.0	0.0	0.0	2657480027777836790
2026-07-07T11:29:30.601	1	32.0	21.141	0.0	0.0	0.0	-300000.0	22.937	21.155	-0.165	1013.108	57.379	0.0	0.0	0.0	0.0	0.0	2657480027777836790
2026-07-07T11:29:31.604	1	32.0	21.256	0.0	0.0	0.0	-300000.0	22.937	21.143	-0.286	1013.143	57.38	0.0	0.0	0.0	0.0	0.0	2657480027777836790
2026-07-07T11:29:32.608	1	32.0	21.221	0.0	0.0	0.0	-300000.0	22.929	21.155	-0.225	1013.143	57.38	0.0	0.0	0.0	0.0	0.0	2657480027777836790
2026-07-07T11:29:33.610	1	32.0	21.189	0.0	0.0	0.0	-300000.0	22.937	21.163	-0.436	1013.134	57.424	0.0	0.0	0.0	0.0	0.0	2657480027777836790
2026-07-07T11:29:34.613	1	32.0	21.16	0.0	0.0	0.0	-300000.0	22.937	21.159	-0.014	1013.187	57.413	0.0	0.0	0.0	0.0	0.0	2657480027777836790
2026-07-07T11:29:35.616	1	32.0	21.29	0.0	0.0	0.0	-300000.0	22.937	21.159	-0.095	1013.082	57.39	0.0	0.0	0.0	0.0	0.0	2657480027777836790
2026-07-07T11:29:36.619	1	32.0	21.237	0.0	0.0	0.0	-300000.0	22.929	21.171	-0.004	1013.134	57.402	0.0	0.0	0.0	0.0	0.0	2657480027777836790
2026-07-07T11:29:37.624	1	32.0	21.212	0.0	0.0	0.0	-300000.0	22.937	21.147	-0.014	1013.134	57.39	0.0	0.0	0.0	0.0	0.0	2657480027777836790
2026-07-07T11:29:38.626	1	32.0	21.288	0.0	0.0	0.0	-300000.0	22.937	21.171	0.076	1013.099	57.377	0.0	0.0	0.0	0.0	0.0	2657480027777836790
2026-07-07T11:29:39.629	1	32.0	21.24	0.0	0.0	0.0	-300000.0	22.937	21.179	-0.014	1013.143	57.403	0.0	0.0	0.0	0.0	0.0	2657480027777836790
2026-07-07T11:29:40.632	1	32.0	21.197	0.0	0.0	0.0	-300000.0	22.929	21.143	-0.145	1013.196	57.369	0.0	0.0	0.0	0.0	0.0	2657480027777836790
2026-07-07T11:29:41.635	1	32.0	21.175	0.0	0.0	0.0	-300000.0	22.929	21.155	-0.215	1013.161	57.39	0.0	0.0	0.0	0.0	0.0	2657480027777836790
2026-07-07T11:29:42.638	1	32.0	21.208	0.0	0.0	0.0	-300000.0	22.929	21.159	-0.185	1013.143	57.38	0.0	0.0	0.0	0.0	0.0	2657480027777836790
2026-07-07T11:29:43.644	1	32.0	21.199	0.0	0.0	0.0	-300000.0	22.929	21.143	0.006	1013.161	57.368	0.0	0.0	0.0	0.0	0.0	2657480027777836790
2026-07-07T11:29:44.647	1	32.0	21.265	0.0	0.0	0.0	-300000.0	22.929	21.163	-0.296	1013.152	57.367	0.0	0.0	0.0	0.0	0.0	2657480027777836790
2026-07-07T11:29:45.652	1	32.0	21.294	0.0	0.0	0.0	-300000.0	22.929	21.159	-0.135	1013.134	57.379	0.0	0.0	0.0	0.0	0.0	2657480027777836790
2026-07-07T11:29:46.655	1	32.0	21.137	0.0	0.0	0.0	-300000.0	22.929	21.163	0.036	1013.126	57.412	0.0	0.0	0.0	0.0	0.0	2657480027777836790
2026-07-07T11:29:47.658	1	32.0	21.225	0.0	0.0	0.0	-300000.0	22.929	21.179	-0.346	1013.134	57.402	0.0	0.0	0.0	0.0	0.0	2657480027777836790
2026-07-07T11:29:48.660	1	32.0	21.273	0.0	0.0	0.0	-300000.0	22.929	21.147	0.026	1013.126	57.4	0.0	0.0	0.0	0.0	0.0	2657480027777836790
2026-07-07T11:29:49.664	1	32.0	21.155	0.0	0.0	0.0	-300000.0	22.937	21.127	-0.215	1013.134	57.402	0.0	0.0	0.0	0.0	0.0	2657480027777836790
2026-07-07T11:29:50.667	1	32.0	21.204	0.0	0.0	0.0	-300000.0	22.929	21.171	-0.075	1013.152	57.412	0.0	0.0	0.0	0.0	0.0	2657480027777836790
2026-07-07T11:29:51.670	1	32.0	21.229	0.0	0.0	0.0	-300000.0	22.921	21.163	0.116	1013.134	57.413	0.0	0.0	0.0	0.0	0.0	2657480027777836790
2026-07-07T11:29:52.674	1	32.0	21.187	0.0	0.0	0.0	-300000.0	22.929	21.155	0.086	1013.126	57.412	0.0	0.0	0.0	0.0	0.0	2657480027777836790
2026-07-07T11:29:53.676	1	32.0	21.182	0.0	0.0	0.0	-300000.0	22.929	21.151	-0.286	1013.161	57.39	0.0	0.0	0.0	0.0	0.0	2657480027777836790
2026-07-07T11:29:54.680	1	32.0	21.245	0.0	0.0	0.0	-300000.0	22.921	21.147	-0.155	1013.064	57.4	0.0	0.0	0.0	0.0	0.0	2657480027777836790
2026-07-07T11:29:55.682	1	32.0	21.249	0.0	0.0	0.0	-300000.0	22.929	21.147	0.006	1013.126	57.377	0.0	0.0	0.0	0.0	0.0	2657480027777836790
2026-07-07T11:29:56.686	1	32.0	21.166	0.0	0.0	0.0	-300000.0	22.929	21.139	0.036	1013.099	57.367	0.0	0.0	0.0	0.0	0.0	2657480027777836790
2026-07-07T11:29:57.690	1	32.0	21.197	0.0	0.0	0.0	-300000.0	22.929	21.139	0.076	1013.213	57.356	0.0	0.0	0.0	0.0	0.0	2657480027777836790
2026-07-07T11:29:58.692	1	32.0	21.245	0.0	0.0	0.0	-300000.0	22.929	21.159	0.056	1013.178	57.367	0.0	0.0	0.0	0.0	0.0	2657480027777836790
2026-07-07T11:29:59.695	1	32.0	21.184	0.0	0.0	0.0	-300000.0	22.929	21.151	0.036	1013.126	57.389	0.0	0.0	0.0	0.0	0.0	2657480027777836790
2026-07-07T11:30:00.698	1	32.0	21.15	0.0	0.0	0.0	-300000.0	22.929	21.147	-0.145	1013.143	57.389	0.0	0.0	0.0	0.0	0.0	2657480027777836790
2026-07-07T11:30:01.701	1	32.0	21.226	0.0	0.0	0.0	-300000.0	22.921	21.151	0.066	1013.187	57.368	0.0	0.0	0.0	0.0	0.0	2657480027777836790
2026-07-07T11:30:02.705	1	32.0	21.233	0.0	0.0	0.0	-300000.0	22.929	21.163	0.056	1013.099	57.377	0.0	0.0	0.0	0.0	0.0	2657480027777836790
2026-07-07T11:30:03.708	1	32.0	21.232	0.0	0.0	0.0	-300000.0	22.921	21.139	-0.065	1013.134	57.356	0.0	0.0	0.0	0.0	0.0	2657480027777836790
2026-07-07T11:30:04.711	1	32.0	21.172	0.0	0.0	0.0	-300000.0	22.929	21.155	0.227	1013.073	57.367	0.0	0.0	0.0	0.0	0.0	2657480027777836790
2026-07-07T11:30:05.714	1	32.0	21.199	0.0	0.0	0.0	-300000.0	22.929	21.147	-0.055	1013.099	57.344	0.0	0.0	0.0	0.0	0.0	2657480027777836790
2026-07-07T11:30:06.716	1	32.0	21.207	0.0	0.0	0.0	-300000.0	22.921	21.159	-0.235	1013.187	57.356	0.0	0.0	0.0	0.0	0.0	2657480027777836790
2026-07-07T11:30:07.720	1	32.0	21.202	0.0	0.0	0.0	-300000.0	22.929	21.151	0.287	1013.17	57.367	0.0	0.0	0.0	0.0	0.0	2657480027777836790
2026-07-07T11:30:08.723	1	32.0	21.236	0.0	0.0	0.0	-300000.0	22.921	21.179	-0.155	1013.091	57.364	0.0	0.0	0.0	0.0	0.0	2657480027777836790
2026-07-07T11:30:09.725	1	32.0	21.229	0.0	0.0	0.0	-300000.0	22.929	21.175	-0.225	1013.143	57.367	0.0	0.0	0.0	0.0	0.0	2657480027777836790
2026-07-07T11:30:10.728	1	32.0	21.196	0.0	0.0	0.0	-300000.0	22.921	21.175	-0.095	1013.17	57.367	0.0	0.0	0.0	0.0	0.0	2657480027777836790
2026-07-07T11:30:11.731	1	32.0	21.256	0.0	0.0	0.0	-300000.0	22.929	21.183	-0.336	1013.152	57.365	0.0	0.0	0.0	0.0	0.0	2657480027777836790
2026-07-07T11:30:12.734	1	32.0	21.219	0.0	0.0	0.0	-300000.0	22.929	21.183	-0.024	1013.17	57.355	0.0	0.0	0.0	0.0	0.0	2657480027777836790
2026-07-07T11:30:13.737	1	32.0	21.214	0.0	0.0	0.0	-300000.0	22.921	21.219	-0.286	1013.17	57.355	0.0	0.0	0.0	0.0	0.0	2657480027777836790
2026-07-07T11:30:14.741	1	32.0	21.163	0.0	0.0	0.0	-300000.0	22.929	21.203	-0.195	1013.126	57.365	0.0	0.0	0.0	0.0	0.0	2657480027777836790
2026-07-07T11:30:15.744	1	32.0	21.112	0.0	0.0	0.0	-300000.0	22.921	21.151	-0.366	1013.17	57.355	0.0	0.0	0.0	0.0	0.0	2657480027777836790
2026-07-07T11:30:16.747	1	32.0	21.287	0.0	0.0	0.0	-300000.0	22.921	21.135	-0.065	1013.108	57.344	0.0	0.0	0.0	0.0	0.0	2657480027777836790
2026-07-07T11:30:17.750	1	32.0	21.193	0.0	0.0	0.0	-300000.0	22.921	21.131	-0.205	1013.17	57.355	0.0	0.0	0.0	0.0	0.0	2657480027777836790
2026-07-07T11:30:18.753	1	32.0	21.219	0.0	0.0	0.0	-300000.0	22.921	21.179	-0.266	1013.152	57.354	0.0	0.0	0.0	0.0	0.0	2657480027777836790
2026-07-07T11:30:19.756	1	32.0	21.217	0.0	0.0	0.0	-300000.0	22.921	21.139	-0.225	1013.161	57.344	0.0	0.0	0.0	0.0	0.0	2657480027777836790
2026-07-07T11:30:20.760	1	32.0	21.142	0.0	0.0	0.0	-300000.0	22.921	21.139	-0.386	1013.108	57.344	0.0	0.0	0.0	0.0	0.0	2657480027777836790
2026-07-07T11:30:21.763	1	32.0	21.216	0.0	0.0	0.0	-300000.0	22.921	21.127	-0.246	1013.134	57.333	0.0	0.0	0.0	0.0	0.0	2657480027777836790
2026-07-07T11:30:22.766	1	32.0	21.243	0.0	0.0	0.0	-300000.0	22.921	21.151	-0.205	1013.152	57.31	0.0	0.0	0.0	0.0	0.0	2657480027777836790
2026-07-07T11:30:23.769	1	32.0	21.256	0.0	0.0	0.0	-300000.0	22.921	21.155	-0.175	1013.17	57.333	0.0	0.0	0.0	0.0	0.0	2657480027777836790
2026-07-07T11:30:24.772	1	32.0	21.199	0.0	0.0	0.0	-300000.0	22.921	21.175	-0.045	1013.161	57.31	0.0	0.0	0.0	0.0	0.0	2657480027777836790
2026-07-07T11:30:25.776	1	32.0	21.248	0.0	0.0	0.0	-300000.0	22.921	21.139	-0.095	1013.161	57.333	0.0	0.0	0.0	0.0	0.0	2657480027777836790
2026-07-07T11:30:26.779	1	32.0	21.243	0.0	0.0	0.0	-300000.0	22.914	21.151	-0.306	1013.17	57.321	0.0	0.0	0.0	0.0	0.0	2657480027777836790
2026-07-07T11:30:27.782	1	32.0	21.246	0.0	0.0	0.0	-300000.0	22.914	21.151	-0.225	1013.187	57.321	0.0	0.0	0.0	0.0	0.0	2657480027777836790
2026-07-07T11:30:28.785	1	32.0	21.242	0.0	0.0	0.0	-300000.0	22.914	21.175	-0.095	1013.17	57.31	0.0	0.0	0.0	0.0	0.0	2657480027777836790
2026-07-07T11:30:29.789	1	32.0	21.237	0.0	0.0	0.0	-300000.0	22.921	21.147	-0.346	1013.196	57.333	0.0	0.0	0.0	0.0	0.0	2657480027777836790
2026-07-07T11:30:30.792	1	32.0	21.222	0.0	0.0	0.0	-300000.0	22.921	21.167	-0.276	1013.161	57.333	0.0	0.0	0.0	0.0	0.0	2657480027777836790
2026-07-07T11:30:31.802	1	32.0	21.28	0.0	0.0	0.0	-300000.0	22.914	21.123	-0.125	1013.187	57.321	0.0	0.0	0.0	0.0	0.0	2657480027777836790
2026-07-07T11:30:32.805	1	32.0	21.224	0.0	0.0	0.0	-300000.0	22.914	21.151	-0.346	1013.222	57.333	0.0	0.0	0.0	0.0	0.0	2657480027777836790
2026-07-07T11:30:33.809	1	32.0	21.241	0.0	0.0	0.0	-300000.0	22.914	21.151	-0.165	1013.126	57.32	0.0	0.0	0.0	0.0	0.0	2657480027777836790
2026-07-07T11:30:34.812	1	32.0	21.169	0.0	0.0	0.0	-300000.0	22.914	21.175	-0.507	1013.152	57.332	0.0	0.0	0.0	0.0	0.0	2657480027777836790
2026-07-07T11:30:35.815	1	32.0	21.305	0.0	0.0	0.0	-300000.0	22.921	21.159	-0.306	1013.143	57.333	0.0	0.0	0.0	0.0	0.0	2657480027777836790
2026-07-07T11:30:36.817	1	32.0	21.239	0.0	0.0	0.0	-300000.0	22.914	21.147	-0.336	1013.108	57.333	0.0	0.0	0.0	0.0	0.0	2657480027777836790
2026-07-07T11:30:37.820	1	32.0	21.214	0.0	0.0	0.0	-300000.0	22.914	21.179	-0.376	1013.161	57.319	0.0	0.0	0.0	0.0	0.0	2657480027777836790
2026-07-07T11:30:38.824	1	32.0	21.196	0.0	0.0	0.0	-300000.0	22.921	21.163	-0.125	1013.187	57.31	0.0	0.0	0.0	0.0	0.0	2657480027777836790
2026-07-07T11:30:39.826	1	32.0	21.268	0.0	0.0	0.0	-300000.0	22.921	21.171	-0.235	1013.108	57.31	0.0	0.0	0.0	0.0	0.0	2657480027777836790
2026-07-07T11:30:40.829	1	32.0	21.176	0.0	0.0	0.0	-300000.0	22.914	21.135	-0.155	1013.055	57.298	0.0	0.0	0.0	0.0	0.0	2657480027777836790
2026-07-07T11:30:41.831	1	32.0	21.191	0.0	0.0	0.0	-300000.0	22.914	21.159	-0.326	1013.204	57.297	0.0	0.0	0.0	0.0	0.0	2657480027777836790
2026-07-07T11:30:42.835	1	32.0	21.242	0.0	0.0	0.0	-300000.0	22.921	21.123	-0.014	1013.161	57.288	0.0	0.0	0.0	0.0	0.0	2657480027777836790
2026-07-07T11:30:43.837	1	32.0	21.231	0.0	0.0	0.0	-300000.0	22.921	21.163	-0.256	1013.143	57.288	0.0	0.0	0.0	0.0	0.0	2657480027777836790
2026-07-07T11:30:44.840	1	32.0	21.242	0.0	0.0	0.0	-300000.0	22.914	21.167	-0.035	1013.143	57.274	0.0	0.0	0.0	0.0	0.0	2657480027777836790
2026-07-07T11:30:45.844	1	32.0	21.246	0.0	0.0	0.0	-300000.0	22.914	21.175	-0.035	1013.099	57.297	0.0	0.0	0.0	0.0	0.0	2657480027777836790
2026-07-07T11:30:46.847	1	32.0	21.198	0.0	0.0	0.0	-300000.0	22.914	21.163	-0.145	1013.143	57.262	0.0	0.0	0.0	0.0	0.0	2657480027777836790
2026-07-07T11:30:47.850	1	32.0	21.257	0.0	0.0	0.0	-300000.0	22.914	21.139	-0.266	1013.152	57.275	0.0	0.0	0.0	0.0	0.0	2657480027777836790
2026-07-07T11:30:48.853	1	32.0	21.188	0.0	0.0	0.0	-300000.0	22.914	21.139	-0.406	1013.082	57.251	0.0	0.0	0.0	0.0	0.0	2657480027777836790
2026-07-07T11:30:49.855	1	32.0	21.191	0.0	0.0	0.0	-300000.0	22.914	21.163	-0.286	1013.222	57.264	0.0	0.0	0.0	0.0	0.0	2657480027777836790
2026-07-07T11:30:50.859	1	32.0	21.323	0.0	0.0	0.0	-300000.0	22.914	21.147	-0.045	1013.17	57.24	0.0	0.0	0.0	0.0	0.0	2657480027777836790
2026-07-07T11:30:51.863	1	32.0	21.224	0.0	0.0	0.0	-300000.0	22.914	21.151	-0.175	1013.178	57.263	0.0	0.0	0.0	0.0	0.0	2657480027777836790
2026-07-07T11:30:52.865	1	32.0	21.294	0.0	0.0	0.0	-300000.0	22.914	21.167	-0.105	1013.143	57.24	0.0	0.0	0.0	0.0	0.0	2657480027777836790
2026-07-07T11:30:53.868	1	32.0	21.148	0.0	0.0	0.0	-300000.0	22.906	21.159	-0.235	1013.117	57.262	0.0	0.0	0.0	0.0	0.0	2657480027777836790
2026-07-07T11:30:54.871	1	32.0	21.201	0.0	0.0	0.0	-300000.0	22.914	21.159	-0.115	1013.204	57.241	0.0	0.0	0.0	0.0	0.0	2657480027777836790
2026-07-07T11:30:55.876	1	32.0	21.202	0.0	0.0	0.0	-300000.0	22.906	21.167	-0.145	1013.17	57.242	0.0	0.0	0.0	0.0	0.0	2657480027777836790
2026-07-07T11:30:56.880	1	32.0	21.142	0.0	0.0	0.0	-300000.0	22.914	21.167	-0.115	1013.178	57.252	0.0	0.0	0.0	0.0	0.0	2657480027777836790
2026-07-07T11:30:57.883	1	32.0	21.255	0.0	0.0	0.0	-300000.0	22.906	21.159	-0.035	1013.196	57.262	0.0	0.0	0.0	0.0	0.0	2657480027777836790
2026-07-07T11:30:58.886	1	32.0	21.127	0.0	0.0	0.0	-300000.0	22.914	21.163	-0.095	1013.152	57.252	0.0	0.0	0.0	0.0	0.0	2657480027777836790
2026-07-07T11:30:59.892	1	32.0	21.165	0.0	0.0	0.0	-300000.0	22.914	21.179	0.106	1013.196	57.262	0.0	0.0	0.0	0.0	0.0	2657480027777836790
2026-07-07T11:31:00.895	1	32.0	21.194	0.0	0.0	0.0	-300000.0	22.906	21.151	-0.195	1013.196	57.251	0.0	0.0	0.0	0.0	0.0	2657480027777836790
2026-07-07T11:31:01.899	1	32.0	21.198	0.0	0.0	0.0	-300000.0	22.906	21.171	-0.055	1013.135	57.228	0.0	0.0	0.0	0.0	0.0	2657480027777836790
2026-07-07T11:31:02.902	1	32.0	21.225	0.0	0.0	0.0	-300000.0	22.914	21.171	-0.738	1013.213	57.253	0.0	0.0	0.0	0.0	0.0	2657480027777836790
2026-07-07T11:31:03.905	1	32.0	21.28	0.0	0.0	0.0	-300000.0	22.906	21.175	-0.235	1013.152	57.263	0.0	0.0	0.0	0.0	0.0	2657480027777836790
2026-07-07T11:31:04.908	1	32.0	21.245	0.0	0.0	0.0	-300000.0	22.914	21.131	-0.316	1013.17	57.24	0.0	0.0	0.0	0.0	0.0	2657480027777836790
2026-07-07T11:31:05.911	1	32.0	21.227	0.0	0.0	0.0	-300000.0	22.914	21.171	-0.085	1013.178	57.252	0.0	0.0	0.0	0.0	0.0	2657480027777836790
2026-07-07T11:31:06.913	1	32.0	21.161	0.0	0.0	0.0	-300000.0	22.914	21.171	0.187	1013.222	57.251	0.0	0.0	0.0	0.0	0.0	2657480027777836790
2026-07-07T11:31:07.916	1	32.0	21.207	0.0	0.0	0.0	-300000.0	22.914	21.155	-0.045	1013.24	57.251	0.0	0.0	0.0	0.0	0.0	2657480027777836790
2026-07-07T11:31:08.918	1	32.0	21.175	0.0	0.0	0.0	-300000.0	22.906	21.171	-0.125	1013.144	57.25	0.0	0.0	0.0	0.0	0.0	2657480027777836790
2026-07-07T11:31:09.921	1	32.0	21.197	0.0	0.0	0.0	-300000.0	22.906	21.155	0.066	1013.204	57.252	0.0	0.0	0.0	0.0	0.0	2657480027777836790
2026-07-07T11:31:10.924	1	32.0	21.177	0.0	0.0	0.0	-300000.0	22.906	21.175	-0.115	1013.204	57.252	0.0	0.0	0.0	0.0	0.0	2657480027777836790
2026-07-07T11:31:11.929	1	32.0	21.26	0.0	0.0	0.0	-300000.0	22.914	21.163	-0.125	1013.231	57.252	0.0	0.0	0.0	0.0	0.0	2657480027777836790
2026-07-07T11:31:12.933	1	32.0	21.208	0.0	0.0	0.0	-300000.0	22.914	21.155	-0.185	1013.213	57.253	0.0	0.0	0.0	0.0	0.0	2657480027777836790
2026-07-07T11:31:13.937	1	32.0	21.261	0.0	0.0	0.0	-300000.0	22.898	21.155	-0.276	1013.196	57.24	0.0	0.0	0.0	0.0	0.0	2657480027777836790
2026-07-07T11:31:14.940	1	32.0	21.19	0.0	0.0	0.0	-300000.0	22.906	21.159	-0.195	1013.161	57.262	0.0	0.0	0.0	0.0	0.0	2657480027777836790
2026-07-07T11:31:15.943	1	32.0	21.196	0.0	0.0	0.0	-300000.0	22.914	21.163	-0.195	1013.143	57.251	0.0	0.0	0.0	0.0	0.0	2657480027777836790
2026-07-07T11:31:16.945	1	32.0	21.226	0.0	0.0	0.0	-300000.0	22.906	21.187	-0.155	1013.196	57.262	0.0	0.0	0.0	0.0	0.0	2657480027777836790
2026-07-07T11:31:17.949	1	32.0	21.23	0.0	0.0	0.0	-300000.0	22.906	21.151	-0.045	1013.187	57.251	0.0	0.0	0.0	0.0	0.0	2657480027777836790
2026-07-07T11:31:18.952	1	32.0	21.22	0.0	0.0	0.0	-300000.0	22.906	21.191	-0.225	1013.204	57.263	0.0	0.0	0.0	0.0	0.0	2657480027777836790
2026-07-07T11:31:19.955	1	32.0	21.227	0.0	0.0	0.0	-300000.0	22.914	21.183	-0.045	1013.213	57.274	0.0	0.0	0.0	0.0	0.0	2657480027777836790
2026-07-07T11:31:20.957	1	32.0	21.213	0.0	0.0	0.0	-300000.0	22.898	21.195	0.166	1013.196	57.296	0.0	0.0	0.0	0.0	0.0	2657480027777836790
2026-07-07T11:31:21.959	1	32.0	21.227	0.0	0.0	0.0	-300000.0	22.906	21.183	-0.024	1013.187	57.285	0.0	0.0	0.0	0.0	0.0	2657480027777836790
2026-07-07T11:31:22.962	1	32.0	21.194	0.0	0.0	0.0	-300000.0	22.906	21.191	-0.256	1013.222	57.285	0.0	0.0	0.0	0.0	0.0	2657480027777836790
2026-07-07T11:31:23.965	1	32.0	21.255	0.0	0.0	0.0	-300000.0	22.898	21.127	-0.125	1013.213	57.285	0.0	0.0	0.0	0.0	0.0	2657480027777836790
2026-07-07T11:31:24.968	1	32.0	21.219	0.0	0.0	0.0	-300000.0	22.906	21.223	-0.155	1013.196	57.284	0.0	0.0	0.0	0.0	0.0	2657480027777836790
2026-07-07T11:31:25.971	1	32.0	21.218	0.0	0.0	0.0	-300000.0	22.906	21.179	-0.065	1013.24	57.285	0.0	0.0	0.0	0.0	0.0	2657480027777836790
2026-07-07T11:31:26.974	1	32.0	21.344	0.0	0.0	0.0	-300000.0	22.906	21.159	-0.125	1013.187	57.296	0.0	0.0	0.0	0.0	0.0	2657480027777836790
2026-07-07T11:31:27.978	1	32.0	21.245	0.0	0.0	0.0	-300000.0	22.898	21.147	-0.246	1013.204	57.275	0.0	0.0	0.0	0.0	0.0	2657480027777836790
2026-07-07T11:31:28.981	1	32.0	21.271	0.0	0.0	0.0	-300000.0	22.898	21.163	-0.246	1013.1	57.261	0.0	0.0	0.0	0.0	0.0	2657480027777836790
2026-07-07T11:31:29.987	1	32.0	21.176	0.0	0.0	0.0	-300000.0	22.898	21.159	-0.296	1013.17	57.284	0.0	0.0	0.0	0.0	0.0	2657480027777836790
2026-07-07T11:31:30.990	1	32.0	21.166	0.0	0.0	0.0	-300000.0	22.898	21.191	-0.165	1013.213	57.262	0.0	0.0	0.0	0.0	0.0	2657480027777836790
2026-07-07T11:31:31.995	1	32.0	21.312	0.0	0.0	0.0	-300000.0	22.906	21.143	-0.125	1013.292	57.24	0.0	0.0	0.0	0.0	0.0	2657480027777836790
2026-07-07T11:31:32.998	1	32.0	21.182	0.0	0.0	0.0	-300000.0	22.898	21.179	-0.215	1013.213	57.262	0.0	0.0	0.0	0.0	0.0	2657480027777836790
2026-07-07T11:31:34.001	1	32.0	21.213	0.0	0.0	0.0	-300000.0	22.898	21.147	-0.035	1013.205	57.25	0.0	0.0	0.0	0.0	0.0	2657480027777836790
2026-07-07T11:31:35.004	1	32.0	21.331	0.0	0.0	0.0	-300000.0	22.906	21.159	-0.045	1013.205	57.25	0.0	0.0	0.0	0.0	0.0	2657480027777836790
2026-07-07T11:31:36.007	1	32.0	21.242	0.0	0.0	0.0	-300000.0	22.906	21.135	-0.085	1013.222	57.24	0.0	0.0	0.0	0.0	0.0	2657480027777836790
2026-07-07T11:31:37.010	1	32.0	21.256	0.0	0.0	0.0	-300000.0	22.906	21.147	-0.165	1013.257	57.227	0.0	0.0	0.0	0.0	0.0	2657480027777836790
2026-07-07T11:31:38.014	1	32.0	21.316	0.0	0.0	0.0	-300000.0	22.898	21.139	-0.045	1013.24	57.228	0.0	0.0	0.0	0.0	0.0	2657480027777836790
2026-07-07T11:31:39.017	1	32.0	21.318	0.0	0.0	0.0	-300000.0	22.906	21.155	-0.256	1013.231	57.227	0.0	0.0	0.0	0.0	0.0	2657480027777836790
2026-07-07T11:31:40.020	1	32.0	21.262	0.0	0.0	0.0	-300000.0	22.898	21.159	-0.175	1013.205	57.216	0.0	0.0	0.0	0.0	0.0	2657480027777836790
2026-07-07T11:31:41.023	1	32.0	21.215	0.0	0.0	0.0	-300000.0	22.898	21.159	0.006	1013.213	57.206	0.0	0.0	0.0	0.0	0.0	2657480027777836790
2026-07-07T11:31:42.026	1	32.0	21.213	0.0	0.0	0.0	-300000.0	22.906	21.171	-0.346	1013.24	57.195	0.0	0.0	0.0	0.0	0.0	2657480027777836790
2026-07-07T11:31:43.029	1	32.0	21.21	0.0	0.0	0.0	-300000.0	22.898	21.147	-0.225	1013.196	57.194	0.0	0.0	0.0	0.0	0.0	2657480027777836790
2026-07-07T11:31:44.032	1	32.0	21.204	0.0	0.0	0.0	-300000.0	22.906	21.175	-0.356	1013.161	57.183	0.0	0.0	0.0	0.0	0.0	2657480027777836790
2026-07-07T11:31:45.036	1	32.0	21.174	0.0	0.0	0.0	-300000.0	22.898	21.175	-0.256	1013.135	57.183	0.0	0.0	0.0	0.0	0.0	2657480027777836790
2026-07-07T11:31:46.042	1	32.0	21.164	0.0	0.0	0.0	-300000.0	22.898	21.139	-0.135	1013.161	57.172	0.0	0.0	0.0	0.0	0.0	2657480027777836790
2026-07-07T11:31:47.045	1	32.0	21.256	0.0	0.0	0.0	-300000.0	22.898	21.147	-0.055	1013.213	57.183	0.0	0.0	0.0	0.0	0.0	2657480027777836790
2026-07-07T11:31:48.050	1	32.0	21.215	0.0	0.0	0.0	-300000.0	22.906	21.155	-0.165	1013.187	57.195	0.0	0.0	0.0	0.0	0.0	2657480027777836790
2026-07-07T11:31:49.053	1	32.0	21.25	0.0	0.0	0.0	-300000.0	22.898	21.139	-0.266	1013.196	57.16	0.0	0.0	0.0	0.0	0.0	2657480027777836790
2026-07-07T11:31:50.057	1	32.0	21.201	0.0	0.0	0.0	-300000.0	22.898	21.131	0.016	1013.196	57.17	0.0	0.0	0.0	0.0	0.0	2657480027777836790
2026-07-07T11:31:51.060	1	32.0	21.16	0.0	0.0	0.0	-300000.0	22.898	21.139	-0.316	1013.275	57.16	0.0	0.0	0.0	0.0	0.0	2657480027777836790
2026-07-07T11:31:52.065	1	32.0	21.254	0.0	0.0	0.0	-300000.0	22.898	21.159	-0.185	1013.161	57.161	0.0	0.0	0.0	0.0	0.0	2657480027777836790
2026-07-07T11:31:53.068	1	32.0	21.284	0.0	0.0	0.0	-300000.0	22.898	21.151	-0.266	1013.231	57.17	0.0	0.0	0.0	0.0	0.0	2657480027777836790
2026-07-07T11:31:54.072	1	32.0	21.234	0.0	0.0	0.0	-300000.0	22.898	21.147	-0.366	1013.178	57.16	0.0	0.0	0.0	0.0	0.0	2657480027777836790
2026-07-07T11:31:55.074	1	32.0	21.198	0.0	0.0	0.0	-300000.0	22.89	21.143	-0.286	1013.222	57.182	0.0	0.0	0.0	0.0	0.0	2657480027777836790
2026-07-07T11:31:56.078	1	32.0	21.268	0.0	0.0	0.0	-300000.0	22.89	21.127	-0.065	1013.24	57.161	0.0	0.0	0.0	0.0	0.0	2657480027777836790
2026-07-07T11:31:57.080	1	32.0	21.238	0.0	0.0	0.0	-300000.0	22.898	21.159	0.016	1013.196	57.17	0.0	0.0	0.0	0.0	0.0	2657480027777836790
2026-07-07T11:31:58.082	1	32.0	21.247	0.0	0.0	0.0	-300000.0	22.898	21.151	-0.246	1013.222	57.17	0.0	0.0	0.0	0.0	0.0	2657480027777836790
2026-07-07T11:31:59.086	1	32.0	21.218	0.0	0.0	0.0	-300000.0	22.898	21.167	-0.125	1013.24	57.161	0.0	0.0	0.0	0.0	0.0	2657480027777836790
2026-07-07T11:32:00.088	1	32.0	21.188	0.0	0.0	0.0	-300000.0	22.898	21.175	-0.065	1013.17	57.17	0.0	0.0	0.0	0.0	0.0	2657480027777836790
2026-07-07T11:32:01.091	1	32.0	21.237	0.0	0.0	0.0	-300000.0	22.898	21.159	-0.085	1013.257	57.17	0.0	0.0	0.0	0.0	0.0	2657480027777836790
2026-07-07T11:32:02.094	1	32.0	21.212	0.0	0.0	0.0	-300000.0	22.898	21.143	0.036	1013.144	57.16	0.0	0.0	0.0	0.0	0.0	2657480027777836790
2026-07-07T11:32:03.097	1	32.0	21.242	0.0	0.0	0.0	-300000.0	22.89	21.155	-0.135	1013.17	57.16	0.0	0.0	0.0	0.0	0.0	2657480027777836790
2026-07-07T11:32:04.101	1	32.0	21.254	0.0	0.0	0.0	-300000.0	22.898	21.147	-0.376	1013.213	57.161	0.0	0.0	0.0	0.0	0.0	2657480027777836790
2026-07-07T11:32:05.104	1	32.0	21.25	0.0	0.0	0.0	-300000.0	22.898	21.159	-0.276	1013.187	57.159	0.0	0.0	0.0	0.0	0.0	2657480027777836790
2026-07-07T11:32:06.107	1	32.0	21.193	0.0	0.0	0.0	-300000.0	22.898	21.163	0.066	1013.231	57.148	0.0	0.0	0.0	0.0	0.0	2657480027777836790
2026-07-07T11:32:07.110	1	32.0	21.234	0.0	0.0	0.0	-300000.0	22.89	21.127	0.096	1013.275	57.148	0.0	0.0	0.0	0.0	0.0	2657480027777836790
2026-07-07T11:32:08.113	1	32.0	21.216	0.0	0.0	0.0	-300000.0	22.89	21.183	-0.105	1013.231	57.146	0.0	0.0	0.0	0.0	0.0	2657480027777836790
2026-07-07T11:32:09.116	1	32.0	21.176	0.0	0.0	0.0	-300000.0	22.89	21.175	0.367	1013.249	57.148	0.0	0.0	0.0	0.0	0.0	2657480027777836790
2026-07-07T11:32:10.119	1	32.0	21.154	0.0	0.0	0.0	-300000.0	22.898	21.175	-0.105	1013.196	57.16	0.0	0.0	0.0	0.0	0.0	2657480027777836790
2026-07-07T11:32:11.122	1	32.0	21.271	0.0	0.0	0.0	-300000.0	22.898	21.147	-0.095	1013.231	57.148	0.0	0.0	0.0	0.0	0.0	2657480027777836790
2026-07-07T11:32:12.129	1	32.0	21.261	0.0	0.0	0.0	-300000.0	22.89	21.159	-0.336	1013.205	57.16	0.0	0.0	0.0	0.0	0.0	2657480027777836790
2026-07-07T11:32:13.132	1	32.0	21.236	0.0	0.0	0.0	-300000.0	22.89	21.147	0.036	1013.222	57.148	0.0	0.0	0.0	0.0	0.0	2657480027777836790
2026-07-07T11:32:14.137	1	32.0	21.24	0.0	0.0	0.0	-300000.0	22.89	21.183	-0.185	1013.222	57.137	0.0	0.0	0.0	0.0	0.0	2657480027777836790
2026-07-07T11:32:15.140	1	32.0	21.166	0.0	0.0	0.0	-300000.0	22.89	21.183	0.056	1013.196	57.148	0.0	0.0	0.0	0.0	0.0	2657480027777836790
2026-07-07T11:32:16.142	1	32.0	21.182	0.0	0.0	0.0	-300000.0	22.89	21.179	-0.256	1013.249	57.137	0.0	0.0	0.0	0.0	0.0	2657480027777836790
2026-07-07T11:32:17.144	1	32.0	21.198	0.0	0.0	0.0	-300000.0	22.89	21.175	-0.014	1013.222	57.125	0.0	0.0	0.0	0.0	0.0	2657480027777836790
2026-07-07T11:32:18.148	1	32.0	21.222	0.0	0.0	0.0	-300000.0	22.882	21.159	-0.125	1013.196	57.125	0.0	0.0	0.0	0.0	0.0	2657480027777836790
2026-07-07T11:32:19.153	1	32.0	21.228	0.0	0.0	0.0	-300000.0	22.89	21.151	-0.256	1013.24	57.135	0.0	0.0	0.0	0.0	0.0	2657480027777836790
2026-07-07T11:32:20.156	1	32.0	21.206	0.0	0.0	0.0	-300000.0	22.89	21.147	-0.336	1013.178	57.148	0.0	0.0	0.0	0.0	0.0	2657480027777836790
2026-07-07T11:32:21.159	1	32.0	21.192	0.0	0.0	0.0	-300000.0	22.89	21.179	-0.135	1013.222	57.137	0.0	0.0	0.0	0.0	0.0	2657480027777836790
2026-07-07T11:32:22.162	1	32.0	21.173	0.0	0.0	0.0	-300000.0	22.89	21.175	-0.065	1013.187	57.125	0.0	0.0	0.0	0.0	0.0	2657480027777836790
2026-07-07T11:32:23.166	1	32.0	21.251	0.0	0.0	0.0	-300000.0	22.882	21.143	-0.055	1013.231	57.146	0.0	0.0	0.0	0.0	0.0	2657480027777836790
2026-07-07T11:32:24.170	1	32.0	21.207	0.0	0.0	0.0	-300000.0	22.89	21.147	-0.225	1013.231	57.134	0.0	0.0	0.0	0.0	0.0	2657480027777836790
2026-07-07T11:32:25.173	1	32.0	21.266	0.0	0.0	0.0	-300000.0	22.89	21.159	-0.055	1013.213	57.135	0.0	0.0	0.0	0.0	0.0	2657480027777836790
2026-07-07T11:32:26.177	1	32.0	21.197	0.0	0.0	0.0	-300000.0	22.89	21.167	-0.215	1013.213	57.113	0.0	0.0	0.0	0.0	0.0	2657480027777836790
2026-07-07T11:32:27.180	1	32.0	21.273	0.0	0.0	0.0	-300000.0	22.89	21.171	-0.095	1013.24	57.113	0.0	0.0	0.0	0.0	0.0	2657480027777836790
2026-07-07T11:32:28.184	1	32.0	21.197	0.0	0.0	0.0	-300000.0	22.882	21.183	0.006	1013.249	57.125	0.0	0.0	0.0	0.0	0.0	2657480027777836790
2026-07-07T11:32:29.186	1	32.0	21.204	0.0	0.0	0.0	-300000.0	22.882	21.175	0.006	1013.24	57.113	0.0	0.0	0.0	0.0	0.0	2657480027777836790
2026-07-07T11:32:30.189	1	32.0	21.291	0.0	0.0	0.0	-300000.0	22.89	21.183	-0.155	1013.249	57.103	0.0	0.0	0.0	0.0	0.0	2657480027777836790
2026-07-07T11:32:31.192	1	32.0	21.224	0.0	0.0	0.0	-300000.0	22.89	21.191	-0.145	1013.213	57.09	0.0	0.0	0.0	0.0	0.0	2657480027777836790
2026-07-07T11:32:32.195	1	32.0	21.244	0.0	0.0	0.0	-300000.0	22.882	21.183	-0.165	1013.266	57.102	0.0	0.0	0.0	0.0	0.0	2657480027777836790
2026-07-07T11:32:33.197	1	32.0	21.309	0.0	0.0	0.0	-300000.0	22.89	21.191	-0.296	1013.205	57.089	0.0	0.0	0.0	0.0	0.0	2657480027777836790
2026-07-07T11:32:34.204	1	32.0	21.335	0.0	0.0	0.0	-300000.0	22.89	21.227	0.086	1013.205	57.089	0.0	0.0	0.0	0.0	0.0	2657480027777836790
2026-07-07T11:32:35.206	1	32.0	21.327	0.0	0.0	0.0	-300000.0	22.89	21.187	-0.135	1013.257	57.078	0.0	0.0	0.0	0.0	0.0	2657480027777836790
2026-07-07T11:32:36.212	1	32.0	21.205	0.0	0.0	0.0	-300000.0	22.882	21.167	-0.055	1013.205	57.067	0.0	0.0	0.0	0.0	0.0	2657480027777836790
2026-07-07T11:32:37.215	1	32.0	21.249	0.0	0.0	0.0	-300000.0	22.882	21.139	-0.165	1013.284	57.067	0.0	0.0	0.0	0.0	0.0	2657480027777836790
2026-07-07T11:32:38.218	1	32.0	21.187	0.0	0.0	0.0	-300000.0	22.882	21.147	-0.165	1013.205	57.055	0.0	0.0	0.0	0.0	0.0	2657480027777836790
2026-07-07T11:32:39.223	1	32.0	21.167	0.0	0.0	0.0	-300000.0	22.882	21.187	-0.115	1013.257	57.078	0.0	0.0	0.0	0.0	0.0	2657480027777836790
2026-07-07T11:32:40.226	1	32.0	21.241	0.0	0.0	0.0	-300000.0	22.89	21.135	-0.125	1013.249	57.035	0.0	0.0	0.0	0.0	0.0	2657480027777836790
2026-07-07T11:32:41.230	1	32.0	21.206	0.0	0.0	0.0	-300000.0	22.882	21.195	0.056	1013.275	57.046	0.0	0.0	0.0	0.0	0.0	2657480027777836790
2026-07-07T11:32:42.233	1	32.0	21.226	0.0	0.0	0.0	-300000.0	22.882	21.171	0.116	1013.222	57.055	0.0	0.0	0.0	0.0	0.0	2657480027777836790
2026-07-07T11:32:43.236	1	32.0	21.238	0.0	0.0	0.0	-300000.0	22.882	21.151	-0.155	1013.257	57.044	0.0	0.0	0.0	0.0	0.0	2657480027777836790
2026-07-07T11:32:44.239	1	32.0	21.354	0.0	0.0	0.0	-300000.0	22.882	21.143	0.026	1013.275	57.035	0.0	0.0	0.0	0.0	0.0	2657480027777836790
2026-07-07T11:32:45.242	1	32.0	21.218	0.0	0.0	0.0	-300000.0	22.882	21.211	0.016	1013.266	57.056	0.0	0.0	0.0	0.0	0.0	2657480027777836790
2026-07-07T11:32:46.244	1	32.0	21.271	0.0	0.0	0.0	-300000.0	22.875	21.187	-0.406	1013.24	57.023	0.0	0.0	0.0	0.0	0.0	2657480027777836790
2026-07-07T11:32:47.247	1	32.0	21.116	0.0	0.0	0.0	-300000.0	22.882	21.163	-0.296	1013.222	57.058	0.0	0.0	0.0	0.0	0.0	2657480027777836790
2026-07-07T11:32:48.250	1	32.0	21.223	0.0	0.0	0.0	-300000.0	22.882	21.163	-0.306	1013.187	57.044	0.0	0.0	0.0	0.0	0.0	2657480027777836790
2026-07-07T11:32:49.253	1	32.0	21.211	0.0	0.0	0.0	-300000.0	22.882	21.179	-0.195	1013.231	57.044	0.0	0.0	0.0	0.0	0.0	2657480027777836790
2026-07-07T11:32:50.255	1	32.0	21.19	0.0	0.0	0.0	-300000.0	22.882	21.183	-0.296	1013.17	57.044	0.0	0.0	0.0	0.0	0.0	2657480027777836790
2026-07-07T11:32:51.258	1	32.0	21.205	0.0	0.0	0.0	-300000.0	22.882	21.195	-0.095	1013.205	57.033	0.0	0.0	0.0	0.0	0.0	2657480027777836790
2026-07-07T11:32:52.261	1	32.0	21.181	0.0	0.0	0.0	-300000.0	22.875	21.175	0.046	1013.24	57.045	0.0	0.0	0.0	0.0	0.0	2657480027777836790
2026-07-07T11:32:53.264	1	32.0	21.261	0.0	0.0	0.0	-300000.0	22.882	21.143	-0.125	1013.205	57.022	0.0	0.0	0.0	0.0	0.0	2657480027777836790
2026-07-07T11:32:54.267	1	32.0	21.276	0.0	0.0	0.0	-300000.0	22.882	21.171	-0.205	1013.222	57.022	0.0	0.0	0.0	0.0	0.0	2657480027777836790
2026-07-07T11:32:55.270	1	32.0	21.244	0.0	0.0	0.0	-300000.0	22.882	21.147	-0.145	1013.231	57.01	0.0	0.0	0.0	0.0	0.0	2657480027777836790
2026-07-07T11:32:56.273	1	32.0	21.222	0.0	0.0	0.0	-300000.0	22.882	21.175	-0.195	1013.196	56.999	0.0	0.0	0.0	0.0	0.0	2657480027777836790
2026-07-07T11:32:57.276	1	32.0	21.256	0.0	0.0	0.0	-300000.0	22.882	21.167	-0.306	1013.249	57.024	0.0	0.0	0.0	0.0	0.0	2657480027777836790
2026-07-07T11:32:58.279	1	32.0	21.172	0.0	0.0	0.0	-300000.0	22.882	21.179	-0.235	1013.205	57.01	0.0	0.0	0.0	0.0	0.0	2657480027777836790
2026-07-07T11:32:59.282	1	32.0	21.367	0.0	0.0	0.0	-300000.0	22.882	21.195	-0.085	1013.249	57.01	0.0	0.0	0.0	0.0	0.0	2657480027777836790
2026-07-07T11:33:00.285	1	32.0	21.307	0.0	0.0	0.0	-300000.0	22.882	21.179	-0.055	1013.196	56.999	0.0	0.0	0.0	0.0	0.0	2657480027777836790
2026-07-07T11:33:01.288	1	32.0	21.216	0.0	0.0	0.0	-300000.0	22.882	21.151	-0.286	1013.205	56.999	0.0	0.0	0.0	0.0	0.0	2657480027777836790
2026-07-07T11:33:02.291	1	32.0	21.19	0.0	0.0	0.0	-300000.0	22.882	21.167	-0.095	1013.257	56.999	0.0	0.0	0.0	0.0	0.0	2657480027777836790
2026-07-07T11:33:03.294	1	32.0	21.173	0.0	0.0	0.0	-300000.0	22.875	21.187	-0.165	1013.266	57.01	0.0	0.0	0.0	0.0	0.0	2657480027777836790
2026-07-07T11:33:04.298	1	32.0	21.227	0.0	0.0	0.0	-300000.0	22.882	21.179	-0.175	1013.275	57.01	0.0	0.0	0.0	0.0	0.0	2657480027777836790
2026-07-07T11:33:05.302	1	32.0	21.264	0.0	0.0	0.0	-300000.0	22.882	21.183	-0.276	1013.231	56.987	0.0	0.0	0.0	0.0	0.0	2657480027777836790
2026-07-07T11:33:06.305	1	32.0	21.28	0.0	0.0	0.0	-300000.0	22.875	21.175	0.066	1013.24	57.033	0.0	0.0	0.0	0.0	0.0	2657480027777836790
2026-07-07T11:33:07.309	1	32.0	21.242	0.0	0.0	0.0	-300000.0	22.875	21.151	-0.336	1013.249	56.999	0.0	0.0	0.0	0.0	0.0	2657480027777836790
2026-07-07T11:33:08.312	1	32.0	21.241	0.0	0.0	0.0	-300000.0	22.875	21.199	-0.085	1013.257	57.022	0.0	0.0	0.0	0.0	0.0	2657480027777836790
2026-07-07T11:33:09.318	1	32.0	21.194	0.0	0.0	0.0	-300000.0	22.882	21.163	0.026	1013.24	57.01	0.0	0.0	0.0	0.0	0.0	2657480027777836790
2026-07-07T11:33:10.321	1	32.0	21.204	0.0	0.0	0.0	-300000.0	22.875	21.163	-0.296	1013.284	57.022	0.0	0.0	0.0	0.0	0.0	2657480027777836790
2026-07-07T11:33:11.323	1	32.0	21.193	0.0	0.0	0.0	-300000.0	22.882	21.199	-0.085	1013.257	57.022	0.0	0.0	0.0	0.0	0.0	2657480027777836790
2026-07-07T11:33:12.327	1	32.0	21.212	0.0	0.0	0.0	-300000.0	22.882	21.187	-0.085	1013.205	57.022	0.0	0.0	0.0	0.0	0.0	2657480027777836790
2026-07-07T11:33:13.329	1	32.0	21.225	0.0	0.0	0.0	-300000.0	22.875	21.179	-0.075	1013.257	57.033	0.0	0.0	0.0	0.0	0.0	2657480027777836790
2026-07-07T11:33:14.333	1	32.0	21.267	0.0	0.0	0.0	-300000.0	22.875	21.175	-0.537	1013.24	57.022	0.0	0.0	0.0	0.0	0.0	2657480027777836790
2026-07-07T11:33:15.336	1	32.0	21.245	0.0	0.0	0.0	-300000.0	22.875	21.171	-0.326	1013.266	57.022	0.0	0.0	0.0	0.0	0.0	2657480027777836790
2026-07-07T11:33:16.338	1	32.0	21.252	0.0	0.0	0.0	-300000.0	22.875	21.175	-0.075	1013.196	57.022	0.0	0.0	0.0	0.0	0.0	2657480027777836790
2026-07-07T11:33:17.341	1	32.0	21.247	0.0	0.0	0.0	-300000.0	22.875	21.147	-0.266	1013.24	57.022	0.0	0.0	0.0	0.0	0.0	2657480027777836790
2026-07-07T11:33:18.345	1	32.0	21.227	0.0	0.0	0.0	-300000.0	22.875	21.163	-0.095	1013.249	57.019	0.0	0.0	0.0	0.0	0.0	2657480027777836790
2026-07-07T11:33:19.348	1	32.0	21.22	0.0	0.0	0.0	-300000.0	22.875	21.159	-0.185	1013.257	57.01	0.0	0.0	0.0	0.0	0.0	2657480027777836790
2026-07-07T11:33:20.354	1	32.0	21.237	0.0	0.0	0.0	-300000.0	22.875	21.183	-0.266	1013.24	57.01	0.0	0.0	0.0	0.0	0.0	2657480027777836790
2026-07-07T11:33:21.365	1	32.0	21.296	0.0	0.0	0.0	-300000.0	22.875	21.163	-0.095	1013.24	57.022	0.0	0.0	0.0	0.0	0.0	2657480027777836790
2026-07-07T11:33:22.369	1	32.0	21.266	0.0	0.0	0.0	-300000.0	22.875	21.155	-0.175	1013.249	57.033	0.0	0.0	0.0	0.0	0.0	2657480027777836790
2026-07-07T11:33:23.371	1	32.0	21.242	0.0	0.0	0.0	-300000.0	22.875	21.159	-0.215	1013.257	57.022	0.0	0.0	0.0	0.0	0.0	2657480027777836790
2026-07-07T11:33:24.378	1	32.0	21.187	0.0	0.0	0.0	-300000.0	22.875	21.175	-0.165	1013.249	57.022	0.0	0.0	0.0	0.0	0.0	2657480027777836790
2026-07-07T11:33:25.382	1	32.0	21.189	0.0	0.0	0.0	-300000.0	22.867	21.167	-0.035	1013.222	56.999	0.0	0.0	0.0	0.0	0.0	2657480027777836790
2026-07-07T11:33:26.387	1	32.0	21.182	0.0	0.0	0.0	-300000.0	22.867	21.163	-0.185	1013.24	57.01	0.0	0.0	0.0	0.0	0.0	2657480027777836790
2026-07-07T11:33:27.389	1	32.0	21.227	0.0	0.0	0.0	-300000.0	22.867	21.167	0.066	1013.231	56.998	0.0	0.0	0.0	0.0	0.0	2657480027777836790
2026-07-07T11:33:28.392	1	32.0	21.169	0.0	0.0	0.0	-300000.0	22.867	21.155	-0.266	1013.258	56.998	0.0	0.0	0.0	0.0	0.0	2657480027777836790
2026-07-07T11:33:29.395	1	32.0	21.193	0.0	0.0	0.0	-300000.0	22.875	21.175	-0.175	1013.187	56.999	0.0	0.0	0.0	0.0	0.0	2657480027777836790
2026-07-07T11:33:30.398	1	32.0	21.242	0.0	0.0	0.0	-300000.0	22.875	21.179	-0.296	1013.249	56.974	0.0	0.0	0.0	0.0	0.0	2657480027777836790
2026-07-07T11:33:31.401	1	32.0	21.235	0.0	0.0	0.0	-300000.0	22.875	21.203	-0.055	1013.24	56.954	0.0	0.0	0.0	0.0	0.0	2657480027777836790
2026-07-07T11:33:32.404	1	32.0	21.206	0.0	0.0	0.0	-300000.0	22.867	21.179	-0.185	1013.284	56.954	0.0	0.0	0.0	0.0	0.0	2657480027777836790
2026-07-07T11:33:33.407	1	32.0	21.27	0.0	0.0	0.0	-300000.0	22.875	21.167	-0.125	1013.275	56.94	0.0	0.0	0.0	0.0	0.0	2657480027777836790
2026-07-07T11:33:34.410	1	32.0	21.196	0.0	0.0	0.0	-300000.0	22.867	21.171	-0.396	1013.266	56.931	0.0	0.0	0.0	0.0	0.0	2657480027777836790
2026-07-07T11:33:35.413	1	32.0	21.22	0.0	0.0	0.0	-300000.0	22.867	21.179	-0.326	1013.24	56.942	0.0	0.0	0.0	0.0	0.0	2657480027777836790
2026-07-07T11:33:36.417	1	32.0	21.213	0.0	0.0	0.0	-300000.0	22.867	21.183	-0.225	1013.179	56.918	0.0	0.0	0.0	0.0	0.0	2657480027777836790
2026-07-07T11:33:37.420	1	32.0	21.206	0.0	0.0	0.0	-300000.0	22.867	21.171	-0.256	1013.301	56.909	0.0	0.0	0.0	0.0	0.0	2657480027777836790
2026-07-07T11:33:38.423	1	32.0	21.243	0.0	0.0	0.0	-300000.0	22.867	21.191	-0.035	1013.231	56.908	0.0	0.0	0.0	0.0	0.0	2657480027777836790
2026-07-07T11:33:39.426	1	32.0	21.258	0.0	0.0	0.0	-300000.0	22.867	21.207	-0.035	1013.249	56.909	0.0	0.0	0.0	0.0	0.0	2657480027777836790
2026-07-07T11:33:40.429	1	32.0	21.241	0.0	0.0	0.0	-300000.0	22.867	21.195	-0.155	1013.328	56.909	0.0	0.0	0.0	0.0	0.0	2657480027777836790
2026-07-07T11:33:41.432	1	32.0	21.237	0.0	0.0	0.0	-300000.0	22.867	21.207	-0.286	1013.196	56.917	0.0	0.0	0.0	0.0	0.0	2657480027777836790
2026-07-07T11:33:42.435	1	32.0	21.344	0.0	0.0	0.0	-300000.0	22.867	21.231	-0.045	1013.266	56.909	0.0	0.0	0.0	0.0	0.0	2657480027777836790
2026-07-07T11:33:43.438	1	32.0	21.429	0.0	0.0	0.0	-300000.0	22.867	21.183	3.854	1013.196	56.886	0.0	0.0	0.0	0.0	0.0	2657480027777836790
2026-07-07T11:33:44.442	1	32.0	21.323	0.0	0.0	0.0	-300000.0	22.867	21.187	4.196	1013.24	56.895	0.0	0.0	0.0	0.0	0.0	2657480027777836790
2026-07-07T11:33:45.449	1	32.0	21.23	0.0	0.0	0.0	-300000.0	22.867	21.175	3.975	1013.231	56.884	0.0	0.0	0.0	0.0	0.0	2657480027777836790
2026-07-07T11:33:46.453	1	32.0	21.156	0.0	0.0	0.0	-300000.0	22.867	21.147	4.317	1013.231	56.884	0.0	0.0	0.0	0.0	0.0	2657480027777836790
2026-07-07T11:33:47.456	1	32.0	21.314	0.0	0.0	0.0	-300000.0	22.867	21.175	4.106	1013.231	56.874	0.0	0.0	0.0	0.0	0.0	2657480027777836790
2026-07-07T11:33:48.458	1	32.0	21.195	0.0	0.0	0.0	-300000.0	22.867	21.223	4.015	1013.231	56.874	0.0	0.0	0.0	0.0	0.0	2657480027777836790
2026-07-07T11:33:49.461	1	32.0	21.296	0.0	0.0	0.0	-300000.0	22.875	21.155	3.683	1013.179	56.884	0.0	0.0	0.0	0.0	0.0	2657480027777836790
2026-07-07T11:33:50.464	1	32.0	21.17	0.0	0.0	0.0	-300000.0	22.867	21.167	3.894	1013.231	56.86	0.0	0.0	0.0	0.0	0.0	2657480027777836790
2026-07-07T11:33:51.467	1	32.0	21.236	0.0	0.0	0.0	-300000.0	22.867	21.171	3.734	1013.223	56.849	0.0	0.0	0.0	0.0	0.0	2657480027777836790
2026-07-07T11:33:52.470	1	32.0	21.248	0.0	0.0	0.0	-300000.0	22.867	21.147	3.512	1013.223	56.861	0.0	0.0	0.0	0.0	0.0	2657480027777836790
2026-07-07T11:33:53.473	1	32.0	21.318	0.0	0.0	0.0	-300000.0	22.867	21.139	3.703	1013.24	56.852	0.0	0.0	0.0	0.0	0.0	2657480027777836790
2026-07-07T11:33:54.476	1	32.0	21.301	0.0	0.0	0.0	-300000.0	22.867	21.199	3.452	1013.205	56.862	0.0	0.0	0.0	0.0	0.0	2657480027777836790
2026-07-07T11:33:55.488	1	32.0	21.275	0.0	0.0	0.0	-300000.0	22.875	21.135	3.693	1013.24	56.852	0.0	0.0	0.0	0.0	0.0	2657480027777836790
2026-07-07T11:33:56.491	1	32.0	21.277	0.0	0.0	0.0	-300000.0	22.867	21.203	3.351	1013.223	56.838	0.0	0.0	0.0	0.0	0.0	2657480027777836790
2026-07-07T11:33:57.495	1	32.0	21.194	0.0	0.0	0.0	-300000.0	22.867	21.183	3.191	1013.161	56.849	0.0	0.0	0.0	0.0	0.0	2657480027777836790
2026-07-07T11:33:58.498	1	32.0	21.312	0.0	0.0	0.0	-300000.0	22.859	21.191	3.231	1013.284	56.829	0.0	0.0	0.0	0.0	0.0	2657480027777836790
2026-07-07T11:33:59.500	1	32.0	21.301	0.0	0.0	0.0	-300000.0	22.867	21.151	3.191	1013.214	56.852	0.0	0.0	0.0	0.0	0.0	2657480027777836790
2026-07-07T11:34:00.504	1	32.0	21.172	0.0	0.0	0.0	-300000.0	22.859	21.147	3.251	1013.187	56.849	0.0	0.0	0.0	0.0	0.0	2657480027777836790
2026-07-07T11:34:01.507	1	32.0	21.266	0.0	0.0	0.0	-300000.0	22.867	21.187	3.06	1013.205	56.839	0.0	0.0	0.0	0.0	0.0	2657480027777836790
2026-07-07T11:34:02.510	1	32.0	21.215	0.0	0.0	0.0	-300000.0	22.859	21.171	3.301	1013.223	56.838	0.0	0.0	0.0	0.0	0.0	2657480027777836790
2026-07-07T11:34:03.513	1	32.0	21.276	0.0	0.0	0.0	-300000.0	22.859	21.155	3.05	1013.266	56.84	0.0	0.0	0.0	0.0	0.0	2657480027777836790
2026-07-07T11:34:04.516	1	32.0	21.158	0.0	0.0	0.0	-300000.0	22.867	21.183	2.969	1013.319	56.84	0.0	0.0	0.0	0.0	0.0	2657480027777836790
2026-07-07T11:34:05.521	1	32.0	21.225	0.0	0.0	0.0	-300000.0	22.867	21.191	3.0	1013.275	56.849	0.0	0.0	0.0	0.0	0.0	2657480027777836790
2026-07-07T11:34:06.525	1	32.0	21.185	0.0	0.0	0.0	-300000.0	22.867	21.159	3.261	1013.187	56.861	0.0	0.0	0.0	0.0	0.0	2657480027777836790
2026-07-07T11:34:07.528	1	32.0	21.135	0.0	0.0	0.0	-300000.0	22.859	21.199	2.929	1013.196	56.838	0.0	0.0	0.0	0.0	0.0	2657480027777836790
2026-07-07T11:34:08.531	1	32.0	21.248	0.0	0.0	0.0	-300000.0	22.867	21.223	3.1	1013.223	56.849	0.0	0.0	0.0	0.0	0.0	2657480027777836790
2026-07-07T11:34:09.534	1	32.0	21.216	0.0	0.0	0.0	-300000.0	22.859	21.147	2.678	1013.231	56.839	0.0	0.0	0.0	0.0	0.0	2657480027777836790
2026-07-07T11:34:10.536	1	32.0	21.162	0.0	0.0	0.0	-300000.0	22.859	21.155	2.939	1013.249	56.838	0.0	0.0	0.0	0.0	0.0	2657480027777836790
2026-07-07T11:34:11.541	1	32.0	21.168	0.0	0.0	0.0	-300000.0	22.859	21.167	2.969	1013.266	56.838	0.0	0.0	0.0	0.0	0.0	2657480027777836790
2026-07-07T11:34:12.545	1	32.0	21.21	0.0	0.0	0.0	-300000.0	22.867	21.179	3.191	1013.196	56.826	0.0	0.0	0.0	0.0	0.0	2657480027777836790
2026-07-07T11:34:13.547	1	32.0	21.312	0.0	0.0	0.0	-300000.0	22.859	21.179	2.949	1013.223	56.838	0.0	0.0	0.0	0.0	0.0	2657480027777836790
2026-07-07T11:34:14.551	1	32.0	21.207	0.0	0.0	0.0	-300000.0	22.859	21.171	2.879	1013.275	56.827	0.0	0.0	0.0	0.0	0.0	2657480027777836790
2026-07-07T11:34:15.554	1	32.0	21.256	0.0	0.0	0.0	-300000.0	22.859	21.203	2.879	1013.249	56.827	0.0	0.0	0.0	0.0	0.0	2657480027777836790
2026-07-07T11:34:16.557	1	32.0	21.281	0.0	0.0	0.0	-300000.0	22.859	21.191	2.889	1013.24	56.827	0.0	0.0	0.0	0.0	0.0	2657480027777836790
2026-07-07T11:34:17.560	1	32.0	21.171	0.0	0.0	0.0	-300000.0	22.859	21.175	2.869	1013.24	56.838	0.0	0.0	0.0	0.0	0.0	2657480027777836790
2026-07-07T11:34:18.563	1	32.0	21.348	0.0	0.0	0.0	-300000.0	22.859	21.159	2.728	1013.258	56.829	0.0	0.0	0.0	0.0	0.0	2657480027777836790
2026-07-07T11:34:19.566	1	32.0	21.244	0.0	0.0	0.0	-300000.0	22.859	21.155	2.678	1013.24	56.827	0.0	0.0	0.0	0.0	0.0	2657480027777836790
2026-07-07T11:34:20.568	1	32.0	21.2	0.0	0.0	0.0	-300000.0	22.859	21.179	2.99	1013.223	56.826	0.0	0.0	0.0	0.0	0.0	2657480027777836790
2026-07-07T11:34:21.572	1	32.0	21.315	0.0	0.0	0.0	-300000.0	22.859	21.135	2.497	1013.266	56.827	0.0	0.0	0.0	0.0	0.0	2657480027777836790
2026-07-07T11:34:22.575	1	32.0	21.28	0.0	0.0	0.0	-300000.0	22.859	21.139	2.728	1013.275	56.838	0.0	0.0	0.0	0.0	0.0	2657480027777836790
2026-07-07T11:34:23.577	1	32.0	21.329	0.0	0.0	0.0	-300000.0	22.859	21.183	2.779	1013.214	56.849	0.0	0.0	0.0	0.0	0.0	2657480027777836790
2026-07-07T11:34:24.581	1	32.0	21.238	0.0	0.0	0.0	-300000.0	22.859	21.171	2.939	1013.223	56.827	0.0	0.0	0.0	0.0	0.0	2657480027777836790
2026-07-07T11:34:25.587	1	32.0	21.193	0.0	0.0	0.0	-300000.0	22.859	21.191	2.608	1013.249	56.827	0.0	0.0	0.0	0.0	0.0	2657480027777836790
2026-07-07T11:34:26.590	1	32.0	21.227	0.0	0.0	0.0	-300000.0	22.859	21.191	2.748	1013.249	56.827	0.0	0.0	0.0	0.0	0.0	2657480027777836790
2026-07-07T11:34:27.593	1	32.0	21.243	0.0	0.0	0.0	-300000.0	22.867	21.159	2.347	1013.223	56.838	0.0	0.0	0.0	0.0	0.0	2657480027777836790
2026-07-07T11:34:28.596	1	32.0	21.304	0.0	0.0	0.0	-300000.0	22.859	21.155	2.728	1013.223	56.838	0.0	0.0	0.0	0.0	0.0	2657480027777836790
2026-07-07T11:34:29.599	1	32.0	21.18	0.0	0.0	0.0	-300000.0	22.859	21.147	2.658	1013.249	56.838	0.0	0.0	0.0	0.0	0.0	2657480027777836790
2026-07-07T11:34:30.602	1	32.0	21.14	0.0	0.0	0.0	-300000.0	22.851	21.211	2.608	1013.214	56.849	0.0	0.0	0.0	0.0	0.0	2657480027777836790
2026-07-07T11:34:31.606	1	32.0	21.255	0.0	0.0	0.0	-300000.0	22.859	21.163	2.648	1013.275	56.816	0.0	0.0	0.0	0.0	0.0	2657480027777836790
2026-07-07T11:34:32.609	1	32.0	21.254	0.0	0.0	0.0	-300000.0	22.851	21.159	2.849	1013.187	56.838	0.0	0.0	0.0	0.0	0.0	2657480027777836790
2026-07-07T11:34:33.612	1	32.0	21.218	0.0	0.0	0.0	-300000.0	22.859	21.179	2.859	1013.214	56.827	0.0	0.0	0.0	0.0	0.0	2657480027777836790
2026-07-07T11:34:34.614	1	32.0	21.215	0.0	0.0	0.0	-300000.0	22.859	21.167	2.598	1013.266	56.838	0.0	0.0	0.0	0.0	0.0	2657480027777836790
2026-07-07T11:34:35.618	1	32.0	21.236	0.0	0.0	0.0	-300000.0	22.851	21.191	2.779	1013.205	56.826	0.0	0.0	0.0	0.0	0.0	2657480027777836790
2026-07-07T11:34:36.621	1	32.0	21.212	0.0	0.0	0.0	-300000.0	22.851	21.191	2.929	1013.249	56.838	0.0	0.0	0.0	0.0	0.0	2657480027777836790
2026-07-07T11:34:37.625	1	32.0	21.244	0.0	0.0	0.0	-300000.0	22.859	21.187	2.628	1013.231	56.86	0.0	0.0	0.0	0.0	0.0	2657480027777836790
2026-07-07T11:34:38.629	1	32.0	21.263	0.0	0.0	0.0	-300000.0	22.851	21.179	2.909	1013.223	56.838	0.0	0.0	0.0	0.0	0.0	2657480027777836790
2026-07-07T11:34:39.633	1	32.0	21.239	0.0	0.0	0.0	-300000.0	22.851	21.163	2.618	1013.231	56.848	0.0	0.0	0.0	0.0	0.0	2657480027777836790
2026-07-07T11:34:40.636	1	32.0	21.169	0.0	0.0	0.0	-300000.0	22.851	21.187	2.789	1013.205	56.837	0.0	0.0	0.0	0.0	0.0	2657480027777836790
2026-07-07T11:34:41.639	1	32.0	21.235	0.0	0.0	0.0	-300000.0	22.851	21.191	2.779	1013.152	56.826	0.0	0.0	0.0	0.0	0.0	2657480027777836790
2026-07-07T11:34:42.641	1	32.0	21.285	0.0	0.0	0.0	-300000.0	22.851	21.159	2.708	1013.231	56.837	0.0	0.0	0.0	0.0	0.0	2657480027777836790
2026-07-07T11:34:43.644	1	32.0	21.231	0.0	0.0	0.0	-300000.0	22.851	21.167	2.769	1013.24	56.838	0.0	0.0	0.0	0.0	0.0	2657480027777836790
2026-07-07T11:34:44.647	1	32.0	21.226	0.0	0.0	0.0	-300000.0	22.851	21.163	2.628	1013.266	56.816	0.0	0.0	0.0	0.0	0.0	2657480027777836790
2026-07-07T11:34:45.650	1	32.0	21.235	0.0	0.0	0.0	-300000.0	22.859	21.179	2.678	1013.266	56.827	0.0	0.0	0.0	0.0	0.0	2657480027777836790
2026-07-07T11:34:46.653	1	32.0	21.256	0.0	0.0	0.0	-300000.0	22.851	21.175	2.919	1013.214	56.816	0.0	0.0	0.0	0.0	0.0	2657480027777836790
2026-07-07T11:34:47.656	1	32.0	21.251	0.0	0.0	0.0	-300000.0	22.851	21.191	2.949	1013.205	56.815	0.0	0.0	0.0	0.0	0.0	2657480027777836790
2026-07-07T11:34:48.660	1	32.0	21.301	0.0	0.0	0.0	-300000.0	22.851	21.207	2.437	1013.205	56.826	0.0	0.0	0.0	0.0	0.0	2657480027777836790
2026-07-07T11:34:49.663	1	32.0	21.284	0.0	0.0	0.0	-300000.0	22.851	21.203	2.748	1013.223	56.826	0.0	0.0	0.0	0.0	0.0	2657480027777836790
2026-07-07T11:34:50.666	1	32.0	21.26	0.0	0.0	0.0	-300000.0	22.851	21.195	2.578	1013.223	56.815	0.0	0.0	0.0	0.0	0.0	2657480027777836790
2026-07-07T11:34:51.669	1	32.0	21.309	0.0	0.0	0.0	-300000.0	22.851	21.187	2.889	1013.231	56.826	0.0	0.0	0.0	0.0	0.0	2657480027777836790
2026-07-07T11:34:52.671	1	32.0	21.289	0.0	0.0	0.0	-300000.0	22.851	21.131	2.759	1013.266	56.816	0.0	0.0	0.0	0.0	0.0	2657480027777836790
2026-07-07T11:34:53.674	1	32.0	21.326	0.0	0.0	0.0	-300000.0	22.851	21.111	2.588	1013.205	56.803	0.0	0.0	0.0	0.0	0.0	2657480027777836790
2026-07-07T11:34:54.678	1	32.0	21.261	0.0	0.0	0.0	-300000.0	22.851	21.167	2.779	1013.196	56.815	0.0	0.0	0.0	0.0	0.0	2657480027777836790
2026-07-07T11:34:55.681	1	32.0	21.375	0.0	0.0	0.0	-300000.0	22.851	21.143	2.759	1013.179	56.826	0.0	0.0	0.0	0.0	0.0	2657480027777836790
2026-07-07T11:34:56.684	1	32.0	21.337	0.0	0.0	0.0	-300000.0	22.851	21.175	2.819	1013.258	56.815	0.0	0.0	0.0	0.0	0.0	2657480027777836790
2026-07-07T11:34:57.687	1	32.0	21.188	0.0	0.0	0.0	-300000.0	22.851	21.135	2.608	1013.231	56.803	0.0	0.0	0.0	0.0	0.0	2657480027777836790
2026-07-07T11:34:58.689	1	32.0	21.263	0.0	0.0	0.0	-300000.0	22.851	21.151	2.899	1013.205	56.815	0.0	0.0	0.0	0.0	0.0	2657480027777836790
2026-07-07T11:34:59.693	1	32.0	21.275	0.0	0.0	0.0	-300000.0	22.851	21.167	2.809	1013.223	56.803	0.0	0.0	0.0	0.0	0.0	2657480027777836790
2026-07-07T11:35:00.696	1	32.0	21.242	0.0	0.0	0.0	-300000.0	22.851	21.171	2.809	1013.214	56.816	0.0	0.0	0.0	0.0	0.0	2657480027777836790
2026-07-07T11:35:01.699	1	32.0	21.204	0.0	0.0	0.0	-300000.0	22.843	21.191	2.728	1013.179	56.826	0.0	0.0	0.0	0.0	0.0	2657480027777836790
2026-07-07T11:35:02.702	1	32.0	21.362	0.0	0.0	0.0	-300000.0	22.851	21.147	3.09	1013.284	56.826	0.0	0.0	0.0	0.0	0.0	2657480027777836790
2026-07-07T11:35:03.704	1	32.0	21.298	0.0	0.0	0.0	-300000.0	22.851	21.175	2.588	1013.231	56.837	0.0	0.0	0.0	0.0	0.0	2657480027777836790
2026-07-07T11:35:04.707	1	32.0	21.253	0.0	0.0	0.0	-300000.0	22.843	21.155	2.718	1013.293	56.838	0.0	0.0	0.0	0.0	0.0	2657480027777836790
2026-07-07T11:35:05.709	1	32.0	21.322	0.0	0.0	0.0	-300000.0	22.851	21.171	2.829	1013.152	56.837	0.0	0.0	0.0	0.0	0.0	2657480027777836790
2026-07-07T11:35:06.712	1	32.0	21.278	0.0	0.0	0.0	-300000.0	22.851	21.147	2.809	1013.284	56.826	0.0	0.0	0.0	0.0	0.0	2657480027777836790
2026-07-07T11:35:07.715	1	32.0	21.304	0.0	0.0	0.0	-300000.0	22.843	21.131	2.879	1013.188	56.802	0.0	0.0	0.0	0.0	0.0	2657480027777836790
2026-07-07T11:35:08.717	1	32.0	21.31	0.0	0.0	0.0	-300000.0	22.851	21.151	2.879	1013.205	56.803	0.0	0.0	0.0	0.0	0.0	2657480027777836790
2026-07-07T11:35:09.721	1	32.0	21.295	0.0	0.0	0.0	-300000.0	22.843	21.175	2.608	1013.196	56.791	0.0	0.0	0.0	0.0	0.0	2657480027777836790
2026-07-07T11:35:10.724	1	32.0	21.148	0.0	0.0	0.0	-300000.0	22.843	21.175	2.819	1013.179	56.781	0.0	0.0	0.0	0.0	0.0	2657480027777836790
2026-07-07T11:35:11.729	1	32.0	21.296	0.0	0.0	0.0	-300000.0	22.843	21.143	2.899	1013.231	56.791	0.0	0.0	0.0	0.0	0.0	2657480027777836790
2026-07-07T11:35:12.732	1	32.0	21.232	0.0	0.0	0.0	-300000.0	22.851	21.167	2.889	1013.223	56.791	0.0	0.0	0.0	0.0	0.0	2657480027777836790
2026-07-07T11:35:13.735	1	32.0	21.232	0.0	0.0	0.0	-300000.0	22.843	21.179	2.738	1013.223	56.781	0.0	0.0	0.0	0.0	0.0	2657480027777836790
2026-07-07T11:35:14.738	1	32.0	21.334	0.0	0.0	0.0	-300000.0	22.851	21.203	2.889	1013.249	56.769	0.0	0.0	0.0	0.0	0.0	2657480027777836790
2026-07-07T11:35:15.741	1	32.0	21.225	0.0	0.0	0.0	-300000.0	22.851	21.183	2.809	1013.17	56.781	0.0	0.0	0.0	0.0	0.0	2657480027777836790
2026-07-07T11:35:16.745	1	32.0	21.262	0.0	0.0	0.0	-300000.0	22.851	21.139	2.769	1013.161	56.771	0.0	0.0	0.0	0.0	0.0	2657480027777836790
2026-07-07T11:35:17.748	1	32.0	21.301	0.0	0.0	0.0	-300000.0	22.851	21.159	2.708	1013.205	56.758	0.0	0.0	0.0	0.0	0.0	2657480027777836790
2026-07-07T11:35:18.751	1	32.0	21.198	0.0	0.0	0.0	-300000.0	22.851	21.155	2.889	1013.24	56.768	0.0	0.0	0.0	0.0	0.0	2657480027777836790
2026-07-07T11:35:19.754	1	32.0	21.236	0.0	0.0	0.0	-300000.0	22.843	21.123	2.738	1013.24	56.768	0.0	0.0	0.0	0.0	0.0	2657480027777836790
2026-07-07T11:35:20.758	1	32.0	21.172	0.0	0.0	0.0	-300000.0	22.843	21.147	2.929	1013.205	56.747	0.0	0.0	0.0	0.0	0.0	2657480027777836790
2026-07-07T11:35:21.761	1	32.0	21.207	0.0	0.0	0.0	-300000.0	22.843	21.159	2.618	1013.249	56.758	0.0	0.0	0.0	0.0	0.0	2657480027777836790
2026-07-07T11:35:22.765	1	32.0	21.312	0.0	0.0	0.0	-300000.0	22.843	21.159	2.537	1013.161	56.746	0.0	0.0	0.0	0.0	0.0	2657480027777836790
2026-07-07T11:35:23.768	1	32.0	21.188	0.0	0.0	0.0	-300000.0	22.843	21.147	2.487	1013.24	56.723	0.0	0.0	0.0	0.0	0.0	2657480027777836790
2026-07-07T11:35:24.771	1	32.0	21.237	0.0	0.0	0.0	-300000.0	22.843	21.171	2.879	1013.24	56.723	0.0	0.0	0.0	0.0	0.0	2657480027777836790
2026-07-07T11:35:25.774	1	32.0	21.256	0.0	0.0	0.0	-300000.0	22.843	21.183	2.527	1013.24	56.723	0.0	0.0	0.0	0.0	0.0	2657480027777836790
2026-07-07T11:35:26.778	1	32.0	21.168	0.0	0.0	0.0	-300000.0	22.843	21.171	2.819	1013.223	56.736	0.0	0.0	0.0	0.0	0.0	2657480027777836790
2026-07-07T11:35:27.781	1	32.0	21.292	0.0	0.0	0.0	-300000.0	22.843	21.175	2.789	1013.188	56.711	0.0	0.0	0.0	0.0	0.0	2657480027777836790
2026-07-07T11:35:28.784	1	32.0	21.206	0.0	0.0	0.0	-300000.0	22.843	21.155	3.0	1013.188	56.734	0.0	0.0	0.0	0.0	0.0	2657480027777836790
2026-07-07T11:35:29.787	1	32.0	21.195	0.0	0.0	0.0	-300000.0	22.843	21.127	2.919	1013.214	56.746	0.0	0.0	0.0	0.0	0.0	2657480027777836790
2026-07-07T11:35:30.790	1	32.0	21.225	0.0	0.0	0.0	-300000.0	22.843	21.155	2.99	1013.24	56.734	0.0	0.0	0.0	0.0	0.0	2657480027777836790
2026-07-07T11:35:31.794	1	32.0	21.227	0.0	0.0	0.0	-300000.0	22.843	21.139	2.748	1013.153	56.746	0.0	0.0	0.0	0.0	0.0	2657480027777836790
2026-07-07T11:35:32.798	1	32.0	21.205	0.0	0.0	0.0	-300000.0	22.843	21.143	2.759	1013.214	56.723	0.0	0.0	0.0	0.0	0.0	2657480027777836790
2026-07-07T11:35:33.800	1	32.0	21.33	0.0	0.0	0.0	-300000.0	22.843	21.179	2.708	1013.196	56.736	0.0	0.0	0.0	0.0	0.0	2657480027777836790
2026-07-07T11:35:34.802	1	32.0	21.281	0.0	0.0	0.0	-300000.0	22.843	21.159	2.959	1013.214	56.723	0.0	0.0	0.0	0.0	0.0	2657480027777836790
2026-07-07T11:35:35.805	1	32.0	21.278	0.0	0.0	0.0	-300000.0	22.843	21.147	2.849	1013.223	56.724	0.0	0.0	0.0	0.0	0.0	2657480027777836790
2026-07-07T11:35:36.809	1	32.0	21.228	0.0	0.0	0.0	-300000.0	22.843	21.155	2.759	1013.214	56.734	0.0	0.0	0.0	0.0	0.0	2657480027777836790
2026-07-07T11:35:37.812	1	32.0	21.179	0.0	0.0	0.0	-300000.0	22.843	21.187	2.678	1013.24	56.759	0.0	0.0	0.0	0.0	0.0	2657480027777836790
2026-07-07T11:35:38.816	1	32.0	21.186	0.0	0.0	0.0	-300000.0	22.835	21.171	2.839	1013.188	56.734	0.0	0.0	0.0	0.0	0.0	2657480027777836790
2026-07-07T11:35:39.819	1	32.0	21.26	0.0	0.0	0.0	-300000.0	22.835	21.183	2.779	1013.24	56.723	0.0	0.0	0.0	0.0	0.0	2657480027777836790
2026-07-07T11:35:40.822	1	32.0	21.258	0.0	0.0	0.0	-300000.0	22.835	21.131	2.698	1013.249	56.712	0.0	0.0	0.0	0.0	0.0	2657480027777836790
2026-07-07T11:35:41.825	1	32.0	21.182	0.0	0.0	0.0	-300000.0	22.843	21.159	2.487	1013.214	56.734	0.0	0.0	0.0	0.0	0.0	2657480027777836790
2026-07-07T11:35:42.828	1	32.0	21.292	0.0	0.0	0.0	-300000.0	22.843	21.139	2.809	1013.205	56.723	0.0	0.0	0.0	0.0	0.0	2657480027777836790
2026-07-07T11:35:43.831	1	32.0	21.277	0.0	0.0	0.0	-300000.0	22.843	21.175	2.748	1013.24	56.723	0.0	0.0	0.0	0.0	0.0	2657480027777836790
2026-07-07T11:35:44.835	1	32.0	21.191	0.0	0.0	0.0	-300000.0	22.835	21.131	2.879	1013.196	56.724	0.0	0.0	0.0	0.0	0.0	2657480027777836790
2026-07-07T11:35:45.838	1	32.0	21.214	0.0	0.0	0.0	-300000.0	22.843	21.159	2.929	1013.24	56.723	0.0	0.0	0.0	0.0	0.0	2657480027777836790
2026-07-07T11:35:46.841	1	32.0	21.309	0.0	0.0	0.0	-300000.0	22.843	21.163	2.959	1013.179	56.711	0.0	0.0	0.0	0.0	0.0	2657480027777836790
2026-07-07T11:35:47.847	1	32.0	21.186	0.0	0.0	0.0	-300000.0	22.835	21.159	2.588	1013.24	56.689	0.0	0.0	0.0	0.0	0.0	2657480027777836790
2026-07-07T11:35:48.850	1	32.0	21.199	0.0	0.0	0.0	-300000.0	22.835	21.167	2.779	1013.24	56.711	0.0	0.0	0.0	0.0	0.0	2657480027777836790
2026-07-07T11:35:49.852	1	32.0	21.236	0.0	0.0	0.0	-300000.0	22.843	21.175	2.859	1013.144	56.69	0.0	0.0	0.0	0.0	0.0	2657480027777836790
2026-07-07T11:35:50.855	1	32.0	21.266	0.0	0.0	0.0	-300000.0	22.835	21.171	2.799	1013.17	56.688	0.0	0.0	0.0	0.0	0.0	2657480027777836790
2026-07-07T11:35:51.859	1	32.0	21.246	0.0	0.0	0.0	-300000.0	22.843	21.147	2.899	1013.197	56.666	0.0	0.0	0.0	0.0	0.0	2657480027777836790
2026-07-07T11:35:52.863	1	32.0	21.227	0.0	0.0	0.0	-300000.0	22.835	21.139	2.387	1013.188	56.689	0.0	0.0	0.0	0.0	0.0	2657480027777836790
2026-07-07T11:35:53.866	1	32.0	21.211	0.0	0.0	0.0	-300000.0	22.835	21.175	2.819	1013.214	56.678	0.0	0.0	0.0	0.0	0.0	2657480027777836790
2026-07-07T11:35:54.869	1	32.0	21.259	0.0	0.0	0.0	-300000.0	22.835	21.163	2.558	1013.232	56.689	0.0	0.0	0.0	0.0	0.0	2657480027777836790
2026-07-07T11:35:55.872	1	32.0	21.223	0.0	0.0	0.0	-300000.0	22.835	21.163	2.728	1013.126	56.689	0.0	0.0	0.0	0.0	0.0	2657480027777836790
2026-07-07T11:35:56.874	1	32.0	21.249	0.0	0.0	0.0	-300000.0	22.843	21.171	2.779	1013.188	56.689	0.0	0.0	0.0	0.0	0.0	2657480027777836790
2026-07-07T11:35:57.877	1	32.0	21.261	0.0	0.0	0.0	-300000.0	22.835	21.179	2.598	1013.214	56.689	0.0	0.0	0.0	0.0	0.0	2657480027777836790
2026-07-07T11:35:58.880	1	32.0	21.226	0.0	0.0	0.0	-300000.0	22.835	21.187	2.769	1013.188	56.701	0.0	0.0	0.0	0.0	0.0	2657480027777836790
2026-07-07T11:35:59.884	1	32.0	21.269	0.0	0.0	0.0	-300000.0	22.835	21.171	2.819	1013.267	56.701	0.0	0.0	0.0	0.0	0.0	2657480027777836790
2026-07-07T11:36:00.886	1	32.0	21.238	0.0	0.0	0.0	-300000.0	22.835	21.187	2.688	1013.197	56.71	0.0	0.0	0.0	0.0	0.0	2657480027777836790
2026-07-07T11:36:01.889	1	32.0	21.225	0.0	0.0	0.0	-300000.0	22.843	21.175	2.799	1013.249	56.702	0.0	0.0	0.0	0.0	0.0	2657480027777836790
2026-07-07T11:36:02.893	1	32.0	21.192	0.0	0.0	0.0	-300000.0	22.835	21.183	3.04	1013.161	56.689	0.0	0.0	0.0	0.0	0.0	2657480027777836790
2026-07-07T11:36:03.897	1	32.0	21.307	0.0	0.0	0.0	-300000.0	22.835	21.167	2.959	1013.223	56.688	0.0	0.0	0.0	0.0	0.0	2657480027777836790
2026-07-07T11:36:04.899	1	32.0	21.236	0.0	0.0	0.0	-300000.0	22.835	21.187	2.527	1013.188	56.688	0.0	0.0	0.0	0.0	0.0	2657480027777836790
2026-07-07T11:36:05.901	1	32.0	21.128	0.0	0.0	0.0	-300000.0	22.835	21.163	2.708	1013.17	56.688	0.0	0.0	0.0	0.0	0.0	2657480027777836790
2026-07-07T11:36:06.904	1	32.0	21.159	0.0	0.0	0.0	-300000.0	22.835	21.159	2.839	1013.197	56.666	0.0	0.0	0.0	0.0	0.0	2657480027777836790
2026-07-07T11:36:07.907	1	32.0	21.192	0.0	0.0	0.0	-300000.0	22.835	21.155	2.849	1013.232	56.666	0.0	0.0	0.0	0.0	0.0	2657480027777836790
2026-07-07T11:36:08.909	1	32.0	21.231	0.0	0.0	0.0	-300000.0	22.835	21.131	3.03	1013.232	56.655	0.0	0.0	0.0	0.0	0.0	2657480027777836790
2026-07-07T11:36:09.912	1	32.0	21.328	0.0	0.0	0.0	-300000.0	22.835	21.155	2.789	1013.205	56.655	0.0	0.0	0.0	0.0	0.0	2657480027777836790
2026-07-07T11:36:10.915	1	32.0	21.188	0.0	0.0	0.0	-300000.0	22.835	21.163	2.839	1013.179	56.644	0.0	0.0	0.0	0.0	0.0	2657480027777836790
2026-07-07T11:36:11.919	1	32.0	21.315	0.0	0.0	0.0	-300000.0	22.835	21.167	2.779	1013.188	56.643	0.0	0.0	0.0	0.0	0.0	2657480027777836790
2026-07-07T11:36:12.923	1	32.0	21.315	0.0	0.0	0.0	-300000.0	22.835	21.179	2.748	1013.223	56.654	0.0	0.0	0.0	0.0	0.0	2657480027777836790
2026-07-07T11:36:13.927	1	32.0	21.277	0.0	0.0	0.0	-300000.0	22.828	21.199	2.678	1013.214	56.643	0.0	0.0	0.0	0.0	0.0	2657480027777836790
2026-07-07T11:36:14.930	1	32.0	21.234	0.0	0.0	0.0	-300000.0	22.828	21.195	2.658	1013.205	56.644	0.0	0.0	0.0	0.0	0.0	2657480027777836790
2026-07-07T11:36:15.933	1	32.0	21.355	0.0	0.0	0.0	-300000.0	22.828	21.183	2.889	1013.249	56.643	0.0	0.0	0.0	0.0	0.0	2657480027777836790
2026-07-07T11:36:16.936	1	32.0	21.273	0.0	0.0	0.0	-300000.0	22.835	21.167	2.769	1013.197	56.631	0.0	0.0	0.0	0.0	0.0	2657480027777836790
2026-07-07T11:36:17.939	1	32.0	21.367	0.0	0.0	0.0	-300000.0	22.835	21.111	2.718	1013.17	56.643	0.0	0.0	0.0	0.0	0.0	2657480027777836790
2026-07-07T11:36:18.942	1	32.0	21.317	0.0	0.0	0.0	-300000.0	22.828	21.127	2.949	1013.214	56.631	0.0	0.0	0.0	0.0	0.0	2657480027777836790
2026-07-07T11:36:19.945	1	32.0	21.172	0.0	0.0	0.0	-300000.0	22.828	21.147	2.748	1013.223	56.631	0.0	0.0	0.0	0.0	0.0	2657480027777836790
2026-07-07T11:36:20.950	1	32.0	21.228	0.0	0.0	0.0	-300000.0	22.835	21.163	2.879	1013.17	56.631	0.0	0.0	0.0	0.0	0.0	2657480027777836790
2026-07-07T11:36:21.953	1	32.0	21.214	0.0	0.0	0.0	-300000.0	22.828	21.155	2.537	1013.162	56.62	0.0	0.0	0.0	0.0	0.0	2657480027777836790
2026-07-07T11:36:22.956	1	32.0	21.244	0.0	0.0	0.0	-300000.0	22.835	21.155	2.889	1013.267	56.62	0.0	0.0	0.0	0.0	0.0	2657480027777836790
2026-07-07T11:36:23.960	1	32.0	21.23	0.0	0.0	0.0	-300000.0	22.835	21.131	2.728	1013.249	56.62	0.0	0.0	0.0	0.0	0.0	2657480027777836790
2026-07-07T11:36:24.963	1	32.0	21.266	0.0	0.0	0.0	-300000.0	22.835	21.175	2.819	1013.188	56.62	0.0	0.0	0.0	0.0	0.0	2657480027777836790
2026-07-07T11:36:25.966	1	32.0	21.197	0.0	0.0	0.0	-300000.0	22.828	21.171	2.839	1013.205	56.61	0.0	0.0	0.0	0.0	0.0	2657480027777836790
2026-07-07T11:36:26.970	1	32.0	21.214	0.0	0.0	0.0	-300000.0	22.828	21.143	2.909	1013.188	56.622	0.0	0.0	0.0	0.0	0.0	2657480027777836790
2026-07-07T11:36:27.973	1	32.0	21.189	0.0	0.0	0.0	-300000.0	22.835	21.151	2.638	1013.162	56.62	0.0	0.0	0.0	0.0	0.0	2657480027777836790
2026-07-07T11:36:28.977	1	32.0	21.199	0.0	0.0	0.0	-300000.0	22.828	21.139	2.718	1013.276	56.597	0.0	0.0	0.0	0.0	0.0	2657480027777836790
2026-07-07T11:36:29.980	1	32.0	21.186	0.0	0.0	0.0	-300000.0	22.835	21.139	2.748	1013.197	56.62	0.0	0.0	0.0	0.0	0.0	2657480027777836790
2026-07-07T11:36:30.983	1	32.0	21.195	0.0	0.0	0.0	-300000.0	22.828	21.191	2.829	1013.214	56.586	0.0	0.0	0.0	0.0	0.0	2657480027777836790
2026-07-07T11:36:31.986	1	32.0	21.192	0.0	0.0	0.0	-300000.0	22.82	21.143	2.849	1013.232	56.599	0.0	0.0	0.0	0.0	0.0	2657480027777836790
2026-07-07T11:36:32.990	1	32.0	21.179	0.0	0.0	0.0	-300000.0	22.828	21.139	2.809	1013.284	56.576	0.0	0.0	0.0	0.0	0.0	2657480027777836790
2026-07-07T11:36:33.994	1	32.0	21.234	0.0	0.0	0.0	-300000.0	22.828	21.183	2.598	1013.276	56.586	0.0	0.0	0.0	0.0	0.0	2657480027777836790
2026-07-07T11:36:34.998	1	32.0	21.234	0.0	0.0	0.0	-300000.0	22.835	21.167	3.15	1013.241	56.564	0.0	0.0	0.0	0.0	0.0	2657480027777836790
2026-07-07T11:36:36.001	1	32.0	21.217	0.0	0.0	0.0	-300000.0	22.828	21.187	2.889	1013.197	56.564	0.0	0.0	0.0	0.0	0.0	2657480027777836790
2026-07-07T11:36:37.004	1	32.0	21.314	0.0	0.0	0.0	-300000.0	22.828	21.119	2.688	1013.214	56.552	0.0	0.0	0.0	0.0	0.0	2657480027777836790
2026-07-07T11:36:38.008	1	32.0	21.224	0.0	0.0	0.0	-300000.0	22.828	21.151	3.01	1013.249	56.564	0.0	0.0	0.0	0.0	0.0	2657480027777836790
2026-07-07T11:36:39.011	1	32.0	21.29	0.0	0.0	0.0	-300000.0	22.828	21.151	2.658	1013.241	56.541	0.0	0.0	0.0	0.0	0.0	2657480027777836790
2026-07-07T11:36:40.015	1	32.0	21.19	0.0	0.0	0.0	-300000.0	22.828	21.163	2.919	1013.197	56.564	0.0	0.0	0.0	0.0	0.0	2657480027777836790
2026-07-07T11:36:41.017	1	32.0	21.276	0.0	0.0	0.0	-300000.0	22.835	21.155	2.889	1013.188	56.564	0.0	0.0	0.0	0.0	0.0	2657480027777836790
2026-07-07T11:36:42.020	1	32.0	21.235	0.0	0.0	0.0	-300000.0	22.828	21.171	3.02	1013.223	56.552	0.0	0.0	0.0	0.0	0.0	2657480027777836790
2026-07-07T11:36:43.024	1	32.0	21.3	0.0	0.0	0.0	-300000.0	22.828	21.203	2.728	1013.223	56.552	0.0	0.0	0.0	0.0	0.0	2657480027777836790
2026-07-07T11:36:44.027	1	32.0	21.218	0.0	0.0	0.0	-300000.0	22.82	21.131	2.748	1013.188	56.541	0.0	0.0	0.0	0.0	0.0	2657480027777836790
2026-07-07T11:36:45.031	1	32.0	21.198	0.0	0.0	0.0	-300000.0	22.828	21.151	2.658	1013.162	56.541	0.0	0.0	0.0	0.0	0.0	2657480027777836790
2026-07-07T11:36:46.034	1	32.0	21.196	0.0	0.0	0.0	-300000.0	22.82	21.147	2.487	1013.205	56.529	0.0	0.0	0.0	0.0	0.0	2657480027777836790
2026-07-07T11:36:47.036	1	32.0	21.215	0.0	0.0	0.0	-300000.0	22.82	21.151	2.748	1013.258	56.529	0.0	0.0	0.0	0.0	0.0	2657480027777836790
2026-07-07T11:36:48.039	1	32.0	21.225	0.0	0.0	0.0	-300000.0	22.828	21.175	2.769	1013.214	56.541	0.0	0.0	0.0	0.0	0.0	2657480027777836790
2026-07-07T11:36:49.042	1	32.0	21.138	0.0	0.0	0.0	-300000.0	22.828	21.159	2.859	1013.162	56.53	0.0	0.0	0.0	0.0	0.0	2657480027777836790
2026-07-07T11:36:50.045	1	32.0	21.224	0.0	0.0	0.0	-300000.0	22.828	21.163	2.829	1013.179	56.54	0.0	0.0	0.0	0.0	0.0	2657480027777836790
2026-07-07T11:36:51.047	1	32.0	21.241	0.0	0.0	0.0	-300000.0	22.828	21.115	2.849	1013.179	56.54	0.0	0.0	0.0	0.0	0.0	2657480027777836790
2026-07-07T11:36:52.053	1	32.0	21.23	0.0	0.0	0.0	-300000.0	22.82	21.171	2.698	1013.179	56.529	0.0	0.0	0.0	0.0	0.0	2657480027777836790
2026-07-07T11:36:53.056	1	32.0	21.245	0.0	0.0	0.0	-300000.0	22.828	21.159	2.759	1013.232	56.517	0.0	0.0	0.0	0.0	0.0	2657480027777836790
2026-07-07T11:36:54.060	1	32.0	21.288	0.0	0.0	0.0	-300000.0	22.82	21.155	2.467	1013.223	56.527	0.0	0.0	0.0	0.0	0.0	2657480027777836790
2026-07-07T11:36:55.063	1	32.0	21.301	0.0	0.0	0.0	-300000.0	22.82	21.127	2.949	1013.232	56.529	0.0	0.0	0.0	0.0	0.0	2657480027777836790
2026-07-07T11:36:56.066	1	32.0	21.178	0.0	0.0	0.0	-300000.0	22.82	21.135	2.467	1013.214	56.496	0.0	0.0	0.0	0.0	0.0	2657480027777836790
2026-07-07T11:36:57.070	1	32.0	21.231	0.0	0.0	0.0	-300000.0	22.828	21.127	2.949	1013.241	56.504	0.0	0.0	0.0	0.0	0.0	2657480027777836790
2026-07-07T11:36:58.073	1	32.0	21.233	0.0	0.0	0.0	-300000.0	22.828	21.199	2.829	1013.293	56.496	0.0	0.0	0.0	0.0	0.0	2657480027777836790
2026-07-07T11:36:59.075	1	32.0	21.214	0.0	0.0	0.0	-300000.0	22.82	21.139	2.829	1013.223	56.494	0.0	0.0	0.0	0.0	0.0	2657480027777836790
2026-07-07T11:37:00.079	1	32.0	21.218	0.0	0.0	0.0	-300000.0	22.828	21.135	2.507	1013.31	56.483	0.0	0.0	0.0	0.0	0.0	2657480027777836790
2026-07-07T11:37:01.081	1	32.0	21.23	0.0	0.0	0.0	-300000.0	22.82	21.135	2.728	1013.276	56.473	0.0	0.0	0.0	0.0	0.0	2657480027777836790
2026-07-07T11:37:02.085	1	32.0	21.243	0.0	0.0	0.0	-300000.0	22.82	21.159	3.02	1013.319	56.473	0.0	0.0	0.0	0.0	0.0	2657480027777836790
2026-07-07T11:37:03.087	1	32.0	21.228	0.0	0.0	0.0	-300000.0	22.82	21.163	2.839	1013.293	56.473	0.0	0.0	0.0	0.0	0.0	2657480027777836790
2026-07-07T11:37:04.090	1	32.0	21.243	0.0	0.0	0.0	-300000.0	22.82	21.147	2.769	1013.293	56.462	0.0	0.0	0.0	0.0	0.0	2657480027777836790
2026-07-07T11:37:05.094	1	32.0	21.204	0.0	0.0	0.0	-300000.0	22.82	21.155	2.487	1013.232	56.472	0.0	0.0	0.0	0.0	0.0	2657480027777836790
2026-07-07T11:37:06.096	1	32.0	21.237	0.0	0.0	0.0	-300000.0	22.82	21.167	2.859	1013.223	56.459	0.0	0.0	0.0	0.0	0.0	2657480027777836790
2026-07-07T11:37:07.100	1	32.0	21.198	0.0	0.0	0.0	-300000.0	22.82	21.163	2.558	1013.249	56.459	0.0	0.0	0.0	0.0	0.0	2657480027777836790
2026-07-07T11:37:08.103	1	32.0	21.277	0.0	0.0	0.0	-300000.0	22.82	21.187	3.06	1013.205	56.472	0.0	0.0	0.0	0.0	0.0	2657480027777836790
2026-07-07T11:37:09.106	1	32.0	21.272	0.0	0.0	0.0	-300000.0	22.82	21.175	2.829	1013.179	56.458	0.0	0.0	0.0	0.0	0.0	2657480027777836790
2026-07-07T11:37:10.109	1	32.0	21.273	0.0	0.0	0.0	-300000.0	22.82	21.175	2.829	1013.144	56.449	0.0	0.0	0.0	0.0	0.0	2657480027777836790
2026-07-07T11:37:11.112	1	32.0	21.228	0.0	0.0	0.0	-300000.0	22.812	21.191	2.929	1013.258	56.46	0.0	0.0	0.0	0.0	0.0	2657480027777836790
2026-07-07T11:37:12.115	1	32.0	21.321	0.0	0.0	0.0	-300000.0	22.82	21.127	2.799	1013.197	56.449	0.0	0.0	0.0	0.0	0.0	2657480027777836790
2026-07-07T11:37:13.119	1	32.0	21.194	0.0	0.0	0.0	-300000.0	22.82	21.111	2.668	1013.205	56.45	0.0	0.0	0.0	0.0	0.0	2657480027777836790
2026-07-07T11:37:14.122	1	32.0	21.201	0.0	0.0	0.0	-300000.0	22.82	21.203	2.698	1013.197	56.437	0.0	0.0	0.0	0.0	0.0	2657480027777836790
2026-07-07T11:37:15.124	1	32.0	21.236	0.0	0.0	0.0	-300000.0	22.82	21.187	2.678	1013.223	56.449	0.0	0.0	0.0	0.0	0.0	2657480027777836790
2026-07-07T11:37:16.128	1	32.0	21.188	0.0	0.0	0.0	-300000.0	22.82	21.143	2.839	1013.241	56.437	0.0	0.0	0.0	0.0	0.0	2657480027777836790
2026-07-07T11:37:17.132	1	32.0	21.243	0.0	0.0	0.0	-300000.0	22.82	21.151	2.819	1013.249	56.425	0.0	0.0	0.0	0.0	0.0	2657480027777836790
2026-07-07T11:37:18.135	1	32.0	21.278	0.0	0.0	0.0	-300000.0	22.812	21.147	2.527	1013.197	56.437	0.0	0.0	0.0	0.0	0.0	2657480027777836790
2026-07-07T11:37:19.139	1	32.0	21.241	0.0	0.0	0.0	-300000.0	22.812	21.135	2.618	1013.275	56.437	0.0	0.0	0.0	0.0	0.0	2657480027777836790
2026-07-07T11:37:20.142	1	32.0	21.37	0.0	0.0	0.0	-300000.0	22.82	21.143	2.628	1013.205	56.438	0.0	0.0	0.0	0.0	0.0	2657480027777836790
2026-07-07T11:37:21.145	1	32.0	21.239	0.0	0.0	0.0	-300000.0	22.82	21.159	2.648	1013.249	56.437	0.0	0.0	0.0	0.0	0.0	2657480027777836790
2026-07-07T11:37:22.149	1	32.0	21.155	0.0	0.0	0.0	-300000.0	22.82	21.167	2.527	1013.302	56.425	0.0	0.0	0.0	0.0	0.0	2657480027777836790
2026-07-07T11:37:23.152	1	32.0	21.294	0.0	0.0	0.0	-300000.0	22.812	21.155	2.658	1013.241	56.437	0.0	0.0	0.0	0.0	0.0	2657480027777836790
2026-07-07T11:37:24.155	1	32.0	21.254	0.0	0.0	0.0	-300000.0	22.82	21.127	2.899	1013.214	56.471	0.0	0.0	0.0	0.0	0.0	2657480027777836790
2026-07-07T11:37:25.160	1	32.0	21.198	0.0	0.0	0.0	-300000.0	22.82	21.131	2.889	1013.293	56.459	0.0	0.0	0.0	0.0	0.0	2657480027777836790
2026-07-07T11:37:26.163	1	32.0	21.108	0.0	0.0	0.0	-300000.0	22.82	21.155	2.648	1013.249	56.459	0.0	0.0	0.0	0.0	0.0	2657480027777836790
2026-07-07T11:37:27.167	1	32.0	21.3	0.0	0.0	0.0	-300000.0	22.812	21.151	2.618	1013.232	56.483	0.0	0.0	0.0	0.0	0.0	2657480027777836790
2026-07-07T11:37:28.170	1	32.0	21.167	0.0	0.0	0.0	-300000.0	22.82	21.155	2.769	1013.223	56.47	0.0	0.0	0.0	0.0	0.0	2657480027777836790
2026-07-07T11:37:29.173	1	32.0	21.291	0.0	0.0	0.0	-300000.0	22.82	21.147	2.939	1013.205	56.483	0.0	0.0	0.0	0.0	0.0	2657480027777836790
2026-07-07T11:37:30.176	1	32.0	21.286	0.0	0.0	0.0	-300000.0	22.812	21.171	2.648	1013.249	56.504	0.0	0.0	0.0	0.0	0.0	2657480027777836790
2026-07-07T11:37:31.179	1	32.0	21.149	0.0	0.0	0.0	-300000.0	22.82	21.207	2.628	1013.214	56.482	0.0	0.0	0.0	0.0	0.0	2657480027777836790
2026-07-07T11:37:32.182	1	32.0	21.288	0.0	0.0	0.0	-300000.0	22.82	21.151	2.759	1013.258	56.495	0.0	0.0	0.0	0.0	0.0	2657480027777836790
2026-07-07T11:37:33.185	1	32.0	21.224	0.0	0.0	0.0	-300000.0	22.82	21.131	2.568	1013.223	56.504	0.0	0.0	0.0	0.0	0.0	2657480027777836790
2026-07-07T11:37:34.189	1	32.0	21.227	0.0	0.0	0.0	-300000.0	22.82	21.119	2.648	1013.267	56.516	0.0	0.0	0.0	0.0	0.0	2657480027777836790
2026-07-07T11:37:35.192	1	32.0	21.253	0.0	0.0	0.0	-300000.0	22.812	21.171	2.849	1013.214	56.504	0.0	0.0	0.0	0.0	0.0	2657480027777836790
2026-07-07T11:37:36.195	1	32.0	21.29	0.0	0.0	0.0	-300000.0	22.812	21.147	2.809	1013.197	56.504	0.0	0.0	0.0	0.0	0.0	2657480027777836790
2026-07-07T11:37:37.198	1	32.0	21.249	0.0	0.0	0.0	-300000.0	22.812	21.127	2.638	1013.214	56.504	0.0	0.0	0.0	0.0	0.0	2657480027777836790
2026-07-07T11:37:38.201	1	32.0	21.201	0.0	0.0	0.0	-300000.0	22.82	21.119	2.759	1013.284	56.495	0.0	0.0	0.0	0.0	0.0	2657480027777836790
2026-07-07T11:37:39.205	1	32.0	21.227	0.0	0.0	0.0	-300000.0	22.812	21.163	2.769	1013.241	56.504	0.0	0.0	0.0	0.0	0.0	2657480027777836790
2026-07-07T11:37:40.208	1	32.0	21.211	0.0	0.0	0.0	-300000.0	22.812	21.147	2.698	1013.241	56.482	0.0	0.0	0.0	0.0	0.0	2657480027777836790
2026-07-07T11:37:41.211	1	32.0	21.191	0.0	0.0	0.0	-300000.0	22.812	21.155	2.879	1013.205	56.495	0.0	0.0	0.0	0.0	0.0	2657480027777836790
2026-07-07T11:37:42.215	1	32.0	21.189	0.0	0.0	0.0	-300000.0	22.812	21.135	2.588	1013.188	56.482	0.0	0.0	0.0	0.0	0.0	2657480027777836790
2026-07-07T11:37:43.218	1	32.0	21.196	0.0	0.0	0.0	-300000.0	22.812	21.111	2.628	1013.232	56.506	0.0	0.0	0.0	0.0	0.0	2657480027777836790
2026-07-07T11:37:44.221	1	32.0	21.253	0.0	0.0	0.0	-300000.0	22.812	21.143	2.799	1013.293	56.504	0.0	0.0	0.0	0.0	0.0	2657480027777836790
2026-07-07T11:37:45.223	1	32.0	21.182	0.0	0.0	0.0	-300000.0	22.812	21.147	2.678	1013.188	56.504	0.0	0.0	0.0	0.0	0.0	2657480027777836790
2026-07-07T11:37:46.227	1	32.0	21.263	0.0	0.0	0.0	-300000.0	22.812	21.163	2.748	1013.223	56.504	0.0	0.0	0.0	0.0	0.0	2657480027777836790
2026-07-07T11:37:47.233	1	32.0	21.262	0.0	0.0	0.0	-300000.0	22.812	21.159	2.648	1013.188	56.539	0.0	0.0	0.0	0.0	0.0	2657480027777836790
2026-07-07T11:37:48.237	1	32.0	21.192	0.0	0.0	0.0	-300000.0	22.812	21.139	3.05	1013.258	56.517	0.0	0.0	0.0	0.0	0.0	2657480027777836790
2026-07-07T11:37:49.240	1	32.0	21.189	0.0	0.0	0.0	-300000.0	22.812	21.159	2.507	1013.293	56.527	0.0	0.0	0.0	0.0	0.0	2657480027777836790
2026-07-07T11:37:50.244	1	32.0	21.257	0.0	0.0	0.0	-300000.0	22.804	21.159	2.718	1013.241	56.527	0.0	0.0	0.0	0.0	0.0	2657480027777836790
2026-07-07T11:37:51.246	1	32.0	21.26	0.0	0.0	0.0	-300000.0	22.82	21.143	2.708	1013.214	56.516	0.0	0.0	0.0	0.0	0.0	2657480027777836790
2026-07-07T11:37:52.249	1	32.0	21.188	0.0	0.0	0.0	-300000.0	22.82	21.115	2.427	1013.241	56.527	0.0	0.0	0.0	0.0	0.0	2657480027777836790
2026-07-07T11:37:53.252	1	32.0	21.254	0.0	0.0	0.0	-300000.0	22.812	21.171	2.708	1013.241	56.516	0.0	0.0	0.0	0.0	0.0	2657480027777836790
2026-07-07T11:37:54.255	1	32.0	21.162	0.0	0.0	0.0	-300000.0	22.804	21.139	2.678	1013.249	56.516	0.0	0.0	0.0	0.0	0.0	2657480027777836790
2026-07-07T11:37:55.258	1	32.0	21.293	0.0	0.0	0.0	-300000.0	22.812	21.195	2.789	1013.241	56.504	0.0	0.0	0.0	0.0	0.0	2657480027777836790
2026-07-07T11:37:56.260	1	32.0	21.178	0.0	0.0	0.0	-300000.0	22.812	21.171	2.517	1013.223	56.504	0.0	0.0	0.0	0.0	0.0	2657480027777836790
2026-07-07T11:37:57.263	1	32.0	21.218	0.0	0.0	0.0	-300000.0	22.812	21.155	2.779	1013.275	56.504	0.0	0.0	0.0	0.0	0.0	2657480027777836790
2026-07-07T11:37:58.267	1	32.0	21.152	0.0	0.0	0.0	-300000.0	22.804	21.159	2.608	1013.206	56.493	0.0	0.0	0.0	0.0	0.0	2657480027777836790
2026-07-07T11:37:59.270	1	32.0	21.146	0.0	0.0	0.0	-300000.0	22.812	21.163	2.618	1013.258	56.493	0.0	0.0	0.0	0.0	0.0	2657480027777836790
2026-07-07T11:38:00.273	1	32.0	21.26	0.0	0.0	0.0	-300000.0	22.804	21.159	2.819	1013.258	56.47	0.0	0.0	0.0	0.0	0.0	2657480027777836790
2026-07-07T11:38:01.275	1	32.0	21.205	0.0	0.0	0.0	-300000.0	22.804	21.139	2.869	1013.276	56.481	0.0	0.0	0.0	0.0	0.0	2657480027777836790
2026-07-07T11:38:02.278	1	32.0	21.287	0.0	0.0	0.0	-300000.0	22.812	21.167	2.387	1013.179	56.47	0.0	0.0	0.0	0.0	0.0	2657480027777836790
2026-07-07T11:38:03.282	1	32.0	21.239	0.0	0.0	0.0	-300000.0	22.804	21.155	2.849	1013.197	56.47	0.0	0.0	0.0	0.0	0.0	2657480027777836790
2026-07-07T11:38:04.284	1	32.0	21.234	0.0	0.0	0.0	-300000.0	22.812	21.167	2.477	1013.267	56.482	0.0	0.0	0.0	0.0	0.0	2657480027777836790
2026-07-07T11:38:05.287	1	32.0	21.147	0.0	0.0	0.0	-300000.0	22.812	21.151	2.537	1013.284	56.47	0.0	0.0	0.0	0.0	0.0	2657480027777836790
2026-07-07T11:38:06.290	1	32.0	21.169	0.0	0.0	0.0	-300000.0	22.812	21.151	2.829	1013.319	56.482	0.0	0.0	0.0	0.0	0.0	2657480027777836790
2026-07-07T11:38:07.293	1	32.0	21.166	0.0	0.0	0.0	-300000.0	22.812	21.159	2.929	1013.241	56.494	0.0	0.0	0.0	0.0	0.0	2657480027777836790
2026-07-07T11:38:08.296	1	32.0	21.191	0.0	0.0	0.0	-300000.0	22.804	21.127	2.929	1013.319	56.482	0.0	0.0	0.0	0.0	0.0	2657480027777836790
2026-07-07T11:38:09.298	1	32.0	21.134	0.0	0.0	0.0	-300000.0	22.812	21.131	2.517	1013.275	56.471	0.0	0.0	0.0	0.0	0.0	2657480027777836790
2026-07-07T11:38:10.301	1	32.0	21.272	0.0	0.0	0.0	-300000.0	22.812	21.151	2.598	1013.267	56.471	0.0	0.0	0.0	0.0	0.0	2657480027777836790
2026-07-07T11:38:11.305	1	32.0	21.192	0.0	0.0	0.0	-300000.0	22.804	21.155	2.718	1013.241	56.471	0.0	0.0	0.0	0.0	0.0	2657480027777836790
2026-07-07T11:38:12.308	1	32.0	21.243	0.0	0.0	0.0	-300000.0	22.804	21.127	2.738	1013.197	56.447	0.0	0.0	0.0	0.0	0.0	2657480027777836790
2026-07-07T11:38:13.312	1	32.0	21.188	0.0	0.0	0.0	-300000.0	22.804	21.159	2.97	1013.206	56.447	0.0	0.0	0.0	0.0	0.0	2657480027777836790
2026-07-07T11:38:14.315	1	32.0	21.183	0.0	0.0	0.0	-300000.0	22.804	21.151	3.0	1013.267	56.437	0.0	0.0	0.0	0.0	0.0	2657480027777836790
2026-07-07T11:38:15.317	1	32.0	21.245	0.0	0.0	0.0	-300000.0	22.804	21.155	2.738	1013.284	56.436	0.0	0.0	0.0	0.0	0.0	2657480027777836790
2026-07-07T11:38:16.320	1	32.0	21.212	0.0	0.0	0.0	-300000.0	22.804	21.171	2.628	1013.258	56.436	0.0	0.0	0.0	0.0	0.0	2657480027777836790
2026-07-07T11:38:17.324	1	32.0	21.222	0.0	0.0	0.0	-300000.0	22.812	21.171	2.628	1013.215	56.435	0.0	0.0	0.0	0.0	0.0	2657480027777836790
2026-07-07T11:38:18.327	1	32.0	21.264	0.0	0.0	0.0	-300000.0	22.804	21.179	2.457	1013.197	56.424	0.0	0.0	0.0	0.0	0.0	2657480027777836790
2026-07-07T11:38:19.330	1	32.0	21.293	0.0	0.0	0.0	-300000.0	22.804	21.187	2.598	1013.232	56.414	0.0	0.0	0.0	0.0	0.0	2657480027777836790
2026-07-07T11:38:20.333	1	32.0	21.231	0.0	0.0	0.0	-300000.0	22.804	21.159	2.718	1013.241	56.425	0.0	0.0	0.0	0.0	0.0	2657480027777836790
2026-07-07T11:38:21.336	1	32.0	21.235	0.0	0.0	0.0	-300000.0	22.804	21.179	2.548	1013.214	56.403	0.0	0.0	0.0	0.0	0.0	2657480027777836790
2026-07-07T11:38:22.339	1	32.0	21.095	0.0	0.0	0.0	-300000.0	22.804	21.143	2.658	1013.232	56.414	0.0	0.0	0.0	0.0	0.0	2657480027777836790
2026-07-07T11:38:23.342	1	32.0	21.239	0.0	0.0	0.0	-300000.0	22.804	21.187	2.658	1013.206	56.402	0.0	0.0	0.0	0.0	0.0	2657480027777836790
2026-07-07T11:38:24.346	1	32.0	21.15	0.0	0.0	0.0	-300000.0	22.804	21.179	2.487	1013.25	56.39	0.0	0.0	0.0	0.0	0.0	2657480027777836790
2026-07-07T11:38:25.348	1	32.0	21.314	0.0	0.0	0.0	-300000.0	22.804	21.115	2.849	1013.232	56.368	0.0	0.0	0.0	0.0	0.0	2657480027777836790
2026-07-07T11:38:26.352	1	32.0	21.313	0.0	0.0	0.0	-300000.0	22.812	21.135	2.759	1013.241	56.392	0.0	0.0	0.0	0.0	0.0	2657480027777836790
2026-07-07T11:38:27.355	1	32.0	21.267	0.0	0.0	0.0	-300000.0	22.812	21.175	2.879	1013.267	56.38	0.0	0.0	0.0	0.0	0.0	2657480027777836790
2026-07-07T11:38:28.358	1	32.0	21.115	0.0	0.0	0.0	-300000.0	22.804	21.159	2.718	1013.276	56.379	0.0	0.0	0.0	0.0	0.0	2657480027777836790
2026-07-07T11:38:29.361	1	32.0	21.269	0.0	0.0	0.0	-300000.0	22.804	21.171	2.759	1013.276	56.39	0.0	0.0	0.0	0.0	0.0	2657480027777836790
2026-07-07T11:38:30.364	1	32.0	21.185	0.0	0.0	0.0	-300000.0	22.796	21.167	2.618	1013.215	56.412	0.0	0.0	0.0	0.0	0.0	2657480027777836790
2026-07-07T11:38:31.368	1	32.0	21.23	0.0	0.0	0.0	-300000.0	22.804	21.151	2.759	1013.267	56.401	0.0	0.0	0.0	0.0	0.0	2657480027777836790
2026-07-07T11:38:32.370	1	32.0	21.242	0.0	0.0	0.0	-300000.0	22.804	21.111	2.738	1013.284	56.414	0.0	0.0	0.0	0.0	0.0	2657480027777836790
2026-07-07T11:38:33.373	1	32.0	21.225	0.0	0.0	0.0	-300000.0	22.804	21.135	2.537	1013.241	56.423	0.0	0.0	0.0	0.0	0.0	2657480027777836790
2026-07-07T11:38:34.376	1	32.0	21.293	0.0	0.0	0.0	-300000.0	22.804	21.163	2.648	1013.197	56.436	0.0	0.0	0.0	0.0	0.0	2657480027777836790
2026-07-07T11:38:35.379	1	32.0	21.194	0.0	0.0	0.0	-300000.0	22.804	21.127	2.598	1013.223	56.411	0.0	0.0	0.0	0.0	0.0	2657480027777836790
2026-07-07T11:38:36.382	1	32.0	21.228	0.0	0.0	0.0	-300000.0	22.804	21.159	2.417	1013.258	56.414	0.0	0.0	0.0	0.0	0.0	2657480027777836790
2026-07-07T11:38:37.385	1	32.0	21.235	0.0	0.0	0.0	-300000.0	22.804	21.171	2.326	1013.276	56.424	0.0	0.0	0.0	0.0	0.0	2657480027777836790
2026-07-07T11:38:38.389	1	32.0	21.166	0.0	0.0	0.0	-300000.0	22.804	21.111	2.708	1013.25	56.402	0.0	0.0	0.0	0.0	0.0	2657480027777836790
2026-07-07T11:38:39.393	1	32.0	21.168	0.0	0.0	0.0	-300000.0	22.804	21.167	2.598	1013.276	56.39	0.0	0.0	0.0	0.0	0.0	2657480027777836790
2026-07-07T11:38:40.395	1	32.0	21.284	0.0	0.0	0.0	-300000.0	22.796	21.151	2.618	1013.241	56.401	0.0	0.0	0.0	0.0	0.0	2657480027777836790
2026-07-07T11:38:41.398	1	32.0	21.15	0.0	0.0	0.0	-300000.0	22.804	21.147	2.959	1013.267	56.423	0.0	0.0	0.0	0.0	0.0	2657480027777836790
2026-07-07T11:38:42.404	1	32.0	21.208	0.0	0.0	0.0	-300000.0	22.804	21.115	2.568	1013.25	56.39	0.0	0.0	0.0	0.0	0.0	2657480027777836790
2026-07-07T11:38:43.408	1	32.0	21.222	0.0	0.0	0.0	-300000.0	22.804	21.131	2.99	1013.241	56.412	0.0	0.0	0.0	0.0	0.0	2657480027777836790
2026-07-07T11:38:44.410	1	32.0	21.179	0.0	0.0	0.0	-300000.0	22.804	21.127	2.819	1013.171	56.402	0.0	0.0	0.0	0.0	0.0	2657480027777836790
2026-07-07T11:38:45.414	1	32.0	21.218	0.0	0.0	0.0	-300000.0	22.804	21.143	2.668	1013.223	56.39	0.0	0.0	0.0	0.0	0.0	2657480027777836790
2026-07-07T11:38:46.418	1	32.0	21.192	0.0	0.0	0.0	-300000.0	22.804	21.131	2.889	1013.232	56.39	0.0	0.0	0.0	0.0	0.0	2657480027777836790
2026-07-07T11:38:47.422	1	32.0	21.214	0.0	0.0	0.0	-300000.0	22.796	21.139	2.688	1013.32	56.401	0.0	0.0	0.0	0.0	0.0	2657480027777836790
2026-07-07T11:38:48.425	1	32.0	21.168	0.0	0.0	0.0	-300000.0	22.796	21.155	2.708	1013.232	56.39	0.0	0.0	0.0	0.0	0.0	2657480027777836790
2026-07-07T11:38:49.428	1	32.0	21.154	0.0	0.0	0.0	-300000.0	22.796	21.151	2.688	1013.197	56.388	0.0	0.0	0.0	0.0	0.0	2657480027777836790
2026-07-07T11:38:50.432	1	32.0	21.107	0.0	0.0	0.0	-300000.0	22.796	21.135	2.799	1013.337	56.379	0.0	0.0	0.0	0.0	0.0	2657480027777836790
2026-07-07T11:38:51.435	1	32.0	21.27	0.0	0.0	0.0	-300000.0	22.796	21.155	2.537	1013.197	56.402	0.0	0.0	0.0	0.0	0.0	2657480027777836790
2026-07-07T11:38:52.439	1	32.0	21.258	0.0	0.0	0.0	-300000.0	22.804	21.131	2.678	1013.18	56.398	0.0	0.0	0.0	0.0	0.0	2657480027777836790
2026-07-07T11:38:53.443	1	32.0	21.141	0.0	0.0	0.0	-300000.0	22.804	21.111	2.708	1013.276	56.4	0.0	0.0	0.0	0.0	0.0	2657480027777836790
2026-07-07T11:38:54.446	1	32.0	21.247	0.0	0.0	0.0	-300000.0	22.804	21.159	2.487	1013.293	56.401	0.0	0.0	0.0	0.0	0.0	2657480027777836790
2026-07-07T11:38:55.449	1	32.0	21.188	0.0	0.0	0.0	-300000.0	22.796	21.147	2.668	1013.293	56.401	0.0	0.0	0.0	0.0	0.0	2657480027777836790
2026-07-07T11:38:56.452	1	32.0	21.124	0.0	0.0	0.0	-300000.0	22.796	21.131	2.527	1013.241	56.389	0.0	0.0	0.0	0.0	0.0	2657480027777836790
2026-07-07T11:38:57.454	1	32.0	21.157	0.0	0.0	0.0	-300000.0	22.796	21.163	2.517	1013.223	56.411	0.0	0.0	0.0	0.0	0.0	2657480027777836790
2026-07-07T11:38:58.458	1	32.0	21.252	0.0	0.0	0.0	-300000.0	22.796	21.155	2.457	1013.302	56.414	0.0	0.0	0.0	0.0	0.0	2657480027777836790
2026-07-07T11:38:59.461	1	32.0	21.295	0.0	0.0	0.0	-300000.0	22.796	21.167	2.688	1013.276	56.402	0.0	0.0	0.0	0.0	0.0	2657480027777836790
2026-07-07T11:39:00.464	1	32.0	21.219	0.0	0.0	0.0	-300000.0	22.796	21.163	2.698	1013.328	56.402	0.0	0.0	0.0	0.0	0.0	2657480027777836790
2026-07-07T11:39:01.467	1	32.0	21.112	0.0	0.0	0.0	-300000.0	22.804	21.131	2.618	1013.267	56.401	0.0	0.0	0.0	0.0	0.0	2657480027777836790
2026-07-07T11:39:02.471	1	32.0	21.329	0.0	0.0	0.0	-300000.0	22.796	21.115	2.919	1013.267	56.412	0.0	0.0	0.0	0.0	0.0	2657480027777836790
2026-07-07T11:39:03.474	1	32.0	21.236	0.0	0.0	0.0	-300000.0	22.796	21.131	2.537	1013.267	56.435	0.0	0.0	0.0	0.0	0.0	2657480027777836790
2026-07-07T11:39:04.477	1	32.0	21.122	0.0	0.0	0.0	-300000.0	22.796	21.155	2.869	1013.241	56.444	0.0	0.0	0.0	0.0	0.0	2657480027777836790
2026-07-07T11:39:05.480	1	32.0	21.27	0.0	0.0	0.0	-300000.0	22.796	21.151	2.738	1013.241	56.446	0.0	0.0	0.0	0.0	0.0	2657480027777836790
2026-07-07T11:39:06.483	1	32.0	21.192	0.0	0.0	0.0	-300000.0	22.796	21.143	2.819	1013.267	56.435	0.0	0.0	0.0	0.0	0.0	2657480027777836790
2026-07-07T11:39:07.486	1	32.0	21.262	0.0	0.0	0.0	-300000.0	22.796	21.175	2.889	1013.215	56.458	0.0	0.0	0.0	0.0	0.0	2657480027777836790
2026-07-07T11:39:08.489	1	32.0	21.13	0.0	0.0	0.0	-300000.0	22.796	21.135	2.748	1013.267	56.446	0.0	0.0	0.0	0.0	0.0	2657480027777836790
2026-07-07T11:39:09.495	1	32.0	21.271	0.0	0.0	0.0	-300000.0	22.796	21.147	2.708	1013.258	56.47	0.0	0.0	0.0	0.0	0.0	2657480027777836790
2026-07-07T11:39:10.498	1	32.0	21.167	0.0	0.0	0.0	-300000.0	22.796	21.139	2.909	1013.276	56.479	0.0	0.0	0.0	0.0	0.0	2657480027777836790
2026-07-07T11:39:11.501	1	32.0	21.262	0.0	0.0	0.0	-300000.0	22.796	21.119	2.608	1013.284	56.468	0.0	0.0	0.0	0.0	0.0	2657480027777836790
2026-07-07T11:39:12.504	1	32.0	21.168	0.0	0.0	0.0	-300000.0	22.796	21.155	2.718	1013.223	56.467	0.0	0.0	0.0	0.0	0.0	2657480027777836790
2026-07-07T11:39:13.506	1	32.0	21.177	0.0	0.0	0.0	-300000.0	22.796	21.147	2.678	1013.328	56.458	0.0	0.0	0.0	0.0	0.0	2657480027777836790
2026-07-07T11:39:14.510	1	32.0	21.304	0.0	0.0	0.0	-300000.0	22.796	21.123	2.658	1013.328	56.458	0.0	0.0	0.0	0.0	0.0	2657480027777836790
2026-07-07T11:39:15.514	1	32.0	21.196	0.0	0.0	0.0	-300000.0	22.796	21.151	2.879	1013.293	56.446	0.0	0.0	0.0	0.0	0.0	2657480027777836790
2026-07-07T11:39:16.517	1	32.0	21.264	0.0	0.0	0.0	-300000.0	22.789	21.107	2.467	1013.276	56.457	0.0	0.0	0.0	0.0	0.0	2657480027777836790
2026-07-07T11:39:17.519	1	32.0	21.17	0.0	0.0	0.0	-300000.0	22.789	21.103	2.839	1013.302	56.457	0.0	0.0	0.0	0.0	0.0	2657480027777836790
2026-07-07T11:39:18.522	1	32.0	21.178	0.0	0.0	0.0	-300000.0	22.796	21.131	2.889	1013.25	56.457	0.0	0.0	0.0	0.0	0.0	2657480027777836790
2026-07-07T11:39:19.525	1	32.0	21.204	0.0	0.0	0.0	-300000.0	22.796	21.119	2.809	1013.284	56.458	0.0	0.0	0.0	0.0	0.0	2657480027777836790
2026-07-07T11:39:20.527	1	32.0	21.185	0.0	0.0	0.0	-300000.0	22.796	21.147	2.769	1013.223	56.479	0.0	0.0	0.0	0.0	0.0	2657480027777836790
2026-07-07T11:39:21.530	1	32.0	21.154	0.0	0.0	0.0	-300000.0	22.796	21.151	3.03	1013.25	56.467	0.0	0.0	0.0	0.0	0.0	2657480027777836790
2026-07-07T11:39:22.533	1	32.0	21.203	0.0	0.0	0.0	-300000.0	22.796	21.151	2.728	1013.267	56.458	0.0	0.0	0.0	0.0	0.0	2657480027777836790
2026-07-07T11:39:23.536	1	32.0	21.192	0.0	0.0	0.0	-300000.0	22.789	21.127	2.869	1013.32	56.455	0.0	0.0	0.0	0.0	0.0	2657480027777836790
2026-07-07T11:39:24.539	1	32.0	21.214	0.0	0.0	0.0	-300000.0	22.796	21.147	2.738	1013.311	56.468	0.0	0.0	0.0	0.0	0.0	2657480027777836790
2026-07-07T11:39:25.542	1	32.0	21.245	0.0	0.0	0.0	-300000.0	22.789	21.135	2.819	1013.293	56.466	0.0	0.0	0.0	0.0	0.0	2657480027777836790
2026-07-07T11:39:26.545	1	32.0	21.223	0.0	0.0	0.0	-300000.0	22.796	21.139	3.1	1013.25	56.49	0.0	0.0	0.0	0.0	0.0	2657480027777836790
2026-07-07T11:39:27.548	1	32.0	21.194	0.0	0.0	0.0	-300000.0	22.789	21.167	2.789	1013.241	56.455	0.0	0.0	0.0	0.0	0.0	2657480027777836790
2026-07-07T11:39:28.550	1	32.0	21.224	0.0	0.0	0.0	-300000.0	22.796	21.147	2.779	1013.267	56.48	0.0	0.0	0.0	0.0	0.0	2657480027777836790
2026-07-07T11:39:29.553	1	32.0	21.179	0.0	0.0	0.0	-300000.0	22.796	21.171	2.728	1013.241	56.468	0.0	0.0	0.0	0.0	0.0	2657480027777836790
2026-07-07T11:39:30.556	1	32.0	21.26	0.0	0.0	0.0	-300000.0	22.789	21.183	2.819	1013.206	56.446	0.0	0.0	0.0	0.0	0.0	2657480027777836790
2026-07-07T11:39:31.559	1	32.0	21.379	0.0	0.0	0.0	-300000.0	22.789	21.143	5.944	1013.241	56.432	0.0	0.0	0.0	0.0	0.0	2657480027777836790
2026-07-07T11:39:32.562	1	32.0	21.257	0.0	0.0	0.0	-300000.0	22.796	21.143	6.015	1013.25	56.445	0.0	0.0	0.0	0.0	0.0	2657480027777836790
2026-07-07T11:39:33.565	1	32.0	21.231	0.0	0.0	0.0	-300000.0	22.789	21.127	5.774	1013.337	56.423	0.0	0.0	0.0	0.0	0.0	2657480027777836790
2026-07-07T11:39:34.569	1	32.0	21.204	0.0	0.0	0.0	-300000.0	22.796	21.111	6.175	1013.267	56.446	0.0	0.0	0.0	0.0	0.0	2657480027777836790
2026-07-07T11:39:35.572	1	32.0	21.15	0.0	0.0	0.0	-300000.0	22.796	21.123	5.934	1013.241	56.41	0.0	0.0	0.0	0.0	0.0	2657480027777836790
2026-07-07T11:39:36.575	1	32.0	21.21	0.0	0.0	0.0	-300000.0	22.796	21.099	5.944	1013.241	56.421	0.0	0.0	0.0	0.0	0.0	2657480027777836790
2026-07-07T11:39:37.578	1	32.0	21.246	0.0	0.0	0.0	-300000.0	22.789	21.119	5.633	1013.223	56.422	0.0	0.0	0.0	0.0	0.0	2657480027777836790
2026-07-07T11:39:38.582	1	32.0	21.226	0.0	0.0	0.0	-300000.0	22.796	21.131	5.914	1013.25	56.388	0.0	0.0	0.0	0.0	0.0	2657480027777836790
2026-07-07T11:39:39.585	1	32.0	21.063	0.0	0.0	0.0	-300000.0	22.796	21.119	5.412	1013.215	56.41	0.0	0.0	0.0	0.0	0.0	2657480027777836790
2026-07-07T11:39:40.588	1	32.0	21.141	0.0	0.0	0.0	-300000.0	22.789	21.123	5.693	1013.258	56.389	0.0	0.0	0.0	0.0	0.0	2657480027777836790
2026-07-07T11:39:41.591	1	32.0	21.248	0.0	0.0	0.0	-300000.0	22.789	21.151	5.743	1013.241	56.398	0.0	0.0	0.0	0.0	0.0	2657480027777836790
2026-07-07T11:39:42.594	1	32.0	21.165	0.0	0.0	0.0	-300000.0	22.789	21.147	5.944	1013.241	56.398	0.0	0.0	0.0	0.0	0.0	2657480027777836790
2026-07-07T11:39:43.597	1	32.0	21.139	0.0	0.0	0.0	-300000.0	22.789	21.131	5.532	1013.267	56.398	0.0	0.0	0.0	0.0	0.0	2657480027777836790
2026-07-07T11:39:44.600	1	32.0	21.151	0.0	0.0	0.0	-300000.0	22.789	21.115	5.924	1013.241	56.375	0.0	0.0	0.0	0.0	0.0	2657480027777836790
2026-07-07T11:39:45.604	1	32.0	21.184	0.0	0.0	0.0	-300000.0	22.789	21.087	5.653	1013.206	56.398	0.0	0.0	0.0	0.0	0.0	2657480027777836790
2026-07-07T11:39:46.607	1	32.0	21.143	0.0	0.0	0.0	-300000.0	22.789	21.111	5.713	1013.293	56.387	0.0	0.0	0.0	0.0	0.0	2657480027777836790
2026-07-07T11:39:47.610	1	32.0	21.14	0.0	0.0	0.0	-300000.0	22.789	21.115	5.824	1013.223	56.366	0.0	0.0	0.0	0.0	0.0	2657480027777836790
2026-07-07T11:39:48.613	1	32.0	21.167	0.0	0.0	0.0	-300000.0	22.781	21.167	5.693	1013.25	56.366	0.0	0.0	0.0	0.0	0.0	2657480027777836790
2026-07-07T11:39:49.617	1	32.0	21.278	0.0	0.0	0.0	-300000.0	22.789	21.131	5.633	1013.241	56.375	0.0	0.0	0.0	0.0	0.0	2657480027777836790
2026-07-07T11:39:50.620	1	32.0	21.258	0.0	0.0	0.0	-300000.0	22.789	21.103	5.894	1013.127	56.365	0.0	0.0	0.0	0.0	0.0	2657480027777836790
2026-07-07T11:39:51.624	1	32.0	21.295	0.0	0.0	0.0	-300000.0	22.789	21.167	5.774	1013.267	56.375	0.0	0.0	0.0	0.0	0.0	2657480027777836790
2026-07-07T11:39:52.628	1	32.0	21.26	0.0	0.0	0.0	-300000.0	22.789	21.151	5.623	1013.188	56.365	0.0	0.0	0.0	0.0	0.0	2657480027777836790
2026-07-07T11:39:53.631	1	32.0	21.244	0.0	0.0	0.0	-300000.0	22.789	21.119	5.663	1013.215	56.375	0.0	0.0	0.0	0.0	0.0	2657480027777836790
2026-07-07T11:39:54.634	1	32.0	21.186	0.0	0.0	0.0	-300000.0	22.789	21.139	5.593	1013.241	56.365	0.0	0.0	0.0	0.0	0.0	2657480027777836790
2026-07-07T11:39:55.637	1	32.0	21.247	0.0	0.0	0.0	-300000.0	22.789	21.107	5.954	1013.215	56.365	0.0	0.0	0.0	0.0	0.0	2657480027777836790
2026-07-07T11:39:56.641	1	32.0	21.069	0.0	0.0	0.0	-300000.0	22.789	21.147	5.985	1013.267	56.365	0.0	0.0	0.0	0.0	0.0	2657480027777836790
2026-07-07T11:39:57.645	1	32.0	21.07	0.0	0.0	0.0	-300000.0	22.781	21.135	5.342	1013.223	56.387	0.0	0.0	0.0	0.0	0.0	2657480027777836790
2026-07-07T11:39:58.648	1	32.0	21.122	0.0	0.0	0.0	-300000.0	22.789	21.107	5.472	1013.223	56.387	0.0	0.0	0.0	0.0	0.0	2657480027777836790
2026-07-07T11:39:59.651	1	32.0	21.248	0.0	0.0	0.0	-300000.0	22.781	21.107	5.563	1013.188	56.375	0.0	0.0	0.0	0.0	0.0	2657480027777836790
2026-07-07T11:40:00.654	1	32.0	21.101	0.0	0.0	0.0	-300000.0	22.781	21.127	5.753	1013.232	56.387	0.0	0.0	0.0	0.0	0.0	2657480027777836790
2026-07-07T11:40:01.656	1	32.0	21.201	0.0	0.0	0.0	-300000.0	22.789	21.119	5.834	1013.232	56.365	0.0	0.0	0.0	0.0	0.0	2657480027777836790
2026-07-07T11:40:02.659	1	32.0	21.302	0.0	0.0	0.0	-300000.0	22.789	21.127	5.703	1013.18	56.375	0.0	0.0	0.0	0.0	0.0	2657480027777836790
2026-07-07T11:40:03.662	1	32.0	21.112	0.0	0.0	0.0	-300000.0	22.781	21.127	5.613	1013.197	56.353	0.0	0.0	0.0	0.0	0.0	2657480027777836790
2026-07-07T11:40:04.665	1	32.0	21.179	0.0	0.0	0.0	-300000.0	22.781	21.087	5.723	1013.241	56.353	0.0	0.0	0.0	0.0	0.0	2657480027777836790
2026-07-07T11:40:05.669	1	32.0	21.18	0.0	0.0	0.0	-300000.0	22.789	21.131	5.784	1013.171	56.365	0.0	0.0	0.0	0.0	0.0	2657480027777836790
2026-07-07T11:40:06.672	1	32.0	21.196	0.0	0.0	0.0	-300000.0	22.789	21.111	5.764	1013.285	56.342	0.0	0.0	0.0	0.0	0.0	2657480027777836790
2026-07-07T11:40:07.675	1	32.0	21.213	0.0	0.0	0.0	-300000.0	22.781	21.119	5.733	1013.232	56.331	0.0	0.0	0.0	0.0	0.0	2657480027777836790
2026-07-07T11:40:08.677	1	32.0	21.115	0.0	0.0	0.0	-300000.0	22.781	21.139	5.171	1013.293	56.353	0.0	0.0	0.0	0.0	0.0	2657480027777836790
2026-07-07T11:40:09.683	1	32.0	21.173	0.0	0.0	0.0	-300000.0	22.789	21.131	5.713	1013.32	56.353	0.0	0.0	0.0	0.0	0.0	2657480027777836790
2026-07-07T11:40:10.685	1	32.0	21.063	0.0	0.0	0.0	-300000.0	22.789	21.143	5.653	1013.293	56.331	0.0	0.0	0.0	0.0	0.0	2657480027777836790
2026-07-07T11:40:11.692	1	32.0	21.245	0.0	0.0	0.0	-300000.0	22.789	21.135	5.653	1013.232	56.342	0.0	0.0	0.0	0.0	0.0	2657480027777836790
2026-07-07T11:40:12.695	1	32.0	21.149	0.0	0.0	0.0	-300000.0	22.789	21.115	5.623	1013.241	56.342	0.0	0.0	0.0	0.0	0.0	2657480027777836790
2026-07-07T11:40:13.698	1	32.0	21.162	0.0	0.0	0.0	-300000.0	22.781	21.119	5.422	1013.293	56.342	0.0	0.0	0.0	0.0	0.0	2657480027777836790
2026-07-07T11:40:14.701	1	32.0	21.236	0.0	0.0	0.0	-300000.0	22.789	21.131	5.814	1013.223	56.331	0.0	0.0	0.0	0.0	0.0	2657480027777836790
2026-07-07T11:40:15.705	1	32.0	21.179	0.0	0.0	0.0	-300000.0	22.789	21.083	5.472	1013.232	56.331	0.0	0.0	0.0	0.0	0.0	2657480027777836790
2026-07-07T11:40:16.708	1	32.0	21.162	0.0	0.0	0.0	-300000.0	22.781	21.115	5.623	1013.25	56.353	0.0	0.0	0.0	0.0	0.0	2657480027777836790
2026-07-07T11:40:17.711	1	32.0	21.122	0.0	0.0	0.0	-300000.0	22.781	21.103	5.593	1013.258	56.331	0.0	0.0	0.0	0.0	0.0	2657480027777836790
2026-07-07T11:40:18.714	1	32.0	21.131	0.0	0.0	0.0	-300000.0	22.789	21.111	5.633	1013.215	56.342	0.0	0.0	0.0	0.0	0.0	2657480027777836790
2026-07-07T11:40:19.717	1	32.0	21.225	0.0	0.0	0.0	-300000.0	22.789	21.131	5.502	1013.258	56.342	0.0	0.0	0.0	0.0	0.0	2657480027777836790
2026-07-07T11:40:20.720	1	32.0	21.139	0.0	0.0	0.0	-300000.0	22.781	21.103	5.753	1013.215	56.353	0.0	0.0	0.0	0.0	0.0	2657480027777836790
2026-07-07T11:40:21.723	1	32.0	21.119	0.0	0.0	0.0	-300000.0	22.781	21.107	5.844	1013.241	56.319	0.0	0.0	0.0	0.0	0.0	2657480027777836790
2026-07-07T11:40:22.726	1	32.0	21.187	0.0	0.0	0.0	-300000.0	22.781	21.135	5.713	1013.232	56.331	0.0	0.0	0.0	0.0	0.0	2657480027777836790
2026-07-07T11:40:23.729	1	32.0	21.139	0.0	0.0	0.0	-300000.0	22.781	21.119	5.422	1013.267	56.331	0.0	0.0	0.0	0.0	0.0	2657480027777836790
2026-07-07T11:40:24.732	1	32.0	21.115	0.0	0.0	0.0	-300000.0	22.781	21.111	5.844	1013.215	56.352	0.0	0.0	0.0	0.0	0.0	2657480027777836790
2026-07-07T11:40:25.736	1	32.0	21.24	0.0	0.0	0.0	-300000.0	22.781	21.139	5.633	1013.267	56.353	0.0	0.0	0.0	0.0	0.0	2657480027777836790
2026-07-07T11:40:26.740	1	32.0	21.183	0.0	0.0	0.0	-300000.0	22.781	21.127	5.442	1013.189	56.33	0.0	0.0	0.0	0.0	0.0	2657480027777836790
2026-07-07T11:40:27.744	1	32.0	21.278	0.0	0.0	0.0	-300000.0	22.781	21.123	5.532	1013.25	56.353	0.0	0.0	0.0	0.0	0.0	2657480027777836790
2026-07-07T11:40:28.746	1	32.0	21.224	0.0	0.0	0.0	-300000.0	22.773	21.079	5.814	1013.258	56.353	0.0	0.0	0.0	0.0	0.0	2657480027777836790
2026-07-07T11:40:29.751	1	32.0	21.137	0.0	0.0	0.0	-300000.0	22.781	21.143	5.412	1013.197	56.342	0.0	0.0	0.0	0.0	0.0	2657480027777836790
2026-07-07T11:40:30.754	1	32.0	21.202	0.0	0.0	0.0	-300000.0	22.781	21.131	5.522	1013.197	56.353	0.0	0.0	0.0	0.0	0.0	2657480027777836790
2026-07-07T11:40:31.757	1	32.0	21.227	0.0	0.0	0.0	-300000.0	22.781	21.099	5.542	1013.232	56.353	0.0	0.0	0.0	0.0	0.0	2657480027777836790
2026-07-07T11:40:32.761	1	32.0	21.098	0.0	0.0	0.0	-300000.0	22.773	21.123	5.764	1013.197	56.353	0.0	0.0	0.0	0.0	0.0	2657480027777836790
2026-07-07T11:40:33.764	1	32.0	21.184	0.0	0.0	0.0	-300000.0	22.781	21.119	5.844	1013.258	56.342	0.0	0.0	0.0	0.0	0.0	2657480027777836790
2026-07-07T11:40:34.766	1	32.0	21.195	0.0	0.0	0.0	-300000.0	22.781	21.131	5.774	1013.223	56.342	0.0	0.0	0.0	0.0	0.0	2657480027777836790
2026-07-07T11:40:35.769	1	32.0	21.215	0.0	0.0	0.0	-300000.0	22.781	21.139	5.904	1013.223	56.342	0.0	0.0	0.0	0.0	0.0	2657480027777836790
2026-07-07T11:40:36.771	1	32.0	21.196	0.0	0.0	0.0	-300000.0	22.773	21.147	5.653	1013.197	56.342	0.0	0.0	0.0	0.0	0.0	2657480027777836790
2026-07-07T11:40:37.774	1	32.0	21.203	0.0	0.0	0.0	-300000.0	22.781	21.147	5.613	1013.223	56.342	0.0	0.0	0.0	0.0	0.0	2657480027777836790
2026-07-07T11:40:38.777	1	32.0	21.291	0.0	0.0	0.0	-300000.0	22.781	21.155	5.774	1013.241	56.353	0.0	0.0	0.0	0.0	0.0	2657480027777836790
2026-07-07T11:40:39.780	1	32.0	21.215	0.0	0.0	0.0	-300000.0	22.781	21.179	5.753	1013.223	56.342	0.0	0.0	0.0	0.0	0.0	2657480027777836790
2026-07-07T11:40:40.784	1	32.0	21.208	0.0	0.0	0.0	-300000.0	22.781	21.159	5.703	1013.25	56.342	0.0	0.0	0.0	0.0	0.0	2657480027777836790
2026-07-07T11:40:41.787	1	32.0	21.314	0.0	0.0	0.0	-300000.0	22.773	21.163	5.764	1013.25	56.319	0.0	0.0	0.0	0.0	0.0	2657480027777836790
2026-07-07T11:40:42.790	1	32.0	21.223	0.0	0.0	0.0	-300000.0	22.781	21.139	5.281	1013.18	56.329	0.0	0.0	0.0	0.0	0.0	2657480027777836790
2026-07-07T11:40:43.793	1	32.0	21.245	0.0	0.0	0.0	-300000.0	22.773	21.143	5.452	1013.223	56.319	0.0	0.0	0.0	0.0	0.0	2657480027777836790
2026-07-07T11:40:44.796	1	32.0	21.13	0.0	0.0	0.0	-300000.0	22.781	21.159	5.512	1013.223	56.331	0.0	0.0	0.0	0.0	0.0	2657480027777836790
2026-07-07T11:40:45.799	1	32.0	21.221	0.0	0.0	0.0	-300000.0	22.781	21.143	5.412	1013.241	56.318	0.0	0.0	0.0	0.0	0.0	2657480027777836790
2026-07-07T11:40:46.803	1	32.0	21.168	0.0	0.0	0.0	-300000.0	22.781	21.103	5.774	1013.223	56.331	0.0	0.0	0.0	0.0	0.0	2657480027777836790
2026-07-07T11:40:47.806	1	32.0	21.101	0.0	0.0	0.0	-300000.0	22.773	21.135	5.321	1013.285	56.319	0.0	0.0	0.0	0.0	0.0	2657480027777836790
2026-07-07T11:40:48.808	1	32.0	21.243	0.0	0.0	0.0	-300000.0	22.773	21.135	5.583	1013.223	56.342	0.0	0.0	0.0	0.0	0.0	2657480027777836790
2026-07-07T11:40:49.812	1	32.0	21.158	0.0	0.0	0.0	-300000.0	22.773	21.127	5.321	1013.232	56.331	0.0	0.0	0.0	0.0	0.0	2657480027777836790
2026-07-07T11:40:50.815	1	32.0	21.161	0.0	0.0	0.0	-300000.0	22.781	21.119	5.613	1013.223	56.342	0.0	0.0	0.0	0.0	0.0	2657480027777836790
2026-07-07T11:40:51.819	1	32.0	21.269	0.0	0.0	0.0	-300000.0	22.773	21.151	5.542	1013.215	56.34	0.0	0.0	0.0	0.0	0.0	2657480027777836790
2026-07-07T11:40:52.822	1	32.0	21.28	0.0	0.0	0.0	-300000.0	22.781	21.095	5.462	1013.223	56.353	0.0	0.0	0.0	0.0	0.0	2657480027777836790
2026-07-07T11:40:53.825	1	32.0	21.169	0.0	0.0	0.0	-300000.0	22.781	21.127	5.522	1013.311	56.342	0.0	0.0	0.0	0.0	0.0	2657480027777836790
2026-07-07T11:40:54.828	1	32.0	21.221	0.0	0.0	0.0	-300000.0	22.781	21.079	5.372	1013.223	56.353	0.0	0.0	0.0	0.0	0.0	2657480027777836790
2026-07-07T11:40:55.832	1	32.0	21.108	0.0	0.0	0.0	-300000.0	22.781	21.107	5.502	1013.241	56.342	0.0	0.0	0.0	0.0	0.0	2657480027777836790
2026-07-07T11:40:56.834	1	32.0	21.102	0.0	0.0	0.0	-300000.0	22.773	21.095	5.733	1013.285	56.342	0.0	0.0	0.0	0.0	0.0	2657480027777836790
2026-07-07T11:40:57.838	1	32.0	21.23	0.0	0.0	0.0	-300000.0	22.773	21.079	5.291	1013.223	56.331	0.0	0.0	0.0	0.0	0.0	2657480027777836790
2026-07-07T11:40:58.841	1	32.0	21.239	0.0	0.0	0.0	-300000.0	22.781	21.115	5.532	1013.223	56.342	0.0	0.0	0.0	0.0	0.0	2657480027777836790
2026-07-07T11:40:59.844	1	32.0	21.077	0.0	0.0	0.0	-300000.0	22.773	21.091	5.442	1013.223	56.353	0.0	0.0	0.0	0.0	0.0	2657480027777836790
2026-07-07T11:41:00.848	1	32.0	21.128	0.0	0.0	0.0	-300000.0	22.773	21.091	5.432	1013.267	56.352	0.0	0.0	0.0	0.0	0.0	2657480027777836790
2026-07-07T11:41:01.851	1	32.0	21.076	0.0	0.0	0.0	-300000.0	22.773	21.103	5.291	1013.258	56.365	0.0	0.0	0.0	0.0	0.0	2657480027777836790
2026-07-07T11:41:02.855	1	32.0	21.149	0.0	0.0	0.0	-300000.0	22.773	21.087	5.281	1013.197	56.353	0.0	0.0	0.0	0.0	0.0	2657480027777836790
2026-07-07T11:41:03.863	1	32.0	21.143	0.0	0.0	0.0	-300000.0	22.781	21.127	5.382	1013.215	56.375	0.0	0.0	0.0	0.0	0.0	2657480027777836790
2026-07-07T11:41:04.866	1	32.0	21.105	0.0	0.0	0.0	-300000.0	22.773	21.143	5.532	1013.197	56.375	0.0	0.0	0.0	0.0	0.0	2657480027777836790
2026-07-07T11:41:05.869	1	32.0	21.135	0.0	0.0	0.0	-300000.0	22.773	21.135	5.452	1013.25	56.365	0.0	0.0	0.0	0.0	0.0	2657480027777836790
2026-07-07T11:41:06.872	1	32.0	21.237	0.0	0.0	0.0	-300000.0	22.773	21.103	5.553	1013.171	56.375	0.0	0.0	0.0	0.0	0.0	2657480027777836790
2026-07-07T11:41:07.876	1	32.0	21.234	0.0	0.0	0.0	-300000.0	22.773	21.123	5.542	1013.267	56.386	0.0	0.0	0.0	0.0	0.0	2657480027777836790
2026-07-07T11:41:08.879	1	32.0	21.099	0.0	0.0	0.0	-300000.0	22.773	21.139	5.703	1013.25	56.365	0.0	0.0	0.0	0.0	0.0	2657480027777836790
2026-07-07T11:41:09.882	1	32.0	21.109	0.0	0.0	0.0	-300000.0	22.773	21.091	5.482	1013.206	56.362	0.0	0.0	0.0	0.0	0.0	2657480027777836790
2026-07-07T11:41:10.885	1	32.0	21.228	0.0	0.0	0.0	-300000.0	22.773	21.147	5.914	1013.223	56.353	0.0	0.0	0.0	0.0	0.0	2657480027777836790
2026-07-07T11:41:11.889	1	32.0	21.273	0.0	0.0	0.0	-300000.0	22.773	21.119	5.743	1013.223	56.365	0.0	0.0	0.0	0.0	0.0	2657480027777836790
2026-07-07T11:41:12.892	1	32.0	21.161	0.0	0.0	0.0	-300000.0	22.773	21.107	5.593	1013.206	56.365	0.0	0.0	0.0	0.0	0.0	2657480027777836790
2026-07-07T11:41:13.895	1	32.0	21.159	0.0	0.0	0.0	-300000.0	22.773	21.079	5.633	1013.215	56.364	0.0	0.0	0.0	0.0	0.0	2657480027777836790
2026-07-07T11:41:14.898	1	32.0	21.183	0.0	0.0	0.0	-300000.0	22.773	21.111	5.392	1013.223	56.362	0.0	0.0	0.0	0.0	0.0	2657480027777836790
2026-07-07T11:41:15.901	1	32.0	21.218	0.0	0.0	0.0	-300000.0	22.765	21.103	5.743	1013.302	56.387	0.0	0.0	0.0	0.0	0.0	2657480027777836790
2026-07-07T11:41:16.904	1	32.0	21.19	0.0	0.0	0.0	-300000.0	22.773	21.111	5.04	1013.206	56.385	0.0	0.0	0.0	0.0	0.0	2657480027777836790
2026-07-07T11:41:17.907	1	32.0	21.22	0.0	0.0	0.0	-300000.0	22.773	21.111	5.583	1013.232	56.374	0.0	0.0	0.0	0.0	0.0	2657480027777836790
2026-07-07T11:41:18.910	1	32.0	21.19	0.0	0.0	0.0	-300000.0	22.765	21.119	5.583	1013.241	56.375	0.0	0.0	0.0	0.0	0.0	2657480027777836790
2026-07-07T11:41:19.913	1	32.0	21.129	0.0	0.0	0.0	-300000.0	22.773	21.115	5.563	1013.215	56.375	0.0	0.0	0.0	0.0	0.0	2657480027777836790
2026-07-07T11:41:20.916	1	32.0	21.104	0.0	0.0	0.0	-300000.0	22.765	21.099	5.522	1013.267	56.386	0.0	0.0	0.0	0.0	0.0	2657480027777836790
2026-07-07T11:41:21.919	1	32.0	21.142	0.0	0.0	0.0	-300000.0	22.773	21.087	5.522	1013.223	56.387	0.0	0.0	0.0	0.0	0.0	2657480027777836790
2026-07-07T11:41:22.923	1	32.0	21.172	0.0	0.0	0.0	-300000.0	22.765	21.095	5.743	1013.276	56.387	0.0	0.0	0.0	0.0	0.0	2657480027777836790
2026-07-07T11:41:23.927	1	32.0	21.211	0.0	0.0	0.0	-300000.0	22.773	21.123	5.643	1013.223	56.365	0.0	0.0	0.0	0.0	0.0	2657480027777836790
2026-07-07T11:41:24.930	1	32.0	21.242	0.0	0.0	0.0	-300000.0	22.765	21.099	5.703	1013.189	56.386	0.0	0.0	0.0	0.0	0.0	2657480027777836790
2026-07-07T11:41:25.935	1	32.0	21.115	0.0	0.0	0.0	-300000.0	22.773	21.123	5.733	1013.189	56.409	0.0	0.0	0.0	0.0	0.0	2657480027777836790
2026-07-07T11:41:26.938	1	32.0	21.114	0.0	0.0	0.0	-300000.0	22.773	21.115	5.593	1013.171	56.398	0.0	0.0	0.0	0.0	0.0	2657480027777836790
2026-07-07T11:41:27.945	1	32.0	21.2	0.0	0.0	0.0	-300000.0	22.773	21.099	5.553	1013.25	56.387	0.0	0.0	0.0	0.0	0.0	2657480027777836790
2026-07-07T11:41:28.948	1	32.0	21.196	0.0	0.0	0.0	-300000.0	22.773	21.103	5.432	1013.258	56.398	0.0	0.0	0.0	0.0	0.0	2657480027777836790
2026-07-07T11:41:29.952	1	32.0	21.146	0.0	0.0	0.0	-300000.0	22.765	21.123	5.603	1013.206	56.396	0.0	0.0	0.0	0.0	0.0	2657480027777836790
2026-07-07T11:41:30.954	1	32.0	21.182	0.0	0.0	0.0	-300000.0	22.773	21.111	5.673	1013.197	56.421	0.0	0.0	0.0	0.0	0.0	2657480027777836790
2026-07-07T11:41:31.963	1	32.0	21.173	0.0	0.0	0.0	-300000.0	22.773	21.111	5.382	1013.223	56.41	0.0	0.0	0.0	0.0	0.0	2657480027777836790
2026-07-07T11:41:32.967	1	32.0	21.214	0.0	0.0	0.0	-300000.0	22.765	21.119	5.663	1013.145	56.396	0.0	0.0	0.0	0.0	0.0	2657480027777836790
2026-07-07T11:41:33.972	1	32.0	21.201	0.0	0.0	0.0	-300000.0	22.765	21.143	5.563	1013.223	56.398	0.0	0.0	0.0	0.0	0.0	2657480027777836790
2026-07-07T11:41:34.975	1	32.0	21.113	0.0	0.0	0.0	-300000.0	22.765	21.087	5.613	1013.189	56.397	0.0	0.0	0.0	0.0	0.0	2657480027777836790
2026-07-07T11:41:35.981	1	32.0	21.162	0.0	0.0	0.0	-300000.0	22.773	21.135	5.522	1013.241	56.419	0.0	0.0	0.0	0.0	0.0	2657480027777836790
2026-07-07T11:41:36.984	1	32.0	21.157	0.0	0.0	0.0	-300000.0	22.765	21.099	5.482	1013.241	56.419	0.0	0.0	0.0	0.0	0.0	2657480027777836790
2026-07-07T11:41:37.988	1	32.0	21.201	0.0	0.0	0.0	-300000.0	22.773	21.107	5.482	1013.215	56.419	0.0	0.0	0.0	0.0	0.0	2657480027777836790
2026-07-07T11:41:38.991	1	32.0	21.161	0.0	0.0	0.0	-300000.0	22.773	21.115	5.804	1013.206	56.418	0.0	0.0	0.0	0.0	0.0	2657480027777836790
2026-07-07T11:41:39.994	1	32.0	21.118	0.0	0.0	0.0	-300000.0	22.765	21.103	5.794	1013.215	56.419	0.0	0.0	0.0	0.0	0.0	2657480027777836790
2026-07-07T11:41:40.997	1	32.0	21.158	0.0	0.0	0.0	-300000.0	22.773	21.087	5.653	1013.232	56.418	0.0	0.0	0.0	0.0	0.0	2657480027777836790
2026-07-07T11:41:42.001	1	32.0	21.187	0.0	0.0	0.0	-300000.0	22.773	21.087	5.693	1013.258	56.418	0.0	0.0	0.0	0.0	0.0	2657480027777836790
2026-07-07T11:41:43.004	1	32.0	21.185	0.0	0.0	0.0	-300000.0	22.765	21.091	5.452	1013.215	56.409	0.0	0.0	0.0	0.0	0.0	2657480027777836790
2026-07-07T11:41:44.008	1	32.0	21.281	0.0	0.0	0.0	-300000.0	22.765	21.119	5.422	1013.258	56.408	0.0	0.0	0.0	0.0	0.0	2657480027777836790
2026-07-07T11:41:45.011	1	32.0	21.193	0.0	0.0	0.0	-300000.0	22.765	21.115	5.613	1013.197	56.398	0.0	0.0	0.0	0.0	0.0	2657480027777836790
2026-07-07T11:41:46.014	1	32.0	21.195	0.0	0.0	0.0	-300000.0	22.765	21.139	5.321	1013.232	56.408	0.0	0.0	0.0	0.0	0.0	2657480027777836790
2026-07-07T11:41:47.017	1	32.0	21.217	0.0	0.0	0.0	-300000.0	22.757	21.119	5.563	1013.215	56.397	0.0	0.0	0.0	0.0	0.0	2657480027777836790
2026-07-07T11:41:48.020	1	32.0	21.183	0.0	0.0	0.0	-300000.0	22.765	21.143	5.633	1013.215	56.409	0.0	0.0	0.0	0.0	0.0	2657480027777836790
2026-07-07T11:41:49.024	1	32.0	21.233	0.0	0.0	0.0	-300000.0	22.765	21.155	5.673	1013.18	56.396	0.0	0.0	0.0	0.0	0.0	2657480027777836790
2026-07-07T11:41:50.027	1	32.0	21.183	0.0	0.0	0.0	-300000.0	22.765	21.171	5.412	1013.145	56.385	0.0	0.0	0.0	0.0	0.0	2657480027777836790
2026-07-07T11:41:51.031	1	32.0	21.384	0.0	0.0	0.0	-300000.0	22.765	21.147	5.643	1013.232	56.374	0.0	0.0	0.0	0.0	0.0	2657480027777836790
2026-07-07T11:41:52.036	1	32.0	21.253	0.0	0.0	0.0	-300000.0	22.765	21.143	5.814	1013.241	56.375	0.0	0.0	0.0	0.0	0.0	2657480027777836790
2026-07-07T11:41:53.040	1	32.0	21.103	0.0	0.0	0.0	-300000.0	22.773	21.115	5.603	1013.153	56.362	0.0	0.0	0.0	0.0	0.0	2657480027777836790
2026-07-07T11:41:54.044	1	32.0	21.159	0.0	0.0	0.0	-300000.0	22.765	21.087	5.372	1013.215	56.375	0.0	0.0	0.0	0.0	0.0	2657480027777836790
2026-07-07T11:41:55.047	1	32.0	21.156	0.0	0.0	0.0	-300000.0	22.765	21.095	5.563	1013.285	56.375	0.0	0.0	0.0	0.0	0.0	2657480027777836790
2026-07-07T11:41:56.050	1	32.0	21.135	0.0	0.0	0.0	-300000.0	22.765	21.123	5.392	1013.189	56.386	0.0	0.0	0.0	0.0	0.0	2657480027777836790
2026-07-07T11:41:57.052	1	32.0	21.166	0.0	0.0	0.0	-300000.0	22.765	21.119	5.733	1013.197	56.362	0.0	0.0	0.0	0.0	0.0	2657480027777836790
2026-07-07T11:41:58.058	1	32.0	21.218	0.0	0.0	0.0	-300000.0	22.765	21.075	5.382	1013.232	56.374	0.0	0.0	0.0	0.0	0.0	2657480027777836790
2026-07-07T11:41:59.061	1	32.0	21.096	0.0	0.0	0.0	-300000.0	22.765	21.111	5.532	1013.258	56.374	0.0	0.0	0.0	0.0	0.0	2657480027777836790
2026-07-07T11:42:00.065	1	32.0	21.152	0.0	0.0	0.0	-300000.0	22.765	21.131	5.874	1013.206	56.374	0.0	0.0	0.0	0.0	0.0	2657480027777836790
2026-07-07T11:42:01.068	1	32.0	21.16	0.0	0.0	0.0	-300000.0	22.765	21.067	5.613	1013.232	56.374	0.0	0.0	0.0	0.0	0.0	2657480027777836790
2026-07-07T11:42:02.072	1	32.0	21.216	0.0	0.0	0.0	-300000.0	22.765	21.127	5.603	1013.215	56.352	0.0	0.0	0.0	0.0	0.0	2657480027777836790
2026-07-07T11:42:03.074	1	32.0	21.156	0.0	0.0	0.0	-300000.0	22.765	21.083	5.703	1013.206	56.362	0.0	0.0	0.0	0.0	0.0	2657480027777836790
2026-07-07T11:42:04.078	1	32.0	21.233	0.0	0.0	0.0	-300000.0	22.765	21.071	5.804	1013.232	56.374	0.0	0.0	0.0	0.0	0.0	2657480027777836790
2026-07-07T11:42:05.081	1	32.0	21.158	0.0	0.0	0.0	-300000.0	22.765	21.095	5.693	1013.18	56.351	0.0	0.0	0.0	0.0	0.0	2657480027777836790
2026-07-07T11:42:06.084	1	32.0	21.143	0.0	0.0	0.0	-300000.0	22.757	21.083	5.502	1013.215	56.364	0.0	0.0	0.0	0.0	0.0	2657480027777836790
2026-07-07T11:42:07.087	1	32.0	21.163	0.0	0.0	0.0	-300000.0	22.765	21.083	5.683	1013.215	56.364	0.0	0.0	0.0	0.0	0.0	2657480027777836790
2026-07-07T11:42:08.090	1	32.0	21.221	0.0	0.0	0.0	-300000.0	22.765	21.059	5.794	1013.232	56.339	0.0	0.0	0.0	0.0	0.0	2657480027777836790
2026-07-07T11:42:09.093	1	32.0	21.26	0.0	0.0	0.0	-300000.0	22.765	21.103	5.774	1013.215	56.352	0.0	0.0	0.0	0.0	0.0	2657480027777836790
2026-07-07T11:42:10.096	1	32.0	21.157	0.0	0.0	0.0	-300000.0	22.757	21.087	5.653	1013.145	56.351	0.0	0.0	0.0	0.0	0.0	2657480027777836790
2026-07-07T11:42:11.100	1	32.0	21.163	0.0	0.0	0.0	-300000.0	22.765	21.095	5.663	1013.241	56.364	0.0	0.0	0.0	0.0	0.0	2657480027777836790
2026-07-07T11:42:12.103	1	32.0	21.184	0.0	0.0	0.0	-300000.0	22.765	21.091	5.623	1013.25	56.339	0.0	0.0	0.0	0.0	0.0	2657480027777836790
2026-07-07T11:42:13.107	1	32.0	21.22	0.0	0.0	0.0	-300000.0	22.757	21.091	5.723	1013.258	56.351	0.0	0.0	0.0	0.0	0.0	2657480027777836790
2026-07-07T11:42:14.110	1	32.0	21.174	0.0	0.0	0.0	-300000.0	22.757	21.115	5.633	1013.232	56.351	0.0	0.0	0.0	0.0	0.0	2657480027777836790
2026-07-07T11:42:15.113	1	32.0	21.159	0.0	0.0	0.0	-300000.0	22.765	21.071	5.774	1013.294	56.352	0.0	0.0	0.0	0.0	0.0	2657480027777836790
2026-07-07T11:42:16.119	1	32.0	21.205	0.0	0.0	0.0	-300000.0	22.757	21.095	5.583	1013.232	56.351	0.0	0.0	0.0	0.0	0.0	2657480027777836790
2026-07-07T11:42:17.122	1	32.0	21.14	0.0	0.0	0.0	-300000.0	22.757	21.067	5.884	1013.32	56.352	0.0	0.0	0.0	0.0	0.0	2657480027777836790
2026-07-07T11:42:18.125	1	32.0	21.139	0.0	0.0	0.0	-300000.0	22.757	21.095	5.743	1013.311	56.339	0.0	0.0	0.0	0.0	0.0	2657480027777836790
2026-07-07T11:42:19.129	1	32.0	21.169	0.0	0.0	0.0	-300000.0	22.757	21.083	5.372	1013.232	56.351	0.0	0.0	0.0	0.0	0.0	2657480027777836790
2026-07-07T11:42:20.135	1	32.0	21.07	0.0	0.0	0.0	-300000.0	22.757	21.079	5.402	1013.215	56.352	0.0	0.0	0.0	0.0	0.0	2657480027777836790
2026-07-07T11:42:21.137	1	32.0	21.142	0.0	0.0	0.0	-300000.0	22.757	21.075	5.643	1013.206	56.362	0.0	0.0	0.0	0.0	0.0	2657480027777836790
2026-07-07T11:42:22.143	1	32.0	21.189	0.0	0.0	0.0	-300000.0	22.757	21.071	5.784	1013.276	56.353	0.0	0.0	0.0	0.0	0.0	2657480027777836790
2026-07-07T11:42:23.146	1	32.0	21.097	0.0	0.0	0.0	-300000.0	22.765	21.083	5.874	1013.267	56.352	0.0	0.0	0.0	0.0	0.0	2657480027777836790
2026-07-07T11:42:24.150	1	32.0	21.138	0.0	0.0	0.0	-300000.0	22.757	21.083	5.824	1013.285	56.362	0.0	0.0	0.0	0.0	0.0	2657480027777836790
2026-07-07T11:42:25.153	1	32.0	21.239	0.0	0.0	0.0	-300000.0	22.757	21.079	5.733	1013.215	56.351	0.0	0.0	0.0	0.0	0.0	2657480027777836790
2026-07-07T11:42:26.156	1	32.0	21.135	0.0	0.0	0.0	-300000.0	22.757	21.107	5.723	1013.223	56.362	0.0	0.0	0.0	0.0	0.0	2657480027777836790
2026-07-07T11:42:27.159	1	32.0	21.097	0.0	0.0	0.0	-300000.0	22.757	21.063	5.532	1013.197	56.362	0.0	0.0	0.0	0.0	0.0	2657480027777836790
2026-07-07T11:42:28.162	1	32.0	21.178	0.0	0.0	0.0	-300000.0	22.757	21.095	5.753	1013.285	56.374	0.0	0.0	0.0	0.0	0.0	2657480027777836790
2026-07-07T11:42:29.168	1	32.0	21.128	0.0	0.0	0.0	-300000.0	22.765	21.103	5.693	1013.258	56.374	0.0	0.0	0.0	0.0	0.0	2657480027777836790
2026-07-07T11:42:30.173	1	32.0	21.185	0.0	0.0	0.0	-300000.0	22.757	21.087	5.372	1013.232	56.374	0.0	0.0	0.0	0.0	0.0	2657480027777836790
2026-07-07T11:42:31.178	1	32.0	21.139	0.0	0.0	0.0	-300000.0	22.757	21.059	5.181	1013.171	56.385	0.0	0.0	0.0	0.0	0.0	2657480027777836790
2026-07-07T11:42:32.182	1	32.0	21.131	0.0	0.0	0.0	-300000.0	22.757	21.091	5.502	1013.258	56.396	0.0	0.0	0.0	0.0	0.0	2657480027777836790
2026-07-07T11:42:33.185	1	32.0	21.089	0.0	0.0	0.0	-300000.0	22.757	21.075	5.482	1013.258	56.396	0.0	0.0	0.0	0.0	0.0	2657480027777836790
2026-07-07T11:42:34.189	1	32.0	21.129	0.0	0.0	0.0	-300000.0	22.757	21.075	5.713	1013.223	56.418	0.0	0.0	0.0	0.0	0.0	2657480027777836790
2026-07-07T11:42:35.192	1	32.0	21.104	0.0	0.0	0.0	-300000.0	22.765	21.067	5.633	1013.311	56.43	0.0	0.0	0.0	0.0	0.0	2657480027777836790
2026-07-07T11:42:36.195	1	32.0	21.169	0.0	0.0	0.0	-300000.0	22.757	21.083	5.623	1013.232	56.418	0.0	0.0	0.0	0.0	0.0	2657480027777836790
2026-07-07T11:42:37.198	1	32.0	21.164	0.0	0.0	0.0	-300000.0	22.765	21.091	5.764	1013.232	56.408	0.0	0.0	0.0	0.0	0.0	2657480027777836790
2026-07-07T11:42:38.202	1	32.0	21.161	0.0	0.0	0.0	-300000.0	22.757	21.071	5.392	1013.258	56.43	0.0	0.0	0.0	0.0	0.0	2657480027777836790
2026-07-07T11:42:39.206	1	32.0	21.197	0.0	0.0	0.0	-300000.0	22.757	21.099	5.553	1013.258	56.453	0.0	0.0	0.0	0.0	0.0	2657480027777836790
2026-07-07T11:42:40.208	1	32.0	21.183	0.0	0.0	0.0	-300000.0	22.757	21.095	5.733	1013.258	56.453	0.0	0.0	0.0	0.0	0.0	2657480027777836790
2026-07-07T11:42:41.212	1	32.0	21.191	0.0	0.0	0.0	-300000.0	22.757	21.091	5.553	1013.276	56.464	0.0	0.0	0.0	0.0	0.0	2657480027777836790
2026-07-07T11:42:42.215	1	32.0	21.219	0.0	0.0	0.0	-300000.0	22.757	21.107	5.774	1013.232	56.464	0.0	0.0	0.0	0.0	0.0	2657480027777836790
2026-07-07T11:42:43.217	1	32.0	21.151	0.0	0.0	0.0	-300000.0	22.757	21.099	5.653	1013.232	56.453	0.0	0.0	0.0	0.0	0.0	2657480027777836790
2026-07-07T11:42:44.224	1	32.0	21.174	0.0	0.0	0.0	-300000.0	22.757	21.123	5.733	1013.189	56.453	0.0	0.0	0.0	0.0	0.0	2657480027777836790
2026-07-07T11:42:45.227	1	32.0	21.169	0.0	0.0	0.0	-300000.0	22.757	21.051	5.643	1013.215	56.464	0.0	0.0	0.0	0.0	0.0	2657480027777836790
2026-07-07T11:42:46.234	1	32.0	21.098	0.0	0.0	0.0	-300000.0	22.75	21.079	5.794	1013.232	56.453	0.0	0.0	0.0	0.0	0.0	2657480027777836790
2026-07-07T11:42:47.237	1	32.0	21.167	0.0	0.0	0.0	-300000.0	22.765	21.087	5.522	1013.206	56.453	0.0	0.0	0.0	0.0	0.0	2657480027777836790
2026-07-07T11:42:48.242	1	32.0	21.156	0.0	0.0	0.0	-300000.0	22.757	21.075	5.512	1013.215	56.441	0.0	0.0	0.0	0.0	0.0	2657480027777836790
2026-07-07T11:42:49.245	1	32.0	21.142	0.0	0.0	0.0	-300000.0	22.757	21.079	5.362	1013.215	56.454	0.0	0.0	0.0	0.0	0.0	2657480027777836790
2026-07-07T11:42:50.248	1	32.0	21.163	0.0	0.0	0.0	-300000.0	22.757	21.087	5.784	1013.223	56.441	0.0	0.0	0.0	0.0	0.0	2657480027777836790
2026-07-07T11:42:51.252	1	32.0	21.181	0.0	0.0	0.0	-300000.0	22.757	21.079	5.452	1013.232	56.453	0.0	0.0	0.0	0.0	0.0	2657480027777836790
2026-07-07T11:42:52.254	1	32.0	21.102	0.0	0.0	0.0	-300000.0	22.757	21.087	5.522	1013.285	56.441	0.0	0.0	0.0	0.0	0.0	2657480027777836790
2026-07-07T11:42:53.258	1	32.0	21.17	0.0	0.0	0.0	-300000.0	22.765	21.095	5.583	1013.241	56.453	0.0	0.0	0.0	0.0	0.0	2657480027777836790
2026-07-07T11:42:54.262	1	32.0	21.155	0.0	0.0	0.0	-300000.0	22.757	21.111	5.703	1013.215	56.441	0.0	0.0	0.0	0.0	0.0	2657480027777836790
2026-07-07T11:42:55.266	1	32.0	21.183	0.0	0.0	0.0	-300000.0	22.757	21.107	5.643	1013.258	56.441	0.0	0.0	0.0	0.0	0.0	2657480027777836790
2026-07-07T11:42:56.269	1	32.0	21.187	0.0	0.0	0.0	-300000.0	22.757	21.135	5.603	1013.285	56.441	0.0	0.0	0.0	0.0	0.0	2657480027777836790
2026-07-07T11:42:57.272	1	32.0	21.2	0.0	0.0	0.0	-300000.0	22.757	21.123	5.653	1013.197	56.408	0.0	0.0	0.0	0.0	0.0	2657480027777836790
2026-07-07T11:42:58.275	1	32.0	21.192	0.0	0.0	0.0	-300000.0	22.757	21.147	5.703	1013.215	56.418	0.0	0.0	0.0	0.0	0.0	2657480027777836790
2026-07-07T11:42:59.280	1	32.0	21.194	0.0	0.0	0.0	-300000.0	22.75	21.135	5.462	1013.189	56.418	0.0	0.0	0.0	0.0	0.0	2657480027777836790
2026-07-07T11:43:00.283	1	32.0	21.159	0.0	0.0	0.0	-300000.0	22.75	21.171	5.653	1013.267	56.408	0.0	0.0	0.0	0.0	0.0	2657480027777836790
2026-07-07T11:43:01.286	1	32.0	21.26	0.0	0.0	0.0	-300000.0	22.757	21.051	5.593	1013.258	56.408	0.0	0.0	0.0	0.0	0.0	2657480027777836790
2026-07-07T11:43:02.289	1	32.0	21.249	0.0	0.0	0.0	-300000.0	22.75	21.095	5.653	1013.18	56.395	0.0	0.0	0.0	0.0	0.0	2657480027777836790
2026-07-07T11:43:03.292	1	32.0	21.104	0.0	0.0	0.0	-300000.0	22.75	21.103	5.834	1013.215	56.385	0.0	0.0	0.0	0.0	0.0	2657480027777836790
2026-07-07T11:43:04.296	1	32.0	21.159	0.0	0.0	0.0	-300000.0	22.75	21.087	5.583	1013.206	56.396	0.0	0.0	0.0	0.0	0.0	2657480027777836790
2026-07-07T11:43:05.299	1	32.0	21.206	0.0	0.0	0.0	-300000.0	22.757	21.119	5.462	1013.206	56.383	0.0	0.0	0.0	0.0	0.0	2657480027777836790
2026-07-07T11:43:06.303	1	32.0	21.122	0.0	0.0	0.0	-300000.0	22.75	21.099	5.623	1013.285	56.361	0.0	0.0	0.0	0.0	0.0	2657480027777836790
2026-07-07T11:43:07.306	1	32.0	21.047	0.0	0.0	0.0	-300000.0	22.757	21.107	5.542	1013.223	56.362	0.0	0.0	0.0	0.0	0.0	2657480027777836790
2026-07-07T11:43:08.309	1	32.0	21.192	0.0	0.0	0.0	-300000.0	22.75	21.099	5.693	1013.232	56.361	0.0	0.0	0.0	0.0	0.0	2657480027777836790
2026-07-07T11:43:09.313	1	32.0	21.06	0.0	0.0	0.0	-300000.0	22.757	21.079	5.522	1013.145	56.362	0.0	0.0	0.0	0.0	0.0	2657480027777836790
2026-07-07T11:43:10.319	1	32.0	21.089	0.0	0.0	0.0	-300000.0	22.757	21.095	5.613	1013.215	56.339	0.0	0.0	0.0	0.0	0.0	2657480027777836790
2026-07-07T11:43:11.321	1	32.0	21.236	0.0	0.0	0.0	-300000.0	22.75	21.055	5.542	1013.162	56.351	0.0	0.0	0.0	0.0	0.0	2657480027777836790
2026-07-07T11:43:12.325	1	32.0	21.139	0.0	0.0	0.0	-300000.0	22.757	21.059	5.583	1013.197	56.374	0.0	0.0	0.0	0.0	0.0	2657480027777836790
2026-07-07T11:43:13.330	1	32.0	21.13	0.0	0.0	0.0	-300000.0	22.75	21.079	5.502	1013.153	56.361	0.0	0.0	0.0	0.0	0.0	2657480027777836790
2026-07-07T11:43:14.334	1	32.0	21.228	0.0	0.0	0.0	-300000.0	22.757	21.067	5.553	1013.189	56.374	0.0	0.0	0.0	0.0	0.0	2657480027777836790
2026-07-07T11:43:15.337	1	32.0	21.227	0.0	0.0	0.0	-300000.0	22.75	21.107	5.713	1013.171	56.372	0.0	0.0	0.0	0.0	0.0	2657480027777836790
2026-07-07T11:43:16.339	1	32.0	21.068	0.0	0.0	0.0	-300000.0	22.75	21.079	5.764	1013.302	56.374	0.0	0.0	0.0	0.0	0.0	2657480027777836790
2026-07-07T11:43:17.342	1	32.0	21.131	0.0	0.0	0.0	-300000.0	22.757	21.051	5.603	1013.25	56.374	0.0	0.0	0.0	0.0	0.0	2657480027777836790
2026-07-07T11:43:18.345	1	32.0	21.139	0.0	0.0	0.0	-300000.0	22.757	21.079	5.583	1013.25	56.385	0.0	0.0	0.0	0.0	0.0	2657480027777836790
2026-07-07T11:43:19.349	1	32.0	21.074	0.0	0.0	0.0	-300000.0	22.757	21.075	5.784	1013.267	56.374	0.0	0.0	0.0	0.0	0.0	2657480027777836790
2026-07-07T11:43:20.351	1	32.0	21.177	0.0	0.0	0.0	-300000.0	22.75	21.099	5.673	1013.215	56.374	0.0	0.0	0.0	0.0	0.0	2657480027777836790
2026-07-07T11:43:21.355	1	32.0	21.064	0.0	0.0	0.0	-300000.0	22.757	21.079	5.613	1013.197	56.351	0.0	0.0	0.0	0.0	0.0	2657480027777836790
2026-07-07T11:43:22.358	1	32.0	21.122	0.0	0.0	0.0	-300000.0	22.75	21.075	5.653	1013.232	56.373	0.0	0.0	0.0	0.0	0.0	2657480027777836790
2026-07-07T11:43:23.362	1	32.0	21.196	0.0	0.0	0.0	-300000.0	22.75	21.091	5.412	1013.223	56.36	0.0	0.0	0.0	0.0	0.0	2657480027777836790
2026-07-07T11:43:24.365	1	32.0	21.121	0.0	0.0	0.0	-300000.0	22.75	21.131	5.442	1013.215	56.362	0.0	0.0	0.0	0.0	0.0	2657480027777836790
2026-07-07T11:43:25.369	1	32.0	21.182	0.0	0.0	0.0	-300000.0	22.75	21.111	5.583	1013.215	56.339	0.0	0.0	0.0	0.0	0.0	2657480027777836790
2026-07-07T11:43:26.373	1	32.0	21.123	0.0	0.0	0.0	-300000.0	22.75	21.071	5.733	1013.241	56.339	0.0	0.0	0.0	0.0	0.0	2657480027777836790
2026-07-07T11:43:27.377	1	32.0	21.066	0.0	0.0	0.0	-300000.0	22.75	21.083	5.512	1013.267	56.329	0.0	0.0	0.0	0.0	0.0	2657480027777836790
2026-07-07T11:43:28.380	1	32.0	21.081	0.0	0.0	0.0	-300000.0	22.757	21.059	5.573	1013.215	56.339	0.0	0.0	0.0	0.0	0.0	2657480027777836790
2026-07-07T11:43:29.383	1	32.0	21.069	0.0	0.0	0.0	-300000.0	22.75	21.075	5.613	1013.197	56.317	0.0	0.0	0.0	0.0	0.0	2657480027777836790
2026-07-07T11:43:30.388	1	32.0	21.177	0.0	0.0	0.0	-300000.0	22.75	21.091	5.673	1013.206	56.316	0.0	0.0	0.0	0.0	0.0	2657480027777836790
2026-07-07T11:43:31.391	1	32.0	21.217	0.0	0.0	0.0	-300000.0	22.75	21.099	5.784	1013.189	56.306	0.0	0.0	0.0	0.0	0.0	2657480027777836790
2026-07-07T11:43:32.395	1	32.0	21.174	0.0	0.0	0.0	-300000.0	22.75	21.095	5.723	1013.223	56.303	0.0	0.0	0.0	0.0	0.0	2657480027777836790
2026-07-07T11:43:33.399	1	32.0	21.116	0.0	0.0	0.0	-300000.0	22.757	21.091	5.633	1013.18	56.293	0.0	0.0	0.0	0.0	0.0	2657480027777836790
2026-07-07T11:43:34.402	1	32.0	21.135	0.0	0.0	0.0	-300000.0	22.75	21.107	5.603	1013.206	56.304	0.0	0.0	0.0	0.0	0.0	2657480027777836790
2026-07-07T11:43:35.405	1	32.0	21.039	0.0	0.0	0.0	-300000.0	22.75	21.059	5.613	1013.171	56.281	0.0	0.0	0.0	0.0	0.0	2657480027777836790
2026-07-07T11:43:36.409	1	32.0	21.179	0.0	0.0	0.0	-300000.0	22.75	21.059	5.794	1013.189	56.294	0.0	0.0	0.0	0.0	0.0	2657480027777836790
2026-07-07T11:43:37.412	1	32.0	21.147	0.0	0.0	0.0	-300000.0	22.75	21.075	5.532	1013.189	56.294	0.0	0.0	0.0	0.0	0.0	2657480027777836790
2026-07-07T11:43:38.415	1	32.0	21.13	0.0	0.0	0.0	-300000.0	22.75	21.079	5.402	1013.127	56.293	0.0	0.0	0.0	0.0	0.0	2657480027777836790
2026-07-07T11:43:39.419	1	32.0	21.17	0.0	0.0	0.0	-300000.0	22.757	21.083	5.633	1013.215	56.294	0.0	0.0	0.0	0.0	0.0	2657480027777836790
2026-07-07T11:43:40.424	1	32.0	21.104	0.0	0.0	0.0	-300000.0	22.742	21.071	5.462	1013.189	56.294	0.0	0.0	0.0	0.0	0.0	2657480027777836790
2026-07-07T11:43:41.428	1	32.0	21.159	0.0	0.0	0.0	-300000.0	22.75	21.075	5.643	1013.232	56.293	0.0	0.0	0.0	0.0	0.0	2657480027777836790
2026-07-07T11:43:42.431	1	32.0	21.134	0.0	0.0	0.0	-300000.0	22.75	21.083	5.864	1013.197	56.26	0.0	0.0	0.0	0.0	0.0	2657480027777836790
2026-07-07T11:43:43.435	1	32.0	21.134	0.0	0.0	0.0	-300000.0	22.75	21.095	5.553	1013.206	56.249	0.0	0.0	0.0	0.0	0.0	2657480027777836790
2026-07-07T11:43:44.442	1	32.0	21.193	0.0	0.0	0.0	-300000.0	22.75	21.095	5.723	1013.206	56.271	0.0	0.0	0.0	0.0	0.0	2657480027777836790
2026-07-07T11:43:45.445	1	32.0	21.075	0.0	0.0	0.0	-300000.0	22.75	21.099	5.452	1013.189	56.238	0.0	0.0	0.0	0.0	0.0	2657480027777836790
2026-07-07T11:43:46.456	1	32.0	21.219	0.0	0.0	0.0	-300000.0	22.75	21.095	5.512	1013.215	56.238	0.0	0.0	0.0	0.0	0.0	2657480027777836790
2026-07-07T11:43:47.460	1	32.0	21.198	0.0	0.0	0.0	-300000.0	22.75	21.079	5.372	1013.215	56.283	0.0	0.0	0.0	0.0	0.0	2657480027777836790
2026-07-07T11:43:48.463	1	32.0	21.184	0.0	0.0	0.0	-300000.0	22.742	21.075	5.633	1013.285	56.249	0.0	0.0	0.0	0.0	0.0	2657480027777836790
2026-07-07T11:43:49.467	1	32.0	21.218	0.0	0.0	0.0	-300000.0	22.742	21.103	5.442	1013.197	56.258	0.0	0.0	0.0	0.0	0.0	2657480027777836790
2026-07-07T11:43:50.470	1	32.0	21.132	0.0	0.0	0.0	-300000.0	22.742	21.091	5.372	1013.223	56.269	0.0	0.0	0.0	0.0	0.0	2657480027777836790
2026-07-07T11:43:51.474	1	32.0	21.083	0.0	0.0	0.0	-300000.0	22.75	21.059	5.553	1013.162	56.257	0.0	0.0	0.0	0.0	0.0	2657480027777836790
2026-07-07T11:43:52.477	1	32.0	21.115	0.0	0.0	0.0	-300000.0	22.742	21.063	5.502	1013.215	56.25	0.0	0.0	0.0	0.0	0.0	2657480027777836790
2026-07-07T11:43:53.480	1	32.0	21.158	0.0	0.0	0.0	-300000.0	22.742	21.055	5.502	1013.232	56.249	0.0	0.0	0.0	0.0	0.0	2657480027777836790
2026-07-07T11:43:54.484	1	32.0	21.236	0.0	0.0	0.0	-300000.0	22.742	21.067	5.452	1013.232	56.259	0.0	0.0	0.0	0.0	0.0	2657480027777836790
2026-07-07T11:43:55.490	1	32.0	21.125	0.0	0.0	0.0	-300000.0	22.75	21.067	5.532	1013.223	56.258	0.0	0.0	0.0	0.0	0.0	2657480027777836790
2026-07-07T11:43:56.496	1	32.0	21.169	0.0	0.0	0.0	-300000.0	22.75	21.095	5.563	1013.258	56.259	0.0	0.0	0.0	0.0	0.0	2657480027777836790
2026-07-07T11:43:57.500	1	32.0	21.142	0.0	0.0	0.0	-300000.0	22.742	21.079	5.573	1013.18	56.259	0.0	0.0	0.0	0.0	0.0	2657480027777836790
2026-07-07T11:43:58.504	1	32.0	21.139	0.0	0.0	0.0	-300000.0	22.75	21.079	5.884	1013.197	56.258	0.0	0.0	0.0	0.0	0.0	2657480027777836790
2026-07-07T11:43:59.507	1	32.0	21.159	0.0	0.0	0.0	-300000.0	22.75	21.063	5.653	1013.232	56.282	0.0	0.0	0.0	0.0	0.0	2657480027777836790
2026-07-07T11:44:00.511	1	32.0	21.109	0.0	0.0	0.0	-300000.0	22.75	21.083	5.623	1013.25	56.25	0.0	0.0	0.0	0.0	0.0	2657480027777836790
2026-07-07T11:44:01.514	1	32.0	21.145	0.0	0.0	0.0	-300000.0	22.742	21.095	5.472	1013.276	56.258	0.0	0.0	0.0	0.0	0.0	2657480027777836790
2026-07-07T11:44:02.518	1	32.0	21.168	0.0	0.0	0.0	-300000.0	22.742	21.087	5.573	1013.189	56.26	0.0	0.0	0.0	0.0	0.0	2657480027777836790
2026-07-07T11:44:03.521	1	32.0	21.129	0.0	0.0	0.0	-300000.0	22.75	21.099	5.683	1013.206	56.271	0.0	0.0	0.0	0.0	0.0	2657480027777836790
2026-07-07T11:44:04.524	1	32.0	21.156	0.0	0.0	0.0	-300000.0	22.742	21.091	5.502	1013.223	56.269	0.0	0.0	0.0	0.0	0.0	2657480027777836790
2026-07-07T11:44:05.527	1	32.0	21.194	0.0	0.0	0.0	-300000.0	22.742	21.127	5.713	1013.241	56.268	0.0	0.0	0.0	0.0	0.0	2657480027777836790
2026-07-07T11:44:06.532	1	32.0	21.184	0.0	0.0	0.0	-300000.0	22.742	21.119	5.693	1013.25	56.281	0.0	0.0	0.0	0.0	0.0	2657480027777836790
2026-07-07T11:44:07.536	1	32.0	21.163	0.0	0.0	0.0	-300000.0	22.75	21.119	5.904	1013.197	56.303	0.0	0.0	0.0	0.0	0.0	2657480027777836790
2026-07-07T11:44:08.540	1	32.0	21.193	0.0	0.0	0.0	-300000.0	22.742	21.127	5.784	1013.285	56.293	0.0	0.0	0.0	0.0	0.0	2657480027777836790
2026-07-07T11:44:09.546	1	32.0	21.172	0.0	0.0	0.0	-300000.0	22.75	21.147	5.553	1013.206	56.304	0.0	0.0	0.0	0.0	0.0	2657480027777836790
2026-07-07T11:44:10.549	1	32.0	20.998	0.0	0.0	0.0	-300000.0	22.742	21.119	5.663	1013.197	56.292	0.0	0.0	0.0	0.0	0.0	2657480027777836790
2026-07-07T11:44:11.553	1	32.0	21.042	0.0	0.0	0.0	-300000.0	22.742	21.127	5.472	1013.241	56.294	0.0	0.0	0.0	0.0	0.0	2657480027777836790
2026-07-07T11:44:12.556	1	32.0	21.085	0.0	0.0	0.0	-300000.0	22.742	21.119	5.844	1013.25	56.292	0.0	0.0	0.0	0.0	0.0	2657480027777836790
2026-07-07T11:44:13.561	1	32.0	21.183	0.0	0.0	0.0	-300000.0	22.742	21.107	5.472	1013.285	56.304	0.0	0.0	0.0	0.0	0.0	2657480027777836790
2026-07-07T11:44:14.564	1	32.0	21.159	0.0	0.0	0.0	-300000.0	22.75	21.067	5.824	1013.232	56.293	0.0	0.0	0.0	0.0	0.0	2657480027777836790
2026-07-07T11:44:15.568	1	32.0	21.142	0.0	0.0	0.0	-300000.0	22.742	21.071	5.603	1013.232	56.293	0.0	0.0	0.0	0.0	0.0	2657480027777836790
2026-07-07T11:44:16.572	1	32.0	21.158	0.0	0.0	0.0	-300000.0	22.75	21.067	5.733	1013.311	56.271	0.0	0.0	0.0	0.0	0.0	2657480027777836790
2026-07-07T11:44:17.575	1	32.0	21.073	0.0	0.0	0.0	-300000.0	22.75	21.103	5.542	1013.215	56.291	0.0	0.0	0.0	0.0	0.0	2657480027777836790
2026-07-07T11:44:18.579	1	32.0	21.095	0.0	0.0	0.0	-300000.0	22.75	21.095	5.764	1013.223	56.281	0.0	0.0	0.0	0.0	0.0	2657480027777836790
2026-07-07T11:44:19.582	1	32.0	21.061	0.0	0.0	0.0	-300000.0	22.742	21.099	5.502	1013.188	56.291	0.0	0.0	0.0	0.0	0.0	2657480027777836790
2026-07-07T11:44:20.585	1	32.0	21.064	0.0	0.0	0.0	-300000.0	22.742	21.063	5.613	1013.223	56.281	0.0	0.0	0.0	0.0	0.0	2657480027777836790
2026-07-07T11:44:21.590	1	32.0	21.109	0.0	0.0	0.0	-300000.0	22.742	21.079	5.502	1013.232	56.293	0.0	0.0	0.0	0.0	0.0	2657480027777836790
2026-07-07T11:44:22.593	1	32.0	21.128	0.0	0.0	0.0	-300000.0	22.742	21.107	5.653	1013.258	56.291	0.0	0.0	0.0	0.0	0.0	2657480027777836790
2026-07-07T11:44:23.597	1	32.0	21.153	0.0	0.0	0.0	-300000.0	22.742	21.067	5.553	1013.232	56.282	0.0	0.0	0.0	0.0	0.0	2657480027777836790
2026-07-07T11:44:24.601	1	32.0	21.223	0.0	0.0	0.0	-300000.0	22.742	21.063	5.402	1013.197	56.281	0.0	0.0	0.0	0.0	0.0	2657480027777836790
2026-07-07T11:44:25.606	1	32.0	21.213	0.0	0.0	0.0	-300000.0	22.742	21.107	5.563	1013.276	56.281	0.0	0.0	0.0	0.0	0.0	2657480027777836790
2026-07-07T11:44:26.609	1	32.0	21.224	0.0	0.0	0.0	-300000.0	22.75	21.039	5.563	1013.197	56.292	0.0	0.0	0.0	0.0	0.0	2657480027777836790
2026-07-07T11:44:27.613	1	32.0	21.173	0.0	0.0	0.0	-300000.0	22.742	21.059	5.603	1013.25	56.269	0.0	0.0	0.0	0.0	0.0	2657480027777836790
2026-07-07T11:44:28.616	1	32.0	21.113	0.0	0.0	0.0	-300000.0	22.734	21.055	5.563	1013.25	56.258	0.0	0.0	0.0	0.0	0.0	2657480027777836790
2026-07-07T11:44:29.626	1	32.0	21.075	0.0	0.0	0.0	-300000.0	22.742	21.067	5.432	1013.171	56.292	0.0	0.0	0.0	0.0	0.0	2657480027777836790
2026-07-07T11:44:30.629	1	32.0	21.154	0.0	0.0	0.0	-300000.0	22.742	21.055	5.281	1013.232	56.282	0.0	0.0	0.0	0.0	0.0	2657480027777836790
2026-07-07T11:44:31.632	1	32.0	21.067	0.0	0.0	0.0	-300000.0	22.742	21.107	5.633	1013.267	56.257	0.0	0.0	0.0	0.0	0.0	2657480027777836790
2026-07-07T11:44:32.636	1	32.0	21.141	0.0	0.0	0.0	-300000.0	22.734	21.067	5.633	1013.267	56.28	0.0	0.0	0.0	0.0	0.0	2657480027777836790
2026-07-07T11:44:33.640	1	32.0	21.061	0.0	0.0	0.0	-300000.0	22.742	21.075	5.774	1013.206	56.282	0.0	0.0	0.0	0.0	0.0	2657480027777836790
2026-07-07T11:44:34.643	1	32.0	21.184	0.0	0.0	0.0	-300000.0	22.742	21.087	5.874	1013.25	56.281	0.0	0.0	0.0	0.0	0.0	2657480027777836790
2026-07-07T11:44:35.647	1	32.0	21.124	0.0	0.0	0.0	-300000.0	22.742	21.103	5.512	1013.232	56.304	0.0	0.0	0.0	0.0	0.0	2657480027777836790
2026-07-07T11:44:36.650	1	32.0	21.118	0.0	0.0	0.0	-300000.0	22.742	21.027	5.573	1013.206	56.302	0.0	0.0	0.0	0.0	0.0	2657480027777836790
2026-07-07T11:44:37.654	1	32.0	21.156	0.0	0.0	0.0	-300000.0	22.742	21.031	5.532	1013.276	56.303	0.0	0.0	0.0	0.0	0.0	2657480027777836790
2026-07-07T11:44:38.657	1	32.0	21.094	0.0	0.0	0.0	-300000.0	22.742	21.067	5.753	1013.223	56.281	0.0	0.0	0.0	0.0	0.0	2657480027777836790
2026-07-07T11:44:39.660	1	32.0	21.148	0.0	0.0	0.0	-300000.0	22.742	21.051	5.844	1013.188	56.302	0.0	0.0	0.0	0.0	0.0	2657480027777836790
2026-07-07T11:44:40.665	1	32.0	21.158	0.0	0.0	0.0	-300000.0	22.742	21.055	5.643	1013.258	56.325	0.0	0.0	0.0	0.0	0.0	2657480027777836790
2026-07-07T11:44:41.668	1	32.0	21.102	0.0	0.0	0.0	-300000.0	22.734	21.083	5.482	1013.223	56.315	0.0	0.0	0.0	0.0	0.0	2657480027777836790
2026-07-07T11:44:42.672	1	32.0	21.116	0.0	0.0	0.0	-300000.0	22.742	21.059	5.563	1013.25	56.281	0.0	0.0	0.0	0.0	0.0	2657480027777836790
2026-07-07T11:44:43.675	1	32.0	21.175	0.0	0.0	0.0	-300000.0	22.742	21.091	5.743	1013.215	56.291	0.0	0.0	0.0	0.0	0.0	2657480027777836790
2026-07-07T11:44:44.680	1	32.0	21.019	0.0	0.0	0.0	-300000.0	22.742	21.059	5.563	1013.215	56.291	0.0	0.0	0.0	0.0	0.0	2657480027777836790
2026-07-07T11:44:45.685	1	32.0	21.163	0.0	0.0	0.0	-300000.0	22.742	21.059	5.482	1013.215	56.28	0.0	0.0	0.0	0.0	0.0	2657480027777836790
2026-07-07T11:44:46.689	1	32.0	21.162	0.0	0.0	0.0	-300000.0	22.742	21.083	5.874	1013.302	56.281	0.0	0.0	0.0	0.0	0.0	2657480027777836790
2026-07-07T11:44:47.692	1	32.0	21.053	0.0	0.0	0.0	-300000.0	22.742	21.059	5.723	1013.346	56.294	0.0	0.0	0.0	0.0	0.0	2657480027777836790
2026-07-07T11:44:48.696	1	32.0	21.168	0.0	0.0	0.0	-300000.0	22.742	21.055	5.844	1013.285	56.282	0.0	0.0	0.0	0.0	0.0	2657480027777836790
2026-07-07T11:44:49.700	1	32.0	21.068	0.0	0.0	0.0	-300000.0	22.734	21.087	5.392	1013.197	56.269	0.0	0.0	0.0	0.0	0.0	2657480027777836790
2026-07-07T11:44:50.703	1	32.0	21.185	0.0	0.0	0.0	-300000.0	22.734	21.079	5.784	1013.258	56.268	0.0	0.0	0.0	0.0	0.0	2657480027777836790
2026-07-07T11:44:51.707	1	32.0	21.07	0.0	0.0	0.0	-300000.0	22.742	21.063	5.432	1013.25	56.281	0.0	0.0	0.0	0.0	0.0	2657480027777836790
2026-07-07T11:44:52.711	1	32.0	21.036	0.0	0.0	0.0	-300000.0	22.734	21.087	5.643	1013.267	56.268	0.0	0.0	0.0	0.0	0.0	2657480027777836790
2026-07-07T11:44:53.715	1	32.0	21.13	0.0	0.0	0.0	-300000.0	22.742	21.047	5.563	1013.294	56.257	0.0	0.0	0.0	0.0	0.0	2657480027777836790
2026-07-07T11:44:54.718	1	32.0	21.124	0.0	0.0	0.0	-300000.0	22.742	21.083	5.633	1013.25	56.247	0.0	0.0	0.0	0.0	0.0	2657480027777836790
2026-07-07T11:44:55.722	1	32.0	21.093	0.0	0.0	0.0	-300000.0	22.734	21.043	5.864	1013.302	56.236	0.0	0.0	0.0	0.0	0.0	2657480027777836790
2026-07-07T11:44:56.725	1	32.0	21.145	0.0	0.0	0.0	-300000.0	22.734	21.055	5.442	1013.188	56.246	0.0	0.0	0.0	0.0	0.0	2657480027777836790
2026-07-07T11:44:57.731	1	32.0	21.102	0.0	0.0	0.0	-300000.0	22.742	21.063	5.643	1013.215	56.235	0.0	0.0	0.0	0.0	0.0	2657480027777836790
2026-07-07T11:44:58.735	1	32.0	21.161	0.0	0.0	0.0	-300000.0	22.742	21.043	5.532	1013.285	56.223	0.0	0.0	0.0	0.0	0.0	2657480027777836790
2026-07-07T11:44:59.739	1	32.0	21.194	0.0	0.0	0.0	-300000.0	22.734	21.051	5.653	1013.232	56.235	0.0	0.0	0.0	0.0	0.0	2657480027777836790
2026-07-07T11:45:00.742	1	32.0	21.138	0.0	0.0	0.0	-300000.0	22.734	21.039	5.532	1013.241	56.223	0.0	0.0	0.0	0.0	0.0	2657480027777836790
2026-07-07T11:45:01.745	1	32.0	21.07	0.0	0.0	0.0	-300000.0	22.734	21.071	5.472	1013.294	56.223	0.0	0.0	0.0	0.0	0.0	2657480027777836790
2026-07-07T11:45:02.748	1	32.0	21.129	0.0	0.0	0.0	-300000.0	22.734	21.055	5.753	1013.294	56.223	0.0	0.0	0.0	0.0	0.0	2657480027777836790
2026-07-07T11:45:03.751	1	32.0	21.127	0.0	0.0	0.0	-300000.0	22.742	21.059	5.623	1013.258	56.235	0.0	0.0	0.0	0.0	0.0	2657480027777836790
2026-07-07T11:45:04.755	1	32.0	21.139	0.0	0.0	0.0	-300000.0	22.734	21.071	5.764	1013.285	56.235	0.0	0.0	0.0	0.0	0.0	2657480027777836790
2026-07-07T11:45:05.759	1	32.0	21.152	0.0	0.0	0.0	-300000.0	22.742	21.043	5.623	1013.258	56.211	0.0	0.0	0.0	0.0	0.0	2657480027777836790
2026-07-07T11:45:06.762	1	32.0	21.165	0.0	0.0	0.0	-300000.0	22.734	21.071	5.522	1013.25	56.235	0.0	0.0	0.0	0.0	0.0	2657480027777836790
2026-07-07T11:45:07.765	1	32.0	21.04	0.0	0.0	0.0	-300000.0	22.734	21.079	5.613	1013.276	56.202	0.0	0.0	0.0	0.0	0.0	2657480027777836790
2026-07-07T11:45:08.769	1	32.0	21.106	0.0	0.0	0.0	-300000.0	22.734	21.043	5.542	1013.285	56.189	0.0	0.0	0.0	0.0	0.0	2657480027777836790
2026-07-07T11:45:09.772	1	32.0	21.107	0.0	0.0	0.0	-300000.0	22.726	21.051	5.683	1013.294	56.201	0.0	0.0	0.0	0.0	0.0	2657480027777836790
2026-07-07T11:45:10.776	1	32.0	21.132	0.0	0.0	0.0	-300000.0	22.742	21.087	6.025	1013.215	56.201	0.0	0.0	0.0	0.0	0.0	2657480027777836790
2026-07-07T11:45:11.779	1	32.0	21.11	0.0	0.0	0.0	-300000.0	22.734	21.055	5.643	1013.276	56.202	0.0	0.0	0.0	0.0	0.0	2657480027777836790
2026-07-07T11:45:12.782	1	32.0	21.126	0.0	0.0	0.0	-300000.0	22.734	21.079	5.563	1013.294	56.178	0.0	0.0	0.0	0.0	0.0	2657480027777836790
2026-07-07T11:45:13.786	1	32.0	21.158	0.0	0.0	0.0	-300000.0	22.734	21.075	5.432	1013.241	56.178	0.0	0.0	0.0	0.0	0.0	2657480027777836790
2026-07-07T11:45:14.790	1	32.0	21.155	0.0	0.0	0.0	-300000.0	22.734	21.079	5.271	1013.267	56.201	0.0	0.0	0.0	0.0	0.0	2657480027777836790
2026-07-07T11:45:15.793	1	32.0	21.167	0.0	0.0	0.0	-300000.0	22.734	21.095	5.794	1013.232	56.201	0.0	0.0	0.0	0.0	0.0	2657480027777836790
2026-07-07T11:45:16.797	1	32.0	21.142	0.0	0.0	0.0	-300000.0	22.742	21.099	5.683	1013.258	56.201	0.0	0.0	0.0	0.0	0.0	2657480027777836790
2026-07-07T11:45:17.802	1	32.0	21.152	0.0	0.0	0.0	-300000.0	22.734	21.115	5.784	1013.241	56.201	0.0	0.0	0.0	0.0	0.0	2657480027777836790
2026-07-07T11:45:18.806	1	32.0	21.16	0.0	0.0	0.0	-300000.0	22.734	21.119	5.332	1013.285	56.189	0.0	0.0	0.0	0.0	0.0	2657480027777836790
2026-07-07T11:45:19.809	1	32.0	21.03	0.0	0.0	0.0	-300000.0	22.734	21.107	8.918	1013.258	56.189	0.0	0.0	0.0	0.0	0.0	2657480027777836790
2026-07-07T11:45:20.812	1	32.0	21.168	0.0	0.0	0.0	-300000.0	22.734	21.103	9.029	1013.232	56.201	0.0	0.0	0.0	0.0	0.0	2657480027777836790
2026-07-07T11:45:21.816	1	32.0	21.193	0.0	0.0	0.0	-300000.0	22.734	21.095	8.878	1013.276	56.202	0.0	0.0	0.0	0.0	0.0	2657480027777836790
2026-07-07T11:45:22.820	1	32.0	21.232	0.0	0.0	0.0	-300000.0	22.734	21.103	8.737	1013.258	56.201	0.0	0.0	0.0	0.0	0.0	2657480027777836790
2026-07-07T11:45:23.825	1	32.0	21.184	0.0	0.0	0.0	-300000.0	22.726	21.043	8.938	1013.276	56.213	0.0	0.0	0.0	0.0	0.0	2657480027777836790
2026-07-07T11:45:24.828	1	32.0	21.164	0.0	0.0	0.0	-300000.0	22.726	21.067	8.697	1013.32	56.201	0.0	0.0	0.0	0.0	0.0	2657480027777836790
2026-07-07T11:45:25.832	1	32.0	21.1	0.0	0.0	0.0	-300000.0	22.734	21.071	8.567	1013.32	56.189	0.0	0.0	0.0	0.0	0.0	2657480027777836790
2026-07-07T11:45:26.836	1	32.0	21.199	0.0	0.0	0.0	-300000.0	22.734	21.055	8.697	1013.294	56.211	0.0	0.0	0.0	0.0	0.0	2657480027777836790
2026-07-07T11:45:27.840	1	32.0	21.162	0.0	0.0	0.0	-300000.0	22.734	21.075	8.125	1013.258	56.201	0.0	0.0	0.0	0.0	0.0	2657480027777836790
2026-07-07T11:45:28.844	1	32.0	21.018	0.0	0.0	0.0	-300000.0	22.734	21.063	8.697	1013.258	56.223	0.0	0.0	0.0	0.0	0.0	2657480027777836790
2026-07-07T11:45:29.848	1	32.0	21.2	0.0	0.0	0.0	-300000.0	22.726	21.071	8.667	1013.241	56.223	0.0	0.0	0.0	0.0	0.0	2657480027777836790
2026-07-07T11:45:30.852	1	32.0	21.041	0.0	0.0	0.0	-300000.0	22.734	21.063	8.627	1013.258	56.223	0.0	0.0	0.0	0.0	0.0	2657480027777836790
2026-07-07T11:45:31.855	1	32.0	21.108	0.0	0.0	0.0	-300000.0	22.734	21.051	8.697	1013.302	56.223	0.0	0.0	0.0	0.0	0.0	2657480027777836790
2026-07-07T11:45:32.859	1	32.0	21.067	0.0	0.0	0.0	-300000.0	22.734	21.075	8.757	1013.32	56.211	0.0	0.0	0.0	0.0	0.0	2657480027777836790
2026-07-07T11:45:33.863	1	32.0	21.2	0.0	0.0	0.0	-300000.0	22.734	21.067	8.526	1013.258	56.201	0.0	0.0	0.0	0.0	0.0	2657480027777836790
2026-07-07T11:45:34.866	1	32.0	21.1	0.0	0.0	0.0	-300000.0	22.726	21.039	8.476	1013.25	56.235	0.0	0.0	0.0	0.0	0.0	2657480027777836790
2026-07-07T11:45:35.870	1	32.0	21.176	0.0	0.0	0.0	-300000.0	22.734	21.031	8.446	1013.258	56.235	0.0	0.0	0.0	0.0	0.0	2657480027777836790
2026-07-07T11:45:36.874	1	32.0	21.103	0.0	0.0	0.0	-300000.0	22.726	21.063	8.436	1013.25	56.235	0.0	0.0	0.0	0.0	0.0	2657480027777836790
2026-07-07T11:45:37.878	1	32.0	21.089	0.0	0.0	0.0	-300000.0	22.734	21.071	8.496	1013.329	56.247	0.0	0.0	0.0	0.0	0.0	2657480027777836790
2026-07-07T11:45:38.881	1	32.0	21.087	0.0	0.0	0.0	-300000.0	22.726	21.079	8.557	1013.232	56.235	0.0	0.0	0.0	0.0	0.0	2657480027777836790
2026-07-07T11:45:39.885	1	32.0	21.09	0.0	0.0	0.0	-300000.0	22.734	21.051	8.647	1013.258	56.235	0.0	0.0	0.0	0.0	0.0	2657480027777836790
2026-07-07T11:45:40.889	1	32.0	21.208	0.0	0.0	0.0	-300000.0	22.734	21.047	8.747	1013.258	56.246	0.0	0.0	0.0	0.0	0.0	2657480027777836790
2026-07-07T11:45:41.894	1	32.0	21.275	0.0	0.0	0.0	-300000.0	22.726	21.043	8.788	1013.223	56.246	0.0	0.0	0.0	0.0	0.0	2657480027777836790
2026-07-07T11:45:42.897	1	32.0	21.183	0.0	0.0	0.0	-300000.0	22.726	21.059	8.828	1013.276	56.235	0.0	0.0	0.0	0.0	0.0	2657480027777836790
2026-07-07T11:45:43.907	1	32.0	21.181	0.0	0.0	0.0	-300000.0	22.726	21.043	8.657	1013.258	56.246	0.0	0.0	0.0	0.0	0.0	2657480027777836790
2026-07-07T11:45:44.911	1	32.0	21.141	0.0	0.0	0.0	-300000.0	22.734	21.055	8.577	1013.258	56.246	0.0	0.0	0.0	0.0	0.0	2657480027777836790
2026-07-07T11:45:45.915	1	32.0	21.074	0.0	0.0	0.0	-300000.0	22.726	21.075	8.567	1013.258	56.235	0.0	0.0	0.0	0.0	0.0	2657480027777836790
2026-07-07T11:45:46.918	1	32.0	21.158	0.0	0.0	0.0	-300000.0	22.726	21.039	8.396	1013.276	56.246	0.0	0.0	0.0	0.0	0.0	2657480027777836790
2026-07-07T11:45:47.922	1	32.0	21.074	0.0	0.0	0.0	-300000.0	22.734	21.011	8.466	1013.223	56.246	0.0	0.0	0.0	0.0	0.0	2657480027777836790
2026-07-07T11:45:48.925	1	32.0	21.118	0.0	0.0	0.0	-300000.0	22.726	21.067	8.657	1013.311	56.246	0.0	0.0	0.0	0.0	0.0	2657480027777836790
2026-07-07T11:45:49.929	1	32.0	21.155	0.0	0.0	0.0	-300000.0	22.726	21.035	8.687	1013.32	56.257	0.0	0.0	0.0	0.0	0.0	2657480027777836790
2026-07-07T11:45:50.932	1	32.0	21.067	0.0	0.0	0.0	-300000.0	22.734	21.079	8.476	1013.258	56.246	0.0	0.0	0.0	0.0	0.0	2657480027777836790
2026-07-07T11:45:51.936	1	32.0	21.128	0.0	0.0	0.0	-300000.0	22.726	21.007	8.768	1013.32	56.257	0.0	0.0	0.0	0.0	0.0	2657480027777836790
2026-07-07T11:45:52.939	1	32.0	21.185	0.0	0.0	0.0	-300000.0	22.726	21.055	8.647	1013.267	56.246	0.0	0.0	0.0	0.0	0.0	2657480027777836790
2026-07-07T11:45:53.948	1	32.0	21.086	0.0	0.0	0.0	-300000.0	22.726	21.079	8.336	1013.232	56.246	0.0	0.0	0.0	0.0	0.0	2657480027777836790
2026-07-07T11:45:54.950	1	32.0	21.06	0.0	0.0	0.0	-300000.0	22.734	21.031	8.456	1013.328	56.257	0.0	0.0	0.0	0.0	0.0	2657480027777836790
2026-07-07T11:45:55.957	1	32.0	21.147	0.0	0.0	0.0	-300000.0	22.726	21.047	8.567	1013.311	56.257	0.0	0.0	0.0	0.0	0.0	2657480027777836790
2026-07-07T11:45:56.960	1	32.0	21.173	0.0	0.0	0.0	-300000.0	22.734	21.027	8.567	1013.276	56.246	0.0	0.0	0.0	0.0	0.0	2657480027777836790
2026-07-07T11:45:57.963	1	32.0	21.068	0.0	0.0	0.0	-300000.0	22.726	21.035	8.426	1013.276	56.257	0.0	0.0	0.0	0.0	0.0	2657480027777836790
2026-07-07T11:45:58.966	1	32.0	21.085	0.0	0.0	0.0	-300000.0	22.726	21.059	8.858	1013.276	56.28	0.0	0.0	0.0	0.0	0.0	2657480027777836790
2026-07-07T11:45:59.971	1	32.0	21.093	0.0	0.0	0.0	-300000.0	22.726	21.059	8.496	1013.328	56.257	0.0	0.0	0.0	0.0	0.0	2657480027777836790
2026-07-07T11:46:00.975	1	32.0	21.049	0.0	0.0	0.0	-300000.0	22.726	21.059	8.928	1013.285	56.28	0.0	0.0	0.0	0.0	0.0	2657480027777836790
2026-07-07T11:46:01.979	1	32.0	20.989	0.0	0.0	0.0	-300000.0	22.726	21.043	8.406	1013.258	56.246	0.0	0.0	0.0	0.0	0.0	2657480027777836790
2026-07-07T11:46:02.982	1	32.0	21.111	0.0	0.0	0.0	-300000.0	22.726	21.055	8.476	1013.232	56.254	0.0	0.0	0.0	0.0	0.0	2657480027777836790
2026-07-07T11:46:03.988	1	32.0	21.14	0.0	0.0	0.0	-300000.0	22.726	21.047	8.687	1013.276	56.28	0.0	0.0	0.0	0.0	0.0	2657480027777836790
2026-07-07T11:46:04.992	1	32.0	21.044	0.0	0.0	0.0	-300000.0	22.726	21.035	8.677	1013.285	56.28	0.0	0.0	0.0	0.0	0.0	2657480027777836790
2026-07-07T11:46:05.998	1	32.0	21.112	0.0	0.0	0.0	-300000.0	22.726	21.035	8.567	1013.241	56.256	0.0	0.0	0.0	0.0	0.0	2657480027777836790
2026-07-07T11:46:07.001	1	32.0	21.064	0.0	0.0	0.0	-300000.0	22.726	21.039	8.547	1013.25	56.257	0.0	0.0	0.0	0.0	0.0	2657480027777836790
2026-07-07T11:46:08.003	1	32.0	21.136	0.0	0.0	0.0	-300000.0	22.726	21.043	8.496	1013.276	56.257	0.0	0.0	0.0	0.0	0.0	2657480027777836790
2026-07-07T11:46:09.008	1	32.0	21.076	0.0	0.0	0.0	-300000.0	22.726	21.039	8.737	1013.285	56.257	0.0	0.0	0.0	0.0	0.0	2657480027777836790
2026-07-07T11:46:10.012	1	32.0	21.063	0.0	0.0	0.0	-300000.0	22.726	21.047	8.587	1013.241	56.256	0.0	0.0	0.0	0.0	0.0	2657480027777836790
2026-07-07T11:46:11.015	1	32.0	21.131	0.0	0.0	0.0	-300000.0	22.726	21.019	8.476	1013.311	56.246	0.0	0.0	0.0	0.0	0.0	2657480027777836790
2026-07-07T11:46:12.019	1	32.0	21.251	0.0	0.0	0.0	-300000.0	22.734	21.051	8.737	1013.267	56.245	0.0	0.0	0.0	0.0	0.0	2657480027777836790
2026-07-07T11:46:13.022	1	32.0	21.098	0.0	0.0	0.0	-300000.0	22.726	21.039	8.587	1013.258	56.246	0.0	0.0	0.0	0.0	0.0	2657480027777836790
2026-07-07T11:46:14.027	1	32.0	21.121	0.0	0.0	0.0	-300000.0	22.726	21.023	8.396	1013.337	56.235	0.0	0.0	0.0	0.0	0.0	2657480027777836790
2026-07-07T11:46:15.031	1	32.0	21.16	0.0	0.0	0.0	-300000.0	22.718	21.027	8.677	1013.302	56.235	0.0	0.0	0.0	0.0	0.0	2657480027777836790
2026-07-07T11:46:16.034	1	32.0	21.165	0.0	0.0	0.0	-300000.0	22.726	21.043	8.627	1013.355	56.235	0.0	0.0	0.0	0.0	0.0	2657480027777836790
2026-07-07T11:46:17.038	1	32.0	21.122	0.0	0.0	0.0	-300000.0	22.726	21.043	8.526	1013.285	56.246	0.0	0.0	0.0	0.0	0.0	2657480027777836790
2026-07-07T11:46:18.048	1	32.0	21.069	0.0	0.0	0.0	-300000.0	22.726	21.051	8.577	1013.276	56.223	0.0	0.0	0.0	0.0	0.0	2657480027777836790
2026-07-07T11:46:19.051	1	32.0	21.147	0.0	0.0	0.0	-300000.0	22.726	21.071	8.898	1013.302	56.223	0.0	0.0	0.0	0.0	0.0	2657480027777836790
2026-07-07T11:46:20.054	1	32.0	21.067	0.0	0.0	0.0	-300000.0	22.726	21.039	8.456	1013.302	56.223	0.0	0.0	0.0	0.0	0.0	2657480027777836790
2026-07-07T11:46:21.058	1	32.0	21.078	0.0	0.0	0.0	-300000.0	22.726	21.043	8.336	1013.302	56.235	0.0	0.0	0.0	0.0	0.0	2657480027777836790
2026-07-07T11:46:22.062	1	32.0	21.13	0.0	0.0	0.0	-300000.0	22.726	21.055	8.687	1013.241	56.233	0.0	0.0	0.0	0.0	0.0	2657480027777836790
2026-07-07T11:46:23.065	1	32.0	21.142	0.0	0.0	0.0	-300000.0	22.718	21.067	8.587	1013.241	56.21	0.0	0.0	0.0	0.0	0.0	2657480027777836790
2026-07-07T11:46:24.069	1	32.0	21.132	0.0	0.0	0.0	-300000.0	22.718	21.087	8.547	1013.25	56.211	0.0	0.0	0.0	0.0	0.0	2657480027777836790
2026-07-07T11:46:25.072	1	32.0	21.169	0.0	0.0	0.0	-300000.0	22.726	21.083	8.617	1013.302	56.211	0.0	0.0	0.0	0.0	0.0	2657480027777836790
2026-07-07T11:46:26.076	1	32.0	21.153	0.0	0.0	0.0	-300000.0	22.726	21.111	8.396	1013.285	56.211	0.0	0.0	0.0	0.0	0.0	2657480027777836790
2026-07-07T11:46:27.079	1	32.0	21.172	0.0	0.0	0.0	-300000.0	22.718	21.107	8.446	1013.25	56.211	0.0	0.0	0.0	0.0	0.0	2657480027777836790
2026-07-07T11:46:28.082	1	32.0	21.101	0.0	0.0	0.0	-300000.0	22.718	21.135	8.727	1013.223	56.211	0.0	0.0	0.0	0.0	0.0	2657480027777836790
2026-07-07T11:46:29.086	1	32.0	21.097	0.0	0.0	0.0	-300000.0	22.726	21.115	8.647	1013.25	56.211	0.0	0.0	0.0	0.0	0.0	2657480027777836790
2026-07-07T11:46:30.090	1	32.0	21.128	0.0	0.0	0.0	-300000.0	22.726	21.123	8.707	1013.276	56.211	0.0	0.0	0.0	0.0	0.0	2657480027777836790
2026-07-07T11:46:31.094	1	32.0	21.12	0.0	0.0	0.0	-300000.0	22.726	21.107	8.547	1013.25	56.211	0.0	0.0	0.0	0.0	0.0	2657480027777836790
2026-07-07T11:46:32.097	1	32.0	21.165	0.0	0.0	0.0	-300000.0	22.718	21.075	8.607	1013.267	56.21	0.0	0.0	0.0	0.0	0.0	2657480027777836790
2026-07-07T11:46:33.100	1	32.0	21.114	0.0	0.0	0.0	-300000.0	22.734	21.015	8.687	1013.241	56.21	0.0	0.0	0.0	0.0	0.0	2657480027777836790
2026-07-07T11:46:34.104	1	32.0	21.027	0.0	0.0	0.0	-300000.0	22.726	21.031	8.597	1013.232	56.209	0.0	0.0	0.0	0.0	0.0	2657480027777836790
2026-07-07T11:46:35.107	1	32.0	21.053	0.0	0.0	0.0	-300000.0	22.718	21.043	8.868	1013.267	56.21	0.0	0.0	0.0	0.0	0.0	2657480027777836790
2026-07-07T11:46:36.112	1	32.0	21.087	0.0	0.0	0.0	-300000.0	22.726	21.047	8.516	1013.25	56.201	0.0	0.0	0.0	0.0	0.0	2657480027777836790
2026-07-07T11:46:37.116	1	32.0	21.045	0.0	0.0	0.0	-300000.0	22.726	21.043	8.858	1013.25	56.201	0.0	0.0	0.0	0.0	0.0	2657480027777836790
2026-07-07T11:46:38.120	1	32.0	21.097	0.0	0.0	0.0	-300000.0	22.726	21.023	8.788	1013.302	56.201	0.0	0.0	0.0	0.0	0.0	2657480027777836790
2026-07-07T11:46:39.123	1	32.0	21.192	0.0	0.0	0.0	-300000.0	22.726	21.039	8.506	1013.232	56.198	0.0	0.0	0.0	0.0	0.0	2657480027777836790
2026-07-07T11:46:40.127	1	32.0	21.181	0.0	0.0	0.0	-300000.0	22.726	21.075	8.476	1013.276	56.189	0.0	0.0	0.0	0.0	0.0	2657480027777836790
2026-07-07T11:46:41.131	1	32.0	21.103	0.0	0.0	0.0	-300000.0	22.718	21.023	8.607	1013.294	56.177	0.0	0.0	0.0	0.0	0.0	2657480027777836790
2026-07-07T11:46:42.135	1	32.0	21.118	0.0	0.0	0.0	-300000.0	22.718	21.059	8.416	1013.241	56.2	0.0	0.0	0.0	0.0	0.0	2657480027777836790
2026-07-07T11:46:43.138	1	32.0	21.115	0.0	0.0	0.0	-300000.0	22.718	21.043	8.325	1013.302	56.189	0.0	0.0	0.0	0.0	0.0	2657480027777836790
2026-07-07T11:46:44.141	1	32.0	21.097	0.0	0.0	0.0	-300000.0	22.726	21.015	8.667	1013.223	56.189	0.0	0.0	0.0	0.0	0.0	2657480027777836790
2026-07-07T11:46:45.145	1	32.0	21.09	0.0	0.0	0.0	-300000.0	22.718	21.027	8.597	1013.285	56.175	0.0	0.0	0.0	0.0	0.0	2657480027777836790
2026-07-07T11:46:46.149	1	32.0	21.098	0.0	0.0	0.0	-300000.0	22.718	21.023	8.536	1013.241	56.166	0.0	0.0	0.0	0.0	0.0	2657480027777836790
2026-07-07T11:46:47.153	1	32.0	21.11	0.0	0.0	0.0	-300000.0	22.726	21.043	8.697	1013.328	56.156	0.0	0.0	0.0	0.0	0.0	2657480027777836790
2026-07-07T11:46:48.157	1	32.0	21.114	0.0	0.0	0.0	-300000.0	22.726	21.051	8.536	1013.294	56.177	0.0	0.0	0.0	0.0	0.0	2657480027777836790
2026-07-07T11:46:49.160	1	32.0	21.118	0.0	0.0	0.0	-300000.0	22.718	21.023	8.446	1013.267	56.177	0.0	0.0	0.0	0.0	0.0	2657480027777836790
2026-07-07T11:46:50.164	1	32.0	21.093	0.0	0.0	0.0	-300000.0	22.718	21.047	8.526	1013.32	56.177	0.0	0.0	0.0	0.0	0.0	2657480027777836790
2026-07-07T11:46:51.168	1	32.0	21.102	0.0	0.0	0.0	-300000.0	22.718	21.031	8.436	1013.241	56.177	0.0	0.0	0.0	0.0	0.0	2657480027777836790
2026-07-07T11:46:52.171	1	32.0	21.158	0.0	0.0	0.0	-300000.0	22.718	21.055	8.617	1013.25	56.166	0.0	0.0	0.0	0.0	0.0	2657480027777836790
2026-07-07T11:46:53.175	1	32.0	21.076	0.0	0.0	0.0	-300000.0	22.718	21.051	8.456	1013.267	56.177	0.0	0.0	0.0	0.0	0.0	2657480027777836790
2026-07-07T11:46:54.178	1	32.0	21.145	0.0	0.0	0.0	-300000.0	22.718	21.055	8.285	1013.267	56.166	0.0	0.0	0.0	0.0	0.0	2657480027777836790
2026-07-07T11:46:55.182	1	32.0	21.148	0.0	0.0	0.0	-300000.0	22.718	21.035	8.396	1013.215	56.154	0.0	0.0	0.0	0.0	0.0	2657480027777836790
2026-07-07T11:46:56.186	1	32.0	21.114	0.0	0.0	0.0	-300000.0	22.718	21.007	8.697	1013.32	56.166	0.0	0.0	0.0	0.0	0.0	2657480027777836790
2026-07-07T11:46:57.189	1	32.0	21.096	0.0	0.0	0.0	-300000.0	22.718	21.039	8.798	1013.215	56.154	0.0	0.0	0.0	0.0	0.0	2657480027777836790
2026-07-07T11:46:58.193	1	32.0	21.118	0.0	0.0	0.0	-300000.0	22.718	21.011	8.607	1013.224	56.174	0.0	0.0	0.0	0.0	0.0	2657480027777836790
2026-07-07T11:46:59.197	1	32.0	21.164	0.0	0.0	0.0	-300000.0	22.718	21.023	8.607	1013.302	56.156	0.0	0.0	0.0	0.0	0.0	2657480027777836790
2026-07-07T11:47:00.200	1	32.0	21.123	0.0	0.0	0.0	-300000.0	22.718	21.007	8.768	1013.276	56.14	0.0	0.0	0.0	0.0	0.0	2657480027777836790
2026-07-07T11:47:01.204	1	32.0	21.144	0.0	0.0	0.0	-300000.0	22.718	21.023	8.587	1013.224	56.164	0.0	0.0	0.0	0.0	0.0	2657480027777836790
2026-07-07T11:47:02.207	1	32.0	21.059	0.0	0.0	0.0	-300000.0	22.718	20.991	8.627	1013.206	56.175	0.0	0.0	0.0	0.0	0.0	2657480027777836790
2026-07-07T11:47:03.211	1	32.0	21.153	0.0	0.0	0.0	-300000.0	22.718	21.019	8.396	1013.206	56.165	0.0	0.0	0.0	0.0	0.0	2657480027777836790
2026-07-07T11:47:04.215	1	32.0	21.111	0.0	0.0	0.0	-300000.0	22.718	21.023	8.547	1013.215	56.166	0.0	0.0	0.0	0.0	0.0	2657480027777836790
2026-07-07T11:47:05.218	1	32.0	21.136	0.0	0.0	0.0	-300000.0	22.718	21.015	8.516	1013.25	56.156	0.0	0.0	0.0	0.0	0.0	2657480027777836790
2026-07-07T11:47:06.221	1	32.0	21.116	0.0	0.0	0.0	-300000.0	22.718	21.015	8.818	1013.302	56.166	0.0	0.0	0.0	0.0	0.0	2657480027777836790
2026-07-07T11:47:07.225	1	32.0	21.096	0.0	0.0	0.0	-300000.0	22.718	21.019	8.486	1013.32	56.177	0.0	0.0	0.0	0.0	0.0	2657480027777836790
2026-07-07T11:47:08.228	1	32.0	21.083	0.0	0.0	0.0	-300000.0	22.718	21.027	8.225	1013.328	56.166	0.0	0.0	0.0	0.0	0.0	2657480027777836790
2026-07-07T11:47:09.231	1	32.0	21.034	0.0	0.0	0.0	-300000.0	22.718	21.031	8.577	1013.302	56.166	0.0	0.0	0.0	0.0	0.0	2657480027777836790
2026-07-07T11:47:10.235	1	32.0	21.102	0.0	0.0	0.0	-300000.0	22.718	21.019	8.607	1013.285	56.165	0.0	0.0	0.0	0.0	0.0	2657480027777836790
2026-07-07T11:47:11.238	1	32.0	21.093	0.0	0.0	0.0	-300000.0	22.718	21.051	8.737	1013.268	56.152	0.0	0.0	0.0	0.0	0.0	2657480027777836790
2026-07-07T11:47:12.242	1	32.0	21.052	0.0	0.0	0.0	-300000.0	22.718	21.047	8.717	1013.232	56.165	0.0	0.0	0.0	0.0	0.0	2657480027777836790
2026-07-07T11:47:13.247	1	32.0	21.122	0.0	0.0	0.0	-300000.0	22.718	21.007	8.848	1013.232	56.165	0.0	0.0	0.0	0.0	0.0	2657480027777836790
2026-07-07T11:47:14.250	1	32.0	21.049	0.0	0.0	0.0	-300000.0	22.718	21.031	8.486	1013.311	56.165	0.0	0.0	0.0	0.0	0.0	2657480027777836790
2026-07-07T11:47:15.254	1	32.0	21.084	0.0	0.0	0.0	-300000.0	22.718	21.019	8.506	1013.355	56.144	0.0	0.0	0.0	0.0	0.0	2657480027777836790
2026-07-07T11:47:16.257	1	32.0	21.026	0.0	0.0	0.0	-300000.0	22.718	21.039	8.426	1013.276	56.164	0.0	0.0	0.0	0.0	0.0	2657480027777836790
2026-07-07T11:47:17.260	1	32.0	21.116	0.0	0.0	0.0	-300000.0	22.718	21.031	8.597	1013.346	56.154	0.0	0.0	0.0	0.0	0.0	2657480027777836790
2026-07-07T11:47:18.264	1	32.0	21.118	0.0	0.0	0.0	-300000.0	22.718	21.023	8.406	1013.294	56.154	0.0	0.0	0.0	0.0	0.0	2657480027777836790
2026-07-07T11:47:19.268	1	32.0	20.975	0.0	0.0	0.0	-300000.0	22.71	21.015	8.637	1013.294	56.154	0.0	0.0	0.0	0.0	0.0	2657480027777836790
2026-07-07T11:47:20.271	1	32.0	21.084	0.0	0.0	0.0	-300000.0	22.718	21.055	8.768	1013.241	56.154	0.0	0.0	0.0	0.0	0.0	2657480027777836790
2026-07-07T11:47:21.275	1	32.0	21.041	0.0	0.0	0.0	-300000.0	22.718	21.011	8.587	1013.259	56.153	0.0	0.0	0.0	0.0	0.0	2657480027777836790
2026-07-07T11:47:22.279	1	32.0	21.134	0.0	0.0	0.0	-300000.0	22.718	21.027	8.446	1013.285	56.165	0.0	0.0	0.0	0.0	0.0	2657480027777836790
2026-07-07T11:47:23.282	1	32.0	21.118	0.0	0.0	0.0	-300000.0	22.718	21.007	8.798	1013.224	56.152	0.0	0.0	0.0	0.0	0.0	2657480027777836790
2026-07-07T11:47:24.285	1	32.0	21.093	0.0	0.0	0.0	-300000.0	22.718	21.039	8.577	1013.32	56.143	0.0	0.0	0.0	0.0	0.0	2657480027777836790
2026-07-07T11:47:25.288	1	32.0	21.028	0.0	0.0	0.0	-300000.0	22.718	21.019	8.597	1013.294	56.131	0.0	0.0	0.0	0.0	0.0	2657480027777836790
2026-07-07T11:47:26.292	1	32.0	21.03	0.0	0.0	0.0	-300000.0	22.71	21.047	8.667	1013.259	56.153	0.0	0.0	0.0	0.0	0.0	2657480027777836790
2026-07-07T11:47:27.296	1	32.0	21.132	0.0	0.0	0.0	-300000.0	22.718	20.999	8.426	1013.294	56.143	0.0	0.0	0.0	0.0	0.0	2657480027777836790
2026-07-07T11:47:28.300	1	32.0	21.04	0.0	0.0	0.0	-300000.0	22.71	21.011	8.516	1013.232	56.13	0.0	0.0	0.0	0.0	0.0	2657480027777836790
2026-07-07T11:47:29.304	1	32.0	21.09	0.0	0.0	0.0	-300000.0	22.718	21.003	8.697	1013.259	56.142	0.0	0.0	0.0	0.0	0.0	2657480027777836790
2026-07-07T11:47:30.307	1	32.0	21.052	0.0	0.0	0.0	-300000.0	22.71	21.011	8.717	1013.224	56.129	0.0	0.0	0.0	0.0	0.0	2657480027777836790
2026-07-07T11:47:31.311	1	32.0	21.097	0.0	0.0	0.0	-300000.0	22.71	21.039	8.295	1013.285	56.153	0.0	0.0	0.0	0.0	0.0	2657480027777836790
2026-07-07T11:47:32.315	1	32.0	21.114	0.0	0.0	0.0	-300000.0	22.71	21.043	8.496	1013.285	56.153	0.0	0.0	0.0	0.0	0.0	2657480027777836790
2026-07-07T11:47:33.318	1	32.0	21.118	0.0	0.0	0.0	-300000.0	22.71	21.071	8.476	1013.285	56.142	0.0	0.0	0.0	0.0	0.0	2657480027777836790
2026-07-07T11:47:34.322	1	32.0	21.182	0.0	0.0	0.0	-300000.0	22.71	21.071	8.456	1013.294	56.143	0.0	0.0	0.0	0.0	0.0	2657480027777836790
2026-07-07T11:47:35.325	1	32.0	21.147	0.0	0.0	0.0	-300000.0	22.71	21.087	8.275	1013.25	56.129	0.0	0.0	0.0	0.0	0.0	2657480027777836790
2026-07-07T11:47:36.327	1	32.0	21.156	0.0	0.0	0.0	-300000.0	22.71	21.099	8.587	1013.259	56.142	0.0	0.0	0.0	0.0	0.0	2657480027777836790
2026-07-07T11:47:37.330	1	32.0	21.138	0.0	0.0	0.0	-300000.0	22.71	21.095	8.416	1013.285	56.13	0.0	0.0	0.0	0.0	0.0	2657480027777836790
2026-07-07T11:47:38.333	1	32.0	21.157	0.0	0.0	0.0	-300000.0	22.71	21.111	8.617	1013.276	56.14	0.0	0.0	0.0	0.0	0.0	2657480027777836790
2026-07-07T11:47:39.337	1	32.0	21.019	0.0	0.0	0.0	-300000.0	22.71	21.087	8.838	1013.232	56.142	0.0	0.0	0.0	0.0	0.0	2657480027777836790
2026-07-07T11:47:40.341	1	32.0	21.037	0.0	0.0	0.0	-300000.0	22.71	21.083	8.406	1013.25	56.118	0.0	0.0	0.0	0.0	0.0	2657480027777836790
2026-07-07T11:47:41.344	1	32.0	21.031	0.0	0.0	0.0	-300000.0	22.71	21.051	8.768	1013.311	56.14	0.0	0.0	0.0	0.0	0.0	2657480027777836790
2026-07-07T11:47:42.347	1	32.0	21.125	0.0	0.0	0.0	-300000.0	22.703	21.027	8.285	1013.259	56.12	0.0	0.0	0.0	0.0	0.0	2657480027777836790
2026-07-07T11:47:43.350	1	32.0	21.16	0.0	0.0	0.0	-300000.0	22.71	21.003	8.476	1013.276	56.129	0.0	0.0	0.0	0.0	0.0	2657480027777836790
2026-07-07T11:47:44.354	1	32.0	21.053	0.0	0.0	0.0	-300000.0	22.718	21.047	8.386	1013.285	56.13	0.0	0.0	0.0	0.0	0.0	2657480027777836790
2026-07-07T11:47:45.358	1	32.0	21.097	0.0	0.0	0.0	-300000.0	22.71	21.031	8.325	1013.355	56.129	0.0	0.0	0.0	0.0	0.0	2657480027777836790
2026-07-07T11:47:46.361	1	32.0	21.073	0.0	0.0	0.0	-300000.0	22.71	21.035	8.315	1013.337	56.12	0.0	0.0	0.0	0.0	0.0	2657480027777836790
2026-07-07T11:47:47.364	1	32.0	21.116	0.0	0.0	0.0	-300000.0	22.71	20.983	8.426	1013.303	56.118	0.0	0.0	0.0	0.0	0.0	2657480027777836790
2026-07-07T11:47:48.368	1	32.0	21.09	0.0	0.0	0.0	-300000.0	22.71	21.007	8.376	1013.268	56.118	0.0	0.0	0.0	0.0	0.0	2657480027777836790
2026-07-07T11:47:49.371	1	32.0	21.137	0.0	0.0	0.0	-300000.0	22.71	21.031	8.597	1013.259	56.108	0.0	0.0	0.0	0.0	0.0	2657480027777836790
2026-07-07T11:47:50.374	1	32.0	21.057	0.0	0.0	0.0	-300000.0	22.71	21.035	8.406	1013.303	56.129	0.0	0.0	0.0	0.0	0.0	2657480027777836790
2026-07-07T11:47:51.377	1	32.0	21.071	0.0	0.0	0.0	-300000.0	22.71	21.043	8.788	1013.294	56.129	0.0	0.0	0.0	0.0	0.0	2657480027777836790
2026-07-07T11:47:52.381	1	32.0	21.089	0.0	0.0	0.0	-300000.0	22.71	21.015	8.657	1013.25	56.107	0.0	0.0	0.0	0.0	0.0	2657480027777836790
2026-07-07T11:47:53.385	1	32.0	21.042	0.0	0.0	0.0	-300000.0	22.71	21.003	8.516	1013.285	56.12	0.0	0.0	0.0	0.0	0.0	2657480027777836790
2026-07-07T11:47:54.389	1	32.0	21.045	0.0	0.0	0.0	-300000.0	22.71	21.031	8.536	1013.329	56.095	0.0	0.0	0.0	0.0	0.0	2657480027777836790
2026-07-07T11:47:55.392	1	32.0	21.11	0.0	0.0	0.0	-300000.0	22.71	20.991	8.577	1013.294	56.095	0.0	0.0	0.0	0.0	0.0	2657480027777836790
2026-07-07T11:47:56.396	1	32.0	21.081	0.0	0.0	0.0	-300000.0	22.71	21.003	8.516	1013.32	56.129	0.0	0.0	0.0	0.0	0.0	2657480027777836790
2026-07-07T11:47:57.400	1	32.0	21.08	0.0	0.0	0.0	-300000.0	22.71	21.027	8.486	1013.276	56.107	0.0	0.0	0.0	0.0	0.0	2657480027777836790
2026-07-07T11:47:58.404	1	32.0	21.045	0.0	0.0	0.0	-300000.0	22.71	20.979	8.436	1013.355	56.095	0.0	0.0	0.0	0.0	0.0	2657480027777836790
2026-07-07T11:47:59.407	1	32.0	21.043	0.0	0.0	0.0	-300000.0	22.71	21.019	8.486	1013.268	56.118	0.0	0.0	0.0	0.0	0.0	2657480027777836790
2026-07-07T11:48:00.411	1	32.0	21.15	0.0	0.0	0.0	-300000.0	22.71	20.983	8.285	1013.268	56.118	0.0	0.0	0.0	0.0	0.0	2657480027777836790
2026-07-07T11:48:01.415	1	32.0	21.077	0.0	0.0	0.0	-300000.0	22.71	21.011	8.406	1013.276	56.118	0.0	0.0	0.0	0.0	0.0	2657480027777836790
2026-07-07T11:48:02.419	1	32.0	21.062	0.0	0.0	0.0	-300000.0	22.718	20.999	8.547	1013.355	56.129	0.0	0.0	0.0	0.0	0.0	2657480027777836790
2026-07-07T11:48:03.423	1	32.0	21.032	0.0	0.0	0.0	-300000.0	22.71	21.019	8.376	1013.303	56.118	0.0	0.0	0.0	0.0	0.0	2657480027777836790
2026-07-07T11:48:04.426	1	32.0	21.101	0.0	0.0	0.0	-300000.0	22.71	21.019	8.727	1013.337	56.13	0.0	0.0	0.0	0.0	0.0	2657480027777836790
2026-07-07T11:48:05.430	1	32.0	21.007	0.0	0.0	0.0	-300000.0	22.703	20.999	8.476	1013.303	56.107	0.0	0.0	0.0	0.0	0.0	2657480027777836790
2026-07-07T11:48:06.433	1	32.0	21.088	0.0	0.0	0.0	-300000.0	22.71	21.015	8.406	1013.303	56.118	0.0	0.0	0.0	0.0	0.0	2657480027777836790
2026-07-07T11:48:07.437	1	32.0	20.984	0.0	0.0	0.0	-300000.0	22.703	21.003	8.476	1013.329	56.094	0.0	0.0	0.0	0.0	0.0	2657480027777836790
2026-07-07T11:48:08.441	1	32.0	21.084	0.0	0.0	0.0	-300000.0	22.71	21.007	8.677	1013.337	56.085	0.0	0.0	0.0	0.0	0.0	2657480027777836790
2026-07-07T11:48:09.444	1	32.0	21.133	0.0	0.0	0.0	-300000.0	22.703	21.031	8.597	1013.346	56.118	0.0	0.0	0.0	0.0	0.0	2657480027777836790
2026-07-07T11:48:10.448	1	32.0	21.076	0.0	0.0	0.0	-300000.0	22.71	20.991	8.305	1013.329	56.107	0.0	0.0	0.0	0.0	0.0	2657480027777836790
2026-07-07T11:48:11.452	1	32.0	21.107	0.0	0.0	0.0	-300000.0	22.703	21.027	8.496	1013.303	56.095	0.0	0.0	0.0	0.0	0.0	2657480027777836790
2026-07-07T11:48:12.456	1	32.0	21.071	0.0	0.0	0.0	-300000.0	22.703	21.023	8.637	1013.303	56.107	0.0	0.0	0.0	0.0	0.0	2657480027777836790
2026-07-07T11:48:13.460	1	32.0	21.106	0.0	0.0	0.0	-300000.0	22.71	21.023	8.757	1013.241	56.107	0.0	0.0	0.0	0.0	0.0	2657480027777836790
2026-07-07T11:48:14.464	1	32.0	21.1	0.0	0.0	0.0	-300000.0	22.71	20.991	8.587	1013.329	56.107	0.0	0.0	0.0	0.0	0.0	2657480027777836790
2026-07-07T11:48:15.467	1	32.0	21.099	0.0	0.0	0.0	-300000.0	22.703	21.023	8.526	1013.311	56.118	0.0	0.0	0.0	0.0	0.0	2657480027777836790
2026-07-07T11:48:16.471	1	32.0	21.038	0.0	0.0	0.0	-300000.0	22.71	20.991	8.516	1013.32	56.107	0.0	0.0	0.0	0.0	0.0	2657480027777836790
2026-07-07T11:48:17.474	1	32.0	21.114	0.0	0.0	0.0	-300000.0	22.71	21.011	8.577	1013.311	56.118	0.0	0.0	0.0	0.0	0.0	2657480027777836790
2026-07-07T11:48:18.478	1	32.0	21.116	0.0	0.0	0.0	-300000.0	22.703	20.995	8.617	1013.337	56.108	0.0	0.0	0.0	0.0	0.0	2657480027777836790
2026-07-07T11:48:19.481	1	32.0	21.168	0.0	0.0	0.0	-300000.0	22.703	20.971	8.346	1013.303	56.118	0.0	0.0	0.0	0.0	0.0	2657480027777836790
2026-07-07T11:48:20.485	1	32.0	21.036	0.0	0.0	0.0	-300000.0	22.703	21.007	8.456	1013.303	56.129	0.0	0.0	0.0	0.0	0.0	2657480027777836790
2026-07-07T11:48:21.489	1	32.0	21.024	0.0	0.0	0.0	-300000.0	22.703	21.007	8.476	1013.303	56.107	0.0	0.0	0.0	0.0	0.0	2657480027777836790
2026-07-07T11:48:22.493	1	32.0	21.156	0.0	0.0	0.0	-300000.0	22.71	20.991	8.868	1013.294	56.118	0.0	0.0	0.0	0.0	0.0	2657480027777836790
2026-07-07T11:48:23.496	1	32.0	21.004	0.0	0.0	0.0	-300000.0	22.71	20.987	8.446	1013.285	56.129	0.0	0.0	0.0	0.0	0.0	2657480027777836790
2026-07-07T11:48:24.500	1	32.0	21.06	0.0	0.0	0.0	-300000.0	22.71	21.015	8.667	1013.373	56.129	0.0	0.0	0.0	0.0	0.0	2657480027777836790
2026-07-07T11:48:25.504	1	32.0	21.057	0.0	0.0	0.0	-300000.0	22.703	21.011	8.446	1013.311	56.118	0.0	0.0	0.0	0.0	0.0	2657480027777836790
2026-07-07T11:48:26.508	1	32.0	21.139	0.0	0.0	0.0	-300000.0	22.703	21.035	8.617	1013.32	56.118	0.0	0.0	0.0	0.0	0.0	2657480027777836790
2026-07-07T11:48:27.511	1	32.0	21.061	0.0	0.0	0.0	-300000.0	22.703	20.991	8.547	1013.329	56.129	0.0	0.0	0.0	0.0	0.0	2657480027777836790
2026-07-07T11:48:28.515	1	32.0	21.074	0.0	0.0	0.0	-300000.0	22.703	21.003	8.567	1013.294	56.121	0.0	0.0	0.0	0.0	0.0	2657480027777836790
2026-07-07T11:48:29.517	1	32.0	21.112	0.0	0.0	0.0	-300000.0	22.703	20.991	8.647	1013.303	56.129	0.0	0.0	0.0	0.0	0.0	2657480027777836790
2026-07-07T11:48:30.521	1	32.0	21.17	0.0	0.0	0.0	-300000.0	22.71	20.987	8.617	1013.276	56.118	0.0	0.0	0.0	0.0	0.0	2657480027777836790
2026-07-07T11:48:31.524	1	32.0	21.077	0.0	0.0	0.0	-300000.0	22.703	21.003	8.657	1013.285	56.118	0.0	0.0	0.0	0.0	0.0	2657480027777836790
2026-07-07T11:48:32.528	1	32.0	21.067	0.0	0.0	0.0	-300000.0	22.703	21.015	8.677	1013.32	56.118	0.0	0.0	0.0	0.0	0.0	2657480027777836790
2026-07-07T11:48:33.532	1	32.0	21.114	0.0	0.0	0.0	-300000.0	22.703	20.991	8.295	1013.32	56.118	0.0	0.0	0.0	0.0	0.0	2657480027777836790
2026-07-07T11:48:34.536	1	32.0	21.082	0.0	0.0	0.0	-300000.0	22.703	21.011	8.446	1013.285	56.118	0.0	0.0	0.0	0.0	0.0	2657480027777836790
2026-07-07T11:48:35.540	1	32.0	21.008	0.0	0.0	0.0	-300000.0	22.703	21.023	8.305	1013.32	56.104	0.0	0.0	0.0	0.0	0.0	2657480027777836790
2026-07-07T11:48:36.543	1	32.0	21.125	0.0	0.0	0.0	-300000.0	22.703	21.023	8.637	1013.276	56.107	0.0	0.0	0.0	0.0	0.0	2657480027777836790
2026-07-07T11:48:37.546	1	32.0	21.069	0.0	0.0	0.0	-300000.0	22.71	21.007	8.456	1013.294	56.118	0.0	0.0	0.0	0.0	0.0	2657480027777836790
2026-07-07T11:48:38.549	1	32.0	21.064	0.0	0.0	0.0	-300000.0	22.703	21.003	8.426	1013.32	56.118	0.0	0.0	0.0	0.0	0.0	2657480027777836790
2026-07-07T11:48:39.553	1	32.0	21.012	0.0	0.0	0.0	-300000.0	22.703	21.007	8.687	1013.311	56.118	0.0	0.0	0.0	0.0	0.0	2657480027777836790
2026-07-07T11:48:40.557	1	32.0	21.068	0.0	0.0	0.0	-300000.0	22.703	20.987	8.466	1013.285	56.129	0.0	0.0	0.0	0.0	0.0	2657480027777836790
2026-07-07T11:48:41.560	1	32.0	21.067	0.0	0.0	0.0	-300000.0	22.703	21.019	8.275	1013.329	56.129	0.0	0.0	0.0	0.0	0.0	2657480027777836790
2026-07-07T11:48:42.564	1	32.0	21.123	0.0	0.0	0.0	-300000.0	22.703	21.043	8.456	1013.285	56.129	0.0	0.0	0.0	0.0	0.0	2657480027777836790
2026-07-07T11:48:43.568	1	32.0	21.144	0.0	0.0	0.0	-300000.0	22.703	21.047	8.567	1013.285	56.14	0.0	0.0	0.0	0.0	0.0	2657480027777836790
2026-07-07T11:48:44.571	1	32.0	21.148	0.0	0.0	0.0	-300000.0	22.703	21.075	8.647	1013.268	56.129	0.0	0.0	0.0	0.0	0.0	2657480027777836790
2026-07-07T11:48:45.575	1	32.0	21.141	0.0	0.0	0.0	-300000.0	22.703	21.091	8.356	1013.294	56.129	0.0	0.0	0.0	0.0	0.0	2657480027777836790
2026-07-07T11:48:46.578	1	32.0	21.117	0.0	0.0	0.0	-300000.0	22.703	21.107	8.667	1013.346	56.14	0.0	0.0	0.0	0.0	0.0	2657480027777836790
2026-07-07T11:48:47.582	1	32.0	21.136	0.0	0.0	0.0	-300000.0	22.703	21.103	8.557	1013.32	56.15	0.0	0.0	0.0	0.0	0.0	2657480027777836790
2026-07-07T11:48:48.585	1	32.0	21.229	0.0	0.0	0.0	-300000.0	22.703	21.111	8.747	1013.373	56.14	0.0	0.0	0.0	0.0	0.0	2657480027777836790
2026-07-07T11:48:49.589	1	32.0	21.14	0.0	0.0	0.0	-300000.0	22.703	20.983	8.607	1013.294	56.129	0.0	0.0	0.0	0.0	0.0	2657480027777836790
2026-07-07T11:48:50.592	1	32.0	21.189	0.0	0.0	0.0	-300000.0	22.703	21.047	8.506	1013.285	56.14	0.0	0.0	0.0	0.0	0.0	2657480027777836790
2026-07-07T11:48:51.596	1	32.0	21.089	0.0	0.0	0.0	-300000.0	22.695	20.995	8.547	1013.259	56.14	0.0	0.0	0.0	0.0	0.0	2657480027777836790
2026-07-07T11:48:52.599	1	32.0	21.125	0.0	0.0	0.0	-300000.0	22.703	21.007	8.798	1013.285	56.129	0.0	0.0	0.0	0.0	0.0	2657480027777836790
2026-07-07T11:48:53.603	1	32.0	21.107	0.0	0.0	0.0	-300000.0	22.703	21.019	8.536	1013.32	56.129	0.0	0.0	0.0	0.0	0.0	2657480027777836790
2026-07-07T11:48:54.607	1	32.0	21.082	0.0	0.0	0.0	-300000.0	22.703	20.963	8.416	1013.285	56.129	0.0	0.0	0.0	0.0	0.0	2657480027777836790
2026-07-07T11:48:55.611	1	32.0	21.15	0.0	0.0	0.0	-300000.0	22.703	21.003	8.657	1013.355	56.128	0.0	0.0	0.0	0.0	0.0	2657480027777836790
2026-07-07T11:48:56.614	1	32.0	21.057	0.0	0.0	0.0	-300000.0	22.695	20.991	8.597	1013.329	56.14	0.0	0.0	0.0	0.0	0.0	2657480027777836790
2026-07-07T11:48:57.617	1	32.0	21.012	0.0	0.0	0.0	-300000.0	22.695	21.011	8.747	1013.329	56.117	0.0	0.0	0.0	0.0	0.0	2657480027777836790
2026-07-07T11:48:58.621	1	32.0	21.047	0.0	0.0	0.0	-300000.0	22.703	20.999	8.647	1013.355	56.128	0.0	0.0	0.0	0.0	0.0	2657480027777836790
2026-07-07T11:48:59.625	1	32.0	21.054	0.0	0.0	0.0	-300000.0	22.703	20.987	8.436	1013.373	56.129	0.0	0.0	0.0	0.0	0.0	2657480027777836790
2026-07-07T11:49:00.628	1	32.0	21.065	0.0	0.0	0.0	-300000.0	22.703	21.007	8.657	1013.302	56.117	0.0	0.0	0.0	0.0	0.0	2657480027777836790
2026-07-07T11:49:01.632	1	32.0	21.032	0.0	0.0	0.0	-300000.0	22.703	21.019	8.607	1013.302	56.128	0.0	0.0	0.0	0.0	0.0	2657480027777836790
2026-07-07T11:49:02.635	1	32.0	21.087	0.0	0.0	0.0	-300000.0	22.703	21.035	8.778	1013.355	56.118	0.0	0.0	0.0	0.0	0.0	2657480027777836790
2026-07-07T11:49:03.639	1	32.0	21.029	0.0	0.0	0.0	-300000.0	22.703	20.963	8.476	1013.416	56.129	0.0	0.0	0.0	0.0	0.0	2657480027777836790
2026-07-07T11:49:04.643	1	32.0	21.04	0.0	0.0	0.0	-300000.0	22.703	20.999	8.466	1013.302	56.117	0.0	0.0	0.0	0.0	0.0	2657480027777836790
2026-07-07T11:49:05.647	1	32.0	21.032	0.0	0.0	0.0	-300000.0	22.703	21.007	8.436	1013.329	56.118	0.0	0.0	0.0	0.0	0.0	2657480027777836790
2026-07-07T11:49:06.650	1	32.0	21.035	0.0	0.0	0.0	-300000.0	22.703	20.995	8.547	1013.337	56.129	0.0	0.0	0.0	0.0	0.0	2657480027777836790
2026-07-07T11:49:07.654	1	32.0	21.119	0.0	0.0	0.0	-300000.0	22.695	20.963	8.567	1013.373	56.118	0.0	0.0	0.0	0.0	0.0	2657480027777836790
2026-07-07T11:49:08.657	1	32.0	21.115	0.0	0.0	0.0	-300000.0	22.695	21.015	8.547	1013.364	56.129	0.0	0.0	0.0	0.0	0.0	2657480027777836790
2026-07-07T11:49:09.661	1	32.0	21.07	0.0	0.0	0.0	-300000.0	22.703	21.011	8.577	1013.285	56.129	0.0	0.0	0.0	0.0	0.0	2657480027777836790
2026-07-07T11:49:10.664	1	32.0	21.036	0.0	0.0	0.0	-300000.0	22.695	20.995	8.145	1013.285	56.129	0.0	0.0	0.0	0.0	0.0	2657480027777836790
2026-07-07T11:49:11.668	1	32.0	21.053	0.0	0.0	0.0	-300000.0	22.703	20.995	8.526	1013.311	56.14	0.0	0.0	0.0	0.0	0.0	2657480027777836790
2026-07-07T11:49:12.671	1	32.0	20.987	0.0	0.0	0.0	-300000.0	22.703	21.003	8.366	1013.268	56.127	0.0	0.0	0.0	0.0	0.0	2657480027777836790
2026-07-07T11:49:13.675	1	32.0	20.986	0.0	0.0	0.0	-300000.0	22.695	21.011	8.366	1013.268	56.138	0.0	0.0	0.0	0.0	0.0	2657480027777836790
2026-07-07T11:49:14.678	1	32.0	21.045	0.0	0.0	0.0	-300000.0	22.703	20.999	8.446	1013.302	56.139	0.0	0.0	0.0	0.0	0.0	2657480027777836790
2026-07-07T11:49:15.681	1	32.0	21.103	0.0	0.0	0.0	-300000.0	22.695	20.999	8.557	1013.259	56.129	0.0	0.0	0.0	0.0	0.0	2657480027777836790
2026-07-07T11:49:16.684	1	32.0	21.111	0.0	0.0	0.0	-300000.0	22.703	20.979	8.456	1013.337	56.129	0.0	0.0	0.0	0.0	0.0	2657480027777836790
2026-07-07T11:49:17.688	1	32.0	20.984	0.0	0.0	0.0	-300000.0	22.703	20.995	8.356	1013.364	56.14	0.0	0.0	0.0	0.0	0.0	2657480027777836790
2026-07-07T11:49:18.692	1	32.0	21.068	0.0	0.0	0.0	-300000.0	22.695	20.979	8.466	1013.311	56.129	0.0	0.0	0.0	0.0	0.0	2657480027777836790
2026-07-07T11:49:19.695	1	32.0	21.093	0.0	0.0	0.0	-300000.0	22.695	21.027	8.627	1013.329	56.128	0.0	0.0	0.0	0.0	0.0	2657480027777836790
2026-07-07T11:49:20.699	1	32.0	21.037	0.0	0.0	0.0	-300000.0	22.695	20.983	8.285	1013.311	56.118	0.0	0.0	0.0	0.0	0.0	2657480027777836790
2026-07-07T11:49:21.702	1	32.0	21.127	0.0	0.0	0.0	-300000.0	22.695	20.999	8.436	1013.337	56.14	0.0	0.0	0.0	0.0	0.0	2657480027777836790
2026-07-07T11:49:22.707	1	32.0	21.009	0.0	0.0	0.0	-300000.0	22.695	20.975	8.406	1013.311	56.14	0.0	0.0	0.0	0.0	0.0	2657480027777836790
2026-07-07T11:49:23.710	1	32.0	21.023	0.0	0.0	0.0	-300000.0	22.695	20.991	8.476	1013.311	56.152	0.0	0.0	0.0	0.0	0.0	2657480027777836790
2026-07-07T11:49:24.714	1	32.0	21.095	0.0	0.0	0.0	-300000.0	22.695	20.991	8.255	1013.294	56.138	0.0	0.0	0.0	0.0	0.0	2657480027777836790
2026-07-07T11:49:25.717	1	32.0	21.079	0.0	0.0	0.0	-300000.0	22.703	20.959	8.617	1013.329	56.117	0.0	0.0	0.0	0.0	0.0	2657480027777836790
2026-07-07T11:49:26.720	1	32.0	21.016	0.0	0.0	0.0	-300000.0	22.695	20.959	8.386	1013.39	56.13	0.0	0.0	0.0	0.0	0.0	2657480027777836790
2026-07-07T11:49:27.724	1	32.0	21.028	0.0	0.0	0.0	-300000.0	22.695	20.959	8.486	1013.302	56.117	0.0	0.0	0.0	0.0	0.0	2657480027777836790
2026-07-07T11:49:28.728	1	32.0	21.077	0.0	0.0	0.0	-300000.0	22.695	20.999	8.416	1013.32	56.127	0.0	0.0	0.0	0.0	0.0	2657480027777836790
2026-07-07T11:49:29.731	1	32.0	21.088	0.0	0.0	0.0	-300000.0	22.695	20.975	8.627	1013.337	56.129	0.0	0.0	0.0	0.0	0.0	2657480027777836790
2026-07-07T11:49:30.735	1	32.0	21.054	0.0	0.0	0.0	-300000.0	22.695	20.979	8.476	1013.355	56.128	0.0	0.0	0.0	0.0	0.0	2657480027777836790
2026-07-07T11:49:31.738	1	32.0	21.06	0.0	0.0	0.0	-300000.0	22.695	20.939	8.838	1013.268	56.14	0.0	0.0	0.0	0.0	0.0	2657480027777836790
2026-07-07T11:49:32.742	1	32.0	20.971	0.0	0.0	0.0	-300000.0	22.695	20.999	8.436	1013.259	56.107	0.0	0.0	0.0	0.0	0.0	2657480027777836790
2026-07-07T11:49:33.746	1	32.0	21.044	0.0	0.0	0.0	-300000.0	22.695	20.967	8.516	1013.329	56.128	0.0	0.0	0.0	0.0	0.0	2657480027777836790
2026-07-07T11:49:34.750	1	32.0	21.106	0.0	0.0	0.0	-300000.0	22.703	20.983	8.778	1013.337	56.118	0.0	0.0	0.0	0.0	0.0	2657480027777836790
2026-07-07T11:49:35.754	1	32.0	21.072	0.0	0.0	0.0	-300000.0	22.695	20.971	8.858	1013.302	56.128	0.0	0.0	0.0	0.0	0.0	2657480027777836790
2026-07-07T11:49:36.758	1	32.0	21.082	0.0	0.0	0.0	-300000.0	22.695	20.979	8.577	1013.337	56.107	0.0	0.0	0.0	0.0	0.0	2657480027777836790
2026-07-07T11:49:37.761	1	32.0	21.029	0.0	0.0	0.0	-300000.0	22.695	20.967	8.536	1013.294	56.129	0.0	0.0	0.0	0.0	0.0	2657480027777836790
2026-07-07T11:49:38.765	1	32.0	21.053	0.0	0.0	0.0	-300000.0	22.695	20.975	8.476	1013.294	56.116	0.0	0.0	0.0	0.0	0.0	2657480027777836790
2026-07-07T11:49:39.769	1	32.0	21.105	0.0	0.0	0.0	-300000.0	22.695	20.983	8.557	1013.302	56.128	0.0	0.0	0.0	0.0	0.0	2657480027777836790
2026-07-07T11:49:40.771	1	32.0	21.079	0.0	0.0	0.0	-300000.0	22.687	20.971	8.647	1013.355	56.128	0.0	0.0	0.0	0.0	0.0	2657480027777836790
2026-07-07T11:49:41.775	1	32.0	21.044	0.0	0.0	0.0	-300000.0	22.687	20.967	8.557	1013.329	56.128	0.0	0.0	0.0	0.0	0.0	2657480027777836790
2026-07-07T11:49:42.779	1	32.0	21.051	0.0	0.0	0.0	-300000.0	22.695	20.975	8.466	1013.32	56.118	0.0	0.0	0.0	0.0	0.0	2657480027777836790
2026-07-07T11:49:43.783	1	32.0	21.113	0.0	0.0	0.0	-300000.0	22.695	20.975	8.516	1013.434	56.117	0.0	0.0	0.0	0.0	0.0	2657480027777836790
2026-07-07T11:49:44.785	1	32.0	20.974	0.0	0.0	0.0	-300000.0	22.695	20.959	8.486	1013.302	56.117	0.0	0.0	0.0	0.0	0.0	2657480027777836790
2026-07-07T11:49:45.789	1	32.0	21.094	0.0	0.0	0.0	-300000.0	22.687	20.983	8.456	1013.416	56.107	0.0	0.0	0.0	0.0	0.0	2657480027777836790
2026-07-07T11:49:46.793	1	32.0	21.091	0.0	0.0	0.0	-300000.0	22.695	20.975	8.305	1013.355	56.106	0.0	0.0	0.0	0.0	0.0	2657480027777836790
2026-07-07T11:49:47.797	1	32.0	21.062	0.0	0.0	0.0	-300000.0	22.695	20.979	8.617	1013.399	56.104	0.0	0.0	0.0	0.0	0.0	2657480027777836790
2026-07-07T11:49:48.800	1	32.0	21.01	0.0	0.0	0.0	-300000.0	22.695	20.971	8.607	1013.337	56.118	0.0	0.0	0.0	0.0	0.0	2657480027777836790
2026-07-07T11:49:49.805	1	32.0	21.047	0.0	0.0	0.0	-300000.0	22.695	20.959	8.747	1013.364	56.107	0.0	0.0	0.0	0.0	0.0	2657480027777836790
2026-07-07T11:49:50.808	1	32.0	21.036	0.0	0.0	0.0	-300000.0	22.695	20.991	8.547	1013.381	56.083	0.0	0.0	0.0	0.0	0.0	2657480027777836790
2026-07-07T11:49:51.812	1	32.0	21.09	0.0	0.0	0.0	-300000.0	22.695	21.023	8.486	1013.399	56.104	0.0	0.0	0.0	0.0	0.0	2657480027777836790
2026-07-07T11:49:52.816	1	32.0	21.1	0.0	0.0	0.0	-300000.0	22.695	21.039	8.526	1013.381	56.106	0.0	0.0	0.0	0.0	0.0	2657480027777836790
2026-07-07T11:49:53.820	1	32.0	21.137	0.0	0.0	0.0	-300000.0	22.695	21.047	8.607	1013.32	56.082	0.0	0.0	0.0	0.0	0.0	2657480027777836790
2026-07-07T11:49:54.824	1	32.0	21.1	0.0	0.0	0.0	-300000.0	22.695	21.075	8.466	1013.39	56.084	0.0	0.0	0.0	0.0	0.0	2657480027777836790
2026-07-07T11:49:55.828	1	32.0	21.103	0.0	0.0	0.0	-300000.0	22.695	21.063	8.406	1013.416	56.084	0.0	0.0	0.0	0.0	0.0	2657480027777836790
2026-07-07T11:49:56.832	1	32.0	21.13	0.0	0.0	0.0	-300000.0	22.687	21.079	8.536	1013.355	56.072	0.0	0.0	0.0	0.0	0.0	2657480027777836790
2026-07-07T11:49:57.835	1	32.0	21.26	0.0	0.0	0.0	-300000.0	22.695	21.067	8.496	1013.39	56.084	0.0	0.0	0.0	0.0	0.0	2657480027777836790
2026-07-07T11:49:58.837	1	32.0	21.103	0.0	0.0	0.0	-300000.0	22.695	21.047	8.607	1013.32	56.082	0.0	0.0	0.0	0.0	0.0	2657480027777836790
2026-07-07T11:49:59.841	1	32.0	21.014	0.0	0.0	0.0	-300000.0	22.695	20.995	8.627	1013.355	56.106	0.0	0.0	0.0	0.0	0.0	2657480027777836790
2026-07-07T11:50:00.844	1	32.0	21.033	0.0	0.0	0.0	-300000.0	22.687	21.027	8.677	1013.373	56.082	0.0	0.0	0.0	0.0	0.0	2657480027777836790
2026-07-07T11:50:01.847	1	32.0	21.034	0.0	0.0	0.0	-300000.0	22.695	20.967	8.456	1013.25	56.093	0.0	0.0	0.0	0.0	0.0	2657480027777836790
2026-07-07T11:50:02.851	1	32.0	21.024	0.0	0.0	0.0	-300000.0	22.695	21.015	8.456	1013.32	56.093	0.0	0.0	0.0	0.0	0.0	2657480027777836790
2026-07-07T11:50:03.854	1	32.0	21.108	0.0	0.0	0.0	-300000.0	22.695	21.003	8.486	1013.364	56.095	0.0	0.0	0.0	0.0	0.0	2657480027777836790
2026-07-07T11:50:04.858	1	32.0	21.127	0.0	0.0	0.0	-300000.0	22.687	20.983	8.567	1013.346	56.093	0.0	0.0	0.0	0.0	0.0	2657480027777836790
2026-07-07T11:50:05.861	1	32.0	21.074	0.0	0.0	0.0	-300000.0	22.695	20.983	8.526	1013.364	56.093	0.0	0.0	0.0	0.0	0.0	2657480027777836790
2026-07-07T11:50:06.865	1	32.0	21.038	0.0	0.0	0.0	-300000.0	22.687	20.967	8.446	1013.329	56.082	0.0	0.0	0.0	0.0	0.0	2657480027777836790
2026-07-07T11:50:07.870	1	32.0	21.06	0.0	0.0	0.0	-300000.0	22.687	20.987	8.567	1013.32	56.082	0.0	0.0	0.0	0.0	0.0	2657480027777836790
2026-07-07T11:50:08.873	1	32.0	21.176	0.0	0.0	0.0	-300000.0	22.687	21.023	8.607	1013.329	56.094	0.0	0.0	0.0	0.0	0.0	2657480027777836790
2026-07-07T11:50:09.876	1	32.0	21.039	0.0	0.0	0.0	-300000.0	22.695	21.015	8.727	1013.373	56.093	0.0	0.0	0.0	0.0	0.0	2657480027777836790
2026-07-07T11:50:10.880	1	32.0	21.1	0.0	0.0	0.0	-300000.0	22.687	20.951	8.536	1013.399	56.082	0.0	0.0	0.0	0.0	0.0	2657480027777836790
2026-07-07T11:50:11.884	1	32.0	20.983	0.0	0.0	0.0	-300000.0	22.695	20.959	8.185	1013.346	56.104	0.0	0.0	0.0	0.0	0.0	2657480027777836790
2026-07-07T11:50:12.887	1	32.0	21.04	0.0	0.0	0.0	-300000.0	22.687	20.995	8.637	1013.32	56.093	0.0	0.0	0.0	0.0	0.0	2657480027777836790
2026-07-07T11:50:13.891	1	32.0	20.994	0.0	0.0	0.0	-300000.0	22.687	20.959	8.466	1013.338	56.082	0.0	0.0	0.0	0.0	0.0	2657480027777836790
2026-07-07T11:50:14.895	1	32.0	20.992	0.0	0.0	0.0	-300000.0	22.687	20.983	8.416	1013.346	56.082	0.0	0.0	0.0	0.0	0.0	2657480027777836790
2026-07-07T11:50:15.897	1	32.0	21.026	0.0	0.0	0.0	-300000.0	22.687	20.971	8.386	1013.346	56.082	0.0	0.0	0.0	0.0	0.0	2657480027777836790
2026-07-07T11:50:16.901	1	32.0	21.052	0.0	0.0	0.0	-300000.0	22.687	20.955	8.366	1013.346	56.093	0.0	0.0	0.0	0.0	0.0	2657480027777836790
2026-07-07T11:50:17.905	1	32.0	21.005	0.0	0.0	0.0	-300000.0	22.687	21.007	8.607	1013.364	56.095	0.0	0.0	0.0	0.0	0.0	2657480027777836790
2026-07-07T11:50:18.909	1	32.0	21.005	0.0	0.0	0.0	-300000.0	22.687	20.971	8.536	1013.364	56.082	0.0	0.0	0.0	0.0	0.0	2657480027777836790
2026-07-07T11:50:19.912	1	32.0	21.041	0.0	0.0	0.0	-300000.0	22.695	20.975	8.577	1013.329	56.094	0.0	0.0	0.0	0.0	0.0	2657480027777836790
2026-07-07T11:50:20.916	1	32.0	21.093	0.0	0.0	0.0	-300000.0	22.687	20.987	8.587	1013.346	56.104	0.0	0.0	0.0	0.0	0.0	2657480027777836790
2026-07-07T11:50:21.919	1	32.0	21.113	0.0	0.0	0.0	-300000.0	22.695	20.955	8.436	1013.373	56.104	0.0	0.0	0.0	0.0	0.0	2657480027777836790
2026-07-07T11:50:22.922	1	32.0	21.038	0.0	0.0	0.0	-300000.0	22.695	21.003	8.215	1013.329	56.106	0.0	0.0	0.0	0.0	0.0	2657480027777836790
2026-07-07T11:50:23.925	1	32.0	21.033	0.0	0.0	0.0	-300000.0	22.687	20.967	8.587	1013.355	56.094	0.0	0.0	0.0	0.0	0.0	2657480027777836790
2026-07-07T11:50:24.929	1	32.0	21.081	0.0	0.0	0.0	-300000.0	22.687	20.967	8.366	1013.346	56.104	0.0	0.0	0.0	0.0	0.0	2657480027777836790
2026-07-07T11:50:25.933	1	32.0	21.024	0.0	0.0	0.0	-300000.0	22.687	21.019	8.426	1013.416	56.095	0.0	0.0	0.0	0.0	0.0	2657480027777836790
2026-07-07T11:50:26.937	1	32.0	21.046	0.0	0.0	0.0	-300000.0	22.687	20.971	8.526	1013.399	56.104	0.0	0.0	0.0	0.0	0.0	2657480027777836790
2026-07-07T11:50:27.940	1	32.0	21.027	0.0	0.0	0.0	-300000.0	22.687	20.987	8.617	1013.399	56.093	0.0	0.0	0.0	0.0	0.0	2657480027777836790
2026-07-07T11:50:28.944	1	32.0	21.097	0.0	0.0	0.0	-300000.0	22.687	21.011	8.366	1013.373	56.093	0.0	0.0	0.0	0.0	0.0	2657480027777836790
2026-07-07T11:50:29.948	1	32.0	21.039	0.0	0.0	0.0	-300000.0	22.687	20.979	8.607	1013.329	56.104	0.0	0.0	0.0	0.0	0.0	2657480027777836790
2026-07-07T11:50:30.952	1	32.0	21.008	0.0	0.0	0.0	-300000.0	22.687	20.971	8.506	1013.32	56.116	0.0	0.0	0.0	0.0	0.0	2657480027777836790
2026-07-07T11:50:31.955	1	32.0	21.097	0.0	0.0	0.0	-300000.0	22.687	20.987	8.557	1013.338	56.104	0.0	0.0	0.0	0.0	0.0	2657480027777836790
2026-07-07T11:50:32.958	1	32.0	21.092	0.0	0.0	0.0	-300000.0	22.687	20.995	8.607	1013.346	56.104	0.0	0.0	0.0	0.0	0.0	2657480027777836790
2026-07-07T11:50:33.962	1	32.0	21.07	0.0	0.0	0.0	-300000.0	22.687	20.967	8.547	1013.408	56.106	0.0	0.0	0.0	0.0	0.0	2657480027777836790
2026-07-07T11:50:34.967	1	32.0	21.013	0.0	0.0	0.0	-300000.0	22.687	20.951	8.737	1013.276	56.104	0.0	0.0	0.0	0.0	0.0	2657480027777836790
2026-07-07T11:50:35.970	1	32.0	21.039	0.0	0.0	0.0	-300000.0	22.687	20.967	8.536	1013.399	56.093	0.0	0.0	0.0	0.0	0.0	2657480027777836790
2026-07-07T11:50:36.974	1	32.0	21.003	0.0	0.0	0.0	-300000.0	22.687	20.955	8.737	1013.39	56.093	0.0	0.0	0.0	0.0	0.0	2657480027777836790
2026-07-07T11:50:37.977	1	32.0	21.038	0.0	0.0	0.0	-300000.0	22.679	21.007	8.647	1013.373	56.104	0.0	0.0	0.0	0.0	0.0	2657480027777836790
2026-07-07T11:50:38.981	1	32.0	21.065	0.0	0.0	0.0	-300000.0	22.679	20.947	8.325	1013.329	56.093	0.0	0.0	0.0	0.0	0.0	2657480027777836790
2026-07-07T11:50:39.985	1	32.0	20.983	0.0	0.0	0.0	-300000.0	22.687	20.947	8.466	1013.338	56.082	0.0	0.0	0.0	0.0	0.0	2657480027777836790
2026-07-07T11:50:40.988	1	32.0	20.99	0.0	0.0	0.0	-300000.0	22.687	20.967	8.667	1013.373	56.082	0.0	0.0	0.0	0.0	0.0	2657480027777836790
2026-07-07T11:50:41.992	1	32.0	21.069	0.0	0.0	0.0	-300000.0	22.687	20.975	8.446	1013.346	56.093	0.0	0.0	0.0	0.0	0.0	2657480027777836790
2026-07-07T11:50:42.995	1	32.0	20.928	0.0	0.0	0.0	-300000.0	22.687	20.967	8.486	1013.355	56.106	0.0	0.0	0.0	0.0	0.0	2657480027777836790
2026-07-07T11:50:43.999	1	32.0	21.026	0.0	0.0	0.0	-300000.0	22.687	20.991	8.597	1013.373	56.082	0.0	0.0	0.0	0.0	0.0	2657480027777836790
2026-07-07T11:50:45.004	1	32.0	21.058	0.0	0.0	0.0	-300000.0	22.679	21.007	8.114	1013.382	56.093	0.0	0.0	0.0	0.0	0.0	2657480027777836790
2026-07-07T11:50:46.008	1	32.0	21.028	0.0	0.0	0.0	-300000.0	22.679	20.959	8.868	1013.355	56.093	0.0	0.0	0.0	0.0	0.0	2657480027777836790
2026-07-07T11:50:47.011	1	32.0	21.012	0.0	0.0	0.0	-300000.0	22.687	20.987	8.547	1013.364	56.093	0.0	0.0	0.0	0.0	0.0	2657480027777836790
2026-07-07T11:50:48.016	1	32.0	21.049	0.0	0.0	0.0	-300000.0	22.687	20.963	8.456	1013.39	56.071	0.0	0.0	0.0	0.0	0.0	2657480027777836790
2026-07-07T11:50:49.019	1	32.0	20.98	0.0	0.0	0.0	-300000.0	22.679	20.963	8.406	1013.355	56.082	0.0	0.0	0.0	0.0	0.0	2657480027777836790
2026-07-07T11:50:50.022	1	32.0	21.007	0.0	0.0	0.0	-300000.0	22.679	20.967	8.526	1013.338	56.082	0.0	0.0	0.0	0.0	0.0	2657480027777836790
2026-07-07T11:50:51.026	1	32.0	21.013	0.0	0.0	0.0	-300000.0	22.679	20.979	8.235	1013.338	56.082	0.0	0.0	0.0	0.0	0.0	2657480027777836790
2026-07-07T11:50:52.030	1	32.0	21.05	0.0	0.0	0.0	-300000.0	22.679	20.971	8.757	1013.338	56.082	0.0	0.0	0.0	0.0	0.0	2657480027777836790
2026-07-07T11:50:53.033	1	32.0	21.01	0.0	0.0	0.0	-300000.0	22.679	20.959	8.536	1013.39	56.082	0.0	0.0	0.0	0.0	0.0	2657480027777836790
2026-07-07T11:50:54.037	1	32.0	21.077	0.0	0.0	0.0	-300000.0	22.679	20.979	8.376	1013.39	56.093	0.0	0.0	0.0	0.0	0.0	2657480027777836790
2026-07-07T11:50:55.041	1	32.0	21.044	0.0	0.0	0.0	-300000.0	22.679	20.959	8.587	1013.408	56.093	0.0	0.0	0.0	0.0	0.0	2657480027777836790
2026-07-07T11:50:56.044	1	32.0	21.076	0.0	0.0	0.0	-300000.0	22.679	20.967	8.516	1013.399	56.093	0.0	0.0	0.0	0.0	0.0	2657480027777836790
2026-07-07T11:50:57.048	1	32.0	21.11	0.0	0.0	0.0	-300000.0	22.687	20.975	8.064	1013.39	56.093	0.0	0.0	0.0	0.0	0.0	2657480027777836790
2026-07-07T11:50:58.051	1	32.0	21.063	0.0	0.0	0.0	-300000.0	22.687	20.995	8.456	1013.39	56.071	0.0	0.0	0.0	0.0	0.0	2657480027777836790
2026-07-07T11:50:59.053	1	32.0	21.006	0.0	0.0	0.0	-300000.0	22.679	20.939	8.607	1013.399	56.069	0.0	0.0	0.0	0.0	0.0	2657480027777836790
2026-07-07T11:51:00.055	1	32.0	21.016	0.0	0.0	0.0	-300000.0	22.687	20.967	8.747	1013.399	56.059	0.0	0.0	0.0	0.0	0.0	2657480027777836790
2026-07-07T11:51:01.059	1	32.0	21.061	0.0	0.0	0.0	-300000.0	22.679	20.987	8.567	1013.408	56.071	0.0	0.0	0.0	0.0	0.0	2657480027777836790
2026-07-07T11:51:02.063	1	32.0	21.104	0.0	0.0	0.0	-300000.0	22.679	21.019	8.315	1013.417	56.071	0.0	0.0	0.0	0.0	0.0	2657480027777836790
2026-07-07T11:51:03.067	1	32.0	21.083	0.0	0.0	0.0	-300000.0	22.687	21.051	8.426	1013.346	56.071	0.0	0.0	0.0	0.0	0.0	2657480027777836790
2026-07-07T11:51:04.070	1	32.0	21.128	0.0	0.0	0.0	-300000.0	22.679	21.055	8.275	1013.399	56.071	0.0	0.0	0.0	0.0	0.0	2657480027777836790
2026-07-07T11:51:05.074	1	32.0	21.111	0.0	0.0	0.0	-300000.0	22.679	21.067	8.617	1013.329	56.093	0.0	0.0	0.0	0.0	0.0	2657480027777836790
2026-07-07T11:51:06.077	1	32.0	21.103	0.0	0.0	0.0	-300000.0	22.679	21.063	8.255	1013.364	56.082	0.0	0.0	0.0	0.0	0.0	2657480027777836790
2026-07-07T11:51:07.081	1	32.0	21.157	0.0	0.0	0.0	-300000.0	22.687	21.071	8.516	1013.399	56.071	0.0	0.0	0.0	0.0	0.0	2657480027777836790
2026-07-07T11:51:08.085	1	32.0	21.162	0.0	0.0	0.0	-300000.0	22.679	21.083	8.376	1013.399	56.071	0.0	0.0	0.0	0.0	0.0	2657480027777836790
2026-07-07T11:51:09.089	1	32.0	21.137	0.0	0.0	0.0	-300000.0	22.679	21.083	8.567	1013.417	56.071	0.0	0.0	0.0	0.0	0.0	2657480027777836790
2026-07-07T11:51:10.092	1	32.0	21.122	0.0	0.0	0.0	-300000.0	22.679	21.103	8.275	1013.399	56.082	0.0	0.0	0.0	0.0	0.0	2657480027777836790
2026-07-07T11:51:11.096	1	32.0	21.1	0.0	0.0	0.0	-300000.0	22.679	21.127	8.275	1013.39	56.082	0.0	0.0	0.0	0.0	0.0	2657480027777836790
2026-07-07T11:51:12.099	1	32.0	21.159	0.0	0.0	0.0	-300000.0	22.679	21.099	8.195	1013.364	56.093	0.0	0.0	0.0	0.0	0.0	2657480027777836790
2026-07-07T11:51:13.103	1	32.0	21.144	0.0	0.0	0.0	-300000.0	22.679	21.099	8.587	1013.373	56.093	0.0	0.0	0.0	0.0	0.0	2657480027777836790
2026-07-07T11:51:14.105	1	32.0	21.15	0.0	0.0	0.0	-300000.0	22.679	21.115	8.526	1013.347	56.103	0.0	0.0	0.0	0.0	0.0	2657480027777836790
2026-07-07T11:51:15.110	1	32.0	21.132	0.0	0.0	0.0	-300000.0	22.679	21.111	8.476	1013.408	56.082	0.0	0.0	0.0	0.0	0.0	2657480027777836790
2026-07-07T11:51:16.113	1	32.0	21.174	0.0	0.0	0.0	-300000.0	22.679	21.095	8.366	1013.399	56.093	0.0	0.0	0.0	0.0	0.0	2657480027777836790
2026-07-07T11:51:17.116	1	32.0	21.147	0.0	0.0	0.0	-300000.0	22.679	21.111	8.406	1013.347	56.081	0.0	0.0	0.0	0.0	0.0	2657480027777836790
2026-07-07T11:51:18.119	1	32.0	21.107	0.0	0.0	0.0	-300000.0	22.687	21.119	8.235	1013.355	56.082	0.0	0.0	0.0	0.0	0.0	2657480027777836790
2026-07-07T11:51:19.122	1	32.0	21.117	0.0	0.0	0.0	-300000.0	22.687	21.131	8.386	1013.355	56.093	0.0	0.0	0.0	0.0	0.0	2657480027777836790
2026-07-07T11:51:20.126	1	32.0	21.187	0.0	0.0	0.0	-300000.0	22.687	21.111	8.486	1013.338	56.093	0.0	0.0	0.0	0.0	0.0	2657480027777836790
2026-07-07T11:51:21.129	1	32.0	21.149	0.0	0.0	0.0	-300000.0	22.679	21.127	8.346	1013.355	56.093	0.0	0.0	0.0	0.0	0.0	2657480027777836790
2026-07-07T11:51:22.133	1	32.0	21.171	0.0	0.0	0.0	-300000.0	22.679	21.111	8.617	1013.425	56.082	0.0	0.0	0.0	0.0	0.0	2657480027777836790
2026-07-07T11:51:23.136	1	32.0	21.134	0.0	0.0	0.0	-300000.0	22.679	21.123	8.506	1013.443	56.059	0.0	0.0	0.0	0.0	0.0	2657480027777836790
2026-07-07T11:51:24.141	1	32.0	21.17	0.0	0.0	0.0	-300000.0	22.679	21.127	8.526	1013.443	56.071	0.0	0.0	0.0	0.0	0.0	2657480027777836790
2026-07-07T11:51:25.144	1	32.0	21.198	0.0	0.0	0.0	-300000.0	22.679	21.123	8.516	1013.46	56.071	0.0	0.0	0.0	0.0	0.0	2657480027777836790
2026-07-07T11:51:26.148	1	32.0	21.141	0.0	0.0	0.0	-300000.0	22.679	21.127	8.707	1013.434	56.082	0.0	0.0	0.0	0.0	0.0	2657480027777836790
2026-07-07T11:51:27.151	1	32.0	21.117	0.0	0.0	0.0	-300000.0	22.679	21.123	8.486	1013.39	56.09	0.0	0.0	0.0	0.0	0.0	2657480027777836790
2026-07-07T11:51:28.155	1	32.0	21.172	0.0	0.0	0.0	-300000.0	22.679	21.131	8.325	1013.416	56.068	0.0	0.0	0.0	0.0	0.0	2657480027777836790
2026-07-07T11:51:29.158	1	32.0	21.124	0.0	0.0	0.0	-300000.0	22.679	21.143	8.084	1013.39	56.071	0.0	0.0	0.0	0.0	0.0	2657480027777836790
2026-07-07T11:51:30.161	1	32.0	21.168	0.0	0.0	0.0	-300000.0	22.671	21.135	8.446	1013.364	56.071	0.0	0.0	0.0	0.0	0.0	2657480027777836790
2026-07-07T11:51:31.166	1	32.0	21.169	0.0	0.0	0.0	-300000.0	22.679	21.155	8.245	1013.382	56.071	0.0	0.0	0.0	0.0	0.0	2657480027777836790
2026-07-07T11:51:32.169	1	32.0	21.177	0.0	0.0	0.0	-300000.0	22.671	21.139	8.627	1013.355	56.082	0.0	0.0	0.0	0.0	0.0	2657480027777836790
2026-07-07T11:51:33.173	1	32.0	21.144	0.0	0.0	0.0	-300000.0	22.671	21.135	8.396	1013.451	56.071	0.0	0.0	0.0	0.0	0.0	2657480027777836790
2026-07-07T11:51:34.177	1	32.0	21.178	0.0	0.0	0.0	-300000.0	22.679	21.123	8.325	1013.399	56.069	0.0	0.0	0.0	0.0	0.0	2657480027777836790
2026-07-07T11:51:35.181	1	32.0	21.174	0.0	0.0	0.0	-300000.0	22.679	21.119	8.456	1013.408	56.059	0.0	0.0	0.0	0.0	0.0	2657480027777836790
2026-07-07T11:51:36.185	1	32.0	21.155	0.0	0.0	0.0	-300000.0	22.679	21.115	8.496	1013.373	56.069	0.0	0.0	0.0	0.0	0.0	2657480027777836790
2026-07-07T11:51:37.189	1	32.0	21.143	0.0	0.0	0.0	-300000.0	22.671	21.111	8.617	1013.382	56.071	0.0	0.0	0.0	0.0	0.0	2657480027777836790
2026-07-07T11:51:38.193	1	32.0	21.165	0.0	0.0	0.0	-300000.0	22.671	21.127	8.647	1013.355	56.071	0.0	0.0	0.0	0.0	0.0	2657480027777836790
2026-07-07T11:51:39.197	1	32.0	21.195	0.0	0.0	0.0	-300000.0	22.679	21.123	8.577	1013.408	56.048	0.0	0.0	0.0	0.0	0.0	2657480027777836790
2026-07-07T11:51:40.201	1	32.0	21.192	0.0	0.0	0.0	-300000.0	22.679	21.135	8.305	1013.408	56.059	0.0	0.0	0.0	0.0	0.0	2657480027777836790
2026-07-07T11:51:41.205	1	32.0	21.157	0.0	0.0	0.0	-300000.0	22.679	21.119	8.667	1013.399	56.046	0.0	0.0	0.0	0.0	0.0	2657480027777836790
2026-07-07T11:51:42.208	1	32.0	21.15	0.0	0.0	0.0	-300000.0	22.671	21.135	8.315	1013.382	56.059	0.0	0.0	0.0	0.0	0.0	2657480027777836790
2026-07-07T11:51:43.212	1	32.0	21.142	0.0	0.0	0.0	-300000.0	22.671	21.119	8.647	1013.408	56.071	0.0	0.0	0.0	0.0	0.0	2657480027777836790
2026-07-07T11:51:44.215	1	32.0	21.152	0.0	0.0	0.0	-300000.0	22.679	21.123	8.185	1013.382	56.071	0.0	0.0	0.0	0.0	0.0	2657480027777836790
2026-07-07T11:51:45.220	1	32.0	21.134	0.0	0.0	0.0	-300000.0	22.671	21.135	8.205	1013.426	56.081	0.0	0.0	0.0	0.0	0.0	2657480027777836790
2026-07-07T11:51:46.223	1	32.0	21.184	0.0	0.0	0.0	-300000.0	22.671	21.131	8.466	1013.426	56.069	0.0	0.0	0.0	0.0	0.0	2657480027777836790
2026-07-07T11:51:47.228	1	32.0	21.214	0.0	0.0	0.0	-300000.0	22.679	21.119	8.185	1013.399	56.069	0.0	0.0	0.0	0.0	0.0	2657480027777836790
2026-07-07T11:51:48.231	1	32.0	21.121	0.0	0.0	0.0	-300000.0	22.671	21.131	8.768	1013.46	56.071	0.0	0.0	0.0	0.0	0.0	2657480027777836790
2026-07-07T11:51:49.235	1	32.0	21.142	0.0	0.0	0.0	-300000.0	22.671	21.119	8.295	1013.426	56.069	0.0	0.0	0.0	0.0	0.0	2657480027777836790
2026-07-07T11:51:50.238	1	32.0	21.173	0.0	0.0	0.0	-300000.0	22.671	21.143	8.356	1013.46	56.082	0.0	0.0	0.0	0.0	0.0	2657480027777836790
2026-07-07T11:51:51.242	1	32.0	21.142	0.0	0.0	0.0	-300000.0	22.671	21.147	8.476	1013.469	56.09	0.0	0.0	0.0	0.0	0.0	2657480027777836790
2026-07-07T11:51:52.245	1	32.0	21.128	0.0	0.0	0.0	-300000.0	22.671	21.131	8.215	1013.478	56.081	0.0	0.0	0.0	0.0	0.0	2657480027777836790
2026-07-07T11:51:53.249	1	32.0	21.129	0.0	0.0	0.0	-300000.0	22.664	21.127	8.536	1013.434	56.093	0.0	0.0	0.0	0.0	0.0	2657480027777836790
2026-07-07T11:51:54.254	1	32.0	21.184	0.0	0.0	0.0	-300000.0	22.671	21.123	8.466	1013.434	56.093	0.0	0.0	0.0	0.0	0.0	2657480027777836790
2026-07-07T11:51:55.258	1	32.0	21.173	0.0	0.0	0.0	-300000.0	22.679	21.127	8.366	1013.434	56.079	0.0	0.0	0.0	0.0	0.0	2657480027777836790
2026-07-07T11:51:56.262	1	32.0	21.184	0.0	0.0	0.0	-300000.0	22.671	21.123	8.175	1013.504	56.069	0.0	0.0	0.0	0.0	0.0	2657480027777836790
2026-07-07T11:51:57.266	1	32.0	21.149	0.0	0.0	0.0	-300000.0	22.671	21.119	8.557	1013.434	56.089	0.0	0.0	0.0	0.0	0.0	2657480027777836790
2026-07-07T11:51:58.269	1	32.0	21.171	0.0	0.0	0.0	-300000.0	22.671	21.127	8.506	1013.416	56.09	0.0	0.0	0.0	0.0	0.0	2657480027777836790
2026-07-07T11:51:59.273	1	32.0	21.124	0.0	0.0	0.0	-300000.0	22.671	21.135	8.506	1013.416	56.09	0.0	0.0	0.0	0.0	0.0	2657480027777836790
2026-07-07T11:52:00.276	1	32.0	21.191	0.0	0.0	0.0	-300000.0	22.671	21.107	8.506	1013.408	56.089	0.0	0.0	0.0	0.0	0.0	2657480027777836790
2026-07-07T11:52:01.279	1	32.0	21.098	0.0	0.0	0.0	-300000.0	22.671	21.107	8.346	1013.469	56.068	0.0	0.0	0.0	0.0	0.0	2657480027777836790
2026-07-07T11:52:02.283	1	32.0	21.171	0.0	0.0	0.0	-300000.0	22.671	21.123	8.496	1013.364	56.08	0.0	0.0	0.0	0.0	0.0	2657480027777836790
2026-07-07T11:52:03.287	1	32.0	21.201	0.0	0.0	0.0	-300000.0	22.671	21.115	8.486	1013.487	56.071	0.0	0.0	0.0	0.0	0.0	2657480027777836790
2026-07-07T11:52:04.290	1	32.0	21.145	0.0	0.0	0.0	-300000.0	22.671	21.107	8.356	1013.416	56.09	0.0	0.0	0.0	0.0	0.0	2657480027777836790
2026-07-07T11:52:05.294	1	32.0	21.167	0.0	0.0	0.0	-300000.0	22.671	21.115	8.245	1013.443	56.068	0.0	0.0	0.0	0.0	0.0	2657480027777836790
2026-07-07T11:52:06.298	1	32.0	21.153	0.0	0.0	0.0	-300000.0	22.671	21.099	8.235	1013.426	56.081	0.0	0.0	0.0	0.0	0.0	2657480027777836790
2026-07-07T11:52:07.301	1	32.0	21.109	0.0	0.0	0.0	-300000.0	22.671	21.107	8.466	1013.416	56.08	0.0	0.0	0.0	0.0	0.0	2657480027777836790
2026-07-07T11:52:08.305	1	32.0	21.165	0.0	0.0	0.0	-300000.0	22.671	21.115	8.506	1013.46	56.082	0.0	0.0	0.0	0.0	0.0	2657480027777836790
2026-07-07T11:52:09.308	1	32.0	21.144	0.0	0.0	0.0	-300000.0	22.671	21.119	8.125	1013.382	56.079	0.0	0.0	0.0	0.0	0.0	2657480027777836790
2026-07-07T11:52:10.312	1	32.0	21.159	0.0	0.0	0.0	-300000.0	22.671	21.099	8.496	1013.408	56.079	0.0	0.0	0.0	0.0	0.0	2657480027777836790
2026-07-07T11:52:11.315	1	32.0	21.14	0.0	0.0	0.0	-300000.0	22.664	21.131	8.125	1013.443	56.08	0.0	0.0	0.0	0.0	0.0	2657480027777836790
2026-07-07T11:52:12.319	1	32.0	21.136	0.0	0.0	0.0	-300000.0	22.679	21.119	8.285	1013.416	56.09	0.0	0.0	0.0	0.0	0.0	2657480027777836790
2026-07-07T11:52:13.322	1	32.0	21.179	0.0	0.0	0.0	-300000.0	22.671	21.091	8.175	1013.426	56.069	0.0	0.0	0.0	0.0	0.0	2657480027777836790
2026-07-07T11:52:14.325	1	32.0	21.154	0.0	0.0	0.0	-300000.0	22.679	21.119	8.225	1013.408	56.079	0.0	0.0	0.0	0.0	0.0	2657480027777836790
2026-07-07T11:52:15.329	1	32.0	21.118	0.0	0.0	0.0	-300000.0	22.671	21.107	8.426	1013.382	56.067	0.0	0.0	0.0	0.0	0.0	2657480027777836790
2026-07-07T11:52:16.332	1	32.0	21.164	0.0	0.0	0.0	-300000.0	22.671	21.099	8.366	1013.408	56.079	0.0	0.0	0.0	0.0	0.0	2657480027777836790
2026-07-07T11:52:17.337	1	32.0	21.158	0.0	0.0	0.0	-300000.0	22.671	21.131	8.577	1013.399	56.058	0.0	0.0	0.0	0.0	0.0	2657480027777836790
2026-07-07T11:52:18.340	1	32.0	21.176	0.0	0.0	0.0	-300000.0	22.679	21.107	8.366	1013.416	56.09	0.0	0.0	0.0	0.0	0.0	2657480027777836790
2026-07-07T11:52:19.344	1	32.0	21.187	0.0	0.0	0.0	-300000.0	22.664	21.111	8.506	1013.39	56.08	0.0	0.0	0.0	0.0	0.0	2657480027777836790
2026-07-07T11:52:20.347	1	32.0	21.145	0.0	0.0	0.0	-300000.0	22.671	21.107	8.557	1013.373	56.081	0.0	0.0	0.0	0.0	0.0	2657480027777836790
2026-07-07T11:52:21.350	1	32.0	21.163	0.0	0.0	0.0	-300000.0	22.664	21.099	8.567	1013.416	56.08	0.0	0.0	0.0	0.0	0.0	2657480027777836790
2026-07-07T11:52:22.353	1	32.0	21.185	0.0	0.0	0.0	-300000.0	22.664	21.087	8.627	1013.373	56.081	0.0	0.0	0.0	0.0	0.0	2657480027777836790
2026-07-07T11:52:23.357	1	32.0	21.149	0.0	0.0	0.0	-300000.0	22.671	21.099	8.466	1013.39	56.09	0.0	0.0	0.0	0.0	0.0	2657480027777836790
2026-07-07T11:52:24.361	1	32.0	21.128	0.0	0.0	0.0	-300000.0	22.671	21.099	8.155	1013.382	56.079	0.0	0.0	0.0	0.0	0.0	2657480027777836790
2026-07-07T11:52:25.365	1	32.0	21.199	0.0	0.0	0.0	-300000.0	22.671	21.103	8.145	1013.416	56.068	0.0	0.0	0.0	0.0	0.0	2657480027777836790
2026-07-07T11:52:26.368	1	32.0	21.15	0.0	0.0	0.0	-300000.0	22.671	21.095	8.577	1013.355	56.089	0.0	0.0	0.0	0.0	0.0	2657480027777836790
2026-07-07T11:52:27.371	1	32.0	21.157	0.0	0.0	0.0	-300000.0	22.671	21.071	8.536	1013.347	56.079	0.0	0.0	0.0	0.0	0.0	2657480027777836790
2026-07-07T11:52:28.375	1	32.0	21.173	0.0	0.0	0.0	-300000.0	22.671	21.087	8.577	1013.416	56.09	0.0	0.0	0.0	0.0	0.0	2657480027777836790
2026-07-07T11:52:29.379	1	32.0	21.12	0.0	0.0	0.0	-300000.0	22.671	21.087	8.577	1013.39	56.09	0.0	0.0	0.0	0.0	0.0	2657480027777836790
2026-07-07T11:52:30.383	1	32.0	21.152	0.0	0.0	0.0	-300000.0	22.671	21.083	8.577	1013.408	56.089	0.0	0.0	0.0	0.0	0.0	2657480027777836790
2026-07-07T11:52:31.386	1	32.0	21.153	0.0	0.0	0.0	-300000.0	22.671	21.091	8.597	1013.408	56.101	0.0	0.0	0.0	0.0	0.0	2657480027777836790
2026-07-07T11:52:32.390	1	32.0	21.171	0.0	0.0	0.0	-300000.0	22.671	21.087	8.386	1013.364	56.09	0.0	0.0	0.0	0.0	0.0	2657480027777836790
2026-07-07T11:52:33.394	1	32.0	21.147	0.0	0.0	0.0	-300000.0	22.671	21.083	8.325	1013.338	56.102	0.0	0.0	0.0	0.0	0.0	2657480027777836790
2026-07-07T11:52:34.397	1	32.0	21.143	0.0	0.0	0.0	-300000.0	22.671	21.091	8.325	1013.373	56.101	0.0	0.0	0.0	0.0	0.0	2657480027777836790
2026-07-07T11:52:35.401	1	32.0	21.116	0.0	0.0	0.0	-300000.0	22.671	21.083	8.476	1013.355	56.089	0.0	0.0	0.0	0.0	0.0	2657480027777836790
2026-07-07T11:52:36.405	1	32.0	21.129	0.0	0.0	0.0	-300000.0	22.664	21.079	8.325	1013.311	56.102	0.0	0.0	0.0	0.0	0.0	2657480027777836790
2026-07-07T11:52:37.409	1	32.0	21.147	0.0	0.0	0.0	-300000.0	22.671	21.083	8.436	1013.338	56.09	0.0	0.0	0.0	0.0	0.0	2657480027777836790
2026-07-07T11:52:38.412	1	32.0	21.133	0.0	0.0	0.0	-300000.0	22.671	21.095	8.356	1013.373	56.101	0.0	0.0	0.0	0.0	0.0	2657480027777836790
2026-07-07T11:52:39.414	1	32.0	21.138	0.0	0.0	0.0	-300000.0	22.664	21.091	8.366	1013.364	56.08	0.0	0.0	0.0	0.0	0.0	2657480027777836790
2026-07-07T11:52:40.418	1	32.0	21.189	0.0	0.0	0.0	-300000.0	22.664	21.083	8.225	1013.382	56.079	0.0	0.0	0.0	0.0	0.0	2657480027777836790
2026-07-07T11:52:41.421	1	32.0	21.181	0.0	0.0	0.0	-300000.0	22.664	21.071	8.155	1013.382	56.101	0.0	0.0	0.0	0.0	0.0	2657480027777836790
2026-07-07T11:52:42.425	1	32.0	21.107	0.0	0.0	0.0	-300000.0	22.664	21.103	8.346	1013.364	56.102	0.0	0.0	0.0	0.0	0.0	2657480027777836790
2026-07-07T11:52:43.428	1	32.0	21.096	0.0	0.0	0.0	-300000.0	22.671	21.091	8.627	1013.32	56.101	0.0	0.0	0.0	0.0	0.0	2657480027777836790
2026-07-07T11:52:44.431	1	32.0	21.159	0.0	0.0	0.0	-300000.0	22.671	21.067	8.526	1013.338	56.114	0.0	0.0	0.0	0.0	0.0	2657480027777836790
2026-07-07T11:52:45.434	1	32.0	21.135	0.0	0.0	0.0	-300000.0	22.664	21.071	8.416	1013.32	56.092	0.0	0.0	0.0	0.0	0.0	2657480027777836790
2026-07-07T11:52:46.438	1	32.0	21.131	0.0	0.0	0.0	-300000.0	22.671	21.083	8.466	1013.338	56.114	0.0	0.0	0.0	0.0	0.0	2657480027777836790
2026-07-07T11:52:47.441	1	32.0	21.117	0.0	0.0	0.0	-300000.0	22.671	21.083	8.366	1013.364	56.125	0.0	0.0	0.0	0.0	0.0	2657480027777836790
2026-07-07T11:52:48.444	1	32.0	21.116	0.0	0.0	0.0	-300000.0	22.671	21.075	8.325	1013.355	56.101	0.0	0.0	0.0	0.0	0.0	2657480027777836790
2026-07-07T11:52:49.448	1	32.0	21.187	0.0	0.0	0.0	-300000.0	22.671	21.095	8.446	1013.364	56.102	0.0	0.0	0.0	0.0	0.0	2657480027777836790
2026-07-07T11:52:50.452	1	32.0	21.136	0.0	0.0	0.0	-300000.0	22.664	21.063	8.567	1013.329	56.124	0.0	0.0	0.0	0.0	0.0	2657480027777836790
2026-07-07T11:52:51.456	1	32.0	21.13	0.0	0.0	0.0	-300000.0	22.664	21.059	8.305	1013.294	56.101	0.0	0.0	0.0	0.0	0.0	2657480027777836790
2026-07-07T11:52:52.459	1	32.0	21.18	0.0	0.0	0.0	-300000.0	22.664	21.063	8.406	1013.416	56.102	0.0	0.0	0.0	0.0	0.0	2657480027777836790
2026-07-07T11:52:53.462	1	32.0	21.115	0.0	0.0	0.0	-300000.0	22.664	21.079	8.466	1013.329	56.093	0.0	0.0	0.0	0.0	0.0	2657480027777836790
2026-07-07T11:52:54.466	1	32.0	21.064	0.0	0.0	0.0	-300000.0	22.671	21.091	8.446	1013.373	56.089	0.0	0.0	0.0	0.0	0.0	2657480027777836790
2026-07-07T11:52:55.469	1	32.0	21.132	0.0	0.0	0.0	-300000.0	22.664	21.059	8.727	1013.355	56.089	0.0	0.0	0.0	0.0	0.0	2657480027777836790
2026-07-07T11:52:56.473	1	32.0	21.107	0.0	0.0	0.0	-300000.0	22.664	21.071	8.426	1013.329	56.089	0.0	0.0	0.0	0.0	0.0	2657480027777836790
2026-07-07T11:52:57.477	1	32.0	21.116	0.0	0.0	0.0	-300000.0	22.664	21.063	8.536	1013.39	56.114	0.0	0.0	0.0	0.0	0.0	2657480027777836790
2026-07-07T11:52:58.480	1	32.0	21.143	0.0	0.0	0.0	-300000.0	22.664	21.055	8.486	1013.39	56.102	0.0	0.0	0.0	0.0	0.0	2657480027777836790
2026-07-07T11:52:59.484	1	32.0	21.167	0.0	0.0	0.0	-300000.0	22.664	21.075	8.446	1013.408	56.089	0.0	0.0	0.0	0.0	0.0	2657480027777836790
2026-07-07T11:53:00.488	1	32.0	21.09	0.0	0.0	0.0	-300000.0	22.664	21.055	8.436	1013.39	56.08	0.0	0.0	0.0	0.0	0.0	2657480027777836790
2026-07-07T11:53:01.492	1	32.0	21.116	0.0	0.0	0.0	-300000.0	22.664	21.059	8.506	1013.364	56.101	0.0	0.0	0.0	0.0	0.0	2657480027777836790
2026-07-07T11:53:02.495	1	32.0	21.126	0.0	0.0	0.0	-300000.0	22.671	21.059	8.526	1013.347	56.089	0.0	0.0	0.0	0.0	0.0	2657480027777836790
2026-07-07T11:53:03.500	1	32.0	21.094	0.0	0.0	0.0	-300000.0	22.671	21.063	8.547	1013.355	56.089	0.0	0.0	0.0	0.0	0.0	2657480027777836790
2026-07-07T11:53:04.504	1	32.0	21.165	0.0	0.0	0.0	-300000.0	22.664	21.047	8.486	1013.416	56.08	0.0	0.0	0.0	0.0	0.0	2657480027777836790
2026-07-07T11:53:05.507	1	32.0	21.108	0.0	0.0	0.0	-300000.0	22.664	21.059	8.416	1013.416	56.09	0.0	0.0	0.0	0.0	0.0	2657480027777836790
2026-07-07T11:53:06.511	1	32.0	21.123	0.0	0.0	0.0	-300000.0	22.671	21.039	8.516	1013.347	56.089	0.0	0.0	0.0	0.0	0.0	2657480027777836790
2026-07-07T11:53:07.515	1	32.0	21.156	0.0	0.0	0.0	-300000.0	22.671	21.047	8.486	1013.39	56.125	0.0	0.0	0.0	0.0	0.0	2657480027777836790
2026-07-07T11:53:08.518	1	32.0	21.153	0.0	0.0	0.0	-300000.0	22.664	21.071	8.536	1013.355	56.112	0.0	0.0	0.0	0.0	0.0	2657480027777836790
2026-07-07T11:53:09.521	1	32.0	21.105	0.0	0.0	0.0	-300000.0	22.664	21.051	8.155	1013.425	56.089	0.0	0.0	0.0	0.0	0.0	2657480027777836790
2026-07-07T11:53:10.525	1	32.0	21.111	0.0	0.0	0.0	-300000.0	22.664	21.059	8.346	1013.391	56.089	0.0	0.0	0.0	0.0	0.0	2657480027777836790
2026-07-07T11:53:11.528	1	32.0	21.105	0.0	0.0	0.0	-300000.0	22.664	21.059	8.436	1013.399	56.103	0.0	0.0	0.0	0.0	0.0	2657480027777836790
2026-07-07T11:53:12.532	1	32.0	21.131	0.0	0.0	0.0	-300000.0	22.664	21.051	8.456	1013.46	56.089	0.0	0.0	0.0	0.0	0.0	2657480027777836790
2026-07-07T11:53:13.535	1	32.0	21.085	0.0	0.0	0.0	-300000.0	22.664	21.039	8.486	1013.338	56.067	0.0	0.0	0.0	0.0	0.0	2657480027777836790
2026-07-07T11:53:14.539	1	32.0	21.102	0.0	0.0	0.0	-300000.0	22.671	21.035	8.235	1013.355	56.089	0.0	0.0	0.0	0.0	0.0	2657480027777836790
2026-07-07T11:53:15.542	1	32.0	21.142	0.0	0.0	0.0	-300000.0	22.664	21.043	8.346	1013.399	56.081	0.0	0.0	0.0	0.0	0.0	2657480027777836790
2026-07-07T11:53:16.545	1	32.0	21.145	0.0	0.0	0.0	-300000.0	22.664	21.059	8.647	1013.425	56.079	0.0	0.0	0.0	0.0	0.0	2657480027777836790
2026-07-07T11:53:17.549	1	32.0	21.118	0.0	0.0	0.0	-300000.0	22.664	21.047	8.406	1013.434	56.089	0.0	0.0	0.0	0.0	0.0	2657480027777836790
2026-07-07T11:53:18.552	1	32.0	21.16	0.0	0.0	0.0	-300000.0	22.664	21.051	8.456	1013.364	56.079	0.0	0.0	0.0	0.0	0.0	2657480027777836790
2026-07-07T11:53:19.556	1	32.0	21.118	0.0	0.0	0.0	-300000.0	22.656	21.035	8.506	1013.46	56.079	0.0	0.0	0.0	0.0	0.0	2657480027777836790
2026-07-07T11:53:20.559	1	32.0	21.095	0.0	0.0	0.0	-300000.0	22.664	21.051	8.496	1013.425	56.079	0.0	0.0	0.0	0.0	0.0	2657480027777836790
2026-07-07T11:53:21.563	1	32.0	21.142	0.0	0.0	0.0	-300000.0	22.664	21.043	8.135	1013.469	56.09	0.0	0.0	0.0	0.0	0.0	2657480027777836790
2026-07-07T11:53:22.567	1	32.0	21.095	0.0	0.0	0.0	-300000.0	22.664	21.027	8.245	1013.399	56.079	0.0	0.0	0.0	0.0	0.0	2657480027777836790
2026-07-07T11:53:23.571	1	32.0	21.073	0.0	0.0	0.0	-300000.0	22.664	21.043	8.416	1013.452	56.089	0.0	0.0	0.0	0.0	0.0	2657480027777836790
2026-07-07T11:53:24.574	1	32.0	21.118	0.0	0.0	0.0	-300000.0	22.664	21.035	8.466	1013.443	56.068	0.0	0.0	0.0	0.0	0.0	2657480027777836790
2026-07-07T11:53:25.578	1	32.0	21.152	0.0	0.0	0.0	-300000.0	22.664	21.035	8.677	1013.364	56.057	0.0	0.0	0.0	0.0	0.0	2657480027777836790
2026-07-07T11:53:26.582	1	32.0	21.136	0.0	0.0	0.0	-300000.0	22.664	21.035	8.526	1013.443	56.068	0.0	0.0	0.0	0.0	0.0	2657480027777836790
2026-07-07T11:53:27.585	1	32.0	21.095	0.0	0.0	0.0	-300000.0	22.656	21.039	8.426	1013.452	56.067	0.0	0.0	0.0	0.0	0.0	2657480027777836790
2026-07-07T11:53:28.588	1	32.0	21.108	0.0	0.0	0.0	-300000.0	22.664	21.035	8.255	1013.425	56.079	0.0	0.0	0.0	0.0	0.0	2657480027777836790
2026-07-07T11:53:29.592	1	32.0	21.118	0.0	0.0	0.0	-300000.0	22.664	21.015	8.446	1013.443	56.056	0.0	0.0	0.0	0.0	0.0	2657480027777836790
2026-07-07T11:53:30.596	1	32.0	21.12	0.0	0.0	0.0	-300000.0	22.664	21.035	8.165	1013.452	56.079	0.0	0.0	0.0	0.0	0.0	2657480027777836790
2026-07-07T11:53:31.599	1	32.0	21.101	0.0	0.0	0.0	-300000.0	22.656	21.031	8.386	1013.46	56.056	0.0	0.0	0.0	0.0	0.0	2657480027777836790
2026-07-07T11:53:32.603	1	32.0	21.16	0.0	0.0	0.0	-300000.0	22.664	21.011	8.325	1013.495	56.057	0.0	0.0	0.0	0.0	0.0	2657480027777836790
2026-07-07T11:53:33.607	1	32.0	21.1	0.0	0.0	0.0	-300000.0	22.664	21.027	8.386	1013.452	56.056	0.0	0.0	0.0	0.0	0.0	2657480027777836790
2026-07-07T11:53:34.610	1	32.0	21.096	0.0	0.0	0.0	-300000.0	22.664	21.027	8.416	1013.425	56.044	0.0	0.0	0.0	0.0	0.0	2657480027777836790
2026-07-07T11:53:35.614	1	32.0	21.147	0.0	0.0	0.0	-300000.0	22.664	20.999	8.526	1013.399	56.067	0.0	0.0	0.0	0.0	0.0	2657480027777836790
2026-07-07T11:53:36.618	1	32.0	21.141	0.0	0.0	0.0	-300000.0	22.664	21.027	8.516	1013.469	56.045	0.0	0.0	0.0	0.0	0.0	2657480027777836790
2026-07-07T11:53:37.621	1	32.0	21.097	0.0	0.0	0.0	-300000.0	22.664	21.015	8.486	1013.399	56.033	0.0	0.0	0.0	0.0	0.0	2657480027777836790
2026-07-07T11:53:38.624	1	32.0	21.153	0.0	0.0	0.0	-300000.0	22.656	21.015	8.516	1013.425	56.044	0.0	0.0	0.0	0.0	0.0	2657480027777836790
2026-07-07T11:53:39.628	1	32.0	21.11	0.0	0.0	0.0	-300000.0	22.664	21.011	8.406	1013.373	56.067	0.0	0.0	0.0	0.0	0.0	2657480027777836790
2026-07-07T11:53:40.631	1	32.0	21.148	0.0	0.0	0.0	-300000.0	22.656	21.003	8.034	1013.425	56.044	0.0	0.0	0.0	0.0	0.0	2657480027777836790
2026-07-07T11:53:41.634	1	32.0	21.106	0.0	0.0	0.0	-300000.0	22.664	21.011	8.486	1013.46	56.056	0.0	0.0	0.0	0.0	0.0	2657480027777836790
2026-07-07T11:53:42.638	1	32.0	21.132	0.0	0.0	0.0	-300000.0	22.664	21.003	8.506	1013.504	56.044	0.0	0.0	0.0	0.0	0.0	2657480027777836790
2026-07-07T11:53:43.641	1	32.0	21.104	0.0	0.0	0.0	-300000.0	22.656	21.011	8.416	1013.496	56.056	0.0	0.0	0.0	0.0	0.0	2657480027777836790
2026-07-07T11:53:44.644	1	32.0	21.088	0.0	0.0	0.0	-300000.0	22.656	20.999	8.336	1013.425	56.067	0.0	0.0	0.0	0.0	0.0	2657480027777836790
2026-07-07T11:53:45.649	1	32.0	21.08	0.0	0.0	0.0	-300000.0	22.656	20.999	8.315	1013.417	56.056	0.0	0.0	0.0	0.0	0.0	2657480027777836790
2026-07-07T11:53:46.651	1	32.0	21.073	0.0	0.0	0.0	-300000.0	22.664	21.007	8.456	1013.399	56.067	0.0	0.0	0.0	0.0	0.0	2657480027777836790
2026-07-07T11:53:47.655	1	32.0	21.148	0.0	0.0	0.0	-300000.0	22.656	21.019	8.466	1013.426	56.069	0.0	0.0	0.0	0.0	0.0	2657480027777836790
2026-07-07T11:53:48.658	1	32.0	21.136	0.0	0.0	0.0	-300000.0	22.656	21.011	8.476	1013.425	56.056	0.0	0.0	0.0	0.0	0.0	2657480027777836790
2026-07-07T11:53:49.662	1	32.0	21.086	0.0	0.0	0.0	-300000.0	22.656	21.019	8.496	1013.416	56.068	0.0	0.0	0.0	0.0	0.0	2657480027777836790
2026-07-07T11:53:50.667	1	32.0	21.136	0.0	0.0	0.0	-300000.0	22.664	20.991	8.386	1013.452	56.067	0.0	0.0	0.0	0.0	0.0	2657480027777836790
2026-07-07T11:53:51.670	1	32.0	21.103	0.0	0.0	0.0	-300000.0	22.656	20.995	8.205	1013.425	56.056	0.0	0.0	0.0	0.0	0.0	2657480027777836790
2026-07-07T11:53:52.674	1	32.0	21.095	0.0	0.0	0.0	-300000.0	22.656	20.999	8.155	1013.452	56.044	0.0	0.0	0.0	0.0	0.0	2657480027777836790
2026-07-07T11:53:53.678	1	32.0	21.102	0.0	0.0	0.0	-300000.0	22.664	20.979	8.295	1013.522	56.067	0.0	0.0	0.0	0.0	0.0	2657480027777836790
2026-07-07T11:53:54.682	1	32.0	21.11	0.0	0.0	0.0	-300000.0	22.664	20.999	8.667	1013.425	56.056	0.0	0.0	0.0	0.0	0.0	2657480027777836790
2026-07-07T11:53:55.686	1	32.0	21.095	0.0	0.0	0.0	-300000.0	22.656	20.995	8.215	1013.399	56.079	0.0	0.0	0.0	0.0	0.0	2657480027777836790
2026-07-07T11:53:56.689	1	32.0	21.11	0.0	0.0	0.0	-300000.0	22.656	21.007	8.366	1013.478	56.056	0.0	0.0	0.0	0.0	0.0	2657480027777836790
2026-07-07T11:53:57.692	1	32.0	21.11	0.0	0.0	0.0	-300000.0	22.656	21.003	8.255	1013.426	56.053	0.0	0.0	0.0	0.0	0.0	2657480027777836790
2026-07-07T11:53:58.696	1	32.0	21.081	0.0	0.0	0.0	-300000.0	22.656	20.971	8.486	1013.46	56.067	0.0	0.0	0.0	0.0	0.0	2657480027777836790
2026-07-07T11:53:59.700	1	32.0	21.094	0.0	0.0	0.0	-300000.0	22.656	21.003	8.607	1013.452	56.056	0.0	0.0	0.0	0.0	0.0	2657480027777836790
2026-07-07T11:54:00.704	1	32.0	21.098	0.0	0.0	0.0	-300000.0	22.664	20.995	8.506	1013.504	56.067	0.0	0.0	0.0	0.0	0.0	2657480027777836790
2026-07-07T11:54:01.708	1	32.0	21.099	0.0	0.0	0.0	-300000.0	22.664	21.003	8.366	1013.46	56.033	0.0	0.0	0.0	0.0	0.0	2657480027777836790
2026-07-07T11:54:02.712	1	32.0	21.089	0.0	0.0	0.0	-300000.0	22.656	21.007	8.396	1013.452	56.056	0.0	0.0	0.0	0.0	0.0	2657480027777836790
2026-07-07T11:54:03.715	1	32.0	21.11	0.0	0.0	0.0	-300000.0	22.664	20.983	8.567	1013.46	56.056	0.0	0.0	0.0	0.0	0.0	2657480027777836790
2026-07-07T11:54:04.718	1	32.0	21.131	0.0	0.0	0.0	-300000.0	22.656	20.991	8.356	1013.504	56.056	0.0	0.0	0.0	0.0	0.0	2657480027777836790
2026-07-07T11:54:05.722	1	32.0	21.093	0.0	0.0	0.0	-300000.0	22.656	20.991	8.637	1013.504	56.056	0.0	0.0	0.0	0.0	0.0	2657480027777836790
2026-07-07T11:54:06.726	1	32.0	21.102	0.0	0.0	0.0	-300000.0	22.664	21.003	8.255	1013.46	56.067	0.0	0.0	0.0	0.0	0.0	2657480027777836790
2026-07-07T11:54:07.729	1	32.0	21.102	0.0	0.0	0.0	-300000.0	22.656	20.991	8.175	1013.469	56.035	0.0	0.0	0.0	0.0	0.0	2657480027777836790
2026-07-07T11:54:08.733	1	32.0	21.123	0.0	0.0	0.0	-300000.0	22.656	20.991	8.295	1013.469	56.044	0.0	0.0	0.0	0.0	0.0	2657480027777836790
2026-07-07T11:54:09.736	1	32.0	21.074	0.0	0.0	0.0	-300000.0	22.656	20.979	8.195	1013.478	56.044	0.0	0.0	0.0	0.0	0.0	2657480027777836790
2026-07-07T11:54:10.740	1	32.0	21.088	0.0	0.0	0.0	-300000.0	22.656	20.971	8.114	1013.513	56.044	0.0	0.0	0.0	0.0	0.0	2657480027777836790
2026-07-07T11:54:11.743	1	32.0	21.062	0.0	0.0	0.0	-300000.0	22.664	20.987	8.155	1013.557	56.044	0.0	0.0	0.0	0.0	0.0	2657480027777836790
2026-07-07T11:54:12.746	1	32.0	21.081	0.0	0.0	0.0	-300000.0	22.656	20.991	8.406	1013.478	56.067	0.0	0.0	0.0	0.0	0.0	2657480027777836790
2026-07-07T11:54:13.750	1	32.0	21.078	0.0	0.0	0.0	-300000.0	22.656	20.979	8.406	1013.539	56.056	0.0	0.0	0.0	0.0	0.0	2657480027777836790
2026-07-07T11:54:14.754	1	32.0	21.068	0.0	0.0	0.0	-300000.0	22.656	20.967	8.044	1013.452	56.056	0.0	0.0	0.0	0.0	0.0	2657480027777836790
2026-07-07T11:54:15.757	1	32.0	21.086	0.0	0.0	0.0	-300000.0	22.656	20.983	8.305	1013.46	56.033	0.0	0.0	0.0	0.0	0.0	2657480027777836790
2026-07-07T11:54:16.761	1	32.0	21.072	0.0	0.0	0.0	-300000.0	22.656	20.991	8.245	1013.452	56.033	0.0	0.0	0.0	0.0	0.0	2657480027777836790
2026-07-07T11:54:17.765	1	32.0	21.15	0.0	0.0	0.0	-300000.0	22.656	20.991	8.255	1013.478	56.056	0.0	0.0	0.0	0.0	0.0	2657480027777836790
2026-07-07T11:54:18.768	1	32.0	21.045	0.0	0.0	0.0	-300000.0	22.656	21.003	8.496	1013.504	56.044	0.0	0.0	0.0	0.0	0.0	2657480027777836790
2026-07-07T11:54:19.771	1	32.0	21.063	0.0	0.0	0.0	-300000.0	22.656	20.971	8.285	1013.434	56.044	0.0	0.0	0.0	0.0	0.0	2657480027777836790
2026-07-07T11:54:20.776	1	32.0	21.049	0.0	0.0	0.0	-300000.0	22.656	20.975	8.165	1013.522	56.033	0.0	0.0	0.0	0.0	0.0	2657480027777836790
2026-07-07T11:54:21.779	1	32.0	21.099	0.0	0.0	0.0	-300000.0	22.656	20.971	8.506	1013.443	56.033	0.0	0.0	0.0	0.0	0.0	2657480027777836790
2026-07-07T11:54:22.782	1	32.0	21.062	0.0	0.0	0.0	-300000.0	22.656	20.963	8.245	1013.548	56.044	0.0	0.0	0.0	0.0	0.0	2657480027777836790
2026-07-07T11:54:23.786	1	32.0	21.071	0.0	0.0	0.0	-300000.0	22.656	20.983	8.325	1013.496	56.033	0.0	0.0	0.0	0.0	0.0	2657480027777836790
2026-07-07T11:54:24.789	1	32.0	21.067	0.0	0.0	0.0	-300000.0	22.656	20.975	8.114	1013.399	56.056	0.0	0.0	0.0	0.0	0.0	2657480027777836790
2026-07-07T11:54:25.792	1	32.0	21.085	0.0	0.0	0.0	-300000.0	22.664	20.959	8.074	1013.469	56.022	0.0	0.0	0.0	0.0	0.0	2657480027777836790
2026-07-07T11:54:26.796	1	32.0	21.088	0.0	0.0	0.0	-300000.0	22.656	20.971	8.547	1013.425	56.022	0.0	0.0	0.0	0.0	0.0	2657480027777836790
2026-07-07T11:54:27.799	1	32.0	21.091	0.0	0.0	0.0	-300000.0	22.656	20.951	8.205	1013.399	56.033	0.0	0.0	0.0	0.0	0.0	2657480027777836790
2026-07-07T11:54:28.802	1	32.0	21.077	0.0	0.0	0.0	-300000.0	22.656	20.979	8.225	1013.452	56.033	0.0	0.0	0.0	0.0	0.0	2657480027777836790
2026-07-07T11:54:29.806	1	32.0	21.092	0.0	0.0	0.0	-300000.0	22.656	20.955	8.275	1013.443	56.044	0.0	0.0	0.0	0.0	0.0	2657480027777836790
2026-07-07T11:54:30.810	1	32.0	21.057	0.0	0.0	0.0	-300000.0	22.648	20.959	8.225	1013.46	56.033	0.0	0.0	0.0	0.0	0.0	2657480027777836790
2026-07-07T11:54:31.814	1	32.0	21.1	0.0	0.0	0.0	-300000.0	22.656	20.967	8.396	1013.434	56.021	0.0	0.0	0.0	0.0	0.0	2657480027777836790
2026-07-07T11:54:32.818	1	32.0	21.098	0.0	0.0	0.0	-300000.0	22.656	20.963	8.315	1013.417	56.022	0.0	0.0	0.0	0.0	0.0	2657480027777836790
2026-07-07T11:54:33.820	1	32.0	21.056	0.0	0.0	0.0	-300000.0	22.656	20.959	8.456	1013.496	56.022	0.0	0.0	0.0	0.0	0.0	2657480027777836790
2026-07-07T11:54:34.824	1	32.0	21.091	0.0	0.0	0.0	-300000.0	22.656	20.951	8.446	1013.443	56.022	0.0	0.0	0.0	0.0	0.0	2657480027777836790
2026-07-07T11:54:35.828	1	32.0	21.071	0.0	0.0	0.0	-300000.0	22.648	20.971	8.285	1013.469	56.022	0.0	0.0	0.0	0.0	0.0	2657480027777836790
2026-07-07T11:54:36.831	1	32.0	21.106	0.0	0.0	0.0	-300000.0	22.656	20.967	8.265	1013.443	56.033	0.0	0.0	0.0	0.0	0.0	2657480027777836790
2026-07-07T11:54:37.834	1	32.0	21.052	0.0	0.0	0.0	-300000.0	22.648	20.975	8.215	1013.487	56.032	0.0	0.0	0.0	0.0	0.0	2657480027777836790
2026-07-07T11:54:38.837	1	32.0	21.077	0.0	0.0	0.0	-300000.0	22.656	20.955	8.436	1013.408	56.043	0.0	0.0	0.0	0.0	0.0	2657480027777836790
2026-07-07T11:54:39.841	1	32.0	21.071	0.0	0.0	0.0	-300000.0	22.656	20.947	8.456	1013.469	56.056	0.0	0.0	0.0	0.0	0.0	2657480027777836790
2026-07-07T11:54:40.844	1	32.0	21.122	0.0	0.0	0.0	-300000.0	22.656	20.951	8.024	1013.452	56.044	0.0	0.0	0.0	0.0	0.0	2657480027777836790
2026-07-07T11:54:41.848	1	32.0	21.054	0.0	0.0	0.0	-300000.0	22.656	20.947	8.446	1013.408	56.043	0.0	0.0	0.0	0.0	0.0	2657480027777836790
2026-07-07T11:54:42.852	1	32.0	21.098	0.0	0.0	0.0	-300000.0	22.656	20.935	8.356	1013.452	56.067	0.0	0.0	0.0	0.0	0.0	2657480027777836790
2026-07-07T11:54:43.855	1	32.0	21.086	0.0	0.0	0.0	-300000.0	22.648	20.943	8.325	1013.513	56.066	0.0	0.0	0.0	0.0	0.0	2657480027777836790
2026-07-07T11:54:44.858	1	32.0	21.075	0.0	0.0	0.0	-300000.0	22.656	20.955	8.195	1013.469	56.079	0.0	0.0	0.0	0.0	0.0	2657480027777836790
2026-07-07T11:54:45.862	1	32.0	21.116	0.0	0.0	0.0	-300000.0	22.656	20.939	8.265	1013.522	56.079	0.0	0.0	0.0	0.0	0.0	2657480027777836790
2026-07-07T11:54:46.865	1	32.0	21.075	0.0	0.0	0.0	-300000.0	22.648	20.943	8.235	1013.496	56.076	0.0	0.0	0.0	0.0	0.0	2657480027777836790
2026-07-07T11:54:47.869	1	32.0	21.055	0.0	0.0	0.0	-300000.0	22.648	20.963	8.295	1013.496	56.089	0.0	0.0	0.0	0.0	0.0	2657480027777836790
2026-07-07T11:54:48.873	1	32.0	21.113	0.0	0.0	0.0	-300000.0	22.656	20.931	8.356	1013.496	56.067	0.0	0.0	0.0	0.0	0.0	2657480027777836790
2026-07-07T11:54:49.876	1	32.0	21.025	0.0	0.0	0.0	-300000.0	22.656	20.947	8.145	1013.487	56.077	0.0	0.0	0.0	0.0	0.0	2657480027777836790
2026-07-07T11:54:50.880	1	32.0	21.073	0.0	0.0	0.0	-300000.0	22.648	20.951	8.406	1013.487	56.1	0.0	0.0	0.0	0.0	0.0	2657480027777836790
2026-07-07T11:54:51.883	1	32.0	21.083	0.0	0.0	0.0	-300000.0	22.656	20.931	8.084	1013.487	56.077	0.0	0.0	0.0	0.0	0.0	2657480027777836790
2026-07-07T11:54:52.887	1	32.0	21.071	0.0	0.0	0.0	-300000.0	22.648	20.939	8.436	1013.478	56.089	0.0	0.0	0.0	0.0	0.0	2657480027777836790
2026-07-07T11:54:53.891	1	32.0	21.096	0.0	0.0	0.0	-300000.0	22.656	20.947	8.275	1013.496	56.089	0.0	0.0	0.0	0.0	0.0	2657480027777836790
2026-07-07T11:54:54.895	1	32.0	21.102	0.0	0.0	0.0	-300000.0	22.656	20.923	8.647	1013.513	56.088	0.0	0.0	0.0	0.0	0.0	2657480027777836790
2026-07-07T11:54:55.898	1	32.0	21.052	0.0	0.0	0.0	-300000.0	22.648	20.931	8.336	1013.469	56.101	0.0	0.0	0.0	0.0	0.0	2657480027777836790
2026-07-07T11:54:56.902	1	32.0	21.036	0.0	0.0	0.0	-300000.0	22.656	20.935	8.255	1013.461	56.088	0.0	0.0	0.0	0.0	0.0	2657480027777836790
2026-07-07T11:54:57.906	1	32.0	21.059	0.0	0.0	0.0	-300000.0	22.648	20.927	8.235	1013.539	56.123	0.0	0.0	0.0	0.0	0.0	2657480027777836790
2026-07-07T11:54:58.910	1	32.0	21.016	0.0	0.0	0.0	-300000.0	22.648	20.931	8.597	1013.426	56.11	0.0	0.0	0.0	0.0	0.0	2657480027777836790
2026-07-07T11:54:59.914	1	32.0	21.034	0.0	0.0	0.0	-300000.0	22.648	20.927	8.577	1013.496	56.112	0.0	0.0	0.0	0.0	0.0	2657480027777836790
2026-07-07T11:55:00.918	1	32.0	21.077	0.0	0.0	0.0	-300000.0	22.648	20.939	8.426	1013.461	56.1	0.0	0.0	0.0	0.0	0.0	2657480027777836790
2026-07-07T11:55:01.922	1	32.0	21.062	0.0	0.0	0.0	-300000.0	22.648	20.915	8.255	1013.504	56.089	0.0	0.0	0.0	0.0	0.0	2657480027777836790
2026-07-07T11:55:02.925	1	32.0	21.062	0.0	0.0	0.0	-300000.0	22.648	20.919	8.476	1013.434	56.1	0.0	0.0	0.0	0.0	0.0	2657480027777836790
2026-07-07T11:55:03.929	1	32.0	21.118	0.0	0.0	0.0	-300000.0	22.648	20.915	8.426	1013.487	56.088	0.0	0.0	0.0	0.0	0.0	2657480027777836790
2026-07-07T11:55:04.932	1	32.0	21.055	0.0	0.0	0.0	-300000.0	22.648	20.935	8.446	1013.478	56.098	0.0	0.0	0.0	0.0	0.0	2657480027777836790
2026-07-07T11:55:05.936	1	32.0	21.07	0.0	0.0	0.0	-300000.0	22.656	20.903	8.336	1013.469	56.112	0.0	0.0	0.0	0.0	0.0	2657480027777836790
2026-07-07T11:55:06.940	1	32.0	21.077	0.0	0.0	0.0	-300000.0	22.648	20.907	8.356	1013.469	56.101	0.0	0.0	0.0	0.0	0.0	2657480027777836790
2026-07-07T11:55:07.943	1	32.0	21.058	0.0	0.0	0.0	-300000.0	22.648	20.923	8.315	1013.487	56.1	0.0	0.0	0.0	0.0	0.0	2657480027777836790
2026-07-07T11:55:08.947	1	32.0	21.065	0.0	0.0	0.0	-300000.0	22.656	20.907	8.436	1013.434	56.1	0.0	0.0	0.0	0.0	0.0	2657480027777836790
2026-07-07T11:55:09.950	1	32.0	21.077	0.0	0.0	0.0	-300000.0	22.648	20.927	8.416	1013.487	56.123	0.0	0.0	0.0	0.0	0.0	2657480027777836790
2026-07-07T11:55:10.954	1	32.0	21.047	0.0	0.0	0.0	-300000.0	22.648	20.907	8.496	1013.496	56.112	0.0	0.0	0.0	0.0	0.0	2657480027777836790
2026-07-07T11:55:11.957	1	32.0	21.106	0.0	0.0	0.0	-300000.0	22.648	20.927	7.984	1013.461	56.111	0.0	0.0	0.0	0.0	0.0	2657480027777836790
2026-07-07T11:55:12.961	1	32.0	21.034	0.0	0.0	0.0	-300000.0	22.648	20.927	8.104	1013.434	56.088	0.0	0.0	0.0	0.0	0.0	2657480027777836790
2026-07-07T11:55:13.965	1	32.0	21.042	0.0	0.0	0.0	-300000.0	22.648	20.915	8.486	1013.478	56.112	0.0	0.0	0.0	0.0	0.0	2657480027777836790
2026-07-07T11:55:14.968	1	32.0	21.071	0.0	0.0	0.0	-300000.0	22.648	20.907	8.366	1013.443	56.112	0.0	0.0	0.0	0.0	0.0	2657480027777836790
2026-07-07T11:55:15.972	1	32.0	21.039	0.0	0.0	0.0	-300000.0	22.648	20.907	8.356	1013.443	56.124	0.0	0.0	0.0	0.0	0.0	2657480027777836790
2026-07-07T11:55:16.976	1	32.0	21.05	0.0	0.0	0.0	-300000.0	22.648	20.903	8.376	1013.443	56.101	0.0	0.0	0.0	0.0	0.0	2657480027777836790
2026-07-07T11:55:17.979	1	32.0	21.067	0.0	0.0	0.0	-300000.0	22.648	20.915	8.376	1013.513	56.133	0.0	0.0	0.0	0.0	0.0	2657480027777836790
2026-07-07T11:55:18.983	1	32.0	21.031	0.0	0.0	0.0	-300000.0	22.656	20.911	8.406	1013.461	56.111	0.0	0.0	0.0	0.0	0.0	2657480027777836790
2026-07-07T11:55:19.987	1	32.0	20.996	0.0	0.0	0.0	-300000.0	22.648	20.895	8.456	1013.461	56.111	0.0	0.0	0.0	0.0	0.0	2657480027777836790
2026-07-07T11:55:20.992	1	32.0	21.072	0.0	0.0	0.0	-300000.0	22.648	20.915	8.195	1013.452	56.11	0.0	0.0	0.0	0.0	0.0	2657480027777836790
2026-07-07T11:55:21.996	1	32.0	21.062	0.0	0.0	0.0	-300000.0	22.648	20.899	8.336	1013.505	56.098	0.0	0.0	0.0	0.0	0.0	2657480027777836790
2026-07-07T11:55:23.000	1	32.0	21.048	0.0	0.0	0.0	-300000.0	22.648	20.907	8.687	1013.478	56.098	0.0	0.0	0.0	0.0	0.0	2657480027777836790
2026-07-07T11:55:24.004	1	32.0	21.045	0.0	0.0	0.0	-300000.0	22.648	20.903	8.155	1013.469	56.098	0.0	0.0	0.0	0.0	0.0	2657480027777836790
2026-07-07T11:55:25.007	1	32.0	21.044	0.0	0.0	0.0	-300000.0	22.648	20.887	8.657	1013.469	56.089	0.0	0.0	0.0	0.0	0.0	2657480027777836790
2026-07-07T11:55:26.011	1	32.0	21.082	0.0	0.0	0.0	-300000.0	22.648	20.899	8.245	1013.487	56.088	0.0	0.0	0.0	0.0	0.0	2657480027777836790
2026-07-07T11:55:27.014	1	32.0	21.083	0.0	0.0	0.0	-300000.0	22.64	20.895	8.496	1013.461	56.1	0.0	0.0	0.0	0.0	0.0	2657480027777836790
2026-07-07T11:55:28.018	1	32.0	21.076	0.0	0.0	0.0	-300000.0	22.648	20.883	8.657	1013.408	56.1	0.0	0.0	0.0	0.0	0.0	2657480027777836790
2026-07-07T11:55:29.021	1	32.0	21.073	0.0	0.0	0.0	-300000.0	22.648	20.887	8.436	1013.478	56.087	0.0	0.0	0.0	0.0	0.0	2657480027777836790
2026-07-07T11:55:30.025	1	32.0	21.07	0.0	0.0	0.0	-300000.0	22.648	20.899	8.165	1013.434	56.111	0.0	0.0	0.0	0.0	0.0	2657480027777836790
2026-07-07T11:55:31.029	1	32.0	21.064	0.0	0.0	0.0	-300000.0	22.648	20.883	8.315	1013.461	56.1	0.0	0.0	0.0	0.0	0.0	2657480027777836790
2026-07-07T11:55:32.033	1	32.0	21.064	0.0	0.0	0.0	-300000.0	22.648	20.911	8.587	1013.496	56.112	0.0	0.0	0.0	0.0	0.0	2657480027777836790
2026-07-07T11:55:33.037	1	32.0	21.047	0.0	0.0	0.0	-300000.0	22.648	20.879	8.346	1013.469	56.124	0.0	0.0	0.0	0.0	0.0	2657480027777836790
2026-07-07T11:55:34.040	1	32.0	21.079	0.0	0.0	0.0	-300000.0	22.648	20.879	8.436	1013.452	56.122	0.0	0.0	0.0	0.0	0.0	2657480027777836790
2026-07-07T11:55:35.044	1	32.0	21.058	0.0	0.0	0.0	-300000.0	22.648	20.891	8.496	1013.382	56.145	0.0	0.0	0.0	0.0	0.0	2657480027777836790
2026-07-07T11:55:36.047	1	32.0	21.069	0.0	0.0	0.0	-300000.0	22.648	20.871	8.366	1013.417	56.134	0.0	0.0	0.0	0.0	0.0	2657480027777836790
2026-07-07T11:55:37.051	1	32.0	21.044	0.0	0.0	0.0	-300000.0	22.648	20.875	8.215	1013.461	56.145	0.0	0.0	0.0	0.0	0.0	2657480027777836790
2026-07-07T11:55:38.054	1	32.0	21.079	0.0	0.0	0.0	-300000.0	22.648	20.883	8.315	1013.434	56.157	0.0	0.0	0.0	0.0	0.0	2657480027777836790
2026-07-07T11:55:39.058	1	32.0	21.051	0.0	0.0	0.0	-300000.0	22.648	20.887	8.255	1013.426	56.155	0.0	0.0	0.0	0.0	0.0	2657480027777836790
2026-07-07T11:55:40.061	1	32.0	21.0	0.0	0.0	0.0	-300000.0	22.648	20.883	8.346	1013.408	56.157	0.0	0.0	0.0	0.0	0.0	2657480027777836790
2026-07-07T11:55:41.065	1	32.0	21.06	0.0	0.0	0.0	-300000.0	22.648	20.879	8.547	1013.496	56.18	0.0	0.0	0.0	0.0	0.0	2657480027777836790
2026-07-07T11:55:42.069	1	32.0	21.069	0.0	0.0	0.0	-300000.0	22.648	20.899	8.145	1013.504	56.18	0.0	0.0	0.0	0.0	0.0	2657480027777836790
2026-07-07T11:55:43.072	1	32.0	21.051	0.0	0.0	0.0	-300000.0	22.64	20.867	8.295	1013.461	56.157	0.0	0.0	0.0	0.0	0.0	2657480027777836790
2026-07-07T11:55:44.077	1	32.0	21.047	0.0	0.0	0.0	-300000.0	22.648	20.887	8.175	1013.478	56.155	0.0	0.0	0.0	0.0	0.0	2657480027777836790
2026-07-07T11:55:45.081	1	32.0	21.066	0.0	0.0	0.0	-300000.0	22.648	20.867	8.215	1013.504	56.158	0.0	0.0	0.0	0.0	0.0	2657480027777836790
2026-07-07T11:55:46.083	1	32.0	21.015	0.0	0.0	0.0	-300000.0	22.648	20.871	8.386	1013.461	56.155	0.0	0.0	0.0	0.0	0.0	2657480027777836790
2026-07-07T11:55:47.088	1	32.0	21.08	0.0	0.0	0.0	-300000.0	22.648	20.883	8.476	1013.505	56.144	0.0	0.0	0.0	0.0	0.0	2657480027777836790
2026-07-07T11:55:48.091	1	32.0	21.033	0.0	0.0	0.0	-300000.0	22.64	20.875	8.285	1013.452	56.144	0.0	0.0	0.0	0.0	0.0	2657480027777836790
2026-07-07T11:55:49.095	1	32.0	21.054	0.0	0.0	0.0	-300000.0	22.648	20.879	8.215	1013.487	56.145	0.0	0.0	0.0	0.0	0.0	2657480027777836790
2026-07-07T11:55:50.099	1	32.0	21.025	0.0	0.0	0.0	-300000.0	22.648	20.875	8.436	1013.443	56.124	0.0	0.0	0.0	0.0	0.0	2657480027777836790
2026-07-07T11:55:51.101	1	32.0	21.048	0.0	0.0	0.0	-300000.0	22.648	20.887	8.165	1013.461	56.123	0.0	0.0	0.0	0.0	0.0	2657480027777836790
2026-07-07T11:55:52.105	1	32.0	21.03	0.0	0.0	0.0	-300000.0	22.648	20.871	8.225	1013.496	56.124	0.0	0.0	0.0	0.0	0.0	2657480027777836790
2026-07-07T11:55:53.108	1	32.0	21.011	0.0	0.0	0.0	-300000.0	22.648	20.875	8.486	1013.39	56.098	0.0	0.0	0.0	0.0	0.0	2657480027777836790
2026-07-07T11:55:54.112	1	32.0	21.031	0.0	0.0	0.0	-300000.0	22.648	20.891	8.325	1013.452	56.087	0.0	0.0	0.0	0.0	0.0	2657480027777836790
2026-07-07T11:55:55.115	1	32.0	21.066	0.0	0.0	0.0	-300000.0	22.64	20.883	8.356	1013.434	56.088	0.0	0.0	0.0	0.0	0.0	2657480027777836790
2026-07-07T11:55:56.119	1	32.0	21.069	0.0	0.0	0.0	-300000.0	22.64	20.883	8.285	1013.434	56.1	0.0	0.0	0.0	0.0	0.0	2657480027777836790
2026-07-07T11:55:57.123	1	32.0	21.103	0.0	0.0	0.0	-300000.0	22.64	20.887	8.225	1013.478	56.087	0.0	0.0	0.0	0.0	0.0	2657480027777836790
2026-07-07T11:55:58.126	1	32.0	21.021	0.0	0.0	0.0	-300000.0	22.64	20.871	8.466	1013.487	56.088	0.0	0.0	0.0	0.0	0.0	2657480027777836790
2026-07-07T11:55:59.131	1	32.0	21.06	0.0	0.0	0.0	-300000.0	22.64	20.895	8.376	1013.487	56.1	0.0	0.0	0.0	0.0	0.0	2657480027777836790
2026-07-07T11:56:00.134	1	32.0	20.992	0.0	0.0	0.0	-300000.0	22.64	20.863	8.175	1013.443	56.087	0.0	0.0	0.0	0.0	0.0	2657480027777836790
2026-07-07T11:56:01.138	1	32.0	21.036	0.0	0.0	0.0	-300000.0	22.648	20.855	8.265	1013.487	56.088	0.0	0.0	0.0	0.0	0.0	2657480027777836790
2026-07-07T11:56:02.141	1	32.0	21.021	0.0	0.0	0.0	-300000.0	22.648	20.867	8.396	1013.496	56.076	0.0	0.0	0.0	0.0	0.0	2657480027777836790
2026-07-07T11:56:03.145	1	32.0	21.027	0.0	0.0	0.0	-300000.0	22.648	20.863	8.426	1013.461	56.1	0.0	0.0	0.0	0.0	0.0	2657480027777836790
2026-07-07T11:56:04.149	1	32.0	21.052	0.0	0.0	0.0	-300000.0	22.648	20.871	8.376	1013.417	56.098	0.0	0.0	0.0	0.0	0.0	2657480027777836790
2026-07-07T11:56:05.153	1	32.0	21.028	0.0	0.0	0.0	-300000.0	22.64	20.871	8.175	1013.461	56.088	0.0	0.0	0.0	0.0	0.0	2657480027777836790
2026-07-07T11:56:06.157	1	32.0	21.023	0.0	0.0	0.0	-300000.0	22.64	20.863	7.934	1013.443	56.076	0.0	0.0	0.0	0.0	0.0	2657480027777836790
2026-07-07T11:56:07.160	1	32.0	21.014	0.0	0.0	0.0	-300000.0	22.648	20.879	8.245	1013.434	56.077	0.0	0.0	0.0	0.0	0.0	2657480027777836790
2026-07-07T11:56:08.163	1	32.0	21.041	0.0	0.0	0.0	-300000.0	22.648	20.863	8.325	1013.496	56.065	0.0	0.0	0.0	0.0	0.0	2657480027777836790
2026-07-07T11:56:09.166	1	32.0	21.032	0.0	0.0	0.0	-300000.0	22.648	20.871	8.125	1013.478	56.065	0.0	0.0	0.0	0.0	0.0	2657480027777836790
2026-07-07T11:56:10.171	1	32.0	20.999	0.0	0.0	0.0	-300000.0	22.648	20.855	8.416	1013.452	56.076	0.0	0.0	0.0	0.0	0.0	2657480027777836790
2026-07-07T11:56:11.176	1	32.0	20.977	0.0	0.0	0.0	-300000.0	22.648	20.879	8.175	1013.461	56.066	0.0	0.0	0.0	0.0	0.0	2657480027777836790
2026-07-07T11:56:12.180	1	32.0	21.067	0.0	0.0	0.0	-300000.0	22.64	20.863	8.386	1013.417	56.076	0.0	0.0	0.0	0.0	0.0	2657480027777836790
2026-07-07T11:56:13.183	1	32.0	21.057	0.0	0.0	0.0	-300000.0	22.64	20.863	8.265	1013.461	56.066	0.0	0.0	0.0	0.0	0.0	2657480027777836790
2026-07-07T11:56:14.187	1	32.0	21.041	0.0	0.0	0.0	-300000.0	22.64	20.855	8.235	1013.417	56.053	0.0	0.0	0.0	0.0	0.0	2657480027777836790
2026-07-07T11:56:15.191	1	32.0	21.027	0.0	0.0	0.0	-300000.0	22.64	20.863	8.205	1013.461	56.066	0.0	0.0	0.0	0.0	0.0	2657480027777836790
2026-07-07T11:56:16.195	1	32.0	21.029	0.0	0.0	0.0	-300000.0	22.64	20.863	8.325	1013.408	56.043	0.0	0.0	0.0	0.0	0.0	2657480027777836790
2026-07-07T11:56:17.198	1	32.0	21.03	0.0	0.0	0.0	-300000.0	22.648	20.871	8.155	1013.461	56.043	0.0	0.0	0.0	0.0	0.0	2657480027777836790
2026-07-07T11:56:18.201	1	32.0	21.053	0.0	0.0	0.0	-300000.0	22.64	20.867	8.074	1013.513	56.043	0.0	0.0	0.0	0.0	0.0	2657480027777836790
2026-07-07T11:56:19.205	1	32.0	21.053	0.0	0.0	0.0	-300000.0	22.64	20.859	8.255	1013.434	56.054	0.0	0.0	0.0	0.0	0.0	2657480027777836790
2026-07-07T11:56:20.208	1	32.0	21.066	0.0	0.0	0.0	-300000.0	22.648	20.863	8.145	1013.469	56.031	0.0	0.0	0.0	0.0	0.0	2657480027777836790
2026-07-07T11:56:21.212	1	32.0	21.061	0.0	0.0	0.0	-300000.0	22.64	20.863	8.325	1013.382	56.032	0.0	0.0	0.0	0.0	0.0	2657480027777836790
2026-07-07T11:56:22.215	1	32.0	21.048	0.0	0.0	0.0	-300000.0	22.64	20.863	8.336	1013.443	56.022	0.0	0.0	0.0	0.0	0.0	2657480027777836790
2026-07-07T11:56:23.220	1	32.0	21.062	0.0	0.0	0.0	-300000.0	22.64	20.863	8.125	1013.469	56.031	0.0	0.0	0.0	0.0	0.0	2657480027777836790
2026-07-07T11:56:24.223	1	32.0	21.02	0.0	0.0	0.0	-300000.0	22.648	20.855	8.195	1013.426	56.019	0.0	0.0	0.0	0.0	0.0	2657480027777836790
2026-07-07T11:56:25.228	1	32.0	21.043	0.0	0.0	0.0	-300000.0	22.648	20.843	8.416	1013.461	56.032	0.0	0.0	0.0	0.0	0.0	2657480027777836790
2026-07-07T11:56:26.231	1	32.0	21.029	0.0	0.0	0.0	-300000.0	22.64	20.871	8.185	1013.426	56.031	0.0	0.0	0.0	0.0	0.0	2657480027777836790
2026-07-07T11:56:27.235	1	32.0	21.067	0.0	0.0	0.0	-300000.0	22.648	20.851	8.114	1013.478	56.042	0.0	0.0	0.0	0.0	0.0	2657480027777836790
2026-07-07T11:56:28.238	1	32.0	21.031	0.0	0.0	0.0	-300000.0	22.64	20.847	8.225	1013.478	56.042	0.0	0.0	0.0	0.0	0.0	2657480027777836790
2026-07-07T11:56:29.243	1	32.0	21.015	0.0	0.0	0.0	-300000.0	22.648	20.851	8.275	1013.426	56.019	0.0	0.0	0.0	0.0	0.0	2657480027777836790
2026-07-07T11:56:30.246	1	32.0	21.045	0.0	0.0	0.0	-300000.0	22.64	20.847	8.145	1013.469	56.022	0.0	0.0	0.0	0.0	0.0	2657480027777836790
2026-07-07T11:56:31.250	1	32.0	21.054	0.0	0.0	0.0	-300000.0	22.64	20.851	7.984	1013.487	56.009	0.0	0.0	0.0	0.0	0.0	2657480027777836790
2026-07-07T11:56:32.254	1	32.0	21.034	0.0	0.0	0.0	-300000.0	22.64	20.859	8.215	1013.487	56.021	0.0	0.0	0.0	0.0	0.0	2657480027777836790
2026-07-07T11:56:33.257	1	32.0	21.034	0.0	0.0	0.0	-300000.0	22.64	20.851	8.325	1013.461	56.032	0.0	0.0	0.0	0.0	0.0	2657480027777836790
2026-07-07T11:56:34.261	1	32.0	21.05	0.0	0.0	0.0	-300000.0	22.64	20.847	8.125	1013.487	56.009	0.0	0.0	0.0	0.0	0.0	2657480027777836790
2026-07-07T11:56:35.265	1	32.0	21.034	0.0	0.0	0.0	-300000.0	22.64	20.851	8.104	1013.408	56.009	0.0	0.0	0.0	0.0	0.0	2657480027777836790
2026-07-07T11:56:36.269	1	32.0	21.025	0.0	0.0	0.0	-300000.0	22.64	20.847	8.145	1013.399	55.986	0.0	0.0	0.0	0.0	0.0	2657480027777836790
2026-07-07T11:56:37.273	1	32.0	21.035	0.0	0.0	0.0	-300000.0	22.64	20.839	7.803	1013.496	56.01	0.0	0.0	0.0	0.0	0.0	2657480027777836790
2026-07-07T11:56:38.276	1	32.0	21.013	0.0	0.0	0.0	-300000.0	22.64	20.835	8.305	1013.478	55.997	0.0	0.0	0.0	0.0	0.0	2657480027777836790
2026-07-07T11:56:39.280	1	32.0	21.048	0.0	0.0	0.0	-300000.0	22.648	20.843	8.426	1013.417	55.986	0.0	0.0	0.0	0.0	0.0	2657480027777836790
2026-07-07T11:56:40.283	1	32.0	21.035	0.0	0.0	0.0	-300000.0	22.648	20.823	8.175	1013.434	55.975	0.0	0.0	0.0	0.0	0.0	2657480027777836790
2026-07-07T11:56:41.287	1	32.0	21.06	0.0	0.0	0.0	-300000.0	22.64	20.843	8.275	1013.408	55.964	0.0	0.0	0.0	0.0	0.0	2657480027777836790
2026-07-07T11:56:42.290	1	32.0	21.021	0.0	0.0	0.0	-300000.0	22.64	20.851	8.034	1013.399	55.974	0.0	0.0	0.0	0.0	0.0	2657480027777836790
2026-07-07T11:56:43.294	1	32.0	21.008	0.0	0.0	0.0	-300000.0	22.64	20.835	8.175	1013.434	55.975	0.0	0.0	0.0	0.0	0.0	2657480027777836790
2026-07-07T11:56:44.297	1	32.0	21.001	0.0	0.0	0.0	-300000.0	22.64	20.819	8.014	1013.434	55.964	0.0	0.0	0.0	0.0	0.0	2657480027777836790
2026-07-07T11:56:45.300	1	32.0	21.041	0.0	0.0	0.0	-300000.0	22.64	20.843	8.104	1013.434	55.998	0.0	0.0	0.0	0.0	0.0	2657480027777836790
2026-07-07T11:56:46.305	1	32.0	21.048	0.0	0.0	0.0	-300000.0	22.64	20.835	8.265	1013.478	55.974	0.0	0.0	0.0	0.0	0.0	2657480027777836790
2026-07-07T11:56:47.307	1	32.0	21.012	0.0	0.0	0.0	-300000.0	22.64	20.843	8.135	1013.399	55.963	0.0	0.0	0.0	0.0	0.0	2657480027777836790
2026-07-07T11:56:48.310	1	32.0	21.031	0.0	0.0	0.0	-300000.0	22.648	20.835	8.114	1013.364	55.963	0.0	0.0	0.0	0.0	0.0	2657480027777836790
2026-07-07T11:56:49.315	1	32.0	21.02	0.0	0.0	0.0	-300000.0	22.64	20.815	8.255	1013.373	55.986	0.0	0.0	0.0	0.0	0.0	2657480027777836790
2026-07-07T11:56:50.319	1	32.0	21.035	0.0	0.0	0.0	-300000.0	22.64	20.831	8.305	1013.487	55.975	0.0	0.0	0.0	0.0	0.0	2657480027777836790
2026-07-07T11:56:51.321	1	32.0	21.027	0.0	0.0	0.0	-300000.0	22.632	20.843	8.054	1013.408	55.942	0.0	0.0	0.0	0.0	0.0	2657480027777836790
2026-07-07T11:56:52.326	1	32.0	21.035	0.0	0.0	0.0	-300000.0	22.64	20.839	8.215	1013.426	55.941	0.0	0.0	0.0	0.0	0.0	2657480027777836790
2026-07-07T11:56:53.330	1	32.0	21.04	0.0	0.0	0.0	-300000.0	22.64	20.839	8.094	1013.39	55.941	0.0	0.0	0.0	0.0	0.0	2657480027777836790
2026-07-07T11:56:54.334	1	32.0	21.028	0.0	0.0	0.0	-300000.0	22.64	20.851	8.145	1013.434	55.942	0.0	0.0	0.0	0.0	0.0	2657480027777836790
2026-07-07T11:56:55.338	1	32.0	21.028	0.0	0.0	0.0	-300000.0	22.64	20.831	8.255	1013.434	55.953	0.0	0.0	0.0	0.0	0.0	2657480027777836790
2026-07-07T11:56:56.341	1	32.0	21.055	0.0	0.0	0.0	-300000.0	22.64	20.811	7.934	1013.39	55.941	0.0	0.0	0.0	0.0	0.0	2657480027777836790
2026-07-07T11:56:57.346	1	32.0	21.08	0.0	0.0	0.0	-300000.0	22.64	20.843	8.305	1013.364	55.917	0.0	0.0	0.0	0.0	0.0	2657480027777836790
2026-07-07T11:56:58.349	1	32.0	21.037	0.0	0.0	0.0	-300000.0	22.64	20.827	8.265	1013.399	55.907	0.0	0.0	0.0	0.0	0.0	2657480027777836790
2026-07-07T11:56:59.352	1	32.0	21.023	0.0	0.0	0.0	-300000.0	22.64	20.843	8.305	1013.373	55.917	0.0	0.0	0.0	0.0	0.0	2657480027777836790
2026-07-07T11:57:00.356	1	32.0	21.023	0.0	0.0	0.0	-300000.0	22.64	20.847	7.813	1013.364	55.917	0.0	0.0	0.0	0.0	0.0	2657480027777836790
2026-07-07T11:57:01.359	1	32.0	21.07	0.0	0.0	0.0	-300000.0	22.64	20.831	8.295	1013.408	55.929	0.0	0.0	0.0	0.0	0.0	2657480027777836790
2026-07-07T11:57:02.363	1	32.0	21.07	0.0	0.0	0.0	-300000.0	22.632	20.839	8.135	1013.426	55.907	0.0	0.0	0.0	0.0	0.0	2657480027777836790
2026-07-07T11:57:03.367	1	32.0	21.022	0.0	0.0	0.0	-300000.0	22.64	20.843	8.175	1013.426	55.917	0.0	0.0	0.0	0.0	0.0	2657480027777836790
2026-07-07T11:57:04.370	1	32.0	21.056	0.0	0.0	0.0	-300000.0	22.64	20.839	8.155	1013.426	55.917	0.0	0.0	0.0	0.0	0.0	2657480027777836790
2026-07-07T11:57:05.373	1	32.0	21.015	0.0	0.0	0.0	-300000.0	22.64	20.835	8.114	1013.39	55.917	0.0	0.0	0.0	0.0	0.0	2657480027777836790
2026-07-07T11:57:06.377	1	32.0	21.046	0.0	0.0	0.0	-300000.0	22.64	20.855	8.215	1013.399	55.917	0.0	0.0	0.0	0.0	0.0	2657480027777836790
2026-07-07T11:57:07.380	1	32.0	21.053	0.0	0.0	0.0	-300000.0	22.64	20.831	8.245	1013.417	55.907	0.0	0.0	0.0	0.0	0.0	2657480027777836790
2026-07-07T11:57:08.384	1	32.0	21.032	0.0	0.0	0.0	-300000.0	22.632	20.843	8.255	1013.39	55.907	0.0	0.0	0.0	0.0	0.0	2657480027777836790
2026-07-07T11:57:09.388	1	32.0	21.016	0.0	0.0	0.0	-300000.0	22.64	20.835	8.557	1013.452	55.917	0.0	0.0	0.0	0.0	0.0	2657480027777836790
2026-07-07T11:57:10.392	1	32.0	21.014	0.0	0.0	0.0	-300000.0	22.64	20.847	8.235	1013.443	55.917	0.0	0.0	0.0	0.0	0.0	2657480027777836790
2026-07-07T11:57:11.395	1	32.0	21.014	0.0	0.0	0.0	-300000.0	22.64	20.839	7.954	1013.452	55.917	0.0	0.0	0.0	0.0	0.0	2657480027777836790
2026-07-07T11:57:12.399	1	32.0	21.034	0.0	0.0	0.0	-300000.0	22.64	20.835	7.914	1013.382	55.917	0.0	0.0	0.0	0.0	0.0	2657480027777836790
2026-07-07T11:57:13.402	1	32.0	21.05	0.0	0.0	0.0	-300000.0	22.632	20.835	8.145	1013.443	55.907	0.0	0.0	0.0	0.0	0.0	2657480027777836790
2026-07-07T11:57:14.405	1	32.0	21.011	0.0	0.0	0.0	-300000.0	22.64	20.835	8.396	1013.364	55.895	0.0	0.0	0.0	0.0	0.0	2657480027777836790
2026-07-07T11:57:15.409	1	32.0	21.019	0.0	0.0	0.0	-300000.0	22.632	20.819	7.954	1013.373	55.907	0.0	0.0	0.0	0.0	0.0	2657480027777836790
2026-07-07T11:57:16.413	1	32.0	21.031	0.0	0.0	0.0	-300000.0	22.632	20.819	8.235	1013.426	55.917	0.0	0.0	0.0	0.0	0.0	2657480027777836790
2026-07-07T11:57:17.416	1	32.0	21.026	0.0	0.0	0.0	-300000.0	22.64	20.819	8.386	1013.39	55.907	0.0	0.0	0.0	0.0	0.0	2657480027777836790
2026-07-07T11:57:18.420	1	32.0	21.015	0.0	0.0	0.0	-300000.0	22.632	20.827	8.295	1013.356	55.907	0.0	0.0	0.0	0.0	0.0	2657480027777836790
2026-07-07T11:57:19.424	1	32.0	21.009	0.0	0.0	0.0	-300000.0	22.632	20.847	8.295	1013.356	55.929	0.0	0.0	0.0	0.0	0.0	2657480027777836790
2026-07-07T11:57:20.428	1	32.0	21.002	0.0	0.0	0.0	-300000.0	22.64	20.835	8.135	1013.356	55.917	0.0	0.0	0.0	0.0	0.0	2657480027777836790
2026-07-07T11:57:21.431	1	32.0	21.047	0.0	0.0	0.0	-300000.0	22.64	20.827	8.074	1013.434	55.929	0.0	0.0	0.0	0.0	0.0	2657480027777836790
2026-07-07T11:57:22.434	1	32.0	20.985	0.0	0.0	0.0	-300000.0	22.64	20.815	8.145	1013.426	55.928	0.0	0.0	0.0	0.0	0.0	2657480027777836790
2026-07-07T11:57:23.438	1	32.0	20.992	0.0	0.0	0.0	-300000.0	22.64	20.831	8.647	1013.356	55.929	0.0	0.0	0.0	0.0	0.0	2657480027777836790
2026-07-07T11:57:24.441	1	32.0	21.01	0.0	0.0	0.0	-300000.0	22.64	20.823	8.336	1013.443	55.929	0.0	0.0	0.0	0.0	0.0	2657480027777836790
2026-07-07T11:57:25.445	1	32.0	21.059	0.0	0.0	0.0	-300000.0	22.64	20.819	8.446	1013.364	55.929	0.0	0.0	0.0	0.0	0.0	2657480027777836790
2026-07-07T11:57:26.448	1	32.0	21.035	0.0	0.0	0.0	-300000.0	22.632	20.819	8.305	1013.434	55.929	0.0	0.0	0.0	0.0	0.0	2657480027777836790
2026-07-07T11:57:27.451	1	32.0	21.041	0.0	0.0	0.0	-300000.0	22.64	20.823	8.114	1013.417	55.917	0.0	0.0	0.0	0.0	0.0	2657480027777836790
2026-07-07T11:57:28.455	1	32.0	20.987	0.0	0.0	0.0	-300000.0	22.632	20.831	8.125	1013.356	55.907	0.0	0.0	0.0	0.0	0.0	2657480027777836790
2026-07-07T11:57:29.459	1	32.0	21.047	0.0	0.0	0.0	-300000.0	22.632	20.823	8.275	1013.417	55.895	0.0	0.0	0.0	0.0	0.0	2657480027777836790
2026-07-07T11:57:30.462	1	32.0	20.987	0.0	0.0	0.0	-300000.0	22.64	20.819	8.195	1013.408	55.895	0.0	0.0	0.0	0.0	0.0	2657480027777836790
2026-07-07T11:57:31.466	1	32.0	21.052	0.0	0.0	0.0	-300000.0	22.64	20.811	8.315	1013.347	55.917	0.0	0.0	0.0	0.0	0.0	2657480027777836790
2026-07-07T11:57:32.470	1	32.0	20.993	0.0	0.0	0.0	-300000.0	22.632	20.815	8.024	1013.426	55.895	0.0	0.0	0.0	0.0	0.0	2657480027777836790
2026-07-07T11:57:33.474	1	32.0	21.002	0.0	0.0	0.0	-300000.0	22.632	20.803	8.245	1013.373	55.895	0.0	0.0	0.0	0.0	0.0	2657480027777836790
2026-07-07T11:57:34.478	1	32.0	21.015	0.0	0.0	0.0	-300000.0	22.64	20.811	7.893	1013.373	55.906	0.0	0.0	0.0	0.0	0.0	2657480027777836790
2026-07-07T11:57:35.482	1	32.0	20.998	0.0	0.0	0.0	-300000.0	22.632	20.807	8.195	1013.417	55.917	0.0	0.0	0.0	0.0	0.0	2657480027777836790
2026-07-07T11:57:36.485	1	32.0	20.986	0.0	0.0	0.0	-300000.0	22.632	20.823	8.074	1013.408	55.929	0.0	0.0	0.0	0.0	0.0	2657480027777836790
2026-07-07T11:57:37.490	1	32.0	21.051	0.0	0.0	0.0	-300000.0	22.64	20.811	7.813	1013.408	55.941	0.0	0.0	0.0	0.0	0.0	2657480027777836790
2026-07-07T11:57:38.493	1	32.0	20.996	0.0	0.0	0.0	-300000.0	22.64	20.791	8.295	1013.461	55.929	0.0	0.0	0.0	0.0	0.0	2657480027777836790
2026-07-07T11:57:39.497	1	32.0	21.028	0.0	0.0	0.0	-300000.0	22.632	20.803	7.863	1013.434	55.929	0.0	0.0	0.0	0.0	0.0	2657480027777836790
2026-07-07T11:57:40.500	1	32.0	21.017	0.0	0.0	0.0	-300000.0	22.632	20.815	8.225	1013.364	55.929	0.0	0.0	0.0	0.0	0.0	2657480027777836790
2026-07-07T11:57:41.504	1	32.0	20.952	0.0	0.0	0.0	-300000.0	22.632	20.819	7.944	1013.417	55.929	0.0	0.0	0.0	0.0	0.0	2657480027777836790
2026-07-07T11:57:42.508	1	32.0	21.023	0.0	0.0	0.0	-300000.0	22.64	20.807	7.974	1013.356	55.941	0.0	0.0	0.0	0.0	0.0	2657480027777836790
2026-07-07T11:57:43.512	1	32.0	20.985	0.0	0.0	0.0	-300000.0	22.632	20.815	7.763	1013.364	55.941	0.0	0.0	0.0	0.0	0.0	2657480027777836790
2026-07-07T11:57:44.516	1	32.0	20.986	0.0	0.0	0.0	-300000.0	22.632	20.799	8.195	1013.382	55.929	0.0	0.0	0.0	0.0	0.0	2657480027777836790
2026-07-07T11:57:45.520	1	32.0	20.985	0.0	0.0	0.0	-300000.0	22.64	20.811	8.044	1013.382	55.941	0.0	0.0	0.0	0.0	0.0	2657480027777836790
2026-07-07T11:57:46.524	1	32.0	21.029	0.0	0.0	0.0	-300000.0	22.64	20.807	8.024	1013.408	55.952	0.0	0.0	0.0	0.0	0.0	2657480027777836790
2026-07-07T11:57:47.528	1	32.0	21.022	0.0	0.0	0.0	-300000.0	22.632	20.815	8.094	1013.408	55.963	0.0	0.0	0.0	0.0	0.0	2657480027777836790
2026-07-07T11:57:48.531	1	32.0	21.019	0.0	0.0	0.0	-300000.0	22.64	20.803	8.034	1013.417	55.963	0.0	0.0	0.0	0.0	0.0	2657480027777836790
2026-07-07T11:57:49.534	1	32.0	21.057	0.0	0.0	0.0	-300000.0	22.632	20.787	8.275	1013.39	55.974	0.0	0.0	0.0	0.0	0.0	2657480027777836790
2026-07-07T11:57:50.537	1	32.0	21.009	0.0	0.0	0.0	-300000.0	22.64	20.811	7.823	1013.417	55.986	0.0	0.0	0.0	0.0	0.0	2657480027777836790
2026-07-07T11:57:51.541	1	32.0	21.025	0.0	0.0	0.0	-300000.0	22.64	20.795	8.135	1013.382	55.963	0.0	0.0	0.0	0.0	0.0	2657480027777836790
2026-07-07T11:57:52.545	1	32.0	21.011	0.0	0.0	0.0	-300000.0	22.64	20.803	8.165	1013.408	55.986	0.0	0.0	0.0	0.0	0.0	2657480027777836790
2026-07-07T11:57:53.549	1	32.0	20.979	0.0	0.0	0.0	-300000.0	22.632	20.803	8.145	1013.356	55.963	0.0	0.0	0.0	0.0	0.0	2657480027777836790
2026-07-07T11:57:54.553	1	32.0	21.021	0.0	0.0	0.0	-300000.0	22.64	20.795	8.215	1013.391	55.96	0.0	0.0	0.0	0.0	0.0	2657480027777836790
2026-07-07T11:57:55.556	1	32.0	21.004	0.0	0.0	0.0	-300000.0	22.632	20.795	8.114	1013.382	55.963	0.0	0.0	0.0	0.0	0.0	2657480027777836790
2026-07-07T11:57:56.561	1	32.0	21.006	0.0	0.0	0.0	-300000.0	22.632	20.795	8.175	1013.39	55.963	0.0	0.0	0.0	0.0	0.0	2657480027777836790
2026-07-07T11:57:57.565	1	32.0	21.02	0.0	0.0	0.0	-300000.0	22.632	20.803	8.315	1013.452	55.985	0.0	0.0	0.0	0.0	0.0	2657480027777836790
2026-07-07T11:57:58.568	1	32.0	21.068	0.0	0.0	0.0	-300000.0	22.632	20.799	7.954	1013.399	55.996	0.0	0.0	0.0	0.0	0.0	2657480027777836790
2026-07-07T11:57:59.571	1	32.0	21.034	0.0	0.0	0.0	-300000.0	22.632	20.803	8.325	1013.39	55.986	0.0	0.0	0.0	0.0	0.0	2657480027777836790
2026-07-07T11:58:00.574	1	32.0	21.001	0.0	0.0	0.0	-300000.0	22.632	20.787	8.054	1013.399	55.985	0.0	0.0	0.0	0.0	0.0	2657480027777836790
2026-07-07T11:58:01.577	1	32.0	21.016	0.0	0.0	0.0	-300000.0	22.632	20.787	8.114	1013.417	55.974	0.0	0.0	0.0	0.0	0.0	2657480027777836790
2026-07-07T11:58:02.581	1	32.0	21.048	0.0	0.0	0.0	-300000.0	22.64	20.795	8.577	1013.356	55.986	0.0	0.0	0.0	0.0	0.0	2657480027777836790
2026-07-07T11:58:03.584	1	32.0	21.069	0.0	0.0	0.0	-300000.0	22.64	20.799	8.225	1013.434	55.987	0.0	0.0	0.0	0.0	0.0	2657480027777836790
2026-07-07T11:58:04.588	1	32.0	20.996	0.0	0.0	0.0	-300000.0	22.64	20.791	8.175	1013.443	55.997	0.0	0.0	0.0	0.0	0.0	2657480027777836790
2026-07-07T11:58:05.592	1	32.0	21.006	0.0	0.0	0.0	-300000.0	22.632	20.795	8.165	1013.364	55.986	0.0	0.0	0.0	0.0	0.0	2657480027777836790
2026-07-07T11:58:06.596	1	32.0	21.039	0.0	0.0	0.0	-300000.0	22.632	20.799	8.225	1013.373	55.986	0.0	0.0	0.0	0.0	0.0	2657480027777836790
2026-07-07T11:58:07.599	1	32.0	21.018	0.0	0.0	0.0	-300000.0	22.632	20.803	8.366	1013.39	56.019	0.0	0.0	0.0	0.0	0.0	2657480027777836790
2026-07-07T11:58:08.603	1	32.0	21.034	0.0	0.0	0.0	-300000.0	22.632	20.787	8.044	1013.434	56.019	0.0	0.0	0.0	0.0	0.0	2657480027777836790
2026-07-07T11:58:09.606	1	32.0	21.001	0.0	0.0	0.0	-300000.0	22.632	20.787	8.125	1013.408	55.997	0.0	0.0	0.0	0.0	0.0	2657480027777836790
2026-07-07T11:58:10.610	1	32.0	21.01	0.0	0.0	0.0	-300000.0	22.64	20.803	8.245	1013.373	56.018	0.0	0.0	0.0	0.0	0.0	2657480027777836790
2026-07-07T11:58:11.614	1	32.0	21.011	0.0	0.0	0.0	-300000.0	22.64	20.811	8.346	1013.373	56.018	0.0	0.0	0.0	0.0	0.0	2657480027777836790
2026-07-07T11:58:12.617	1	32.0	20.968	0.0	0.0	0.0	-300000.0	22.632	20.791	8.004	1013.408	56.019	0.0	0.0	0.0	0.0	0.0	2657480027777836790
2026-07-07T11:58:13.620	1	32.0	21.004	0.0	0.0	0.0	-300000.0	22.64	20.795	8.114	1013.373	56.018	0.0	0.0	0.0	0.0	0.0	2657480027777836790
2026-07-07T11:58:14.624	1	32.0	21.011	0.0	0.0	0.0	-300000.0	22.632	20.787	8.376	1013.373	56.03	0.0	0.0	0.0	0.0	0.0	2657480027777836790
2026-07-07T11:58:15.628	1	32.0	20.967	0.0	0.0	0.0	-300000.0	22.64	20.795	7.974	1013.417	56.031	0.0	0.0	0.0	0.0	0.0	2657480027777836790
2026-07-07T11:58:16.632	1	32.0	21.001	0.0	0.0	0.0	-300000.0	22.632	20.771	7.964	1013.364	56.019	0.0	0.0	0.0	0.0	0.0	2657480027777836790
2026-07-07T11:58:17.635	1	32.0	20.983	0.0	0.0	0.0	-300000.0	22.632	20.783	8.406	1013.408	56.019	0.0	0.0	0.0	0.0	0.0	2657480027777836790
2026-07-07T11:58:18.638	1	32.0	21.006	0.0	0.0	0.0	-300000.0	22.64	20.803	8.175	1013.373	56.007	0.0	0.0	0.0	0.0	0.0	2657480027777836790
2026-07-07T11:58:19.642	1	32.0	21.02	0.0	0.0	0.0	-300000.0	22.632	20.787	8.145	1013.347	56.007	0.0	0.0	0.0	0.0	0.0	2657480027777836790
2026-07-07T11:58:20.646	1	32.0	21.027	0.0	0.0	0.0	-300000.0	22.632	20.775	8.325	1013.382	55.986	0.0	0.0	0.0	0.0	0.0	2657480027777836790
2026-07-07T11:58:21.650	1	32.0	21.056	0.0	0.0	0.0	-300000.0	22.632	20.775	8.305	1013.417	55.997	0.0	0.0	0.0	0.0	0.0	2657480027777836790
2026-07-07T11:58:22.654	1	32.0	21.027	0.0	0.0	0.0	-300000.0	22.632	20.767	8.305	1013.373	55.973	0.0	0.0	0.0	0.0	0.0	2657480027777836790
2026-07-07T11:58:23.658	1	32.0	21.045	0.0	0.0	0.0	-300000.0	22.632	20.779	8.165	1013.382	55.986	0.0	0.0	0.0	0.0	0.0	2657480027777836790
2026-07-07T11:58:24.662	1	32.0	20.985	0.0	0.0	0.0	-300000.0	22.632	20.775	8.285	1013.329	55.974	0.0	0.0	0.0	0.0	0.0	2657480027777836790
2026-07-07T11:58:25.666	1	32.0	21.006	0.0	0.0	0.0	-300000.0	22.632	20.779	8.094	1013.364	55.974	0.0	0.0	0.0	0.0	0.0	2657480027777836790
2026-07-07T11:58:26.670	1	32.0	21.025	0.0	0.0	0.0	-300000.0	22.632	20.771	8.305	1013.364	55.974	0.0	0.0	0.0	0.0	0.0	2657480027777836790
2026-07-07T11:58:27.674	1	32.0	21.028	0.0	0.0	0.0	-300000.0	22.632	20.791	7.984	1013.364	55.96	0.0	0.0	0.0	0.0	0.0	2657480027777836790
2026-07-07T11:58:28.678	1	32.0	21.033	0.0	0.0	0.0	-300000.0	22.632	20.775	8.064	1013.417	55.963	0.0	0.0	0.0	0.0	0.0	2657480027777836790
2026-07-07T11:58:29.682	1	32.0	21.058	0.0	0.0	0.0	-300000.0	22.632	20.783	7.964	1013.373	55.939	0.0	0.0	0.0	0.0	0.0	2657480027777836790
2026-07-07T11:58:30.685	1	32.0	20.993	0.0	0.0	0.0	-300000.0	22.632	20.779	8.064	1013.356	55.963	0.0	0.0	0.0	0.0	0.0	2657480027777836790
2026-07-07T11:58:31.688	1	32.0	21.017	0.0	0.0	0.0	-300000.0	22.632	20.771	8.175	1013.408	55.941	0.0	0.0	0.0	0.0	0.0	2657480027777836790
2026-07-07T11:58:32.692	1	32.0	21.031	0.0	0.0	0.0	-300000.0	22.632	20.767	8.094	1013.417	55.929	0.0	0.0	0.0	0.0	0.0	2657480027777836790
2026-07-07T11:58:33.696	1	32.0	21.015	0.0	0.0	0.0	-300000.0	22.632	20.775	8.084	1013.382	55.941	0.0	0.0	0.0	0.0	0.0	2657480027777836790
2026-07-07T11:58:34.700	1	32.0	21.012	0.0	0.0	0.0	-300000.0	22.632	20.771	8.195	1013.417	55.929	0.0	0.0	0.0	0.0	0.0	2657480027777836790
2026-07-07T11:58:35.703	1	32.0	21.045	0.0	0.0	0.0	-300000.0	22.632	20.763	8.165	1013.399	55.939	0.0	0.0	0.0	0.0	0.0	2657480027777836790
2026-07-07T11:58:36.706	1	32.0	21.007	0.0	0.0	0.0	-300000.0	22.632	20.783	8.165	1013.426	55.917	0.0	0.0	0.0	0.0	0.0	2657480027777836790
2026-07-07T11:58:37.709	1	32.0	20.998	0.0	0.0	0.0	-300000.0	22.625	20.787	8.386	1013.399	55.916	0.0	0.0	0.0	0.0	0.0	2657480027777836790
2026-07-07T11:58:38.712	1	32.0	21.034	0.0	0.0	0.0	-300000.0	22.632	20.771	8.386	1013.426	55.894	0.0	0.0	0.0	0.0	0.0	2657480027777836790
2026-07-07T11:58:39.715	1	32.0	20.983	0.0	0.0	0.0	-300000.0	22.625	20.771	8.195	1013.399	55.894	0.0	0.0	0.0	0.0	0.0	2657480027777836790
2026-07-07T11:58:40.718	1	32.0	21.023	0.0	0.0	0.0	-300000.0	22.632	20.787	8.295	1013.399	55.894	0.0	0.0	0.0	0.0	0.0	2657480027777836790
2026-07-07T11:58:41.721	1	32.0	21.006	0.0	0.0	0.0	-300000.0	22.632	20.787	8.265	1013.417	55.895	0.0	0.0	0.0	0.0	0.0	2657480027777836790
2026-07-07T11:58:42.724	1	32.0	21.001	0.0	0.0	0.0	-300000.0	22.632	20.763	8.195	1013.426	55.894	0.0	0.0	0.0	0.0	0.0	2657480027777836790
2026-07-07T11:58:43.727	1	32.0	21.011	0.0	0.0	0.0	-300000.0	22.632	20.767	8.315	1013.399	55.86	0.0	0.0	0.0	0.0	0.0	2657480027777836790
2026-07-07T11:58:44.731	1	32.0	21.046	0.0	0.0	0.0	-300000.0	22.632	20.783	8.104	1013.364	55.893	0.0	0.0	0.0	0.0	0.0	2657480027777836790
2026-07-07T11:58:45.734	1	32.0	21.003	0.0	0.0	0.0	-300000.0	22.632	20.763	8.205	1013.469	55.861	0.0	0.0	0.0	0.0	0.0	2657480027777836790
2026-07-07T11:58:46.738	1	32.0	20.999	0.0	0.0	0.0	-300000.0	22.632	20.783	8.125	1013.505	55.872	0.0	0.0	0.0	0.0	0.0	2657480027777836790
2026-07-07T11:58:47.741	1	32.0	21.001	0.0	0.0	0.0	-300000.0	22.632	20.751	8.325	1013.417	55.871	0.0	0.0	0.0	0.0	0.0	2657480027777836790
2026-07-07T11:58:48.745	1	32.0	20.999	0.0	0.0	0.0	-300000.0	22.632	20.771	8.416	1013.469	55.884	0.0	0.0	0.0	0.0	0.0	2657480027777836790
2026-07-07T11:58:49.747	1	32.0	20.996	0.0	0.0	0.0	-300000.0	22.632	20.767	8.044	1013.443	55.871	0.0	0.0	0.0	0.0	0.0	2657480027777836790
2026-07-07T11:58:50.750	1	32.0	21.001	0.0	0.0	0.0	-300000.0	22.625	20.763	7.793	1013.347	55.894	0.0	0.0	0.0	0.0	0.0	2657480027777836790
2026-07-07T11:58:51.756	1	32.0	20.985	0.0	0.0	0.0	-300000.0	22.632	20.751	8.014	1013.364	55.907	0.0	0.0	0.0	0.0	0.0	2657480027777836790
2026-07-07T11:58:52.758	1	32.0	21.006	0.0	0.0	0.0	-300000.0	22.632	20.779	8.165	1013.382	55.884	0.0	0.0	0.0	0.0	0.0	2657480027777836790
2026-07-07T11:58:53.761	1	32.0	21.008	0.0	0.0	0.0	-300000.0	22.625	20.767	8.145	1013.399	55.894	0.0	0.0	0.0	0.0	0.0	2657480027777836790
2026-07-07T11:58:54.766	1	32.0	20.997	0.0	0.0	0.0	-300000.0	22.632	20.763	8.084	1013.373	55.894	0.0	0.0	0.0	0.0	0.0	2657480027777836790
2026-07-07T11:58:55.769	1	32.0	21.022	0.0	0.0	0.0	-300000.0	22.625	20.771	8.235	1013.356	55.895	0.0	0.0	0.0	0.0	0.0	2657480027777836790
2026-07-07T11:58:56.773	1	32.0	21.005	0.0	0.0	0.0	-300000.0	22.632	20.759	8.205	1013.408	55.895	0.0	0.0	0.0	0.0	0.0	2657480027777836790
2026-07-07T11:58:57.776	1	32.0	20.99	0.0	0.0	0.0	-300000.0	22.632	20.767	7.974	1013.399	55.906	0.0	0.0	0.0	0.0	0.0	2657480027777836790
2026-07-07T11:58:58.779	1	32.0	20.999	0.0	0.0	0.0	-300000.0	22.625	20.767	8.084	1013.382	55.907	0.0	0.0	0.0	0.0	0.0	2657480027777836790
2026-07-07T11:58:59.781	1	32.0	21.065	0.0	0.0	0.0	-300000.0	22.625	20.743	8.255	1013.408	55.907	0.0	0.0	0.0	0.0	0.0	2657480027777836790
2026-07-07T11:59:00.785	1	32.0	20.945	0.0	0.0	0.0	-300000.0	22.632	20.771	8.044	1013.426	55.916	0.0	0.0	0.0	0.0	0.0	2657480027777836790
2026-07-07T11:59:01.788	1	32.0	21.016	0.0	0.0	0.0	-300000.0	22.625	20.767	8.044	1013.417	55.917	0.0	0.0	0.0	0.0	0.0	2657480027777836790
2026-07-07T11:59:02.790	1	32.0	20.983	0.0	0.0	0.0	-300000.0	22.632	20.771	8.074	1013.469	55.917	0.0	0.0	0.0	0.0	0.0	2657480027777836790
2026-07-07T11:59:03.793	1	32.0	20.989	0.0	0.0	0.0	-300000.0	22.625	20.763	8.135	1013.452	55.916	0.0	0.0	0.0	0.0	0.0	2657480027777836790
2026-07-07T11:59:04.798	1	32.0	21.022	0.0	0.0	0.0	-300000.0	22.625	20.755	8.205	1013.391	55.927	0.0	0.0	0.0	0.0	0.0	2657480027777836790
2026-07-07T11:59:05.802	1	32.0	21.015	0.0	0.0	0.0	-300000.0	22.625	20.755	8.295	1013.391	55.916	0.0	0.0	0.0	0.0	0.0	2657480027777836790
2026-07-07T11:59:06.809	1	32.0	20.987	0.0	0.0	0.0	-300000.0	22.625	20.755	7.954	1013.347	55.906	0.0	0.0	0.0	0.0	0.0	2657480027777836790
2026-07-07T11:59:07.812	1	32.0	21.006	0.0	0.0	0.0	-300000.0	22.625	20.755	8.114	1013.364	55.904	0.0	0.0	0.0	0.0	0.0	2657480027777836790
2026-07-07T11:59:08.815	1	32.0	20.99	0.0	0.0	0.0	-300000.0	22.625	20.759	8.054	1013.382	55.907	0.0	0.0	0.0	0.0	0.0	2657480027777836790
2026-07-07T11:59:09.818	1	32.0	21.006	0.0	0.0	0.0	-300000.0	22.625	20.747	8.275	1013.364	55.904	0.0	0.0	0.0	0.0	0.0	2657480027777836790
2026-07-07T11:59:10.821	1	32.0	20.989	0.0	0.0	0.0	-300000.0	22.625	20.747	8.175	1013.443	55.904	0.0	0.0	0.0	0.0	0.0	2657480027777836790
2026-07-07T11:59:11.824	1	32.0	20.946	0.0	0.0	0.0	-300000.0	22.625	20.743	8.004	1013.391	55.904	0.0	0.0	0.0	0.0	0.0	2657480027777836790
2026-07-07T11:59:12.828	1	32.0	21.003	0.0	0.0	0.0	-300000.0	22.632	20.747	7.994	1013.382	55.884	0.0	0.0	0.0	0.0	0.0	2657480027777836790
2026-07-07T11:59:13.831	1	32.0	21.064	0.0	0.0	0.0	-300000.0	22.625	20.763	8.034	1013.478	55.894	0.0	0.0	0.0	0.0	0.0	2657480027777836790
2026-07-07T11:59:14.834	1	32.0	20.967	0.0	0.0	0.0	-300000.0	22.632	20.735	8.175	1013.408	55.884	0.0	0.0	0.0	0.0	0.0	2657480027777836790
2026-07-07T11:59:15.838	1	32.0	20.963	0.0	0.0	0.0	-300000.0	22.632	20.755	8.315	1013.364	55.881	0.0	0.0	0.0	0.0	0.0	2657480027777836790
2026-07-07T11:59:16.842	1	32.0	21.001	0.0	0.0	0.0	-300000.0	22.625	20.739	8.155	1013.417	55.871	0.0	0.0	0.0	0.0	0.0	2657480027777836790
2026-07-07T11:59:17.847	1	32.0	20.998	0.0	0.0	0.0	-300000.0	22.625	20.759	8.084	1013.373	55.872	0.0	0.0	0.0	0.0	0.0	2657480027777836790
2026-07-07T11:59:18.850	1	32.0	20.963	0.0	0.0	0.0	-300000.0	22.632	20.747	8.074	1013.408	55.871	0.0	0.0	0.0	0.0	0.0	2657480027777836790
2026-07-07T11:59:19.856	1	32.0	20.985	0.0	0.0	0.0	-300000.0	22.625	20.755	8.225	1013.443	55.859	0.0	0.0	0.0	0.0	0.0	2657480027777836790
2026-07-07T11:59:20.859	1	32.0	20.999	0.0	0.0	0.0	-300000.0	22.632	20.751	8.044	1013.426	55.882	0.0	0.0	0.0	0.0	0.0	2657480027777836790
2026-07-07T11:59:21.865	1	32.0	20.976	0.0	0.0	0.0	-300000.0	22.632	20.751	8.305	1013.399	55.86	0.0	0.0	0.0	0.0	0.0	2657480027777836790
2026-07-07T11:59:22.869	1	32.0	20.987	0.0	0.0	0.0	-300000.0	22.625	20.751	8.165	1013.452	55.837	0.0	0.0	0.0	0.0	0.0	2657480027777836790
2026-07-07T11:59:23.873	1	32.0	20.989	0.0	0.0	0.0	-300000.0	22.625	20.755	8.114	1013.391	55.848	0.0	0.0	0.0	0.0	0.0	2657480027777836790
2026-07-07T11:59:24.876	1	32.0	21.004	0.0	0.0	0.0	-300000.0	22.625	20.747	7.994	1013.391	55.848	0.0	0.0	0.0	0.0	0.0	2657480027777836790
2026-07-07T11:59:25.879	1	32.0	21.042	0.0	0.0	0.0	-300000.0	22.632	20.767	8.135	1013.417	55.848	0.0	0.0	0.0	0.0	0.0	2657480027777836790
2026-07-07T11:59:26.883	1	32.0	20.953	0.0	0.0	0.0	-300000.0	22.625	20.743	8.185	1013.382	55.838	0.0	0.0	0.0	0.0	0.0	2657480027777836790
2026-07-07T11:59:27.886	1	32.0	20.994	0.0	0.0	0.0	-300000.0	22.625	20.759	8.114	1013.417	55.838	0.0	0.0	0.0	0.0	0.0	2657480027777836790
2026-07-07T11:59:28.889	1	32.0	21.028	0.0	0.0	0.0	-300000.0	22.625	20.759	8.044	1013.408	55.828	0.0	0.0	0.0	0.0	0.0	2657480027777836790
2026-07-07T11:59:29.892	1	32.0	21.023	0.0	0.0	0.0	-300000.0	22.625	20.735	8.054	1013.408	55.836	0.0	0.0	0.0	0.0	0.0	2657480027777836790
2026-07-07T11:59:30.896	1	32.0	20.939	0.0	0.0	0.0	-300000.0	22.632	20.767	8.205	1013.417	55.848	0.0	0.0	0.0	0.0	0.0	2657480027777836790
2026-07-07T11:59:31.898	1	32.0	20.978	0.0	0.0	0.0	-300000.0	22.625	20.751	8.205	1013.417	55.825	0.0	0.0	0.0	0.0	0.0	2657480027777836790
2026-07-07T11:59:32.902	1	32.0	20.948	0.0	0.0	0.0	-300000.0	22.625	20.751	8.064	1013.426	55.837	0.0	0.0	0.0	0.0	0.0	2657480027777836790
2026-07-07T11:59:33.906	1	32.0	21.017	0.0	0.0	0.0	-300000.0	22.625	20.767	7.833	1013.373	55.837	0.0	0.0	0.0	0.0	0.0	2657480027777836790
2026-07-07T11:59:34.909	1	32.0	20.998	0.0	0.0	0.0	-300000.0	22.625	20.747	8.054	1013.443	55.838	0.0	0.0	0.0	0.0	0.0	2657480027777836790
2026-07-07T11:59:35.911	1	32.0	21.004	0.0	0.0	0.0	-300000.0	22.625	20.739	7.813	1013.373	55.837	0.0	0.0	0.0	0.0	0.0	2657480027777836790
2026-07-07T11:59:36.914	1	32.0	21.025	0.0	0.0	0.0	-300000.0	22.625	20.751	8.024	1013.399	55.827	0.0	0.0	0.0	0.0	0.0	2657480027777836790
2026-07-07T11:59:37.917	1	32.0	20.996	0.0	0.0	0.0	-300000.0	22.625	20.747	8.044	1013.373	55.837	0.0	0.0	0.0	0.0	0.0	2657480027777836790
2026-07-07T11:59:38.920	1	32.0	20.999	0.0	0.0	0.0	-300000.0	22.632	20.747	8.155	1013.391	55.825	0.0	0.0	0.0	0.0	0.0	2657480027777836790
2026-07-07T11:59:39.923	1	32.0	20.965	0.0	0.0	0.0	-300000.0	22.625	20.735	8.265	1013.426	55.827	0.0	0.0	0.0	0.0	0.0	2657480027777836790
2026-07-07T11:59:40.926	1	32.0	21.008	0.0	0.0	0.0	-300000.0	22.625	20.739	7.954	1013.391	55.814	0.0	0.0	0.0	0.0	0.0	2657480027777836790
2026-07-07T11:59:41.929	1	32.0	21.041	0.0	0.0	0.0	-300000.0	22.625	20.755	8.114	1013.461	55.828	0.0	0.0	0.0	0.0	0.0	2657480027777836790
2026-07-07T11:59:42.932	1	32.0	20.974	0.0	0.0	0.0	-300000.0	22.625	20.723	8.175	1013.391	55.802	0.0	0.0	0.0	0.0	0.0	2657480027777836790
2026-07-07T11:59:43.936	1	32.0	20.973	0.0	0.0	0.0	-300000.0	22.625	20.731	7.964	1013.356	55.825	0.0	0.0	0.0	0.0	0.0	2657480027777836790
2026-07-07T11:59:44.939	1	32.0	21.02	0.0	0.0	0.0	-300000.0	22.625	20.731	8.155	1013.452	55.815	0.0	0.0	0.0	0.0	0.0	2657480027777836790
2026-07-07T11:59:45.947	1	32.0	20.987	0.0	0.0	0.0	-300000.0	22.625	20.735	8.034	1013.426	55.815	0.0	0.0	0.0	0.0	0.0	2657480027777836790
2026-07-07T11:59:46.949	1	32.0	20.995	0.0	0.0	0.0	-300000.0	22.625	20.731	8.175	1013.478	55.804	0.0	0.0	0.0	0.0	0.0	2657480027777836790
2026-07-07T11:59:47.952	1	32.0	20.977	0.0	0.0	0.0	-300000.0	22.625	20.731	8.114	1013.391	55.814	0.0	0.0	0.0	0.0	0.0	2657480027777836790
2026-07-07T11:59:48.955	1	32.0	21.018	0.0	0.0	0.0	-300000.0	22.625	20.751	8.064	1013.452	55.815	0.0	0.0	0.0	0.0	0.0	2657480027777836790
2026-07-07T11:59:49.969	1	32.0	21.006	0.0	0.0	0.0	-300000.0	22.625	20.743	7.954	1013.356	55.802	0.0	0.0	0.0	0.0	0.0	2657480027777836790
2026-07-07T11:59:50.985	1	32.0	20.977	0.0	0.0	0.0	-300000.0	22.625	20.731	8.034	1013.373	55.813	0.0	0.0	0.0	0.0	0.0	2657480027777836790
2026-07-07T11:59:51.988	1	32.0	21.02	0.0	0.0	0.0	-300000.0	22.625	20.739	7.773	1013.452	55.815	0.0	0.0	0.0	0.0	0.0	2657480027777836790
2026-07-07T11:59:52.991	1	32.0	20.983	0.0	0.0	0.0	-300000.0	22.625	20.735	8.145	1013.452	55.815	0.0	0.0	0.0	0.0	0.0	2657480027777836790
2026-07-07T11:59:53.994	1	32.0	20.968	0.0	0.0	0.0	-300000.0	22.625	20.735	8.004	1013.382	55.802	0.0	0.0	0.0	0.0	0.0	2657480027777836790
2026-07-07T11:59:54.998	1	32.0	20.966	0.0	0.0	0.0	-300000.0	22.625	20.723	7.853	1013.426	55.804	0.0	0.0	0.0	0.0	0.0	2657480027777836790
2026-07-07T11:59:56.001	1	32.0	20.952	0.0	0.0	0.0	-300000.0	22.625	20.735	7.994	1013.391	55.802	0.0	0.0	0.0	0.0	0.0	2657480027777836790
2026-07-07T11:59:57.004	1	32.0	20.989	0.0	0.0	0.0	-300000.0	22.625	20.731	8.024	1013.399	55.804	0.0	0.0	0.0	0.0	0.0	2657480027777836790
2026-07-07T11:59:58.008	1	32.0	21.003	0.0	0.0	0.0	-300000.0	22.625	20.727	7.974	1013.373	55.804	0.0	0.0	0.0	0.0	0.0	2657480027777836790
2026-07-07T11:59:59.012	1	32.0	20.949	0.0	0.0	0.0	-300000.0	22.625	20.739	8.165	1013.364	55.814	0.0	0.0	0.0	0.0	0.0	2657480027777836790
2026-07-07T12:00:00.015	1	32.0	20.963	0.0	0.0	0.0	-300000.0	22.625	20.735	7.863	1013.426	55.815	0.0	0.0	0.0	0.0	0.0	2657480027777836790
2026-07-07T12:00:01.018	1	32.0	20.983	0.0	0.0	0.0	-300000.0	22.632	20.719	8.145	1013.356	55.825	0.0	0.0	0.0	0.0	0.0	2657480027777836790
2026-07-07T12:00:02.020	1	32.0	20.951	0.0	0.0	0.0	-300000.0	22.625	20.731	8.145	1013.391	55.814	0.0	0.0	0.0	0.0	0.0	2657480027777836790
2026-07-07T12:00:03.024	1	32.0	21.003	0.0	0.0	0.0	-300000.0	22.625	20.735	8.034	1013.435	55.814	0.0	0.0	0.0	0.0	0.0	2657480027777836790
2026-07-07T12:00:04.028	1	32.0	20.955	0.0	0.0	0.0	-300000.0	22.625	20.723	8.175	1013.399	55.827	0.0	0.0	0.0	0.0	0.0	2657480027777836790
2026-07-07T12:00:05.031	1	32.0	20.981	0.0	0.0	0.0	-300000.0	22.625	20.711	8.044	1013.408	55.814	0.0	0.0	0.0	0.0	0.0	2657480027777836790
2026-07-07T12:00:06.035	1	32.0	21.062	0.0	0.0	0.0	-300000.0	22.625	20.715	8.135	1013.391	55.814	0.0	0.0	0.0	0.0	0.0	2657480027777836790
2026-07-07T12:00:07.038	1	32.0	20.982	0.0	0.0	0.0	-300000.0	22.625	20.735	7.924	1013.408	55.802	0.0	0.0	0.0	0.0	0.0	2657480027777836790
2026-07-07T12:00:08.041	1	32.0	20.999	0.0	0.0	0.0	-300000.0	22.617	20.723	8.285	1013.434	55.805	0.0	0.0	0.0	0.0	0.0	2657480027777836790
2026-07-07T12:00:09.044	1	32.0	21.004	0.0	0.0	0.0	-300000.0	22.625	20.731	8.205	1013.399	55.792	0.0	0.0	0.0	0.0	0.0	2657480027777836790
2026-07-07T12:00:10.047	1	32.0	20.995	0.0	0.0	0.0	-300000.0	22.625	20.735	8.014	1013.408	55.828	0.0	0.0	0.0	0.0	0.0	2657480027777836790
2026-07-07T12:00:11.050	1	32.0	20.977	0.0	0.0	0.0	-300000.0	22.625	20.727	7.853	1013.426	55.815	0.0	0.0	0.0	0.0	0.0	2657480027777836790
2026-07-07T12:00:12.053	1	32.0	20.937	0.0	0.0	0.0	-300000.0	22.617	20.731	8.074	1013.443	55.836	0.0	0.0	0.0	0.0	0.0	2657480027777836790
2026-07-07T12:00:13.057	1	32.0	20.981	0.0	0.0	0.0	-300000.0	22.625	20.735	8.165	1013.391	55.814	0.0	0.0	0.0	0.0	0.0	2657480027777836790
2026-07-07T12:00:14.059	1	32.0	20.981	0.0	0.0	0.0	-300000.0	22.617	20.735	8.044	1013.391	55.825	0.0	0.0	0.0	0.0	0.0	2657480027777836790
2026-07-07T12:00:15.061	1	32.0	20.947	0.0	0.0	0.0	-300000.0	22.625	20.743	7.994	1013.47	55.836	0.0	0.0	0.0	0.0	0.0	2657480027777836790
2026-07-07T12:00:16.064	1	32.0	21.005	0.0	0.0	0.0	-300000.0	22.625	20.727	8.135	1013.391	55.848	0.0	0.0	0.0	0.0	0.0	2657480027777836790
2026-07-07T12:00:17.069	1	32.0	20.982	0.0	0.0	0.0	-300000.0	22.625	20.735	7.904	1013.356	55.848	0.0	0.0	0.0	0.0	0.0	2657480027777836790
2026-07-07T12:00:18.072	1	32.0	20.929	0.0	0.0	0.0	-300000.0	22.617	20.715	7.883	1013.391	55.848	0.0	0.0	0.0	0.0	0.0	2657480027777836790
2026-07-07T12:00:19.077	1	32.0	20.97	0.0	0.0	0.0	-300000.0	22.617	20.735	8.145	1013.356	55.871	0.0	0.0	0.0	0.0	0.0	2657480027777836790
2026-07-07T12:00:20.080	1	32.0	21.005	0.0	0.0	0.0	-300000.0	22.625	20.731	8.165	1013.338	55.859	0.0	0.0	0.0	0.0	0.0	2657480027777836790
2026-07-07T12:00:21.083	1	32.0	20.96	0.0	0.0	0.0	-300000.0	22.625	20.715	8.235	1013.382	55.871	0.0	0.0	0.0	0.0	0.0	2657480027777836790
2026-07-07T12:00:22.085	1	32.0	20.976	0.0	0.0	0.0	-300000.0	22.625	20.719	8.285	1013.391	55.881	0.0	0.0	0.0	0.0	0.0	2657480027777836790
2026-07-07T12:00:23.088	1	32.0	20.985	0.0	0.0	0.0	-300000.0	22.625	20.727	8.185	1013.364	55.893	0.0	0.0	0.0	0.0	0.0	2657480027777836790
2026-07-07T12:00:24.092	1	32.0	20.993	0.0	0.0	0.0	-300000.0	22.617	20.711	8.336	1013.399	55.906	0.0	0.0	0.0	0.0	0.0	2657480027777836790
2026-07-07T12:00:25.096	1	32.0	21.02	0.0	0.0	0.0	-300000.0	22.625	20.711	8.536	1013.356	55.881	0.0	0.0	0.0	0.0	0.0	2657480027777836790
2026-07-07T12:00:26.099	1	32.0	20.962	0.0	0.0	0.0	-300000.0	22.625	20.719	8.014	1013.356	55.904	0.0	0.0	0.0	0.0	0.0	2657480027777836790
2026-07-07T12:00:27.102	1	32.0	20.957	0.0	0.0	0.0	-300000.0	22.625	20.719	8.386	1013.426	55.894	0.0	0.0	0.0	0.0	0.0	2657480027777836790
2026-07-07T12:00:28.105	1	32.0	20.988	0.0	0.0	0.0	-300000.0	22.625	20.699	8.165	1013.426	55.882	0.0	0.0	0.0	0.0	0.0	2657480027777836790
2026-07-07T12:00:29.107	1	32.0	20.928	0.0	0.0	0.0	-300000.0	22.617	20.707	7.823	1013.391	55.893	0.0	0.0	0.0	0.0	0.0	2657480027777836790
2026-07-07T12:00:30.111	1	32.0	21.011	0.0	0.0	0.0	-300000.0	22.625	20.727	8.054	1013.435	55.871	0.0	0.0	0.0	0.0	0.0	2657480027777836790
2026-07-07T12:00:31.114	1	32.0	20.994	0.0	0.0	0.0	-300000.0	22.625	20.723	8.235	1013.399	55.872	0.0	0.0	0.0	0.0	0.0	2657480027777836790
2026-07-07T12:00:32.118	1	32.0	20.966	0.0	0.0	0.0	-300000.0	22.625	20.715	8.074	1013.356	55.871	0.0	0.0	0.0	0.0	0.0	2657480027777836790
2026-07-07T12:00:33.121	1	32.0	20.977	0.0	0.0	0.0	-300000.0	22.625	20.715	8.145	1013.373	55.872	0.0	0.0	0.0	0.0	0.0	2657480027777836790
2026-07-07T12:00:34.146	1	32.0	21.009	0.0	0.0	0.0	-300000.0	22.617	20.711	7.994	1013.364	55.836	0.0	0.0	0.0	0.0	0.0	2657480027777836790
2026-07-07T12:00:35.148	1	32.0	20.995	0.0	0.0	0.0	-300000.0	22.617	20.707	7.934	1013.426	55.837	0.0	0.0	0.0	0.0	0.0	2657480027777836790
2026-07-07T12:00:36.151	1	32.0	20.99	0.0	0.0	0.0	-300000.0	22.625	20.711	7.984	1013.399	55.827	0.0	0.0	0.0	0.0	0.0	2657480027777836790
2026-07-07T12:00:37.154	1	32.0	20.973	0.0	0.0	0.0	-300000.0	22.617	20.703	8.064	1013.373	55.827	0.0	0.0	0.0	0.0	0.0	2657480027777836790
2026-07-07T12:00:38.156	1	32.0	21.001	0.0	0.0	0.0	-300000.0	22.625	20.715	8.215	1013.364	55.814	0.0	0.0	0.0	0.0	0.0	2657480027777836790
2026-07-07T12:00:39.159	1	32.0	20.95	0.0	0.0	0.0	-300000.0	22.625	20.719	8.064	1013.399	55.815	0.0	0.0	0.0	0.0	0.0	2657480027777836790
2026-07-07T12:00:40.161	1	32.0	20.988	0.0	0.0	0.0	-300000.0	22.617	20.743	-0.135	1013.356	55.828	0.0	0.0	0.0	0.0	0.0	2657480027777836790
2026-07-07T12:00:41.163	1	32.0	20.947	0.0	0.0	0.0	-300000.0	22.617	20.731	-0.286	1013.347	55.813	0.0	0.0	0.0	0.0	0.0	2657480027777836790
2026-07-07T12:00:42.165	1	32.0	20.968	0.0	0.0	0.0	-300000.0	22.625	20.735	-0.105	1013.382	55.814	0.0	0.0	0.0	0.0	0.0	2657480027777836790
2026-07-07T12:00:43.168	1	32.0	21.016	0.0	0.0	0.0	-300000.0	22.617	20.739	-0.024	1013.408	55.814	0.0	0.0	0.0	0.0	0.0	2657480027777836790
2026-07-07T12:00:44.172	1	32.0	21.037	0.0	0.0	0.0	-300000.0	22.625	20.723	-0.195	1013.356	55.814	0.0	0.0	0.0	0.0	0.0	2657480027777836790
2026-07-07T12:00:45.175	1	32.0	20.975	0.0	0.0	0.0	-300000.0	22.625	20.751	-0.306	1013.408	55.825	0.0	0.0	0.0	0.0	0.0	2657480027777836790
2026-07-07T12:00:46.177	1	32.0	21.01	0.0	0.0	0.0	-300000.0	22.617	20.739	-0.326	1013.364	55.814	0.0	0.0	0.0	0.0	0.0	2657480027777836790
2026-07-07T12:00:47.180	1	32.0	20.987	0.0	0.0	0.0	-300000.0	22.617	20.751	-0.266	1013.408	55.814	0.0	0.0	0.0	0.0	0.0	2657480027777836790
2026-07-07T12:00:48.184	1	32.0	20.976	0.0	0.0	0.0	-300000.0	22.617	20.743	-0.095	1013.435	55.825	0.0	0.0	0.0	0.0	0.0	2657480027777836790
2026-07-07T12:00:49.187	1	32.0	21.033	0.0	0.0	0.0	-300000.0	22.625	20.743	-0.035	1013.391	55.791	0.0	0.0	0.0	0.0	0.0	2657480027777836790
2026-07-07T12:00:50.190	1	32.0	20.988	0.0	0.0	0.0	-300000.0	22.617	20.743	-0.346	1013.391	55.802	0.0	0.0	0.0	0.0	0.0	2657480027777836790
2026-07-07T12:00:51.192	1	32.0	21.026	0.0	0.0	0.0	-300000.0	22.617	20.747	-0.246	1013.417	55.802	0.0	0.0	0.0	0.0	0.0	2657480027777836790
2026-07-07T12:00:52.196	1	32.0	21.002	0.0	0.0	0.0	-300000.0	22.625	20.751	-0.296	1013.382	55.791	0.0	0.0	0.0	0.0	0.0	2657480027777836790
2026-07-07T12:00:53.199	1	32.0	21.042	0.0	0.0	0.0	-300000.0	22.625	20.731	-0.416	1013.391	55.78	0.0	0.0	0.0	0.0	0.0	2657480027777836790
2026-07-07T12:00:54.206	1	32.0	20.999	0.0	0.0	0.0	-300000.0	22.617	20.743	-0.045	1013.408	55.78	0.0	0.0	0.0	0.0	0.0	2657480027777836790
2026-07-07T12:00:55.210	1	32.0	21.05	0.0	0.0	0.0	-300000.0	22.617	20.751	0.076	1013.417	55.757	0.0	0.0	0.0	0.0	0.0	2657480027777836790
2026-07-07T12:00:56.213	1	32.0	21.014	0.0	0.0	0.0	-300000.0	22.625	20.751	0.046	1013.408	55.791	0.0	0.0	0.0	0.0	0.0	2657480027777836790
2026-07-07T12:00:57.218	1	32.0	21.035	0.0	0.0	0.0	-300000.0	22.617	20.755	-0.145	1013.4	55.767	0.0	0.0	0.0	0.0	0.0	2657480027777836790
2026-07-07T12:00:58.221	1	32.0	21.02	0.0	0.0	0.0	-300000.0	22.617	20.739	-0.205	1013.435	55.78	0.0	0.0	0.0	0.0	0.0	2657480027777836790
2026-07-07T12:00:59.224	1	32.0	21.012	0.0	0.0	0.0	-300000.0	22.617	20.759	-0.225	1013.408	55.78	0.0	0.0	0.0	0.0	0.0	2657480027777836790
2026-07-07T12:01:00.228	1	32.0	21.022	0.0	0.0	0.0	-300000.0	22.625	20.747	-0.517	1013.435	55.769	0.0	0.0	0.0	0.0	0.0	2657480027777836790
2026-07-07T12:01:01.231	1	32.0	21.031	0.0	0.0	0.0	-300000.0	22.617	20.771	-0.266	1013.461	55.769	0.0	0.0	0.0	0.0	0.0	2657480027777836790
2026-07-07T12:01:02.235	1	32.0	21.035	0.0	0.0	0.0	-300000.0	22.617	20.767	-0.105	1013.443	55.769	0.0	0.0	0.0	0.0	0.0	2657480027777836790
2026-07-07T12:01:03.239	1	32.0	21.005	0.0	0.0	0.0	-300000.0	22.617	20.759	-0.497	1013.461	55.757	0.0	0.0	0.0	0.0	0.0	2657480027777836790
2026-07-07T12:01:04.242	1	32.0	21.019	0.0	0.0	0.0	-300000.0	22.617	20.771	-0.055	1013.408	55.757	0.0	0.0	0.0	0.0	0.0	2657480027777836790
2026-07-07T12:01:05.246	1	32.0	20.938	0.0	0.0	0.0	-300000.0	22.617	20.779	-0.326	1013.435	55.757	0.0	0.0	0.0	0.0	0.0	2657480027777836790
2026-07-07T12:01:06.249	1	32.0	20.981	0.0	0.0	0.0	-300000.0	22.617	20.759	-0.256	1013.435	55.757	0.0	0.0	0.0	0.0	0.0	2657480027777836790
2026-07-07T12:01:07.252	1	32.0	21.008	0.0	0.0	0.0	-300000.0	22.625	20.775	-0.276	1013.452	55.748	0.0	0.0	0.0	0.0	0.0	2657480027777836790
2026-07-07T12:01:08.255	1	32.0	21.012	0.0	0.0	0.0	-300000.0	22.617	20.759	-0.547	1013.4	55.734	0.0	0.0	0.0	0.0	0.0	2657480027777836790
2026-07-07T12:01:09.258	1	32.0	20.987	0.0	0.0	0.0	-300000.0	22.617	20.763	-0.235	1013.435	55.757	0.0	0.0	0.0	0.0	0.0	2657480027777836790
2026-07-07T12:01:10.262	1	32.0	21.011	0.0	0.0	0.0	-300000.0	22.617	20.755	-0.165	1013.356	55.746	0.0	0.0	0.0	0.0	0.0	2657480027777836790
2026-07-07T12:01:11.265	1	32.0	21.011	0.0	0.0	0.0	-300000.0	22.625	20.759	-0.356	1013.426	55.734	0.0	0.0	0.0	0.0	0.0	2657480027777836790
2026-07-07T12:01:12.268	1	32.0	20.998	0.0	0.0	0.0	-300000.0	22.625	20.767	-0.286	1013.417	55.735	0.0	0.0	0.0	0.0	0.0	2657480027777836790
2026-07-07T12:01:13.270	1	32.0	20.963	0.0	0.0	0.0	-300000.0	22.617	20.759	-0.366	1013.443	55.735	0.0	0.0	0.0	0.0	0.0	2657480027777836790
2026-07-07T12:01:14.273	1	32.0	21.056	0.0	0.0	0.0	-300000.0	22.617	20.775	-0.276	1013.426	55.745	0.0	0.0	0.0	0.0	0.0	2657480027777836790
2026-07-07T12:01:15.277	1	32.0	20.998	0.0	0.0	0.0	-300000.0	22.617	20.771	-0.346	1013.391	55.711	0.0	0.0	0.0	0.0	0.0	2657480027777836790
2026-07-07T12:01:16.280	1	32.0	21.059	0.0	0.0	0.0	-300000.0	22.617	20.759	-0.386	1013.452	55.722	0.0	0.0	0.0	0.0	0.0	2657480027777836790
2026-07-07T12:01:17.283	1	32.0	21.002	0.0	0.0	0.0	-300000.0	22.625	20.767	-0.225	1013.487	55.723	0.0	0.0	0.0	0.0	0.0	2657480027777836790
2026-07-07T12:01:18.285	1	32.0	20.945	0.0	0.0	0.0	-300000.0	22.617	20.779	-0.436	1013.391	55.712	0.0	0.0	0.0	0.0	0.0	2657480027777836790
2026-07-07T12:01:19.289	1	32.0	21.008	0.0	0.0	0.0	-300000.0	22.617	20.771	-0.426	1013.373	55.711	0.0	0.0	0.0	0.0	0.0	2657480027777836790
2026-07-07T12:01:20.292	1	32.0	21.037	0.0	0.0	0.0	-300000.0	22.625	20.783	-0.396	1013.408	55.723	0.0	0.0	0.0	0.0	0.0	2657480027777836790
2026-07-07T12:01:21.295	1	32.0	21.056	0.0	0.0	0.0	-300000.0	22.617	20.771	0.086	1013.426	55.722	0.0	0.0	0.0	0.0	0.0	2657480027777836790
2026-07-07T12:01:22.299	1	32.0	20.995	0.0	0.0	0.0	-300000.0	22.617	20.803	-0.276	1013.496	55.701	0.0	0.0	0.0	0.0	0.0	2657480027777836790
2026-07-07T12:01:23.302	1	32.0	21.039	0.0	0.0	0.0	-300000.0	22.625	20.767	-0.286	1013.4	55.722	0.0	0.0	0.0	0.0	0.0	2657480027777836790
2026-07-07T12:01:24.305	1	32.0	21.043	0.0	0.0	0.0	-300000.0	22.617	20.775	-0.266	1013.382	55.712	0.0	0.0	0.0	0.0	0.0	2657480027777836790
2026-07-07T12:01:25.308	1	32.0	21.049	0.0	0.0	0.0	-300000.0	22.625	20.775	-0.326	1013.382	55.712	0.0	0.0	0.0	0.0	0.0	2657480027777836790
2026-07-07T12:01:26.312	1	32.0	21.049	0.0	0.0	0.0	-300000.0	22.617	20.771	-0.386	1013.426	55.711	0.0	0.0	0.0	0.0	0.0	2657480027777836790
2026-07-07T12:01:27.316	1	32.0	21.055	0.0	0.0	0.0	-300000.0	22.617	20.767	-0.366	1013.435	55.712	0.0	0.0	0.0	0.0	0.0	2657480027777836790
2026-07-07T12:01:28.319	1	32.0	21.014	0.0	0.0	0.0	-300000.0	22.617	20.763	0.036	1013.417	55.7	0.0	0.0	0.0	0.0	0.0	2657480027777836790
2026-07-07T12:01:29.321	1	32.0	20.977	0.0	0.0	0.0	-300000.0	22.617	20.779	-0.246	1013.408	55.712	0.0	0.0	0.0	0.0	0.0	2657480027777836790
2026-07-07T12:01:30.324	1	32.0	21.04	0.0	0.0	0.0	-300000.0	22.617	20.767	-0.215	1013.435	55.712	0.0	0.0	0.0	0.0	0.0	2657480027777836790
2026-07-07T12:01:31.327	1	32.0	21.038	0.0	0.0	0.0	-300000.0	22.617	20.759	-0.004	1013.382	55.69	0.0	0.0	0.0	0.0	0.0	2657480027777836790
2026-07-07T12:01:32.330	1	32.0	21.025	0.0	0.0	0.0	-300000.0	22.617	20.767	-0.125	1013.487	55.701	0.0	0.0	0.0	0.0	0.0	2657480027777836790
2026-07-07T12:01:33.333	1	32.0	21.028	0.0	0.0	0.0	-300000.0	22.617	20.775	-0.024	1013.478	55.691	0.0	0.0	0.0	0.0	0.0	2657480027777836790
2026-07-07T12:01:34.336	1	32.0	21.015	0.0	0.0	0.0	-300000.0	22.625	20.771	-0.175	1013.496	55.701	0.0	0.0	0.0	0.0	0.0	2657480027777836790
2026-07-07T12:01:35.339	1	32.0	21.045	0.0	0.0	0.0	-300000.0	22.617	20.759	-0.326	1013.408	55.701	0.0	0.0	0.0	0.0	0.0	2657480027777836790
2026-07-07T12:01:36.342	1	32.0	21.019	0.0	0.0	0.0	-300000.0	22.609	20.771	-0.195	1013.443	55.688	0.0	0.0	0.0	0.0	0.0	2657480027777836790
2026-07-07T12:01:37.346	1	32.0	21.007	0.0	0.0	0.0	-300000.0	22.617	20.755	-0.115	1013.364	55.677	0.0	0.0	0.0	0.0	0.0	2657480027777836790
2026-07-07T12:01:38.348	1	32.0	21.042	0.0	0.0	0.0	-300000.0	22.609	20.755	-0.477	1013.408	55.712	0.0	0.0	0.0	0.0	0.0	2657480027777836790
2026-07-07T12:01:39.351	1	32.0	21.015	0.0	0.0	0.0	-300000.0	22.617	20.767	-0.366	1013.4	55.7	0.0	0.0	0.0	0.0	0.0	2657480027777836790
2026-07-07T12:01:40.354	1	32.0	21.045	0.0	0.0	0.0	-300000.0	22.617	20.779	-0.195	1013.435	55.69	0.0	0.0	0.0	0.0	0.0	2657480027777836790
2026-07-07T12:01:41.357	1	32.0	20.977	0.0	0.0	0.0	-300000.0	22.617	20.771	-0.195	1013.373	55.711	0.0	0.0	0.0	0.0	0.0	2657480027777836790
2026-07-07T12:01:42.360	1	32.0	21.053	0.0	0.0	0.0	-300000.0	22.617	20.755	-0.145	1013.435	55.69	0.0	0.0	0.0	0.0	0.0	2657480027777836790
2026-07-07T12:01:43.362	1	32.0	21.095	0.0	0.0	0.0	-300000.0	22.617	20.767	0.026	1013.435	55.701	0.0	0.0	0.0	0.0	0.0	2657480027777836790
2026-07-07T12:01:44.366	1	32.0	20.988	0.0	0.0	0.0	-300000.0	22.617	20.771	0.046	1013.461	55.712	0.0	0.0	0.0	0.0	0.0	2657480027777836790
2026-07-07T12:01:45.369	1	32.0	21.076	0.0	0.0	0.0	-300000.0	22.617	20.767	-0.205	1013.417	55.722	0.0	0.0	0.0	0.0	0.0	2657480027777836790
2026-07-07T12:01:46.372	1	32.0	21.034	0.0	0.0	0.0	-300000.0	22.617	20.771	-0.235	1013.382	55.721	0.0	0.0	0.0	0.0	0.0	2657480027777836790
2026-07-07T12:01:47.375	1	32.0	21.07	0.0	0.0	0.0	-300000.0	22.617	20.759	-0.045	1013.435	55.712	0.0	0.0	0.0	0.0	0.0	2657480027777836790
2026-07-07T12:01:48.379	1	32.0	21.042	0.0	0.0	0.0	-300000.0	22.617	20.775	-0.195	1013.461	55.712	0.0	0.0	0.0	0.0	0.0	2657480027777836790
2026-07-07T12:01:49.382	1	32.0	21.029	0.0	0.0	0.0	-300000.0	22.617	20.755	-0.456	1013.426	55.7	0.0	0.0	0.0	0.0	0.0	2657480027777836790
2026-07-07T12:01:50.386	1	32.0	20.992	0.0	0.0	0.0	-300000.0	22.617	20.791	-0.165	1013.382	55.701	0.0	0.0	0.0	0.0	0.0	2657480027777836790
2026-07-07T12:01:51.389	1	32.0	21.042	0.0	0.0	0.0	-300000.0	22.617	20.763	-0.014	1013.391	55.7	0.0	0.0	0.0	0.0	0.0	2657480027777836790
2026-07-07T12:01:52.392	1	32.0	21.052	0.0	0.0	0.0	-300000.0	22.617	20.775	-0.095	1013.391	55.688	0.0	0.0	0.0	0.0	0.0	2657480027777836790
2026-07-07T12:01:53.395	1	32.0	21.016	0.0	0.0	0.0	-300000.0	22.617	20.787	-0.155	1013.452	55.711	0.0	0.0	0.0	0.0	0.0	2657480027777836790
2026-07-07T12:01:54.399	1	32.0	21.055	0.0	0.0	0.0	-300000.0	22.617	20.783	-0.195	1013.4	55.7	0.0	0.0	0.0	0.0	0.0	2657480027777836790
2026-07-07T12:01:55.402	1	32.0	21.033	0.0	0.0	0.0	-300000.0	22.617	20.787	-0.145	1013.417	55.711	0.0	0.0	0.0	0.0	0.0	2657480027777836790
2026-07-07T12:01:56.406	1	32.0	21.063	0.0	0.0	0.0	-300000.0	22.617	20.791	-0.336	1013.479	55.7	0.0	0.0	0.0	0.0	0.0	2657480027777836790
2026-07-07T12:01:57.409	1	32.0	21.069	0.0	0.0	0.0	-300000.0	22.617	20.779	-0.235	1013.522	55.723	0.0	0.0	0.0	0.0	0.0	2657480027777836790
2026-07-07T12:01:58.412	1	32.0	21.013	0.0	0.0	0.0	-300000.0	22.609	20.783	-0.215	1013.426	55.7	0.0	0.0	0.0	0.0	0.0	2657480027777836790
2026-07-07T12:01:59.415	1	32.0	21.043	0.0	0.0	0.0	-300000.0	22.609	20.763	-0.205	1013.435	55.712	0.0	0.0	0.0	0.0	0.0	2657480027777836790
2026-07-07T12:02:00.417	1	32.0	21.057	0.0	0.0	0.0	-300000.0	22.609	20.787	-0.105	1013.417	55.7	0.0	0.0	0.0	0.0	0.0	2657480027777836790
2026-07-07T12:02:01.421	1	32.0	21.097	0.0	0.0	0.0	-300000.0	22.617	20.779	-0.256	1013.426	55.7	0.0	0.0	0.0	0.0	0.0	2657480027777836790
2026-07-07T12:02:02.424	1	32.0	21.027	0.0	0.0	0.0	-300000.0	22.617	20.791	-0.336	1013.373	55.711	0.0	0.0	0.0	0.0	0.0	2657480027777836790
2026-07-07T12:02:03.428	1	32.0	21.064	0.0	0.0	0.0	-300000.0	22.617	20.791	-0.055	1013.461	55.701	0.0	0.0	0.0	0.0	0.0	2657480027777836790
2026-07-07T12:02:04.431	1	32.0	21.044	0.0	0.0	0.0	-300000.0	22.617	20.779	-0.286	1013.408	55.701	0.0	0.0	0.0	0.0	0.0	2657480027777836790
2026-07-07T12:02:05.435	1	32.0	21.039	0.0	0.0	0.0	-300000.0	22.609	20.799	-0.105	1013.391	55.69	0.0	0.0	0.0	0.0	0.0	2657480027777836790
2026-07-07T12:02:06.438	1	32.0	21.06	0.0	0.0	0.0	-300000.0	22.617	20.779	-0.296	1013.435	55.701	0.0	0.0	0.0	0.0	0.0	2657480027777836790
2026-07-07T12:02:07.441	1	32.0	21.083	0.0	0.0	0.0	-300000.0	22.609	20.787	-0.115	1013.417	55.677	0.0	0.0	0.0	0.0	0.0	2657480027777836790
2026-07-07T12:02:08.444	1	32.0	21.108	0.0	0.0	0.0	-300000.0	22.609	20.779	-0.075	1013.373	55.677	0.0	0.0	0.0	0.0	0.0	2657480027777836790
2026-07-07T12:02:09.447	1	32.0	21.062	0.0	0.0	0.0	-300000.0	22.609	20.791	-0.246	1013.443	55.677	0.0	0.0	0.0	0.0	0.0	2657480027777836790
2026-07-07T12:02:10.450	1	32.0	21.068	0.0	0.0	0.0	-300000.0	22.609	20.787	-0.306	1013.417	55.678	0.0	0.0	0.0	0.0	0.0	2657480027777836790
2026-07-07T12:02:11.454	1	32.0	21.029	0.0	0.0	0.0	-300000.0	22.617	20.783	-0.135	1013.435	55.69	0.0	0.0	0.0	0.0	0.0	2657480027777836790
2026-07-07T12:02:12.457	1	32.0	21.083	0.0	0.0	0.0	-300000.0	22.609	20.791	-0.145	1013.452	55.677	0.0	0.0	0.0	0.0	0.0	2657480027777836790
2026-07-07T12:02:13.460	1	32.0	21.026	0.0	0.0	0.0	-300000.0	22.617	20.783	-0.065	1013.452	55.677	0.0	0.0	0.0	0.0	0.0	2657480027777836790
2026-07-07T12:02:14.463	1	32.0	21.041	0.0	0.0	0.0	-300000.0	22.617	20.775	0.036	1013.408	55.678	0.0	0.0	0.0	0.0	0.0	2657480027777836790
2026-07-07T12:02:15.467	1	32.0	21.06	0.0	0.0	0.0	-300000.0	22.617	20.783	-0.426	1013.496	55.677	0.0	0.0	0.0	0.0	0.0	2657480027777836790
2026-07-07T12:02:16.469	1	32.0	21.038	0.0	0.0	0.0	-300000.0	22.609	20.787	-0.095	1013.479	55.677	0.0	0.0	0.0	0.0	0.0	2657480027777836790
2026-07-07T12:02:17.473	1	32.0	21.051	0.0	0.0	0.0	-300000.0	22.617	20.775	-0.356	1013.461	55.678	0.0	0.0	0.0	0.0	0.0	2657480027777836790
2026-07-07T12:02:18.476	1	32.0	21.073	0.0	0.0	0.0	-300000.0	22.617	20.779	-0.035	1013.487	55.656	0.0	0.0	0.0	0.0	0.0	2657480027777836790
2026-07-07T12:02:19.480	1	32.0	21.017	0.0	0.0	0.0	-300000.0	22.617	20.771	-0.266	1013.496	55.666	0.0	0.0	0.0	0.0	0.0	2657480027777836790
2026-07-07T12:02:20.482	1	32.0	21.066	0.0	0.0	0.0	-300000.0	22.609	20.807	0.267	1013.461	55.656	0.0	0.0	0.0	0.0	0.0	2657480027777836790
2026-07-07T12:02:21.485	1	32.0	21.07	0.0	0.0	0.0	-300000.0	22.617	20.795	0.036	1013.4	55.666	0.0	0.0	0.0	0.0	0.0	2657480027777836790
2026-07-07T12:02:22.489	1	32.0	21.06	0.0	0.0	0.0	-300000.0	22.617	20.787	-0.175	1013.487	55.666	0.0	0.0	0.0	0.0	0.0	2657480027777836790
2026-07-07T12:02:23.492	1	32.0	21.083	0.0	0.0	0.0	-300000.0	22.609	20.787	-0.155	1013.461	55.656	0.0	0.0	0.0	0.0	0.0	2657480027777836790
2026-07-07T12:02:24.495	1	32.0	21.039	0.0	0.0	0.0	-300000.0	22.617	20.783	-0.185	1013.47	55.666	0.0	0.0	0.0	0.0	0.0	2657480027777836790
2026-07-07T12:02:25.498	1	32.0	21.083	0.0	0.0	0.0	-300000.0	22.609	20.787	-0.416	1013.461	55.644	0.0	0.0	0.0	0.0	0.0	2657480027777836790
2026-07-07T12:02:26.501	1	32.0	21.068	0.0	0.0	0.0	-300000.0	22.617	20.799	-0.014	1013.443	55.643	0.0	0.0	0.0	0.0	0.0	2657480027777836790
2026-07-07T12:02:27.504	1	32.0	21.072	0.0	0.0	0.0	-300000.0	22.617	20.775	-0.125	1013.408	55.654	0.0	0.0	0.0	0.0	0.0	2657480027777836790
2026-07-07T12:02:28.507	1	32.0	21.081	0.0	0.0	0.0	-300000.0	22.617	20.783	-0.035	1013.452	55.643	0.0	0.0	0.0	0.0	0.0	2657480027777836790
2026-07-07T12:02:29.510	1	32.0	21.04	0.0	0.0	0.0	-300000.0	22.609	20.783	-0.406	1013.461	55.666	0.0	0.0	0.0	0.0	0.0	2657480027777836790
2026-07-07T12:02:30.514	1	32.0	21.048	0.0	0.0	0.0	-300000.0	22.609	20.795	-0.406	1013.513	55.656	0.0	0.0	0.0	0.0	0.0	2657480027777836790
2026-07-07T12:02:31.517	1	32.0	21.059	0.0	0.0	0.0	-300000.0	22.617	20.787	0.016	1013.479	55.655	0.0	0.0	0.0	0.0	0.0	2657480027777836790
2026-07-07T12:02:32.520	1	32.0	21.096	0.0	0.0	0.0	-300000.0	22.617	20.787	-0.185	1013.426	55.666	0.0	0.0	0.0	0.0	0.0	2657480027777836790
2026-07-07T12:02:33.523	1	32.0	21.062	0.0	0.0	0.0	-300000.0	22.609	20.791	-0.024	1013.461	55.644	0.0	0.0	0.0	0.0	0.0	2657480027777836790
2026-07-07T12:02:34.526	1	32.0	21.078	0.0	0.0	0.0	-300000.0	22.617	20.787	-0.085	1013.47	55.643	0.0	0.0	0.0	0.0	0.0	2657480027777836790
2026-07-07T12:02:35.529	1	32.0	21.074	0.0	0.0	0.0	-300000.0	22.617	20.799	-0.145	1013.452	55.632	0.0	0.0	0.0	0.0	0.0	2657480027777836790
2026-07-07T12:02:36.532	1	32.0	21.067	0.0	0.0	0.0	-300000.0	22.609	20.791	0.036	1013.505	55.632	0.0	0.0	0.0	0.0	0.0	2657480027777836790
2026-07-07T12:02:37.535	1	32.0	21.038	0.0	0.0	0.0	-300000.0	22.609	20.779	-0.095	1013.435	55.644	0.0	0.0	0.0	0.0	0.0	2657480027777836790
2026-07-07T12:02:38.538	1	32.0	21.067	0.0	0.0	0.0	-300000.0	22.609	20.783	-0.115	1013.461	55.644	0.0	0.0	0.0	0.0	0.0	2657480027777836790
2026-07-07T12:02:39.542	1	32.0	21.078	0.0	0.0	0.0	-300000.0	22.617	20.779	-0.346	1013.443	55.632	0.0	0.0	0.0	0.0	0.0	2657480027777836790
2026-07-07T12:02:40.544	1	32.0	21.099	0.0	0.0	0.0	-300000.0	22.617	20.787	0.006	1013.452	55.643	0.0	0.0	0.0	0.0	0.0	2657480027777836790
2026-07-07T12:02:41.546	1	32.0	21.104	0.0	0.0	0.0	-300000.0	22.609	20.767	-0.306	1013.443	55.666	0.0	0.0	0.0	0.0	0.0	2657480027777836790
2026-07-07T12:02:42.550	1	32.0	21.069	0.0	0.0	0.0	-300000.0	22.609	20.775	0.036	1013.443	55.632	0.0	0.0	0.0	0.0	0.0	2657480027777836790
2026-07-07T12:02:43.553	1	32.0	21.095	0.0	0.0	0.0	-300000.0	22.609	20.775	-0.396	1013.426	55.655	0.0	0.0	0.0	0.0	0.0	2657480027777836790
2026-07-07T12:02:44.556	1	32.0	21.044	0.0	0.0	0.0	-300000.0	22.609	20.791	0.046	1013.443	55.643	0.0	0.0	0.0	0.0	0.0	2657480027777836790
2026-07-07T12:02:45.560	1	32.0	21.043	0.0	0.0	0.0	-300000.0	22.617	20.811	-0.205	1013.479	55.655	0.0	0.0	0.0	0.0	0.0	2657480027777836790
2026-07-07T12:02:46.564	1	32.0	21.068	0.0	0.0	0.0	-300000.0	22.609	20.779	-0.165	1013.47	55.666	0.0	0.0	0.0	0.0	0.0	2657480027777836790
2026-07-07T12:02:47.568	1	32.0	21.067	0.0	0.0	0.0	-300000.0	22.609	20.787	-0.225	1013.408	55.665	0.0	0.0	0.0	0.0	0.0	2657480027777836790
2026-07-07T12:02:48.571	1	32.0	21.051	0.0	0.0	0.0	-300000.0	22.617	20.791	-0.487	1013.461	55.666	0.0	0.0	0.0	0.0	0.0	2657480027777836790
2026-07-07T12:02:49.574	1	32.0	21.089	0.0	0.0	0.0	-300000.0	22.609	20.783	0.036	1013.373	55.655	0.0	0.0	0.0	0.0	0.0	2657480027777836790
2026-07-07T12:02:50.577	1	32.0	21.074	0.0	0.0	0.0	-300000.0	22.617	20.803	0.066	1013.417	55.666	0.0	0.0	0.0	0.0	0.0	2657480027777836790
2026-07-07T12:02:51.580	1	32.0	21.031	0.0	0.0	0.0	-300000.0	22.609	20.787	-0.376	1013.452	55.666	0.0	0.0	0.0	0.0	0.0	2657480027777836790
2026-07-07T12:02:52.584	1	32.0	21.103	0.0	0.0	0.0	-300000.0	22.609	20.791	-0.165	1013.417	55.655	0.0	0.0	0.0	0.0	0.0	2657480027777836790
2026-07-07T12:02:53.587	1	32.0	21.125	0.0	0.0	0.0	-300000.0	22.609	20.803	-0.487	1013.382	55.665	0.0	0.0	0.0	0.0	0.0	2657480027777836790
2026-07-07T12:02:54.590	1	32.0	21.083	0.0	0.0	0.0	-300000.0	22.609	20.807	-0.215	1013.461	55.656	0.0	0.0	0.0	0.0	0.0	2657480027777836790
2026-07-07T12:02:55.593	1	32.0	21.074	0.0	0.0	0.0	-300000.0	22.609	20.795	-0.195	1013.452	55.655	0.0	0.0	0.0	0.0	0.0	2657480027777836790
2026-07-07T12:02:56.597	1	32.0	21.081	0.0	0.0	0.0	-300000.0	22.609	20.811	-0.346	1013.461	55.656	0.0	0.0	0.0	0.0	0.0	2657480027777836790
2026-07-07T12:02:57.601	1	32.0	21.107	0.0	0.0	0.0	-300000.0	22.609	20.799	-0.155	1013.4	55.666	0.0	0.0	0.0	0.0	0.0	2657480027777836790
2026-07-07T12:02:58.604	1	32.0	21.087	0.0	0.0	0.0	-300000.0	22.609	20.803	-0.446	1013.47	55.655	0.0	0.0	0.0	0.0	0.0	2657480027777836790
2026-07-07T12:02:59.607	1	32.0	21.089	0.0	0.0	0.0	-300000.0	22.609	20.791	-0.306	1013.479	55.632	0.0	0.0	0.0	0.0	0.0	2657480027777836790
2026-07-07T12:03:00.611	1	32.0	21.078	0.0	0.0	0.0	-300000.0	22.609	20.779	0.006	1013.479	55.643	0.0	0.0	0.0	0.0	0.0	2657480027777836790
2026-07-07T12:03:01.614	1	32.0	21.058	0.0	0.0	0.0	-300000.0	22.617	20.787	-0.055	1013.426	55.643	0.0	0.0	0.0	0.0	0.0	2657480027777836790
2026-07-07T12:03:02.617	1	32.0	21.067	0.0	0.0	0.0	-300000.0	22.609	20.807	-0.115	1013.461	55.644	0.0	0.0	0.0	0.0	0.0	2657480027777836790
2026-07-07T12:03:03.620	1	32.0	21.112	0.0	0.0	0.0	-300000.0	22.609	20.803	-0.316	1013.452	55.632	0.0	0.0	0.0	0.0	0.0	2657480027777836790
2026-07-07T12:03:04.623	1	32.0	21.054	0.0	0.0	0.0	-300000.0	22.617	20.799	-0.215	1013.417	55.632	0.0	0.0	0.0	0.0	0.0	2657480027777836790
