timestamp	f1_415	f2_445	f3_480	f4_515	f5_555	f6_590	f7_630	f8_680	clear	nir	T	P	RH	Gas	model	mode	gain	atime	astep	led	pwm	led_V
2026-07-09T13:59:02.698	430	904	602	1121	2857	2791	3275	3644	3873	506	26.27	1018.6	54.84	178571	AS7341	flash	5	100	999	10	100.0	0.0
2026-07-09T13:59:04.717	430	905	601	1121	2856	2790	3272	3638	3870	505	26.26	1018.62	54.06	183260	AS7341	flash	5	100	999	10	100.0	0.0
2026-07-09T13:59:06.725	430	906	602	1121	2858	2791	3272	3637	3871	505	26.26	1018.6	53.41	185904	AS7341	flash	5	100	999	10	100.0	0.0
2026-07-09T13:59:08.740	430	907	602	1121	2857	2790	3270	3633	3870	505	26.26	1018.61	52.9	187917	AS7341	flash	5	100	999	10	100.0	0.0
2026-07-09T13:59:10.745	430	907	602	1122	2857	2789	3267	3629	3868	505	26.25	1018.58	52.47	190086	AS7341	flash	5	100	999	10	100.0	0.0
2026-07-09T13:59:12.771	430	907	602	1122	2857	2788	3266	3626	3866	505	26.26	1018.6	52.11	192982	AS7341	flash	5	100	999	10	100.0	0.0
2026-07-09T13:59:14.685	430	907	602	1122	2857	2789	3265	3624	3865	505	26.25	1018.58	51.85	195968	AS7341	flash	5	100	999	10	100.0	0.0
2026-07-09T13:59:16.696	430	908	602	1123	2859	2790	3266	3624	3867	505	26.24	1018.56	51.61	196905	AS7341	flash	5	100	999	10	100.0	0.0
2026-07-09T13:59:18.712	430	907	602	1123	2860	2791	3266	3622	3867	505	26.24	1018.59	51.42	200258	AS7341	flash	5	100	999	10	100.0	0.0
2026-07-09T13:59:20.736	430	908	602	1123	2861	2792	3266	3621	3867	505	26.24	1018.58	51.26	202474	AS7341	flash	5	100	999	10	100.0	0.0
2026-07-09T13:59:22.754	430	908	603	1124	2862	2792	3266	3620	3867	505	26.24	1018.61	51.11	203223	AS7341	flash	5	100	999	10	100.0	0.0
2026-07-09T13:59:24.769	430	908	603	1124	2863	2793	3267	3620	3867	505	26.24	1018.58	50.99	205634	AS7341	flash	5	100	999	10	100.0	0.0
2026-07-09T13:59:26.686	430	908	603	1124	2864	2794	3266	3618	3867	505	26.24	1018.62	50.89	208235	AS7341	flash	5	100	999	10	100.0	0.0
2026-07-09T13:59:28.706	430	908	603	1125	2866	2796	3268	3619	3870	505	26.23	1018.58	50.8	208630	AS7341	flash	5	100	999	10	100.0	0.0
2026-07-09T13:59:30.716	430	908	603	1125	2867	2796	3268	3618	3869	505	26.24	1018.62	50.71	210094	AS7341	flash	5	100	999	10	100.0	0.0
2026-07-09T13:59:32.729	430	908	603	1126	2868	2798	3270	3618	3871	506	26.23	1018.6	50.66	211851	AS7341	flash	5	100	999	10	100.0	0.0
2026-07-09T13:59:34.743	430	908	603	1126	2869	2799	3270	3618	3871	505	26.23	1018.57	50.59	213361	AS7341	flash	5	100	999	10	100.0	0.0
2026-07-09T13:59:36.756	430	908	603	1126	2870	2800	3271	3618	3872	506	26.23	1018.59	50.53	214193	AS7341	flash	5	100	999	10	100.0	0.0
2026-07-09T13:59:38.763	430	908	603	1127	2872	2802	3273	3619	3873	506	26.23	1018.58	50.48	215455	AS7341	flash	5	100	999	10	100.0	0.0
2026-07-09T13:59:40.777	430	907	603	1127	2873	2802	3273	3619	3874	506	26.23	1018.58	50.43	216304	AS7341	flash	5	100	999	10	100.0	0.0
2026-07-09T13:59:42.788	430	907	603	1127	2874	2803	3273	3618	3874	506	26.23	1018.59	50.4	217446	AS7341	flash	5	100	999	10	100.0	0.0
2026-07-09T13:59:44.697	430	907	603	1128	2875	2804	3275	3619	3875	506	26.24	1018.57	50.36	218311	AS7341	flash	5	100	999	10	100.0	0.0
2026-07-09T13:59:46.707	430	907	603	1128	2878	2807	3277	3621	3878	506	26.24	1018.62	50.31	218022	AS7341	flash	5	100	999	10	100.0	0.0
2026-07-09T13:59:48.722	430	907	603	1129	2877	2807	3276	3619	3876	506	26.23	1018.6	50.28	220356	AS7341	flash	5	100	999	10	100.0	0.0
2026-07-09T13:59:50.734	431	907	603	1129	2880	2809	3279	3622	3880	506	26.23	1018.54	50.25	220947	AS7341	flash	5	100	999	10	100.0	0.0
2026-07-09T13:59:52.748	431	907	603	1129	2880	2810	3279	3621	3880	506	26.23	1018.58	50.22	221840	AS7341	flash	5	100	999	10	100.0	0.0
2026-07-09T13:59:54.759	431	907	603	1130	2881	2811	3280	3622	3881	506	26.23	1018.56	50.2	223345	AS7341	flash	5	100	999	10	100.0	0.0
2026-07-09T13:59:56.774	431	907	603	1130	2883	2812	3281	3623	3881	506	26.23	1018.59	50.16	223648	AS7341	flash	5	100	999	10	100.0	0.0
2026-07-09T13:59:58.785	431	907	603	1131	2884	2814	3284	3624	3884	507	26.22	1018.59	50.14	223952	AS7341	flash	5	100	999	10	100.0	0.0
2026-07-09T14:00:00.688	431	907	603	1131	2884	2814	3283	3623	3883	507	26.23	1018.59	50.12	225640	AS7341	flash	5	100	999	10	100.0	0.0
2026-07-09T14:00:02.698	431	906	603	1131	2886	2815	3284	3624	3884	507	26.23	1018.62	50.1	224257	AS7341	flash	5	100	999	10	100.0	0.0
2026-07-09T14:00:04.710	431	907	604	1132	2887	2816	3286	3625	3885	507	26.23	1018.6	50.07	226105	AS7341	flash	5	100	999	10	100.0	0.0
2026-07-09T14:00:06.721	431	907	604	1132	2890	2819	3289	3628	3889	507	26.22	1018.55	50.05	227668	AS7341	flash	5	100	999	10	100.0	0.0
2026-07-09T14:00:08.748	431	906	603	1132	2890	2820	3289	3627	3889	507	26.22	1018.56	50.03	228141	AS7341	flash	5	100	999	10	100.0	0.0
2026-07-09T14:00:10.758	431	906	604	1133	2890	2820	3288	3627	3888	507	26.22	1018.57	50.02	227040	AS7341	flash	5	100	999	10	100.0	0.0
2026-07-09T14:00:12.767	431	906	604	1133	2892	2821	3290	3628	3890	507	26.22	1018.51	50.01	228616	AS7341	flash	5	100	999	10	100.0	0.0
2026-07-09T14:00:14.790	431	906	603	1133	2892	2822	3291	3628	3890	507	26.22	1018.57	49.98	229252	AS7341	flash	5	100	999	10	100.0	0.0
2026-07-09T14:00:16.705	431	906	604	1133	2892	2822	3291	3628	3890	507	26.23	1018.56	49.96	229093	AS7341	flash	5	100	999	10	100.0	0.0
2026-07-09T14:00:18.717	431	906	604	1134	2894	2824	3293	3629	3892	508	26.22	1018.57	49.95	230214	AS7341	flash	5	100	999	10	100.0	0.0
2026-07-09T14:00:20.730	432	906	604	1134	2894	2824	3293	3630	3892	507	26.22	1018.57	49.94	231671	AS7341	flash	5	100	999	10	100.0	0.0
2026-07-09T14:00:22.745	432	906	604	1134	2896	2826	3295	3632	3895	508	26.21	1018.56	49.92	230214	AS7341	flash	5	100	999	10	100.0	0.0
2026-07-09T14:00:24.756	432	906	604	1135	2897	2827	3297	3632	3896	508	26.22	1018.61	49.91	232161	AS7341	flash	5	100	999	10	100.0	0.0
2026-07-09T14:00:26.770	432	905	604	1135	2897	2827	3296	3631	3894	508	26.22	1018.57	49.89	232489	AS7341	flash	5	100	999	10	100.0	0.0
2026-07-09T14:00:28.682	432	906	604	1135	2898	2828	3297	3632	3896	508	26.23	1018.56	49.88	233478	AS7341	flash	5	100	999	10	100.0	0.0
2026-07-09T14:00:30.697	432	905	604	1135	2898	2829	3297	3632	3896	508	26.22	1018.58	49.86	233147	AS7341	flash	5	100	999	10	100.0	0.0
2026-07-09T14:00:32.709	432	905	604	1135	2899	2829	3297	3632	3896	508	26.22	1018.6	49.85	233478	AS7341	flash	5	100	999	10	100.0	0.0
2026-07-09T14:00:34.720	432	905	604	1135	2900	2830	3299	3634	3898	508	26.22	1018.58	49.85	233478	AS7341	flash	5	100	999	10	100.0	0.0
2026-07-09T14:00:36.731	432	905	604	1136	2900	2830	3299	3634	3898	508	26.21	1018.56	49.83	234308	AS7341	flash	5	100	999	10	100.0	0.0
2026-07-09T14:00:38.754	432	905	604	1136	2901	2832	3300	3635	3899	508	26.21	1018.56	49.83	234810	AS7341	flash	5	100	999	10	100.0	0.0
2026-07-09T14:00:40.778	432	905	604	1136	2903	2833	3302	3636	3901	508	26.22	1018.59	49.81	234642	AS7341	flash	5	100	999	10	100.0	0.0
2026-07-09T14:00:42.787	432	905	604	1137	2904	2834	3303	3637	3902	508	26.21	1018.58	49.79	234308	AS7341	flash	5	100	999	10	100.0	0.0
2026-07-09T14:00:44.692	432	905	604	1136	2903	2833	3302	3636	3900	508	26.22	1018.57	49.78	235818	AS7341	flash	5	100	999	10	100.0	0.0
2026-07-09T14:00:46.707	432	905	604	1137	2904	2834	3303	3637	3902	508	26.21	1018.56	49.79	236157	AS7341	flash	5	100	999	10	100.0	0.0
2026-07-09T14:00:48.727	432	905	604	1137	2905	2835	3304	3637	3903	508	26.21	1018.6	49.78	236157	AS7341	flash	5	100	999	10	100.0	0.0
2026-07-09T14:00:50.742	432	904	604	1137	2906	2837	3305	3638	3904	509	26.2	1018.56	49.77	236496	AS7341	flash	5	100	999	10	100.0	0.0
2026-07-09T14:00:52.758	432	905	604	1137	2906	2836	3306	3638	3904	509	26.2	1018.58	49.77	237177	AS7341	flash	5	100	999	10	100.0	0.0
2026-07-09T14:00:54.783	432	905	604	1138	2907	2838	3307	3640	3905	509	26.21	1018.59	49.75	236157	AS7341	flash	5	100	999	10	100.0	0.0
2026-07-09T14:00:56.687	432	904	604	1138	2907	2837	3306	3639	3905	509	26.22	1018.57	49.77	237519	AS7341	flash	5	100	999	10	100.0	0.0
2026-07-09T14:00:58.698	432	904	604	1138	2908	2838	3307	3640	3906	509	26.21	1018.59	49.72	238034	AS7341	flash	5	100	999	10	100.0	0.0
2026-07-09T14:01:00.706	432	904	604	1138	2908	2838	3307	3640	3906	509	26.21	1018.58	49.74	239244	AS7341	flash	5	100	999	10	100.0	0.0
2026-07-09T14:01:02.717	432	904	604	1138	2908	2839	3308	3640	3906	509	26.21	1018.58	49.73	238379	AS7341	flash	5	100	999	10	100.0	0.0
2026-07-09T14:01:04.731	432	904	604	1138	2909	2840	3309	3640	3906	509	26.21	1018.56	49.73	237862	AS7341	flash	5	100	999	10	100.0	0.0
2026-07-09T14:01:06.744	432	904	604	1138	2910	2840	3310	3641	3908	509	26.2	1018.57	49.72	238724	AS7341	flash	5	100	999	10	100.0	0.0
2026-07-09T14:01:08.755	432	904	604	1139	2910	2841	3310	3642	3908	509	26.21	1018.62	49.72	239244	AS7341	flash	5	100	999	10	100.0	0.0
2026-07-09T14:01:10.770	433	904	604	1139	2910	2841	3310	3642	3908	509	26.2	1018.59	49.72	238551	AS7341	flash	5	100	999	10	100.0	0.0
2026-07-09T14:01:12.683	432	904	604	1138	2910	2841	3310	3642	3908	509	26.21	1018.6	49.69	240292	AS7341	flash	5	100	999	10	100.0	0.0
2026-07-09T14:01:14.696	433	904	604	1139	2912	2843	3312	3643	3910	509	26.2	1018.57	49.68	239593	AS7341	flash	5	100	999	10	100.0	0.0
2026-07-09T14:01:16.707	432	904	604	1139	2912	2842	3311	3643	3909	509	26.2	1018.59	49.68	240292	AS7341	flash	5	100	999	10	100.0	0.0
2026-07-09T14:01:18.720	433	904	604	1139	2912	2843	3312	3643	3910	509	26.2	1018.6	49.67	240292	AS7341	flash	5	100	999	10	100.0	0.0
2026-07-09T14:01:20.734	433	904	604	1139	2913	2844	3313	3644	3911	509	26.2	1018.58	49.66	241880	AS7341	flash	5	100	999	10	100.0	0.0
2026-07-09T14:01:22.747	433	904	604	1139	2913	2844	3313	3644	3910	509	26.19	1018.59	49.66	241703	AS7341	flash	5	100	999	10	100.0	0.0
2026-07-09T14:01:24.758	433	904	604	1139	2913	2844	3313	3644	3911	509	26.2	1018.6	49.66	240467	AS7341	flash	5	100	999	10	100.0	0.0
2026-07-09T14:01:26.781	433	904	604	1140	2913	2844	3313	3644	3911	509	26.2	1018.59	49.65	240819	AS7341	flash	5	100	999	10	100.0	0.0
2026-07-09T14:01:28.689	433	903	604	1140	2914	2845	3314	3645	3912	509	26.22	1018.62	49.65	242058	AS7341	flash	5	100	999	10	100.0	0.0
2026-07-09T14:01:30.700	433	904	604	1140	2914	2845	3314	3645	3912	509	26.2	1018.61	49.65	241348	AS7341	flash	5	100	999	10	100.0	0.0
2026-07-09T14:01:32.709	433	903	604	1140	2914	2845	3315	3645	3912	509	26.2	1018.58	49.64	241348	AS7341	flash	5	100	999	10	100.0	0.0
2026-07-09T14:01:34.719	433	903	604	1140	2915	2846	3315	3645	3913	509	26.2	1018.6	49.64	243490	AS7341	flash	5	100	999	10	100.0	0.0
2026-07-09T14:01:36.739	433	904	604	1140	2915	2846	3316	3646	3913	510	26.2	1018.57	49.63	241703	AS7341	flash	5	100	999	10	100.0	0.0
2026-07-09T14:01:38.753	433	903	604	1140	2916	2847	3316	3647	3913	509	26.2	1018.61	49.63	241172	AS7341	flash	5	100	999	10	100.0	0.0
2026-07-09T14:01:40.762	433	903	604	1140	2916	2847	3316	3646	3914	510	26.2	1018.59	49.63	241525	AS7341	flash	5	100	999	10	100.0	0.0
2026-07-09T14:01:42.777	433	903	604	1140	2916	2848	3317	3647	3914	510	26.2	1018.59	49.64	241703	AS7341	flash	5	100	999	10	100.0	0.0
2026-07-09T14:01:44.788	433	903	604	1140	2916	2847	3316	3646	3914	509	26.2	1018.59	49.61	242772	AS7341	flash	5	100	999	10	100.0	0.0
2026-07-09T14:01:46.694	433	903	604	1140	2917	2847	3317	3647	3914	510	26.21	1018.58	49.61	244212	AS7341	flash	5	100	999	10	100.0	0.0
2026-07-09T14:01:48.712	433	903	604	1141	2918	2849	3319	3649	3916	510	26.2	1018.55	49.59	243490	AS7341	flash	5	100	999	10	100.0	0.0
2026-07-09T14:01:50.723	433	903	604	1141	2918	2849	3318	3648	3915	510	26.21	1018.61	49.58	242772	AS7341	flash	5	100	999	10	100.0	0.0
2026-07-09T14:01:52.738	433	903	604	1141	2918	2850	3319	3649	3917	510	26.2	1018.59	49.58	242414	AS7341	flash	5	100	999	10	100.0	0.0
2026-07-09T14:01:54.750	433	903	604	1141	2918	2849	3318	3648	3916	510	26.19	1018.59	49.58	242414	AS7341	flash	5	100	999	10	100.0	0.0
2026-07-09T14:01:56.767	433	903	604	1141	2918	2849	3319	3649	3917	510	26.2	1018.6	49.56	244031	AS7341	flash	5	100	999	10	100.0	0.0
2026-07-09T14:01:58.782	433	903	604	1141	2919	2851	3320	3650	3918	510	26.2	1018.61	49.55	242593	AS7341	flash	5	100	999	10	100.0	0.0
2026-07-09T14:02:00.685	433	903	604	1141	2919	2850	3320	3649	3917	510	26.21	1018.57	49.53	244938	AS7341	flash	5	100	999	10	100.0	0.0
2026-07-09T14:02:02.698	433	903	604	1141	2919	2850	3319	3649	3917	510	26.2	1018.6	49.51	244031	AS7341	flash	5	100	999	10	100.0	0.0
2026-07-09T14:02:04.708	433	903	604	1141	2919	2851	3320	3649	3917	510	26.2	1018.61	49.51	243850	AS7341	flash	5	100	999	10	100.0	0.0
2026-07-09T14:02:06.722	433	903	604	1141	2920	2851	3321	3650	3918	510	26.19	1018.61	49.51	245669	AS7341	flash	5	100	999	10	100.0	0.0
2026-07-09T14:02:08.737	433	903	604	1142	2920	2852	3321	3650	3918	510	26.19	1018.59	49.49	245303	AS7341	flash	5	100	999	10	100.0	0.0
2026-07-09T14:02:10.766	433	903	604	1142	2920	2851	3320	3650	3918	510	26.19	1018.59	49.49	242772	AS7341	flash	5	100	999	10	100.0	0.0
2026-07-09T14:02:12.783	433	903	604	1142	2921	2852	3322	3651	3919	510	26.19	1018.6	49.49	245852	AS7341	flash	5	100	999	10	100.0	0.0
2026-07-09T14:02:14.688	433	903	604	1141	2920	2851	3320	3649	3917	510	26.2	1018.6	49.48	245852	AS7341	flash	5	100	999	10	100.0	0.0
2026-07-09T14:02:16.711	433	903	604	1142	2921	2853	3322	3651	3919	510	26.19	1018.6	49.47	245852	AS7341	flash	5	100	999	10	100.0	0.0
2026-07-09T14:02:18.733	433	903	604	1142	2921	2852	3321	3650	3919	510	26.19	1018.61	49.46	245303	AS7341	flash	5	100	999	10	100.0	0.0
2026-07-09T14:02:20.744	433	903	604	1142	2922	2853	3322	3651	3919	510	26.18	1018.57	49.46	245669	AS7341	flash	5	100	999	10	100.0	0.0
2026-07-09T14:02:22.763	433	903	604	1142	2921	2853	3322	3651	3919	510	26.18	1018.58	49.46	246036	AS7341	flash	5	100	999	10	100.0	0.0
2026-07-09T14:02:24.775	433	903	604	1142	2922	2853	3322	3651	3919	510	26.18	1018.57	49.45	245486	AS7341	flash	5	100	999	10	100.0	0.0
2026-07-09T14:02:26.782	433	903	604	1142	2922	2854	3323	3652	3920	510	26.18	1018.61	49.46	246036	AS7341	flash	5	100	999	10	100.0	0.0
2026-07-09T14:02:28.802	433	903	605	1142	2923	2854	3324	3652	3921	510	26.17	1018.6	49.45	246036	AS7341	flash	5	100	999	10	100.0	0.0
2026-07-09T14:02:30.706	433	903	604	1142	2922	2854	3323	3652	3920	510	26.18	1018.59	49.47	245486	AS7341	flash	5	100	999	10	100.0	0.0
2026-07-09T14:02:32.720	433	903	604	1142	2923	2854	3323	3652	3921	510	26.18	1018.62	49.46	247144	AS7341	flash	5	100	999	10	100.0	0.0
2026-07-09T14:02:34.737	433	903	604	1142	2923	2855	3324	3653	3921	510	26.17	1018.59	49.44	246959	AS7341	flash	5	100	999	10	100.0	0.0
2026-07-09T14:02:36.748	433	902	604	1142	2923	2854	3324	3652	3920	510	26.18	1018.57	49.45	246036	AS7341	flash	5	100	999	10	100.0	0.0
2026-07-09T14:02:38.773	433	903	604	1142	2923	2854	3324	3652	3921	510	26.17	1018.6	49.43	246774	AS7341	flash	5	100	999	10	100.0	0.0
2026-07-09T14:02:40.785	433	902	604	1142	2923	2855	3324	3653	3921	510	26.18	1018.6	49.46	246036	AS7341	flash	5	100	999	10	100.0	0.0
2026-07-09T14:02:42.796	433	902	604	1143	2923	2855	3324	3652	3921	510	26.17	1018.6	49.45	248075	AS7341	flash	5	100	999	10	100.0	0.0
2026-07-09T14:02:44.701	433	902	604	1142	2923	2855	3324	3652	3921	510	26.19	1018.62	49.45	247144	AS7341	flash	5	100	999	10	100.0	0.0
2026-07-09T14:02:46.710	433	903	605	1143	2924	2855	3325	3653	3922	510	26.17	1018.6	49.43	247515	AS7341	flash	5	100	999	10	100.0	0.0
2026-07-09T14:02:48.725	433	902	604	1142	2925	2856	3325	3653	3922	510	26.17	1018.61	49.44	246959	AS7341	flash	5	100	999	10	100.0	0.0
2026-07-09T14:02:50.738	433	902	604	1143	2924	2856	3325	3653	3922	510	26.16	1018.58	49.43	246774	AS7341	flash	5	100	999	10	100.0	0.0
2026-07-09T14:02:52.756	433	902	604	1143	2924	2856	3325	3653	3922	510	26.17	1018.59	49.43	246774	AS7341	flash	5	100	999	10	100.0	0.0
2026-07-09T14:02:54.778	433	903	605	1143	2926	2857	3327	3655	3924	510	26.17	1018.61	49.44	246774	AS7341	flash	5	100	999	10	100.0	0.0
2026-07-09T14:02:56.792	433	902	604	1143	2925	2856	3326	3653	3922	510	26.17	1018.61	49.43	246404	AS7341	flash	5	100	999	10	100.0	0.0
2026-07-09T14:02:58.802	433	902	604	1143	2926	2857	3327	3655	3924	510	26.15	1018.59	49.43	247144	AS7341	flash	5	100	999	10	100.0	0.0
2026-07-09T14:03:00.715	433	902	604	1143	2925	2856	3326	3654	3923	510	26.17	1018.61	49.46	248637	AS7341	flash	5	100	999	10	100.0	0.0
2026-07-09T14:03:02.725	433	902	604	1143	2925	2857	3327	3654	3923	510	26.15	1018.6	49.44	249013	AS7341	flash	5	100	999	10	100.0	0.0
2026-07-09T14:03:04.737	433	903	605	1143	2926	2858	3328	3655	3924	511	26.15	1018.59	49.45	248449	AS7341	flash	5	100	999	10	100.0	0.0
2026-07-09T14:03:06.746	433	902	605	1143	2926	2857	3327	3655	3924	511	26.15	1018.61	49.44	248075	AS7341	flash	5	100	999	10	100.0	0.0
2026-07-09T14:03:08.763	433	902	604	1143	2926	2858	3327	3655	3924	510	26.15	1018.6	49.45	248637	AS7341	flash	5	100	999	10	100.0	0.0
2026-07-09T14:03:10.775	434	902	604	1143	2926	2858	3328	3655	3924	511	26.15	1018.59	49.46	248637	AS7341	flash	5	100	999	10	100.0	0.0
2026-07-09T14:03:12.783	434	903	605	1144	2927	2859	3329	3657	3926	511	26.15	1018.61	49.46	247702	AS7341	flash	5	100	999	10	100.0	0.0
2026-07-09T14:03:14.793	433	902	604	1143	2926	2858	3327	3654	3924	510	26.15	1018.59	49.46	247888	AS7341	flash	5	100	999	10	100.0	0.0
2026-07-09T14:03:16.805	433	902	605	1143	2927	2859	3329	3656	3925	511	26.14	1018.56	49.47	248262	AS7341	flash	5	100	999	10	100.0	0.0
2026-07-09T14:03:18.708	433	902	604	1143	2927	2858	3328	3655	3925	511	26.14	1018.58	49.46	249579	AS7341	flash	5	100	999	10	100.0	0.0
2026-07-09T14:03:20.717	434	902	604	1143	2928	2859	3329	3656	3926	511	26.14	1018.58	49.45	249768	AS7341	flash	5	100	999	10	100.0	0.0
2026-07-09T14:03:22.730	434	903	605	1144	2928	2860	3330	3658	3927	511	26.14	1018.6	49.46	248637	AS7341	flash	5	100	999	10	100.0	0.0
2026-07-09T14:03:24.746	433	902	604	1143	2928	2859	3329	3657	3925	511	26.13	1018.61	49.47	247888	AS7341	flash	5	100	999	10	100.0	0.0
2026-07-09T14:03:26.760	434	902	604	1143	2928	2860	3330	3657	3927	511	26.13	1018.61	49.46	250147	AS7341	flash	5	100	999	10	100.0	0.0
2026-07-09T14:03:28.772	434	902	605	1144	2929	2860	3330	3658	3927	511	26.13	1018.58	49.48	250528	AS7341	flash	5	100	999	10	100.0	0.0
2026-07-09T14:03:30.790	434	902	605	1144	2928	2860	3330	3657	3926	511	26.13	1018.58	49.47	248262	AS7341	flash	5	100	999	10	100.0	0.0
2026-07-09T14:03:32.802	434	902	605	1144	2928	2860	3330	3658	3927	511	26.13	1018.59	49.48	248262	AS7341	flash	5	100	999	10	100.0	0.0
2026-07-09T14:03:34.714	434	902	604	1143	2927	2859	3329	3656	3925	511	26.14	1018.6	49.48	249768	AS7341	flash	5	100	999	10	100.0	0.0
2026-07-09T14:03:36.736	434	902	605	1144	2928	2860	3331	3658	3927	511	26.13	1018.59	49.47	250337	AS7341	flash	5	100	999	10	100.0	0.0
2026-07-09T14:03:38.747	434	902	605	1144	2929	2861	3330	3658	3927	511	26.13	1018.58	49.48	250147	AS7341	flash	5	100	999	10	100.0	0.0
2026-07-09T14:03:40.760	434	902	605	1144	2929	2861	3331	3659	3927	511	26.13	1018.62	49.49	250147	AS7341	flash	5	100	999	10	100.0	0.0
2026-07-09T14:03:42.778	434	902	605	1144	2929	2861	3331	3658	3927	511	26.13	1018.6	49.48	249768	AS7341	flash	5	100	999	10	100.0	0.0
2026-07-09T14:03:44.794	434	902	605	1144	2929	2861	3331	3658	3928	511	26.13	1018.57	49.48	249768	AS7341	flash	5	100	999	10	100.0	0.0
2026-07-09T14:03:46.708	434	902	605	1144	2929	2861	3331	3658	3927	511	26.13	1018.62	49.49	250528	AS7341	flash	5	100	999	10	100.0	0.0
2026-07-09T14:03:48.731	434	902	605	1144	2929	2861	3331	3658	3927	511	26.13	1018.61	49.47	249957	AS7341	flash	5	100	999	10	100.0	0.0
2026-07-09T14:03:50.746	434	902	605	1144	2930	2862	3332	3659	3928	511	26.12	1018.59	49.47	250147	AS7341	flash	5	100	999	10	100.0	0.0
2026-07-09T14:03:52.768	434	902	605	1144	2930	2862	3332	3659	3928	511	26.13	1018.6	49.49	250719	AS7341	flash	5	100	999	10	100.0	0.0
2026-07-09T14:03:54.794	434	902	605	1144	2929	2861	3331	3658	3928	511	26.12	1018.59	49.5	249579	AS7341	flash	5	100	999	10	100.0	0.0
2026-07-09T14:03:56.805	434	902	605	1144	2929	2861	3331	3658	3928	511	26.12	1018.59	49.5	249768	AS7341	flash	5	100	999	10	100.0	0.0
2026-07-09T14:03:58.710	434	902	605	1144	2929	2861	3331	3658	3927	511	26.12	1018.6	49.48	252448	AS7341	flash	5	100	999	10	100.0	0.0
2026-07-09T14:04:00.724	434	902	605	1144	2930	2861	3332	3658	3928	511	26.12	1018.63	49.48	250147	AS7341	flash	5	100	999	10	100.0	0.0
2026-07-09T14:04:02.751	434	902	604	1144	2929	2861	3331	3658	3927	511	26.12	1018.61	49.48	249957	AS7341	flash	5	100	999	10	100.0	0.0
2026-07-09T14:04:04.768	434	902	605	1144	2930	2862	3332	3659	3928	511	26.12	1018.62	49.48	249768	AS7341	flash	5	100	999	10	100.0	0.0
2026-07-09T14:04:06.777	434	902	605	1144	2930	2862	3332	3659	3928	511	26.11	1018.61	49.49	250528	AS7341	flash	5	100	999	10	100.0	0.0
2026-07-09T14:04:08.794	434	902	604	1144	2930	2862	3333	3659	3929	511	26.12	1018.6	49.5	250147	AS7341	flash	5	100	999	10	100.0	0.0
2026-07-09T14:04:10.808	434	902	605	1144	2931	2863	3333	3660	3929	511	26.12	1018.6	49.48	250719	AS7341	flash	5	100	999	10	100.0	0.0
2026-07-09T14:04:12.723	434	902	604	1144	2929	2861	3332	3658	3928	511	26.13	1018.59	49.5	251677	AS7341	flash	5	100	999	10	100.0	0.0
2026-07-09T14:04:14.735	434	902	605	1144	2930	2862	3332	3659	3928	511	26.12	1018.59	49.48	251677	AS7341	flash	5	100	999	10	100.0	0.0
2026-07-09T14:04:16.748	434	902	605	1144	2930	2862	3333	3659	3929	511	26.12	1018.63	49.48	250910	AS7341	flash	5	100	999	10	100.0	0.0
2026-07-09T14:04:18.761	434	902	604	1144	2930	2862	3332	3659	3928	511	26.12	1018.61	49.5	251101	AS7341	flash	5	100	999	10	100.0	0.0
2026-07-09T14:04:20.771	434	902	605	1145	2931	2863	3333	3660	3930	511	26.12	1018.57	49.48	249013	AS7341	flash	5	100	999	10	100.0	0.0
2026-07-09T14:04:22.785	434	902	605	1144	2930	2863	3333	3660	3929	511	26.12	1018.57	49.49	250528	AS7341	flash	5	100	999	10	100.0	0.0
2026-07-09T14:04:24.798	434	902	605	1144	2930	2863	3333	3659	3929	511	26.12	1018.62	49.48	250528	AS7341	flash	5	100	999	10	100.0	0.0
2026-07-09T14:04:26.702	434	902	604	1144	2930	2862	3332	3659	3928	511	26.13	1018.6	49.49	252255	AS7341	flash	5	100	999	10	100.0	0.0
2026-07-09T14:04:28.715	434	902	605	1145	2931	2863	3333	3661	3930	511	26.12	1018.6	49.48	251292	AS7341	flash	5	100	999	10	100.0	0.0
2026-07-09T14:04:30.727	434	902	605	1144	2930	2862	3332	3659	3928	511	26.12	1018.61	49.47	251869	AS7341	flash	5	100	999	10	100.0	0.0
2026-07-09T14:04:32.745	434	902	604	1144	2930	2862	3333	3659	3928	511	26.12	1018.58	49.47	250719	AS7341	flash	5	100	999	10	100.0	0.0
2026-07-09T14:04:34.758	434	902	604	1144	2930	2862	3333	3659	3929	511	26.12	1018.59	49.48	251677	AS7341	flash	5	100	999	10	100.0	0.0
2026-07-09T14:04:36.773	434	902	605	1145	2931	2863	3333	3659	3929	511	26.12	1018.6	49.48	250719	AS7341	flash	5	100	999	10	100.0	0.0
2026-07-09T14:04:38.794	434	902	605	1145	2932	2864	3334	3661	3931	511	26.12	1018.62	49.49	251484	AS7341	flash	5	100	999	10	100.0	0.0
2026-07-09T14:04:40.709	434	902	605	1144	2930	2862	3332	3658	3927	511	26.13	1018.6	49.47	252062	AS7341	flash	5	100	999	10	100.0	0.0
2026-07-09T14:04:42.717	434	902	605	1144	2931	2863	3334	3660	3930	511	26.12	1018.61	49.48	250147	AS7341	flash	5	100	999	10	100.0	0.0
2026-07-09T14:04:44.733	434	902	605	1144	2931	2863	3333	3660	3929	511	26.12	1018.58	49.48	251677	AS7341	flash	5	100	999	10	100.0	0.0
2026-07-09T14:04:46.752	434	902	605	1145	2932	2864	3334	3660	3930	511	26.12	1018.58	49.48	250719	AS7341	flash	5	100	999	10	100.0	0.0
2026-07-09T14:04:48.767	434	902	605	1145	2931	2863	3333	3660	3929	511	26.12	1018.58	49.47	251869	AS7341	flash	5	100	999	10	100.0	0.0
2026-07-09T14:04:50.792	434	902	605	1145	2931	2864	3334	3661	3930	511	26.11	1018.63	49.48	252062	AS7341	flash	5	100	999	10	100.0	0.0
2026-07-09T14:04:52.706	434	902	605	1144	2931	2863	3334	3660	3930	511	26.13	1018.58	49.48	252255	AS7341	flash	5	100	999	10	100.0	0.0
2026-07-09T14:04:54.717	434	902	605	1145	2931	2863	3334	3660	3929	511	26.12	1018.6	49.46	251677	AS7341	flash	5	100	999	10	100.0	0.0
2026-07-09T14:04:56.725	434	902	605	1145	2932	2864	3335	3661	3931	511	26.11	1018.56	49.48	252062	AS7341	flash	5	100	999	10	100.0	0.0
2026-07-09T14:04:58.744	434	902	605	1145	2933	2865	3335	3662	3931	511	26.12	1018.6	49.49	250528	AS7341	flash	5	100	999	10	100.0	0.0
2026-07-09T14:05:00.758	434	902	605	1145	2932	2865	3335	3662	3931	511	26.11	1018.62	49.48	251677	AS7341	flash	5	100	999	10	100.0	0.0
2026-07-09T14:05:02.782	434	902	605	1145	2932	2864	3335	3661	3931	511	26.11	1018.59	49.47	250719	AS7341	flash	5	100	999	10	100.0	0.0
2026-07-09T14:05:04.798	434	902	605	1145	2932	2865	3335	3662	3931	511	26.12	1018.6	49.48	251677	AS7341	flash	5	100	999	10	100.0	0.0
2026-07-09T14:05:06.808	434	902	605	1145	2932	2864	3335	3661	3931	511	26.12	1018.61	49.48	252062	AS7341	flash	5	100	999	10	100.0	0.0
2026-07-09T14:05:08.817	434	902	605	1145	2932	2865	3335	3662	3931	511	26.12	1018.59	49.48	250719	AS7341	flash	5	100	999	10	100.0	0.0
2026-07-09T14:05:10.733	434	902	605	1145	2931	2863	3334	3660	3929	511	26.12	1018.58	49.47	252642	AS7341	flash	5	100	999	10	100.0	0.0
2026-07-09T14:05:12.744	434	902	605	1145	2932	2864	3334	3661	3930	511	26.12	1018.61	49.45	252642	AS7341	flash	5	100	999	10	100.0	0.0
2026-07-09T14:05:14.761	434	902	605	1145	2933	2865	3335	3662	3931	511	26.12	1018.61	49.45	251484	AS7341	flash	5	100	999	10	100.0	0.0
2026-07-09T14:05:16.786	434	902	605	1145	2932	2864	3335	3661	3930	511	26.12	1018.59	49.46	251292	AS7341	flash	5	100	999	10	100.0	0.0
2026-07-09T14:05:18.803	434	902	605	1145	2932	2865	3335	3661	3931	511	26.12	1018.61	49.46	251101	AS7341	flash	5	100	999	10	100.0	0.0
2026-07-09T14:05:20.813	434	902	605	1145	2933	2865	3336	3662	3931	511	26.12	1018.59	49.47	250910	AS7341	flash	5	100	999	10	100.0	0.0
2026-07-09T14:05:22.728	434	902	605	1145	2933	2865	3336	3662	3931	511	26.13	1018.59	49.46	253030	AS7341	flash	5	100	999	10	100.0	0.0
2026-07-09T14:05:24.735	434	902	605	1145	2933	2865	3336	3662	3931	511	26.12	1018.59	49.45	252448	AS7341	flash	5	100	999	10	100.0	0.0
2026-07-09T14:05:26.748	434	902	605	1145	2933	2865	3335	3661	3931	511	26.12	1018.59	49.45	251677	AS7341	flash	5	100	999	10	100.0	0.0
2026-07-09T14:05:28.760	434	902	605	1145	2932	2865	3335	3661	3931	511	26.12	1018.61	49.44	251869	AS7341	flash	5	100	999	10	100.0	0.0
2026-07-09T14:05:30.775	434	902	605	1145	2933	2865	3336	3662	3932	511	26.12	1018.57	49.45	251292	AS7341	flash	5	100	999	10	100.0	0.0
2026-07-09T14:05:32.799	434	902	605	1145	2933	2865	3336	3662	3932	511	26.11	1018.59	49.45	252642	AS7341	flash	5	100	999	10	100.0	0.0
2026-07-09T14:05:34.810	434	902	605	1145	2933	2865	3336	3661	3931	511	26.12	1018.57	49.45	251677	AS7341	flash	5	100	999	10	100.0	0.0
2026-07-09T14:05:36.822	434	902	605	1145	2933	2865	3336	3662	3932	511	26.12	1018.6	49.45	252062	AS7341	flash	5	100	999	10	100.0	0.0
2026-07-09T14:05:38.721	434	902	605	1145	2932	2864	3335	3660	3930	511	26.13	1018.58	49.45	252255	AS7341	flash	5	100	999	10	100.0	0.0
2026-07-09T14:05:40.732	434	902	605	1145	2933	2865	3336	3662	3932	511	26.12	1018.6	49.42	252642	AS7341	flash	5	100	999	10	100.0	0.0
2026-07-09T14:05:42.741	434	902	605	1145	2932	2865	3335	3661	3931	511	26.12	1018.57	49.45	252836	AS7341	flash	5	100	999	10	100.0	0.0
2026-07-09T14:05:44.757	434	902	605	1145	2934	2866	3336	3662	3932	511	26.12	1018.59	49.44	253030	AS7341	flash	5	100	999	10	100.0	0.0
2026-07-09T14:05:46.777	434	902	605	1145	2934	2866	3337	3663	3933	511	26.12	1018.57	49.45	252836	AS7341	flash	5	100	999	10	100.0	0.0
2026-07-09T14:05:48.790	434	902	605	1145	2933	2866	3337	3663	3932	511	26.12	1018.62	49.43	250910	AS7341	flash	5	100	999	10	100.0	0.0
2026-07-09T14:05:50.796	434	902	605	1145	2933	2866	3337	3663	3933	511	26.13	1018.58	49.45	252642	AS7341	flash	5	100	999	10	100.0	0.0
2026-07-09T14:05:52.812	434	902	605	1145	2934	2866	3337	3663	3932	511	26.12	1018.58	49.45	251677	AS7341	flash	5	100	999	10	100.0	0.0
2026-07-09T14:05:54.716	434	902	605	1145	2933	2865	3336	3661	3932	511	26.13	1018.6	49.43	253810	AS7341	flash	5	100	999	10	100.0	0.0
2026-07-09T14:05:56.726	434	902	605	1145	2933	2865	3336	3661	3931	511	26.12	1018.56	49.44	253225	AS7341	flash	5	100	999	10	100.0	0.0
2026-07-09T14:05:58.738	434	902	605	1145	2933	2865	3336	3662	3932	511	26.12	1018.6	49.44	251677	AS7341	flash	5	100	999	10	100.0	0.0
2026-07-09T14:06:00.761	434	902	605	1145	2934	2866	3336	3663	3933	511	26.12	1018.57	49.43	253225	AS7341	flash	5	100	999	10	100.0	0.0
2026-07-09T14:06:02.774	434	902	605	1145	2934	2866	3337	3662	3932	511	26.12	1018.59	49.43	253810	AS7341	flash	5	100	999	10	100.0	0.0
2026-07-09T14:06:04.785	434	902	605	1145	2933	2865	3336	3662	3931	511	26.12	1018.59	49.43	252836	AS7341	flash	5	100	999	10	100.0	0.0
2026-07-09T14:06:06.794	434	902	605	1145	2933	2866	3336	3662	3932	511	26.12	1018.59	49.43	252642	AS7341	flash	5	100	999	10	100.0	0.0
2026-07-09T14:06:08.809	434	902	605	1146	2934	2867	3337	3664	3933	511	26.11	1018.59	49.44	251869	AS7341	flash	5	100	999	10	100.0	0.0
2026-07-09T14:06:10.825	434	902	605	1145	2934	2867	3338	3663	3933	511	26.12	1018.58	49.43	252062	AS7341	flash	5	100	999	10	100.0	0.0
2026-07-09T14:06:12.733	434	902	605	1145	2934	2867	3338	3663	3933	511	26.12	1018.59	49.42	252255	AS7341	flash	5	100	999	10	100.0	0.0
2026-07-09T14:06:14.747	434	902	605	1145	2934	2867	3338	3663	3933	512	26.11	1018.57	49.43	253225	AS7341	flash	5	100	999	10	100.0	0.0
2026-07-09T14:06:16.759	434	902	605	1145	2934	2867	3337	3663	3933	511	26.12	1018.57	49.45	251677	AS7341	flash	5	100	999	10	100.0	0.0
2026-07-09T14:06:18.770	434	902	605	1146	2934	2867	3338	3663	3933	512	26.11	1018.58	49.44	253225	AS7341	flash	5	100	999	10	100.0	0.0
2026-07-09T14:06:20.792	434	902	605	1145	2935	2867	3338	3664	3934	511	26.11	1018.57	49.45	253615	AS7341	flash	5	100	999	10	100.0	0.0
2026-07-09T14:06:22.806	434	902	605	1145	2934	2867	3338	3663	3933	511	26.11	1018.6	49.43	253225	AS7341	flash	5	100	999	10	100.0	0.0
2026-07-09T14:06:24.820	434	902	605	1146	2935	2867	3338	3664	3933	512	26.12	1018.62	49.44	254792	AS7341	flash	5	100	999	10	100.0	0.0
2026-07-09T14:06:26.722	434	902	605	1145	2933	2866	3336	3661	3931	511	26.12	1018.58	49.43	254202	AS7341	flash	5	100	999	10	100.0	0.0
2026-07-09T14:06:28.740	434	902	605	1146	2935	2868	3338	3664	3934	512	26.11	1018.58	49.43	254398	AS7341	flash	5	100	999	10	100.0	0.0
2026-07-09T14:06:30.761	434	902	605	1146	2934	2867	3338	3663	3933	512	26.11	1018.6	49.44	253225	AS7341	flash	5	100	999	10	100.0	0.0
2026-07-09T14:06:32.774	434	902	605	1146	2935	2867	3338	3664	3934	512	26.1	1018.6	49.44	253615	AS7341	flash	5	100	999	10	100.0	0.0
2026-07-09T14:06:34.796	434	902	605	1146	2936	2868	3340	3665	3935	512	26.1	1018.57	49.45	253419	AS7341	flash	5	100	999	10	100.0	0.0
2026-07-09T14:06:36.810	434	902	605	1146	2935	2867	3338	3664	3933	511	26.1	1018.6	49.47	253419	AS7341	flash	5	100	999	10	100.0	0.0
2026-07-09T14:06:38.714	434	902	605	1146	2934	2867	3338	3663	3933	511	26.1	1018.58	49.46	252062	AS7341	flash	5	100	999	10	100.0	0.0
2026-07-09T14:06:40.720	434	902	605	1146	2934	2867	3337	3663	3933	511	26.09	1018.56	49.45	253225	AS7341	flash	5	100	999	10	100.0	0.0
2026-07-09T14:06:42.747	434	903	605	1146	2936	2869	3340	3665	3936	512	26.1	1018.6	49.46	254006	AS7341	flash	5	100	999	10	100.0	0.0
2026-07-09T14:06:44.774	434	902	605	1146	2935	2868	3338	3664	3934	512	26.1	1018.57	49.47	254202	AS7341	flash	5	100	999	10	100.0	0.0
2026-07-09T14:06:46.790	434	902	605	1146	2935	2867	3338	3664	3934	511	26.1	1018.62	49.47	252448	AS7341	flash	5	100	999	10	100.0	0.0
2026-07-09T14:06:48.801	434	902	605	1146	2934	2867	3338	3663	3933	511	26.1	1018.59	49.48	252255	AS7341	flash	5	100	999	10	100.0	0.0
2026-07-09T14:06:50.813	434	902	605	1146	2936	2868	3339	3665	3935	512	26.1	1018.6	49.46	253810	AS7341	flash	5	100	999	10	100.0	0.0
2026-07-09T14:06:52.819	434	902	605	1146	2936	2868	3339	3665	3935	512	26.1	1018.58	49.47	252448	AS7341	flash	5	100	999	10	100.0	0.0
2026-07-09T14:06:54.730	434	902	605	1145	2933	2866	3337	3662	3932	511	26.11	1018.59	49.46	254398	AS7341	flash	5	100	999	10	100.0	0.0
2026-07-09T14:06:56.741	434	902	605	1145	2934	2867	3338	3663	3934	512	26.1	1018.62	49.47	252836	AS7341	flash	5	100	999	10	100.0	0.0
2026-07-09T14:06:58.759	434	902	605	1146	2935	2868	3339	3664	3934	512	26.1	1018.58	49.46	253615	AS7341	flash	5	100	999	10	100.0	0.0
2026-07-09T14:07:00.770	434	902	605	1146	2935	2868	3339	3664	3935	512	26.09	1018.59	49.47	254989	AS7341	flash	5	100	999	10	100.0	0.0
2026-07-09T14:07:02.781	434	902	605	1145	2935	2868	3339	3664	3934	512	26.1	1018.57	49.47	253225	AS7341	flash	5	100	999	10	100.0	0.0
2026-07-09T14:07:04.796	434	902	605	1146	2935	2867	3338	3664	3933	512	26.1	1018.6	49.47	253810	AS7341	flash	5	100	999	10	100.0	0.0
2026-07-09T14:07:06.822	434	902	605	1146	2936	2869	3341	3666	3936	512	26.1	1018.57	49.47	252836	AS7341	flash	5	100	999	10	100.0	0.0
2026-07-09T14:07:08.726	434	902	605	1145	2934	2867	3338	3663	3933	512	26.11	1018.58	49.48	253225	AS7341	flash	5	100	999	10	100.0	0.0
2026-07-09T14:07:10.739	434	902	605	1146	2936	2869	3340	3665	3935	512	26.1	1018.56	49.47	254006	AS7341	flash	5	100	999	10	100.0	0.0
2026-07-09T14:07:12.751	434	902	605	1146	2935	2868	3338	3664	3934	512	26.1	1018.56	49.48	254398	AS7341	flash	5	100	999	10	100.0	0.0
2026-07-09T14:07:14.762	434	902	605	1146	2935	2867	3339	3664	3934	511	26.11	1018.62	49.48	254006	AS7341	flash	5	100	999	10	100.0	0.0
2026-07-09T14:07:16.777	434	902	605	1146	2936	2868	3340	3665	3935	512	26.1	1018.61	49.47	253810	AS7341	flash	5	100	999	10	100.0	0.0
2026-07-09T14:07:18.788	434	902	605	1146	2935	2868	3339	3664	3934	512	26.11	1018.59	49.48	253225	AS7341	flash	5	100	999	10	100.0	0.0
2026-07-09T14:07:20.800	434	902	605	1146	2936	2868	3340	3665	3935	512	26.11	1018.6	49.47	254006	AS7341	flash	5	100	999	10	100.0	0.0
2026-07-09T14:07:22.816	434	902	605	1146	2936	2868	3340	3665	3935	512	26.11	1018.57	49.46	253030	AS7341	flash	5	100	999	10	100.0	0.0
2026-07-09T14:07:24.725	434	902	605	1146	2935	2868	3339	3665	3935	512	26.11	1018.58	49.48	254595	AS7341	flash	5	100	999	10	100.0	0.0
2026-07-09T14:07:26.750	434	902	605	1146	2935	2868	3339	3664	3934	512	26.11	1018.54	49.49	253615	AS7341	flash	5	100	999	10	100.0	0.0
2026-07-09T14:07:28.763	434	902	605	1146	2935	2867	3339	3664	3934	512	26.11	1018.56	49.49	254006	AS7341	flash	5	100	999	10	100.0	0.0
2026-07-09T14:07:30.775	434	902	605	1146	2935	2868	3339	3665	3934	512	26.11	1018.6	49.52	254202	AS7341	flash	5	100	999	10	100.0	0.0
2026-07-09T14:07:32.791	434	902	605	1146	2935	2868	3339	3665	3934	512	26.1	1018.57	49.53	254792	AS7341	flash	5	100	999	10	100.0	0.0
2026-07-09T14:07:34.810	434	902	605	1146	2935	2868	3339	3665	3935	512	26.1	1018.56	49.54	252836	AS7341	flash	5	100	999	10	100.0	0.0
2026-07-09T14:07:36.818	434	902	605	1146	2936	2869	3340	3665	3935	512	26.1	1018.58	49.56	252062	AS7341	flash	5	100	999	10	100.0	0.0
2026-07-09T14:07:38.736	434	902	605	1146	2935	2868	3339	3665	3934	512	26.11	1018.57	49.57	254006	AS7341	flash	5	100	999	10	100.0	0.0
2026-07-09T14:07:40.759	434	902	605	1146	2935	2868	3339	3664	3934	512	26.1	1018.58	49.58	254398	AS7341	flash	5	100	999	10	100.0	0.0
2026-07-09T14:07:42.785	434	902	605	1146	2936	2868	3340	3665	3935	512	26.1	1018.56	49.58	252642	AS7341	flash	5	100	999	10	100.0	0.0
2026-07-09T14:07:44.803	434	902	605	1145	2935	2868	3339	3665	3934	512	26.1	1018.55	49.6	252448	AS7341	flash	5	100	999	10	100.0	0.0
2026-07-09T14:07:46.821	434	902	605	1146	2935	2868	3339	3665	3934	512	26.11	1018.56	49.6	253225	AS7341	flash	5	100	999	10	100.0	0.0
2026-07-09T14:07:48.724	434	902	605	1145	2935	2867	3339	3664	3934	512	26.11	1018.56	49.6	254792	AS7341	flash	5	100	999	10	100.0	0.0
2026-07-09T14:07:50.738	434	902	605	1145	2935	2868	3339	3664	3934	512	26.1	1018.59	49.6	254398	AS7341	flash	5	100	999	10	100.0	0.0
2026-07-09T14:07:52.761	434	902	605	1145	2935	2867	3339	3665	3934	512	26.1	1018.56	49.59	253615	AS7341	flash	5	100	999	10	100.0	0.0
2026-07-09T14:07:54.772	434	902	605	1146	2935	2868	3339	3665	3934	512	26.1	1018.58	49.59	253615	AS7341	flash	5	100	999	10	100.0	0.0
2026-07-09T14:07:56.786	434	902	605	1145	2934	2867	3339	3664	3934	512	26.1	1018.56	49.62	254595	AS7341	flash	5	100	999	10	100.0	0.0
2026-07-09T14:07:58.800	434	902	605	1145	2935	2868	3339	3665	3934	512	26.1	1018.58	49.6	253810	AS7341	flash	5	100	999	10	100.0	0.0
2026-07-09T14:08:00.811	434	902	605	1146	2935	2867	3339	3665	3934	512	26.1	1018.58	49.61	252255	AS7341	flash	5	100	999	10	100.0	0.0
2026-07-09T14:08:02.822	434	902	605	1146	2936	2869	3340	3666	3936	512	26.1	1018.54	49.63	252255	AS7341	flash	5	100	999	10	100.0	0.0
2026-07-09T14:08:04.724	434	902	605	1145	2934	2867	3339	3664	3933	512	26.11	1018.56	49.62	254792	AS7341	flash	5	100	999	10	100.0	0.0
2026-07-09T14:08:06.735	434	902	605	1145	2935	2867	3339	3665	3934	511	26.1	1018.57	49.6	253615	AS7341	flash	5	100	999	10	100.0	0.0
2026-07-09T14:08:08.750	434	902	605	1146	2935	2868	3339	3665	3934	512	26.11	1018.56	49.6	253225	AS7341	flash	5	100	999	10	100.0	0.0
2026-07-09T14:08:10.765	434	902	605	1146	2935	2868	3339	3665	3934	512	26.1	1018.56	49.6	253225	AS7341	flash	5	100	999	10	100.0	0.0
2026-07-09T14:08:12.786	434	902	605	1145	2935	2868	3340	3665	3935	512	26.11	1018.58	49.6	252836	AS7341	flash	5	100	999	10	100.0	0.0
2026-07-09T14:08:14.801	434	902	605	1146	2934	2867	3339	3664	3933	512	26.11	1018.56	49.59	252642	AS7341	flash	5	100	999	10	100.0	0.0
2026-07-09T14:08:16.832	434	902	605	1145	2934	2867	3339	3664	3933	512	26.11	1018.57	49.59	254595	AS7341	flash	5	100	999	10	100.0	0.0
2026-07-09T14:08:18.733	434	901	605	1145	2934	2867	3338	3664	3933	511	26.11	1018.56	49.59	252836	AS7341	flash	5	100	999	10	100.0	0.0
2026-07-09T14:08:20.746	434	902	605	1145	2935	2867	3339	3665	3934	512	26.11	1018.55	49.58	252448	AS7341	flash	5	100	999	10	100.0	0.0
2026-07-09T14:08:22.761	434	902	605	1146	2934	2868	3339	3664	3934	512	26.11	1018.6	49.58	254202	AS7341	flash	5	100	999	10	100.0	0.0
2026-07-09T14:08:24.773	434	902	605	1145	2934	2867	3339	3664	3933	512	26.11	1018.56	49.57	254595	AS7341	flash	5	100	999	10	100.0	0.0
2026-07-09T14:08:26.795	434	902	605	1146	2934	2867	3339	3664	3933	511	26.11	1018.59	49.57	253030	AS7341	flash	5	100	999	10	100.0	0.0
2026-07-09T14:08:28.806	434	902	605	1146	2935	2868	3340	3665	3935	512	26.11	1018.59	49.57	254006	AS7341	flash	5	100	999	10	100.0	0.0
2026-07-09T14:08:30.820	434	902	605	1145	2935	2868	3339	3665	3934	512	26.11	1018.59	49.57	253225	AS7341	flash	5	100	999	10	100.0	0.0
2026-07-09T14:08:32.725	434	902	605	1146	2935	2868	3339	3664	3934	512	26.12	1018.56	49.58	255187	AS7341	flash	5	100	999	10	100.0	0.0
2026-07-09T14:08:34.737	434	902	605	1146	2935	2868	3339	3665	3935	512	26.11	1018.56	49.57	254398	AS7341	flash	5	100	999	10	100.0	0.0
2026-07-09T14:08:36.748	434	902	605	1146	2936	2869	3340	3666	3935	512	26.11	1018.53	49.57	254595	AS7341	flash	5	100	999	10	100.0	0.0
2026-07-09T14:08:38.760	434	902	605	1146	2935	2868	3340	3665	3935	512	26.11	1018.58	49.6	254006	AS7341	flash	5	100	999	10	100.0	0.0
2026-07-09T14:08:40.770	434	902	605	1146	2936	2869	3341	3666	3936	512	26.11	1018.59	49.57	254006	AS7341	flash	5	100	999	10	100.0	0.0
2026-07-09T14:08:42.784	434	902	605	1146	2936	2869	3341	3666	3936	512	26.11	1018.6	49.56	255187	AS7341	flash	5	100	999	10	100.0	0.0
2026-07-09T14:08:44.796	434	902	605	1146	2936	2869	3340	3666	3936	512	26.1	1018.55	49.58	254792	AS7341	flash	5	100	999	10	100.0	0.0
2026-07-09T14:08:46.806	434	902	605	1146	2935	2868	3340	3665	3934	512	26.11	1018.57	49.58	253225	AS7341	flash	5	100	999	10	100.0	0.0
2026-07-09T14:08:48.726	434	902	605	1145	2935	2867	3339	3664	3934	512	26.12	1018.55	49.58	254398	AS7341	flash	5	100	999	10	100.0	0.0
2026-07-09T14:08:50.751	434	902	605	1146	2935	2868	3340	3665	3935	512	26.11	1018.54	49.58	254398	AS7341	flash	5	100	999	10	100.0	0.0
2026-07-09T14:08:52.771	434	902	605	1146	2935	2868	3339	3665	3934	512	26.11	1018.58	49.56	253615	AS7341	flash	5	100	999	10	100.0	0.0
2026-07-09T14:08:54.781	434	902	605	1145	2935	2868	3339	3665	3934	512	26.11	1018.58	49.56	253615	AS7341	flash	5	100	999	10	100.0	0.0
2026-07-09T14:08:56.792	434	902	605	1145	2934	2867	3339	3664	3934	512	26.1	1018.55	49.56	255980	AS7341	flash	5	100	999	10	100.0	0.0
2026-07-09T14:08:58.806	434	902	605	1146	2936	2869	3341	3665	3935	512	26.11	1018.55	49.56	253615	AS7341	flash	5	100	999	10	100.0	0.0
2026-07-09T14:09:00.829	434	902	605	1145	2935	2868	3340	3665	3934	512	26.11	1018.6	49.56	254398	AS7341	flash	5	100	999	10	100.0	0.0
2026-07-09T14:09:02.743	434	902	605	1145	2934	2867	3339	3664	3934	511	26.11	1018.56	49.55	254202	AS7341	flash	5	100	999	10	100.0	0.0
2026-07-09T14:09:04.751	434	902	605	1146	2935	2868	3340	3665	3935	512	26.11	1018.57	49.55	254202	AS7341	flash	5	100	999	10	100.0	0.0
2026-07-09T14:09:06.764	434	902	605	1146	2936	2868	3340	3665	3935	512	26.11	1018.59	49.55	253225	AS7341	flash	5	100	999	10	100.0	0.0
2026-07-09T14:09:08.781	434	902	605	1146	2935	2868	3340	3665	3934	512	26.11	1018.61	49.55	253419	AS7341	flash	5	100	999	10	100.0	0.0
2026-07-09T14:09:10.793	434	902	605	1146	2935	2868	3340	3665	3934	512	26.11	1018.57	49.55	254202	AS7341	flash	5	100	999	10	100.0	0.0
2026-07-09T14:09:12.804	434	902	605	1146	2935	2868	3340	3665	3935	512	26.11	1018.59	49.55	254202	AS7341	flash	5	100	999	10	100.0	0.0
2026-07-09T14:09:14.824	434	902	605	1146	2936	2868	3340	3665	3935	512	26.11	1018.59	49.56	254989	AS7341	flash	5	100	999	10	100.0	0.0
2026-07-09T14:09:16.734	434	902	605	1145	2934	2867	3339	3664	3933	512	26.12	1018.55	49.55	255583	AS7341	flash	5	100	999	10	100.0	0.0
2026-07-09T14:09:18.745	434	902	605	1146	2936	2869	3341	3666	3936	512	26.12	1018.6	49.52	254398	AS7341	flash	5	100	999	10	100.0	0.0
2026-07-09T14:09:20.755	434	902	605	1146	2936	2869	3341	3666	3936	512	26.12	1018.59	49.55	253030	AS7341	flash	5	100	999	10	100.0	0.0
2026-07-09T14:09:22.779	434	902	605	1146	2935	2868	3340	3665	3935	512	26.11	1018.58	49.54	253030	AS7341	flash	5	100	999	10	100.0	0.0
2026-07-09T14:09:24.792	434	902	605	1146	2936	2869	3341	3666	3936	512	26.12	1018.57	49.53	254989	AS7341	flash	5	100	999	10	100.0	0.0
2026-07-09T14:09:26.807	434	902	605	1146	2935	2869	3341	3665	3935	512	26.12	1018.58	49.53	253225	AS7341	flash	5	100	999	10	100.0	0.0
2026-07-09T14:09:28.818	434	902	605	1146	2935	2868	3340	3665	3934	512	26.12	1018.6	49.53	254398	AS7341	flash	5	100	999	10	100.0	0.0
2026-07-09T14:09:30.833	434	902	605	1146	2935	2868	3340	3665	3934	512	26.12	1018.58	49.55	253030	AS7341	flash	5	100	999	10	100.0	0.0
2026-07-09T14:09:32.746	434	902	605	1146	2935	2868	3339	3664	3934	512	26.13	1018.58	49.55	254595	AS7341	flash	5	100	999	10	100.0	0.0
2026-07-09T14:09:34.777	434	902	605	1146	2935	2868	3340	3665	3934	512	26.12	1018.57	49.51	254202	AS7341	flash	5	100	999	10	100.0	0.0
2026-07-09T14:09:36.793	434	902	605	1146	2935	2868	3340	3665	3935	512	26.12	1018.58	49.53	254595	AS7341	flash	5	100	999	10	100.0	0.0
2026-07-09T14:09:38.816	434	902	605	1146	2935	2868	3340	3665	3935	512	26.12	1018.56	49.53	255187	AS7341	flash	5	100	999	10	100.0	0.0
2026-07-09T14:09:40.831	434	902	605	1146	2935	2868	3340	3665	3934	512	26.12	1018.59	49.51	254006	AS7341	flash	5	100	999	10	100.0	0.0
2026-07-09T14:09:42.847	434	902	605	1146	2935	2869	3340	3665	3935	512	26.11	1018.57	49.54	254006	AS7341	flash	5	100	999	10	100.0	0.0
2026-07-09T14:09:44.750	434	902	605	1145	2934	2867	3338	3663	3932	511	26.12	1018.56	49.51	255583	AS7341	flash	5	100	999	10	100.0	0.0
2026-07-09T14:09:46.761	434	902	605	1145	2935	2868	3339	3665	3934	512	26.11	1018.54	49.53	254595	AS7341	flash	5	100	999	10	100.0	0.0
2026-07-09T14:09:48.784	434	902	605	1146	2936	2869	3341	3666	3935	512	26.11	1018.58	49.53	255187	AS7341	flash	5	100	999	10	100.0	0.0
2026-07-09T14:09:50.796	434	902	605	1146	2935	2869	3340	3665	3935	512	26.11	1018.53	49.5	253225	AS7341	flash	5	100	999	10	100.0	0.0
2026-07-09T14:09:52.809	434	902	605	1146	2936	2869	3341	3666	3935	512	26.11	1018.57	49.55	254006	AS7341	flash	5	100	999	10	100.0	0.0
2026-07-09T14:09:54.818	434	902	605	1146	2936	2869	3341	3665	3935	512	26.11	1018.57	49.53	254792	AS7341	flash	5	100	999	10	100.0	0.0
2026-07-09T14:09:56.830	434	902	605	1146	2936	2869	3340	3665	3935	512	26.11	1018.56	49.53	254202	AS7341	flash	5	100	999	10	100.0	0.0
2026-07-09T14:09:58.840	434	902	605	1146	2935	2868	3340	3665	3935	512	26.11	1018.54	49.53	254595	AS7341	flash	5	100	999	10	100.0	0.0
2026-07-09T14:10:00.755	434	902	605	1146	2935	2868	3340	3664	3934	512	26.11	1018.6	49.52	254595	AS7341	flash	5	100	999	10	100.0	0.0
2026-07-09T14:10:02.771	434	902	605	1146	2935	2868	3340	3665	3935	512	26.11	1018.61	49.52	254989	AS7341	flash	5	100	999	10	100.0	0.0
2026-07-09T14:10:04.779	434	902	605	1146	2936	2869	3341	3666	3935	512	26.11	1018.54	49.53	255583	AS7341	flash	5	100	999	10	100.0	0.0
2026-07-09T14:10:06.793	434	902	605	1146	2935	2869	3341	3665	3935	512	26.11	1018.59	49.53	254398	AS7341	flash	5	100	999	10	100.0	0.0
2026-07-09T14:10:08.806	434	902	605	1146	2936	2869	3341	3666	3936	512	26.11	1018.56	49.54	254989	AS7341	flash	5	100	999	10	100.0	0.0
2026-07-09T14:10:10.814	434	902	605	1146	2936	2870	3342	3666	3936	512	26.11	1018.58	49.53	255187	AS7341	flash	5	100	999	10	100.0	0.0
2026-07-09T14:10:12.826	434	902	605	1146	2936	2868	3341	3665	3935	512	26.11	1018.6	49.55	255583	AS7341	flash	5	100	999	10	100.0	0.0
2026-07-09T14:10:14.841	434	902	605	1146	2936	2869	3341	3665	3935	512	26.11	1018.56	49.55	254989	AS7341	flash	5	100	999	10	100.0	0.0
2026-07-09T14:10:16.746	434	902	605	1146	2936	2869	3341	3665	3935	512	26.12	1018.59	49.53	254792	AS7341	flash	5	100	999	10	100.0	0.0
2026-07-09T14:10:18.757	434	902	605	1146	2936	2869	3341	3666	3936	512	26.11	1018.56	49.52	254989	AS7341	flash	5	100	999	10	100.0	0.0
2026-07-09T14:10:20.768	434	902	605	1146	2936	2869	3341	3666	3936	512	26.11	1018.54	49.54	254006	AS7341	flash	5	100	999	10	100.0	0.0
2026-07-09T14:10:22.776	434	902	605	1146	2936	2869	3341	3666	3935	512	26.12	1018.58	49.53	254398	AS7341	flash	5	100	999	10	100.0	0.0
2026-07-09T14:10:24.790	434	902	605	1146	2936	2869	3341	3666	3936	512	26.11	1018.58	49.53	256179	AS7341	flash	5	100	999	10	100.0	0.0
2026-07-09T14:10:26.807	434	902	605	1146	2936	2869	3341	3665	3935	512	26.12	1018.62	49.52	255187	AS7341	flash	5	100	999	10	100.0	0.0
2026-07-09T14:10:28.819	434	902	605	1146	2937	2870	3342	3667	3937	512	26.11	1018.56	49.53	254398	AS7341	flash	5	100	999	10	100.0	0.0
2026-07-09T14:10:30.841	434	902	605	1146	2936	2869	3341	3666	3935	512	26.11	1018.58	49.53	254398	AS7341	flash	5	100	999	10	100.0	0.0
2026-07-09T14:10:32.855	434	902	605	1146	2936	2869	3341	3666	3935	512	26.11	1018.57	49.52	254792	AS7341	flash	5	100	999	10	100.0	0.0
2026-07-09T14:10:34.757	434	902	605	1146	2936	2869	3341	3665	3935	512	26.12	1018.56	49.53	255187	AS7341	flash	5	100	999	10	100.0	0.0
2026-07-09T14:10:36.764	435	902	605	1146	2936	2869	3341	3666	3936	512	26.12	1018.57	49.52	255781	AS7341	flash	5	100	999	10	100.0	0.0
2026-07-09T14:10:38.780	435	903	605	1146	2936	2870	3342	3666	3936	512	26.11	1018.53	49.52	254006	AS7341	flash	5	100	999	10	100.0	0.0
2026-07-09T14:10:40.794	434	902	605	1146	2936	2869	3341	3665	3935	512	26.12	1018.56	49.52	254792	AS7341	flash	5	100	999	10	100.0	0.0
2026-07-09T14:10:42.805	434	902	605	1146	2936	2870	3342	3666	3936	512	26.11	1018.58	49.52	255385	AS7341	flash	5	100	999	10	100.0	0.0
2026-07-09T14:10:44.811	434	902	605	1146	2937	2870	3342	3667	3937	512	26.11	1018.53	49.53	255187	AS7341	flash	5	100	999	10	100.0	0.0
2026-07-09T14:10:46.837	434	902	605	1146	2937	2870	3342	3667	3936	512	26.11	1018.54	49.53	254398	AS7341	flash	5	100	999	10	100.0	0.0
2026-07-09T14:10:48.850	434	902	605	1146	2937	2870	3342	3666	3936	512	26.12	1018.58	49.54	254989	AS7341	flash	5	100	999	10	100.0	0.0
2026-07-09T14:10:50.751	434	902	605	1146	2935	2869	3340	3665	3934	512	26.12	1018.56	49.52	254398	AS7341	flash	5	100	999	10	100.0	0.0
2026-07-09T14:10:52.768	434	902	605	1146	2936	2870	3342	3666	3936	512	26.12	1018.59	49.5	254989	AS7341	flash	5	100	999	10	100.0	0.0
2026-07-09T14:10:54.778	434	902	605	1146	2936	2869	3342	3666	3936	512	26.11	1018.55	49.52	254006	AS7341	flash	5	100	999	10	100.0	0.0
2026-07-09T14:10:56.788	434	902	605	1146	2936	2869	3341	3666	3935	512	26.11	1018.56	49.51	255583	AS7341	flash	5	100	999	10	100.0	0.0
2026-07-09T14:10:58.800	434	902	605	1146	2936	2870	3342	3666	3936	512	26.12	1018.56	49.5	254792	AS7341	flash	5	100	999	10	100.0	0.0
2026-07-09T14:11:00.815	434	902	605	1146	2936	2870	3342	3666	3936	512	26.12	1018.59	49.52	255980	AS7341	flash	5	100	999	10	100.0	0.0
2026-07-09T14:11:02.825	434	902	605	1146	2936	2870	3342	3666	3936	512	26.11	1018.57	49.52	255583	AS7341	flash	5	100	999	10	100.0	0.0
2026-07-09T14:11:04.834	435	902	605	1146	2937	2870	3342	3667	3937	512	26.12	1018.58	49.51	254792	AS7341	flash	5	100	999	10	100.0	0.0
2026-07-09T14:11:06.749	434	902	605	1146	2937	2870	3342	3667	3936	512	26.13	1018.56	49.52	255583	AS7341	flash	5	100	999	10	100.0	0.0
2026-07-09T14:11:08.762	434	902	605	1146	2937	2870	3342	3667	3936	512	26.12	1018.56	49.53	255187	AS7341	flash	5	100	999	10	100.0	0.0
2026-07-09T14:11:10.780	434	902	605	1146	2937	2870	3342	3666	3936	512	26.12	1018.56	49.5	254398	AS7341	flash	5	100	999	10	100.0	0.0
2026-07-09T14:11:12.793	434	902	605	1146	2937	2870	3343	3667	3937	512	26.11	1018.59	49.5	255187	AS7341	flash	5	100	999	10	100.0	0.0
2026-07-09T14:11:14.800	435	902	605	1146	2937	2870	3342	3667	3937	512	26.12	1018.54	49.5	254792	AS7341	flash	5	100	999	10	100.0	0.0
2026-07-09T14:11:16.813	434	902	605	1146	2936	2870	3342	3666	3936	512	26.11	1018.55	49.5	254398	AS7341	flash	5	100	999	10	100.0	0.0
2026-07-09T14:11:18.824	434	903	605	1146	2937	2870	3343	3667	3937	512	26.11	1018.55	49.48	254595	AS7341	flash	5	100	999	10	100.0	0.0
2026-07-09T14:11:20.845	434	902	605	1146	2938	2871	3343	3667	3937	512	26.11	1018.55	49.49	255583	AS7341	flash	5	100	999	10	100.0	0.0
2026-07-09T14:11:22.748	434	902	605	1146	2935	2869	3340	3665	3934	512	26.13	1018.55	49.48	254398	AS7341	flash	5	100	999	10	100.0	0.0
2026-07-09T14:11:24.759	434	902	605	1146	2935	2868	3341	3664	3935	512	26.12	1018.56	49.48	255980	AS7341	flash	5	100	999	10	100.0	0.0
2026-07-09T14:11:26.777	434	902	605	1146	2937	2870	3342	3667	3936	512	26.12	1018.59	49.48	255187	AS7341	flash	5	100	999	10	100.0	0.0
2026-07-09T14:11:28.789	435	902	605	1146	2936	2870	3342	3666	3936	512	26.12	1018.58	49.46	254006	AS7341	flash	5	100	999	10	100.0	0.0
2026-07-09T14:11:30.801	435	902	605	1146	2937	2871	3343	3667	3937	512	26.12	1018.6	49.47	254792	AS7341	flash	5	100	999	10	100.0	0.0
2026-07-09T14:11:32.811	434	902	605	1146	2936	2870	3342	3666	3936	512	26.12	1018.58	49.46	254398	AS7341	flash	5	100	999	10	100.0	0.0
2026-07-09T14:11:34.820	435	902	605	1146	2937	2871	3342	3667	3937	512	26.12	1018.54	49.45	253810	AS7341	flash	5	100	999	10	100.0	0.0
2026-07-09T14:11:36.841	435	902	605	1146	2937	2870	3342	3666	3936	512	26.12	1018.56	49.45	255187	AS7341	flash	5	100	999	10	100.0	0.0
2026-07-09T14:11:38.852	434	902	605	1146	2937	2870	3342	3666	3936	512	26.12	1018.59	49.44	254989	AS7341	flash	5	100	999	10	100.0	0.0
2026-07-09T14:11:40.758	434	902	605	1146	2936	2869	3341	3665	3935	512	26.13	1018.56	49.43	254989	AS7341	flash	5	100	999	10	100.0	0.0
2026-07-09T14:11:42.774	435	902	605	1146	2937	2870	3342	3666	3936	512	26.12	1018.55	49.43	255583	AS7341	flash	5	100	999	10	100.0	0.0
2026-07-09T14:11:44.788	434	902	605	1146	2937	2870	3342	3666	3937	512	26.12	1018.58	49.41	255980	AS7341	flash	5	100	999	10	100.0	0.0
2026-07-09T14:11:46.801	435	902	605	1146	2937	2870	3343	3666	3936	512	26.12	1018.55	49.43	255187	AS7341	flash	5	100	999	10	100.0	0.0
2026-07-09T14:11:48.812	435	903	605	1147	2937	2871	3343	3667	3937	512	26.12	1018.59	49.41	255187	AS7341	flash	5	100	999	10	100.0	0.0
2026-07-09T14:11:50.823	435	902	605	1146	2937	2871	3343	3666	3936	512	26.11	1018.55	49.44	255187	AS7341	flash	5	100	999	10	100.0	0.0
2026-07-09T14:11:52.836	435	903	605	1146	2938	2871	3344	3667	3937	512	26.11	1018.59	49.42	254989	AS7341	flash	5	100	999	10	100.0	0.0
2026-07-09T14:11:54.848	434	902	605	1146	2937	2870	3343	3666	3936	512	26.11	1018.54	49.41	254595	AS7341	flash	5	100	999	10	100.0	0.0
2026-07-09T14:11:56.748	434	902	605	1146	2936	2869	3341	3665	3935	512	26.12	1018.59	49.41	255980	AS7341	flash	5	100	999	10	100.0	0.0
2026-07-09T14:11:58.758	435	903	605	1146	2937	2870	3343	3666	3936	512	26.12	1018.58	49.41	254989	AS7341	flash	5	100	999	10	100.0	0.0
2026-07-09T14:12:00.772	435	902	605	1146	2938	2871	3343	3667	3937	512	26.11	1018.57	49.41	255187	AS7341	flash	5	100	999	10	100.0	0.0
2026-07-09T14:12:02.783	435	902	605	1146	2937	2870	3343	3666	3936	512	26.12	1018.58	49.41	254792	AS7341	flash	5	100	999	10	100.0	0.0
2026-07-09T14:12:04.795	435	902	605	1146	2938	2871	3343	3667	3937	512	26.11	1018.57	49.41	254202	AS7341	flash	5	100	999	10	100.0	0.0
2026-07-09T14:12:06.820	435	903	605	1147	2938	2871	3344	3667	3938	512	26.11	1018.58	49.41	255980	AS7341	flash	5	100	999	10	100.0	0.0
2026-07-09T14:12:08.832	435	903	606	1147	2938	2872	3344	3668	3938	512	26.11	1018.57	49.41	254989	AS7341	flash	5	100	999	10	100.0	0.0
2026-07-09T14:12:10.849	435	902	605	1147	2938	2871	3344	3667	3937	512	26.11	1018.58	49.43	255583	AS7341	flash	5	100	999	10	100.0	0.0
2026-07-09T14:12:12.749	435	903	606	1146	2938	2871	3343	3667	3937	512	26.12	1018.55	49.41	256979	AS7341	flash	5	100	999	10	100.0	0.0
2026-07-09T14:12:14.761	435	903	606	1146	2938	2871	3344	3667	3938	512	26.11	1018.57	49.42	256379	AS7341	flash	5	100	999	10	100.0	0.0
2026-07-09T14:12:16.771	435	902	605	1146	2938	2871	3344	3667	3937	512	26.1	1018.55	49.41	256578	AS7341	flash	5	100	999	10	100.0	0.0
2026-07-09T14:12:18.778	435	903	606	1147	2939	2872	3345	3668	3939	512	26.1	1018.58	49.42	254595	AS7341	flash	5	100	999	10	100.0	0.0
2026-07-09T14:12:20.796	435	903	606	1147	2939	2872	3344	3668	3939	512	26.11	1018.6	49.43	254792	AS7341	flash	5	100	999	10	100.0	0.0
2026-07-09T14:12:22.806	435	903	606	1147	2939	2873	3345	3669	3939	512	26.1	1018.55	49.41	254792	AS7341	flash	5	100	999	10	100.0	0.0
2026-07-09T14:12:24.831	435	903	606	1147	2939	2872	3344	3667	3938	512	26.1	1018.53	49.42	254989	AS7341	flash	5	100	999	10	100.0	0.0
2026-07-09T14:12:26.846	435	903	605	1147	2939	2872	3345	3668	3938	512	26.11	1018.57	49.44	257179	AS7341	flash	5	100	999	10	100.0	0.0
2026-07-09T14:12:28.858	435	903	605	1147	2938	2871	3343	3667	3937	512	26.11	1018.53	49.41	257380	AS7341	flash	5	100	999	10	100.0	0.0
2026-07-09T14:12:30.765	435	902	605	1147	2938	2871	3343	3666	3937	512	26.11	1018.53	49.43	254989	AS7341	flash	5	100	999	10	100.0	0.0
2026-07-09T14:12:32.775	435	903	606	1147	2939	2872	3344	3668	3938	512	26.11	1018.56	49.43	256778	AS7341	flash	5	100	999	10	100.0	0.0
2026-07-09T14:12:34.786	435	902	606	1147	2939	2872	3344	3668	3939	512	26.11	1018.59	49.43	255187	AS7341	flash	5	100	999	10	100.0	0.0
2026-07-09T14:12:36.802	435	902	605	1146	2938	2871	3344	3667	3937	512	26.11	1018.58	49.43	255187	AS7341	flash	5	100	999	10	100.0	0.0
2026-07-09T14:12:38.813	435	903	606	1147	2938	2872	3344	3667	3938	512	26.11	1018.6	49.42	255781	AS7341	flash	5	100	999	10	100.0	0.0
2026-07-09T14:12:40.823	435	902	606	1147	2939	2872	3345	3668	3939	512	26.11	1018.57	49.43	255187	AS7341	flash	5	100	999	10	100.0	0.0
2026-07-09T14:12:42.834	435	902	605	1147	2939	2872	3344	3668	3938	512	26.11	1018.55	49.41	256379	AS7341	flash	5	100	999	10	100.0	0.0
2026-07-09T14:12:44.859	435	903	606	1147	2938	2872	3344	3667	3938	512	26.1	1018.56	49.41	253615	AS7341	flash	5	100	999	10	100.0	0.0
2026-07-09T14:12:46.762	434	902	605	1146	2937	2871	3342	3666	3936	512	26.12	1018.56	49.41	255980	AS7341	flash	5	100	999	10	100.0	0.0
2026-07-09T14:12:48.769	435	902	605	1147	2938	2872	3344	3667	3938	512	26.11	1018.56	49.4	255781	AS7341	flash	5	100	999	10	100.0	0.0
2026-07-09T14:12:50.793	435	902	606	1147	2939	2872	3344	3667	3938	512	26.11	1018.57	49.4	255187	AS7341	flash	5	100	999	10	100.0	0.0
2026-07-09T14:12:52.799	435	902	605	1146	2937	2871	3343	3666	3937	512	26.11	1018.56	49.41	255187	AS7341	flash	5	100	999	10	100.0	0.0
2026-07-09T14:12:54.812	435	903	606	1147	2939	2872	3345	3668	3939	512	26.11	1018.58	49.41	255583	AS7341	flash	5	100	999	10	100.0	0.0
2026-07-09T14:12:56.838	435	903	605	1147	2938	2871	3344	3667	3938	512	26.11	1018.57	49.41	254792	AS7341	flash	5	100	999	10	100.0	0.0
2026-07-09T14:12:58.859	435	902	605	1147	2939	2872	3344	3667	3938	512	26.11	1018.58	49.4	256379	AS7341	flash	5	100	999	10	100.0	0.0
2026-07-09T14:13:00.868	435	903	606	1147	2939	2872	3345	3668	3938	512	26.11	1018.56	49.43	254595	AS7341	flash	5	100	999	10	100.0	0.0
2026-07-09T14:13:02.767	435	902	605	1146	2938	2871	3343	3666	3937	512	26.12	1018.58	49.41	256379	AS7341	flash	5	100	999	10	100.0	0.0
2026-07-09T14:13:04.778	435	902	606	1147	2938	2872	3344	3667	3937	512	26.11	1018.61	49.41	255980	AS7341	flash	5	100	999	10	100.0	0.0
2026-07-09T14:13:06.799	435	902	606	1147	2938	2872	3344	3667	3938	512	26.11	1018.57	49.39	256179	AS7341	flash	5	100	999	10	100.0	0.0
2026-07-09T14:13:08.806	435	902	605	1147	2938	2872	3344	3667	3938	512	26.11	1018.56	49.41	256578	AS7341	flash	5	100	999	10	100.0	0.0
2026-07-09T14:13:10.816	435	902	605	1147	2939	2872	3344	3667	3938	512	26.11	1018.58	49.4	254792	AS7341	flash	5	100	999	10	100.0	0.0
2026-07-09T14:13:12.827	435	902	605	1147	2938	2872	3344	3667	3938	512	26.11	1018.55	49.4	256179	AS7341	flash	5	100	999	10	100.0	0.0
2026-07-09T14:13:14.835	435	903	606	1147	2940	2873	3346	3669	3940	512	26.11	1018.57	49.4	255980	AS7341	flash	5	100	999	10	100.0	0.0
2026-07-09T14:13:16.854	435	903	606	1147	2939	2873	3345	3668	3939	512	26.11	1018.55	49.41	255583	AS7341	flash	5	100	999	10	100.0	0.0
2026-07-09T14:13:18.767	435	902	606	1146	2939	2872	3344	3668	3938	512	26.12	1018.55	49.41	256379	AS7341	flash	5	100	999	10	100.0	0.0
2026-07-09T14:13:20.778	435	903	606	1147	2939	2873	3345	3668	3939	512	26.12	1018.54	49.4	255980	AS7341	flash	5	100	999	10	100.0	0.0
2026-07-09T14:13:22.794	435	902	606	1147	2938	2872	3345	3668	3938	512	26.12	1018.57	49.42	256578	AS7341	flash	5	100	999	10	100.0	0.0
2026-07-09T14:13:24.809	435	902	605	1147	2939	2872	3345	3668	3938	512	26.11	1018.54	49.41	255980	AS7341	flash	5	100	999	10	100.0	0.0
2026-07-09T14:13:26.826	435	902	605	1147	2938	2872	3344	3667	3937	512	26.11	1018.58	49.41	256778	AS7341	flash	5	100	999	10	100.0	0.0
2026-07-09T14:13:28.836	435	903	605	1147	2938	2872	3344	3667	3937	512	26.11	1018.57	49.43	256179	AS7341	flash	5	100	999	10	100.0	0.0
2026-07-09T14:13:30.849	435	902	605	1146	2939	2873	3345	3668	3938	512	26.12	1018.57	49.42	254792	AS7341	flash	5	100	999	10	100.0	0.0
2026-07-09T14:13:32.858	435	902	605	1147	2938	2872	3345	3667	3938	512	26.11	1018.56	49.42	255980	AS7341	flash	5	100	999	10	100.0	0.0
2026-07-09T14:13:34.776	435	902	605	1147	2938	2872	3344	3667	3938	512	26.12	1018.56	49.41	256179	AS7341	flash	5	100	999	10	100.0	0.0
2026-07-09T14:13:36.791	435	903	606	1147	2939	2872	3345	3668	3938	512	26.12	1018.54	49.43	255980	AS7341	flash	5	100	999	10	100.0	0.0
2026-07-09T14:13:38.801	435	903	605	1147	2939	2872	3345	3667	3938	512	26.12	1018.56	49.43	257380	AS7341	flash	5	100	999	10	100.0	0.0
2026-07-09T14:13:40.814	435	902	606	1147	2939	2872	3345	3668	3939	512	26.11	1018.59	49.43	255980	AS7341	flash	5	100	999	10	100.0	0.0
2026-07-09T14:13:42.833	435	903	606	1147	2939	2873	3345	3668	3939	512	26.11	1018.57	49.43	254006	AS7341	flash	5	100	999	10	100.0	0.0
2026-07-09T14:13:44.856	435	903	606	1147	2939	2872	3345	3668	3938	512	26.11	1018.58	49.44	256778	AS7341	flash	5	100	999	10	100.0	0.0
2026-07-09T14:13:46.865	435	903	606	1147	2939	2873	3346	3669	3939	512	26.11	1018.57	49.43	257179	AS7341	flash	5	100	999	10	100.0	0.0
2026-07-09T14:13:48.781	435	903	606	1147	2939	2872	3345	3667	3938	512	26.12	1018.54	49.42	255781	AS7341	flash	5	100	999	10	100.0	0.0
2026-07-09T14:13:50.791	435	903	606	1147	2939	2872	3345	3668	3938	512	26.12	1018.6	49.43	256379	AS7341	flash	5	100	999	10	100.0	0.0
2026-07-09T14:13:52.803	435	903	606	1147	2940	2873	3346	3668	3939	512	26.1	1018.58	49.42	255980	AS7341	flash	5	100	999	10	100.0	0.0
2026-07-09T14:13:54.816	435	903	606	1147	2940	2873	3346	3669	3940	512	26.11	1018.56	49.43	255583	AS7341	flash	5	100	999	10	0.0	0.0
2026-07-09T14:13:56.831	435	902	605	1147	2939	2873	3346	3670	3939	512	26.14	1018.58	49.5	254595	AS7341	flash	5	100	999	10	0.0	0.0
2026-07-09T14:13:58.842	435	903	606	1147	2940	2874	3349	3674	3942	513	26.14	1018.55	49.78	255980	AS7341	flash	5	100	999	10	0.0	0.0
2026-07-09T14:14:00.853	435	902	606	1147	2940	2874	3350	3676	3942	512	26.16	1018.57	50.22	252448	AS7341	flash	5	100	999	10	0.0	0.0
2026-07-09T14:14:02.862	435	902	606	1146	2940	2875	3351	3679	3944	513	26.17	1018.57	50.7	251101	AS7341	flash	5	100	999	10	0.0	0.0
2026-07-09T14:14:04.764	435	902	606	1146	2938	2874	3351	3679	3943	513	26.18	1018.57	51.15	249957	AS7341	flash	5	100	999	10	0.0	0.0
2026-07-09T14:14:06.775	435	902	606	1146	2938	2874	3352	3681	3943	513	26.18	1018.57	51.6	248637	AS7341	flash	5	100	999	10	0.0	0.0
2026-07-09T14:14:08.783	435	902	605	1145	2937	2873	3352	3683	3944	513	26.19	1018.57	52.07	246774	AS7341	flash	5	100	999	10	0.0	0.0
2026-07-09T14:14:10.807	435	902	606	1145	2936	2873	3353	3685	3944	513	26.19	1018.56	52.48	244393	AS7341	flash	5	100	999	10	0.0	0.0
2026-07-09T14:14:12.822	435	901	605	1145	2935	2872	3353	3686	3944	513	26.19	1018.6	52.84	242058	AS7341	flash	5	100	999	10	0.0	0.0
2026-07-09T14:14:14.838	435	902	606	1145	2935	2872	3354	3687	3944	513	26.2	1018.6	53.13	242058	AS7341	flash	5	100	999	10	100.0	0.0
2026-07-09T14:14:16.851	435	902	605	1144	2932	2869	3351	3685	3941	513	26.18	1018.59	53.27	241703	AS7341	flash	5	100	999	10	100.0	0.0
2026-07-09T14:14:18.861	435	902	605	1144	2930	2867	3347	3680	3938	512	26.17	1018.57	52.97	243490	AS7341	flash	5	100	999	10	100.0	0.0
2026-07-09T14:14:20.768	435	902	605	1143	2929	2865	3344	3677	3936	512	26.16	1018.59	52.46	245669	AS7341	flash	5	100	999	10	100.0	0.0
2026-07-09T14:14:22.777	435	903	605	1143	2928	2863	3342	3674	3934	512	26.15	1018.54	51.96	245669	AS7341	flash	5	100	999	10	100.0	0.0
2026-07-09T14:14:24.791	434	903	605	1143	2927	2863	3340	3672	3933	512	26.16	1018.6	51.51	248262	AS7341	flash	5	100	999	10	100.0	0.0
2026-07-09T14:14:26.804	434	903	605	1143	2926	2861	3337	3669	3930	511	26.14	1018.55	51.13	247888	AS7341	flash	5	100	999	10	100.0	0.0
2026-07-09T14:14:28.814	434	903	605	1143	2925	2860	3336	3667	3928	511	26.14	1018.61	50.84	248449	AS7341	flash	5	100	999	10	100.0	0.0
2026-07-09T14:14:30.820	434	903	605	1143	2926	2860	3336	3667	3929	511	26.14	1018.58	50.63	248075	AS7341	flash	5	100	999	10	100.0	0.0
2026-07-09T14:14:32.835	434	904	605	1143	2926	2860	3335	3665	3928	511	26.14	1018.55	50.44	249013	AS7341	flash	5	100	999	10	100.0	0.0
2026-07-09T14:14:34.861	434	904	605	1143	2926	2859	3335	3664	3928	511	26.13	1018.55	50.28	249768	AS7341	flash	5	100	999	10	100.0	0.0
2026-07-09T14:14:36.766	434	904	605	1143	2926	2859	3334	3664	3928	511	26.15	1018.58	50.18	251101	AS7341	flash	5	100	999	10	100.0	0.0
2026-07-09T14:14:38.788	434	904	605	1143	2926	2860	3334	3662	3927	511	26.13	1018.55	50.07	250719	AS7341	flash	5	100	999	10	100.0	0.0
2026-07-09T14:14:40.797	434	904	605	1143	2926	2860	3334	3663	3928	511	26.14	1018.56	50.0	250910	AS7341	flash	5	100	999	10	100.0	0.0
2026-07-09T14:14:42.817	434	904	605	1143	2926	2860	3333	3662	3928	511	26.13	1018.56	49.95	251677	AS7341	flash	5	100	999	10	100.0	0.0
2026-07-09T14:14:44.832	434	904	605	1143	2927	2860	3334	3662	3928	511	26.13	1018.55	49.88	251292	AS7341	flash	5	100	999	10	100.0	0.0
2026-07-09T14:14:46.841	434	904	605	1143	2927	2860	3334	3662	3928	511	26.14	1018.58	49.85	252062	AS7341	flash	5	100	999	10	100.0	0.0
2026-07-09T14:14:48.854	434	904	605	1143	2926	2859	3332	3659	3926	511	26.13	1018.59	49.81	250337	AS7341	flash	5	100	999	10	100.0	0.0
2026-07-09T14:14:50.764	434	904	605	1143	2927	2860	3334	3661	3928	511	26.14	1018.6	49.77	253225	AS7341	flash	5	100	999	10	100.0	0.0
2026-07-09T14:14:52.775	434	904	605	1143	2927	2860	3333	3660	3927	511	26.14	1018.55	49.77	252642	AS7341	flash	5	100	999	10	100.0	0.0
2026-07-09T14:14:54.786	434	904	605	1144	2928	2861	3334	3661	3928	511	26.13	1018.55	49.75	253030	AS7341	flash	5	100	999	10	100.0	0.0
2026-07-09T14:14:56.806	434	904	605	1144	2928	2861	3335	3661	3929	511	26.12	1018.57	49.72	251677	AS7341	flash	5	100	999	10	100.0	0.0
2026-07-09T14:14:58.826	434	904	605	1144	2928	2861	3334	3661	3928	511	26.13	1018.56	49.71	252448	AS7341	flash	5	100	999	10	100.0	0.0
2026-07-09T14:15:00.837	434	904	606	1144	2929	2863	3336	3662	3930	511	26.12	1018.55	49.71	254006	AS7341	flash	5	100	999	10	100.0	0.0
2026-07-09T14:15:02.848	434	904	606	1144	2928	2862	3335	3661	3929	511	26.13	1018.56	49.69	253030	AS7341	flash	5	100	999	10	100.0	0.0
2026-07-09T14:15:04.859	434	904	605	1144	2929	2862	3335	3660	3929	511	26.12	1018.52	49.67	252836	AS7341	flash	5	100	999	10	100.0	0.0
2026-07-09T14:15:06.867	434	903	605	1144	2928	2862	3334	3660	3928	511	26.12	1018.53	49.65	254202	AS7341	flash	5	100	999	10	100.0	0.0
2026-07-09T14:15:08.780	434	904	605	1144	2929	2862	3335	3660	3928	511	26.13	1018.53	49.65	254989	AS7341	flash	5	100	999	10	100.0	0.0
2026-07-09T14:15:10.791	434	904	605	1144	2929	2862	3335	3660	3928	511	26.13	1018.54	49.64	254202	AS7341	flash	5	100	999	10	100.0	0.0
2026-07-09T14:15:12.799	434	904	605	1144	2930	2863	3335	3661	3929	511	26.12	1018.58	49.63	254398	AS7341	flash	5	100	999	10	100.0	0.0
2026-07-09T14:15:14.809	434	903	605	1144	2930	2863	3335	3660	3929	511	26.13	1018.56	49.63	254792	AS7341	flash	5	100	999	10	100.0	0.0
2026-07-09T14:15:16.820	434	904	605	1144	2931	2864	3336	3661	3930	511	26.12	1018.56	49.62	254202	AS7341	flash	5	100	999	10	100.0	0.0
2026-07-09T14:15:18.832	434	904	605	1145	2931	2864	3337	3662	3931	511	26.12	1018.53	49.62	254792	AS7341	flash	5	100	999	10	100.0	0.0
2026-07-09T14:15:20.844	434	904	605	1145	2931	2864	3337	3662	3930	511	26.13	1018.56	49.61	254202	AS7341	flash	5	100	999	10	100.0	0.0
2026-07-09T14:15:22.856	434	903	605	1144	2932	2865	3337	3662	3931	511	26.13	1018.59	49.61	253810	AS7341	flash	5	100	999	10	100.0	0.0
2026-07-09T14:15:24.867	434	904	606	1145	2932	2865	3338	3663	3932	511	26.13	1018.53	49.59	254398	AS7341	flash	5	100	999	10	100.0	0.0
2026-07-09T14:15:26.771	434	903	606	1144	2931	2864	3336	3661	3930	511	26.14	1018.57	49.59	254792	AS7341	flash	5	100	999	10	100.0	0.0
2026-07-09T14:15:28.785	434	904	606	1145	2932	2865	3338	3662	3932	512	26.14	1018.55	49.57	255980	AS7341	flash	5	100	999	10	100.0	0.0
2026-07-09T14:15:30.804	434	904	606	1145	2932	2865	3338	3663	3931	512	26.13	1018.55	49.57	255385	AS7341	flash	5	100	999	10	100.0	0.0
2026-07-09T14:15:32.822	435	904	606	1145	2933	2866	3338	3663	3932	512	26.13	1018.53	49.58	254595	AS7341	flash	5	100	999	10	100.0	0.0
2026-07-09T14:15:34.847	434	904	606	1145	2933	2866	3339	3663	3932	512	26.13	1018.55	49.57	254792	AS7341	flash	5	100	999	10	100.0	0.0
2026-07-09T14:15:36.874	435	904	606	1145	2934	2867	3340	3664	3934	512	26.13	1018.56	49.58	253615	AS7341	flash	5	100	999	10	100.0	0.0
2026-07-09T14:15:38.778	434	903	606	1145	2932	2865	3338	3662	3931	511	26.15	1018.58	49.58	255187	AS7341	flash	5	100	999	10	100.0	0.0
2026-07-09T14:15:40.803	434	903	605	1145	2934	2867	3340	3664	3933	512	26.14	1018.56	49.56	255187	AS7341	flash	5	100	999	10	100.0	0.0
2026-07-09T14:15:42.812	434	904	606	1145	2933	2866	3339	3663	3932	512	26.14	1018.54	49.55	254792	AS7341	flash	5	100	999	10	100.0	0.0
2026-07-09T14:15:44.825	435	904	606	1146	2934	2867	3340	3664	3933	512	26.13	1018.55	49.55	253419	AS7341	flash	5	100	999	10	100.0	0.0
2026-07-09T14:15:46.837	434	904	606	1145	2934	2868	3341	3664	3934	512	26.13	1018.55	49.54	254202	AS7341	flash	5	100	999	10	100.0	0.0
2026-07-09T14:15:48.848	435	904	606	1146	2934	2868	3340	3664	3934	512	26.13	1018.53	49.54	254202	AS7341	flash	5	100	999	10	100.0	0.0
2026-07-09T14:15:50.764	434	903	606	1145	2933	2867	3339	3663	3933	512	26.14	1018.54	49.53	255980	AS7341	flash	5	100	999	10	100.0	0.0
2026-07-09T14:15:52.777	434	903	606	1145	2934	2867	3339	3663	3933	512	26.13	1018.52	49.54	256379	AS7341	flash	5	100	999	10	100.0	0.0
2026-07-09T14:15:54.789	435	904	606	1146	2934	2868	3340	3664	3933	512	26.13	1018.57	49.52	255583	AS7341	flash	5	100	999	10	100.0	0.0
2026-07-09T14:15:56.802	435	904	606	1146	2934	2868	3341	3664	3934	512	26.13	1018.55	49.54	255187	AS7341	flash	5	100	999	10	100.0	0.0
2026-07-09T14:15:58.822	435	904	606	1146	2935	2869	3341	3665	3934	512	26.13	1018.56	49.52	255980	AS7341	flash	5	100	999	10	100.0	0.0
2026-07-09T14:16:00.847	435	904	606	1146	2935	2869	3342	3665	3935	512	26.13	1018.54	49.53	254398	AS7341	flash	5	100	999	10	100.0	0.0
2026-07-09T14:16:02.855	435	904	606	1146	2935	2869	3341	3665	3934	512	26.12	1018.55	49.54	254398	AS7341	flash	5	100	999	10	100.0	0.0
2026-07-09T14:16:04.764	435	904	606	1146	2935	2868	3341	3665	3935	512	26.14	1018.53	49.52	253615	AS7341	flash	5	100	999	10	100.0	0.0
2026-07-09T14:16:06.776	435	904	606	1146	2935	2869	3342	3665	3935	512	26.12	1018.53	49.53	256379	AS7341	flash	5	100	999	10	100.0	0.0
2026-07-09T14:16:08.792	435	904	606	1146	2936	2869	3342	3666	3936	512	26.13	1018.53	49.52	255583	AS7341	flash	5	100	999	10	100.0	0.0
2026-07-09T14:16:10.815	435	904	606	1146	2936	2870	3343	3666	3936	512	26.12	1018.54	49.52	254398	AS7341	flash	5	100	999	10	100.0	0.0
2026-07-09T14:16:12.828	435	904	606	1146	2936	2869	3342	3665	3935	512	26.12	1018.54	49.53	255980	AS7341	flash	5	100	999	10	100.0	0.0
2026-07-09T14:16:14.838	435	903	606	1146	2936	2869	3342	3665	3935	512	26.13	1018.55	49.52	254398	AS7341	flash	5	100	999	10	100.0	0.0
2026-07-09T14:16:16.846	435	903	606	1146	2936	2869	3342	3665	3935	512	26.12	1018.52	49.52	254006	AS7341	flash	5	100	999	10	100.0	0.0
2026-07-09T14:16:18.854	435	903	606	1146	2935	2869	3341	3664	3934	512	26.12	1018.51	49.51	254792	AS7341	flash	5	100	999	10	100.0	0.0
2026-07-09T14:16:20.868	435	903	606	1146	2936	2870	3342	3666	3935	512	26.13	1018.56	49.52	255583	AS7341	flash	5	100	999	10	100.0	0.0
2026-07-09T14:16:22.771	435	903	606	1146	2935	2869	3341	3664	3934	512	26.14	1018.52	49.5	256778	AS7341	flash	5	100	999	10	100.0	0.0
2026-07-09T14:16:24.789	435	903	606	1146	2936	2869	3342	3665	3935	512	26.13	1018.56	49.5	255583	AS7341	flash	5	100	999	10	100.0	0.0
2026-07-09T14:16:26.815	435	904	606	1146	2937	2870	3343	3666	3937	512	26.13	1018.54	49.5	255385	AS7341	flash	5	100	999	10	100.0	0.0
2026-07-09T14:16:28.826	435	903	606	1146	2936	2870	3343	3666	3936	512	26.13	1018.55	49.5	255980	AS7341	flash	5	100	999	10	100.0	0.0
2026-07-09T14:16:30.831	435	904	606	1146	2937	2870	3343	3666	3936	512	26.13	1018.56	49.51	255187	AS7341	flash	5	100	999	10	100.0	0.0
2026-07-09T14:16:32.844	435	903	606	1146	2937	2871	3344	3667	3937	512	26.13	1018.54	49.5	255781	AS7341	flash	5	100	999	10	100.0	0.0
2026-07-09T14:16:34.855	435	903	606	1146	2937	2870	3343	3666	3936	512	26.13	1018.54	49.5	255583	AS7341	flash	5	100	999	10	100.0	0.0
2026-07-09T14:16:36.867	435	903	606	1146	2937	2870	3343	3666	3936	512	26.13	1018.52	49.5	255385	AS7341	flash	5	100	999	10	100.0	0.0
2026-07-09T14:16:38.797	435	903	606	1146	2936	2870	3343	3666	3936	512	26.14	1018.59	49.51	256179	AS7341	flash	5	100	999	10	100.0	0.0
2026-07-09T14:16:40.810	435	903	606	1146	2937	2870	3343	3666	3937	512	26.13	1018.55	49.5	254989	AS7341	flash	5	100	999	10	100.0	0.0
2026-07-09T14:16:42.822	435	903	606	1146	2937	2870	3343	3666	3936	512	26.14	1018.55	49.51	255781	AS7341	flash	5	100	999	10	100.0	0.0
2026-07-09T14:16:44.842	435	904	606	1147	2937	2871	3344	3667	3937	512	26.13	1018.54	49.5	255385	AS7341	flash	5	100	999	10	100.0	0.0
2026-07-09T14:16:46.857	435	903	606	1146	2938	2871	3344	3667	3937	512	26.13	1018.51	49.5	255385	AS7341	flash	5	100	999	10	100.0	0.0
2026-07-09T14:16:48.879	435	904	606	1146	2937	2871	3344	3667	3937	512	26.13	1018.58	49.5	254989	AS7341	flash	5	100	999	10	100.0	0.0
2026-07-09T14:16:50.785	435	903	606	1146	2937	2870	3343	3666	3936	512	26.14	1018.52	49.5	255980	AS7341	flash	5	100	999	10	100.0	0.0
2026-07-09T14:16:52.803	435	903	606	1146	2938	2871	3345	3667	3938	512	26.14	1018.53	49.49	256179	AS7341	flash	5	100	999	10	100.0	0.0
2026-07-09T14:16:54.830	435	903	606	1146	2936	2870	3343	3666	3935	512	26.13	1018.55	49.49	253615	AS7341	flash	5	100	999	10	100.0	0.0
2026-07-09T14:16:56.841	435	903	606	1146	2937	2871	3344	3667	3937	512	26.13	1018.53	49.5	256778	AS7341	flash	5	100	999	10	100.0	0.0
2026-07-09T14:16:58.861	435	903	606	1146	2937	2871	3343	3666	3936	512	26.13	1018.55	49.5	254202	AS7341	flash	5	100	999	10	100.0	0.0
2026-07-09T14:17:00.870	435	903	606	1146	2937	2871	3344	3667	3936	512	26.13	1018.55	49.5	255781	AS7341	flash	5	100	999	10	100.0	0.0
2026-07-09T14:17:02.778	435	903	606	1146	2936	2870	3343	3666	3936	512	26.14	1018.52	49.5	255583	AS7341	flash	5	100	999	10	100.0	0.0
2026-07-09T14:17:04.803	435	903	606	1146	2937	2871	3344	3666	3936	512	26.14	1018.54	49.51	254595	AS7341	flash	5	100	999	10	100.0	0.0
2026-07-09T14:17:06.825	435	903	606	1146	2937	2871	3344	3666	3936	512	26.13	1018.52	49.52	253419	AS7341	flash	5	100	999	10	100.0	0.0
2026-07-09T14:17:08.845	435	903	606	1146	2937	2871	3344	3666	3936	512	26.14	1018.57	49.54	254792	AS7341	flash	5	100	999	10	100.0	0.0
2026-07-09T14:17:10.866	435	903	606	1146	2937	2871	3345	3667	3937	512	26.14	1018.52	49.56	254792	AS7341	flash	5	100	999	10	100.0	0.0
2026-07-09T14:17:12.779	435	903	606	1146	2937	2871	3344	3667	3936	512	26.14	1018.55	49.57	254989	AS7341	flash	5	100	999	10	100.0	0.0
2026-07-09T14:17:14.801	435	903	606	1146	2937	2871	3344	3666	3936	512	26.14	1018.56	49.56	254006	AS7341	flash	5	100	999	10	100.0	0.0
2026-07-09T14:17:16.808	435	903	606	1146	2937	2871	3344	3667	3937	512	26.14	1018.55	49.58	254792	AS7341	flash	5	100	999	10	100.0	0.0
2026-07-09T14:17:18.830	435	904	606	1147	2938	2872	3346	3669	3938	512	26.14	1018.56	49.58	255187	AS7341	flash	5	100	999	10	100.0	0.0
2026-07-09T14:17:20.852	435	904	606	1147	2938	2872	3345	3668	3938	512	26.14	1018.55	49.59	255187	AS7341	flash	5	100	999	10	100.0	0.0
2026-07-09T14:17:22.864	435	903	606	1146	2937	2871	3345	3667	3937	512	26.14	1018.56	49.61	254989	AS7341	flash	5	100	999	10	100.0	0.0
2026-07-09T14:17:24.881	435	903	606	1147	2938	2872	3345	3668	3938	512	26.13	1018.52	49.61	254398	AS7341	flash	5	100	999	10	100.0	0.0
2026-07-09T14:17:26.780	435	903	606	1146	2937	2871	3344	3667	3937	512	26.16	1018.57	49.61	253615	AS7341	flash	5	100	999	10	100.0	0.0
2026-07-09T14:17:28.809	435	903	606	1147	2938	2872	3346	3669	3939	512	26.14	1018.54	49.59	254989	AS7341	flash	5	100	999	10	100.0	0.0
2026-07-09T14:17:30.824	435	903	606	1147	2938	2872	3345	3668	3938	512	26.14	1018.55	49.61	254792	AS7341	flash	5	100	999	10	100.0	0.0
2026-07-09T14:17:32.834	435	903	606	1146	2937	2872	3345	3668	3937	512	26.14	1018.56	49.61	254792	AS7341	flash	5	100	999	10	100.0	0.0
2026-07-09T14:17:34.848	435	903	606	1146	2937	2871	3345	3667	3937	512	26.14	1018.53	49.61	254989	AS7341	flash	5	100	999	10	100.0	0.0
2026-07-09T14:17:36.858	435	903	606	1146	2937	2871	3344	3667	3937	512	26.14	1018.53	49.63	254792	AS7341	flash	5	100	999	10	100.0	0.0
2026-07-09T14:17:38.875	435	903	606	1146	2938	2872	3345	3668	3938	512	26.14	1018.55	49.61	255187	AS7341	flash	5	100	999	10	100.0	0.0
2026-07-09T14:17:40.882	435	903	606	1147	2938	2872	3346	3669	3938	512	26.14	1018.56	49.61	254595	AS7341	flash	5	100	999	10	100.0	0.0
2026-07-09T14:17:42.792	435	903	606	1146	2937	2871	3344	3667	3937	512	26.14	1018.53	49.61	255980	AS7341	flash	5	100	999	10	100.0	0.0
2026-07-09T14:17:44.813	435	903	606	1146	2938	2872	3345	3668	3937	512	26.14	1018.53	49.61	254792	AS7341	flash	5	100	999	10	100.0	0.0
2026-07-09T14:17:46.828	435	903	606	1146	2937	2871	3345	3667	3937	512	26.14	1018.54	49.61	254792	AS7341	flash	5	100	999	10	100.0	0.0
2026-07-09T14:17:48.834	435	903	606	1146	2938	2871	3345	3668	3938	512	26.14	1018.53	49.61	255385	AS7341	flash	5	100	999	10	100.0	0.0
2026-07-09T14:17:50.840	435	903	606	1146	2938	2872	3345	3668	3938	512	26.13	1018.54	49.62	255385	AS7341	flash	5	100	999	10	100.0	0.0
2026-07-09T14:17:52.854	435	903	606	1147	2938	2872	3346	3669	3939	512	26.14	1018.54	49.61	253225	AS7341	flash	5	100	999	10	100.0	0.0
2026-07-09T14:17:54.879	435	904	606	1147	2939	2872	3346	3669	3939	512	26.13	1018.55	49.61	254792	AS7341	flash	5	100	999	10	100.0	0.0
2026-07-09T14:17:56.795	435	904	606	1147	2938	2872	3345	3668	3938	512	26.14	1018.53	49.61	254989	AS7341	flash	5	100	999	10	100.0	0.0
2026-07-09T14:17:58.801	435	904	606	1147	2938	2872	3345	3668	3938	512	26.13	1018.55	49.61	255583	AS7341	flash	5	100	999	10	100.0	0.0
2026-07-09T14:18:00.818	435	903	606	1146	2937	2871	3345	3668	3937	512	26.13	1018.55	49.61	255385	AS7341	flash	5	100	999	10	100.0	0.0
2026-07-09T14:18:02.828	435	903	606	1146	2937	2872	3345	3667	3938	512	26.13	1018.52	49.62	254006	AS7341	flash	5	100	999	10	100.0	0.0
2026-07-09T14:18:04.838	435	904	606	1147	2938	2872	3346	3668	3938	512	26.12	1018.51	49.62	254006	AS7341	flash	5	100	999	10	100.0	0.0
2026-07-09T14:18:06.858	435	904	606	1147	2938	2872	3345	3668	3938	512	26.12	1018.53	49.61	254792	AS7341	flash	5	100	999	10	100.0	0.0
2026-07-09T14:18:08.873	435	903	606	1146	2938	2872	3346	3669	3939	512	26.13	1018.52	49.62	254202	AS7341	flash	5	100	999	10	100.0	0.0
2026-07-09T14:18:10.787	435	903	606	1146	2937	2871	3345	3667	3937	512	26.14	1018.53	49.61	255583	AS7341	flash	5	100	999	10	100.0	0.0
2026-07-09T14:18:12.805	435	903	606	1146	2938	2872	3345	3668	3938	512	26.13	1018.56	49.61	254398	AS7341	flash	5	100	999	10	100.0	0.0
2026-07-09T14:18:14.819	435	904	606	1147	2938	2872	3345	3668	3938	512	26.13	1018.52	49.62	254989	AS7341	flash	5	100	999	10	100.0	0.0
2026-07-09T14:18:16.830	435	903	606	1146	2938	2872	3346	3668	3938	512	26.13	1018.53	49.61	255980	AS7341	flash	5	100	999	10	100.0	0.0
2026-07-09T14:18:18.841	435	904	606	1147	2939	2872	3346	3669	3939	512	26.14	1018.56	49.62	254006	AS7341	flash	5	100	999	10	100.0	0.0
2026-07-09T14:18:20.850	435	903	606	1147	2938	2872	3345	3668	3938	512	26.13	1018.53	49.62	254989	AS7341	flash	5	100	999	10	100.0	0.0
2026-07-09T14:18:22.866	435	903	606	1146	2938	2872	3346	3668	3938	512	26.13	1018.55	49.61	253225	AS7341	flash	5	100	999	10	100.0	0.0
2026-07-09T14:18:24.876	435	904	606	1147	2939	2873	3346	3669	3939	512	26.13	1018.51	49.61	254595	AS7341	flash	5	100	999	10	100.0	0.0
2026-07-09T14:18:26.776	435	903	606	1146	2937	2871	3345	3667	3937	512	26.14	1018.51	49.59	255781	AS7341	flash	5	100	999	10	100.0	0.0
2026-07-09T14:18:28.788	435	903	606	1146	2938	2871	3345	3668	3937	512	26.14	1018.55	49.61	254398	AS7341	flash	5	100	999	10	100.0	0.0
2026-07-09T14:18:30.803	435	904	606	1147	2939	2872	3346	3669	3939	512	26.13	1018.56	49.6	255385	AS7341	flash	5	100	999	10	100.0	0.0
2026-07-09T14:18:32.818	435	903	606	1147	2938	2872	3346	3668	3938	512	26.13	1018.52	49.59	254989	AS7341	flash	5	100	999	10	100.0	0.0
2026-07-09T14:18:34.831	435	903	606	1147	2938	2872	3346	3669	3938	512	26.13	1018.53	49.6	254989	AS7341	flash	5	100	999	10	100.0	0.0
2026-07-09T14:18:36.841	435	904	606	1147	2939	2873	3346	3669	3939	512	26.13	1018.51	49.6	254595	AS7341	flash	5	100	999	10	100.0	0.0
2026-07-09T14:18:38.851	435	904	606	1147	2940	2874	3348	3670	3940	513	26.13	1018.54	49.6	253810	AS7341	flash	5	100	999	10	100.0	0.0
2026-07-09T14:18:40.863	435	904	606	1147	2939	2873	3347	3670	3940	513	26.13	1018.53	49.6	254006	AS7341	flash	5	100	999	10	100.0	0.0
2026-07-09T14:18:42.875	435	904	606	1147	2939	2873	3346	3669	3939	512	26.13	1018.52	49.59	254595	AS7341	flash	5	100	999	10	100.0	0.0
2026-07-09T14:18:44.883	435	904	606	1147	2939	2873	3346	3669	3939	512	26.13	1018.53	49.6	254595	AS7341	flash	5	100	999	10	100.0	0.0
2026-07-09T14:18:46.785	435	903	606	1146	2938	2872	3345	3668	3938	512	26.14	1018.54	49.61	255385	AS7341	flash	5	100	999	10	100.0	0.0
2026-07-09T14:18:48.810	435	904	606	1147	2940	2874	3348	3670	3940	512	26.13	1018.53	49.59	254398	AS7341	flash	5	100	999	10	100.0	0.0
2026-07-09T14:18:50.824	435	904	606	1147	2939	2873	3347	3670	3939	512	26.13	1018.51	49.6	255781	AS7341	flash	5	100	999	10	100.0	0.0
2026-07-09T14:18:52.837	435	904	606	1147	2938	2872	3346	3668	3938	512	26.13	1018.5	49.59	255187	AS7341	flash	5	100	999	10	100.0	0.0
2026-07-09T14:18:54.851	435	903	606	1147	2938	2872	3346	3668	3938	512	26.13	1018.48	49.6	254595	AS7341	flash	5	100	999	10	100.0	0.0
2026-07-09T14:18:56.864	435	904	606	1147	2939	2873	3347	3669	3939	512	26.12	1018.49	49.59	253810	AS7341	flash	5	100	999	10	100.0	0.0
2026-07-09T14:18:58.874	435	904	606	1147	2938	2872	3346	3668	3938	512	26.12	1018.52	49.6	254989	AS7341	flash	5	100	999	10	100.0	0.0
2026-07-09T14:19:00.881	435	904	606	1147	2939	2873	3347	3669	3939	512	26.13	1018.52	49.59	255187	AS7341	flash	5	100	999	10	100.0	0.0
2026-07-09T14:19:02.782	435	903	606	1146	2938	2872	3346	3668	3938	512	26.13	1018.51	49.59	255583	AS7341	flash	5	100	999	10	100.0	0.0
2026-07-09T14:19:04.793	435	904	606	1147	2939	2873	3347	3669	3939	512	26.12	1018.54	49.58	254398	AS7341	flash	5	100	999	10	100.0	0.0
2026-07-09T14:19:06.809	435	904	606	1147	2939	2873	3347	3669	3939	512	26.12	1018.52	49.59	255583	AS7341	flash	5	100	999	10	100.0	0.0
2026-07-09T14:19:08.820	435	904	606	1147	2939	2873	3347	3670	3940	513	26.13	1018.52	49.6	256379	AS7341	flash	5	100	999	10	100.0	0.0
2026-07-09T14:19:10.835	435	903	606	1146	2938	2872	3346	3668	3938	512	26.13	1018.53	49.6	254006	AS7341	flash	5	100	999	10	100.0	0.0
2026-07-09T14:19:12.859	435	903	606	1147	2938	2873	3346	3668	3938	512	26.12	1018.53	49.59	254792	AS7341	flash	5	100	999	10	100.0	0.0
2026-07-09T14:19:14.873	435	904	606	1147	2939	2873	3347	3669	3939	512	26.12	1018.52	49.58	254595	AS7341	flash	5	100	999	10	0.0	0.0
2026-07-09T14:19:16.886	435	903	606	1147	2939	2873	3347	3671	3940	512	26.15	1018.52	49.64	254792	AS7341	flash	5	100	999	10	0.0	0.0
2026-07-09T14:19:18.897	435	903	606	1147	2939	2874	3350	3674	3942	513	26.17	1018.56	49.93	253810	AS7341	flash	5	100	999	10	0.0	0.0
2026-07-09T14:19:20.804	435	903	606	1146	2938	2873	3350	3675	3941	512	26.2	1018.56	50.37	252642	AS7341	flash	5	100	999	10	0.0	0.0
2026-07-09T14:19:22.817	435	903	606	1146	2939	2874	3352	3679	3944	513	26.19	1018.58	50.85	250528	AS7341	flash	5	100	999	10	0.0	0.0
2026-07-09T14:19:24.828	435	903	606	1146	2938	2874	3353	3681	3943	513	26.2	1018.55	51.33	249768	AS7341	flash	5	100	999	10	0.0	0.0
2026-07-09T14:19:26.853	435	903	606	1146	2938	2874	3354	3683	3944	513	26.21	1018.58	51.77	246774	AS7341	flash	5	100	999	10	0.0	0.0
2026-07-09T14:19:28.861	435	903	606	1145	2937	2874	3355	3685	3945	513	26.21	1018.58	52.2	246404	AS7341	flash	5	100	999	10	0.0	0.0
2026-07-09T14:19:30.868	435	902	606	1145	2936	2873	3354	3685	3944	513	26.22	1018.62	52.55	243490	AS7341	flash	5	100	999	10	0.0	0.0
2026-07-09T14:19:32.878	435	902	606	1145	2934	2872	3354	3687	3944	513	26.22	1018.58	52.85	243130	AS7341	flash	5	100	999	10	0.0	0.0
2026-07-09T14:19:34.890	435	902	606	1144	2933	2870	3353	3687	3943	513	26.22	1018.59	53.15	241348	AS7341	flash	5	100	999	10	100.0	0.0
2026-07-09T14:19:36.798	435	902	606	1144	2931	2869	3351	3684	3941	513	26.2	1018.56	53.34	242058	AS7341	flash	5	100	999	10	100.0	0.0
2026-07-09T14:19:38.809	435	903	606	1143	2930	2867	3348	3681	3939	513	26.18	1018.59	53.05	243490	AS7341	flash	5	100	999	10	100.0	0.0
2026-07-09T14:19:40.820	435	903	606	1143	2929	2865	3346	3678	3936	512	26.18	1018.54	52.57	243850	AS7341	flash	5	100	999	10	100.0	0.0
2026-07-09T14:19:42.837	435	903	606	1143	2927	2863	3342	3674	3933	512	26.17	1018.59	52.07	245852	AS7341	flash	5	100	999	10	100.0	0.0
2026-07-09T14:19:44.855	435	904	606	1143	2926	2862	3340	3672	3932	512	26.16	1018.58	51.62	246589	AS7341	flash	5	100	999	10	100.0	0.0
2026-07-09T14:19:46.868	435	904	606	1143	2927	2862	3340	3672	3932	512	26.16	1018.58	51.27	246036	AS7341	flash	5	100	999	10	100.0	0.0
2026-07-09T14:19:48.891	434	904	606	1142	2925	2861	3338	3669	3929	512	26.15	1018.56	50.98	248262	AS7341	flash	5	100	999	10	100.0	0.0
2026-07-09T14:19:50.806	434	904	605	1142	2925	2860	3336	3666	3928	511	26.16	1018.53	50.76	248637	AS7341	flash	5	100	999	10	100.0	0.0
2026-07-09T14:19:52.818	434	905	606	1143	2926	2861	3337	3667	3930	512	26.16	1018.56	50.58	248637	AS7341	flash	5	100	999	10	100.0	0.0
2026-07-09T14:19:54.834	434	905	606	1143	2926	2860	3336	3665	3929	511	26.15	1018.58	50.44	249201	AS7341	flash	5	100	999	10	100.0	0.0
2026-07-09T14:19:56.849	434	905	606	1143	2925	2859	3335	3664	3928	511	26.15	1018.56	50.3	250528	AS7341	flash	5	100	999	10	100.0	0.0
2026-07-09T14:19:58.864	434	904	606	1143	2925	2859	3335	3663	3927	511	26.15	1018.55	50.23	250528	AS7341	flash	5	100	999	10	100.0	0.0
2026-07-09T14:20:00.874	434	905	606	1143	2926	2860	3335	3663	3928	511	26.14	1018.55	50.16	249957	AS7341	flash	5	100	999	10	100.0	0.0
2026-07-09T14:20:02.886	434	905	606	1143	2926	2860	3335	3663	3928	511	26.15	1018.56	50.11	251292	AS7341	flash	5	100	999	10	100.0	0.0
2026-07-09T14:20:04.798	434	905	606	1143	2926	2859	3334	3662	3927	511	26.16	1018.59	50.03	251869	AS7341	flash	5	100	999	10	100.0	0.0
2026-07-09T14:20:06.811	434	905	606	1143	2926	2860	3335	3662	3928	511	26.15	1018.58	49.99	251292	AS7341	flash	5	100	999	10	100.0	0.0
2026-07-09T14:20:08.823	434	905	606	1143	2926	2860	3335	3662	3928	511	26.14	1018.59	49.94	251292	AS7341	flash	5	100	999	10	100.0	0.0
2026-07-09T14:20:10.835	434	904	606	1143	2927	2860	3335	3661	3928	511	26.14	1018.57	49.92	250910	AS7341	flash	5	100	999	10	100.0	0.0
2026-07-09T14:20:12.843	434	905	606	1143	2928	2861	3336	3662	3929	511	26.14	1018.57	49.89	252255	AS7341	flash	5	100	999	10	100.0	0.0
2026-07-09T14:20:14.871	434	905	606	1144	2929	2862	3337	3663	3930	512	26.14	1018.58	49.87	252255	AS7341	flash	5	100	999	10	100.0	0.0
2026-07-09T14:20:16.890	434	905	606	1144	2928	2861	3336	3662	3928	511	26.14	1018.6	49.85	252062	AS7341	flash	5	100	999	10	100.0	0.0
2026-07-09T14:20:18.901	435	905	606	1144	2928	2862	3336	3662	3929	511	26.14	1018.6	49.83	252255	AS7341	flash	5	100	999	10	100.0	0.0
2026-07-09T14:20:20.913	434	905	606	1144	2928	2862	3336	3662	3929	511	26.14	1018.55	49.81	251677	AS7341	flash	5	100	999	10	100.0	0.0
2026-07-09T14:20:22.821	434	904	606	1144	2929	2862	3336	3662	3929	512	26.15	1018.58	49.78	253419	AS7341	flash	5	100	999	10	100.0	0.0
2026-07-09T14:20:24.832	434	905	606	1144	2929	2863	3337	3662	3930	512	26.14	1018.57	49.77	254006	AS7341	flash	5	100	999	10	100.0	0.0
2026-07-09T14:20:26.849	434	904	606	1144	2930	2863	3337	3662	3930	512	26.14	1018.58	49.76	252255	AS7341	flash	5	100	999	10	100.0	0.0
2026-07-09T14:20:28.864	435	905	606	1144	2930	2864	3337	3662	3930	512	26.14	1018.6	49.75	252255	AS7341	flash	5	100	999	10	100.0	0.0
2026-07-09T14:20:30.872	435	905	606	1145	2930	2863	3338	3662	3930	512	26.15	1018.61	49.74	253615	AS7341	flash	5	100	999	10	100.0	0.0
2026-07-09T14:20:32.885	434	905	606	1144	2930	2864	3338	3662	3930	512	26.15	1018.59	49.73	253615	AS7341	flash	5	100	999	10	100.0	0.0
2026-07-09T14:20:34.899	434	904	606	1144	2930	2864	3338	3662	3930	512	26.14	1018.56	49.72	252836	AS7341	flash	5	100	999	10	100.0	0.0
2026-07-09T14:20:36.910	435	905	606	1145	2932	2865	3339	3663	3932	512	26.14	1018.63	49.71	254202	AS7341	flash	5	100	999	10	100.0	0.0
2026-07-09T14:20:38.826	434	904	606	1144	2930	2864	3337	3662	3930	511	26.15	1018.59	49.7	252836	AS7341	flash	5	100	999	10	100.0	0.0
2026-07-09T14:20:40.837	435	905	606	1145	2932	2865	3339	3664	3932	512	26.14	1018.58	49.68	254792	AS7341	flash	5	100	999	10	100.0	0.0
2026-07-09T14:20:42.849	435	905	606	1145	2932	2866	3340	3664	3932	512	26.14	1018.59	49.68	254398	AS7341	flash	5	100	999	10	100.0	0.0
2026-07-09T14:20:44.864	435	905	606	1145	2932	2866	3340	3664	3933	512	26.13	1018.62	49.65	255781	AS7341	flash	5	100	999	10	100.0	0.0
2026-07-09T14:20:46.873	435	905	606	1145	2932	2866	3340	3664	3932	512	26.13	1018.62	49.64	253615	AS7341	flash	5	100	999	10	100.0	0.0
2026-07-09T14:20:48.885	435	904	606	1145	2933	2867	3340	3664	3933	512	26.13	1018.59	49.63	252448	AS7341	flash	5	100	999	10	100.0	0.0
2026-07-09T14:20:50.908	435	904	606	1145	2933	2866	3340	3664	3932	512	26.13	1018.61	49.65	252836	AS7341	flash	5	100	999	10	100.0	0.0
2026-07-09T14:20:52.812	435	904	606	1145	2932	2866	3339	3663	3932	512	26.13	1018.59	49.64	254989	AS7341	flash	5	100	999	10	100.0	0.0
2026-07-09T14:20:54.826	435	905	606	1145	2933	2867	3341	3664	3933	512	26.12	1018.58	49.61	253225	AS7341	flash	5	100	999	10	100.0	0.0
2026-07-09T14:20:56.838	435	905	606	1145	2934	2867	3341	3664	3933	512	26.12	1018.57	49.62	252448	AS7341	flash	5	100	999	10	100.0	0.0
2026-07-09T14:20:58.857	435	905	606	1145	2934	2868	3342	3665	3934	512	26.13	1018.6	49.62	253030	AS7341	flash	5	100	999	10	100.0	0.0
2026-07-09T14:21:00.881	435	905	606	1146	2934	2868	3342	3664	3934	512	26.12	1018.6	49.62	253225	AS7341	flash	5	100	999	10	100.0	0.0
2026-07-09T14:21:02.894	435	905	606	1146	2935	2868	3342	3665	3934	512	26.12	1018.57	49.6	255187	AS7341	flash	5	100	999	10	100.0	0.0
2026-07-09T14:21:04.905	435	905	606	1146	2935	2869	3342	3665	3935	512	26.12	1018.6	49.6	252642	AS7341	flash	5	100	999	10	100.0	0.0
2026-07-09T14:21:06.813	435	904	606	1145	2934	2868	3341	3665	3934	512	26.13	1018.56	49.6	255187	AS7341	flash	5	100	999	10	100.0	0.0
2026-07-09T14:21:08.837	435	904	606	1146	2935	2869	3343	3665	3935	512	26.13	1018.6	49.6	256179	AS7341	flash	5	100	999	10	100.0	0.0
2026-07-09T14:21:10.853	435	905	606	1146	2935	2869	3343	3666	3935	512	26.12	1018.6	49.59	254006	AS7341	flash	5	100	999	10	100.0	0.0
2026-07-09T14:21:12.865	435	904	606	1146	2935	2870	3344	3666	3936	512	26.12	1018.57	49.58	254595	AS7341	flash	5	100	999	10	100.0	0.0
2026-07-09T14:21:14.878	435	904	606	1146	2935	2869	3343	3665	3935	512	26.11	1018.56	49.58	253615	AS7341	flash	5	100	999	10	100.0	0.0
2026-07-09T14:21:16.904	435	904	606	1146	2935	2869	3343	3665	3934	512	26.11	1018.59	49.59	254595	AS7341	flash	5	100	999	10	100.0	0.0
2026-07-09T14:21:18.924	435	904	606	1146	2935	2870	3343	3665	3935	512	26.12	1018.6	49.58	254006	AS7341	flash	5	100	999	10	100.0	0.0
2026-07-09T14:21:20.825	435	904	606	1146	2935	2869	3343	3665	3935	512	26.13	1018.6	49.59	255385	AS7341	flash	5	100	999	10	100.0	0.0
2026-07-09T14:21:22.839	435	904	606	1146	2936	2870	3344	3666	3936	512	26.12	1018.59	49.58	254989	AS7341	flash	5	100	999	10	100.0	0.0
2026-07-09T14:21:24.851	435	904	606	1146	2936	2870	3343	3666	3935	512	26.11	1018.6	49.57	255385	AS7341	flash	5	100	999	10	100.0	0.0
2026-07-09T14:21:26.865	435	904	606	1146	2936	2870	3344	3666	3936	512	26.11	1018.6	49.58	255583	AS7341	flash	5	100	999	10	100.0	0.0
2026-07-09T14:21:28.879	435	904	606	1146	2937	2871	3345	3666	3937	512	26.11	1018.6	49.57	255187	AS7341	flash	5	100	999	10	100.0	0.0
2026-07-09T14:21:30.890	435	904	606	1146	2936	2870	3343	3665	3935	512	26.12	1018.61	49.58	255187	AS7341	flash	5	100	999	10	100.0	0.0
2026-07-09T14:21:32.914	435	904	606	1146	2937	2871	3345	3667	3937	512	26.11	1018.58	49.58	253810	AS7341	flash	5	100	999	10	100.0	0.0
2026-07-09T14:21:34.830	435	904	606	1146	2936	2870	3344	3666	3936	512	26.12	1018.58	49.57	255385	AS7341	flash	5	100	999	10	100.0	0.0
2026-07-09T14:21:36.844	435	904	606	1146	2937	2871	3345	3666	3937	512	26.11	1018.58	49.58	255187	AS7341	flash	5	100	999	10	100.0	0.0
2026-07-09T14:21:38.860	435	904	606	1146	2937	2871	3345	3666	3936	512	26.11	1018.55	49.55	256379	AS7341	flash	5	100	999	10	100.0	0.0
2026-07-09T14:21:40.871	435	904	606	1146	2938	2872	3345	3667	3937	512	26.11	1018.59	49.57	254792	AS7341	flash	5	100	999	10	100.0	0.0
2026-07-09T14:21:42.892	435	904	606	1146	2938	2871	3346	3667	3937	512	26.11	1018.58	49.54	254006	AS7341	flash	5	100	999	10	100.0	0.0
2026-07-09T14:21:44.905	435	904	606	1147	2938	2872	3346	3667	3937	512	26.11	1018.59	49.56	255187	AS7341	flash	5	100	999	10	100.0	0.0
2026-07-09T14:21:46.919	435	904	606	1147	2938	2872	3346	3668	3938	512	26.12	1018.57	49.55	254989	AS7341	flash	5	100	999	10	100.0	0.0
2026-07-09T14:21:48.935	435	904	606	1147	2938	2873	3347	3668	3938	512	26.11	1018.59	49.56	255385	AS7341	flash	5	100	999	10	100.0	0.0
2026-07-09T14:21:50.947	435	904	606	1147	2938	2872	3346	3668	3938	512	26.12	1018.58	49.56	254398	AS7341	flash	5	100	999	10	100.0	0.0
2026-07-09T14:21:52.855	435	904	606	1146	2937	2872	3346	3667	3938	512	26.13	1018.57	49.55	256379	AS7341	flash	5	100	999	10	100.0	0.0
2026-07-09T14:21:54.873	435	904	606	1147	2938	2872	3346	3668	3938	512	26.12	1018.58	49.55	255980	AS7341	flash	5	100	999	10	100.0	0.0
2026-07-09T14:21:56.885	435	904	606	1147	2939	2873	3347	3668	3939	512	26.12	1018.59	49.54	255583	AS7341	flash	5	100	999	10	100.0	0.0
2026-07-09T14:21:58.896	435	904	606	1147	2939	2873	3347	3668	3938	512	26.12	1018.59	49.54	254595	AS7341	flash	5	100	999	10	100.0	0.0
2026-07-09T14:22:00.910	435	904	606	1147	2939	2873	3348	3669	3939	512	26.12	1018.58	49.54	255187	AS7341	flash	5	100	999	10	100.0	0.0
2026-07-09T14:22:02.918	435	904	606	1147	2939	2873	3347	3669	3939	513	26.12	1018.61	49.54	255385	AS7341	flash	5	100	999	10	100.0	0.0
2026-07-09T14:22:04.931	435	904	606	1147	2939	2873	3347	3668	3938	512	26.12	1018.58	49.54	254792	AS7341	flash	5	100	999	10	100.0	0.0
2026-07-09T14:22:06.944	435	904	606	1147	2939	2873	3348	3669	3939	513	26.12	1018.58	49.54	254792	AS7341	flash	5	100	999	10	100.0	0.0
2026-07-09T14:22:08.844	435	904	606	1147	2938	2873	3347	3668	3939	512	26.13	1018.57	49.52	255187	AS7341	flash	5	100	999	10	100.0	0.0
2026-07-09T14:22:10.856	435	904	606	1147	2939	2873	3347	3668	3938	512	26.13	1018.57	49.52	255980	AS7341	flash	5	100	999	10	100.0	0.0
2026-07-09T14:22:12.870	435	904	606	1147	2940	2874	3348	3669	3940	513	26.12	1018.57	49.5	255583	AS7341	flash	5	100	999	10	100.0	0.0
2026-07-09T14:22:14.883	435	904	606	1147	2939	2873	3348	3669	3939	512	26.12	1018.59	49.51	255583	AS7341	flash	5	100	999	10	100.0	0.0
2026-07-09T14:22:16.908	435	904	606	1147	2940	2874	3348	3669	3939	512	26.12	1018.57	49.52	255187	AS7341	flash	5	100	999	10	100.0	0.0
2026-07-09T14:22:18.922	435	904	606	1148	2941	2875	3349	3670	3941	513	26.12	1018.57	49.5	254398	AS7341	flash	5	100	999	10	100.0	0.0
2026-07-09T14:22:20.934	435	905	607	1148	2940	2875	3349	3670	3941	513	26.12	1018.6	49.52	254006	AS7341	flash	5	100	999	10	100.0	0.0
2026-07-09T14:22:22.949	435	904	606	1147	2940	2875	3349	3670	3940	513	26.12	1018.57	49.52	254398	AS7341	flash	5	100	999	10	100.0	0.0
2026-07-09T14:22:24.866	435	904	607	1147	2940	2874	3349	3669	3940	513	26.13	1018.56	49.49	255781	AS7341	flash	5	100	999	10	100.0	0.0
2026-07-09T14:22:26.890	435	904	607	1147	2940	2874	3349	3670	3940	513	26.12	1018.55	49.5	255980	AS7341	flash	5	100	999	10	100.0	0.0
2026-07-09T14:22:28.964	435	904	606	1147	2940	2875	3349	3670	3940	513	26.12	1018.61	49.5	254006	AS7341	flash	5	100	999	10	100.0	0.0
2026-07-09T14:22:30.860	435	904	606	1147	2940	2874	3348	3669	3940	512	26.13	1018.58	49.5	255980	AS7341	flash	5	100	999	10	100.0	0.0
2026-07-09T14:22:32.873	435	904	607	1147	2940	2875	3349	3670	3940	513	26.12	1018.55	49.51	255980	AS7341	flash	5	100	999	10	100.0	0.0
2026-07-09T14:22:34.896	435	904	606	1147	2941	2875	3350	3671	3942	513	26.13	1018.53	49.5	255980	AS7341	flash	5	100	999	10	100.0	0.0
2026-07-09T14:22:36.927	435	904	607	1148	2940	2875	3350	3671	3941	513	26.13	1018.54	49.5	254595	AS7341	flash	5	100	999	10	100.0	0.0
2026-07-09T14:22:38.945	435	904	607	1147	2941	2875	3349	3670	3941	513	26.13	1018.6	49.51	255187	AS7341	flash	5	100	999	10	100.0	0.0
2026-07-09T14:22:40.858	435	904	607	1147	2940	2874	3349	3670	3940	512	26.14	1018.56	49.49	253615	AS7341	flash	5	100	999	10	100.0	0.0
2026-07-09T14:22:42.867	435	904	606	1147	2941	2875	3349	3670	3940	513	26.12	1018.56	49.49	255781	AS7341	flash	5	100	999	10	100.0	0.0
2026-07-09T14:22:44.880	435	904	607	1148	2941	2875	3349	3670	3940	513	26.13	1018.59	49.5	255583	AS7341	flash	5	100	999	10	100.0	0.0
2026-07-09T14:22:46.902	435	904	606	1148	2942	2876	3351	3672	3942	513	26.12	1018.57	49.48	256179	AS7341	flash	5	100	999	10	100.0	0.0
2026-07-09T14:22:48.910	435	904	606	1147	2941	2875	3349	3670	3941	513	26.12	1018.57	49.49	254595	AS7341	flash	5	100	999	10	100.0	0.0
2026-07-09T14:22:50.921	435	904	607	1148	2942	2875	3350	3671	3942	513	26.12	1018.57	49.5	255781	AS7341	flash	5	100	999	10	100.0	0.0
2026-07-09T14:22:52.936	435	904	607	1148	2942	2877	3351	3672	3943	513	26.12	1018.57	49.5	255187	AS7341	flash	5	100	999	10	100.0	0.0
2026-07-09T14:22:54.946	435	904	607	1148	2941	2876	3350	3671	3941	513	26.11	1018.58	49.5	256578	AS7341	flash	5	100	999	10	100.0	0.0
2026-07-09T14:22:56.960	435	904	607	1148	2942	2876	3351	3672	3942	513	26.12	1018.53	49.52	255583	AS7341	flash	5	100	999	10	100.0	0.0
2026-07-09T14:22:58.866	435	904	607	1147	2941	2876	3350	3671	3942	513	26.12	1018.56	49.51	256778	AS7341	flash	5	100	999	10	100.0	0.0
2026-07-09T14:23:00.879	435	904	607	1148	2941	2876	3350	3671	3942	513	26.12	1018.54	49.5	255187	AS7341	flash	5	100	999	10	100.0	0.0
2026-07-09T14:23:02.905	435	904	607	1148	2942	2876	3351	3671	3942	513	26.11	1018.56	49.5	256578	AS7341	flash	5	100	999	10	100.0	0.0
2026-07-09T14:23:04.917	435	904	607	1148	2942	2877	3351	3672	3942	513	26.12	1018.57	49.51	255980	AS7341	flash	5	100	999	10	100.0	0.0
2026-07-09T14:23:06.926	435	904	607	1148	2942	2876	3351	3672	3942	513	26.11	1018.55	49.5	256179	AS7341	flash	5	100	999	10	100.0	0.0
2026-07-09T14:23:08.940	435	904	607	1148	2942	2876	3351	3671	3942	513	26.12	1018.59	49.5	255980	AS7341	flash	5	100	999	10	100.0	0.0
2026-07-09T14:23:10.949	435	904	607	1148	2942	2876	3351	3672	3942	513	26.11	1018.54	49.5	255583	AS7341	flash	5	100	999	10	100.0	0.0
2026-07-09T14:23:12.960	436	905	607	1148	2943	2877	3352	3672	3943	513	26.12	1018.57	49.5	254398	AS7341	flash	5	100	999	10	100.0	0.0
2026-07-09T14:23:14.868	435	904	607	1148	2941	2876	3350	3671	3942	513	26.12	1018.54	49.48	256578	AS7341	flash	5	100	999	10	100.0	0.0
2026-07-09T14:23:16.879	435	904	607	1148	2943	2877	3352	3672	3943	513	26.12	1018.57	49.48	255781	AS7341	flash	5	100	999	10	100.0	0.0
2026-07-09T14:23:18.895	435	904	607	1148	2943	2877	3352	3672	3943	513	26.11	1018.52	49.48	255385	AS7341	flash	5	100	999	10	100.0	0.0
2026-07-09T14:23:20.907	436	904	607	1148	2943	2877	3352	3672	3943	513	26.12	1018.54	49.5	254792	AS7341	flash	5	100	999	10	100.0	0.0
2026-07-09T14:23:22.925	435	904	607	1148	2942	2877	3351	3672	3943	513	26.12	1018.54	49.49	255781	AS7341	flash	5	100	999	10	100.0	0.0
2026-07-09T14:23:24.948	436	904	607	1148	2942	2877	3351	3672	3943	513	26.12	1018.58	49.5	255781	AS7341	flash	5	100	999	10	100.0	0.0
2026-07-09T14:23:26.959	436	904	607	1148	2943	2877	3352	3672	3943	513	26.12	1018.56	49.48	255187	AS7341	flash	5	100	999	10	100.0	0.0
2026-07-09T14:23:28.862	436	904	607	1148	2942	2877	3351	3672	3943	513	26.13	1018.54	49.49	256578	AS7341	flash	5	100	999	10	100.0	0.0
2026-07-09T14:23:30.871	435	904	607	1148	2942	2876	3351	3671	3942	513	26.12	1018.54	49.48	254989	AS7341	flash	5	100	999	10	100.0	0.0
2026-07-09T14:23:32.884	435	904	607	1148	2942	2877	3351	3672	3943	513	26.12	1018.52	49.48	256179	AS7341	flash	5	100	999	10	100.0	0.0
2026-07-09T14:23:34.901	435	904	607	1148	2942	2877	3351	3671	3942	513	26.12	1018.53	49.47	254792	AS7341	flash	5	100	999	10	100.0	0.0
2026-07-09T14:23:36.912	435	904	607	1148	2942	2877	3352	3672	3943	513	26.12	1018.54	49.48	256578	AS7341	flash	5	100	999	10	100.0	0.0
2026-07-09T14:23:38.926	436	904	607	1148	2943	2877	3352	3672	3943	513	26.12	1018.53	49.48	254792	AS7341	flash	5	100	999	10	100.0	0.0
2026-07-09T14:23:40.951	435	904	607	1148	2943	2878	3352	3673	3943	513	26.12	1018.54	49.48	255781	AS7341	flash	5	100	999	10	100.0	0.0
2026-07-09T14:23:42.858	435	904	607	1148	2942	2877	3352	3672	3943	513	26.13	1018.55	49.48	257380	AS7341	flash	5	100	999	10	100.0	0.0
2026-07-09T14:23:44.870	435	904	607	1148	2943	2878	3352	3673	3944	513	26.12	1018.56	49.47	255385	AS7341	flash	5	100	999	10	100.0	0.0
2026-07-09T14:23:46.892	436	904	607	1148	2943	2878	3352	3672	3943	513	26.12	1018.57	49.48	255583	AS7341	flash	5	100	999	10	100.0	0.0
2026-07-09T14:23:48.906	435	904	607	1148	2942	2877	3352	3671	3943	513	26.11	1018.53	49.49	255980	AS7341	flash	5	100	999	10	100.0	0.0
2026-07-09T14:23:50.932	435	904	607	1148	2943	2877	3352	3673	3943	513	26.12	1018.55	49.48	255980	AS7341	flash	5	100	999	10	100.0	0.0
2026-07-09T14:23:52.947	435	904	607	1148	2943	2877	3352	3673	3943	513	26.11	1018.55	49.49	254006	AS7341	flash	5	100	999	10	100.0	0.0
2026-07-09T14:23:54.862	436	904	607	1148	2943	2877	3352	3672	3943	513	26.12	1018.52	49.49	255583	AS7341	flash	5	100	999	10	100.0	0.0
2026-07-09T14:23:56.882	435	904	607	1148	2942	2877	3352	3672	3943	513	26.12	1018.54	49.5	256379	AS7341	flash	5	100	999	10	100.0	0.0
2026-07-09T14:23:58.906	435	904	607	1148	2943	2878	3352	3672	3943	513	26.11	1018.54	49.49	255583	AS7341	flash	5	100	999	10	100.0	0.0
2026-07-09T14:24:00.932	436	904	607	1148	2943	2878	3352	3672	3943	513	26.12	1018.53	49.52	255583	AS7341	flash	5	100	999	10	100.0	0.0
2026-07-09T14:24:02.942	436	904	607	1148	2943	2878	3353	3673	3944	513	26.12	1018.52	49.5	254202	AS7341	flash	5	100	999	10	100.0	0.0
2026-07-09T14:24:04.849	436	904	607	1148	2942	2877	3352	3672	3943	513	26.13	1018.52	49.51	255583	AS7341	flash	5	100	999	10	100.0	0.0
2026-07-09T14:24:06.858	435	904	606	1148	2943	2877	3352	3672	3943	513	26.12	1018.5	49.49	254989	AS7341	flash	5	100	999	10	100.0	0.0
2026-07-09T14:24:08.884	435	904	607	1148	2943	2877	3352	3672	3943	513	26.11	1018.52	49.5	255781	AS7341	flash	5	100	999	10	100.0	0.0
2026-07-09T14:24:10.903	435	904	607	1148	2943	2878	3353	3673	3944	513	26.13	1018.51	49.5	254792	AS7341	flash	5	100	999	10	100.0	0.0
2026-07-09T14:24:12.919	436	904	607	1148	2943	2877	3352	3673	3943	513	26.12	1018.53	49.52	254989	AS7341	flash	5	100	999	10	100.0	0.0
2026-07-09T14:24:14.932	435	904	606	1148	2942	2877	3352	3672	3942	513	26.12	1018.51	49.51	254792	AS7341	flash	5	100	999	10	100.0	0.0
2026-07-09T14:24:16.944	436	904	606	1148	2943	2878	3353	3672	3943	513	26.12	1018.54	49.5	255187	AS7341	flash	5	100	999	10	100.0	0.0
2026-07-09T14:24:18.962	435	904	606	1148	2942	2877	3351	3671	3942	513	26.13	1018.53	49.5	254792	AS7341	flash	5	100	999	10	100.0	0.0
2026-07-09T14:24:20.877	435	904	606	1148	2941	2876	3351	3670	3941	513	26.13	1018.54	49.5	257582	AS7341	flash	5	100	999	10	100.0	0.0
2026-07-09T14:24:22.899	435	904	607	1148	2943	2877	3352	3672	3943	513	26.12	1018.52	49.5	255583	AS7341	flash	5	100	999	10	100.0	0.0
2026-07-09T14:24:24.923	435	904	607	1148	2943	2877	3352	3672	3943	513	26.12	1018.52	49.48	255187	AS7341	flash	5	100	999	10	100.0	0.0
2026-07-09T14:24:26.936	435	904	607	1148	2943	2877	3352	3672	3942	513	26.12	1018.54	49.49	254202	AS7341	flash	5	100	999	10	100.0	0.0
2026-07-09T14:24:28.957	435	904	607	1148	2943	2878	3352	3672	3943	513	26.12	1018.5	49.5	255980	AS7341	flash	5	100	999	10	100.0	0.0
2026-07-09T14:24:30.968	435	904	607	1148	2943	2878	3353	3672	3943	513	26.12	1018.5	49.51	255980	AS7341	flash	5	100	999	10	100.0	0.0
2026-07-09T14:24:32.876	435	904	606	1147	2941	2876	3350	3670	3941	513	26.13	1018.5	49.51	256979	AS7341	flash	5	100	999	10	100.0	0.0
2026-07-09T14:24:34.892	435	904	607	1148	2943	2878	3352	3673	3943	513	26.12	1018.54	49.52	255583	AS7341	flash	5	100	999	10	0.0	0.0
2026-07-09T14:24:36.900	435	904	607	1148	2943	2878	3353	3674	3944	513	26.16	1018.53	49.6	253615	AS7341	flash	5	100	999	10	0.0	0.0
2026-07-09T14:24:38.912	436	904	607	1148	2943	2879	3355	3677	3946	513	26.18	1018.55	49.89	253225	AS7341	flash	5	100	999	10	0.0	0.0
2026-07-09T14:24:40.920	436	903	607	1148	2942	2878	3355	3678	3945	513	26.18	1018.52	50.38	252448	AS7341	flash	5	100	999	10	0.0	0.0
2026-07-09T14:24:42.933	436	903	606	1147	2942	2878	3357	3681	3947	513	26.19	1018.52	50.87	250337	AS7341	flash	5	100	999	10	0.0	0.0
2026-07-09T14:24:44.955	436	903	607	1147	2942	2878	3358	3684	3948	513	26.2	1018.54	51.36	249957	AS7341	flash	5	100	999	10	0.0	0.0
2026-07-09T14:24:46.968	436	903	607	1147	2941	2878	3359	3686	3948	514	26.2	1018.51	51.77	247144	AS7341	flash	5	100	999	10	0.0	0.0
2026-07-09T14:24:48.875	436	903	606	1146	2939	2876	3358	3686	3947	513	26.22	1018.51	52.11	245669	AS7341	flash	5	100	999	10	0.0	0.0
2026-07-09T14:24:50.885	436	903	606	1146	2939	2877	3360	3689	3948	513	26.22	1018.53	52.43	245303	AS7341	flash	5	100	999	10	0.0	0.0
2026-07-09T14:24:52.898	436	903	606	1145	2938	2876	3359	3689	3947	513	26.22	1018.53	52.75	244031	AS7341	flash	5	100	999	10	0.0	0.0
2026-07-09T14:24:54.925	436	903	606	1145	2937	2875	3359	3691	3947	513	26.22	1018.52	53.07	241172	AS7341	flash	5	100	999	10	100.0	0.0
2026-07-09T14:24:56.943	436	903	606	1145	2935	2873	3356	3688	3945	513	26.19	1018.53	53.26	242058	AS7341	flash	5	100	999	10	100.0	0.0
2026-07-09T14:24:58.970	435	903	606	1144	2934	2871	3353	3685	3942	513	26.19	1018.53	53.0	243490	AS7341	flash	5	100	999	10	100.0	0.0
2026-07-09T14:25:00.992	435	904	606	1144	2932	2869	3351	3682	3940	513	26.18	1018.53	52.5	244212	AS7341	flash	5	100	999	10	100.0	0.0
2026-07-09T14:25:02.893	435	904	606	1144	2930	2866	3347	3677	3936	512	26.19	1018.52	52.06	244756	AS7341	flash	5	100	999	10	100.0	0.0
2026-07-09T14:25:04.886	435	904	606	1144	2930	2866	3346	3676	3936	512	26.18	1018.52	51.63	246774	AS7341	flash	5	100	999	10	100.0	0.0
2026-07-09T14:25:06.902	435	904	606	1143	2930	2865	3345	3674	3935	512	26.18	1018.52	51.3	248262	AS7341	flash	5	100	999	10	100.0	0.0
2026-07-09T14:25:08.926	435	905	606	1144	2929	2865	3343	3672	3934	512	26.17	1018.5	51.01	249013	AS7341	flash	5	100	999	10	100.0	0.0
2026-07-09T14:25:10.938	435	905	606	1144	2929	2864	3342	3671	3933	512	26.17	1018.55	50.8	248075	AS7341	flash	5	100	999	10	100.0	0.0
2026-07-09T14:25:12.944	435	905	606	1144	2929	2864	3342	3670	3932	512	26.17	1018.53	50.62	249768	AS7341	flash	5	100	999	10	100.0	0.0
2026-07-09T14:25:14.955	435	905	606	1144	2929	2864	3341	3669	3932	512	26.17	1018.5	50.47	247888	AS7341	flash	5	100	999	10	100.0	0.0
2026-07-09T14:25:16.965	435	905	606	1144	2929	2864	3341	3668	3932	512	26.17	1018.54	50.38	249768	AS7341	flash	5	100	999	10	100.0	0.0
2026-07-09T14:25:18.990	435	905	606	1144	2929	2864	3341	3668	3932	512	26.16	1018.49	50.26	248637	AS7341	flash	5	100	999	10	100.0	0.0
2026-07-09T14:25:20.900	435	905	606	1144	2928	2863	3339	3666	3931	512	26.17	1018.53	50.2	251677	AS7341	flash	5	100	999	10	100.0	0.0
2026-07-09T14:25:22.910	435	905	606	1144	2928	2863	3339	3665	3930	512	26.17	1018.53	50.13	250910	AS7341	flash	5	100	999	10	100.0	0.0
2026-07-09T14:25:24.921	435	905	606	1144	2930	2864	3341	3667	3932	512	26.16	1018.5	50.07	250147	AS7341	flash	5	100	999	10	100.0	0.0
2026-07-09T14:25:26.932	435	905	607	1144	2930	2864	3340	3666	3931	512	26.16	1018.5	50.03	251292	AS7341	flash	5	100	999	10	100.0	0.0
2026-07-09T14:25:28.946	435	906	607	1144	2930	2865	3341	3666	3932	512	26.17	1018.51	49.99	251484	AS7341	flash	5	100	999	10	100.0	0.0
2026-07-09T14:25:30.959	435	905	606	1144	2930	2864	3340	3665	3931	512	26.16	1018.51	49.96	251101	AS7341	flash	5	100	999	10	100.0	0.0
2026-07-09T14:25:32.973	435	906	607	1144	2931	2865	3341	3665	3932	512	26.17	1018.52	49.93	252062	AS7341	flash	5	100	999	10	100.0	0.0
2026-07-09T14:25:34.982	435	906	607	1145	2930	2865	3340	3665	3932	511	26.17	1018.51	49.89	250910	AS7341	flash	5	100	999	10	100.0	0.0
2026-07-09T14:25:36.887	435	905	606	1144	2929	2864	3339	3663	3930	512	26.18	1018.51	49.87	252062	AS7341	flash	5	100	999	10	100.0	0.0
2026-07-09T14:25:38.899	435	905	606	1144	2931	2865	3340	3664	3931	512	26.17	1018.51	49.84	253225	AS7341	flash	5	100	999	10	100.0	0.0
2026-07-09T14:25:40.912	435	905	606	1144	2930	2865	3340	3664	3931	512	26.17	1018.53	49.82	252642	AS7341	flash	5	100	999	10	100.0	0.0
2026-07-09T14:25:42.926	435	905	607	1145	2932	2866	3342	3665	3933	512	26.16	1018.5	49.81	252642	AS7341	flash	5	100	999	10	100.0	0.0
2026-07-09T14:25:44.954	435	906	607	1145	2932	2866	3342	3665	3933	512	26.16	1018.48	49.81	251677	AS7341	flash	5	100	999	10	100.0	0.0
2026-07-09T14:25:46.975	435	906	607	1145	2933	2867	3342	3666	3933	512	26.17	1018.5	49.77	253030	AS7341	flash	5	100	999	10	100.0	0.0
2026-07-09T14:25:48.989	435	906	607	1145	2933	2867	3342	3665	3933	512	26.16	1018.5	49.77	254202	AS7341	flash	5	100	999	10	100.0	0.0
2026-07-09T14:25:50.891	435	905	607	1145	2933	2867	3342	3665	3933	512	26.17	1018.52	49.75	254398	AS7341	flash	5	100	999	10	100.0	0.0
2026-07-09T14:25:52.899	435	905	607	1145	2933	2867	3341	3665	3933	512	26.17	1018.5	49.74	254006	AS7341	flash	5	100	999	10	100.0	0.0
2026-07-09T14:25:54.909	435	906	607	1146	2934	2868	3343	3666	3934	512	26.17	1018.5	49.72	253615	AS7341	flash	5	100	999	10	100.0	0.0
2026-07-09T14:25:56.922	435	906	607	1145	2934	2868	3343	3666	3934	512	26.17	1018.52	49.73	253419	AS7341	flash	5	100	999	10	100.0	0.0
2026-07-09T14:25:58.936	435	906	607	1146	2934	2868	3343	3666	3934	512	26.16	1018.51	49.71	253225	AS7341	flash	5	100	999	10	100.0	0.0
2026-07-09T14:26:00.952	435	905	607	1146	2935	2869	3344	3666	3935	512	26.16	1018.5	49.7	252836	AS7341	flash	5	100	999	10	100.0	0.0
2026-07-09T14:26:02.975	435	906	607	1146	2935	2869	3344	3666	3935	512	26.16	1018.51	49.68	253419	AS7341	flash	5	100	999	10	100.0	0.0
2026-07-09T14:26:04.986	435	906	607	1146	2935	2869	3345	3667	3936	512	26.16	1018.48	49.68	252448	AS7341	flash	5	100	999	10	100.0	0.0
2026-07-09T14:26:06.889	435	905	607	1146	2935	2869	3344	3666	3935	512	26.17	1018.51	49.69	253615	AS7341	flash	5	100	999	10	100.0	0.0
2026-07-09T14:26:08.901	435	906	607	1146	2935	2869	3344	3666	3935	512	26.16	1018.52	49.66	254595	AS7341	flash	5	100	999	10	100.0	0.0
2026-07-09T14:26:10.922	435	906	607	1146	2936	2870	3345	3667	3936	512	26.16	1018.5	49.67	254006	AS7341	flash	5	100	999	10	100.0	0.0
2026-07-09T14:26:12.935	435	905	607	1146	2936	2870	3345	3666	3935	512	26.16	1018.5	49.68	254006	AS7341	flash	5	100	999	10	100.0	0.0
2026-07-09T14:26:14.946	435	905	607	1146	2937	2871	3346	3668	3937	512	26.15	1018.48	49.65	254202	AS7341	flash	5	100	999	10	100.0	0.0
2026-07-09T14:26:16.956	435	905	607	1146	2936	2871	3346	3668	3937	512	26.16	1018.5	49.65	253615	AS7341	flash	5	100	999	10	100.0	0.0
2026-07-09T14:26:18.970	435	905	607	1146	2937	2871	3346	3667	3937	512	26.16	1018.52	49.63	252836	AS7341	flash	5	100	999	10	100.0	0.0
2026-07-09T14:26:20.982	435	905	607	1146	2936	2871	3346	3667	3937	512	26.16	1018.5	49.64	254792	AS7341	flash	5	100	999	10	100.0	0.0
2026-07-09T14:26:22.890	435	905	607	1146	2936	2870	3345	3667	3936	512	26.16	1018.46	49.64	254595	AS7341	flash	5	100	999	10	100.0	0.0
2026-07-09T14:26:24.900	435	905	607	1146	2937	2871	3346	3667	3936	512	26.16	1018.5	49.62	253615	AS7341	flash	5	100	999	10	100.0	0.0
2026-07-09T14:26:26.912	435	905	607	1147	2937	2871	3346	3667	3937	512	26.16	1018.5	49.62	254006	AS7341	flash	5	100	999	10	100.0	0.0
2026-07-09T14:26:28.933	435	905	607	1147	2937	2872	3346	3668	3937	513	26.16	1018.47	49.62	254792	AS7341	flash	5	100	999	10	100.0	0.0
2026-07-09T14:26:30.950	435	905	607	1147	2937	2872	3347	3668	3938	512	26.16	1018.49	49.6	253810	AS7341	flash	5	100	999	10	100.0	0.0
2026-07-09T14:26:32.961	435	905	607	1147	2938	2872	3347	3668	3937	512	26.16	1018.48	49.6	252836	AS7341	flash	5	100	999	10	100.0	0.0
2026-07-09T14:26:34.979	435	905	607	1147	2938	2872	3347	3668	3938	513	26.17	1018.49	49.6	254595	AS7341	flash	5	100	999	10	100.0	0.0
2026-07-09T14:26:36.887	435	905	607	1147	2938	2872	3347	3668	3938	512	26.18	1018.5	49.59	254202	AS7341	flash	5	100	999	10	100.0	0.0
2026-07-09T14:26:38.913	435	905	607	1146	2937	2872	3347	3667	3937	512	26.17	1018.51	49.57	254595	AS7341	flash	5	100	999	10	100.0	0.0
2026-07-09T14:26:40.925	435	905	607	1147	2939	2873	3348	3669	3939	513	26.16	1018.48	49.57	254792	AS7341	flash	5	100	999	10	100.0	0.0
2026-07-09T14:26:42.938	435	905	607	1147	2938	2873	3347	3668	3938	512	26.16	1018.49	49.58	251677	AS7341	flash	5	100	999	10	100.0	0.0
2026-07-09T14:26:44.947	435	905	607	1147	2938	2873	3347	3668	3938	512	26.16	1018.46	49.56	254595	AS7341	flash	5	100	999	10	100.0	0.0
2026-07-09T14:26:46.954	435	905	607	1147	2939	2873	3348	3669	3939	513	26.17	1018.51	49.56	254792	AS7341	flash	5	100	999	10	100.0	0.0
2026-07-09T14:26:48.967	435	905	607	1147	2939	2873	3348	3669	3939	513	26.17	1018.5	49.55	252836	AS7341	flash	5	100	999	10	100.0	0.0
2026-07-09T14:26:50.976	435	905	607	1147	2939	2873	3348	3669	3939	513	26.17	1018.48	49.55	253225	AS7341	flash	5	100	999	10	100.0	0.0
2026-07-09T14:26:52.988	435	905	607	1147	2939	2874	3349	3669	3940	513	26.16	1018.49	49.55	254792	AS7341	flash	5	100	999	10	100.0	0.0
2026-07-09T14:26:54.897	435	905	607	1147	2939	2873	3348	3668	3939	513	26.17	1018.47	49.55	254202	AS7341	flash	5	100	999	10	100.0	0.0
2026-07-09T14:26:56.918	435	905	607	1147	2940	2874	3349	3669	3939	513	26.16	1018.47	49.53	253615	AS7341	flash	5	100	999	10	100.0	0.0
2026-07-09T14:26:58.930	436	905	607	1147	2939	2874	3349	3669	3939	513	26.16	1018.45	49.53	255187	AS7341	flash	5	100	999	10	100.0	0.0
2026-07-09T14:27:00.956	435	905	607	1147	2940	2874	3349	3669	3940	513	26.16	1018.49	49.52	253810	AS7341	flash	5	100	999	10	100.0	0.0
2026-07-09T14:27:02.966	436	905	607	1147	2939	2874	3349	3669	3940	513	26.16	1018.48	49.52	254595	AS7341	flash	5	100	999	10	100.0	0.0
2026-07-09T14:27:04.983	436	905	607	1147	2940	2875	3349	3670	3940	513	26.17	1018.48	49.52	254006	AS7341	flash	5	100	999	10	100.0	0.0
2026-07-09T14:27:06.888	436	905	607	1147	2940	2874	3349	3669	3939	513	26.17	1018.48	49.5	255385	AS7341	flash	5	100	999	10	100.0	0.0
2026-07-09T14:27:08.910	435	905	607	1147	2940	2874	3349	3669	3940	513	26.17	1018.49	49.51	254202	AS7341	flash	5	100	999	10	100.0	0.0
2026-07-09T14:27:10.933	436	905	607	1148	2941	2875	3350	3670	3941	513	26.16	1018.45	49.51	253810	AS7341	flash	5	100	999	10	100.0	0.0
2026-07-09T14:27:12.946	435	905	607	1147	2941	2876	3351	3671	3942	513	26.17	1018.47	49.5	254202	AS7341	flash	5	100	999	10	100.0	0.0
2026-07-09T14:27:14.955	435	905	607	1147	2941	2875	3350	3670	3941	513	26.16	1018.43	49.51	254989	AS7341	flash	5	100	999	10	100.0	0.0
2026-07-09T14:27:16.964	436	905	607	1148	2941	2875	3350	3670	3940	513	26.16	1018.48	49.5	255187	AS7341	flash	5	100	999	10	100.0	0.0
2026-07-09T14:27:18.986	435	905	607	1148	2940	2875	3350	3670	3940	513	26.16	1018.44	49.51	254792	AS7341	flash	5	100	999	10	100.0	0.0
2026-07-09T14:27:20.887	436	905	607	1148	2941	2875	3350	3670	3941	513	26.16	1018.48	49.5	254006	AS7341	flash	5	100	999	10	100.0	0.0
2026-07-09T14:27:22.902	435	905	607	1147	2941	2875	3350	3670	3941	513	26.16	1018.48	49.5	255187	AS7341	flash	5	100	999	10	100.0	0.0
2026-07-09T14:27:24.923	436	905	607	1147	2941	2875	3350	3670	3941	513	26.16	1018.46	49.5	254989	AS7341	flash	5	100	999	10	100.0	0.0
2026-07-09T14:27:26.933	436	905	607	1148	2941	2876	3351	3671	3942	513	26.15	1018.42	49.51	254595	AS7341	flash	5	100	999	10	100.0	0.0
2026-07-09T14:27:28.943	436	905	607	1148	2942	2876	3351	3671	3942	513	26.16	1018.47	49.5	255583	AS7341	flash	5	100	999	10	100.0	0.0
2026-07-09T14:27:30.950	436	905	607	1147	2941	2876	3350	3670	3941	513	26.16	1018.45	49.5	254792	AS7341	flash	5	100	999	10	100.0	0.0
2026-07-09T14:27:32.962	435	905	607	1147	2941	2876	3351	3671	3941	513	26.16	1018.48	49.51	254792	AS7341	flash	5	100	999	10	100.0	0.0
2026-07-09T14:27:34.980	436	905	607	1148	2942	2877	3351	3672	3942	513	26.15	1018.46	49.49	254202	AS7341	flash	5	100	999	10	100.0	0.0
2026-07-09T14:27:36.991	436	905	607	1148	2942	2876	3351	3671	3942	513	26.15	1018.46	49.49	253615	AS7341	flash	5	100	999	10	100.0	0.0
2026-07-09T14:27:38.893	435	905	607	1147	2940	2875	3350	3669	3940	513	26.17	1018.46	49.5	255583	AS7341	flash	5	100	999	10	100.0	0.0
2026-07-09T14:27:40.903	435	905	607	1147	2941	2876	3350	3670	3940	513	26.15	1018.46	49.48	254792	AS7341	flash	5	100	999	10	100.0	0.0
2026-07-09T14:27:42.911	436	905	607	1148	2942	2877	3352	3671	3942	513	26.15	1018.45	49.48	254595	AS7341	flash	5	100	999	10	100.0	0.0
2026-07-09T14:27:44.928	436	905	607	1148	2942	2877	3351	3671	3942	513	26.15	1018.45	49.47	255187	AS7341	flash	5	100	999	10	100.0	0.0
2026-07-09T14:27:46.948	436	905	607	1148	2943	2877	3352	3672	3943	513	26.16	1018.46	49.46	253810	AS7341	flash	5	100	999	10	100.0	0.0
2026-07-09T14:27:48.961	436	905	607	1148	2942	2876	3351	3670	3941	513	26.15	1018.45	49.46	254792	AS7341	flash	5	100	999	10	100.0	0.0
2026-07-09T14:27:50.972	436	905	607	1148	2942	2877	3352	3671	3942	513	26.15	1018.42	49.45	255187	AS7341	flash	5	100	999	10	100.0	0.0
2026-07-09T14:27:52.996	436	905	607	1148	2942	2877	3352	3671	3942	513	26.15	1018.44	49.46	254792	AS7341	flash	5	100	999	10	100.0	0.0
2026-07-09T14:27:54.894	436	905	607	1148	2942	2876	3351	3671	3941	513	26.16	1018.45	49.45	255781	AS7341	flash	5	100	999	10	100.0	0.0
2026-07-09T14:27:56.906	436	905	607	1148	2942	2876	3351	3670	3941	513	26.16	1018.46	49.45	254202	AS7341	flash	5	100	999	10	100.0	0.0
2026-07-09T14:27:58.920	436	905	607	1148	2943	2878	3353	3672	3943	513	26.15	1018.46	49.43	254595	AS7341	flash	5	100	999	10	100.0	0.0
2026-07-09T14:28:00.942	436	905	607	1148	2942	2877	3352	3671	3942	513	26.16	1018.45	49.43	254792	AS7341	flash	5	100	999	10	100.0	0.0
2026-07-09T14:28:02.950	436	905	607	1148	2943	2877	3352	3672	3943	513	26.15	1018.45	49.42	254595	AS7341	flash	5	100	999	10	100.0	0.0
2026-07-09T14:28:04.966	436	905	607	1148	2944	2878	3353	3672	3944	513	26.15	1018.47	49.42	254792	AS7341	flash	5	100	999	10	100.0	0.0
2026-07-09T14:28:06.977	436	905	607	1148	2943	2878	3353	3672	3943	513	26.15	1018.42	49.41	253615	AS7341	flash	5	100	999	10	100.0	0.0
2026-07-09T14:28:08.993	436	905	607	1148	2943	2878	3353	3672	3944	513	26.15	1018.45	49.41	255187	AS7341	flash	5	100	999	10	100.0	0.0
2026-07-09T14:28:10.896	436	905	607	1148	2942	2877	3352	3671	3942	513	26.16	1018.45	49.41	254792	AS7341	flash	5	100	999	10	100.0	0.0
2026-07-09T14:28:12.923	436	905	607	1148	2943	2877	3352	3671	3942	513	26.15	1018.4	49.39	255583	AS7341	flash	5	100	999	10	100.0	0.0
2026-07-09T14:28:14.931	436	905	607	1148	2944	2878	3353	3672	3944	513	26.14	1018.45	49.39	254398	AS7341	flash	5	100	999	10	100.0	0.0
2026-07-09T14:28:16.944	436	905	607	1148	2944	2878	3354	3672	3944	513	26.15	1018.42	49.39	254006	AS7341	flash	5	100	999	10	100.0	0.0
2026-07-09T14:28:18.967	436	905	607	1149	2944	2879	3354	3672	3944	513	26.15	1018.44	49.38	254398	AS7341	flash	5	100	999	10	100.0	0.0
2026-07-09T14:28:20.976	436	905	607	1149	2943	2878	3353	3672	3944	513	26.15	1018.46	49.39	254595	AS7341	flash	5	100	999	10	100.0	0.0
2026-07-09T14:28:22.988	436	905	607	1149	2944	2878	3353	3672	3943	513	26.15	1018.44	49.38	254989	AS7341	flash	5	100	999	10	100.0	0.0
2026-07-09T14:28:24.888	436	905	607	1148	2943	2878	3353	3672	3943	513	26.16	1018.43	49.38	255583	AS7341	flash	5	100	999	10	100.0	0.0
2026-07-09T14:28:26.898	436	905	607	1148	2944	2879	3354	3672	3944	513	26.15	1018.45	49.36	255385	AS7341	flash	5	100	999	10	100.0	0.0
2026-07-09T14:28:28.919	436	905	607	1149	2944	2879	3354	3672	3944	513	26.15	1018.43	49.37	255781	AS7341	flash	5	100	999	10	100.0	0.0
2026-07-09T14:28:30.935	436	905	607	1149	2944	2879	3354	3672	3944	513	26.15	1018.44	49.37	254989	AS7341	flash	5	100	999	10	100.0	0.0
2026-07-09T14:28:32.950	436	905	607	1149	2944	2879	3354	3672	3944	513	26.14	1018.41	49.37	254792	AS7341	flash	5	100	999	10	100.0	0.0
2026-07-09T14:28:34.960	436	905	607	1149	2944	2879	3354	3673	3944	513	26.15	1018.4	49.37	254595	AS7341	flash	5	100	999	10	100.0	0.0
2026-07-09T14:28:36.971	436	905	607	1149	2945	2879	3354	3673	3945	513	26.15	1018.43	49.37	255583	AS7341	flash	5	100	999	10	100.0	0.0
2026-07-09T14:28:38.988	436	905	607	1149	2945	2880	3355	3673	3945	513	26.15	1018.43	49.37	254792	AS7341	flash	5	100	999	10	100.0	0.0
2026-07-09T14:28:40.904	436	905	607	1148	2945	2880	3355	3673	3945	513	26.15	1018.41	49.36	254202	AS7341	flash	5	100	999	10	100.0	0.0
2026-07-09T14:28:42.917	436	905	607	1148	2943	2878	3353	3672	3943	513	26.15	1018.42	49.36	255583	AS7341	flash	5	100	999	10	100.0	0.0
2026-07-09T14:28:44.932	436	905	607	1149	2946	2880	3356	3674	3946	513	26.15	1018.43	49.36	254398	AS7341	flash	5	100	999	10	100.0	0.0
2026-07-09T14:28:46.941	436	905	607	1149	2945	2879	3355	3673	3945	513	26.15	1018.43	49.36	255583	AS7341	flash	5	100	999	10	100.0	0.0
2026-07-09T14:28:48.951	436	905	607	1149	2945	2880	3355	3673	3945	513	26.15	1018.44	49.36	255781	AS7341	flash	5	100	999	10	100.0	0.0
2026-07-09T14:28:50.965	436	905	607	1149	2944	2879	3354	3672	3944	513	26.15	1018.38	49.36	254792	AS7341	flash	5	100	999	10	100.0	0.0
2026-07-09T14:28:52.988	436	905	607	1149	2945	2880	3355	3673	3945	513	26.15	1018.41	49.36	254595	AS7341	flash	5	100	999	10	100.0	0.0
2026-07-09T14:28:55.004	436	905	607	1149	2944	2879	3354	3673	3944	513	26.15	1018.39	49.36	254398	AS7341	flash	5	100	999	10	100.0	0.0
2026-07-09T14:28:56.914	436	905	607	1149	2944	2879	3354	3673	3945	513	26.15	1018.41	49.36	255583	AS7341	flash	5	100	999	10	100.0	0.0
2026-07-09T14:28:58.928	436	905	607	1149	2946	2880	3356	3674	3946	513	26.15	1018.42	49.35	255583	AS7341	flash	5	100	999	10	100.0	0.0
2026-07-09T14:29:00.935	436	905	607	1149	2945	2880	3355	3673	3945	513	26.15	1018.4	49.36	255980	AS7341	flash	5	100	999	10	100.0	0.0
2026-07-09T14:29:02.957	436	905	607	1149	2945	2880	3355	3674	3945	513	26.14	1018.42	49.35	255980	AS7341	flash	5	100	999	10	100.0	0.0
2026-07-09T14:29:04.970	436	905	607	1149	2945	2880	3355	3674	3945	513	26.14	1018.4	49.35	254989	AS7341	flash	5	100	999	10	100.0	0.0
2026-07-09T14:29:06.986	436	905	607	1149	2946	2880	3356	3674	3946	513	26.14	1018.38	49.35	254006	AS7341	flash	5	100	999	10	100.0	0.0
2026-07-09T14:29:08.997	436	905	607	1149	2946	2881	3356	3674	3947	513	26.14	1018.42	49.36	255187	AS7341	flash	5	100	999	10	100.0	0.0
2026-07-09T14:29:11.009	436	905	607	1149	2945	2880	3355	3674	3945	513	26.14	1018.39	49.35	254792	AS7341	flash	5	100	999	10	100.0	0.0
2026-07-09T14:29:12.914	436	905	607	1149	2945	2880	3355	3673	3945	513	26.14	1018.41	49.35	255583	AS7341	flash	5	100	999	10	100.0	0.0
2026-07-09T14:29:14.924	436	905	607	1149	2945	2880	3355	3674	3945	513	26.14	1018.4	49.35	255980	AS7341	flash	5	100	999	10	100.0	0.0
2026-07-09T14:29:16.946	436	905	607	1149	2947	2881	3357	3675	3947	514	26.13	1018.4	49.35	255187	AS7341	flash	5	100	999	10	100.0	0.0
2026-07-09T14:29:18.960	436	906	608	1150	2947	2882	3358	3676	3948	514	26.15	1018.4	49.35	255187	AS7341	flash	5	100	999	10	100.0	0.0
2026-07-09T14:29:20.968	436	905	607	1149	2946	2881	3356	3674	3946	513	26.14	1018.39	49.35	255781	AS7341	flash	5	100	999	10	100.0	0.0
2026-07-09T14:29:22.981	436	905	607	1149	2946	2881	3356	3674	3946	513	26.14	1018.41	49.35	255385	AS7341	flash	5	100	999	10	100.0	0.0
2026-07-09T14:29:24.995	436	905	608	1150	2946	2881	3357	3675	3946	513	26.15	1018.42	49.36	254989	AS7341	flash	5	100	999	10	100.0	0.0
2026-07-09T14:29:27.007	436	905	607	1149	2946	2881	3356	3674	3946	513	26.15	1018.42	49.36	255187	AS7341	flash	5	100	999	10	100.0	0.0
2026-07-09T14:29:28.915	436	905	607	1149	2945	2880	3355	3674	3946	513	26.14	1018.38	49.36	254595	AS7341	flash	5	100	999	10	100.0	0.0
2026-07-09T14:29:30.937	436	905	608	1149	2946	2881	3356	3674	3946	513	26.14	1018.44	49.34	254792	AS7341	flash	5	100	999	10	100.0	0.0
2026-07-09T14:29:32.948	436	905	607	1149	2946	2881	3356	3674	3946	513	26.14	1018.41	49.33	255187	AS7341	flash	5	100	999	10	100.0	0.0
2026-07-09T14:29:34.960	436	905	607	1149	2946	2881	3356	3674	3946	513	26.14	1018.41	49.35	256179	AS7341	flash	5	100	999	10	100.0	0.0
2026-07-09T14:29:36.981	436	905	607	1149	2947	2882	3358	3676	3948	514	26.14	1018.43	49.36	255583	AS7341	flash	5	100	999	10	100.0	0.0
2026-07-09T14:29:38.988	436	905	608	1150	2947	2882	3357	3675	3947	513	26.14	1018.42	49.35	256179	AS7341	flash	5	100	999	10	100.0	0.0
2026-07-09T14:29:41.006	436	905	607	1149	2946	2881	3357	3674	3946	513	26.13	1018.39	49.35	254989	AS7341	flash	5	100	999	10	100.0	0.0
2026-07-09T14:29:42.922	436	905	607	1149	2946	2880	3355	3673	3945	513	26.15	1018.42	49.34	254792	AS7341	flash	5	100	999	10	100.0	0.0
2026-07-09T14:29:44.933	436	905	607	1149	2946	2881	3356	3674	3946	513	26.14	1018.39	49.36	255980	AS7341	flash	5	100	999	10	100.0	0.0
2026-07-09T14:29:46.950	436	905	607	1149	2946	2881	3357	3674	3946	513	26.14	1018.41	49.36	254595	AS7341	flash	5	100	999	10	100.0	0.0
2026-07-09T14:29:48.972	436	905	607	1149	2946	2881	3357	3675	3946	513	26.13	1018.42	49.35	254595	AS7341	flash	5	100	999	10	100.0	0.0
2026-07-09T14:29:50.986	436	905	607	1149	2946	2881	3356	3675	3947	513	26.13	1018.4	49.35	255781	AS7341	flash	5	100	999	10	100.0	0.0
2026-07-09T14:29:53.002	436	905	607	1149	2947	2881	3357	3675	3947	513	26.13	1018.42	49.37	255385	AS7341	flash	5	100	999	10	100.0	0.0
2026-07-09T14:29:54.902	436	905	607	1149	2946	2881	3356	3674	3946	513	26.14	1018.39	49.37	255980	AS7341	flash	5	100	999	10	0.0	0.0
2026-07-09T14:29:56.918	436	905	607	1149	2946	2882	3358	3677	3947	513	26.16	1018.42	49.41	254595	AS7341	flash	5	100	999	10	0.0	0.0
2026-07-09T14:29:58.928	436	904	607	1149	2946	2882	3359	3679	3948	513	26.17	1018.42	49.74	253615	AS7341	flash	5	100	999	10	0.0	0.0
2026-07-09T14:30:00.940	436	905	607	1149	2946	2882	3360	3681	3949	514	26.18	1018.41	50.19	252448	AS7341	flash	5	100	999	10	0.0	0.0
2026-07-09T14:30:02.961	436	904	607	1149	2946	2883	3362	3684	3951	514	26.18	1018.4	50.69	250528	AS7341	flash	5	100	999	10	0.0	0.0
2026-07-09T14:30:04.971	436	904	607	1148	2946	2883	3363	3686	3951	514	26.19	1018.41	51.21	248824	AS7341	flash	5	100	999	10	0.0	0.0
2026-07-09T14:30:06.990	436	904	607	1148	2945	2882	3363	3689	3951	514	26.2	1018.42	51.68	247702	AS7341	flash	5	100	999	10	0.0	0.0
2026-07-09T14:30:09.005	436	904	607	1147	2944	2881	3364	3690	3951	514	26.2	1018.41	52.11	246036	AS7341	flash	5	100	999	10	0.0	0.0
2026-07-09T14:30:10.908	436	903	607	1147	2942	2880	3363	3690	3950	514	26.22	1018.42	52.46	246036	AS7341	flash	5	100	999	10	0.0	0.0
2026-07-09T14:30:12.918	436	904	607	1147	2942	2880	3364	3692	3951	514	26.22	1018.43	52.83	243490	AS7341	flash	5	100	999	10	0.0	0.0
2026-07-09T14:30:14.929	436	904	607	1146	2940	2879	3364	3693	3951	514	26.22	1018.43	53.15	241172	AS7341	flash	5	100	999	10	0.0	0.0
2026-07-09T14:30:16.945	436	903	607	1146	2939	2878	3363	3694	3950	514	26.23	1018.4	53.39	239593	AS7341	flash	5	100	999	10	0.0	0.0
2026-07-09T14:30:18.958	436	904	607	1145	2938	2877	3362	3695	3949	514	26.24	1018.45	53.61	241348	AS7341	flash	5	100	999	10	0.0	0.0
2026-07-09T14:30:20.969	436	904	607	1145	2936	2875	3362	3695	3949	514	26.24	1018.39	53.87	239767	AS7341	flash	5	100	999	10	0.0	0.0
2026-07-09T14:30:22.985	436	904	607	1145	2935	2875	3362	3696	3948	514	26.25	1018.39	54.09	238206	AS7341	flash	5	100	999	10	0.0	0.0
2026-07-09T14:30:24.996	436	904	607	1144	2934	2874	3362	3697	3948	514	26.25	1018.41	54.29	237177	AS7341	flash	5	100	999	10	0.0	0.0
2026-07-09T14:30:27.006	436	904	607	1144	2932	2872	3360	3696	3947	513	26.26	1018.4	54.49	235818	AS7341	flash	5	100	999	10	0.0	0.0
2026-07-09T14:30:28.909	436	904	607	1143	2931	2870	3359	3696	3946	513	26.27	1018.43	54.63	236157	AS7341	flash	5	100	999	10	0.0	0.0
2026-07-09T14:30:30.922	436	904	606	1143	2929	2869	3358	3696	3944	513	26.27	1018.38	54.78	234308	AS7341	flash	5	100	999	10	0.0	0.0
2026-07-09T14:30:32.939	436	904	607	1142	2928	2868	3358	3697	3944	513	26.27	1018.39	54.93	234475	AS7341	flash	5	100	999	10	0.0	0.0
2026-07-09T14:30:34.949	436	903	606	1142	2926	2867	3356	3696	3942	513	26.27	1018.43	55.04	233478	AS7341	flash	5	100	999	10	0.0	0.0
2026-07-09T14:30:36.967	435	904	606	1141	2925	2865	3355	3696	3941	513	26.28	1018.4	55.17	232161	AS7341	flash	5	100	999	10	0.0	0.0
2026-07-09T14:30:38.981	435	904	606	1141	2923	2863	3354	3696	3940	513	26.27	1018.41	55.32	229892	AS7341	flash	5	100	999	10	0.0	0.0
2026-07-09T14:30:40.993	435	904	606	1140	2922	2862	3353	3696	3939	513	26.29	1018.41	55.42	231183	AS7341	flash	5	100	999	10	0.0	0.0
2026-07-09T14:30:43.006	435	904	606	1140	2921	2862	3353	3697	3939	513	26.29	1018.4	55.51	230859	AS7341	flash	5	100	999	10	0.0	0.0
2026-07-09T14:30:44.910	435	904	606	1139	2919	2860	3351	3695	3937	513	26.3	1018.38	55.61	229892	AS7341	flash	5	100	999	10	0.0	0.0
2026-07-09T14:30:46.923	435	904	606	1139	2919	2859	3351	3696	3938	513	26.3	1018.41	55.68	228616	AS7341	flash	5	100	999	10	0.0	0.0
2026-07-09T14:30:48.948	435	904	606	1138	2917	2857	3349	3695	3935	513	26.3	1018.41	55.74	228934	AS7341	flash	5	100	999	10	0.0	0.0
2026-07-09T14:30:50.968	435	904	606	1138	2915	2856	3349	3696	3934	512	26.3	1018.42	55.87	227825	AS7341	flash	5	100	999	10	0.0	0.0
2026-07-09T14:30:52.978	435	904	606	1138	2913	2854	3347	3693	3932	512	26.31	1018.41	55.93	227668	AS7341	flash	5	100	999	10	0.0	0.0
2026-07-09T14:30:54.991	435	904	606	1137	2912	2853	3346	3693	3931	512	26.31	1018.4	55.97	227510	AS7341	flash	5	100	999	10	0.0	0.0
2026-07-09T14:30:57.006	435	904	606	1137	2911	2852	3346	3694	3931	512	26.32	1018.41	56.04	226415	AS7341	flash	5	100	999	10	0.0	0.0
2026-07-09T14:30:58.907	435	904	606	1136	2909	2850	3344	3693	3929	512	26.33	1018.43	56.07	227353	AS7341	flash	5	100	999	10	0.0	0.0
2026-07-09T14:31:00.917	435	904	606	1136	2908	2849	3343	3693	3928	512	26.32	1018.42	56.05	227040	AS7341	flash	5	100	999	10	0.0	0.0
2026-07-09T14:31:02.941	435	904	606	1136	2907	2848	3343	3693	3928	512	26.32	1018.45	56.04	227040	AS7341	flash	5	100	999	10	0.0	0.0
2026-07-09T14:31:04.955	435	905	606	1135	2906	2848	3342	3693	3927	512	26.32	1018.42	56.03	225795	AS7341	flash	5	100	999	10	0.0	0.0
2026-07-09T14:31:06.964	435	905	606	1135	2905	2846	3341	3693	3926	512	26.32	1018.41	56.05	226105	AS7341	flash	5	100	999	10	0.0	0.0
2026-07-09T14:31:08.978	435	905	606	1134	2903	2844	3339	3691	3924	511	26.32	1018.42	56.07	226105	AS7341	flash	5	100	999	10	0.0	0.0
2026-07-09T14:31:10.992	434	905	606	1134	2902	2843	3338	3691	3924	511	26.32	1018.41	56.16	225795	AS7341	flash	5	100	999	10	0.0	0.0
2026-07-09T14:31:13.005	434	905	605	1134	2901	2842	3338	3691	3923	511	26.32	1018.43	56.24	225795	AS7341	flash	5	100	999	10	0.0	0.0
2026-07-09T14:31:14.915	434	905	605	1133	2899	2840	3336	3690	3921	511	26.33	1018.42	56.33	226105	AS7341	flash	5	100	999	10	0.0	0.0
2026-07-09T14:31:16.930	434	905	605	1133	2899	2840	3336	3691	3921	511	26.33	1018.42	56.4	225485	AS7341	flash	5	100	999	10	0.0	0.0
2026-07-09T14:31:18.948	434	905	605	1132	2898	2839	3335	3690	3920	511	26.33	1018.44	56.48	224870	AS7341	flash	5	100	999	10	0.0	0.0
2026-07-09T14:31:20.971	434	905	605	1132	2897	2838	3334	3690	3920	511	26.33	1018.43	56.6	224257	AS7341	flash	5	100	999	10	0.0	0.0
2026-07-09T14:31:22.982	434	905	605	1132	2896	2836	3333	3689	3918	511	26.33	1018.44	56.72	223042	AS7341	flash	5	100	999	10	0.0	0.0
2026-07-09T14:31:24.994	434	905	605	1131	2894	2835	3331	3688	3917	511	26.33	1018.4	56.83	222289	AS7341	flash	5	100	999	10	0.0	0.0
2026-07-09T14:31:27.007	434	905	605	1131	2894	2835	3332	3689	3917	511	26.34	1018.43	56.89	222439	AS7341	flash	5	100	999	10	0.0	0.0
2026-07-09T14:31:28.909	434	905	605	1131	2892	2833	3329	3687	3914	511	26.35	1018.42	56.94	223800	AS7341	flash	5	100	999	10	0.0	0.0
2026-07-09T14:31:30.918	434	906	605	1130	2891	2832	3328	3687	3914	511	26.34	1018.44	56.96	221542	AS7341	flash	5	100	999	10	0.0	0.0
2026-07-09T14:31:32.931	434	906	605	1130	2890	2831	3327	3686	3912	510	26.35	1018.44	57.0	221840	AS7341	flash	5	100	999	10	0.0	0.0
2026-07-09T14:31:34.943	434	906	605	1130	2890	2831	3328	3688	3913	511	26.35	1018.43	57.08	221542	AS7341	flash	5	100	999	10	0.0	0.0
2026-07-09T14:31:36.955	434	906	605	1129	2887	2828	3325	3685	3910	510	26.35	1018.43	57.13	220799	AS7341	flash	5	100	999	10	0.0	0.0
2026-07-09T14:31:38.982	434	906	605	1129	2888	2828	3325	3686	3911	510	26.35	1018.43	57.19	221096	AS7341	flash	5	100	999	10	0.0	0.0
2026-07-09T14:31:41.008	433	906	605	1129	2886	2827	3325	3685	3910	510	26.35	1018.41	57.23	220209	AS7341	flash	5	100	999	10	0.0	0.0
2026-07-09T14:31:42.914	433	906	605	1128	2885	2826	3323	3684	3908	510	26.37	1018.45	57.27	222439	AS7341	flash	5	100	999	10	0.0	0.0
2026-07-09T14:31:44.922	433	906	605	1128	2884	2825	3322	3684	3908	510	26.36	1018.41	57.34	220651	AS7341	flash	5	100	999	10	0.0	0.0
2026-07-09T14:31:46.934	434	906	605	1128	2884	2825	3323	3685	3908	510	26.37	1018.42	57.4	219621	AS7341	flash	5	100	999	10	0.0	0.0
2026-07-09T14:31:48.946	434	906	605	1128	2882	2823	3321	3684	3906	510	26.37	1018.44	57.49	220356	AS7341	flash	5	100	999	10	0.0	0.0
2026-07-09T14:31:50.960	433	907	605	1128	2883	2824	3322	3685	3908	510	26.37	1018.43	57.57	219329	AS7341	flash	5	100	999	10	0.0	0.0
2026-07-09T14:31:52.978	433	906	605	1127	2880	2821	3319	3682	3904	510	26.38	1018.45	57.6	218891	AS7341	flash	5	100	999	10	0.0	0.0
2026-07-09T14:31:54.991	433	906	605	1127	2880	2820	3319	3683	3904	510	26.38	1018.45	57.64	217734	AS7341	flash	5	100	999	10	0.0	0.0
2026-07-09T14:31:56.908	433	906	605	1126	2878	2819	3317	3681	3902	509	26.39	1018.44	57.66	218601	AS7341	flash	5	100	999	10	0.0	0.0
2026-07-09T14:31:58.928	433	907	605	1126	2878	2819	3317	3682	3903	510	26.39	1018.44	57.67	219037	AS7341	flash	5	100	999	10	0.0	0.0
2026-07-09T14:32:00.938	433	907	605	1126	2876	2818	3316	3681	3901	509	26.39	1018.45	57.72	218601	AS7341	flash	5	100	999	10	0.0	0.0
2026-07-09T14:32:02.963	433	907	605	1126	2876	2817	3316	3681	3901	509	26.39	1018.43	57.8	217303	AS7341	flash	5	100	999	10	0.0	0.0
2026-07-09T14:32:04.975	433	907	605	1126	2876	2817	3316	3681	3901	509	26.4	1018.45	57.84	217446	AS7341	flash	5	100	999	10	0.0	0.0
2026-07-09T14:32:06.989	433	907	605	1125	2875	2816	3314	3680	3900	509	26.41	1018.45	57.79	217878	AS7341	flash	5	100	999	10	0.0	0.0
2026-07-09T14:32:08.997	433	907	605	1125	2874	2815	3314	3681	3899	509	26.4	1018.41	57.65	216588	AS7341	flash	5	100	999	10	0.0	0.0
2026-07-09T14:32:11.007	433	907	605	1125	2873	2814	3313	3680	3898	509	26.4	1018.43	57.59	217446	AS7341	flash	5	100	999	10	0.0	0.0
2026-07-09T14:32:12.906	433	907	605	1124	2872	2813	3312	3679	3898	509	26.41	1018.4	57.58	218891	AS7341	flash	5	100	999	10	0.0	0.0
2026-07-09T14:32:14.929	433	907	605	1124	2872	2813	3312	3679	3897	509	26.41	1018.45	57.63	218456	AS7341	flash	5	100	999	10	0.0	0.0
2026-07-09T14:32:16.950	433	907	605	1124	2872	2812	3312	3679	3897	509	26.4	1018.46	57.65	218022	AS7341	flash	5	100	999	10	0.0	0.0
2026-07-09T14:32:18.967	433	907	605	1124	2871	2811	3311	3679	3896	508	26.4	1018.43	57.65	218891	AS7341	flash	5	100	999	10	0.0	0.0
2026-07-09T14:32:20.994	433	907	605	1124	2869	2810	3310	3678	3895	509	26.4	1018.43	57.61	217303	AS7341	flash	5	100	999	10	0.0	0.0
2026-07-09T14:32:23.004	432	907	605	1123	2868	2809	3309	3677	3894	509	26.41	1018.43	57.58	217159	AS7341	flash	5	100	999	10	0.0	0.0
2026-07-09T14:32:24.912	433	907	605	1123	2867	2808	3307	3676	3892	508	26.41	1018.45	57.64	218456	AS7341	flash	5	100	999	10	0.0	0.0
2026-07-09T14:32:26.935	433	908	605	1123	2869	2810	3309	3678	3895	509	26.4	1018.42	57.65	218022	AS7341	flash	5	100	999	10	0.0	0.0
2026-07-09T14:32:28.955	433	908	605	1123	2868	2808	3308	3678	3894	509	26.4	1018.45	57.67	217878	AS7341	flash	5	100	999	10	0.0	0.0
2026-07-09T14:32:30.970	433	908	605	1123	2866	2807	3307	3677	3892	509	26.4	1018.45	57.72	218022	AS7341	flash	5	100	999	10	0.0	0.0
2026-07-09T14:32:32.978	433	908	605	1122	2865	2806	3306	3676	3891	508	26.39	1018.45	57.78	217734	AS7341	flash	5	100	999	10	0.0	0.0
2026-07-09T14:32:34.993	432	908	605	1122	2865	2806	3306	3676	3891	508	26.4	1018.46	57.84	216731	AS7341	flash	5	100	999	10	0.0	0.0
2026-07-09T14:32:37.005	433	908	605	1122	2864	2805	3305	3676	3891	508	26.4	1018.43	57.84	217159	AS7341	flash	5	100	999	10	0.0	0.0
2026-07-09T14:32:38.911	432	908	604	1121	2863	2803	3303	3674	3889	508	26.4	1018.44	57.9	217303	AS7341	flash	5	100	999	10	0.0	0.0
2026-07-09T14:32:40.924	432	908	604	1121	2862	2803	3303	3674	3888	508	26.39	1018.45	58.02	217016	AS7341	flash	5	100	999	10	0.0	0.0
2026-07-09T14:32:42.938	432	908	605	1121	2862	2803	3303	3674	3888	508	26.4	1018.49	58.13	217016	AS7341	flash	5	100	999	10	0.0	0.0
2026-07-09T14:32:44.963	432	908	604	1121	2862	2802	3303	3675	3888	508	26.4	1018.45	58.18	215878	AS7341	flash	5	100	999	10	0.0	0.0
2026-07-09T14:32:46.982	432	908	605	1121	2861	2802	3302	3674	3887	508	26.4	1018.46	58.23	215033	AS7341	flash	5	100	999	10	0.0	0.0
2026-07-09T14:32:48.993	432	908	604	1121	2860	2800	3301	3673	3886	508	26.4	1018.43	58.27	215314	AS7341	flash	5	100	999	10	0.0	0.0
2026-07-09T14:32:51.006	432	908	604	1120	2859	2800	3301	3672	3885	508	26.4	1018.43	58.34	215737	AS7341	flash	5	100	999	10	0.0	0.0
2026-07-09T14:32:52.906	432	908	604	1120	2858	2798	3299	3671	3884	508	26.41	1018.43	58.37	216304	AS7341	flash	5	100	999	10	0.0	0.0
2026-07-09T14:32:54.916	432	908	604	1120	2858	2798	3299	3671	3884	508	26.41	1018.45	58.41	216446	AS7341	flash	5	100	999	10	0.0	0.0
2026-07-09T14:32:56.934	432	909	604	1120	2857	2797	3298	3671	3883	508	26.41	1018.46	58.42	215737	AS7341	flash	5	100	999	10	0.0	0.0
2026-07-09T14:32:58.945	432	909	604	1120	2857	2798	3298	3672	3883	508	26.41	1018.43	58.37	216588	AS7341	flash	5	100	999	10	0.0	0.0
2026-07-09T14:33:00.953	432	909	604	1120	2857	2798	3298	3672	3884	508	26.41	1018.45	58.35	215737	AS7341	flash	5	100	999	10	0.0	0.0
2026-07-09T14:33:02.967	432	909	604	1119	2856	2796	3297	3670	3882	507	26.42	1018.47	58.36	214892	AS7341	flash	5	100	999	10	0.0	0.0
2026-07-09T14:33:04.979	432	909	604	1119	2856	2796	3297	3671	3882	508	26.42	1018.45	58.43	214892	AS7341	flash	5	100	999	10	0.0	0.0
2026-07-09T14:33:06.990	432	909	604	1119	2855	2795	3296	3670	3881	508	26.42	1018.44	58.46	214612	AS7341	flash	5	100	999	10	0.0	0.0
2026-07-09T14:33:09.001	432	909	604	1119	2855	2795	3296	3671	3881	508	26.42	1018.45	58.53	214752	AS7341	flash	5	100	999	10	0.0	0.0
2026-07-09T14:33:10.903	432	909	604	1119	2853	2793	3294	3669	3879	507	26.43	1018.44	58.58	215033	AS7341	flash	5	100	999	10	0.0	0.0
2026-07-09T14:33:12.920	432	909	604	1119	2853	2794	3295	3670	3880	507	26.43	1018.43	58.66	213776	AS7341	flash	5	100	999	10	0.0	0.0
2026-07-09T14:33:14.947	432	909	604	1118	2853	2793	3295	3670	3880	507	26.42	1018.45	58.66	214054	AS7341	flash	5	100	999	10	0.0	0.0
2026-07-09T14:33:16.957	432	910	605	1119	2853	2794	3295	3670	3880	507	26.42	1018.45	58.71	214054	AS7341	flash	5	100	999	10	0.0	0.0
2026-07-09T14:33:18.971	432	909	604	1118	2852	2792	3293	3669	3879	507	26.42	1018.44	58.79	212672	AS7341	flash	5	100	999	10	0.0	0.0
2026-07-09T14:33:20.992	432	909	604	1118	2852	2792	3293	3669	3878	507	26.43	1018.44	58.84	212672	AS7341	flash	5	100	999	10	0.0	0.0
2026-07-09T14:33:23.006	432	909	604	1118	2851	2791	3292	3668	3878	507	26.43	1018.46	58.89	212672	AS7341	flash	5	100	999	10	0.0	0.0
2026-07-09T14:33:24.905	432	909	604	1117	2850	2790	3292	3668	3877	507	26.44	1018.45	58.91	214054	AS7341	flash	5	100	999	10	0.0	0.0
2026-07-09T14:33:26.917	432	909	604	1118	2850	2790	3291	3668	3877	507	26.43	1018.44	58.89	213223	AS7341	flash	5	100	999	10	0.0	0.0
2026-07-09T14:33:28.925	432	909	604	1118	2849	2790	3291	3668	3877	507	26.43	1018.47	58.87	212535	AS7341	flash	5	100	999	10	0.0	0.0
2026-07-09T14:33:30.946	432	910	604	1117	2849	2789	3290	3667	3876	507	26.43	1018.45	58.89	213085	AS7341	flash	5	100	999	10	0.0	0.0
2026-07-09T14:33:32.964	432	910	604	1117	2849	2790	3291	3668	3877	507	26.43	1018.46	58.89	212672	AS7341	flash	5	100	999	10	0.0	0.0
2026-07-09T14:33:34.983	432	910	604	1117	2849	2789	3290	3668	3876	507	26.43	1018.46	58.9	212947	AS7341	flash	5	100	999	10	0.0	0.0
2026-07-09T14:33:36.995	432	910	604	1117	2848	2789	3291	3667	3876	507	26.43	1018.49	58.91	212947	AS7341	flash	5	100	999	10	0.0	0.0
2026-07-09T14:33:39.010	432	910	604	1117	2848	2788	3290	3668	3876	507	26.43	1018.42	58.87	212261	AS7341	flash	5	100	999	10	0.0	0.0
2026-07-09T14:33:40.915	432	910	604	1117	2847	2787	3289	3667	3875	507	26.45	1018.47	58.88	213223	AS7341	flash	5	100	999	10	0.0	0.0
2026-07-09T14:33:42.929	432	910	604	1116	2846	2786	3288	3665	3873	507	26.44	1018.47	58.93	213223	AS7341	flash	5	100	999	10	0.0	0.0
2026-07-09T14:33:44.943	431	910	604	1116	2845	2785	3287	3665	3872	507	26.45	1018.45	59.01	212261	AS7341	flash	5	100	999	10	0.0	0.0
2026-07-09T14:33:46.953	432	910	604	1117	2846	2787	3288	3667	3874	507	26.44	1018.43	59.07	212398	AS7341	flash	5	100	999	10	0.0	0.0
2026-07-09T14:33:48.968	431	910	604	1116	2845	2785	3287	3665	3872	507	26.44	1018.42	59.14	211988	AS7341	flash	5	100	999	10	0.0	0.0
2026-07-09T14:33:50.979	432	910	604	1116	2845	2785	3287	3666	3872	507	26.44	1018.42	59.15	211851	AS7341	flash	5	100	999	10	0.0	0.0
2026-07-09T14:33:52.997	431	910	604	1116	2846	2785	3288	3667	3873	507	26.44	1018.44	59.11	211988	AS7341	flash	5	100	999	10	0.0	0.0
2026-07-09T14:33:55.008	432	910	604	1116	2845	2785	3287	3666	3872	507	26.45	1018.43	59.1	211851	AS7341	flash	5	100	999	10	0.0	0.0
2026-07-09T14:33:56.921	431	910	604	1115	2844	2784	3286	3665	3871	507	26.45	1018.43	59.1	212947	AS7341	flash	5	100	999	10	0.0	0.0
2026-07-09T14:33:58.938	431	910	604	1116	2844	2784	3286	3666	3872	507	26.44	1018.44	59.07	212124	AS7341	flash	5	100	999	10	0.0	0.0
2026-07-09T14:34:00.953	431	911	604	1116	2844	2784	3286	3666	3871	507	26.45	1018.42	59.1	212261	AS7341	flash	5	100	999	10	0.0	0.0
2026-07-09T14:34:02.970	431	911	604	1115	2842	2783	3285	3664	3870	507	26.45	1018.42	59.12	211307	AS7341	flash	5	100	999	10	0.0	0.0
2026-07-09T14:34:04.982	431	911	604	1115	2842	2783	3285	3665	3871	507	26.45	1018.46	59.17	211988	AS7341	flash	5	100	999	10	0.0	0.0
2026-07-09T14:34:07.003	431	911	604	1115	2842	2783	3285	3665	3871	507	26.45	1018.43	59.2	211443	AS7341	flash	5	100	999	10	0.0	0.0
2026-07-09T14:34:08.911	431	910	604	1115	2840	2780	3283	3662	3868	506	26.46	1018.46	59.2	211037	AS7341	flash	5	100	999	10	0.0	0.0
2026-07-09T14:34:10.924	431	911	604	1115	2841	2781	3284	3664	3869	506	26.45	1018.42	59.14	212261	AS7341	flash	5	100	999	10	0.0	0.0
2026-07-09T14:34:12.948	431	911	604	1115	2841	2781	3284	3664	3870	506	26.46	1018.43	59.12	211307	AS7341	flash	5	100	999	10	0.0	0.0
2026-07-09T14:34:14.958	431	911	604	1115	2840	2780	3282	3663	3868	506	26.45	1018.42	59.16	211307	AS7341	flash	5	100	999	10	0.0	0.0
2026-07-09T14:34:16.970	431	911	604	1115	2840	2781	3283	3664	3869	506	26.46	1018.43	59.21	211851	AS7341	flash	5	100	999	10	0.0	0.0
2026-07-09T14:34:18.984	431	911	604	1115	2840	2780	3282	3663	3868	506	26.46	1018.48	59.21	210632	AS7341	flash	5	100	999	10	0.0	0.0
2026-07-09T14:34:20.992	431	911	604	1114	2840	2780	3282	3663	3868	506	26.46	1018.44	59.22	211579	AS7341	flash	5	100	999	10	0.0	0.0
2026-07-09T14:34:23.007	431	911	604	1114	2839	2780	3282	3663	3868	506	26.46	1018.43	59.23	211443	AS7341	flash	5	100	999	10	0.0	0.0
2026-07-09T14:34:24.925	431	911	604	1114	2838	2779	3281	3662	3867	506	26.47	1018.39	59.23	211988	AS7341	flash	5	100	999	10	0.0	0.0
2026-07-09T14:34:26.933	431	911	604	1114	2839	2779	3282	3663	3867	506	26.46	1018.42	59.14	211851	AS7341	flash	5	100	999	10	0.0	0.0
2026-07-09T14:34:28.939	431	911	604	1114	2838	2778	3281	3663	3867	506	26.48	1018.43	59.11	211851	AS7341	flash	5	100	999	10	0.0	0.0
2026-07-09T14:34:30.956	431	911	604	1114	2838	2778	3280	3662	3866	506	26.46	1018.41	59.12	211443	AS7341	flash	5	100	999	10	0.0	0.0
2026-07-09T14:34:32.968	431	911	604	1114	2838	2778	3281	3662	3866	506	26.47	1018.43	59.11	211307	AS7341	flash	5	100	999	10	0.0	0.0
2026-07-09T14:34:34.990	431	911	604	1114	2837	2777	3280	3662	3865	506	26.47	1018.45	59.13	211579	AS7341	flash	5	100	999	10	0.0	0.0
2026-07-09T14:34:37.002	431	911	604	1113	2837	2777	3280	3662	3866	506	26.47	1018.41	59.12	211851	AS7341	flash	5	100	999	10	0.0	0.0
2026-07-09T14:34:38.904	431	911	604	1113	2836	2776	3279	3661	3864	506	26.49	1018.45	59.09	212124	AS7341	flash	5	100	999	10	0.0	0.0
2026-07-09T14:34:40.916	431	911	604	1113	2835	2776	3278	3660	3864	506	26.48	1018.41	59.11	212809	AS7341	flash	5	100	999	10	0.0	0.0
2026-07-09T14:34:42.927	431	912	604	1113	2836	2776	3279	3662	3864	506	26.49	1018.45	59.12	211307	AS7341	flash	5	100	999	10	0.0	0.0
2026-07-09T14:34:44.942	431	911	604	1113	2836	2776	3279	3661	3864	506	26.48	1018.43	59.13	211307	AS7341	flash	5	100	999	10	0.0	0.0
2026-07-09T14:34:46.956	431	912	604	1113	2835	2775	3277	3660	3863	506	26.49	1018.45	59.09	211715	AS7341	flash	5	100	999	10	0.0	0.0
2026-07-09T14:34:48.964	431	912	604	1113	2835	2775	3278	3661	3863	506	26.48	1018.43	59.04	212124	AS7341	flash	5	100	999	10	0.0	0.0
2026-07-09T14:34:50.984	431	912	604	1113	2835	2774	3278	3661	3863	506	26.48	1018.42	59.07	210767	AS7341	flash	5	100	999	10	0.0	0.0
2026-07-09T14:34:53.008	431	912	604	1113	2835	2775	3278	3661	3864	506	26.49	1018.41	59.17	211443	AS7341	flash	5	100	999	10	0.0	0.0
2026-07-09T14:34:54.912	431	912	604	1112	2834	2773	3276	3660	3862	506	26.5	1018.44	59.25	211443	AS7341	flash	5	100	999	10	0.0	0.0
2026-07-09T14:34:56.936	431	912	604	1112	2833	2773	3276	3659	3862	506	26.48	1018.43	59.34	211307	AS7341	flash	5	100	999	10	0.0	0.0
2026-07-09T14:34:58.948	431	912	604	1112	2833	2773	3276	3660	3862	506	26.48	1018.4	59.41	210632	AS7341	flash	5	100	999	10	0.0	0.0
2026-07-09T14:35:00.963	431	912	604	1112	2832	2772	3275	3659	3860	506	26.49	1018.43	59.43	210902	AS7341	flash	5	100	999	10	0.0	0.0
2026-07-09T14:35:02.976	431	912	604	1113	2833	2773	3276	3660	3862	506	26.49	1018.45	59.41	211443	AS7341	flash	5	100	999	10	0.0	0.0
2026-07-09T14:35:04.987	431	912	604	1112	2833	2773	3276	3660	3862	506	26.49	1018.45	59.37	212124	AS7341	flash	5	100	999	10	0.0	0.0
2026-07-09T14:35:06.999	431	912	604	1112	2833	2772	3275	3660	3861	506	26.48	1018.4	59.31	211307	AS7341	flash	5	100	999	10	0.0	0.0
2026-07-09T14:35:08.913	431	911	604	1111	2831	2770	3273	3657	3859	505	26.5	1018.44	59.31	211307	AS7341	flash	5	100	999	10	0.0	0.0
2026-07-09T14:35:10.937	431	912	604	1112	2831	2771	3274	3659	3860	506	26.49	1018.45	59.32	210767	AS7341	flash	5	100	999	10	0.0	0.0
2026-07-09T14:35:12.950	431	912	604	1112	2831	2771	3274	3658	3860	506	26.49	1018.44	59.37	209560	AS7341	flash	5	100	999	10	0.0	0.0
2026-07-09T14:35:14.962	431	912	604	1112	2831	2771	3274	3659	3860	506	26.5	1018.46	59.43	210228	AS7341	flash	5	100	999	10	0.0	0.0
2026-07-09T14:35:16.984	431	912	604	1112	2831	2771	3274	3659	3860	506	26.49	1018.44	59.46	210632	AS7341	flash	5	100	999	10	0.0	0.0
2026-07-09T14:35:18.992	431	912	604	1112	2830	2770	3273	3658	3859	505	26.5	1018.43	59.49	210767	AS7341	flash	5	100	999	10	0.0	0.0
2026-07-09T14:35:21.004	431	912	604	1112	2830	2770	3273	3658	3859	505	26.5	1018.43	59.49	210228	AS7341	flash	5	100	999	10	0.0	0.0
2026-07-09T14:35:22.907	431	912	604	1111	2829	2769	3273	3658	3858	505	26.51	1018.45	59.49	210228	AS7341	flash	5	100	999	10	0.0	0.0
2026-07-09T14:35:24.915	431	912	604	1111	2829	2769	3272	3657	3858	505	26.5	1018.46	59.47	210767	AS7341	flash	5	100	999	10	0.0	0.0
2026-07-09T14:35:26.924	431	912	604	1111	2830	2770	3273	3658	3859	505	26.5	1018.44	59.5	210767	AS7341	flash	5	100	999	10	0.0	0.0
2026-07-09T14:35:28.936	431	912	604	1111	2829	2769	3272	3658	3858	505	26.5	1018.45	59.56	210497	AS7341	flash	5	100	999	10	0.0	0.0
2026-07-09T14:35:30.949	431	912	604	1111	2829	2768	3272	3657	3857	505	26.5	1018.44	59.56	210094	AS7341	flash	5	100	999	10	0.0	0.0
2026-07-09T14:35:32.975	431	912	604	1111	2828	2768	3271	3657	3856	505	26.5	1018.42	59.45	211307	AS7341	flash	5	100	999	10	0.0	0.0
2026-07-09T14:35:34.987	431	912	604	1111	2829	2768	3272	3657	3858	505	26.5	1018.43	59.32	211579	AS7341	flash	5	100	999	10	0.0	0.0
2026-07-09T14:35:36.902	431	912	604	1111	2828	2768	3271	3656	3857	505	26.51	1018.44	59.28	211579	AS7341	flash	5	100	999	10	0.0	0.0
