timestamp	f1_415	f2_445	f3_480	f4_515	f5_555	f6_590	f7_630	f8_680	clear	nir	T	P	RH	Gas	model	mode	gain	atime	astep	led	pwm	led_V
2026-07-09T16:54:25.375	445	933	625	1152	2951	2895	3410	3720	3962	519	27.3	1017.8	56.55	242951	AS7341	flash	5	100	999	10	100.0	0.15
2026-07-09T16:54:27.357	445	933	623	1152	2950	2894	3409	3719	3962	519	27.3	1017.77	55.89	243130	AS7341	flash	5	100	999	10	100.0	0.15
2026-07-09T16:54:29.340	445	934	625	1152	2950	2894	3409	3717	3961	519	27.3	1017.78	55.37	246036	AS7341	flash	5	100	999	10	100.0	0.15
2026-07-09T16:54:31.319	445	934	625	1153	2950	2893	3406	3715	3959	519	27.3	1017.77	54.99	247888	AS7341	flash	5	100	999	10	100.0	0.15
2026-07-09T16:54:33.398	445	935	624	1153	2950	2893	3406	3714	3960	519	27.29	1017.79	54.7	246220	AS7341	flash	5	100	999	10	100.0	0.15
2026-07-09T16:54:35.383	445	935	625	1153	2949	2891	3404	3712	3958	518	27.29	1017.75	54.48	247888	AS7341	flash	5	100	999	10	100.0	0.15
2026-07-09T16:54:37.371	445	934	625	1153	2949	2891	3404	3712	3957	518	27.3	1017.78	54.3	249390	AS7341	flash	5	100	999	10	100.0	0.15
2026-07-09T16:54:39.361	445	934	625	1153	2950	2893	3405	3711	3959	518	27.29	1017.76	54.17	250528	AS7341	flash	5	100	999	10	100.0	0.15
2026-07-09T16:54:41.348	445	934	625	1153	2951	2893	3405	3711	3960	518	27.3	1017.81	54.06	250910	AS7341	flash	5	100	999	10	100.0	0.15
2026-07-09T16:54:43.338	445	934	625	1153	2951	2893	3405	3709	3958	518	27.29	1017.77	53.99	251292	AS7341	flash	5	100	999	10	100.0	0.15
2026-07-09T16:54:45.323	445	934	625	1153	2951	2893	3405	3710	3958	518	27.3	1017.77	53.92	252255	AS7341	flash	5	100	999	10	100.0	0.15
2026-07-09T16:54:47.309	445	934	624	1154	2951	2894	3404	3709	3958	518	27.3	1017.81	53.88	252836	AS7341	flash	5	100	999	10	100.0	0.15
2026-07-09T16:54:49.388	445	934	624	1154	2953	2896	3408	3711	3960	519	27.3	1017.79	53.82	251677	AS7341	flash	5	100	999	10	100.0	0.15
2026-07-09T16:54:51.368	445	935	624	1154	2954	2897	3407	3711	3962	519	27.31	1017.79	53.81	253810	AS7341	flash	5	100	999	10	100.0	0.15
2026-07-09T16:54:53.364	445	935	625	1154	2954	2897	3408	3712	3962	519	27.31	1017.79	53.78	254595	AS7341	flash	5	100	999	10	100.0	0.15
2026-07-09T16:54:55.355	445	935	624	1155	2955	2897	3408	3713	3962	519	27.31	1017.76	53.75	252642	AS7341	flash	5	100	999	10	100.0	0.15
2026-07-09T16:54:57.344	445	934	625	1154	2956	2899	3410	3713	3964	519	27.31	1017.76	53.74	255980	AS7341	flash	5	100	999	10	100.0	0.15
2026-07-09T16:54:59.326	445	934	624	1154	2955	2899	3409	3711	3963	519	27.31	1017.78	53.72	253810	AS7341	flash	5	100	999	10	100.0	0.15
2026-07-09T16:55:01.309	445	934	624	1155	2958	2900	3412	3714	3966	519	27.32	1017.78	53.72	255583	AS7341	flash	5	100	999	10	100.0	0.15
2026-07-09T16:55:03.392	445	934	624	1156	2959	2903	3414	3716	3967	520	27.31	1017.79	53.72	255583	AS7341	flash	5	100	999	10	100.0	0.15
2026-07-09T16:55:05.378	445	933	624	1155	2959	2903	3413	3715	3966	519	27.32	1017.78	53.69	254595	AS7341	flash	5	100	999	10	100.0	0.15
2026-07-09T16:55:07.369	445	933	624	1156	2959	2903	3414	3716	3967	520	27.32	1017.78	53.7	254595	AS7341	flash	5	100	999	10	100.0	0.15
2026-07-09T16:55:09.362	445	934	625	1157	2961	2904	3416	3717	3969	520	27.33	1017.78	53.69	254595	AS7341	flash	5	100	999	10	100.0	0.15
2026-07-09T16:55:11.359	445	933	625	1156	2962	2907	3419	3719	3971	520	27.33	1017.78	53.69	256979	AS7341	flash	5	100	999	10	100.0	0.15
2026-07-09T16:55:13.344	446	933	625	1157	2965	2909	3422	3721	3973	520	27.34	1017.77	53.7	255583	AS7341	flash	5	100	999	10	100.0	0.15
2026-07-09T16:55:15.334	446	932	625	1157	2967	2912	3423	3722	3975	520	27.35	1017.78	53.68	255385	AS7341	flash	5	100	999	10	100.0	0.15
2026-07-09T16:55:17.322	446	933	625	1158	2967	2911	3424	3724	3975	519	27.35	1017.77	53.68	255980	AS7341	flash	5	100	999	10	100.0	0.15
2026-07-09T16:55:19.409	446	932	625	1158	2969	2914	3427	3725	3978	520	27.35	1017.79	53.69	255187	AS7341	flash	5	100	999	10	100.0	0.15
2026-07-09T16:55:21.398	446	932	625	1158	2969	2914	3427	3725	3978	520	27.35	1017.8	53.68	254202	AS7341	flash	5	100	999	10	100.0	0.15
2026-07-09T16:55:23.390	446	932	625	1158	2967	2913	3426	3724	3976	520	27.36	1017.75	53.68	256379	AS7341	flash	5	100	999	10	100.0	0.15
2026-07-09T16:55:25.382	446	932	625	1158	2968	2913	3424	3723	3976	520	27.36	1017.81	53.68	255583	AS7341	flash	5	100	999	10	100.0	0.15
2026-07-09T16:55:27.379	446	932	625	1158	2969	2914	3425	3724	3978	520	27.37	1017.76	53.69	255187	AS7341	flash	5	100	999	10	100.0	0.15
2026-07-09T16:55:29.372	446	932	624	1158	2968	2913	3425	3724	3977	520	27.37	1017.76	53.67	255781	AS7341	flash	5	100	999	10	100.0	0.15
2026-07-09T16:55:31.361	446	932	624	1159	2968	2914	3425	3724	3977	520	27.38	1017.77	53.67	254595	AS7341	flash	5	100	999	10	100.0	0.15
2026-07-09T16:55:33.347	446	932	625	1158	2969	2914	3425	3724	3977	520	27.38	1017.79	53.67	255583	AS7341	flash	5	100	999	10	100.0	0.15
2026-07-09T16:55:35.339	446	932	625	1159	2969	2914	3427	3724	3978	520	27.38	1017.77	53.66	254006	AS7341	flash	5	100	999	10	100.0	0.15
2026-07-09T16:55:37.328	446	932	625	1158	2968	2913	3424	3723	3977	520	27.39	1017.78	53.66	255187	AS7341	flash	5	100	999	10	100.0	0.15
2026-07-09T16:55:39.317	446	932	624	1159	2968	2913	3424	3723	3977	520	27.39	1017.77	53.66	255781	AS7341	flash	5	100	999	10	100.0	0.15
2026-07-09T16:55:41.309	446	932	624	1158	2968	2912	3423	3723	3976	520	27.41	1017.78	53.67	254006	AS7341	flash	5	100	999	10	100.0	0.15
2026-07-09T16:55:43.394	446	934	625	1158	2968	2912	3424	3723	3976	520	27.4	1017.79	53.66	255980	AS7341	flash	5	100	999	10	100.0	0.15
2026-07-09T16:55:45.387	446	933	626	1158	2967	2911	3423	3722	3975	520	27.41	1017.77	53.67	255187	AS7341	flash	5	100	999	10	100.0	0.15
2026-07-09T16:55:47.383	446	933	626	1157	2966	2909	3420	3720	3974	520	27.42	1017.77	53.67	256379	AS7341	flash	5	100	999	10	100.0	0.15
2026-07-09T16:55:49.370	446	933	626	1157	2965	2908	3419	3719	3972	519	27.42	1017.74	53.65	254202	AS7341	flash	5	100	999	10	100.0	0.15
2026-07-09T16:55:51.363	446	933	626	1158	2965	2908	3418	3719	3972	520	27.42	1017.76	53.66	254792	AS7341	flash	5	100	999	10	100.0	0.15
2026-07-09T16:55:53.348	445	933	625	1157	2963	2906	3417	3717	3970	520	27.44	1017.77	53.65	254792	AS7341	flash	5	100	999	10	100.0	0.15
2026-07-09T16:55:55.336	446	934	626	1157	2963	2905	3416	3717	3970	519	27.45	1017.76	53.65	254792	AS7341	flash	5	100	999	10	100.0	0.15
2026-07-09T16:55:57.328	446	934	626	1157	2962	2906	3416	3716	3970	520	27.45	1017.75	53.65	256379	AS7341	flash	5	100	999	10	100.0	0.15
2026-07-09T16:55:59.320	445	934	626	1157	2961	2903	3414	3715	3967	520	27.46	1017.77	53.64	255385	AS7341	flash	5	100	999	10	100.0	0.15
2026-07-09T16:56:01.408	446	935	626	1157	2961	2904	3415	3715	3969	520	27.45	1017.78	53.63	254792	AS7341	flash	5	100	999	10	100.0	0.15
2026-07-09T16:56:03.398	445	934	626	1156	2960	2902	3414	3714	3967	520	27.46	1017.79	53.65	253225	AS7341	flash	5	100	999	10	100.0	0.15
2026-07-09T16:56:05.381	445	935	625	1156	2960	2902	3413	3714	3967	520	27.47	1017.74	53.65	255385	AS7341	flash	5	100	999	10	100.0	0.15
2026-07-09T16:56:07.364	445	934	625	1156	2959	2901	3411	3712	3966	519	27.47	1017.76	53.64	254595	AS7341	flash	5	100	999	10	100.0	0.15
2026-07-09T16:56:09.357	445	934	625	1155	2960	2901	3411	3714	3967	520	27.48	1017.72	53.64	254202	AS7341	flash	5	100	999	10	100.0	0.15
2026-07-09T16:56:11.343	445	934	625	1157	2960	2901	3413	3713	3967	520	27.48	1017.75	53.64	254006	AS7341	flash	5	100	999	10	100.0	0.15
2026-07-09T16:56:13.332	446	935	626	1156	2959	2899	3410	3712	3965	519	27.49	1017.77	53.64	252836	AS7341	flash	5	100	999	10	100.0	0.15
2026-07-09T16:56:15.317	445	935	626	1156	2958	2901	3410	3712	3965	519	27.49	1017.74	53.63	254006	AS7341	flash	5	100	999	10	100.0	0.15
2026-07-09T16:56:17.408	446	935	625	1157	2959	2901	3411	3712	3966	520	27.49	1017.76	53.64	254792	AS7341	flash	5	100	999	10	100.0	0.15
2026-07-09T16:56:19.405	445	934	626	1155	2959	2899	3410	3712	3964	519	27.5	1017.71	53.65	252448	AS7341	flash	5	100	999	10	100.0	0.15
2026-07-09T16:56:21.397	445	934	625	1156	2958	2900	3410	3712	3966	519	27.51	1017.76	53.65	254006	AS7341	flash	5	100	999	10	100.0	0.15
2026-07-09T16:56:23.384	445	935	625	1156	2959	2901	3410	3712	3966	519	27.51	1017.75	53.63	253810	AS7341	flash	5	100	999	10	100.0	0.15
2026-07-09T16:56:25.365	445	935	625	1156	2958	2900	3409	3711	3965	518	27.52	1017.74	53.64	253810	AS7341	flash	5	100	999	10	100.0	0.15
2026-07-09T16:56:27.351	445	935	625	1156	2957	2900	3408	3710	3964	519	27.52	1017.73	53.63	254006	AS7341	flash	5	100	999	10	100.0	0.15
2026-07-09T16:56:29.339	445	936	626	1156	2957	2899	3407	3710	3963	519	27.53	1017.75	53.63	253615	AS7341	flash	5	100	999	10	100.0	0.15
2026-07-09T16:56:31.336	445	935	626	1156	2958	2899	3409	3711	3964	519	27.53	1017.76	53.62	254006	AS7341	flash	5	100	999	10	100.0	0.15
2026-07-09T16:56:33.325	445	935	625	1155	2956	2897	3407	3708	3962	519	27.54	1017.75	53.63	254792	AS7341	flash	5	100	999	10	100.0	0.15
2026-07-09T16:56:35.411	446	936	625	1156	2957	2898	3408	3709	3963	519	27.54	1017.73	53.62	253225	AS7341	flash	5	100	999	10	100.0	0.15
2026-07-09T16:56:37.404	445	935	626	1155	2956	2897	3406	3708	3962	519	27.55	1017.73	53.62	252836	AS7341	flash	5	100	999	10	100.0	0.15
2026-07-09T16:56:39.396	445	936	627	1155	2956	2897	3407	3708	3962	519	27.55	1017.74	53.61	254595	AS7341	flash	5	100	999	10	100.0	0.15
2026-07-09T16:56:41.393	445	936	626	1155	2956	2895	3405	3708	3962	518	27.55	1017.74	53.6	253225	AS7341	flash	5	100	999	10	100.0	0.15
2026-07-09T16:56:43.380	445	936	626	1155	2955	2896	3405	3707	3960	518	27.56	1017.73	53.6	253030	AS7341	flash	5	100	999	10	100.0	0.15
2026-07-09T16:56:45.369	445	936	626	1154	2954	2895	3404	3706	3959	518	27.57	1017.74	53.58	252836	AS7341	flash	5	100	999	10	100.0	0.15
2026-07-09T16:56:47.355	445	936	625	1155	2954	2895	3403	3706	3960	518	27.57	1017.77	53.58	252836	AS7341	flash	5	100	999	10	100.0	0.15
2026-07-09T16:56:49.344	445	937	626	1155	2954	2893	3402	3704	3959	518	27.56	1017.72	53.58	252448	AS7341	flash	5	100	999	10	100.0	0.15
2026-07-09T16:56:51.335	445	936	625	1155	2953	2893	3401	3704	3958	519	27.57	1017.8	53.57	252448	AS7341	flash	5	100	999	10	100.0	0.15
2026-07-09T16:56:53.315	445	936	625	1154	2952	2893	3401	3703	3957	518	27.57	1017.74	53.57	251869	AS7341	flash	5	100	999	10	100.0	0.15
2026-07-09T16:56:55.403	445	936	626	1155	2953	2892	3401	3704	3958	519	27.57	1017.78	53.57	251677	AS7341	flash	5	100	999	10	100.0	0.15
2026-07-09T16:56:57.393	445	936	626	1154	2951	2891	3399	3701	3955	519	27.57	1017.73	53.56	250910	AS7341	flash	5	100	999	10	100.0	0.15
2026-07-09T16:56:59.391	445	937	626	1154	2952	2891	3399	3703	3956	519	27.58	1017.76	53.57	251484	AS7341	flash	5	100	999	10	100.0	0.15
2026-07-09T16:57:01.377	445	937	626	1154	2950	2889	3396	3700	3954	518	27.58	1017.75	53.55	250910	AS7341	flash	5	100	999	10	100.0	0.15
2026-07-09T16:57:03.365	445	937	625	1153	2950	2889	3397	3701	3954	519	27.59	1017.75	53.55	251484	AS7341	flash	5	100	999	10	100.0	0.15
2026-07-09T16:57:05.367	445	937	626	1154	2949	2888	3397	3699	3953	518	27.59	1017.71	53.54	250910	AS7341	flash	5	100	999	10	100.0	0.15
2026-07-09T16:57:07.357	445	937	626	1154	2950	2889	3395	3699	3954	518	27.6	1017.77	53.52	250528	AS7341	flash	5	100	999	10	100.0	0.15
2026-07-09T16:57:09.347	445	938	626	1154	2949	2888	3396	3699	3953	518	27.6	1017.78	53.52	250910	AS7341	flash	5	100	999	10	100.0	0.15
2026-07-09T16:57:11.338	445	938	627	1154	2948	2887	3394	3698	3952	518	27.6	1017.76	53.52	250719	AS7341	flash	5	100	999	10	100.0	0.15
2026-07-09T16:57:13.325	445	938	626	1153	2947	2886	3393	3697	3951	517	27.61	1017.76	53.51	249768	AS7341	flash	5	100	999	10	100.0	0.15
2026-07-09T16:57:15.319	445	937	626	1153	2948	2887	3394	3698	3952	518	27.61	1017.76	53.51	250337	AS7341	flash	5	100	999	10	100.0	0.15
2026-07-09T16:57:17.412	445	938	625	1154	2947	2886	3393	3697	3951	518	27.61	1017.76	53.52	249768	AS7341	flash	5	100	999	10	100.0	0.15
2026-07-09T16:57:19.408	445	937	626	1153	2949	2887	3394	3697	3952	518	27.61	1017.73	53.51	250147	AS7341	flash	5	100	999	10	100.0	0.15
2026-07-09T16:57:21.402	445	938	625	1153	2948	2886	3393	3696	3951	518	27.63	1017.76	53.49	249768	AS7341	flash	5	100	999	10	100.0	0.15
2026-07-09T16:57:23.383	445	938	626	1153	2948	2886	3393	3697	3951	518	27.63	1017.75	53.48	249768	AS7341	flash	5	100	999	10	100.0	0.15
2026-07-09T16:57:25.366	445	938	626	1153	2947	2885	3392	3695	3951	518	27.64	1017.76	53.48	249579	AS7341	flash	5	100	999	10	100.0	0.15
2026-07-09T16:57:27.350	445	938	627	1153	2947	2886	3392	3695	3951	518	27.64	1017.75	53.46	250147	AS7341	flash	5	100	999	10	100.0	0.15
2026-07-09T16:57:29.337	445	938	627	1153	2946	2885	3391	3694	3949	518	27.65	1017.78	53.47	249957	AS7341	flash	5	100	999	10	100.0	0.15
2026-07-09T16:57:31.328	445	939	627	1153	2946	2884	3391	3695	3949	518	27.65	1017.72	53.45	249768	AS7341	flash	5	100	999	10	100.0	0.15
2026-07-09T16:57:33.412	445	939	627	1153	2947	2884	3392	3695	3951	518	27.64	1017.77	53.46	249390	AS7341	flash	5	100	999	10	100.0	0.15
2026-07-09T16:57:35.397	445	938	626	1152	2944	2883	3389	3694	3948	517	27.65	1017.75	53.45	248824	AS7341	flash	5	100	999	10	100.0	0.15
2026-07-09T16:57:37.380	445	939	627	1153	2946	2883	3390	3694	3949	518	27.66	1017.76	53.45	248637	AS7341	flash	5	100	999	10	100.0	0.15
2026-07-09T16:57:39.369	445	939	626	1153	2945	2883	3389	3693	3948	518	27.66	1017.74	53.42	249768	AS7341	flash	5	100	999	10	100.0	0.15
2026-07-09T16:57:41.364	445	939	625	1153	2946	2883	3390	3693	3948	518	27.67	1017.75	53.42	249390	AS7341	flash	5	100	999	10	100.0	0.15
2026-07-09T16:57:43.354	445	939	626	1153	2944	2882	3389	3692	3947	517	27.67	1017.74	53.42	249390	AS7341	flash	5	100	999	10	100.0	0.15
2026-07-09T16:57:45.337	445	939	625	1153	2944	2882	3388	3692	3947	517	27.68	1017.77	53.41	249579	AS7341	flash	5	100	999	10	100.0	0.15
2026-07-09T16:57:47.327	445	939	626	1153	2944	2880	3387	3691	3946	517	27.68	1017.75	53.39	249390	AS7341	flash	5	100	999	10	100.0	0.15
2026-07-09T16:57:49.316	445	939	626	1153	2943	2881	3387	3691	3946	517	27.68	1017.76	53.38	250147	AS7341	flash	5	100	999	10	100.0	0.15
2026-07-09T16:57:51.309	445	940	625	1153	2944	2882	3387	3691	3946	517	27.69	1017.79	53.37	249768	AS7341	flash	5	100	999	10	100.0	0.15
2026-07-09T16:57:53.395	445	941	627	1152	2943	2881	3386	3690	3946	517	27.68	1017.76	53.37	248262	AS7341	flash	5	100	999	10	100.0	0.15
2026-07-09T16:57:55.375	445	939	627	1152	2943	2881	3387	3691	3945	517	27.69	1017.77	53.38	248449	AS7341	flash	5	100	999	10	100.0	0.15
2026-07-09T16:57:57.360	445	940	627	1152	2943	2880	3386	3689	3944	517	27.69	1017.75	53.37	249013	AS7341	flash	5	100	999	10	100.0	0.15
2026-07-09T16:57:59.345	445	939	627	1152	2942	2880	3385	3689	3944	517	27.7	1017.78	53.36	249013	AS7341	flash	5	100	999	10	100.0	0.15
2026-07-09T16:58:01.327	445	939	627	1152	2943	2880	3385	3688	3944	517	27.71	1017.79	53.36	248449	AS7341	flash	5	100	999	10	100.0	0.15
2026-07-09T16:58:03.314	445	939	626	1152	2942	2879	3384	3687	3943	517	27.7	1017.77	53.33	249013	AS7341	flash	5	100	999	10	100.0	0.15
2026-07-09T16:58:05.399	445	939	627	1152	2943	2880	3385	3689	3945	517	27.7	1017.74	53.34	248075	AS7341	flash	5	100	999	10	100.0	0.15
2026-07-09T16:58:07.386	445	939	627	1152	2942	2879	3384	3687	3943	517	27.7	1017.76	53.34	248637	AS7341	flash	5	100	999	10	100.0	0.15
2026-07-09T16:58:09.376	445	939	627	1152	2942	2879	3384	3688	3944	517	27.71	1017.76	53.34	248637	AS7341	flash	5	100	999	10	100.0	0.15
2026-07-09T16:58:11.362	445	939	626	1152	2941	2878	3383	3686	3943	517	27.72	1017.77	53.33	250147	AS7341	flash	5	100	999	10	100.0	0.15
2026-07-09T16:58:13.354	445	939	626	1152	2941	2878	3383	3687	3943	517	27.72	1017.78	53.31	248262	AS7341	flash	5	100	999	10	100.0	0.15
2026-07-09T16:58:15.352	445	939	625	1151	2941	2877	3384	3686	3942	517	27.72	1017.8	53.31	249201	AS7341	flash	5	100	999	10	100.0	0.15
2026-07-09T16:58:17.343	445	940	626	1152	2941	2878	3384	3687	3943	517	27.72	1017.78	53.28	248637	AS7341	flash	5	100	999	10	100.0	0.15
2026-07-09T16:58:19.327	445	940	625	1152	2940	2878	3383	3686	3942	517	27.73	1017.78	53.29	248449	AS7341	flash	5	100	999	10	100.0	0.15
2026-07-09T16:58:21.317	445	940	625	1152	2941	2878	3383	3686	3942	517	27.74	1017.78	53.28	248449	AS7341	flash	5	100	999	10	100.0	0.15
2026-07-09T16:58:23.412	445	940	627	1153	2941	2877	3382	3685	3942	517	27.73	1017.77	53.28	248075	AS7341	flash	5	100	999	10	100.0	0.15
2026-07-09T16:58:25.399	445	940	626	1151	2942	2877	3382	3686	3943	517	27.74	1017.76	53.28	247888	AS7341	flash	5	100	999	10	100.0	0.15
2026-07-09T16:58:27.384	445	940	626	1152	2941	2876	3382	3685	3941	516	27.75	1017.77	53.28	247888	AS7341	flash	5	100	999	10	100.0	0.15
2026-07-09T16:58:29.376	445	940	627	1152	2942	2878	3382	3686	3942	517	27.75	1017.79	53.27	248262	AS7341	flash	5	100	999	10	100.0	0.15
2026-07-09T16:58:31.363	445	940	626	1151	2941	2877	3381	3684	3942	516	27.76	1017.79	53.26	248262	AS7341	flash	5	100	999	10	100.0	0.15
2026-07-09T16:58:33.352	445	940	627	1151	2941	2876	3382	3684	3942	517	27.77	1017.78	53.26	249201	AS7341	flash	5	100	999	10	100.0	0.15
2026-07-09T16:58:35.338	445	940	627	1152	2940	2875	3380	3684	3941	516	27.76	1017.77	53.24	248075	AS7341	flash	5	100	999	10	100.0	0.15
2026-07-09T16:58:37.330	445	941	627	1152	2940	2875	3380	3683	3941	516	27.78	1017.8	53.23	247888	AS7341	flash	5	100	999	10	100.0	0.15
2026-07-09T16:58:39.325	445	941	627	1152	2939	2876	3380	3683	3940	517	27.77	1017.76	53.23	247888	AS7341	flash	5	100	999	10	100.0	0.15
2026-07-09T16:58:41.317	445	941	626	1152	2939	2874	3379	3682	3939	517	27.79	1017.78	53.21	247888	AS7341	flash	5	100	999	10	100.0	0.15
2026-07-09T16:58:43.413	445	941	627	1152	2940	2876	3381	3682	3940	517	27.78	1017.78	53.21	247515	AS7341	flash	5	100	999	10	100.0	0.15
2026-07-09T16:58:45.402	445	941	626	1152	2939	2876	3380	3684	3940	517	27.79	1017.76	53.21	247515	AS7341	flash	5	100	999	10	100.0	0.15
2026-07-09T16:58:47.395	445	942	627	1152	2939	2875	3379	3682	3939	517	27.8	1017.77	53.19	247144	AS7341	flash	5	100	999	10	100.0	0.15
2026-07-09T16:58:49.379	445	941	627	1152	2938	2874	3378	3681	3938	517	27.8	1017.75	53.18	247515	AS7341	flash	5	100	999	10	100.0	0.15
2026-07-09T16:58:51.370	445	941	628	1152	2940	2874	3379	3682	3940	517	27.81	1017.76	53.17	247515	AS7341	flash	5	100	999	10	100.0	0.15
2026-07-09T16:58:53.343	445	941	626	1152	2939	2874	3378	3681	3938	517	27.82	1017.77	53.16	247888	AS7341	flash	5	100	999	10	100.0	0.15
2026-07-09T16:58:55.340	445	942	626	1152	2939	2873	3379	3681	3939	517	27.81	1017.76	53.13	248449	AS7341	flash	5	100	999	10	100.0	0.15
2026-07-09T16:58:57.317	445	940	627	1152	2938	2872	3377	3680	3937	517	27.82	1017.76	53.12	247515	AS7341	flash	5	100	999	10	100.0	0.15
2026-07-09T16:58:59.411	445	941	627	1152	2938	2873	3377	3680	3937	517	27.82	1017.78	53.13	246959	AS7341	flash	5	100	999	10	100.0	0.15
2026-07-09T16:59:01.400	445	940	627	1151	2937	2872	3377	3679	3937	517	27.83	1017.79	53.11	247515	AS7341	flash	5	100	999	10	100.0	0.15
2026-07-09T16:59:03.389	445	941	627	1151	2937	2873	3376	3679	3937	517	27.84	1017.79	53.11	247888	AS7341	flash	5	100	999	10	100.0	0.15
2026-07-09T16:59:05.376	445	941	626	1151	2937	2874	3376	3679	3937	517	27.84	1017.77	53.09	247515	AS7341	flash	5	100	999	10	100.0	0.15
2026-07-09T16:59:07.371	445	942	627	1151	2937	2873	3376	3679	3936	517	27.85	1017.79	53.07	247515	AS7341	flash	5	100	999	10	100.0	0.15
2026-07-09T16:59:09.351	445	941	627	1151	2937	2873	3376	3678	3936	516	27.85	1017.82	53.08	248637	AS7341	flash	5	100	999	10	100.0	0.15
2026-07-09T16:59:11.334	445	942	627	1151	2937	2872	3376	3678	3936	517	27.85	1017.8	53.04	247515	AS7341	flash	5	100	999	10	100.0	0.15
2026-07-09T16:59:13.337	445	941	627	1151	2937	2872	3376	3679	3937	517	27.85	1017.77	53.05	247144	AS7341	flash	5	100	999	10	100.0	0.15
2026-07-09T16:59:15.323	445	941	627	1151	2938	2873	3376	3678	3937	517	27.86	1017.82	53.02	248637	AS7341	flash	5	100	999	10	100.0	0.15
2026-07-09T16:59:17.408	445	942	626	1151	2938	2872	3376	3678	3937	517	27.85	1017.79	53.04	246959	AS7341	flash	5	100	999	10	100.0	0.15
2026-07-09T16:59:19.384	445	942	627	1151	2938	2873	3376	3679	3936	516	27.86	1017.76	53.03	246774	AS7341	flash	5	100	999	10	100.0	0.15
2026-07-09T16:59:21.372	445	942	626	1151	2937	2872	3374	3677	3935	516	27.87	1017.77	53.01	247888	AS7341	flash	5	100	999	10	100.0	0.15
2026-07-09T16:59:23.372	445	942	627	1151	2937	2872	3375	3677	3935	516	27.87	1017.77	53.02	246404	AS7341	flash	5	100	999	10	100.0	0.15
2026-07-09T16:59:25.361	445	941	626	1151	2937	2871	3374	3677	3936	516	27.87	1017.8	53.01	250528	AS7341	flash	5	100	999	10	100.0	0.15
2026-07-09T16:59:27.346	445	942	627	1151	2937	2871	3375	3677	3936	516	27.87	1017.75	52.99	247515	AS7341	flash	5	100	999	10	100.0	0.15
2026-07-09T16:59:29.322	445	942	627	1151	2937	2872	3374	3677	3936	516	27.88	1017.78	52.99	252062	AS7341	flash	5	100	999	10	100.0	0.15
2026-07-09T16:59:31.402	445	942	628	1151	2938	2872	3375	3678	3937	517	27.88	1017.81	52.99	246589	AS7341	flash	5	100	999	10	100.0	0.15
2026-07-09T16:59:33.382	445	942	628	1151	2938	2873	3376	3678	3938	517	27.89	1017.8	52.98	246404	AS7341	flash	5	100	999	10	100.0	0.15
2026-07-09T16:59:35.358	445	942	628	1151	2937	2872	3375	3676	3935	516	27.89	1017.77	52.98	248637	AS7341	flash	5	100	999	10	100.0	0.15
2026-07-09T16:59:37.342	445	942	628	1151	2937	2871	3375	3676	3935	516	27.9	1017.8	52.97	247144	AS7341	flash	5	100	999	10	100.0	0.15
2026-07-09T16:59:39.338	445	943	628	1151	2937	2872	3375	3676	3935	516	27.9	1017.79	52.96	248075	AS7341	flash	5	100	999	10	100.0	0.15
2026-07-09T16:59:41.325	445	943	627	1151	2936	2870	3374	3675	3935	516	27.9	1017.79	52.95	246774	AS7341	flash	5	100	999	10	100.0	0.15
2026-07-09T16:59:43.415	445	943	627	1151	2937	2871	3375	3677	3935	516	27.89	1017.8	52.94	246220	AS7341	flash	5	100	999	10	100.0	0.15
2026-07-09T16:59:45.405	445	943	626	1152	2936	2870	3374	3676	3934	516	27.9	1017.78	52.94	247144	AS7341	flash	5	100	999	10	100.0	0.15
2026-07-09T16:59:47.397	445	943	627	1151	2936	2870	3373	3675	3935	516	27.9	1017.8	52.93	251292	AS7341	flash	5	100	999	10	100.0	0.15
2026-07-09T16:59:49.384	445	943	627	1152	2937	2871	3374	3675	3936	516	27.9	1017.76	52.93	246774	AS7341	flash	5	100	999	10	100.0	0.15
2026-07-09T16:59:51.366	445	943	627	1152	2936	2871	3374	3675	3935	516	27.91	1017.81	52.92	246404	AS7341	flash	5	100	999	10	100.0	0.15
2026-07-09T16:59:53.349	445	943	627	1151	2936	2870	3373	3674	3935	516	27.91	1017.77	52.92	247515	AS7341	flash	5	100	999	10	100.0	0.15
2026-07-09T16:59:55.332	445	943	627	1151	2936	2870	3373	3675	3934	516	27.91	1017.76	52.93	246036	AS7341	flash	5	100	999	10	100.0	0.15
2026-07-09T16:59:57.324	445	943	627	1151	2936	2870	3373	3675	3934	516	27.92	1017.79	52.95	251292	AS7341	flash	5	100	999	10	100.0	0.15
2026-07-09T16:59:59.315	445	943	626	1152	2936	2870	3373	3675	3934	516	27.92	1017.77	52.94	245852	AS7341	flash	5	100	999	10	100.0	0.15
2026-07-09T17:00:01.404	445	943	627	1151	2937	2871	3374	3675	3935	516	27.92	1017.81	52.94	245852	AS7341	flash	5	100	999	10	100.0	0.15
2026-07-09T17:00:03.392	445	943	628	1151	2937	2871	3373	3675	3934	516	27.92	1017.79	52.94	246589	AS7341	flash	5	100	999	10	100.0	0.15
2026-07-09T17:00:05.376	445	944	628	1151	2937	2871	3373	3675	3934	516	27.92	1017.81	52.96	246959	AS7341	flash	5	100	999	10	100.0	0.15
2026-07-09T17:00:07.373	445	943	628	1151	2937	2871	3372	3673	3933	516	27.93	1017.8	52.94	245486	AS7341	flash	5	100	999	10	100.0	0.15
2026-07-09T17:00:09.359	445	943	628	1152	2937	2871	3373	3674	3934	516	27.94	1017.81	52.94	247144	AS7341	flash	5	100	999	10	100.0	0.15
2026-07-09T17:00:11.341	445	943	627	1152	2936	2870	3373	3674	3933	516	27.94	1017.81	52.93	245669	AS7341	flash	5	100	999	10	100.0	0.15
2026-07-09T17:00:13.325	445	943	628	1151	2936	2870	3372	3674	3933	516	27.94	1017.77	52.93	245486	AS7341	flash	5	100	999	10	100.0	0.15
2026-07-09T17:00:15.311	445	944	627	1152	2937	2871	3373	3675	3934	516	27.94	1017.77	52.94	245669	AS7341	flash	5	100	999	10	100.0	0.15
2026-07-09T17:00:17.396	445	943	627	1151	2936	2871	3373	3674	3934	516	27.94	1017.79	52.93	245121	AS7341	flash	5	100	999	10	100.0	0.15
2026-07-09T17:00:19.381	445	943	628	1152	2937	2871	3374	3675	3935	516	27.94	1017.78	52.93	246404	AS7341	flash	5	100	999	10	100.0	0.15
2026-07-09T17:00:21.366	445	943	628	1152	2935	2870	3372	3673	3933	516	27.95	1017.81	52.94	244938	AS7341	flash	5	100	999	10	100.0	0.15
2026-07-09T17:00:23.355	445	943	628	1151	2936	2870	3372	3673	3933	516	27.96	1017.81	52.91	246589	AS7341	flash	5	100	999	10	100.0	0.15
2026-07-09T17:00:25.347	445	944	628	1152	2937	2871	3372	3673	3934	516	27.95	1017.78	52.91	245121	AS7341	flash	5	100	999	10	100.0	0.15
2026-07-09T17:00:27.343	445	944	628	1152	2936	2869	3371	3674	3933	515	27.96	1017.78	52.91	250147	AS7341	flash	5	100	999	10	100.0	0.15
2026-07-09T17:00:29.332	445	944	628	1151	2936	2869	3371	3673	3932	516	27.96	1017.85	52.92	245486	AS7341	flash	5	100	999	10	100.0	0.15
2026-07-09T17:00:31.331	445	944	627	1151	2935	2870	3371	3673	3932	516	27.96	1017.79	52.9	250147	AS7341	flash	5	100	999	10	100.0	0.15
2026-07-09T17:00:33.323	445	944	628	1151	2936	2870	3371	3673	3932	516	27.97	1017.78	52.9	249013	AS7341	flash	5	100	999	10	100.0	0.15
2026-07-09T17:00:35.312	445	944	627	1152	2936	2870	3372	3673	3933	516	27.97	1017.79	52.9	245669	AS7341	flash	5	100	999	10	100.0	0.15
2026-07-09T17:00:37.413	445	944	628	1152	2936	2869	3371	3673	3933	516	27.96	1017.78	52.9	244938	AS7341	flash	5	100	999	10	100.0	0.15
2026-07-09T17:00:39.401	445	944	628	1152	2936	2870	3371	3673	3933	516	27.98	1017.83	52.9	245303	AS7341	flash	5	100	999	10	100.0	0.15
2026-07-09T17:00:41.393	445	944	628	1151	2935	2869	3371	3672	3933	516	27.98	1017.82	52.89	248449	AS7341	flash	5	100	999	10	100.0	0.15
2026-07-09T17:00:43.389	445	944	628	1152	2935	2869	3371	3672	3933	516	27.98	1017.79	52.88	244756	AS7341	flash	5	100	999	10	100.0	0.15
2026-07-09T17:00:45.380	445	944	628	1151	2936	2868	3371	3673	3933	516	27.99	1017.84	52.87	246404	AS7341	flash	5	100	999	10	100.0	0.15
2026-07-09T17:00:47.360	445	944	628	1152	2935	2868	3371	3672	3933	516	27.99	1017.78	52.89	249013	AS7341	flash	5	100	999	10	100.0	0.15
2026-07-09T17:00:49.349	445	944	627	1152	2935	2868	3370	3671	3932	516	27.99	1017.79	52.87	246404	AS7341	flash	5	100	999	10	100.0	0.15
2026-07-09T17:00:51.335	445	944	627	1151	2935	2868	3371	3672	3933	516	27.99	1017.81	52.86	246589	AS7341	flash	5	100	999	10	100.0	0.15
2026-07-09T17:00:53.319	445	944	628	1151	2934	2867	3370	3671	3932	516	28.0	1017.82	52.86	244756	AS7341	flash	5	100	999	10	100.0	0.15
2026-07-09T17:00:55.401	445	944	628	1152	2935	2869	3372	3672	3932	516	27.99	1017.82	52.85	244031	AS7341	flash	5	100	999	10	100.0	0.15
2026-07-09T17:00:57.386	445	944	628	1151	2934	2867	3370	3670	3931	516	28.0	1017.81	52.85	245121	AS7341	flash	5	100	999	10	100.0	0.15
2026-07-09T17:00:59.370	445	943	628	1151	2934	2867	3370	3670	3931	516	28.0	1017.82	52.85	245121	AS7341	flash	5	100	999	10	100.0	0.15
2026-07-09T17:01:01.354	445	943	628	1151	2934	2868	3369	3671	3932	516	28.01	1017.86	52.84	249579	AS7341	flash	5	100	999	10	100.0	0.15
2026-07-09T17:01:03.341	445	943	626	1151	2935	2867	3369	3670	3930	516	28.01	1017.85	52.84	248075	AS7341	flash	5	100	999	10	100.0	0.15
2026-07-09T17:01:05.322	445	944	629	1151	2935	2867	3369	3670	3930	516	28.01	1017.81	52.84	246220	AS7341	flash	5	100	999	10	100.0	0.15
2026-07-09T17:01:07.412	445	944	629	1152	2935	2869	3371	3671	3932	516	28.0	1017.82	52.84	245486	AS7341	flash	5	100	999	10	100.0	0.15
2026-07-09T17:01:09.397	445	944	628	1151	2934	2867	3370	3670	3931	516	28.02	1017.81	52.83	247702	AS7341	flash	5	100	999	10	100.0	0.15
2026-07-09T17:01:11.379	445	944	628	1151	2935	2867	3369	3670	3932	516	28.02	1017.83	52.84	245669	AS7341	flash	5	100	999	10	100.0	0.15
2026-07-09T17:01:13.367	445	944	628	1151	2935	2868	3369	3670	3931	516	28.03	1017.85	52.82	245852	AS7341	flash	5	100	999	10	100.0	0.15
2026-07-09T17:01:15.361	445	944	628	1151	2935	2868	3369	3669	3931	515	28.03	1017.82	52.82	248075	AS7341	flash	5	100	999	10	100.0	0.15
2026-07-09T17:01:17.348	445	945	628	1151	2935	2868	3369	3669	3930	516	28.03	1017.82	52.82	249201	AS7341	flash	5	100	999	10	100.0	0.15
2026-07-09T17:01:19.333	445	944	628	1151	2935	2868	3369	3670	3931	516	28.04	1017.85	52.81	244938	AS7341	flash	5	100	999	10	100.0	0.15
2026-07-09T17:01:21.319	445	944	628	1151	2935	2869	3369	3670	3931	516	28.04	1017.79	52.8	247329	AS7341	flash	5	100	999	10	100.0	0.15
2026-07-09T17:01:23.316	445	944	628	1151	2934	2868	3368	3669	3930	515	28.04	1017.79	52.8	245852	AS7341	flash	5	100	999	10	100.0	0.15
2026-07-09T17:01:25.415	445	944	627	1152	2936	2869	3369	3669	3931	516	28.04	1017.81	52.8	244938	AS7341	flash	5	100	999	10	100.0	0.15
2026-07-09T17:01:27.406	445	944	628	1151	2934	2867	3368	3669	3930	515	28.04	1017.84	52.79	244756	AS7341	flash	5	100	999	10	100.0	0.15
2026-07-09T17:01:29.388	445	944	627	1151	2934	2868	3369	3668	3930	515	28.06	1017.83	52.78	245121	AS7341	flash	5	100	999	10	100.0	0.15
2026-07-09T17:01:31.382	445	944	628	1151	2935	2869	3369	3669	3931	516	28.05	1017.81	52.77	245121	AS7341	flash	5	100	999	10	100.0	0.15
2026-07-09T17:01:33.374	445	944	628	1151	2934	2867	3369	3668	3931	515	28.05	1017.84	52.76	248637	AS7341	flash	5	100	999	10	100.0	0.15
2026-07-09T17:01:35.359	445	944	627	1151	2935	2868	3369	3669	3931	515	28.06	1017.83	52.76	244212	AS7341	flash	5	100	999	10	100.0	0.15
2026-07-09T17:01:37.343	445	945	628	1151	2934	2867	3369	3669	3930	515	28.07	1017.81	52.72	246589	AS7341	flash	5	100	999	10	100.0	0.15
2026-07-09T17:01:39.328	445	944	628	1151	2934	2866	3368	3668	3929	515	28.06	1017.8	52.72	243850	AS7341	flash	5	100	999	10	100.0	0.15
2026-07-09T17:01:41.316	445	944	627	1151	2934	2866	3368	3668	3930	515	28.07	1017.8	52.73	243850	AS7341	flash	5	100	999	10	100.0	0.15
2026-07-09T17:01:43.402	445	945	627	1152	2936	2868	3370	3669	3932	516	28.06	1017.83	52.72	248075	AS7341	flash	5	100	999	10	100.0	0.15
2026-07-09T17:01:45.394	445	944	627	1151	2934	2866	3368	3667	3930	515	28.07	1017.82	52.72	244938	AS7341	flash	5	100	999	10	100.0	0.15
2026-07-09T17:01:47.385	445	945	627	1151	2934	2867	3368	3668	3930	515	28.08	1017.84	52.71	245303	AS7341	flash	5	100	999	10	100.0	0.15
2026-07-09T17:01:49.374	445	944	628	1151	2934	2868	3368	3667	3930	516	28.08	1017.8	52.71	243670	AS7341	flash	5	100	999	10	100.0	0.15
2026-07-09T17:01:51.366	445	945	628	1151	2935	2867	3369	3668	3931	516	28.09	1017.83	52.7	243490	AS7341	flash	5	100	999	10	100.0	0.15
2026-07-09T17:01:53.348	445	945	629	1152	2935	2867	3369	3669	3931	514	28.1	1017.86	52.69	243670	AS7341	flash	5	100	999	10	100.0	0.15
2026-07-09T17:01:55.344	445	945	627	1151	2933	2865	3366	3666	3928	515	28.09	1017.81	52.68	244938	AS7341	flash	5	100	999	10	100.0	0.15
2026-07-09T17:01:57.329	445	945	628	1151	2934	2867	3367	3667	3929	516	28.1	1017.82	52.68	245669	AS7341	flash	5	100	999	10	100.0	0.15
2026-07-09T17:01:59.323	445	945	627	1151	2934	2867	3367	3666	3928	515	28.1	1017.83	52.65	246404	AS7341	flash	5	100	999	10	100.0	0.15
2026-07-09T17:02:01.410	445	945	628	1152	2934	2867	3367	3667	3929	515	28.1	1017.82	52.66	242772	AS7341	flash	5	100	999	10	100.0	0.15
2026-07-09T17:02:03.392	445	945	628	1151	2934	2868	3368	3667	3929	516	28.11	1017.83	52.66	246404	AS7341	flash	5	100	999	10	100.0	0.15
2026-07-09T17:02:05.380	445	945	628	1151	2935	2867	3367	3667	3929	515	28.1	1017.81	52.64	243310	AS7341	flash	5	100	999	10	100.0	0.15
2026-07-09T17:02:07.365	445	945	629	1152	2934	2866	3366	3666	3930	516	28.11	1017.83	52.65	248075	AS7341	flash	5	100	999	10	100.0	0.15
2026-07-09T17:02:09.361	445	945	629	1152	2934	2866	3367	3666	3929	514	28.11	1017.85	52.63	244393	AS7341	flash	5	100	999	10	100.0	0.15
2026-07-09T17:02:11.343	445	945	628	1151	2934	2867	3367	3666	3929	516	28.11	1017.83	52.63	243490	AS7341	flash	5	100	999	10	100.0	0.15
2026-07-09T17:02:13.336	445	945	629	1152	2934	2866	3367	3667	3929	516	28.12	1017.82	52.62	243670	AS7341	flash	5	100	999	10	100.0	0.15
2026-07-09T17:02:15.327	445	945	629	1151	2933	2866	3366	3665	3928	515	28.12	1017.83	52.61	248449	AS7341	flash	5	100	999	10	100.0	0.15
2026-07-09T17:02:17.311	445	945	629	1151	2933	2866	3367	3665	3928	516	28.12	1017.82	52.62	245852	AS7341	flash	5	100	999	10	100.0	0.15
2026-07-09T17:02:19.406	445	945	628	1152	2934	2866	3367	3666	3929	516	28.12	1017.82	52.61	242951	AS7341	flash	5	100	999	10	100.0	0.15
2026-07-09T17:02:21.398	445	945	628	1151	2934	2867	3367	3666	3929	516	28.13	1017.83	52.61	246774	AS7341	flash	5	100	999	10	100.0	0.15
2026-07-09T17:02:23.390	445	945	629	1152	2934	2866	3367	3666	3929	515	28.13	1017.85	52.61	244212	AS7341	flash	5	100	999	10	100.0	0.15
2026-07-09T17:02:25.377	445	946	629	1152	2934	2867	3367	3666	3929	516	28.14	1017.82	52.58	244393	AS7341	flash	5	100	999	10	100.0	0.15
2026-07-09T17:02:27.362	445	945	628	1152	2934	2867	3367	3667	3929	516	28.14	1017.87	52.58	248637	AS7341	flash	5	100	999	10	100.0	0.15
2026-07-09T17:02:29.350	445	945	629	1151	2934	2866	3367	3665	3928	515	28.14	1017.84	52.57	244938	AS7341	flash	5	100	999	10	100.0	0.15
2026-07-09T17:02:31.339	445	945	629	1151	2934	2867	3367	3666	3929	516	28.14	1017.84	52.58	246404	AS7341	flash	5	100	999	10	100.0	0.15
2026-07-09T17:02:33.323	445	946	628	1152	2935	2866	3367	3666	3929	515	28.15	1017.83	52.55	249013	AS7341	flash	5	100	999	10	100.0	0.15
2026-07-09T17:02:35.415	445	946	628	1152	2936	2867	3367	3666	3929	516	28.14	1017.84	52.57	246404	AS7341	flash	5	100	999	10	100.0	0.15
2026-07-09T17:02:37.401	445	946	629	1152	2934	2866	3367	3666	3929	516	28.14	1017.82	52.56	244574	AS7341	flash	5	100	999	10	100.0	0.15
2026-07-09T17:02:39.386	445	945	629	1151	2934	2865	3365	3664	3928	516	28.16	1017.87	52.54	248824	AS7341	flash	5	100	999	10	100.0	0.15
2026-07-09T17:02:41.378	445	946	629	1152	2934	2865	3366	3664	3929	516	28.16	1017.85	52.55	243670	AS7341	flash	5	100	999	10	100.0	0.15
2026-07-09T17:02:43.362	445	946	628	1151	2935	2866	3366	3664	3928	516	28.16	1017.84	52.54	247144	AS7341	flash	5	100	999	10	100.0	0.15
2026-07-09T17:02:45.350	445	945	629	1151	2934	2864	3365	3664	3928	515	28.16	1017.81	52.54	248262	AS7341	flash	5	100	999	10	100.0	0.15
2026-07-09T17:02:47.342	445	946	629	1152	2934	2865	3365	3664	3928	516	28.16	1017.84	52.52	245852	AS7341	flash	5	100	999	10	100.0	0.15
2026-07-09T17:02:49.334	445	946	629	1152	2935	2866	3366	3665	3929	516	28.16	1017.79	52.51	249013	AS7341	flash	5	100	999	10	100.0	0.15
2026-07-09T17:02:51.428	445	946	629	1152	2936	2867	3367	3665	3930	516	28.16	1017.81	52.51	246589	AS7341	flash	5	100	999	10	100.0	0.15
2026-07-09T17:02:53.416	445	946	629	1152	2936	2866	3367	3665	3929	515	28.16	1017.81	52.51	247515	AS7341	flash	5	100	999	10	100.0	0.15
2026-07-09T17:02:55.404	445	946	628	1152	2935	2866	3365	3664	3928	516	28.17	1017.8	52.52	245486	AS7341	flash	5	100	999	10	100.0	0.15
2026-07-09T17:02:57.389	445	946	629	1152	2935	2866	3366	3664	3928	516	28.17	1017.83	52.51	244212	AS7341	flash	5	100	999	10	100.0	0.15
2026-07-09T17:02:59.378	445	946	628	1152	2935	2867	3366	3664	3928	516	28.18	1017.77	52.5	246036	AS7341	flash	5	100	999	10	100.0	0.15
2026-07-09T17:03:01.364	445	946	629	1152	2935	2866	3367	3665	3928	516	28.17	1017.78	52.5	244393	AS7341	flash	5	100	999	10	100.0	0.15
2026-07-09T17:03:03.356	445	946	629	1152	2935	2867	3366	3663	3929	516	28.18	1017.79	52.49	244756	AS7341	flash	5	100	999	10	100.0	0.15
2026-07-09T17:03:05.342	445	946	628	1152	2935	2866	3367	3664	3928	516	28.18	1017.86	52.48	246036	AS7341	flash	5	100	999	10	100.0	0.15
2026-07-09T17:03:07.336	445	946	628	1152	2934	2866	3366	3664	3927	516	28.19	1017.76	52.48	247144	AS7341	flash	5	100	999	10	100.0	0.15
2026-07-09T17:03:09.423	445	946	629	1152	2935	2865	3367	3664	3928	516	28.18	1017.8	52.48	246774	AS7341	flash	5	100	999	10	100.0	0.15
2026-07-09T17:03:11.421	445	946	628	1152	2935	2866	3366	3664	3928	516	28.18	1017.8	52.48	247702	AS7341	flash	5	100	999	10	100.0	0.15
2026-07-09T17:03:13.421	445	946	629	1152	2934	2865	3365	3663	3927	516	28.19	1017.81	52.46	247144	AS7341	flash	5	100	999	10	100.0	0.15
2026-07-09T17:03:15.416	445	946	628	1152	2935	2866	3366	3664	3929	516	28.19	1017.78	52.45	244938	AS7341	flash	5	100	999	10	100.0	0.15
2026-07-09T17:03:17.403	445	946	628	1152	2935	2866	3366	3663	3928	516	28.19	1017.78	52.44	243490	AS7341	flash	5	100	999	10	100.0	0.15
2026-07-09T17:03:19.396	445	946	629	1152	2935	2865	3366	3663	3928	516	28.19	1017.8	52.44	247515	AS7341	flash	5	100	999	10	100.0	0.15
2026-07-09T17:03:21.392	445	946	628	1152	2934	2865	3365	3663	3928	516	28.2	1017.82	52.44	248262	AS7341	flash	5	100	999	10	100.0	0.15
2026-07-09T17:03:23.380	445	946	628	1152	2935	2866	3365	3663	3928	516	28.2	1017.79	52.43	243490	AS7341	flash	5	100	999	10	100.0	0.15
2026-07-09T17:03:25.365	445	946	628	1152	2935	2865	3366	3663	3928	516	28.2	1017.82	52.42	246404	AS7341	flash	5	100	999	10	100.0	0.15
2026-07-09T17:03:27.349	445	946	629	1152	2935	2867	3366	3664	3929	516	28.2	1017.81	52.41	248262	AS7341	flash	5	100	999	10	100.0	0.15
2026-07-09T17:03:29.344	445	946	629	1152	2935	2865	3366	3663	3929	516	28.2	1017.79	52.41	247144	AS7341	flash	5	100	999	10	100.0	0.15
2026-07-09T17:03:31.331	445	947	629	1152	2935	2866	3366	3663	3929	516	28.2	1017.79	52.4	245852	AS7341	flash	5	100	999	10	100.0	0.15
2026-07-09T17:03:33.422	445	947	629	1152	2935	2867	3367	3664	3929	516	28.21	1017.84	52.41	244938	AS7341	flash	5	100	999	10	100.0	0.15
2026-07-09T17:03:35.412	445	947	629	1152	2936	2867	3366	3664	3929	516	28.21	1017.8	52.4	242414	AS7341	flash	5	100	999	10	100.0	0.15
2026-07-09T17:03:37.411	445	946	629	1152	2935	2866	3366	3663	3928	516	28.22	1017.83	52.4	247702	AS7341	flash	5	100	999	10	100.0	0.15
2026-07-09T17:03:39.396	445	946	628	1152	2935	2866	3365	3662	3927	516	28.22	1017.81	52.39	242414	AS7341	flash	5	100	999	10	100.0	0.15
2026-07-09T17:03:41.390	445	947	629	1152	2935	2865	3365	3662	3928	516	28.22	1017.81	52.37	248262	AS7341	flash	5	100	999	10	100.0	0.15
2026-07-09T17:03:43.384	445	947	629	1152	2935	2866	3365	3662	3927	516	28.23	1017.78	52.37	243490	AS7341	flash	5	100	999	10	100.0	0.15
2026-07-09T17:03:45.375	445	947	629	1152	2935	2866	3365	3663	3927	516	28.23	1017.81	52.35	247329	AS7341	flash	5	100	999	10	100.0	0.15
2026-07-09T17:03:47.355	445	947	629	1152	2934	2866	3365	3662	3927	516	28.24	1017.81	52.34	247144	AS7341	flash	5	100	999	10	100.0	0.15
2026-07-09T17:03:49.341	445	947	628	1152	2935	2866	3365	3663	3927	516	28.24	1017.83	52.34	242236	AS7341	flash	5	100	999	10	100.0	0.15
2026-07-09T17:03:51.426	445	947	629	1152	2935	2867	3365	3662	3928	516	28.23	1017.8	52.33	247144	AS7341	flash	5	100	999	10	100.0	0.15
2026-07-09T17:03:53.409	445	947	629	1152	2935	2866	3365	3662	3928	516	28.24	1017.79	52.32	244574	AS7341	flash	5	100	999	10	100.0	0.15
2026-07-09T17:03:55.404	445	947	629	1152	2936	2867	3366	3663	3930	516	28.25	1017.78	52.33	244212	AS7341	flash	5	100	999	10	100.0	0.15
2026-07-09T17:03:57.403	445	947	629	1152	2936	2867	3366	3662	3928	516	28.25	1017.77	52.31	247329	AS7341	flash	5	100	999	10	100.0	0.15
2026-07-09T17:03:59.388	445	947	629	1153	2935	2867	3365	3662	3928	516	28.25	1017.79	52.3	246404	AS7341	flash	5	100	999	10	100.0	0.15
2026-07-09T17:04:01.382	445	947	629	1152	2936	2867	3367	3662	3929	515	28.25	1017.77	52.28	246589	AS7341	flash	5	100	999	10	100.0	0.15
2026-07-09T17:04:03.373	445	947	629	1153	2935	2867	3366	3663	3928	516	28.25	1017.82	52.28	246774	AS7341	flash	5	100	999	10	100.0	0.15
2026-07-09T17:04:05.363	445	947	628	1152	2935	2866	3365	3662	3927	516	28.25	1017.79	52.28	243490	AS7341	flash	5	100	999	10	100.0	0.15
2026-07-09T17:04:07.356	445	947	628	1153	2936	2867	3365	3662	3928	516	28.26	1017.81	52.27	246404	AS7341	flash	5	100	999	10	100.0	0.15
2026-07-09T17:04:09.344	445	947	629	1153	2935	2867	3366	3662	3928	516	28.25	1017.77	52.28	244756	AS7341	flash	5	100	999	10	100.0	0.15
2026-07-09T17:04:11.332	445	947	629	1152	2936	2867	3366	3661	3928	516	28.25	1017.78	52.24	244393	AS7341	flash	5	100	999	10	100.0	0.15
2026-07-09T17:04:13.432	445	947	629	1153	2936	2868	3366	3662	3929	516	28.24	1017.78	52.27	241348	AS7341	flash	5	100	999	10	100.0	0.15
2026-07-09T17:04:15.423	445	947	629	1153	2936	2868	3366	3662	3929	516	28.26	1017.78	52.24	241703	AS7341	flash	5	100	999	10	100.0	0.15
2026-07-09T17:04:17.405	445	947	629	1153	2936	2868	3366	3661	3928	516	28.27	1017.79	52.24	247144	AS7341	flash	5	100	999	10	100.0	0.15
2026-07-09T17:04:19.401	445	947	629	1152	2935	2866	3365	3660	3926	516	28.26	1017.81	52.23	242058	AS7341	flash	5	100	999	10	100.0	0.15
2026-07-09T17:04:21.390	445	947	629	1153	2936	2867	3366	3662	3928	516	28.26	1017.8	52.22	243130	AS7341	flash	5	100	999	10	100.0	0.15
2026-07-09T17:04:23.375	445	947	629	1153	2936	2867	3366	3661	3928	516	28.26	1017.78	52.21	246959	AS7341	flash	5	100	999	10	100.0	0.15
2026-07-09T17:04:25.360	445	949	630	1153	2937	2867	3366	3662	3929	515	28.26	1017.81	52.21	248262	AS7341	flash	5	100	999	10	100.0	0.15
2026-07-09T17:04:27.340	445	947	628	1153	2936	2867	3365	3661	3928	516	28.27	1017.81	52.21	242414	AS7341	flash	5	100	999	10	100.0	0.15
2026-07-09T17:04:29.329	445	947	629	1153	2937	2867	3366	3662	3929	516	28.27	1017.8	52.19	246959	AS7341	flash	5	100	999	10	100.0	0.15
2026-07-09T17:04:31.422	445	947	629	1153	2937	2868	3367	3662	3929	516	28.26	1017.79	52.19	242593	AS7341	flash	5	100	999	10	100.0	0.15
2026-07-09T17:04:33.414	446	948	630	1153	2937	2868	3367	3662	3929	516	28.28	1017.82	52.19	247515	AS7341	flash	5	100	999	10	100.0	0.15
2026-07-09T17:04:35.402	445	948	630	1153	2937	2868	3366	3662	3929	516	28.27	1017.78	52.19	242058	AS7341	flash	5	100	999	10	100.0	0.15
2026-07-09T17:04:37.390	445	947	629	1153	2937	2868	3366	3661	3928	516	28.28	1017.79	52.18	242951	AS7341	flash	5	100	999	10	100.0	0.15
2026-07-09T17:04:39.381	445	947	630	1153	2936	2868	3365	3660	3927	516	28.28	1017.79	52.17	246959	AS7341	flash	5	100	999	10	100.0	0.15
2026-07-09T17:04:41.366	445	947	629	1153	2936	2867	3365	3661	3927	516	28.28	1017.79	52.16	247702	AS7341	flash	5	100	999	10	100.0	0.15
2026-07-09T17:04:43.357	445	948	630	1153	2937	2867	3366	3661	3929	516	28.28	1017.78	52.17	246404	AS7341	flash	5	100	999	10	100.0	0.15
2026-07-09T17:04:45.349	445	947	629	1153	2936	2867	3365	3660	3928	516	28.28	1017.79	52.15	246959	AS7341	flash	5	100	999	10	100.0	0.15
2026-07-09T17:04:47.337	445	947	628	1153	2936	2866	3365	3659	3927	516	28.28	1017.79	52.16	247702	AS7341	flash	5	100	999	10	100.0	0.15
2026-07-09T17:04:49.427	445	947	629	1152	2937	2868	3365	3660	3927	516	28.28	1017.8	52.15	246036	AS7341	flash	5	100	999	10	100.0	0.15
2026-07-09T17:04:51.416	445	947	630	1152	2937	2867	3366	3661	3928	515	28.28	1017.82	52.14	242593	AS7341	flash	5	100	999	10	100.0	0.15
2026-07-09T17:04:53.409	445	947	629	1152	2937	2867	3366	3660	3928	516	28.29	1017.83	52.14	244756	AS7341	flash	5	100	999	10	100.0	0.15
2026-07-09T17:04:55.400	445	947	629	1153	2937	2868	3365	3661	3929	516	28.29	1017.81	52.12	246220	AS7341	flash	5	100	999	10	100.0	0.15
2026-07-09T17:04:57.389	445	947	629	1152	2936	2868	3365	3659	3927	516	28.29	1017.79	52.12	247888	AS7341	flash	5	100	999	10	100.0	0.15
2026-07-09T17:04:59.385	445	948	629	1152	2936	2867	3364	3659	3926	515	28.31	1017.82	52.11	243850	AS7341	flash	5	100	999	10	100.0	0.15
2026-07-09T17:05:01.385	445	947	630	1153	2937	2868	3366	3661	3929	516	28.3	1017.79	52.12	243850	AS7341	flash	5	100	999	10	100.0	0.15
2026-07-09T17:05:03.370	445	947	630	1152	2937	2867	3365	3660	3927	515	28.31	1017.81	52.1	242951	AS7341	flash	5	100	999	10	100.0	0.15
2026-07-09T17:05:05.354	445	947	630	1152	2937	2867	3365	3660	3927	516	28.31	1017.81	52.1	242414	AS7341	flash	5	100	999	10	100.0	0.15
2026-07-09T17:05:07.338	445	948	630	1153	2937	2867	3365	3660	3928	516	28.31	1017.8	52.07	246589	AS7341	flash	5	100	999	10	100.0	0.15
2026-07-09T17:05:09.425	445	948	630	1153	2937	2867	3366	3660	3929	515	28.3	1017.78	52.08	246404	AS7341	flash	5	100	999	10	100.0	0.15
2026-07-09T17:05:11.416	445	948	630	1153	2937	2869	3366	3661	3929	516	28.31	1017.8	52.06	246959	AS7341	flash	5	100	999	10	100.0	0.15
2026-07-09T17:05:13.395	445	947	629	1153	2938	2868	3366	3660	3929	516	28.32	1017.84	52.06	246404	AS7341	flash	5	100	999	10	100.0	0.15
2026-07-09T17:05:15.384	446	948	630	1153	2938	2869	3366	3660	3929	516	28.32	1017.8	52.05	243490	AS7341	flash	5	100	999	10	100.0	0.15
2026-07-09T17:05:17.373	445	948	630	1153	2937	2868	3365	3661	3929	516	28.33	1017.83	52.05	245486	AS7341	flash	5	100	999	10	100.0	0.15
2026-07-09T17:05:19.360	445	947	629	1153	2937	2867	3365	3659	3928	515	28.32	1017.8	52.05	246220	AS7341	flash	5	100	999	10	100.0	0.15
2026-07-09T17:05:21.342	446	948	629	1153	2938	2869	3366	3660	3929	516	28.33	1017.8	52.03	243130	AS7341	flash	5	100	999	10	100.0	0.15
2026-07-09T17:05:23.331	445	947	629	1152	2937	2867	3365	3660	3928	516	28.32	1017.79	52.02	246036	AS7341	flash	5	100	999	10	100.0	0.15
2026-07-09T17:05:25.421	445	948	629	1153	2938	2869	3366	3660	3929	516	28.32	1017.81	52.03	245486	AS7341	flash	5	100	999	10	100.0	0.15
2026-07-09T17:05:27.415	445	948	630	1153	2938	2868	3365	3660	3928	516	28.33	1017.81	52.03	243850	AS7341	flash	5	100	999	10	100.0	0.15
2026-07-09T17:05:29.405	445	948	630	1153	2938	2869	3366	3660	3928	516	28.33	1017.81	52.0	245303	AS7341	flash	5	100	999	10	100.0	0.15
2026-07-09T17:05:31.387	445	948	629	1153	2938	2868	3366	3660	3929	516	28.33	1017.79	51.99	245669	AS7341	flash	5	100	999	10	100.0	0.15
2026-07-09T17:05:33.374	445	947	630	1153	2938	2869	3365	3659	3928	516	28.34	1017.83	51.99	245852	AS7341	flash	5	100	999	10	100.0	0.15
2026-07-09T17:05:35.367	445	948	630	1153	2938	2869	3367	3660	3929	516	28.34	1017.84	51.97	246774	AS7341	flash	5	100	999	10	100.0	0.15
2026-07-09T17:05:37.353	445	948	629	1153	2938	2868	3367	3659	3929	516	28.34	1017.81	51.97	244031	AS7341	flash	5	100	999	10	100.0	0.15
2026-07-09T17:05:39.336	445	948	630	1153	2938	2869	3367	3659	3929	516	28.33	1017.79	51.97	246036	AS7341	flash	5	100	999	10	100.0	0.15
2026-07-09T17:05:41.326	446	948	630	1153	2938	2869	3366	3660	3929	516	28.34	1017.79	51.96	243850	AS7341	flash	5	100	999	10	100.0	0.15
2026-07-09T17:05:43.427	446	948	629	1154	2938	2870	3366	3660	3929	516	28.33	1017.84	51.96	245852	AS7341	flash	5	100	999	10	100.0	0.15
2026-07-09T17:05:45.409	445	948	630	1153	2938	2868	3366	3658	3928	516	28.34	1017.81	51.96	245852	AS7341	flash	5	100	999	10	100.0	0.15
2026-07-09T17:05:47.395	446	948	630	1154	2938	2869	3367	3659	3929	516	28.34	1017.81	51.96	248262	AS7341	flash	5	100	999	10	100.0	0.15
2026-07-09T17:05:49.386	446	948	630	1154	2939	2868	3366	3659	3928	516	28.34	1017.8	51.96	246036	AS7341	flash	5	100	999	10	100.0	0.15
2026-07-09T17:05:51.383	446	948	630	1154	2938	2870	3366	3659	3930	516	28.34	1017.8	51.94	247329	AS7341	flash	5	100	999	10	100.0	0.15
2026-07-09T17:05:53.372	446	948	629	1153	2938	2869	3366	3659	3929	516	28.34	1017.8	51.93	246959	AS7341	flash	5	100	999	10	100.0	0.15
2026-07-09T17:05:55.353	445	948	629	1154	2939	2870	3368	3659	3930	516	28.34	1017.8	51.93	246589	AS7341	flash	5	100	999	10	100.0	0.15
2026-07-09T17:05:57.341	445	948	630	1154	2938	2869	3367	3659	3929	516	28.35	1017.8	51.92	246404	AS7341	flash	5	100	999	10	100.0	0.15
2026-07-09T17:05:59.331	446	948	630	1154	2939	2869	3367	3659	3930	516	28.35	1017.83	51.91	246404	AS7341	flash	5	100	999	10	100.0	0.15
2026-07-09T17:06:01.426	446	948	630	1154	2940	2870	3368	3662	3931	516	28.35	1017.81	51.91	243130	AS7341	flash	5	100	999	10	100.0	0.15
2026-07-09T17:06:03.421	446	948	630	1154	2939	2870	3368	3660	3931	516	28.35	1017.78	51.9	243850	AS7341	flash	5	100	999	10	100.0	0.15
2026-07-09T17:06:05.409	446	948	630	1154	2939	2869	3367	3659	3929	516	28.35	1017.8	51.88	244393	AS7341	flash	5	100	999	10	100.0	0.15
2026-07-09T17:06:07.405	446	948	629	1154	2938	2868	3367	3659	3928	516	28.36	1017.81	51.89	241703	AS7341	flash	5	100	999	10	100.0	0.15
2026-07-09T17:06:09.390	446	948	630	1154	2938	2868	3367	3659	3929	516	28.36	1017.82	51.87	244212	AS7341	flash	5	100	999	10	100.0	0.15
2026-07-09T17:06:11.384	446	948	630	1154	2938	2868	3367	3659	3929	516	28.36	1017.82	51.86	244393	AS7341	flash	5	100	999	10	100.0	0.15
2026-07-09T17:06:13.364	446	948	630	1154	2939	2869	3366	3659	3929	515	28.36	1017.8	51.85	246774	AS7341	flash	5	100	999	10	100.0	0.15
2026-07-09T17:06:15.353	446	948	630	1154	2939	2870	3367	3659	3929	516	28.37	1017.77	51.83	247515	AS7341	flash	5	100	999	10	100.0	0.15
2026-07-09T17:06:17.353	446	948	629	1154	2939	2869	3367	3659	3929	516	28.37	1017.78	51.83	246036	AS7341	flash	5	100	999	10	100.0	0.15
2026-07-09T17:06:19.343	446	948	630	1154	2939	2869	3367	3659	3929	516	28.37	1017.79	51.83	246036	AS7341	flash	5	100	999	10	100.0	0.15
2026-07-09T17:06:21.433	446	948	630	1155	2940	2870	3368	3659	3931	516	28.37	1017.8	51.81	243850	AS7341	flash	5	100	999	10	100.0	0.15
2026-07-09T17:06:23.429	446	948	630	1155	2940	2872	3368	3660	3930	516	28.37	1017.81	51.8	243130	AS7341	flash	5	100	999	10	100.0	0.15
2026-07-09T17:06:25.417	446	949	630	1154	2939	2870	3367	3659	3930	516	28.37	1017.79	51.81	246589	AS7341	flash	5	100	999	10	100.0	0.15
2026-07-09T17:06:27.401	446	948	630	1154	2939	2869	3367	3658	3929	516	28.38	1017.81	51.79	247144	AS7341	flash	5	100	999	10	100.0	0.15
2026-07-09T17:06:29.391	446	948	630	1155	2940	2869	3368	3659	3930	516	28.38	1017.82	51.78	246036	AS7341	flash	5	100	999	10	100.0	0.15
2026-07-09T17:06:31.378	446	948	629	1154	2940	2870	3367	3658	3930	516	28.38	1017.8	51.77	244393	AS7341	flash	5	100	999	10	100.0	0.15
2026-07-09T17:06:33.364	445	948	629	1154	2939	2870	3367	3659	3929	516	28.38	1017.81	51.77	244938	AS7341	flash	5	100	999	10	100.0	0.15
2026-07-09T17:06:35.354	446	948	630	1155	2940	2869	3367	3659	3930	516	28.38	1017.81	51.75	243310	AS7341	flash	5	100	999	10	100.0	0.15
2026-07-09T17:06:37.348	446	949	630	1154	2940	2870	3367	3659	3929	516	28.38	1017.78	51.75	246589	AS7341	flash	5	100	999	10	100.0	0.15
2026-07-09T17:06:39.340	446	948	631	1154	2940	2870	3368	3660	3931	516	28.39	1017.8	51.73	247329	AS7341	flash	5	100	999	10	100.0	0.15
2026-07-09T17:06:41.425	446	948	631	1154	2940	2870	3368	3660	3930	516	28.38	1017.8	51.73	243670	AS7341	flash	5	100	999	10	100.0	0.15
2026-07-09T17:06:43.409	446	948	630	1154	2940	2869	3367	3659	3930	516	28.39	1017.8	51.73	245303	AS7341	flash	5	100	999	10	100.0	0.15
2026-07-09T17:06:45.395	446	948	631	1154	2940	2869	3367	3659	3930	516	28.39	1017.8	51.72	246404	AS7341	flash	5	100	999	10	100.0	0.15
2026-07-09T17:06:47.386	446	948	630	1154	2939	2870	3366	3658	3929	516	28.39	1017.8	51.72	248262	AS7341	flash	5	100	999	10	100.0	0.15
2026-07-09T17:06:49.374	446	948	630	1154	2941	2869	3367	3659	3930	516	28.39	1017.76	51.7	247515	AS7341	flash	5	100	999	10	100.0	0.15
2026-07-09T17:06:51.358	446	948	631	1154	2941	2870	3368	3659	3931	515	28.4	1017.77	51.69	246036	AS7341	flash	5	100	999	10	100.0	0.15
2026-07-09T17:06:53.342	446	948	631	1154	2941	2871	3368	3659	3930	516	28.4	1017.77	51.69	246404	AS7341	flash	5	100	999	10	100.0	0.15
2026-07-09T17:06:55.427	446	948	631	1155	2941	2871	3368	3659	3931	516	28.4	1017.77	51.68	245669	AS7341	flash	5	100	999	10	100.0	0.15
2026-07-09T17:06:57.427	446	948	631	1155	2941	2870	3368	3659	3930	516	28.4	1017.77	51.67	246036	AS7341	flash	5	100	999	10	100.0	0.15
2026-07-09T17:06:59.424	446	948	631	1155	2941	2870	3367	3658	3930	516	28.4	1017.78	51.66	245852	AS7341	flash	5	100	999	10	100.0	0.15
2026-07-09T17:07:01.412	446	948	631	1155	2941	2870	3368	3659	3930	516	28.41	1017.76	51.63	245669	AS7341	flash	5	100	999	10	100.0	0.15
2026-07-09T17:07:03.401	446	948	631	1155	2940	2871	3367	3658	3930	516	28.41	1017.77	51.65	248075	AS7341	flash	5	100	999	10	100.0	0.15
2026-07-09T17:07:05.391	446	948	631	1155	2941	2869	3367	3657	3930	516	28.41	1017.77	51.63	248262	AS7341	flash	5	100	999	10	100.0	0.15
2026-07-09T17:07:07.377	446	948	631	1155	2940	2871	3367	3658	3930	516	28.42	1017.78	51.63	246404	AS7341	flash	5	100	999	10	100.0	0.15
2026-07-09T17:07:09.367	446	948	631	1155	2940	2871	3367	3657	3930	516	28.41	1017.76	51.62	246404	AS7341	flash	5	100	999	10	100.0	0.15
2026-07-09T17:07:11.353	446	948	630	1155	2941	2871	3367	3657	3930	516	28.42	1017.78	51.6	247144	AS7341	flash	5	100	999	10	100.0	0.15
2026-07-09T17:07:13.346	446	948	630	1155	2941	2870	3368	3658	3931	516	28.42	1017.78	51.6	247888	AS7341	flash	5	100	999	10	100.0	0.15
2026-07-09T17:07:15.329	446	948	631	1155	2941	2871	3367	3657	3930	516	28.42	1017.8	51.58	246774	AS7341	flash	5	100	999	10	100.0	0.15
2026-07-09T17:07:17.420	446	948	631	1155	2942	2872	3369	3659	3932	516	28.41	1017.79	51.58	247144	AS7341	flash	5	100	999	10	100.0	0.15
2026-07-09T17:07:19.415	446	948	631	1155	2940	2870	3367	3657	3929	516	28.42	1017.8	51.57	247329	AS7341	flash	5	100	999	10	100.0	0.15
2026-07-09T17:07:21.403	446	948	631	1155	2940	2870	3367	3657	3929	516	28.43	1017.77	51.57	246220	AS7341	flash	5	100	999	10	100.0	0.15
2026-07-09T17:07:23.403	446	948	631	1155	2941	2871	3368	3658	3930	516	28.43	1017.82	51.54	246959	AS7341	flash	5	100	999	10	100.0	0.15
2026-07-09T17:07:25.390	446	948	631	1155	2941	2870	3367	3657	3929	516	28.43	1017.78	51.54	247888	AS7341	flash	5	100	999	10	100.0	0.15
2026-07-09T17:07:27.376	446	948	631	1154	2941	2871	3368	3658	3931	516	28.44	1017.78	51.54	246774	AS7341	flash	5	100	999	10	100.0	0.15
2026-07-09T17:07:29.367	446	948	631	1155	2942	2871	3368	3658	3931	516	28.43	1017.79	51.52	246404	AS7341	flash	5	100	999	10	100.0	0.15
2026-07-09T17:07:31.351	446	948	630	1154	2941	2871	3367	3657	3930	516	28.44	1017.82	51.51	246959	AS7341	flash	5	100	999	10	100.0	0.15
2026-07-09T17:07:33.348	446	948	631	1154	2941	2870	3367	3656	3930	516	28.44	1017.76	51.52	246959	AS7341	flash	5	100	999	10	100.0	0.15
2026-07-09T17:07:35.346	446	948	631	1155	2942	2871	3369	3658	3931	516	28.44	1017.75	51.49	243310	AS7341	flash	5	100	999	10	100.0	0.15
2026-07-09T17:07:37.338	446	949	631	1155	2942	2871	3368	3657	3931	516	28.44	1017.75	51.48	248637	AS7341	flash	5	100	999	10	100.0	0.15
2026-07-09T17:07:39.426	446	949	631	1155	2943	2872	3369	3658	3931	516	28.44	1017.81	51.47	246774	AS7341	flash	5	100	999	10	100.0	0.15
2026-07-09T17:07:41.412	445	948	631	1155	2943	2872	3368	3658	3931	516	28.44	1017.75	51.48	245852	AS7341	flash	5	100	999	10	100.0	0.15
2026-07-09T17:07:43.398	446	948	630	1155	2942	2871	3368	3657	3931	515	28.44	1017.79	51.44	244574	AS7341	flash	5	100	999	10	100.0	0.15
2026-07-09T17:07:45.390	446	949	630	1156	2943	2873	3369	3657	3931	516	28.44	1017.76	51.45	247702	AS7341	flash	5	100	999	10	100.0	0.15
2026-07-09T17:07:47.375	446	948	630	1155	2943	2873	3368	3657	3931	516	28.45	1017.78	51.43	244574	AS7341	flash	5	100	999	10	100.0	0.15
2026-07-09T17:07:49.369	446	949	631	1155	2943	2872	3368	3657	3931	516	28.45	1017.79	51.42	246036	AS7341	flash	5	100	999	10	100.0	0.15
2026-07-09T17:07:51.356	446	948	631	1155	2943	2873	3368	3657	3931	516	28.45	1017.79	51.4	246404	AS7341	flash	5	100	999	10	100.0	0.15
2026-07-09T17:07:53.344	446	948	631	1156	2943	2873	3368	3656	3931	516	28.45	1017.79	51.4	248262	AS7341	flash	5	100	999	10	100.0	0.15
2026-07-09T17:07:55.329	446	949	631	1156	2944	2873	3369	3657	3932	516	28.45	1017.8	51.38	246589	AS7341	flash	5	100	999	10	100.0	0.15
2026-07-09T17:07:57.428	446	949	631	1156	2944	2874	3370	3657	3932	516	28.44	1017.79	51.4	247144	AS7341	flash	5	100	999	10	100.0	0.15
2026-07-09T17:07:59.425	446	948	630	1155	2943	2873	3368	3657	3930	516	28.45	1017.76	51.38	246404	AS7341	flash	5	100	999	10	100.0	0.15
2026-07-09T17:08:01.415	446	949	631	1156	2945	2873	3370	3658	3933	516	28.46	1017.79	51.38	246774	AS7341	flash	5	100	999	10	100.0	0.15
2026-07-09T17:08:03.404	446	948	630	1156	2943	2873	3368	3657	3931	516	28.45	1017.79	51.35	247329	AS7341	flash	5	100	999	10	100.0	0.15
2026-07-09T17:08:05.394	446	948	631	1156	2943	2872	3368	3657	3931	516	28.46	1017.78	51.35	249013	AS7341	flash	5	100	999	10	100.0	0.15
2026-07-09T17:08:07.386	446	949	631	1156	2944	2874	3369	3657	3932	516	28.46	1017.79	51.34	247702	AS7341	flash	5	100	999	10	100.0	0.15
2026-07-09T17:08:09.372	446	949	631	1156	2944	2873	3368	3657	3932	515	28.47	1017.8	51.34	249013	AS7341	flash	5	100	999	10	100.0	0.15
2026-07-09T17:08:11.365	446	948	630	1156	2944	2873	3368	3656	3931	516	28.46	1017.76	51.33	246036	AS7341	flash	5	100	999	10	100.0	0.15
2026-07-09T17:08:13.354	446	948	631	1156	2944	2873	3368	3656	3931	516	28.46	1017.8	51.32	247515	AS7341	flash	5	100	999	10	100.0	0.15
2026-07-09T17:08:15.347	446	949	631	1156	2943	2874	3369	3656	3931	515	28.47	1017.79	51.31	249013	AS7341	flash	5	100	999	10	100.0	0.15
2026-07-09T17:08:17.328	446	949	631	1157	2943	2874	3369	3656	3931	516	28.47	1017.78	51.3	248262	AS7341	flash	5	100	999	10	100.0	0.15
2026-07-09T17:08:19.415	446	949	631	1156	2944	2875	3370	3658	3932	516	28.46	1017.8	51.29	248637	AS7341	flash	5	100	999	10	100.0	0.15
2026-07-09T17:08:21.401	446	949	631	1156	2945	2875	3370	3658	3933	516	28.47	1017.78	51.3	247515	AS7341	flash	5	100	999	10	100.0	0.15
2026-07-09T17:08:23.389	446	948	631	1155	2944	2874	3369	3656	3932	516	28.47	1017.81	51.28	246774	AS7341	flash	5	100	999	10	100.0	0.15
2026-07-09T17:08:25.376	446	949	631	1157	2944	2874	3369	3656	3932	516	28.48	1017.81	51.25	247515	AS7341	flash	5	100	999	10	100.0	0.15
2026-07-09T17:08:27.375	446	948	631	1156	2944	2874	3370	3657	3932	516	28.48	1017.79	51.27	247888	AS7341	flash	5	100	999	10	100.0	0.15
2026-07-09T17:08:29.364	446	949	631	1156	2944	2875	3369	3657	3932	516	28.48	1017.81	51.24	247888	AS7341	flash	5	100	999	10	100.0	0.15
2026-07-09T17:08:31.349	446	948	631	1155	2943	2874	3368	3655	3931	516	28.48	1017.77	51.23	247144	AS7341	flash	5	100	999	10	100.0	0.15
2026-07-09T17:08:33.328	446	948	631	1155	2944	2874	3369	3656	3931	516	28.49	1017.76	51.22	248075	AS7341	flash	5	100	999	10	100.0	0.15
2026-07-09T17:08:35.418	446	948	630	1156	2944	2875	3369	3656	3932	516	28.48	1017.81	51.2	246959	AS7341	flash	5	100	999	10	100.0	0.15
2026-07-09T17:08:37.404	446	949	631	1156	2944	2873	3369	3657	3932	516	28.48	1017.77	51.2	247329	AS7341	flash	5	100	999	10	100.0	0.15
2026-07-09T17:08:39.395	446	948	631	1156	2945	2874	3369	3657	3931	516	28.48	1017.79	51.2	246774	AS7341	flash	5	100	999	10	100.0	0.15
2026-07-09T17:08:41.378	446	948	631	1156	2945	2874	3369	3656	3932	516	28.49	1017.8	51.2	247515	AS7341	flash	5	100	999	10	100.0	0.15
2026-07-09T17:08:43.363	446	950	632	1156	2946	2875	3370	3657	3933	516	28.49	1017.77	51.18	247144	AS7341	flash	5	100	999	10	100.0	0.15
2026-07-09T17:08:45.351	446	948	631	1156	2945	2875	3369	3656	3932	516	28.5	1017.78	51.16	247144	AS7341	flash	5	100	999	10	100.0	0.15
2026-07-09T17:08:47.344	446	948	631	1156	2945	2873	3369	3655	3931	516	28.49	1017.79	51.14	248075	AS7341	flash	5	100	999	10	100.0	0.15
2026-07-09T17:08:49.334	446	949	631	1156	2946	2874	3370	3657	3933	516	28.5	1017.79	51.13	248262	AS7341	flash	5	100	999	10	100.0	0.15
2026-07-09T17:08:51.428	446	949	631	1157	2946	2874	3371	3657	3933	516	28.49	1017.81	51.13	245669	AS7341	flash	5	100	999	10	100.0	0.15
2026-07-09T17:08:53.422	446	950	631	1157	2946	2874	3370	3656	3932	516	28.5	1017.74	51.12	247515	AS7341	flash	5	100	999	10	100.0	0.15
2026-07-09T17:08:55.413	446	948	631	1156	2946	2874	3370	3656	3932	516	28.51	1017.77	51.12	245669	AS7341	flash	5	100	999	10	100.0	0.15
2026-07-09T17:08:57.408	446	949	631	1157	2947	2876	3371	3658	3934	516	28.51	1017.79	51.09	247144	AS7341	flash	5	100	999	10	100.0	0.15
2026-07-09T17:08:59.395	446	949	631	1156	2945	2874	3369	3656	3931	516	28.51	1017.74	51.1	246774	AS7341	flash	5	100	999	10	100.0	0.15
2026-07-09T17:09:01.387	446	949	632	1157	2947	2876	3371	3657	3933	516	28.51	1017.74	51.09	247702	AS7341	flash	5	100	999	10	100.0	0.15
2026-07-09T17:09:03.386	446	948	631	1157	2946	2875	3370	3656	3932	516	28.51	1017.77	51.07	247888	AS7341	flash	5	100	999	10	100.0	0.15
2026-07-09T17:09:05.374	446	948	630	1156	2947	2875	3370	3656	3933	516	28.51	1017.74	51.06	247515	AS7341	flash	5	100	999	10	100.0	0.15
2026-07-09T17:09:07.363	446	949	630	1157	2947	2874	3370	3656	3933	515	28.51	1017.8	51.05	246404	AS7341	flash	5	100	999	10	100.0	0.15
2026-07-09T17:09:09.355	446	950	631	1157	2947	2876	3370	3656	3932	516	28.52	1017.76	51.04	246774	AS7341	flash	5	100	999	10	100.0	0.15
2026-07-09T17:09:11.344	446	950	631	1157	2946	2874	3370	3656	3933	516	28.51	1017.74	51.02	247888	AS7341	flash	5	100	999	10	100.0	0.15
2026-07-09T17:09:13.335	446	949	630	1157	2946	2876	3370	3656	3932	516	28.52	1017.76	51.02	246774	AS7341	flash	5	100	999	10	100.0	0.15
2026-07-09T17:09:15.325	446	949	631	1157	2945	2874	3369	3654	3932	515	28.52	1017.72	51.02	248262	AS7341	flash	5	100	999	10	100.0	0.15
2026-07-09T17:09:17.422	446	949	630	1157	2948	2876	3371	3656	3933	516	28.5	1017.71	51.01	245852	AS7341	flash	5	100	999	10	100.0	0.15
2026-07-09T17:09:19.416	446	949	631	1157	2947	2875	3370	3655	3932	515	28.51	1017.74	51.02	248262	AS7341	flash	5	100	999	10	100.0	0.15
2026-07-09T17:09:21.409	446	950	631	1157	2947	2877	3371	3657	3934	516	28.52	1017.77	51.0	246589	AS7341	flash	5	100	999	10	100.0	0.15
2026-07-09T17:09:23.401	446	949	631	1157	2947	2876	3370	3655	3932	516	28.51	1017.73	50.99	244574	AS7341	flash	5	100	999	10	100.0	0.15
2026-07-09T17:09:25.388	446	949	632	1157	2948	2876	3371	3656	3934	516	28.52	1017.73	51.0	247888	AS7341	flash	5	100	999	10	100.0	0.15
2026-07-09T17:09:27.381	446	949	631	1157	2947	2874	3370	3655	3933	516	28.51	1017.74	50.99	248075	AS7341	flash	5	100	999	10	100.0	0.15
2026-07-09T17:09:29.378	446	949	631	1157	2947	2876	3371	3656	3934	516	28.51	1017.72	50.98	247702	AS7341	flash	5	100	999	10	100.0	0.15
2026-07-09T17:09:31.373	446	949	631	1157	2946	2876	3370	3655	3932	516	28.52	1017.74	50.97	247888	AS7341	flash	5	100	999	10	100.0	0.15
2026-07-09T17:09:33.355	446	949	631	1157	2947	2876	3371	3656	3934	515	28.51	1017.75	50.96	248262	AS7341	flash	5	100	999	10	100.0	0.15
2026-07-09T17:09:35.339	446	949	631	1157	2947	2876	3371	3655	3933	516	28.52	1017.76	50.96	246220	AS7341	flash	5	100	999	10	100.0	0.15
2026-07-09T17:09:37.428	446	949	631	1157	2948	2878	3372	3657	3934	516	28.51	1017.74	50.95	245852	AS7341	flash	5	100	999	10	100.0	0.15
2026-07-09T17:09:39.419	446	949	632	1157	2948	2877	3372	3656	3935	516	28.52	1017.74	50.95	248449	AS7341	flash	5	100	999	10	100.0	0.15
2026-07-09T17:09:41.403	446	949	630	1157	2947	2877	3370	3655	3933	516	28.53	1017.76	50.92	247515	AS7341	flash	5	100	999	10	100.0	0.15
2026-07-09T17:09:43.393	446	949	631	1157	2948	2877	3371	3655	3933	516	28.52	1017.72	50.92	247515	AS7341	flash	5	100	999	10	100.0	0.15
2026-07-09T17:09:45.377	446	950	632	1158	2948	2877	3372	3656	3934	516	28.53	1017.78	50.91	247144	AS7341	flash	5	100	999	10	100.0	0.15
2026-07-09T17:09:47.363	446	949	632	1157	2949	2877	3372	3656	3935	515	28.54	1017.79	50.91	247144	AS7341	flash	5	100	999	10	100.0	0.15
2026-07-09T17:09:49.359	446	950	632	1158	2950	2877	3373	3657	3936	516	28.54	1017.73	50.9	248075	AS7341	flash	5	100	999	10	100.0	0.15
2026-07-09T17:09:51.341	446	949	631	1157	2949	2878	3372	3656	3935	516	28.54	1017.74	50.9	247702	AS7341	flash	5	100	999	10	100.0	0.15
2026-07-09T17:09:53.332	446	949	630	1157	2948	2877	3371	3655	3934	516	28.53	1017.76	50.88	247702	AS7341	flash	5	100	999	10	100.0	0.15
2026-07-09T17:09:55.423	446	949	631	1158	2949	2877	3371	3655	3933	516	28.53	1017.75	50.87	246036	AS7341	flash	5	100	999	10	100.0	0.15
2026-07-09T17:09:57.324	446	949	632	1158	2949	2877	3371	3655	3934	516	28.55	1017.74	50.86	249013	AS7341	flash	5	100	999	10	100.0	0.15
2026-07-09T17:09:59.335	446	949	631	1157	2950	2879	3373	3656	3936	516	28.55	1017.76	50.85	248637	AS7341	flash	5	100	999	10	100.0	0.15
2026-07-09T17:10:01.405	446	949	631	1158	2950	2878	3372	3656	3935	516	28.55	1017.77	50.86	248449	AS7341	flash	5	100	999	10	100.0	0.15
2026-07-09T17:10:03.427	446	949	630	1158	2948	2876	3371	3655	3933	516	28.54	1017.71	50.85	246959	AS7341	flash	5	100	999	10	100.0	0.15
2026-07-09T17:10:05.448	446	949	631	1158	2950	2879	3373	3657	3935	516	28.55	1017.76	50.84	248449	AS7341	flash	5	100	999	10	100.0	0.15
2026-07-09T17:10:07.361	446	949	631	1158	2949	2878	3372	3656	3934	516	28.55	1017.76	50.82	248262	AS7341	flash	5	100	999	10	100.0	0.15
2026-07-09T17:10:09.372	446	950	632	1158	2950	2879	3373	3656	3936	516	28.55	1017.7	50.82	248075	AS7341	flash	5	100	999	10	100.0	0.15
2026-07-09T17:10:11.392	446	950	632	1158	2950	2878	3372	3655	3935	516	28.55	1017.74	50.8	247515	AS7341	flash	5	100	999	10	100.0	0.15
2026-07-09T17:10:13.413	446	949	632	1158	2951	2880	3374	3657	3937	516	28.55	1017.73	50.79	246959	AS7341	flash	5	100	999	10	100.0	0.15
2026-07-09T17:10:15.424	446	949	632	1159	2951	2880	3373	3656	3936	516	28.55	1017.75	50.79	246404	AS7341	flash	5	100	999	10	100.0	0.15
2026-07-09T17:10:17.345	446	949	631	1158	2951	2879	3373	3656	3936	516	28.56	1017.71	50.77	248824	AS7341	flash	5	100	999	10	100.0	0.15
2026-07-09T17:10:19.356	446	949	631	1158	2951	2880	3373	3656	3935	516	28.56	1017.74	50.77	248262	AS7341	flash	5	100	999	10	100.0	0.15
2026-07-09T17:10:21.376	446	949	632	1158	2951	2880	3373	3656	3936	516	28.56	1017.73	50.75	246774	AS7341	flash	5	100	999	10	100.0	0.15
2026-07-09T17:10:23.403	446	949	630	1159	2952	2880	3374	3657	3937	515	28.56	1017.71	50.76	248262	AS7341	flash	5	100	999	10	100.0	0.15
2026-07-09T17:10:25.417	446	949	631	1159	2951	2879	3373	3656	3936	516	28.56	1017.75	50.77	248449	AS7341	flash	5	100	999	10	100.0	0.15
2026-07-09T17:10:27.433	446	949	632	1159	2952	2881	3374	3656	3936	516	28.56	1017.75	50.75	247702	AS7341	flash	5	100	999	10	100.0	0.15
2026-07-09T17:10:29.343	446	949	632	1159	2950	2879	3373	3655	3936	516	28.58	1017.74	50.76	249768	AS7341	flash	5	100	999	10	100.0	0.15
2026-07-09T17:10:31.361	446	949	632	1159	2951	2881	3374	3656	3937	516	28.56	1017.71	50.74	250719	AS7341	flash	5	100	999	10	100.0	0.15
2026-07-09T17:10:33.376	446	950	632	1158	2952	2881	3375	3657	3938	517	28.57	1017.77	50.74	248637	AS7341	flash	5	100	999	10	100.0	0.15
2026-07-09T17:10:35.402	447	949	632	1159	2952	2880	3374	3657	3937	516	28.57	1017.75	50.74	247144	AS7341	flash	5	100	999	10	100.0	0.15
2026-07-09T17:10:37.418	446	950	632	1159	2951	2880	3373	3656	3937	516	28.57	1017.71	50.72	247888	AS7341	flash	5	100	999	10	100.0	0.15
2026-07-09T17:10:39.436	447	950	632	1160	2951	2879	3373	3656	3936	516	28.57	1017.71	50.73	247888	AS7341	flash	5	100	999	10	100.0	0.15
2026-07-09T17:10:41.341	446	949	631	1159	2951	2879	3373	3655	3936	516	28.58	1017.72	50.71	247888	AS7341	flash	5	100	999	10	100.0	0.15
2026-07-09T17:10:43.360	447	949	631	1159	2952	2882	3374	3658	3938	517	28.58	1017.76	50.7	247515	AS7341	flash	5	100	999	10	100.0	0.15
2026-07-09T17:10:45.385	447	950	631	1160	2952	2882	3374	3657	3938	517	28.58	1017.72	50.7	246959	AS7341	flash	5	100	999	10	100.0	0.15
2026-07-09T17:10:47.398	446	949	631	1159	2952	2881	3374	3656	3937	516	28.58	1017.74	50.7	247144	AS7341	flash	5	100	999	10	100.0	0.15
2026-07-09T17:10:49.415	447	949	632	1159	2952	2882	3374	3657	3937	517	28.58	1017.75	50.69	246404	AS7341	flash	5	100	999	10	100.0	0.15
2026-07-09T17:10:51.430	447	950	632	1159	2953	2882	3375	3657	3938	517	28.58	1017.75	50.68	248262	AS7341	flash	5	100	999	10	100.0	0.15
2026-07-09T17:10:53.442	447	949	631	1159	2953	2882	3374	3656	3938	517	28.58	1017.73	50.66	247515	AS7341	flash	5	100	999	10	100.0	0.15
2026-07-09T17:10:55.345	446	949	632	1159	2952	2881	3374	3655	3937	516	28.59	1017.74	50.66	247515	AS7341	flash	5	100	999	10	100.0	0.15
2026-07-09T17:10:57.358	447	949	632	1159	2953	2881	3375	3655	3937	516	28.59	1017.78	50.63	248262	AS7341	flash	5	100	999	10	100.0	0.15
2026-07-09T17:10:59.382	446	949	631	1159	2954	2882	3376	3656	3938	516	28.58	1017.74	50.63	248637	AS7341	flash	5	100	999	10	100.0	0.15
2026-07-09T17:11:01.401	446	949	631	1159	2953	2882	3375	3656	3937	516	28.58	1017.74	50.62	248637	AS7341	flash	5	100	999	10	100.0	0.15
2026-07-09T17:11:03.413	447	949	632	1159	2953	2882	3375	3656	3938	517	28.59	1017.71	50.62	247888	AS7341	flash	5	100	999	10	100.0	0.15
2026-07-09T17:11:05.429	447	949	632	1159	2953	2882	3376	3655	3938	517	28.59	1017.71	50.61	244938	AS7341	flash	5	100	999	10	100.0	0.15
2026-07-09T17:11:07.439	447	949	632	1159	2954	2883	3375	3656	3938	517	28.59	1017.74	50.6	248637	AS7341	flash	5	100	999	10	100.0	0.15
2026-07-09T17:11:09.456	447	949	632	1159	2954	2882	3376	3657	3939	517	28.59	1017.74	50.58	247515	AS7341	flash	5	100	999	10	100.0	0.15
2026-07-09T17:11:11.359	447	949	631	1160	2954	2882	3375	3656	3938	517	28.6	1017.74	50.56	247515	AS7341	flash	5	100	999	10	100.0	0.15
2026-07-09T17:11:13.383	447	949	631	1160	2955	2882	3376	3657	3938	516	28.59	1017.73	50.55	248637	AS7341	flash	5	100	999	10	100.0	0.15
2026-07-09T17:11:15.395	447	949	632	1160	2955	2884	3376	3657	3939	517	28.59	1017.76	50.55	247515	AS7341	flash	5	100	999	10	100.0	0.15
2026-07-09T17:11:17.413	447	949	632	1160	2954	2883	3376	3656	3937	517	28.59	1017.74	50.54	248449	AS7341	flash	5	100	999	10	100.0	0.15
2026-07-09T17:11:19.424	447	950	632	1160	2955	2884	3376	3656	3938	516	28.6	1017.76	50.53	248449	AS7341	flash	5	100	999	10	100.0	0.15
2026-07-09T17:11:21.444	447	950	632	1160	2955	2883	3377	3657	3939	517	28.59	1017.72	50.51	248449	AS7341	flash	5	100	999	10	100.0	0.15
2026-07-09T17:11:23.460	447	949	632	1160	2955	2884	3377	3656	3938	517	28.6	1017.75	50.5	246404	AS7341	flash	5	100	999	10	100.0	0.15
2026-07-09T17:11:25.368	447	949	631	1160	2955	2882	3376	3655	3938	516	28.61	1017.74	50.5	248824	AS7341	flash	5	100	999	10	100.0	0.15
2026-07-09T17:11:27.384	447	950	632	1160	2956	2883	3376	3656	3939	517	28.6	1017.71	50.48	249768	AS7341	flash	5	100	999	10	100.0	0.15
2026-07-09T17:11:29.398	447	949	632	1160	2955	2882	3377	3656	3939	517	28.61	1017.78	50.46	248075	AS7341	flash	5	100	999	10	100.0	0.15
2026-07-09T17:11:31.414	447	949	632	1160	2955	2882	3376	3655	3939	517	28.6	1017.69	50.45	248449	AS7341	flash	5	100	999	10	100.0	0.15
2026-07-09T17:11:33.442	447	949	632	1160	2955	2882	3376	3655	3938	517	28.6	1017.75	50.44	248075	AS7341	flash	5	100	999	10	100.0	0.15
2026-07-09T17:11:35.470	447	949	632	1161	2955	2882	3376	3655	3938	515	28.61	1017.73	50.43	248075	AS7341	flash	5	100	999	10	100.0	0.15
2026-07-09T17:11:37.379	447	949	632	1160	2954	2882	3376	3654	3938	517	28.62	1017.76	50.42	249201	AS7341	flash	5	100	999	10	100.0	0.15
2026-07-09T17:11:39.396	447	949	632	1160	2954	2881	3375	3654	3937	515	28.61	1017.78	50.4	249579	AS7341	flash	5	100	999	10	100.0	0.15
2026-07-09T17:11:41.412	447	949	632	1161	2955	2884	3377	3655	3938	517	28.62	1017.73	50.37	247702	AS7341	flash	5	100	999	10	100.0	0.15
2026-07-09T17:11:43.434	447	950	632	1161	2956	2884	3377	3656	3939	517	28.61	1017.75	50.37	248075	AS7341	flash	5	100	999	10	100.0	0.15
2026-07-09T17:11:45.446	447	949	633	1161	2956	2884	3377	3656	3939	517	28.62	1017.74	50.37	248262	AS7341	flash	5	100	999	10	100.0	0.15
2026-07-09T17:11:47.459	447	949	633	1161	2956	2885	3377	3656	3939	517	28.63	1017.77	50.34	249390	AS7341	flash	5	100	999	10	100.0	0.15
2026-07-09T17:11:49.366	447	950	632	1160	2955	2882	3376	3653	3937	516	28.64	1017.75	50.33	249957	AS7341	flash	5	100	999	10	100.0	0.15
2026-07-09T17:11:51.384	447	950	633	1160	2956	2885	3377	3655	3939	517	28.63	1017.76	50.31	249390	AS7341	flash	5	100	999	10	100.0	0.15
2026-07-09T17:11:53.402	447	950	632	1160	2956	2884	3377	3655	3939	517	28.64	1017.76	50.31	248262	AS7341	flash	5	100	999	10	100.0	0.15
2026-07-09T17:11:55.418	447	950	633	1160	2956	2884	3377	3655	3939	517	28.63	1017.72	50.29	248824	AS7341	flash	5	100	999	10	100.0	0.15
2026-07-09T17:11:57.445	447	950	633	1160	2956	2884	3377	3654	3939	517	28.63	1017.74	50.28	248637	AS7341	flash	5	100	999	10	100.0	0.15
2026-07-09T17:11:59.470	447	950	633	1161	2957	2885	3378	3655	3940	517	28.64	1017.73	50.26	248075	AS7341	flash	5	100	999	10	100.0	0.15
2026-07-09T17:12:01.378	447	950	633	1160	2957	2883	3377	3654	3938	517	28.65	1017.77	50.24	249390	AS7341	flash	5	100	999	10	100.0	0.15
2026-07-09T17:12:03.394	447	950	633	1161	2957	2884	3377	3655	3939	516	28.65	1017.77	50.23	248824	AS7341	flash	5	100	999	10	100.0	0.15
2026-07-09T17:12:05.408	447	950	633	1161	2957	2885	3378	3655	3940	517	28.65	1017.77	50.21	249013	AS7341	flash	5	100	999	10	100.0	0.15
2026-07-09T17:12:07.423	447	950	632	1161	2958	2885	3378	3655	3939	516	28.64	1017.75	50.21	249013	AS7341	flash	5	100	999	10	100.0	0.15
2026-07-09T17:12:09.433	447	950	633	1161	2957	2884	3377	3653	3939	517	28.65	1017.72	50.2	249013	AS7341	flash	5	100	999	10	100.0	0.15
2026-07-09T17:12:11.452	447	950	633	1161	2957	2886	3377	3655	3940	517	28.65	1017.77	50.17	249390	AS7341	flash	5	100	999	10	100.0	0.15
2026-07-09T17:12:13.465	447	950	633	1161	2959	2886	3379	3656	3940	517	28.64	1017.74	50.17	247515	AS7341	flash	5	100	999	10	100.0	0.15
2026-07-09T17:12:15.485	447	950	633	1161	2959	2886	3379	3656	3940	517	28.65	1017.76	50.16	249013	AS7341	flash	5	100	999	10	100.0	0.15
2026-07-09T17:12:17.393	446	950	632	1161	2958	2885	3377	3654	3939	517	28.66	1017.72	50.14	249768	AS7341	flash	5	100	999	10	100.0	0.15
2026-07-09T17:12:19.411	447	950	632	1161	2958	2885	3378	3655	3940	517	28.65	1017.73	50.14	250147	AS7341	flash	5	100	999	10	100.0	0.15
2026-07-09T17:12:21.427	447	950	632	1162	2957	2886	3377	3654	3939	517	28.65	1017.76	50.12	251292	AS7341	flash	5	100	999	10	100.0	0.15
2026-07-09T17:12:23.447	447	950	633	1162	2959	2886	3379	3655	3941	517	28.66	1017.73	50.11	249390	AS7341	flash	5	100	999	10	100.0	0.15
2026-07-09T17:12:25.464	447	950	633	1162	2958	2886	3379	3655	3941	517	28.65	1017.74	50.1	249390	AS7341	flash	5	100	999	10	100.0	0.15
2026-07-09T17:12:27.475	447	950	633	1161	2959	2887	3379	3655	3941	517	28.65	1017.74	50.08	248449	AS7341	flash	5	100	999	10	100.0	0.15
2026-07-09T17:12:29.385	447	950	632	1162	2958	2885	3378	3653	3940	517	28.66	1017.75	50.07	249768	AS7341	flash	5	100	999	10	100.0	0.15
2026-07-09T17:12:31.399	447	950	633	1162	2959	2887	3379	3655	3941	516	28.66	1017.71	50.05	249768	AS7341	flash	5	100	999	10	100.0	0.15
2026-07-09T17:12:33.408	447	950	632	1161	2959	2888	3379	3656	3941	517	28.66	1017.75	50.05	248637	AS7341	flash	5	100	999	10	100.0	0.15
2026-07-09T17:12:35.422	447	950	632	1162	2960	2888	3379	3656	3941	517	28.66	1017.75	50.03	249579	AS7341	flash	5	100	999	10	100.0	0.15
2026-07-09T17:12:37.445	447	950	632	1162	2960	2888	3380	3656	3942	517	28.66	1017.72	50.02	249957	AS7341	flash	5	100	999	10	100.0	0.15
2026-07-09T17:12:39.457	447	950	632	1161	2959	2888	3378	3654	3940	517	28.67	1017.72	50.02	249768	AS7341	flash	5	100	999	10	100.0	0.15
2026-07-09T17:12:41.471	447	950	633	1162	2960	2887	3380	3655	3942	517	28.67	1017.7	49.99	248449	AS7341	flash	5	100	999	10	100.0	0.15
2026-07-09T17:12:43.387	447	950	633	1161	2959	2887	3379	3654	3941	517	28.68	1017.72	49.96	250528	AS7341	flash	5	100	999	10	100.0	0.15
2026-07-09T17:12:45.404	447	950	633	1162	2960	2887	3379	3654	3941	517	28.67	1017.68	49.96	250528	AS7341	flash	5	100	999	10	100.0	0.15
2026-07-09T17:12:47.429	447	950	632	1161	2960	2888	3379	3653	3940	517	28.68	1017.74	49.96	248262	AS7341	flash	5	100	999	10	100.0	0.15
2026-07-09T17:12:49.445	447	950	633	1162	2961	2888	3380	3655	3943	516	28.68	1017.71	49.94	249579	AS7341	flash	5	100	999	10	100.0	0.15
2026-07-09T17:12:51.459	447	950	632	1162	2961	2890	3380	3655	3942	517	28.68	1017.75	49.92	248637	AS7341	flash	5	100	999	10	100.0	0.15
2026-07-09T17:12:53.467	447	950	632	1162	2961	2890	3380	3655	3943	517	28.68	1017.72	49.92	249768	AS7341	flash	5	100	999	10	100.0	0.15
2026-07-09T17:12:55.494	447	950	633	1162	2961	2888	3381	3656	3944	517	28.68	1017.75	49.9	249768	AS7341	flash	5	100	999	10	100.0	0.15
2026-07-09T17:12:57.398	447	950	632	1162	2960	2889	3380	3654	3942	517	28.7	1017.71	49.88	250337	AS7341	flash	5	100	999	10	100.0	0.15
2026-07-09T17:12:59.415	447	950	633	1163	2960	2888	3380	3655	3942	517	28.69	1017.7	49.86	251484	AS7341	flash	5	100	999	10	100.0	0.15
2026-07-09T17:13:01.424	447	950	633	1162	2960	2887	3379	3653	3941	517	28.7	1017.74	49.84	250147	AS7341	flash	5	100	999	10	100.0	0.15
2026-07-09T17:13:03.451	447	949	633	1163	2961	2887	3380	3654	3941	517	28.7	1017.71	49.82	249768	AS7341	flash	5	100	999	10	100.0	0.15
2026-07-09T17:13:05.472	447	949	632	1162	2961	2889	3380	3655	3942	517	28.7	1017.75	49.81	250528	AS7341	flash	5	100	999	10	100.0	0.15
2026-07-09T17:13:07.488	447	950	633	1163	2962	2889	3380	3653	3943	517	28.69	1017.69	49.79	251484	AS7341	flash	5	100	999	10	100.0	0.15
2026-07-09T17:13:09.396	447	950	633	1162	2962	2889	3380	3654	3943	517	28.71	1017.71	49.78	249390	AS7341	flash	5	100	999	10	100.0	0.15
2026-07-09T17:13:11.419	447	950	632	1162	2963	2889	3381	3655	3943	517	28.71	1017.7	49.73	250147	AS7341	flash	5	100	999	10	100.0	0.15
2026-07-09T17:13:13.441	447	950	632	1163	2963	2890	3381	3655	3944	517	28.71	1017.73	49.74	248824	AS7341	flash	5	100	999	10	100.0	0.15
2026-07-09T17:13:15.457	447	950	633	1163	2963	2890	3381	3655	3943	517	28.71	1017.74	49.73	249013	AS7341	flash	5	100	999	10	100.0	0.15
2026-07-09T17:13:17.480	447	950	633	1163	2963	2890	3381	3654	3942	517	28.71	1017.71	49.7	251292	AS7341	flash	5	100	999	10	100.0	0.15
2026-07-09T17:13:19.492	447	949	633	1163	2964	2891	3382	3655	3945	517	28.72	1017.71	49.69	249390	AS7341	flash	5	100	999	10	100.0	0.15
2026-07-09T17:13:21.402	447	949	633	1163	2962	2890	3380	3653	3942	517	28.72	1017.71	49.66	251484	AS7341	flash	5	100	999	10	100.0	0.15
2026-07-09T17:13:23.413	447	949	632	1163	2963	2890	3380	3653	3943	517	28.72	1017.72	49.66	252062	AS7341	flash	5	100	999	10	100.0	0.15
2026-07-09T17:13:25.426	447	949	633	1163	2963	2890	3380	3653	3943	517	28.72	1017.71	49.64	249957	AS7341	flash	5	100	999	10	100.0	0.15
2026-07-09T17:13:27.441	447	950	633	1163	2964	2891	3381	3654	3944	517	28.72	1017.68	49.63	249390	AS7341	flash	5	100	999	10	100.0	0.15
2026-07-09T17:13:29.465	447	949	633	1163	2964	2891	3381	3654	3943	517	28.72	1017.72	49.6	250147	AS7341	flash	5	100	999	10	100.0	0.15
2026-07-09T17:13:31.480	447	949	633	1163	2964	2892	3382	3654	3944	517	28.73	1017.67	49.59	252062	AS7341	flash	5	100	999	10	100.0	0.15
2026-07-09T17:13:33.496	447	949	633	1164	2964	2892	3382	3654	3944	517	28.73	1017.73	49.57	249013	AS7341	flash	5	100	999	10	100.0	0.15
2026-07-09T17:13:35.507	447	950	632	1164	2965	2892	3383	3656	3944	517	28.73	1017.73	49.56	250528	AS7341	flash	5	100	999	10	100.0	0.15
2026-07-09T17:13:37.413	447	949	633	1164	2963	2891	3381	3653	3944	517	28.75	1017.7	49.55	252642	AS7341	flash	5	100	999	10	100.0	0.15
2026-07-09T17:13:39.428	447	950	632	1164	2965	2893	3383	3655	3945	517	28.74	1017.68	49.51	252448	AS7341	flash	5	100	999	10	100.0	0.15
2026-07-09T17:13:41.452	447	951	633	1164	2965	2893	3383	3655	3945	517	28.74	1017.72	49.51	250910	AS7341	flash	5	100	999	10	100.0	0.15
2026-07-09T17:13:43.466	447	950	633	1164	2965	2893	3382	3654	3945	517	28.74	1017.73	49.49	251101	AS7341	flash	5	100	999	10	100.0	0.15
2026-07-09T17:13:45.490	447	950	633	1163	2965	2893	3383	3654	3944	517	28.74	1017.7	49.49	252255	AS7341	flash	5	100	999	10	100.0	0.15
2026-07-09T17:13:47.509	447	949	633	1164	2966	2892	3383	3653	3944	517	28.74	1017.71	49.46	251677	AS7341	flash	5	100	999	10	100.0	0.15
2026-07-09T17:13:49.422	447	950	632	1164	2965	2893	3383	3654	3945	517	28.75	1017.74	49.45	250528	AS7341	flash	5	100	999	10	100.0	0.15
2026-07-09T17:13:51.445	447	949	633	1164	2966	2893	3383	3654	3944	516	28.74	1017.71	49.44	250910	AS7341	flash	5	100	999	10	100.0	0.15
2026-07-09T17:13:53.464	447	950	633	1164	2966	2893	3383	3653	3945	517	28.74	1017.69	49.43	250719	AS7341	flash	5	100	999	10	100.0	0.15
2026-07-09T17:13:55.472	447	950	632	1164	2966	2894	3383	3654	3946	517	28.74	1017.75	49.4	249390	AS7341	flash	5	100	999	10	100.0	0.15
2026-07-09T17:13:57.498	447	951	633	1165	2967	2894	3384	3654	3947	516	28.74	1017.7	49.4	251869	AS7341	flash	5	100	999	10	100.0	0.15
2026-07-09T17:13:59.510	447	950	633	1165	2967	2894	3384	3655	3946	517	28.74	1017.73	49.38	250719	AS7341	flash	5	100	999	10	100.0	0.15
2026-07-09T17:14:01.424	447	950	633	1165	2967	2895	3383	3653	3946	517	28.75	1017.72	49.37	250719	AS7341	flash	5	100	999	10	100.0	0.15
2026-07-09T17:14:03.445	447	950	632	1165	2967	2895	3385	3656	3946	517	28.75	1017.76	49.36	251869	AS7341	flash	5	100	999	10	100.0	0.15
2026-07-09T17:14:05.463	447	950	633	1165	2967	2894	3384	3654	3945	517	28.74	1017.74	49.35	250910	AS7341	flash	5	100	999	10	100.0	0.15
2026-07-09T17:14:07.472	447	950	633	1165	2966	2894	3383	3654	3945	517	28.74	1017.72	49.33	252255	AS7341	flash	5	100	999	10	100.0	0.15
2026-07-09T17:14:09.484	447	950	633	1165	2967	2895	3384	3654	3946	517	28.73	1017.7	49.33	251292	AS7341	flash	5	100	999	10	100.0	0.15
2026-07-09T17:14:11.495	447	950	633	1165	2968	2895	3385	3655	3947	517	28.74	1017.74	49.32	252062	AS7341	flash	5	100	999	10	100.0	0.15
2026-07-09T17:14:13.509	447	950	632	1165	2967	2895	3384	3654	3946	517	28.73	1017.73	49.3	250910	AS7341	flash	5	100	999	10	100.0	0.15
2026-07-09T17:14:15.413	447	950	632	1164	2967	2894	3383	3653	3946	516	28.75	1017.74	49.3	254006	AS7341	flash	5	100	999	10	0.0	0.15
2026-07-09T17:14:17.427	447	950	634	1164	2969	2895	3386	3657	3948	518	28.78	1017.68	49.42	250719	AS7341	flash	5	100	999	10	0.0	0.15
2026-07-09T17:14:19.440	447	950	632	1164	2967	2896	3387	3659	3949	518	28.8	1017.74	49.96	251292	AS7341	flash	5	100	999	10	0.0	0.15
2026-07-09T17:14:21.462	447	949	632	1165	2967	2896	3389	3662	3950	518	28.81	1017.72	50.67	246036	AS7341	flash	5	100	999	10	0.0	0.15
2026-07-09T17:14:23.479	447	949	632	1164	2967	2895	3389	3664	3950	518	28.82	1017.73	51.49	245121	AS7341	flash	5	100	999	10	0.0	0.15
2026-07-09T17:14:25.498	447	949	632	1163	2966	2895	3389	3666	3951	518	28.83	1017.7	52.25	244574	AS7341	flash	5	100	999	10	0.0	0.15
2026-07-09T17:14:27.414	447	949	632	1163	2964	2894	3389	3666	3949	517	28.86	1017.73	52.91	242058	AS7341	flash	5	100	999	10	0.0	0.15
2026-07-09T17:14:29.429	448	949	633	1162	2964	2892	3390	3670	3951	518	28.85	1017.73	53.5	238724	AS7341	flash	5	100	999	10	0.0	0.15
2026-07-09T17:14:31.448	448	949	632	1162	2963	2892	3389	3669	3949	517	28.87	1017.76	54.01	238206	AS7341	flash	5	100	999	10	0.0	0.15
2026-07-09T17:14:33.472	448	950	633	1162	2961	2891	3389	3671	3949	518	28.87	1017.73	54.45	238206	AS7341	flash	5	100	999	10	0.0	0.15
2026-07-09T17:14:35.482	447	949	633	1161	2958	2889	3387	3669	3946	518	28.88	1017.78	54.87	234810	AS7341	flash	5	100	999	10	100.0	0.15
2026-07-09T17:14:37.500	447	950	632	1160	2956	2886	3383	3667	3943	517	28.85	1017.73	55.06	234308	AS7341	flash	5	100	999	10	100.0	0.15
2026-07-09T17:14:39.521	447	950	633	1160	2955	2884	3381	3662	3942	516	28.84	1017.73	54.44	235313	AS7341	flash	5	100	999	10	100.0	0.15
2026-07-09T17:14:41.534	447	950	632	1159	2954	2882	3378	3659	3939	517	28.83	1017.74	53.58	236836	AS7341	flash	5	100	999	10	100.0	0.15
2026-07-09T17:14:43.449	447	951	633	1159	2952	2881	3374	3654	3935	516	28.84	1017.73	52.82	238724	AS7341	flash	5	100	999	10	100.0	0.15
2026-07-09T17:14:45.467	447	951	633	1159	2953	2879	3374	3653	3936	515	28.83	1017.73	52.13	241703	AS7341	flash	5	100	999	10	100.0	0.15
2026-07-09T17:14:47.481	447	951	633	1160	2953	2881	3374	3652	3935	516	28.82	1017.74	51.58	239942	AS7341	flash	5	100	999	10	100.0	0.15
2026-07-09T17:14:49.551	447	951	632	1160	2954	2881	3373	3650	3936	517	28.83	1017.77	51.16	242058	AS7341	flash	5	100	999	10	100.0	0.15
2026-07-09T17:14:51.454	447	951	633	1160	2953	2879	3372	3648	3933	516	28.82	1017.7	50.82	244393	AS7341	flash	5	100	999	10	100.0	0.15
2026-07-09T17:14:53.494	447	952	632	1161	2954	2880	3372	3648	3934	516	28.82	1017.71	50.54	244938	AS7341	flash	5	100	999	10	100.0	0.15
2026-07-09T17:14:55.519	447	951	633	1161	2954	2880	3370	3645	3933	516	28.82	1017.7	50.33	244938	AS7341	flash	5	100	999	10	100.0	0.15
2026-07-09T17:14:57.534	447	952	633	1160	2955	2881	3371	3646	3935	516	28.82	1017.72	50.16	245486	AS7341	flash	5	100	999	10	100.0	0.15
2026-07-09T17:14:59.445	447	951	633	1160	2955	2881	3370	3645	3934	517	28.83	1017.75	50.01	246404	AS7341	flash	5	100	999	10	100.0	0.15
2026-07-09T17:15:01.464	447	951	633	1161	2956	2881	3371	3644	3934	516	28.82	1017.75	49.89	246959	AS7341	flash	5	100	999	10	100.0	0.15
2026-07-09T17:15:03.475	447	951	633	1161	2955	2882	3371	3643	3933	516	28.81	1017.73	49.76	246959	AS7341	flash	5	100	999	10	100.0	0.15
2026-07-09T17:15:05.486	447	951	633	1162	2956	2882	3372	3644	3935	517	28.82	1017.72	49.68	247515	AS7341	flash	5	100	999	10	100.0	0.15
2026-07-09T17:15:07.499	447	952	634	1161	2957	2883	3372	3644	3935	517	28.82	1017.73	49.59	246404	AS7341	flash	5	100	999	10	100.0	0.15
2026-07-09T17:15:09.513	447	952	633	1162	2958	2884	3372	3644	3936	517	28.82	1017.7	49.52	246220	AS7341	flash	5	100	999	10	100.0	0.15
2026-07-09T17:15:11.527	447	952	634	1163	2959	2886	3373	3644	3937	517	28.82	1017.72	49.46	246589	AS7341	flash	5	100	999	10	100.0	0.15
2026-07-09T17:15:13.430	447	952	633	1163	2958	2884	3372	3644	3935	517	28.82	1017.7	49.39	247888	AS7341	flash	5	100	999	10	100.0	0.15
2026-07-09T17:15:15.456	447	952	633	1163	2960	2886	3373	3644	3936	517	28.81	1017.7	49.36	247515	AS7341	flash	5	100	999	10	100.0	0.15
2026-07-09T17:15:17.468	447	952	633	1163	2960	2886	3374	3645	3937	517	28.81	1017.7	49.33	247144	AS7341	flash	5	100	999	10	100.0	0.15
2026-07-09T17:15:19.494	447	952	633	1163	2961	2888	3376	3645	3939	516	28.81	1017.69	49.28	248262	AS7341	flash	5	100	999	10	100.0	0.15
2026-07-09T17:15:21.506	447	951	632	1164	2962	2888	3376	3645	3938	517	28.8	1017.71	49.25	247144	AS7341	flash	5	100	999	10	100.0	0.15
2026-07-09T17:15:23.517	447	951	632	1164	2962	2888	3376	3646	3939	517	28.81	1017.7	49.21	248262	AS7341	flash	5	100	999	10	100.0	0.15
2026-07-09T17:15:25.433	447	951	633	1164	2963	2888	3376	3644	3939	517	28.81	1017.7	49.16	249390	AS7341	flash	5	100	999	10	100.0	0.15
2026-07-09T17:15:27.443	447	951	633	1163	2964	2889	3377	3645	3940	516	28.81	1017.72	49.14	249957	AS7341	flash	5	100	999	10	100.0	0.15
2026-07-09T17:15:29.467	447	952	634	1164	2963	2890	3378	3646	3940	517	28.81	1017.73	49.11	250719	AS7341	flash	5	100	999	10	100.0	0.15
2026-07-09T17:15:31.479	447	952	633	1164	2965	2890	3378	3646	3941	516	28.81	1017.74	49.11	249768	AS7341	flash	5	100	999	10	100.0	0.15
2026-07-09T17:15:33.501	447	952	634	1165	2965	2892	3378	3647	3942	517	28.8	1017.72	49.07	249390	AS7341	flash	5	100	999	10	100.0	0.15
2026-07-09T17:15:35.514	447	952	634	1165	2967	2892	3380	3648	3943	517	28.81	1017.72	49.04	249579	AS7341	flash	5	100	999	10	100.0	0.15
2026-07-09T17:15:37.430	447	951	632	1165	2966	2893	3380	3647	3943	517	28.81	1017.71	49.01	251869	AS7341	flash	5	100	999	10	100.0	0.15
2026-07-09T17:15:39.447	447	951	633	1165	2967	2894	3381	3648	3944	517	28.8	1017.73	48.99	251101	AS7341	flash	5	100	999	10	100.0	0.15
2026-07-09T17:15:41.471	447	951	632	1166	2967	2893	3381	3647	3943	517	28.81	1017.73	48.99	250528	AS7341	flash	5	100	999	10	100.0	0.15
2026-07-09T17:15:43.486	447	951	633	1165	2968	2895	3382	3649	3945	517	28.81	1017.75	48.97	249201	AS7341	flash	5	100	999	10	100.0	0.15
2026-07-09T17:15:45.498	447	951	633	1166	2970	2896	3383	3650	3946	517	28.8	1017.72	48.94	251292	AS7341	flash	5	100	999	10	100.0	0.15
2026-07-09T17:15:47.518	447	951	634	1166	2969	2895	3383	3649	3946	516	28.81	1017.72	48.91	250337	AS7341	flash	5	100	999	10	100.0	0.15
2026-07-09T17:15:49.531	447	951	633	1167	2970	2898	3384	3651	3948	517	28.81	1017.71	48.9	251677	AS7341	flash	5	100	999	10	100.0	0.15
2026-07-09T17:15:51.439	447	951	634	1166	2969	2896	3384	3649	3946	517	28.81	1017.76	48.87	252448	AS7341	flash	5	100	999	10	100.0	0.15
2026-07-09T17:15:53.450	447	951	633	1167	2971	2899	3384	3651	3948	517	28.81	1017.71	48.85	251677	AS7341	flash	5	100	999	10	100.0	0.15
2026-07-09T17:15:55.475	447	951	633	1166	2971	2897	3383	3650	3947	517	28.81	1017.77	48.84	250528	AS7341	flash	5	100	999	10	100.0	0.15
2026-07-09T17:15:57.499	447	952	634	1166	2971	2898	3385	3651	3948	517	28.8	1017.72	48.8	253030	AS7341	flash	5	100	999	10	100.0	0.15
2026-07-09T17:15:59.516	447	951	634	1166	2972	2899	3385	3651	3948	517	28.8	1017.73	48.8	249957	AS7341	flash	5	100	999	10	100.0	0.15
2026-07-09T17:16:01.541	447	951	633	1167	2972	2899	3386	3651	3949	517	28.8	1017.71	48.76	251292	AS7341	flash	5	100	999	10	100.0	0.15
2026-07-09T17:16:03.446	448	951	634	1167	2972	2899	3385	3650	3948	517	28.82	1017.76	48.75	253030	AS7341	flash	5	100	999	10	100.0	0.15
2026-07-09T17:16:05.459	447	951	632	1167	2972	2898	3385	3649	3948	516	28.81	1017.73	48.74	252062	AS7341	flash	5	100	999	10	100.0	0.15
2026-07-09T17:16:07.472	447	951	633	1167	2973	2899	3386	3650	3948	517	28.8	1017.72	48.71	253225	AS7341	flash	5	100	999	10	100.0	0.15
2026-07-09T17:16:09.496	447	951	633	1167	2973	2901	3386	3650	3949	517	28.81	1017.75	48.7	253225	AS7341	flash	5	100	999	10	100.0	0.15
2026-07-09T17:16:11.506	447	951	633	1167	2974	2900	3387	3650	3949	517	28.81	1017.73	48.69	252062	AS7341	flash	5	100	999	10	100.0	0.15
2026-07-09T17:16:13.518	448	951	632	1167	2974	2901	3387	3651	3950	517	28.81	1017.74	48.66	251677	AS7341	flash	5	100	999	10	100.0	0.15
2026-07-09T17:16:15.532	448	951	633	1167	2974	2902	3388	3651	3950	518	28.81	1017.73	48.64	250910	AS7341	flash	5	100	999	10	100.0	0.15
2026-07-09T17:16:17.548	448	950	634	1167	2975	2901	3388	3651	3951	516	28.82	1017.71	48.62	252642	AS7341	flash	5	100	999	10	100.0	0.15
2026-07-09T17:16:19.452	448	950	634	1168	2975	2902	3387	3651	3950	518	28.83	1017.76	48.6	253810	AS7341	flash	5	100	999	10	100.0	0.15
2026-07-09T17:16:21.473	448	950	634	1168	2976	2903	3388	3651	3952	518	28.82	1017.73	48.58	254006	AS7341	flash	5	100	999	10	100.0	0.15
2026-07-09T17:16:23.490	448	950	634	1168	2976	2903	3389	3652	3953	518	28.82	1017.76	48.57	254398	AS7341	flash	5	100	999	10	100.0	0.15
2026-07-09T17:16:25.501	448	950	634	1168	2976	2904	3389	3652	3953	518	28.82	1017.75	48.55	252062	AS7341	flash	5	100	999	10	100.0	0.15
2026-07-09T17:16:27.516	448	951	634	1169	2976	2903	3389	3652	3953	518	28.82	1017.73	48.52	253030	AS7341	flash	5	100	999	10	100.0	0.15
2026-07-09T17:16:29.529	448	951	634	1169	2977	2905	3390	3652	3954	518	28.82	1017.73	48.51	252062	AS7341	flash	5	100	999	10	100.0	0.15
2026-07-09T17:16:31.552	448	951	634	1168	2977	2905	3390	3652	3954	518	28.83	1017.72	48.5	254202	AS7341	flash	5	100	999	10	100.0	0.15
2026-07-09T17:16:33.453	447	951	633	1168	2977	2904	3389	3651	3953	518	28.84	1017.71	48.47	253615	AS7341	flash	5	100	999	10	100.0	0.15
2026-07-09T17:16:35.468	448	951	634	1169	2979	2906	3392	3654	3955	517	28.83	1017.74	48.45	251484	AS7341	flash	5	100	999	10	100.0	0.15
2026-07-09T17:16:37.483	448	951	633	1168	2978	2906	3391	3652	3954	518	28.83	1017.71	48.43	254202	AS7341	flash	5	100	999	10	100.0	0.15
2026-07-09T17:16:39.499	448	951	634	1169	2980	2907	3392	3653	3956	518	28.83	1017.73	48.41	252836	AS7341	flash	5	100	999	10	100.0	0.15
2026-07-09T17:16:41.512	448	951	634	1169	2979	2908	3393	3654	3956	518	28.83	1017.76	48.4	255187	AS7341	flash	5	100	999	10	100.0	0.15
2026-07-09T17:16:43.530	448	951	634	1169	2980	2908	3393	3654	3956	518	28.83	1017.71	48.38	252448	AS7341	flash	5	100	999	10	100.0	0.15
2026-07-09T17:16:45.443	448	950	634	1169	2978	2905	3391	3651	3954	518	28.84	1017.75	48.35	252836	AS7341	flash	5	100	999	10	100.0	0.15
2026-07-09T17:16:47.460	448	951	633	1170	2979	2906	3391	3652	3954	518	28.84	1017.74	48.34	252836	AS7341	flash	5	100	999	10	100.0	0.15
2026-07-09T17:16:49.484	448	951	633	1170	2981	2908	3393	3653	3957	518	28.84	1017.76	48.33	253030	AS7341	flash	5	100	999	10	100.0	0.15
2026-07-09T17:16:51.503	448	950	634	1169	2981	2908	3393	3653	3957	518	28.83	1017.72	48.31	252836	AS7341	flash	5	100	999	10	100.0	0.15
2026-07-09T17:16:53.523	448	950	634	1169	2981	2907	3393	3653	3957	517	28.84	1017.7	48.28	253810	AS7341	flash	5	100	999	10	100.0	0.15
2026-07-09T17:16:55.545	448	950	634	1170	2981	2909	3394	3653	3956	518	28.84	1017.73	48.25	254398	AS7341	flash	5	100	999	10	100.0	0.15
2026-07-09T17:16:57.444	448	950	634	1170	2981	2908	3392	3653	3956	518	28.85	1017.73	48.22	254006	AS7341	flash	5	100	999	10	100.0	0.15
2026-07-09T17:16:59.458	448	950	634	1170	2982	2909	3395	3654	3958	518	28.85	1017.7	48.21	253615	AS7341	flash	5	100	999	10	100.0	0.15
2026-07-09T17:17:01.484	448	950	634	1170	2982	2910	3393	3654	3957	518	28.84	1017.68	48.19	255385	AS7341	flash	5	100	999	10	100.0	0.15
2026-07-09T17:17:03.495	448	950	634	1170	2982	2910	3393	3653	3957	518	28.84	1017.69	48.17	255187	AS7341	flash	5	100	999	10	100.0	0.15
2026-07-09T17:17:05.507	448	950	634	1170	2983	2911	3394	3654	3958	518	28.85	1017.7	48.15	254792	AS7341	flash	5	100	999	10	100.0	0.15
2026-07-09T17:17:07.519	448	950	635	1170	2983	2911	3394	3654	3958	518	28.85	1017.72	48.14	254989	AS7341	flash	5	100	999	10	100.0	0.15
2026-07-09T17:17:09.531	448	950	633	1171	2983	2911	3394	3654	3958	518	28.85	1017.72	48.13	253225	AS7341	flash	5	100	999	10	100.0	0.15
2026-07-09T17:17:11.547	448	950	634	1171	2984	2911	3395	3654	3960	517	28.85	1017.75	48.11	252448	AS7341	flash	5	100	999	10	100.0	0.15
2026-07-09T17:17:13.565	448	950	634	1170	2985	2913	3396	3655	3960	519	28.85	1017.73	48.08	254792	AS7341	flash	5	100	999	10	100.0	0.15
2026-07-09T17:17:15.474	448	950	634	1170	2983	2911	3394	3653	3958	518	28.86	1017.76	48.06	256379	AS7341	flash	5	100	999	10	100.0	0.15
2026-07-09T17:17:17.485	448	950	634	1170	2983	2911	3394	3653	3959	518	28.85	1017.71	48.04	256379	AS7341	flash	5	100	999	10	100.0	0.15
2026-07-09T17:17:19.495	448	950	634	1170	2984	2912	3395	3654	3960	518	28.85	1017.7	48.02	255187	AS7341	flash	5	100	999	10	100.0	0.15
2026-07-09T17:17:21.509	448	950	634	1171	2985	2913	3396	3654	3961	519	28.85	1017.7	48.0	255583	AS7341	flash	5	100	999	10	100.0	0.15
2026-07-09T17:17:23.527	448	949	633	1171	2984	2912	3396	3653	3959	518	28.85	1017.73	47.97	252642	AS7341	flash	5	100	999	10	100.0	0.15
2026-07-09T17:17:25.543	448	951	633	1172	2986	2913	3397	3654	3962	519	28.85	1017.72	47.96	256578	AS7341	flash	5	100	999	10	100.0	0.15
2026-07-09T17:17:27.558	448	951	633	1172	2986	2914	3397	3655	3961	518	28.85	1017.69	47.93	255781	AS7341	flash	5	100	999	10	100.0	0.15
2026-07-09T17:17:29.466	448	950	634	1171	2985	2912	3396	3654	3960	518	28.86	1017.68	47.92	257179	AS7341	flash	5	100	999	10	100.0	0.15
2026-07-09T17:17:31.486	448	950	634	1172	2987	2913	3398	3656	3962	519	28.86	1017.72	47.9	254202	AS7341	flash	5	100	999	10	100.0	0.15
2026-07-09T17:17:33.502	448	951	634	1172	2987	2915	3398	3656	3962	519	28.85	1017.7	47.88	254006	AS7341	flash	5	100	999	10	100.0	0.15
2026-07-09T17:17:35.514	448	950	634	1172	2987	2914	3397	3655	3961	519	28.85	1017.72	47.88	253615	AS7341	flash	5	100	999	10	100.0	0.15
2026-07-09T17:17:37.529	448	950	634	1173	2987	2914	3398	3655	3962	519	28.86	1017.71	47.85	254595	AS7341	flash	5	100	999	10	100.0	0.15
2026-07-09T17:17:39.543	448	950	634	1171	2987	2915	3398	3655	3961	519	28.85	1017.72	47.85	256379	AS7341	flash	5	100	999	10	100.0	0.15
2026-07-09T17:17:41.557	448	950	634	1172	2988	2916	3398	3656	3963	519	28.85	1017.72	47.82	255583	AS7341	flash	5	100	999	10	100.0	0.15
2026-07-09T17:17:43.463	448	950	634	1172	2988	2915	3399	3655	3963	519	28.87	1017.72	47.81	257783	AS7341	flash	5	100	999	10	100.0	0.15
2026-07-09T17:17:45.477	448	950	633	1172	2988	2916	3399	3656	3963	519	28.86	1017.74	47.78	255980	AS7341	flash	5	100	999	10	100.0	0.15
2026-07-09T17:17:47.494	448	950	634	1172	2989	2915	3399	3655	3962	518	28.86	1017.74	47.77	255781	AS7341	flash	5	100	999	10	100.0	0.15
2026-07-09T17:17:49.513	448	950	633	1172	2989	2916	3399	3656	3963	519	28.85	1017.72	47.75	256179	AS7341	flash	5	100	999	10	100.0	0.15
2026-07-09T17:17:51.544	448	950	634	1173	2990	2918	3400	3656	3964	519	28.86	1017.72	47.75	256379	AS7341	flash	5	100	999	10	100.0	0.15
2026-07-09T17:17:53.457	448	950	635	1173	2988	2916	3400	3655	3964	519	28.87	1017.71	47.73	256179	AS7341	flash	5	100	999	10	100.0	0.15
2026-07-09T17:17:55.468	448	950	634	1173	2989	2917	3399	3655	3964	519	28.86	1017.68	47.7	255583	AS7341	flash	5	100	999	10	100.0	0.15
2026-07-09T17:17:57.481	448	950	634	1173	2990	2918	3401	3656	3965	518	28.86	1017.71	47.68	255781	AS7341	flash	5	100	999	10	100.0	0.15
2026-07-09T17:17:59.500	448	950	635	1173	2990	2918	3401	3655	3965	519	28.86	1017.74	47.68	256778	AS7341	flash	5	100	999	10	100.0	0.15
2026-07-09T17:18:01.526	448	950	634	1174	2991	2918	3401	3655	3965	519	28.86	1017.73	47.65	257582	AS7341	flash	5	100	999	10	100.0	0.15
2026-07-09T17:18:03.553	448	950	635	1174	2991	2917	3402	3656	3966	519	28.85	1017.71	47.64	255781	AS7341	flash	5	100	999	10	100.0	0.15
2026-07-09T17:18:05.462	448	950	635	1173	2991	2918	3399	3655	3964	519	28.87	1017.7	47.62	258188	AS7341	flash	5	100	999	10	100.0	0.15
2026-07-09T17:18:07.476	448	949	634	1173	2991	2918	3401	3655	3964	519	28.87	1017.73	47.6	255187	AS7341	flash	5	100	999	10	100.0	0.15
2026-07-09T17:18:09.491	448	949	635	1173	2991	2918	3401	3655	3965	518	28.86	1017.73	47.59	258188	AS7341	flash	5	100	999	10	100.0	0.15
2026-07-09T17:18:11.511	448	949	634	1173	2992	2918	3400	3654	3964	519	28.87	1017.72	47.55	257783	AS7341	flash	5	100	999	10	100.0	0.15
2026-07-09T17:18:13.523	448	950	634	1173	2993	2920	3402	3657	3967	519	28.87	1017.71	47.53	257783	AS7341	flash	5	100	999	10	100.0	0.15
2026-07-09T17:18:15.539	448	950	635	1174	2993	2920	3402	3656	3966	519	28.87	1017.73	47.52	256979	AS7341	flash	5	100	999	10	100.0	0.15
2026-07-09T17:18:17.557	448	949	635	1174	2993	2920	3402	3656	3966	519	28.87	1017.72	47.5	257179	AS7341	flash	5	100	999	10	100.0	0.15
2026-07-09T17:18:19.579	448	950	634	1174	2994	2921	3403	3658	3969	519	28.87	1017.73	47.5	258390	AS7341	flash	5	100	999	10	100.0	0.15
2026-07-09T17:18:21.485	448	950	635	1174	2993	2921	3402	3657	3967	519	28.88	1017.69	47.48	258796	AS7341	flash	5	100	999	10	100.0	0.15
2026-07-09T17:18:23.499	448	950	635	1174	2993	2920	3402	3656	3967	519	28.88	1017.72	47.44	256179	AS7341	flash	5	100	999	10	100.0	0.15
2026-07-09T17:18:25.521	448	950	634	1174	2994	2922	3402	3656	3967	519	28.87	1017.7	47.42	256179	AS7341	flash	5	100	999	10	100.0	0.15
2026-07-09T17:18:27.544	448	950	634	1175	2994	2921	3402	3656	3967	519	28.88	1017.73	47.42	258188	AS7341	flash	5	100	999	10	100.0	0.15
2026-07-09T17:18:29.558	448	950	634	1174	2994	2922	3403	3657	3968	519	28.87	1017.72	47.39	257985	AS7341	flash	5	100	999	10	100.0	0.15
2026-07-09T17:18:31.572	448	950	634	1174	2996	2922	3404	3657	3969	519	28.88	1017.68	47.37	256778	AS7341	flash	5	100	999	10	100.0	0.15
2026-07-09T17:18:33.473	448	950	634	1174	2995	2921	3402	3656	3968	518	28.89	1017.73	47.35	259408	AS7341	flash	5	100	999	10	100.0	0.15
2026-07-09T17:18:35.484	448	950	634	1174	2997	2924	3405	3658	3969	520	28.87	1017.71	47.33	258593	AS7341	flash	5	100	999	10	100.0	0.15
2026-07-09T17:18:37.512	448	950	635	1175	2995	2923	3404	3657	3969	519	28.88	1017.7	47.3	256379	AS7341	flash	5	100	999	10	100.0	0.15
2026-07-09T17:18:39.542	448	950	633	1175	2997	2924	3405	3658	3971	520	28.88	1017.72	47.29	258390	AS7341	flash	5	100	999	10	100.0	0.15
2026-07-09T17:18:41.553	448	950	634	1175	2996	2922	3404	3657	3970	519	28.88	1017.71	47.28	259204	AS7341	flash	5	100	999	10	100.0	0.15
2026-07-09T17:18:43.567	448	949	635	1175	2996	2923	3404	3657	3970	520	28.87	1017.73	47.25	256778	AS7341	flash	5	100	999	10	100.0	0.15
2026-07-09T17:18:45.580	448	950	635	1175	2997	2924	3405	3658	3971	520	28.88	1017.71	47.24	258796	AS7341	flash	5	100	999	10	100.0	0.15
2026-07-09T17:18:47.495	448	950	635	1175	2997	2924	3405	3657	3971	520	28.88	1017.71	47.21	258796	AS7341	flash	5	100	999	10	100.0	0.15
2026-07-09T17:18:49.509	448	950	635	1176	2998	2925	3405	3657	3970	520	28.88	1017.7	47.22	260022	AS7341	flash	5	100	999	10	100.0	0.15
2026-07-09T17:18:51.525	448	950	635	1175	2998	2923	3405	3656	3970	520	28.88	1017.69	47.17	256979	AS7341	flash	5	100	999	10	100.0	0.15
2026-07-09T17:18:53.543	448	950	634	1175	2999	2925	3407	3659	3972	519	28.88	1017.71	47.15	256979	AS7341	flash	5	100	999	10	100.0	0.15
2026-07-09T17:18:55.559	449	949	635	1175	2999	2925	3407	3658	3972	519	28.88	1017.71	47.14	259612	AS7341	flash	5	100	999	10	100.0	0.15
2026-07-09T17:18:57.573	448	949	634	1175	2998	2926	3406	3658	3971	520	28.88	1017.73	47.13	259204	AS7341	flash	5	100	999	10	100.0	0.15
2026-07-09T17:18:59.587	449	949	634	1176	2999	2926	3407	3658	3972	520	28.88	1017.71	47.12	258796	AS7341	flash	5	100	999	10	100.0	0.15
2026-07-09T17:19:01.491	448	949	635	1175	2998	2926	3405	3656	3970	519	28.89	1017.69	47.09	259612	AS7341	flash	5	100	999	10	100.0	0.15
2026-07-09T17:19:03.508	448	949	635	1176	2999	2927	3407	3657	3972	520	28.88	1017.68	47.07	260022	AS7341	flash	5	100	999	10	100.0	0.15
2026-07-09T17:19:05.522	448	949	635	1176	2999	2927	3406	3656	3972	520	28.88	1017.67	47.05	259000	AS7341	flash	5	100	999	10	100.0	0.15
2026-07-09T17:19:07.537	449	949	634	1176	3000	2928	3407	3657	3973	520	28.88	1017.67	47.04	257582	AS7341	flash	5	100	999	10	100.0	0.15
2026-07-09T17:19:09.554	448	949	635	1176	3001	2928	3408	3657	3973	520	28.89	1017.67	47.01	257380	AS7341	flash	5	100	999	10	100.0	0.15
2026-07-09T17:19:11.573	449	949	634	1176	3001	2929	3409	3659	3974	520	28.89	1017.71	47.01	259817	AS7341	flash	5	100	999	10	100.0	0.15
2026-07-09T17:19:13.490	448	949	634	1175	3000	2927	3407	3657	3972	520	28.89	1017.65	46.98	257783	AS7341	flash	5	100	999	10	100.0	0.15
2026-07-09T17:19:15.510	449	949	635	1176	3001	2928	3408	3657	3972	520	28.89	1017.69	46.95	260022	AS7341	flash	5	100	999	10	100.0	0.15
2026-07-09T17:19:17.528	449	950	634	1176	3001	2928	3407	3657	3974	520	28.9	1017.68	46.94	257783	AS7341	flash	5	100	999	10	100.0	0.15
2026-07-09T17:19:19.543	449	950	634	1176	3002	2928	3408	3658	3974	520	28.89	1017.69	46.92	258593	AS7341	flash	5	100	999	10	100.0	0.15
2026-07-09T17:19:21.560	449	950	635	1177	3003	2929	3409	3659	3976	520	28.9	1017.7	46.9	260022	AS7341	flash	5	100	999	10	100.0	0.15
2026-07-09T17:19:23.575	449	950	634	1177	3003	2929	3408	3658	3974	519	28.9	1017.69	46.88	260022	AS7341	flash	5	100	999	10	100.0	0.15
2026-07-09T17:19:25.592	449	950	635	1177	3003	2929	3409	3659	3976	519	28.9	1017.68	46.86	260022	AS7341	flash	5	100	999	10	100.0	0.15
2026-07-09T17:19:27.509	449	950	635	1177	3003	2930	3409	3658	3975	520	28.91	1017.71	46.83	260639	AS7341	flash	5	100	999	10	100.0	0.15
2026-07-09T17:19:29.524	449	950	635	1178	3003	2929	3409	3659	3975	519	28.91	1017.69	46.8	258796	AS7341	flash	5	100	999	10	100.0	0.15
2026-07-09T17:19:31.536	449	950	634	1178	3004	2932	3410	3660	3977	520	28.91	1017.71	46.78	260846	AS7341	flash	5	100	999	10	100.0	0.15
2026-07-09T17:19:33.553	449	950	634	1177	3003	2930	3409	3658	3975	520	28.92	1017.72	46.77	260846	AS7341	flash	5	100	999	10	100.0	0.15
2026-07-09T17:19:35.567	449	949	635	1177	3004	2930	3410	3659	3976	520	28.91	1017.71	46.76	261260	AS7341	flash	5	100	999	10	0.0	0.15
2026-07-09T17:19:37.583	449	949	634	1177	3004	2932	3411	3660	3976	520	28.96	1017.68	46.83	259204	AS7341	flash	5	100	999	10	0.0	0.15
2026-07-09T17:19:39.597	449	949	635	1177	3004	2930	3412	3662	3977	519	28.97	1017.69	47.15	258796	AS7341	flash	5	100	999	10	0.0	0.15
2026-07-09T17:19:41.502	449	949	635	1177	3003	2930	3412	3663	3976	519	29.0	1017.72	47.56	255980	AS7341	flash	5	100	999	10	0.0	0.15
2026-07-09T17:19:43.521	449	949	635	1176	3003	2931	3413	3665	3978	520	29.0	1017.7	48.03	254792	AS7341	flash	5	100	999	10	0.0	0.15
2026-07-09T17:19:45.542	449	949	635	1176	3003	2931	3414	3667	3978	520	29.01	1017.69	48.49	255781	AS7341	flash	5	100	999	10	0.0	0.15
2026-07-09T17:19:47.564	449	949	635	1177	3001	2929	3414	3667	3977	520	29.03	1017.67	48.91	254202	AS7341	flash	5	100	999	10	0.0	0.15
2026-07-09T17:19:49.585	449	949	636	1176	3001	2929	3414	3668	3977	520	29.03	1017.66	49.28	253615	AS7341	flash	5	100	999	10	0.0	0.15
2026-07-09T17:19:51.489	449	949	634	1174	2999	2928	3413	3668	3976	520	29.05	1017.66	49.62	249768	AS7341	flash	5	100	999	10	0.0	0.15
2026-07-09T17:19:53.509	449	950	635	1175	2998	2928	3413	3669	3975	520	29.06	1017.71	49.94	251869	AS7341	flash	5	100	999	10	0.0	0.15
2026-07-09T17:19:55.525	449	949	635	1175	2997	2926	3412	3669	3974	519	29.07	1017.72	50.2	249957	AS7341	flash	5	100	999	10	100.0	0.15
2026-07-09T17:19:57.544	449	950	635	1175	2995	2924	3410	3665	3971	520	29.04	1017.71	50.36	248262	AS7341	flash	5	100	999	10	100.0	0.15
2026-07-09T17:19:59.565	449	950	635	1174	2994	2922	3406	3662	3969	520	29.02	1017.68	49.99	250910	AS7341	flash	5	100	999	10	100.0	0.15
2026-07-09T17:20:01.583	449	949	634	1174	2993	2921	3405	3660	3967	519	29.02	1017.68	49.44	251677	AS7341	flash	5	100	999	10	100.0	0.15
2026-07-09T17:20:03.593	449	950	635	1174	2993	2920	3402	3657	3965	519	29.02	1017.7	48.9	252448	AS7341	flash	5	100	999	10	100.0	0.15
2026-07-09T17:20:05.606	449	950	634	1174	2994	2920	3402	3656	3967	519	29.01	1017.69	48.42	253030	AS7341	flash	5	100	999	10	100.0	0.15
2026-07-09T17:20:07.510	448	950	634	1174	2992	2918	3400	3652	3964	519	29.02	1017.67	48.07	255583	AS7341	flash	5	100	999	10	100.0	0.15
2026-07-09T17:20:09.525	448	951	634	1174	2995	2921	3401	3654	3966	519	29.0	1017.68	47.76	254989	AS7341	flash	5	100	999	10	100.0	0.15
2026-07-09T17:20:11.540	448	951	635	1174	2994	2920	3400	3652	3965	519	29.0	1017.68	47.5	254398	AS7341	flash	5	100	999	10	100.0	0.15
2026-07-09T17:20:13.554	448	950	635	1174	2995	2920	3400	3651	3965	519	29.0	1017.66	47.31	256379	AS7341	flash	5	100	999	10	100.0	0.15
2026-07-09T17:20:15.569	448	950	634	1175	2995	2922	3400	3651	3966	519	28.99	1017.67	47.14	256379	AS7341	flash	5	100	999	10	100.0	0.15
2026-07-09T17:20:17.583	448	950	635	1175	2996	2922	3401	3650	3966	519	29.0	1017.65	46.99	258390	AS7341	flash	5	100	999	10	100.0	0.15
2026-07-09T17:20:19.598	448	950	634	1176	2996	2921	3400	3649	3966	519	28.99	1017.68	46.91	256778	AS7341	flash	5	100	999	10	100.0	0.15
2026-07-09T17:20:21.613	448	950	635	1175	2997	2922	3400	3650	3966	519	29.0	1017.67	46.83	257985	AS7341	flash	5	100	999	10	100.0	0.15
2026-07-09T17:20:23.522	448	950	635	1175	2996	2923	3400	3649	3967	519	29.0	1017.67	46.75	257783	AS7341	flash	5	100	999	10	100.0	0.15
2026-07-09T17:20:25.540	448	950	634	1176	2998	2923	3401	3649	3968	519	29.0	1017.63	46.66	257783	AS7341	flash	5	100	999	10	100.0	0.15
2026-07-09T17:20:27.550	448	951	635	1176	2998	2925	3401	3649	3968	519	29.0	1017.65	46.6	256979	AS7341	flash	5	100	999	10	100.0	0.15
2026-07-09T17:20:29.570	449	951	635	1176	3000	2925	3402	3650	3969	518	29.0	1017.69	46.55	258390	AS7341	flash	5	100	999	10	100.0	0.15
2026-07-09T17:20:31.580	448	951	635	1176	3000	2925	3403	3650	3970	519	29.01	1017.69	46.51	259612	AS7341	flash	5	100	999	10	100.0	0.15
2026-07-09T17:20:33.591	449	951	634	1177	3001	2927	3403	3651	3971	519	29.0	1017.69	46.45	258796	AS7341	flash	5	100	999	10	100.0	0.15
2026-07-09T17:20:35.616	449	951	634	1177	3002	2927	3404	3651	3971	519	28.99	1017.68	46.4	260022	AS7341	flash	5	100	999	10	100.0	0.15
2026-07-09T17:20:37.533	448	950	634	1177	3002	2927	3403	3650	3969	519	29.01	1017.66	46.37	259612	AS7341	flash	5	100	999	10	100.0	0.15
2026-07-09T17:20:39.547	449	950	634	1177	3003	2929	3405	3652	3973	519	29.0	1017.66	46.33	260639	AS7341	flash	5	100	999	10	100.0	0.15
2026-07-09T17:20:41.560	449	950	635	1177	3003	2930	3405	3651	3972	519	29.01	1017.67	46.28	260433	AS7341	flash	5	100	999	10	100.0	0.15
2026-07-09T17:20:43.571	449	950	634	1177	3005	2931	3405	3652	3974	520	29.0	1017.7	46.25	260022	AS7341	flash	5	100	999	10	100.0	0.15
2026-07-09T17:20:45.598	448	950	634	1178	3004	2929	3406	3652	3974	520	29.01	1017.71	46.21	260433	AS7341	flash	5	100	999	10	100.0	0.15
2026-07-09T17:20:47.621	449	950	635	1178	3005	2931	3407	3654	3976	520	29.0	1017.66	46.18	260846	AS7341	flash	5	100	999	10	100.0	0.15
2026-07-09T17:20:49.536	448	950	634	1178	3005	2929	3406	3651	3973	520	29.02	1017.68	46.17	261883	AS7341	flash	5	100	999	10	100.0	0.15
2026-07-09T17:20:51.551	449	950	635	1178	3006	2932	3408	3653	3975	520	29.01	1017.64	46.12	261260	AS7341	flash	5	100	999	10	100.0	0.15
2026-07-09T17:20:53.571	449	950	635	1178	3007	2932	3408	3653	3975	520	29.0	1017.66	46.09	260433	AS7341	flash	5	100	999	10	100.0	0.15
2026-07-09T17:20:55.587	449	950	636	1178	3007	2933	3408	3652	3976	520	29.0	1017.66	46.07	261053	AS7341	flash	5	100	999	10	100.0	0.15
2026-07-09T17:20:57.612	449	950	635	1179	3008	2934	3409	3653	3977	520	29.0	1017.65	46.04	259204	AS7341	flash	5	100	999	10	100.0	0.15
2026-07-09T17:20:59.625	449	950	634	1179	3009	2935	3410	3654	3978	520	29.0	1017.69	46.02	261053	AS7341	flash	5	100	999	10	100.0	0.15
2026-07-09T17:21:01.530	448	949	635	1178	3008	2932	3408	3651	3975	520	29.01	1017.69	46.0	261883	AS7341	flash	5	100	999	10	100.0	0.15
2026-07-09T17:21:03.552	449	950	635	1179	3010	2933	3409	3653	3977	520	29.0	1017.68	45.97	261675	AS7341	flash	5	100	999	10	100.0	0.15
2026-07-09T17:21:05.572	449	949	635	1179	3009	2935	3410	3654	3978	520	29.0	1017.67	45.94	260639	AS7341	flash	5	100	999	10	100.0	0.15
2026-07-09T17:21:07.550	449	950	635	1179	3009	2935	3409	3652	3977	520	29.01	1017.69	45.92	260846	AS7341	flash	5	100	999	10	100.0	0.15
2026-07-09T17:21:09.541	449	949	634	1180	3010	2936	3411	3654	3979	520	29.01	1017.69	45.89	262300	AS7341	flash	5	100	999	10	100.0	0.15
2026-07-09T17:21:11.629	449	949	636	1180	3012	2936	3412	3655	3981	520	29.0	1017.67	45.86	261675	AS7341	flash	5	100	999	10	100.0	0.15
2026-07-09T17:21:13.616	449	949	636	1180	3013	2938	3413	3656	3981	521	29.01	1017.66	45.84	262091	AS7341	flash	5	100	999	10	100.0	0.15
2026-07-09T17:21:15.611	449	949	636	1180	3012	2938	3413	3656	3982	520	29.01	1017.68	45.81	262928	AS7341	flash	5	100	999	10	100.0	0.15
2026-07-09T17:21:17.602	449	949	636	1180	3013	2939	3413	3656	3981	521	29.02	1017.68	45.8	263982	AS7341	flash	5	100	999	10	100.0	0.15
2026-07-09T17:21:19.594	449	949	635	1179	3013	2940	3413	3656	3981	521	29.01	1017.67	45.76	262928	AS7341	flash	5	100	999	10	100.0	0.15
2026-07-09T17:21:21.585	449	950	636	1181	3015	2940	3415	3657	3984	520	29.02	1017.64	45.75	262300	AS7341	flash	5	100	999	10	100.0	0.15
2026-07-09T17:21:23.578	449	950	636	1181	3015	2939	3414	3657	3984	520	29.01	1017.65	45.72	262719	AS7341	flash	5	100	999	10	100.0	0.15
2026-07-09T17:21:25.568	449	949	635	1180	3013	2938	3413	3655	3982	520	29.01	1017.67	45.68	262928	AS7341	flash	5	100	999	10	100.0	0.15
2026-07-09T17:21:27.562	449	950	636	1181	3014	2939	3413	3656	3983	520	29.01	1017.64	45.66	264194	AS7341	flash	5	100	999	10	100.0	0.15
2026-07-09T17:21:29.553	450	949	635	1181	3014	2940	3413	3655	3983	521	29.01	1017.66	45.63	262719	AS7341	flash	5	100	999	10	100.0	0.15
2026-07-09T17:21:31.549	449	949	635	1181	3015	2941	3414	3655	3982	520	29.01	1017.63	45.61	263560	AS7341	flash	5	100	999	10	100.0	0.15
2026-07-09T17:21:33.544	450	949	635	1182	3016	2942	3415	3656	3983	521	29.02	1017.66	45.58	263138	AS7341	flash	5	100	999	10	100.0	0.15
2026-07-09T17:21:35.631	450	949	634	1181	3017	2943	3416	3657	3984	521	29.01	1017.67	45.58	262509	AS7341	flash	5	100	999	10	100.0	0.15
2026-07-09T17:21:37.619	449	949	635	1181	3018	2944	3417	3658	3986	520	29.01	1017.67	45.57	263138	AS7341	flash	5	100	999	10	100.0	0.15
2026-07-09T17:21:39.619	450	949	635	1182	3018	2945	3417	3658	3987	520	29.02	1017.65	45.53	264406	AS7341	flash	5	100	999	10	100.0	0.15
2026-07-09T17:21:41.608	450	949	635	1181	3018	2944	3417	3658	3986	521	29.02	1017.65	45.51	263349	AS7341	flash	5	100	999	10	100.0	0.15
2026-07-09T17:21:43.602	450	949	635	1182	3018	2944	3417	3657	3986	520	29.02	1017.65	45.49	263138	AS7341	flash	5	100	999	10	100.0	0.15
2026-07-09T17:21:45.594	450	949	635	1182	3019	2944	3418	3658	3987	521	29.02	1017.65	45.47	262928	AS7341	flash	5	100	999	10	100.0	0.15
2026-07-09T17:21:47.588	450	949	635	1182	3019	2944	3418	3658	3987	520	29.02	1017.67	45.45	264194	AS7341	flash	5	100	999	10	100.0	0.15
2026-07-09T17:21:49.579	450	949	635	1182	3020	2945	3419	3658	3987	521	29.01	1017.67	45.43	263349	AS7341	flash	5	100	999	10	100.0	0.15
2026-07-09T17:21:51.573	450	949	636	1183	3020	2945	3418	3658	3986	520	29.02	1017.66	45.4	264194	AS7341	flash	5	100	999	10	100.0	0.15
2026-07-09T17:21:53.561	450	949	636	1182	3020	2945	3419	3659	3988	520	29.02	1017.63	45.39	264194	AS7341	flash	5	100	999	10	100.0	0.15
2026-07-09T17:21:55.559	450	949	635	1182	3021	2946	3418	3658	3988	520	29.01	1017.65	45.37	264406	AS7341	flash	5	100	999	10	100.0	0.15
2026-07-09T17:21:57.556	450	949	636	1182	3021	2947	3419	3659	3989	520	29.01	1017.64	45.34	264194	AS7341	flash	5	100	999	10	100.0	0.15
2026-07-09T17:21:59.547	450	948	635	1182	3022	2947	3419	3660	3989	521	29.01	1017.67	45.33	264618	AS7341	flash	5	100	999	10	100.0	0.15
2026-07-09T17:22:01.543	450	948	636	1182	3022	2947	3419	3658	3988	520	29.01	1017.64	45.31	264831	AS7341	flash	5	100	999	10	100.0	0.15
2026-07-09T17:22:03.538	450	949	635	1183	3021	2947	3419	3658	3988	520	29.01	1017.64	45.3	265044	AS7341	flash	5	100	999	10	100.0	0.15
2026-07-09T17:22:05.541	450	949	635	1183	3022	2947	3419	3658	3988	520	29.01	1017.64	45.27	265900	AS7341	flash	5	100	999	10	100.0	0.15
2026-07-09T17:22:07.640	450	949	635	1183	3023	2949	3421	3660	3989	520	29.0	1017.65	45.27	263349	AS7341	flash	5	100	999	10	100.0	0.15
2026-07-09T17:22:09.532	450	949	634	1183	3022	2947	3419	3658	3988	521	29.01	1017.66	45.23	265900	AS7341	flash	5	100	999	10	100.0	0.15
2026-07-09T17:22:11.616	450	949	635	1184	3023	2948	3421	3659	3990	521	29.01	1017.67	45.22	264618	AS7341	flash	5	100	999	10	100.0	0.15
2026-07-09T17:22:13.607	450	949	635	1183	3023	2948	3420	3658	3989	520	29.01	1017.66	45.22	265258	AS7341	flash	5	100	999	10	100.0	0.15
2026-07-09T17:22:15.599	450	949	634	1183	3024	2949	3422	3659	3990	521	29.01	1017.64	45.2	265472	AS7341	flash	5	100	999	10	100.0	0.15
2026-07-09T17:22:17.587	450	949	635	1183	3024	2949	3421	3659	3990	521	29.01	1017.65	45.17	265686	AS7341	flash	5	100	999	10	100.0	0.15
2026-07-09T17:22:19.574	450	948	635	1183	3025	2949	3422	3659	3991	521	29.01	1017.65	45.14	266762	AS7341	flash	5	100	999	10	100.0	0.15
2026-07-09T17:22:21.569	450	949	636	1183	3026	2950	3422	3660	3992	521	29.01	1017.67	45.13	264618	AS7341	flash	5	100	999	10	100.0	0.15
2026-07-09T17:22:23.566	450	949	635	1184	3025	2950	3423	3661	3993	520	29.01	1017.65	45.13	265900	AS7341	flash	5	100	999	10	100.0	0.15
2026-07-09T17:22:25.552	450	949	636	1184	3025	2951	3422	3660	3992	520	29.01	1017.65	45.1	265472	AS7341	flash	5	100	999	10	100.0	0.15
2026-07-09T17:22:27.548	450	948	636	1184	3026	2952	3424	3661	3993	521	29.01	1017.69	45.08	266115	AS7341	flash	5	100	999	10	100.0	0.15
2026-07-09T17:22:29.539	450	949	635	1184	3026	2952	3424	3661	3994	521	29.01	1017.67	45.07	265044	AS7341	flash	5	100	999	10	100.0	0.15
2026-07-09T17:22:31.637	451	949	636	1185	3026	2951	3424	3660	3992	520	29.0	1017.64	45.06	265686	AS7341	flash	5	100	999	10	100.0	0.15
2026-07-09T17:22:33.628	450	948	635	1184	3028	2953	3425	3662	3995	521	29.01	1017.64	45.05	266115	AS7341	flash	5	100	999	10	100.0	0.15
2026-07-09T17:22:35.609	450	948	636	1185	3028	2953	3423	3661	3993	521	29.02	1017.66	45.02	265472	AS7341	flash	5	100	999	10	100.0	0.15
2026-07-09T17:22:37.601	450	948	635	1184	3028	2954	3425	3662	3994	521	29.01	1017.65	45.01	264406	AS7341	flash	5	100	999	10	100.0	0.15
2026-07-09T17:22:39.589	451	948	635	1184	3027	2952	3424	3661	3994	521	29.01	1017.63	44.98	266762	AS7341	flash	5	100	999	10	100.0	0.15
2026-07-09T17:22:41.572	450	948	636	1184	3028	2953	3424	3661	3994	521	29.01	1017.65	44.97	267846	AS7341	flash	5	100	999	10	100.0	0.15
2026-07-09T17:22:43.557	450	948	635	1184	3029	2954	3424	3662	3995	521	29.02	1017.67	44.95	265472	AS7341	flash	5	100	999	10	100.0	0.15
2026-07-09T17:22:45.546	451	948	636	1185	3028	2953	3424	3661	3995	520	29.02	1017.63	44.93	266762	AS7341	flash	5	100	999	10	100.0	0.15
2026-07-09T17:22:47.540	451	948	636	1185	3028	2953	3424	3661	3994	521	29.02	1017.64	44.91	266546	AS7341	flash	5	100	999	10	100.0	0.15
2026-07-09T17:22:49.636	451	949	636	1186	3030	2955	3426	3663	3996	521	29.01	1017.63	44.89	265686	AS7341	flash	5	100	999	10	100.0	0.15
2026-07-09T17:22:51.630	451	948	635	1185	3029	2955	3426	3662	3995	521	29.02	1017.64	44.9	266978	AS7341	flash	5	100	999	10	100.0	0.15
2026-07-09T17:22:53.626	451	948	635	1186	3031	2955	3426	3663	3996	522	29.01	1017.64	44.89	266762	AS7341	flash	5	100	999	10	100.0	0.15
2026-07-09T17:22:55.613	451	948	636	1185	3030	2954	3426	3662	3996	521	29.02	1017.63	44.85	267195	AS7341	flash	5	100	999	10	100.0	0.15
2026-07-09T17:22:57.598	451	948	635	1186	3031	2955	3426	3662	3995	521	29.02	1017.61	44.82	266762	AS7341	flash	5	100	999	10	100.0	0.15
2026-07-09T17:22:59.594	451	948	636	1186	3030	2956	3426	3662	3996	521	29.03	1017.63	44.81	266330	AS7341	flash	5	100	999	10	100.0	0.15
2026-07-09T17:23:01.585	451	949	636	1185	3031	2956	3426	3662	3996	521	29.02	1017.63	44.79	265900	AS7341	flash	5	100	999	10	100.0	0.15
2026-07-09T17:23:03.570	451	949	636	1185	3031	2956	3427	3662	3996	521	29.03	1017.64	44.76	269380	AS7341	flash	5	100	999	10	100.0	0.15
2026-07-09T17:23:05.565	451	948	635	1185	3031	2955	3426	3662	3996	521	29.03	1017.65	44.75	268064	AS7341	flash	5	100	999	10	100.0	0.15
2026-07-09T17:23:07.563	451	948	636	1185	3032	2957	3427	3662	3997	521	29.03	1017.64	44.75	267629	AS7341	flash	5	100	999	10	100.0	0.15
2026-07-09T17:23:09.552	451	949	636	1185	3032	2957	3427	3662	3997	521	29.03	1017.62	44.71	267412	AS7341	flash	5	100	999	10	100.0	0.15
2026-07-09T17:23:11.544	451	949	636	1186	3033	2957	3428	3662	3998	522	29.03	1017.62	44.7	268064	AS7341	flash	5	100	999	10	100.0	0.15
2026-07-09T17:23:13.631	451	949	637	1186	3034	2958	3429	3664	3999	521	29.02	1017.65	44.68	267412	AS7341	flash	5	100	999	10	100.0	0.15
2026-07-09T17:23:15.617	451	949	636	1186	3034	2958	3429	3663	3999	522	29.03	1017.64	44.66	267412	AS7341	flash	5	100	999	10	100.0	0.15
2026-07-09T17:23:17.602	451	948	637	1186	3032	2957	3428	3662	3998	522	29.03	1017.65	44.63	267629	AS7341	flash	5	100	999	10	100.0	0.15
2026-07-09T17:23:19.597	451	949	636	1187	3034	2959	3430	3664	4000	522	29.03	1017.63	44.63	268064	AS7341	flash	5	100	999	10	100.0	0.15
2026-07-09T17:23:21.587	451	948	637	1186	3034	2959	3429	3663	3999	522	29.03	1017.66	44.6	267629	AS7341	flash	5	100	999	10	100.0	0.15
2026-07-09T17:23:23.571	451	948	636	1187	3034	2959	3429	3663	4000	521	29.04	1017.58	44.59	267629	AS7341	flash	5	100	999	10	100.0	0.15
2026-07-09T17:23:25.569	451	948	637	1187	3034	2959	3429	3662	3999	522	29.04	1017.62	44.57	267195	AS7341	flash	5	100	999	10	100.0	0.15
2026-07-09T17:23:27.557	451	948	636	1186	3034	2958	3429	3662	3999	521	29.04	1017.61	44.57	268502	AS7341	flash	5	100	999	10	100.0	0.15
2026-07-09T17:23:29.549	451	948	636	1186	3034	2959	3429	3662	4000	522	29.04	1017.64	44.54	267629	AS7341	flash	5	100	999	10	100.0	0.15
2026-07-09T17:23:31.534	451	949	636	1187	3036	2960	3430	3663	4001	522	29.04	1017.62	44.51	268064	AS7341	flash	5	100	999	10	100.0	0.15
2026-07-09T17:23:33.626	451	948	636	1186	3036	2961	3432	3664	4001	522	29.03	1017.63	44.5	266330	AS7341	flash	5	100	999	10	100.0	0.15
2026-07-09T17:23:35.614	451	948	637	1187	3036	2960	3430	3664	4002	521	29.04	1017.64	44.48	267629	AS7341	flash	5	100	999	10	100.0	0.15
2026-07-09T17:23:37.601	451	948	637	1187	3035	2960	3429	3662	3999	522	29.04	1017.63	44.48	268064	AS7341	flash	5	100	999	10	100.0	0.15
2026-07-09T17:23:39.591	451	948	636	1187	3037	2961	3430	3663	4001	522	29.04	1017.63	44.46	267846	AS7341	flash	5	100	999	10	100.0	0.15
2026-07-09T17:23:41.576	451	949	636	1187	3035	2961	3430	3662	4001	522	29.04	1017.62	44.44	268502	AS7341	flash	5	100	999	10	100.0	0.15
2026-07-09T17:23:43.559	451	948	636	1187	3035	2961	3429	3662	4000	522	29.04	1017.65	44.42	266762	AS7341	flash	5	100	999	10	100.0	0.15
2026-07-09T17:23:45.547	451	947	636	1187	3035	2961	3429	3663	4001	522	29.04	1017.62	44.41	268502	AS7341	flash	5	100	999	10	100.0	0.15
2026-07-09T17:23:47.532	451	948	636	1187	3036	2962	3430	3663	4002	522	29.04	1017.65	44.4	270264	AS7341	flash	5	100	999	10	100.0	0.15
2026-07-09T17:23:49.631	451	948	636	1188	3038	2963	3432	3665	4003	522	29.04	1017.61	44.39	270264	AS7341	flash	5	100	999	10	100.0	0.15
2026-07-09T17:23:51.619	451	948	636	1187	3037	2962	3431	3663	4002	522	29.04	1017.6	44.38	269821	AS7341	flash	5	100	999	10	100.0	0.15
2026-07-09T17:23:53.601	451	947	635	1187	3038	2963	3431	3664	4002	521	29.04	1017.61	44.36	268283	AS7341	flash	5	100	999	10	100.0	0.15
2026-07-09T17:23:55.596	451	948	635	1188	3037	2963	3431	3663	4002	522	29.04	1017.63	44.35	269380	AS7341	flash	5	100	999	10	100.0	0.15
2026-07-09T17:23:57.594	451	948	636	1188	3038	2963	3432	3664	4002	522	29.04	1017.63	44.33	270486	AS7341	flash	5	100	999	10	100.0	0.15
2026-07-09T17:23:59.592	451	948	636	1187	3038	2962	3431	3664	4003	522	29.04	1017.63	44.32	267629	AS7341	flash	5	100	999	10	100.0	0.15
2026-07-09T17:24:01.583	451	947	635	1187	3039	2963	3432	3664	4003	522	29.04	1017.63	44.3	267195	AS7341	flash	5	100	999	10	100.0	0.15
2026-07-09T17:24:03.579	451	947	636	1187	3038	2963	3432	3664	4003	522	29.04	1017.64	44.3	269160	AS7341	flash	5	100	999	10	100.0	0.15
2026-07-09T17:24:05.571	451	948	635	1188	3040	2964	3433	3665	4005	522	29.04	1017.64	44.28	268721	AS7341	flash	5	100	999	10	100.0	0.15
2026-07-09T17:24:07.562	451	947	635	1188	3039	2964	3433	3665	4003	522	29.04	1017.63	44.25	268064	AS7341	flash	5	100	999	10	100.0	0.15
2026-07-09T17:24:09.559	451	948	635	1188	3040	2963	3433	3665	4005	522	29.03	1017.63	44.24	271602	AS7341	flash	5	100	999	10	100.0	0.15
2026-07-09T17:24:11.556	451	947	635	1188	3040	2964	3434	3664	4003	522	29.04	1017.66	44.23	269160	AS7341	flash	5	100	999	10	100.0	0.15
2026-07-09T17:24:13.545	451	947	635	1188	3040	2965	3434	3665	4004	522	29.04	1017.63	44.22	269380	AS7341	flash	5	100	999	10	100.0	0.15
2026-07-09T17:24:15.539	451	948	636	1189	3041	2966	3435	3666	4005	522	29.04	1017.62	44.21	270264	AS7341	flash	5	100	999	10	100.0	0.15
2026-07-09T17:24:17.637	451	948	635	1189	3041	2966	3435	3665	4005	522	29.03	1017.61	44.2	269601	AS7341	flash	5	100	999	10	100.0	0.15
2026-07-09T17:24:19.629	451	948	636	1189	3042	2966	3435	3665	4005	522	29.04	1017.58	44.19	269601	AS7341	flash	5	100	999	10	100.0	0.15
2026-07-09T17:24:21.625	451	948	635	1189	3042	2966	3435	3666	4006	522	29.04	1017.61	44.19	270709	AS7341	flash	5	100	999	10	100.0	0.15
2026-07-09T17:24:23.611	451	948	636	1189	3041	2965	3434	3665	4005	522	29.04	1017.58	44.17	269380	AS7341	flash	5	100	999	10	100.0	0.15
2026-07-09T17:24:25.609	451	948	635	1188	3040	2966	3434	3665	4005	522	29.04	1017.6	44.15	269821	AS7341	flash	5	100	999	10	100.0	0.15
2026-07-09T17:24:27.594	451	948	637	1188	3042	2967	3435	3666	4006	522	29.04	1017.62	44.15	268940	AS7341	flash	5	100	999	10	100.0	0.15
2026-07-09T17:24:29.585	451	948	636	1188	3042	2967	3435	3666	4006	522	29.05	1017.62	44.12	271378	AS7341	flash	5	100	999	10	100.0	0.15
2026-07-09T17:24:31.578	451	948	637	1188	3041	2966	3435	3665	4006	521	29.04	1017.62	44.11	271154	AS7341	flash	5	100	999	10	100.0	0.15
2026-07-09T17:24:33.566	451	948	636	1189	3042	2967	3436	3666	4006	522	29.04	1017.59	44.09	270264	AS7341	flash	5	100	999	10	100.0	0.15
2026-07-09T17:24:35.559	451	948	636	1189	3042	2967	3435	3665	4006	522	29.04	1017.6	44.09	270709	AS7341	flash	5	100	999	10	100.0	0.15
2026-07-09T17:24:37.548	451	948	637	1189	3042	2967	3435	3665	4006	522	29.04	1017.6	44.07	270931	AS7341	flash	5	100	999	10	100.0	0.15
2026-07-09T17:24:39.541	451	949	637	1189	3042	2967	3435	3665	4006	522	29.05	1017.62	44.07	269821	AS7341	flash	5	100	999	10	100.0	0.15
2026-07-09T17:24:41.629	451	948	636	1189	3043	2967	3435	3665	4005	523	29.04	1017.6	44.03	269601	AS7341	flash	5	100	999	10	100.0	0.15
2026-07-09T17:24:43.626	451	948	636	1189	3043	2967	3435	3665	4006	522	29.04	1017.57	44.03	272500	AS7341	flash	5	100	999	10	100.0	0.15
2026-07-09T17:24:45.612	451	948	637	1189	3043	2967	3435	3665	4006	522	29.05	1017.6	44.02	270931	AS7341	flash	5	100	999	10	100.0	0.15
2026-07-09T17:24:47.607	451	947	637	1189	3043	2967	3435	3665	4005	522	29.04	1017.62	43.99	272050	AS7341	flash	5	100	999	10	100.0	0.15
2026-07-09T17:24:49.606	451	948	636	1189	3043	2968	3437	3665	4007	523	29.05	1017.64	43.98	269380	AS7341	flash	5	100	999	10	100.0	0.15
2026-07-09T17:24:51.588	451	947	637	1188	3043	2968	3436	3664	4006	523	29.06	1017.6	43.97	271602	AS7341	flash	5	100	999	10	100.0	0.15
2026-07-09T17:24:53.583	451	947	636	1190	3043	2968	3436	3665	4007	523	29.05	1017.6	43.95	272500	AS7341	flash	5	100	999	10	100.0	0.15
2026-07-09T17:24:55.574	451	948	637	1189	3045	2969	3438	3667	4009	523	29.05	1017.61	43.94	270264	AS7341	flash	5	100	999	10	0.0	0.15
2026-07-09T17:24:57.559	451	948	636	1189	3044	2969	3438	3667	4008	523	29.09	1017.63	43.97	270264	AS7341	flash	5	100	999	10	0.0	0.15
2026-07-09T17:24:59.547	451	948	637	1189	3045	2970	3438	3668	4010	523	29.11	1017.55	44.14	269380	AS7341	flash	5	100	999	10	0.0	0.15
2026-07-09T17:25:01.543	451	947	637	1189	3044	2970	3438	3669	4008	523	29.12	1017.57	44.4	268502	AS7341	flash	5	100	999	10	0.0	0.15
2026-07-09T17:25:03.629	451	948	636	1190	3044	2970	3439	3670	4009	523	29.12	1017.57	44.67	268940	AS7341	flash	5	100	999	10	0.0	0.15
2026-07-09T17:25:05.614	451	948	637	1189	3044	2970	3440	3672	4010	523	29.14	1017.59	44.94	269380	AS7341	flash	5	100	999	10	0.0	0.15
2026-07-09T17:25:07.611	452	948	636	1189	3043	2968	3439	3671	4009	523	29.15	1017.55	45.18	266978	AS7341	flash	5	100	999	10	0.0	0.15
2026-07-09T17:25:09.608	451	948	637	1189	3042	2968	3439	3671	4008	523	29.16	1017.62	45.37	266978	AS7341	flash	5	100	999	10	0.0	0.15
2026-07-09T17:25:11.607	451	948	636	1189	3041	2967	3439	3671	4008	523	29.17	1017.58	45.55	264831	AS7341	flash	5	100	999	10	0.0	0.15
2026-07-09T17:25:13.598	451	948	637	1188	3041	2966	3439	3671	4008	523	29.17	1017.58	45.72	266330	AS7341	flash	5	100	999	10	0.0	0.15
2026-07-09T17:25:15.589	451	947	636	1187	3040	2966	3437	3670	4005	523	29.18	1017.59	45.85	264831	AS7341	flash	5	100	999	10	100.0	0.15
2026-07-09T17:25:17.579	451	948	636	1188	3038	2964	3436	3667	4005	522	29.15	1017.59	45.9	263138	AS7341	flash	5	100	999	10	100.0	0.15
2026-07-09T17:25:19.572	451	948	636	1188	3038	2963	3434	3664	4002	522	29.15	1017.59	45.67	266762	AS7341	flash	5	100	999	10	100.0	0.15
2026-07-09T17:25:21.568	451	948	636	1188	3037	2961	3431	3662	4000	521	29.14	1017.58	45.35	267629	AS7341	flash	5	100	999	10	100.0	0.15
2026-07-09T17:25:23.552	451	949	635	1187	3037	2961	3431	3661	4000	522	29.13	1017.56	45.05	268721	AS7341	flash	5	100	999	10	100.0	0.15
2026-07-09T17:25:25.544	451	949	636	1187	3037	2961	3430	3660	4000	522	29.13	1017.57	44.77	266330	AS7341	flash	5	100	999	10	100.0	0.15
2026-07-09T17:25:27.531	451	949	635	1188	3037	2962	3431	3660	3999	522	29.13	1017.58	44.57	267195	AS7341	flash	5	100	999	10	100.0	0.15
2026-07-09T17:25:29.623	451	949	636	1188	3038	2962	3431	3659	4000	521	29.13	1017.58	44.4	266330	AS7341	flash	5	100	999	10	100.0	0.15
2026-07-09T17:25:31.611	451	949	636	1188	3039	2962	3430	3660	4000	522	29.12	1017.59	44.27	268283	AS7341	flash	5	100	999	10	100.0	0.15
2026-07-09T17:25:33.610	451	949	636	1188	3040	2963	3431	3660	4002	522	29.13	1017.58	44.17	268064	AS7341	flash	5	100	999	10	100.0	0.15
2026-07-09T17:25:35.604	451	949	635	1189	3039	2963	3430	3658	4001	522	29.13	1017.58	44.09	269380	AS7341	flash	5	100	999	10	100.0	0.15
2026-07-09T17:25:37.596	451	948	635	1189	3039	2963	3430	3659	4000	522	29.13	1017.57	44.0	269380	AS7341	flash	5	100	999	10	100.0	0.15
2026-07-09T17:25:39.595	451	949	635	1188	3039	2964	3431	3658	4001	522	29.12	1017.6	43.94	271154	AS7341	flash	5	100	999	10	100.0	0.15
2026-07-09T17:25:41.591	451	948	636	1188	3040	2964	3431	3659	4002	522	29.12	1017.57	43.89	269601	AS7341	flash	5	100	999	10	100.0	0.15
2026-07-09T17:25:43.577	451	948	637	1189	3041	2965	3431	3660	4002	522	29.12	1017.58	43.84	271154	AS7341	flash	5	100	999	10	100.0	0.15
2026-07-09T17:25:45.565	451	948	636	1189	3041	2964	3431	3658	4003	522	29.12	1017.61	43.83	270486	AS7341	flash	5	100	999	10	100.0	0.15
2026-07-09T17:25:47.554	451	948	636	1189	3041	2964	3430	3658	4002	522	29.12	1017.56	43.78	270486	AS7341	flash	5	100	999	10	100.0	0.15
2026-07-09T17:25:49.541	451	948	636	1189	3041	2965	3431	3658	4003	522	29.12	1017.61	43.75	270486	AS7341	flash	5	100	999	10	100.0	0.15
2026-07-09T17:25:51.638	451	948	637	1189	3042	2966	3432	3659	4003	522	29.12	1017.59	43.73	270264	AS7341	flash	5	100	999	10	100.0	0.15
2026-07-09T17:25:53.628	451	948	636	1189	3043	2967	3433	3660	4004	522	29.12	1017.58	43.71	269380	AS7341	flash	5	100	999	10	100.0	0.15
2026-07-09T17:25:55.617	451	947	636	1189	3043	2966	3433	3660	4004	522	29.12	1017.57	43.69	270931	AS7341	flash	5	100	999	10	100.0	0.15
2026-07-09T17:25:57.610	451	947	636	1189	3043	2966	3433	3660	4004	522	29.12	1017.56	43.66	271602	AS7341	flash	5	100	999	10	100.0	0.15
2026-07-09T17:25:59.605	451	948	637	1189	3042	2967	3434	3659	4004	522	29.12	1017.57	43.64	270264	AS7341	flash	5	100	999	10	100.0	0.15
2026-07-09T17:26:01.590	451	948	637	1190	3043	2967	3434	3659	4003	522	29.12	1017.59	43.62	270931	AS7341	flash	5	100	999	10	100.0	0.15
2026-07-09T17:26:03.578	451	948	637	1190	3044	2966	3434	3660	4004	521	29.13	1017.55	43.6	271602	AS7341	flash	5	100	999	10	100.0	0.15
2026-07-09T17:26:05.571	451	948	635	1190	3045	2968	3434	3660	4005	522	29.13	1017.59	43.58	273405	AS7341	flash	5	100	999	10	100.0	0.15
2026-07-09T17:26:07.566	451	948	635	1190	3045	2969	3435	3660	4006	522	29.13	1017.56	43.56	270931	AS7341	flash	5	100	999	10	100.0	0.15
2026-07-09T17:26:09.564	451	948	637	1191	3045	2969	3434	3660	4006	522	29.13	1017.59	43.54	271154	AS7341	flash	5	100	999	10	100.0	0.15
2026-07-09T17:26:11.548	451	948	636	1190	3046	2968	3435	3661	4007	521	29.14	1017.55	43.54	272952	AS7341	flash	5	100	999	10	100.0	0.15
2026-07-09T17:26:13.543	451	948	636	1190	3046	2970	3435	3660	4006	522	29.14	1017.59	43.5	270709	AS7341	flash	5	100	999	10	100.0	0.15
2026-07-09T17:26:15.536	451	948	637	1190	3046	2970	3436	3661	4007	522	29.13	1017.56	43.48	271826	AS7341	flash	5	100	999	10	100.0	0.15
2026-07-09T17:26:17.632	451	948	636	1191	3047	2972	3437	3663	4009	523	29.13	1017.56	43.49	272050	AS7341	flash	5	100	999	10	100.0	0.15
2026-07-09T17:26:19.611	451	948	637	1191	3047	2971	3437	3662	4007	523	29.14	1017.58	43.47	271602	AS7341	flash	5	100	999	10	100.0	0.15
2026-07-09T17:26:21.611	451	948	636	1191	3047	2971	3437	3662	4008	523	29.14	1017.58	43.44	274316	AS7341	flash	5	100	999	10	100.0	0.15
2026-07-09T17:26:23.606	451	948	637	1191	3047	2971	3437	3662	4008	523	29.14	1017.6	43.43	271826	AS7341	flash	5	100	999	10	100.0	0.15
2026-07-09T17:26:25.596	451	948	637	1191	3048	2972	3438	3662	4008	523	29.14	1017.6	43.43	271826	AS7341	flash	5	100	999	10	100.0	0.15
2026-07-09T17:26:27.586	451	948	636	1191	3048	2972	3438	3663	4009	523	29.13	1017.55	43.4	272500	AS7341	flash	5	100	999	10	100.0	0.15
2026-07-09T17:26:29.573	451	948	636	1192	3048	2972	3439	3663	4010	523	29.13	1017.58	43.39	271602	AS7341	flash	5	100	999	10	100.0	0.15
2026-07-09T17:26:31.561	451	948	636	1191	3048	2973	3439	3664	4010	523	29.13	1017.57	43.37	271602	AS7341	flash	5	100	999	10	100.0	0.15
2026-07-09T17:26:33.555	451	947	636	1191	3048	2972	3438	3664	4010	523	29.14	1017.61	43.35	273405	AS7341	flash	5	100	999	10	100.0	0.15
2026-07-09T17:26:35.545	451	947	636	1191	3049	2972	3439	3662	4010	522	29.13	1017.57	43.36	273632	AS7341	flash	5	100	999	10	100.0	0.15
2026-07-09T17:26:37.542	451	947	636	1191	3050	2974	3440	3664	4012	523	29.14	1017.61	43.33	272050	AS7341	flash	5	100	999	10	100.0	0.15
2026-07-09T17:26:39.638	452	947	636	1191	3051	2974	3440	3664	4013	523	29.13	1017.57	43.33	272952	AS7341	flash	5	100	999	10	100.0	0.15
2026-07-09T17:26:41.626	451	947	636	1191	3050	2974	3439	3663	4011	523	29.14	1017.61	43.33	272500	AS7341	flash	5	100	999	10	100.0	0.15
2026-07-09T17:26:43.609	451	947	636	1191	3051	2974	3441	3664	4011	523	29.14	1017.58	43.3	273405	AS7341	flash	5	100	999	10	100.0	0.15
2026-07-09T17:26:45.610	451	947	636	1192	3051	2975	3441	3664	4012	523	29.14	1017.58	43.3	272952	AS7341	flash	5	100	999	10	100.0	0.15
2026-07-09T17:26:47.607	452	947	636	1192	3051	2975	3441	3664	4012	523	29.14	1017.59	43.28	272050	AS7341	flash	5	100	999	10	100.0	0.15
2026-07-09T17:26:49.603	452	947	636	1192	3051	2975	3440	3664	4011	523	29.13	1017.58	43.28	272726	AS7341	flash	5	100	999	10	100.0	0.15
2026-07-09T17:26:51.602	452	947	637	1192	3050	2975	3441	3664	4012	523	29.14	1017.59	43.25	272050	AS7341	flash	5	100	999	10	100.0	0.15
2026-07-09T17:26:53.590	451	947	636	1192	3050	2975	3440	3663	4011	523	29.14	1017.62	43.25	273860	AS7341	flash	5	100	999	10	100.0	0.15
2026-07-09T17:26:55.587	452	947	637	1192	3051	2976	3441	3665	4013	523	29.14	1017.62	43.24	273860	AS7341	flash	5	100	999	10	100.0	0.15
2026-07-09T17:26:57.572	452	947	636	1192	3051	2976	3441	3664	4012	523	29.13	1017.63	43.22	272050	AS7341	flash	5	100	999	10	100.0	0.15
2026-07-09T17:26:59.564	452	947	637	1193	3052	2977	3442	3665	4014	523	29.14	1017.59	43.22	272050	AS7341	flash	5	100	999	10	100.0	0.15
2026-07-09T17:27:01.553	452	947	636	1193	3052	2976	3442	3664	4012	523	29.14	1017.62	43.21	272726	AS7341	flash	5	100	999	10	100.0	0.15
2026-07-09T17:27:03.549	452	947	636	1192	3053	2977	3442	3665	4013	523	29.15	1017.63	43.21	274774	AS7341	flash	5	100	999	10	100.0	0.15
2026-07-09T17:27:05.542	452	947	637	1192	3053	2977	3443	3665	4013	523	29.14	1017.55	43.17	272952	AS7341	flash	5	100	999	10	100.0	0.15
2026-07-09T17:27:07.530	452	947	636	1192	3053	2977	3442	3665	4013	523	29.14	1017.55	43.17	274774	AS7341	flash	5	100	999	10	100.0	0.15
2026-07-09T17:27:09.619	452	947	636	1193	3054	2977	3444	3666	4014	523	29.13	1017.58	43.17	273405	AS7341	flash	5	100	999	10	100.0	0.15
2026-07-09T17:27:11.611	452	948	637	1193	3054	2977	3444	3666	4014	523	29.14	1017.61	43.14	272500	AS7341	flash	5	100	999	10	100.0	0.15
2026-07-09T17:27:13.597	452	948	638	1192	3052	2977	3442	3664	4014	523	29.15	1017.62	43.15	272500	AS7341	flash	5	100	999	10	100.0	0.15
2026-07-09T17:27:15.582	452	948	638	1192	3053	2977	3441	3664	4014	523	29.14	1017.59	43.14	272726	AS7341	flash	5	100	999	10	100.0	0.15
2026-07-09T17:27:17.579	452	947	637	1192	3053	2978	3442	3666	4015	523	29.15	1017.57	43.12	273405	AS7341	flash	5	100	999	10	100.0	0.15
2026-07-09T17:27:19.580	452	948	638	1192	3052	2977	3442	3664	4013	523	29.15	1017.57	43.12	272500	AS7341	flash	5	100	999	10	100.0	0.15
2026-07-09T17:27:21.573	452	948	637	1193	3053	2977	3442	3665	4014	523	29.15	1017.59	43.11	273860	AS7341	flash	5	100	999	10	100.0	0.15
2026-07-09T17:27:23.555	452	948	638	1193	3053	2978	3443	3665	4014	523	29.15	1017.58	43.08	273860	AS7341	flash	5	100	999	10	100.0	0.15
2026-07-09T17:27:25.553	452	948	637	1193	3055	2979	3444	3666	4016	524	29.15	1017.58	43.08	273405	AS7341	flash	5	100	999	10	100.0	0.15
2026-07-09T17:27:27.548	452	948	637	1193	3054	2978	3443	3665	4015	523	29.15	1017.58	43.08	273179	AS7341	flash	5	100	999	10	100.0	0.15
2026-07-09T17:27:29.536	452	947	636	1192	3054	2978	3443	3665	4015	523	29.15	1017.56	43.07	273405	AS7341	flash	5	100	999	10	100.0	0.15
2026-07-09T17:27:31.623	452	947	637	1193	3055	2979	3444	3666	4016	524	29.14	1017.61	43.06	273179	AS7341	flash	5	100	999	10	100.0	0.15
2026-07-09T17:27:33.613	452	947	637	1193	3054	2978	3443	3665	4014	523	29.14	1017.56	43.05	273179	AS7341	flash	5	100	999	10	100.0	0.15
2026-07-09T17:27:35.598	452	947	637	1193	3055	2979	3444	3665	4015	524	29.15	1017.59	43.05	274774	AS7341	flash	5	100	999	10	100.0	0.15
2026-07-09T17:27:37.589	452	947	636	1193	3055	2979	3444	3665	4016	523	29.14	1017.58	43.04	273860	AS7341	flash	5	100	999	10	100.0	0.15
2026-07-09T17:27:39.592	452	947	637	1193	3055	2979	3443	3665	4014	523	29.15	1017.59	43.04	274774	AS7341	flash	5	100	999	10	100.0	0.15
2026-07-09T17:27:41.580	452	947	636	1193	3055	2979	3444	3665	4015	524	29.14	1017.59	43.03	275925	AS7341	flash	5	100	999	10	100.0	0.15
2026-07-09T17:27:43.576	452	947	638	1193	3056	2980	3445	3666	4015	524	29.14	1017.58	43.01	274316	AS7341	flash	5	100	999	10	100.0	0.15
2026-07-09T17:27:45.577	452	947	637	1193	3055	2980	3444	3666	4015	524	29.14	1017.6	43.01	274316	AS7341	flash	5	100	999	10	100.0	0.15
2026-07-09T17:27:47.570	452	947	636	1193	3055	2980	3445	3665	4016	524	29.14	1017.59	43.01	274088	AS7341	flash	5	100	999	10	100.0	0.15
2026-07-09T17:27:49.565	452	947	636	1193	3056	2981	3445	3666	4017	524	29.14	1017.61	43.01	273405	AS7341	flash	5	100	999	10	100.0	0.15
2026-07-09T17:27:51.560	452	947	636	1193	3055	2980	3445	3665	4015	524	29.14	1017.6	43.0	274088	AS7341	flash	5	100	999	10	100.0	0.15
2026-07-09T17:27:53.550	452	947	636	1193	3055	2980	3445	3666	4016	524	29.15	1017.58	43.0	273860	AS7341	flash	5	100	999	10	100.0	0.15
2026-07-09T17:27:55.540	452	947	637	1193	3056	2981	3446	3666	4016	524	29.15	1017.58	43.01	273405	AS7341	flash	5	100	999	10	100.0	0.15
2026-07-09T17:27:57.531	452	947	637	1193	3056	2980	3446	3666	4017	524	29.15	1017.58	43.0	273860	AS7341	flash	5	100	999	10	100.0	0.15
2026-07-09T17:27:59.626	452	947	636	1194	3057	2981	3446	3667	4017	524	29.14	1017.58	43.0	274545	AS7341	flash	5	100	999	10	100.0	0.15
2026-07-09T17:28:01.628	452	947	636	1194	3057	2981	3446	3666	4017	524	29.14	1017.58	43.01	274088	AS7341	flash	5	100	999	10	100.0	0.15
2026-07-09T17:28:03.624	452	947	636	1193	3057	2981	3446	3667	4017	524	29.15	1017.59	43.0	273179	AS7341	flash	5	100	999	10	100.0	0.15
2026-07-09T17:28:05.617	452	947	636	1194	3058	2981	3447	3667	4017	524	29.14	1017.58	43.0	275233	AS7341	flash	5	100	999	10	100.0	0.15
2026-07-09T17:28:07.608	452	947	637	1193	3057	2981	3446	3666	4017	524	29.14	1017.59	42.99	274774	AS7341	flash	5	100	999	10	100.0	0.15
2026-07-09T17:28:09.599	452	947	636	1194	3057	2981	3447	3666	4016	524	29.14	1017.53	42.99	274316	AS7341	flash	5	100	999	10	100.0	0.15
2026-07-09T17:28:11.583	452	947	637	1194	3058	2982	3447	3667	4017	524	29.15	1017.58	42.99	275463	AS7341	flash	5	100	999	10	100.0	0.15
2026-07-09T17:28:13.568	452	947	638	1194	3059	2982	3448	3667	4019	523	29.15	1017.56	42.99	274088	AS7341	flash	5	100	999	10	100.0	0.15
2026-07-09T17:28:15.564	452	947	637	1194	3059	2982	3448	3667	4018	524	29.14	1017.59	42.97	275694	AS7341	flash	5	100	999	10	100.0	0.15
2026-07-09T17:28:17.546	452	947	636	1194	3058	2981	3447	3666	4017	524	29.15	1017.59	42.98	276156	AS7341	flash	5	100	999	10	100.0	0.15
2026-07-09T17:28:19.637	452	947	636	1194	3059	2982	3448	3667	4018	523	29.15	1017.59	42.99	273860	AS7341	flash	5	100	999	10	100.0	0.15
2026-07-09T17:28:21.528	452	947	637	1194	3057	2981	3447	3666	4017	524	29.15	1017.6	42.97	274316	AS7341	flash	5	100	999	10	100.0	0.15
2026-07-09T17:28:23.620	452	947	637	1195	3058	2983	3449	3668	4019	524	29.14	1017.59	42.96	274316	AS7341	flash	5	100	999	10	100.0	0.15
2026-07-09T17:28:25.606	452	947	636	1194	3059	2983	3448	3667	4018	524	29.16	1017.58	42.96	273860	AS7341	flash	5	100	999	10	100.0	0.15
2026-07-09T17:28:27.595	452	947	637	1194	3057	2982	3447	3666	4017	524	29.15	1017.58	42.95	275694	AS7341	flash	5	100	999	10	100.0	0.15
2026-07-09T17:28:29.586	452	947	636	1194	3058	2982	3448	3667	4018	524	29.16	1017.57	42.92	276156	AS7341	flash	5	100	999	10	100.0	0.15
2026-07-09T17:28:31.571	452	947	637	1194	3057	2982	3447	3666	4018	524	29.16	1017.59	42.93	275694	AS7341	flash	5	100	999	10	100.0	0.15
2026-07-09T17:28:33.562	452	947	636	1194	3057	2982	3447	3666	4017	524	29.15	1017.58	42.91	274088	AS7341	flash	5	100	999	10	100.0	0.15
2026-07-09T17:28:35.562	452	947	637	1195	3058	2982	3447	3665	4018	524	29.15	1017.6	42.92	273860	AS7341	flash	5	100	999	10	100.0	0.15
2026-07-09T17:28:37.555	452	947	637	1194	3058	2982	3448	3665	4018	524	29.15	1017.59	42.91	274088	AS7341	flash	5	100	999	10	100.0	0.15
2026-07-09T17:28:39.549	452	947	636	1195	3059	2983	3448	3667	4019	523	29.16	1017.55	42.9	275694	AS7341	flash	5	100	999	10	100.0	0.15
2026-07-09T17:28:41.545	452	947	636	1194	3058	2983	3449	3667	4019	524	29.16	1017.58	42.91	275233	AS7341	flash	5	100	999	10	100.0	0.15
2026-07-09T17:28:43.539	452	947	637	1194	3059	2983	3449	3667	4019	524	29.16	1017.59	42.88	274774	AS7341	flash	5	100	999	10	100.0	0.15
2026-07-09T17:28:45.533	452	946	636	1193	3058	2982	3447	3666	4017	524	29.15	1017.56	42.89	275694	AS7341	flash	5	100	999	10	100.0	0.15
2026-07-09T17:28:47.619	452	947	636	1194	3059	2983	3449	3667	4019	524	29.15	1017.56	42.89	273860	AS7341	flash	5	100	999	10	100.0	0.15
2026-07-09T17:28:49.628	452	947	637	1193	3059	2983	3449	3667	4019	524	29.16	1017.6	42.88	275003	AS7341	flash	5	100	999	10	100.0	0.15
2026-07-09T17:28:51.631	452	947	636	1194	3059	2983	3449	3667	4019	524	29.16	1017.58	42.87	275233	AS7341	flash	5	100	999	10	100.0	0.15
2026-07-09T17:28:53.625	452	947	636	1194	3059	2984	3448	3667	4020	524	29.16	1017.61	42.85	274316	AS7341	flash	5	100	999	10	100.0	0.15
2026-07-09T17:28:55.618	452	946	637	1194	3059	2984	3448	3668	4019	523	29.15	1017.54	42.86	275694	AS7341	flash	5	100	999	10	100.0	0.15
2026-07-09T17:28:57.602	452	947	637	1194	3059	2984	3449	3667	4020	524	29.16	1017.57	42.85	275003	AS7341	flash	5	100	999	10	100.0	0.15
2026-07-09T17:28:59.597	452	946	637	1194	3059	2984	3449	3667	4019	524	29.16	1017.61	42.84	274774	AS7341	flash	5	100	999	10	100.0	0.15
2026-07-09T17:29:01.584	452	947	636	1194	3059	2984	3448	3666	4019	524	29.16	1017.61	42.83	274774	AS7341	flash	5	100	999	10	100.0	0.15
2026-07-09T17:29:03.571	452	946	637	1194	3059	2983	3447	3666	4018	524	29.16	1017.55	42.83	275925	AS7341	flash	5	100	999	10	100.0	0.15
2026-07-09T17:29:05.561	452	946	637	1194	3059	2983	3447	3666	4018	524	29.17	1017.59	42.84	275233	AS7341	flash	5	100	999	10	100.0	0.15
2026-07-09T17:29:07.552	452	946	637	1194	3060	2985	3449	3667	4020	524	29.16	1017.58	42.82	276156	AS7341	flash	5	100	999	10	100.0	0.15
2026-07-09T17:29:09.542	452	947	637	1194	3060	2985	3449	3668	4021	524	29.16	1017.57	42.81	275694	AS7341	flash	5	100	999	10	100.0	0.15
2026-07-09T17:29:11.634	452	947	637	1194	3061	2985	3449	3668	4021	524	29.15	1017.58	42.8	275694	AS7341	flash	5	100	999	10	100.0	0.15
2026-07-09T17:29:13.635	452	947	636	1194	3061	2985	3449	3668	4021	524	29.16	1017.56	42.8	274088	AS7341	flash	5	100	999	10	100.0	0.15
2026-07-09T17:29:15.630	452	946	636	1194	3060	2985	3449	3668	4020	523	29.16	1017.58	42.79	274316	AS7341	flash	5	100	999	10	100.0	0.15
2026-07-09T17:29:17.622	452	946	637	1194	3060	2984	3448	3667	4020	524	29.16	1017.57	42.79	275694	AS7341	flash	5	100	999	10	100.0	0.15
2026-07-09T17:29:19.611	452	947	637	1195	3059	2985	3449	3667	4020	524	29.17	1017.6	42.78	275463	AS7341	flash	5	100	999	10	100.0	0.15
2026-07-09T17:29:21.605	452	946	636	1195	3061	2985	3449	3667	4020	523	29.17	1017.58	42.76	277086	AS7341	flash	5	100	999	10	100.0	0.15
2026-07-09T17:29:23.595	452	946	637	1195	3059	2985	3448	3667	4020	524	29.17	1017.58	42.76	276620	AS7341	flash	5	100	999	10	100.0	0.15
2026-07-09T17:29:25.585	452	946	636	1195	3060	2986	3449	3668	4020	524	29.17	1017.58	42.75	275003	AS7341	flash	5	100	999	10	100.0	0.15
2026-07-09T17:29:27.576	452	947	637	1195	3060	2986	3450	3668	4020	523	29.17	1017.57	42.73	275694	AS7341	flash	5	100	999	10	100.0	0.15
2026-07-09T17:29:29.571	452	947	637	1195	3060	2985	3449	3667	4020	524	29.17	1017.55	42.73	274316	AS7341	flash	5	100	999	10	100.0	0.15
2026-07-09T17:29:31.565	452	946	637	1195	3061	2985	3449	3667	4020	524	29.18	1017.59	42.71	275694	AS7341	flash	5	100	999	10	100.0	0.15
2026-07-09T17:29:33.561	452	947	636	1196	3061	2986	3450	3668	4021	524	29.18	1017.6	42.71	275694	AS7341	flash	5	100	999	10	100.0	0.15
2026-07-09T17:29:35.552	452	946	637	1195	3061	2985	3450	3667	4020	524	29.18	1017.62	42.71	277086	AS7341	flash	5	100	999	10	100.0	0.15
2026-07-09T17:29:37.549	452	946	636	1194	3061	2985	3450	3667	4021	524	29.18	1017.58	42.69	275233	AS7341	flash	5	100	999	10	100.0	0.15
2026-07-09T17:29:39.541	452	947	638	1196	3062	2986	3451	3669	4022	524	29.18	1017.6	42.68	275694	AS7341	flash	5	100	999	10	100.0	0.15
2026-07-09T17:29:41.636	452	947	636	1196	3062	2986	3450	3668	4021	524	29.18	1017.58	42.68	276156	AS7341	flash	5	100	999	10	100.0	0.15
2026-07-09T17:29:43.629	452	947	637	1195	3062	2985	3451	3668	4022	524	29.18	1017.58	42.68	275233	AS7341	flash	5	100	999	10	100.0	0.15
2026-07-09T17:29:45.622	452	947	636	1196	3061	2985	3450	3668	4021	523	29.19	1017.58	42.69	275463	AS7341	flash	5	100	999	10	100.0	0.15
2026-07-09T17:29:47.627	452	946	637	1195	3061	2985	3450	3666	4020	524	29.19	1017.58	42.67	274088	AS7341	flash	5	100	999	10	100.0	0.15
2026-07-09T17:29:49.606	452	946	636	1195	3061	2985	3450	3667	4020	524	29.18	1017.59	42.65	275233	AS7341	flash	5	100	999	10	100.0	0.15
2026-07-09T17:29:51.595	452	946	637	1194	3061	2985	3450	3667	4020	524	29.19	1017.59	42.64	275694	AS7341	flash	5	100	999	10	100.0	0.15
2026-07-09T17:29:53.588	452	947	637	1195	3062	2986	3451	3668	4022	523	29.19	1017.58	42.63	276156	AS7341	flash	5	100	999	10	100.0	0.15
2026-07-09T17:29:55.581	452	946	637	1195	3061	2985	3450	3666	4020	523	29.19	1017.6	42.64	275463	AS7341	flash	5	100	999	10	100.0	0.15
2026-07-09T17:29:57.564	452	946	637	1195	3061	2985	3450	3667	4021	524	29.19	1017.6	42.62	275463	AS7341	flash	5	100	999	10	100.0	0.15
2026-07-09T17:29:59.559	452	947	637	1195	3062	2986	3450	3667	4021	524	29.19	1017.61	42.61	274316	AS7341	flash	5	100	999	10	100.0	0.15
2026-07-09T17:30:01.553	452	947	638	1195	3063	2986	3451	3668	4022	524	29.18	1017.63	42.6	276620	AS7341	flash	5	100	999	10	100.0	0.15
2026-07-09T17:30:03.546	452	946	636	1195	3061	2985	3450	3666	4020	524	29.19	1017.6	42.6	277787	AS7341	flash	5	100	999	10	100.0	0.15
2026-07-09T17:30:05.535	452	946	637	1195	3062	2986	3451	3666	4021	524	29.18	1017.58	42.59	275233	AS7341	flash	5	100	999	10	100.0	0.15
2026-07-09T17:30:07.621	452	947	636	1195	3062	2986	3450	3667	4021	523	29.18	1017.59	42.61	274088	AS7341	flash	5	100	999	10	100.0	0.15
2026-07-09T17:30:09.607	452	946	636	1195	3063	2987	3451	3667	4021	523	29.19	1017.58	42.59	276620	AS7341	flash	5	100	999	10	100.0	0.15
2026-07-09T17:30:11.595	452	946	636	1195	3062	2986	3451	3666	4021	523	29.2	1017.59	42.59	276388	AS7341	flash	5	100	999	10	100.0	0.15
2026-07-09T17:30:13.581	452	946	637	1195	3062	2986	3451	3666	4021	524	29.2	1017.6	42.58	276853	AS7341	flash	5	100	999	10	100.0	0.15
2026-07-09T17:30:15.573	452	946	636	1195	3062	2986	3451	3666	4021	524	29.19	1017.6	42.58	277553	AS7341	flash	5	100	999	10	0.0	0.15
2026-07-09T17:30:17.560	452	947	637	1195	3063	2987	3452	3669	4023	522	29.23	1017.58	42.6	276853	AS7341	flash	5	100	999	10	0.0	0.15
2026-07-09T17:30:19.553	452	946	637	1195	3062	2987	3453	3668	4022	523	29.24	1017.56	42.69	274774	AS7341	flash	5	100	999	10	0.0	0.15
2026-07-09T17:30:21.556	452	947	638	1195	3064	2988	3454	3670	4023	524	29.26	1017.57	42.83	275463	AS7341	flash	5	100	999	10	0.0	0.15
2026-07-09T17:30:23.549	452	947	638	1195	3063	2987	3452	3670	4023	523	29.27	1017.57	42.99	273860	AS7341	flash	5	100	999	10	0.0	0.15
2026-07-09T17:30:25.541	452	947	638	1195	3063	2987	3452	3670	4023	523	29.29	1017.61	43.13	273860	AS7341	flash	5	100	999	10	0.0	0.15
2026-07-09T17:30:27.531	452	947	638	1196	3062	2987	3452	3670	4023	523	29.29	1017.6	43.3	272275	AS7341	flash	5	100	999	10	0.0	0.15
2026-07-09T17:30:29.622	452	947	637	1195	3062	2986	3453	3671	4022	523	29.29	1017.59	43.41	273405	AS7341	flash	5	100	999	10	0.0	0.15
2026-07-09T17:30:31.608	452	947	638	1195	3061	2985	3451	3670	4021	524	29.31	1017.59	43.52	273860	AS7341	flash	5	100	999	10	0.0	0.15
2026-07-09T17:30:33.589	452	947	637	1194	3059	2984	3450	3669	4020	524	29.32	1017.6	43.62	272275	AS7341	flash	5	100	999	10	0.0	0.15
2026-07-09T17:30:35.577	452	948	638	1194	3059	2984	3449	3668	4020	524	29.32	1017.6	43.7	272050	AS7341	flash	5	100	999	10	100.0	0.15
2026-07-09T17:30:37.567	452	948	637	1195	3059	2983	3449	3667	4019	523	29.29	1017.6	43.71	270931	AS7341	flash	5	100	999	10	100.0	0.15
2026-07-09T17:30:39.550	452	948	637	1194	3058	2982	3447	3665	4018	524	29.28	1017.65	43.55	272050	AS7341	flash	5	100	999	10	100.0	0.15
2026-07-09T17:30:41.549	452	947	637	1194	3058	2982	3446	3663	4017	524	29.28	1017.58	43.36	274316	AS7341	flash	5	100	999	10	100.0	0.15
2026-07-09T17:30:43.533	452	947	637	1194	3057	2980	3445	3662	4016	523	29.28	1017.6	43.18	274774	AS7341	flash	5	100	999	10	100.0	0.15
2026-07-09T17:30:45.631	452	948	638	1194	3058	2981	3445	3663	4015	523	29.26	1017.61	43.03	272050	AS7341	flash	5	100	999	10	100.0	0.15
2026-07-09T17:30:47.618	452	948	638	1194	3058	2980	3445	3662	4016	523	29.28	1017.62	42.92	274316	AS7341	flash	5	100	999	10	100.0	0.15
2026-07-09T17:30:49.603	452	947	638	1194	3057	2981	3445	3661	4015	523	29.26	1017.63	42.82	275003	AS7341	flash	5	100	999	10	100.0	0.15
2026-07-09T17:30:51.593	452	947	637	1194	3057	2981	3444	3660	4015	523	29.27	1017.58	42.74	273860	AS7341	flash	5	100	999	10	100.0	0.15
2026-07-09T17:30:53.586	452	947	638	1194	3057	2979	3444	3659	4014	523	29.28	1017.62	42.69	274774	AS7341	flash	5	100	999	10	100.0	0.15
2026-07-09T17:30:55.581	452	947	637	1194	3058	2981	3444	3660	4015	523	29.26	1017.59	42.63	274316	AS7341	flash	5	100	999	10	100.0	0.15
2026-07-09T17:30:57.582	452	947	637	1195	3059	2982	3444	3661	4015	522	29.27	1017.58	42.59	275003	AS7341	flash	5	100	999	10	100.0	0.15
2026-07-09T17:30:59.576	452	947	638	1195	3059	2983	3445	3661	4016	524	29.26	1017.58	42.57	277319	AS7341	flash	5	100	999	10	100.0	0.15
2026-07-09T17:31:01.561	452	948	638	1195	3059	2982	3446	3662	4017	524	29.26	1017.63	42.52	277553	AS7341	flash	5	100	999	10	100.0	0.15
2026-07-09T17:31:03.558	452	948	638	1195	3059	2982	3445	3661	4017	524	29.27	1017.62	42.51	275463	AS7341	flash	5	100	999	10	100.0	0.15
2026-07-09T17:31:05.554	452	948	638	1194	3059	2982	3446	3660	4017	523	29.27	1017.55	42.48	275925	AS7341	flash	5	100	999	10	100.0	0.15
2026-07-09T17:31:07.545	452	948	638	1194	3060	2983	3447	3661	4016	524	29.26	1017.56	42.46	277086	AS7341	flash	5	100	999	10	100.0	0.15
2026-07-09T17:31:09.639	452	948	638	1195	3061	2983	3448	3662	4018	524	29.25	1017.62	42.46	276388	AS7341	flash	5	100	999	10	100.0	0.15
2026-07-09T17:31:11.637	452	948	637	1195	3061	2984	3448	3662	4018	524	29.27	1017.63	42.45	276156	AS7341	flash	5	100	999	10	100.0	0.15
2026-07-09T17:31:13.627	452	948	637	1195	3062	2985	3449	3663	4019	523	29.26	1017.58	42.43	275003	AS7341	flash	5	100	999	10	100.0	0.15
2026-07-09T17:31:15.610	452	947	637	1195	3061	2984	3448	3662	4019	524	29.25	1017.58	42.43	277086	AS7341	flash	5	100	999	10	100.0	0.15
2026-07-09T17:31:17.604	452	948	637	1196	3060	2985	3449	3663	4019	524	29.26	1017.59	42.41	275233	AS7341	flash	5	100	999	10	100.0	0.15
2026-07-09T17:31:19.593	452	948	638	1196	3061	2986	3448	3663	4019	524	29.27	1017.64	42.41	277553	AS7341	flash	5	100	999	10	100.0	0.15
2026-07-09T17:31:21.579	452	947	638	1196	3062	2986	3448	3664	4020	524	29.26	1017.61	42.4	277319	AS7341	flash	5	100	999	10	100.0	0.15
2026-07-09T17:31:23.574	452	947	637	1195	3061	2985	3448	3663	4019	524	29.26	1017.59	42.39	275463	AS7341	flash	5	100	999	10	100.0	0.15
2026-07-09T17:31:25.565	452	947	637	1195	3060	2985	3447	3661	4018	524	29.25	1017.63	42.39	277086	AS7341	flash	5	100	999	10	100.0	0.15
2026-07-09T17:31:27.560	452	947	638	1196	3062	2986	3449	3662	4019	524	29.26	1017.64	42.38	275463	AS7341	flash	5	100	999	10	100.0	0.15
2026-07-09T17:31:29.549	452	947	638	1196	3062	2985	3448	3662	4019	524	29.25	1017.61	42.38	276620	AS7341	flash	5	100	999	10	100.0	0.15
2026-07-09T17:31:31.543	452	948	638	1197	3063	2986	3450	3663	4021	524	29.26	1017.62	42.36	275925	AS7341	flash	5	100	999	10	100.0	0.15
2026-07-09T17:31:33.541	452	947	638	1195	3063	2987	3450	3664	4021	524	29.26	1017.6	42.37	278021	AS7341	flash	5	100	999	10	100.0	0.15
2026-07-09T17:31:35.633	452	947	637	1196	3064	2986	3451	3664	4021	524	29.25	1017.61	42.36	277086	AS7341	flash	5	100	999	10	100.0	0.15
2026-07-09T17:31:37.629	452	947	637	1195	3062	2986	3450	3664	4020	524	29.25	1017.56	42.36	277553	AS7341	flash	5	100	999	10	100.0	0.15
2026-07-09T17:31:39.621	452	947	637	1195	3062	2986	3450	3663	4021	524	29.26	1017.59	42.35	275463	AS7341	flash	5	100	999	10	100.0	0.15
2026-07-09T17:31:41.614	452	948	637	1196	3064	2988	3452	3665	4022	524	29.26	1017.61	42.35	277553	AS7341	flash	5	100	999	10	100.0	0.15
2026-07-09T17:31:43.609	452	947	637	1196	3063	2987	3451	3664	4021	523	29.26	1017.61	42.34	276620	AS7341	flash	5	100	999	10	100.0	0.15
2026-07-09T17:31:45.594	452	947	637	1196	3063	2987	3451	3664	4021	524	29.26	1017.6	42.33	276156	AS7341	flash	5	100	999	10	100.0	0.15
2026-07-09T17:31:47.593	452	947	638	1196	3064	2988	3453	3665	4022	524	29.26	1017.62	42.33	276620	AS7341	flash	5	100	999	10	100.0	0.15
2026-07-09T17:31:49.581	452	947	638	1196	3063	2987	3451	3664	4020	524	29.26	1017.63	42.32	276853	AS7341	flash	5	100	999	10	100.0	0.15
2026-07-09T17:31:51.570	452	947	637	1196	3063	2988	3451	3664	4021	524	29.26	1017.64	42.31	276620	AS7341	flash	5	100	999	10	100.0	0.15
2026-07-09T17:31:53.553	452	947	638	1196	3064	2988	3452	3664	4021	523	29.25	1017.62	42.29	277553	AS7341	flash	5	100	999	10	100.0	0.15
2026-07-09T17:31:55.552	453	948	638	1197	3065	2989	3453	3666	4023	524	29.27	1017.62	42.29	275694	AS7341	flash	5	100	999	10	100.0	0.15
2026-07-09T17:31:57.548	452	947	638	1196	3065	2988	3453	3664	4023	523	29.27	1017.62	42.29	278492	AS7341	flash	5	100	999	10	100.0	0.15
2026-07-09T17:31:59.550	452	947	637	1196	3065	2989	3452	3665	4022	524	29.27	1017.67	42.28	276853	AS7341	flash	5	100	999	10	100.0	0.15
2026-07-09T17:32:01.540	453	947	637	1197	3065	2989	3452	3665	4023	524	29.27	1017.64	42.28	278021	AS7341	flash	5	100	999	10	100.0	0.15
2026-07-09T17:32:03.538	452	947	637	1196	3065	2989	3452	3665	4022	523	29.27	1017.64	42.27	277787	AS7341	flash	5	100	999	10	100.0	0.15
2026-07-09T17:32:05.640	453	947	637	1197	3066	2990	3454	3666	4023	525	29.25	1017.6	42.27	277553	AS7341	flash	5	100	999	10	100.0	0.15
2026-07-09T17:32:07.633	453	947	637	1197	3065	2989	3452	3665	4022	524	29.27	1017.64	42.27	274774	AS7341	flash	5	100	999	10	100.0	0.15
2026-07-09T17:32:09.626	452	947	637	1197	3065	2989	3452	3665	4022	524	29.27	1017.67	42.26	274774	AS7341	flash	5	100	999	10	100.0	0.15
2026-07-09T17:32:11.620	452	947	638	1197	3066	2989	3453	3665	4022	524	29.27	1017.62	42.24	277553	AS7341	flash	5	100	999	10	100.0	0.15
2026-07-09T17:32:13.613	453	947	637	1197	3066	2990	3454	3666	4024	525	29.27	1017.59	42.24	277553	AS7341	flash	5	100	999	10	100.0	0.15
2026-07-09T17:32:15.608	453	947	637	1196	3067	2990	3453	3666	4024	525	29.27	1017.62	42.23	277553	AS7341	flash	5	100	999	10	100.0	0.15
2026-07-09T17:32:17.595	452	947	637	1197	3065	2989	3452	3665	4023	523	29.28	1017.66	42.22	276156	AS7341	flash	5	100	999	10	100.0	0.15
2026-07-09T17:32:19.578	453	947	637	1196	3065	2989	3452	3664	4023	523	29.28	1017.64	42.22	277553	AS7341	flash	5	100	999	10	100.0	0.15
2026-07-09T17:32:21.602	452	947	637	1197	3065	2990	3453	3665	4023	523	29.27	1017.66	42.22	278727	AS7341	flash	5	100	999	10	100.0	0.15
2026-07-09T17:32:23.625	453	947	637	1197	3066	2990	3454	3666	4023	524	29.27	1017.64	42.21	276388	AS7341	flash	5	100	999	10	100.0	0.15
2026-07-09T17:32:25.529	452	946	637	1197	3065	2990	3452	3664	4023	524	29.29	1017.62	42.22	277086	AS7341	flash	5	100	999	10	100.0	0.15
2026-07-09T17:32:27.556	453	947	637	1197	3066	2989	3454	3665	4023	523	29.27	1017.66	42.2	278021	AS7341	flash	5	100	999	10	100.0	0.15
2026-07-09T17:32:29.574	453	947	637	1198	3067	2991	3454	3666	4025	525	29.27	1017.62	42.21	277553	AS7341	flash	5	100	999	10	100.0	0.15
2026-07-09T17:32:31.590	453	947	637	1197	3066	2990	3454	3665	4024	524	29.27	1017.62	42.21	276620	AS7341	flash	5	100	999	10	100.0	0.15
2026-07-09T17:32:33.610	453	947	637	1197	3067	2991	3455	3667	4025	524	29.27	1017.66	42.2	276388	AS7341	flash	5	100	999	10	100.0	0.15
2026-07-09T17:32:35.625	453	947	637	1197	3067	2990	3455	3667	4024	523	29.27	1017.63	42.2	278492	AS7341	flash	5	100	999	10	100.0	0.15
2026-07-09T17:32:37.535	452	947	638	1196	3066	2989	3454	3665	4024	523	29.28	1017.62	42.2	278492	AS7341	flash	5	100	999	10	100.0	0.15
2026-07-09T17:32:39.557	452	947	638	1197	3066	2990	3454	3666	4024	523	29.28	1017.66	42.19	278492	AS7341	flash	5	100	999	10	100.0	0.15
2026-07-09T17:32:41.581	453	946	637	1197	3067	2991	3455	3666	4025	524	29.27	1017.62	42.18	278492	AS7341	flash	5	100	999	10	100.0	0.15
2026-07-09T17:32:43.594	453	947	638	1197	3067	2990	3454	3666	4024	525	29.27	1017.65	42.19	278021	AS7341	flash	5	100	999	10	100.0	0.15
2026-07-09T17:32:45.619	453	947	637	1197	3068	2992	3456	3668	4026	524	29.27	1017.62	42.18	277319	AS7341	flash	5	100	999	10	100.0	0.15
2026-07-09T17:32:47.631	453	947	637	1197	3068	2991	3456	3666	4024	524	29.27	1017.61	42.17	277319	AS7341	flash	5	100	999	10	100.0	0.15
2026-07-09T17:32:49.542	453	947	637	1197	3066	2990	3454	3665	4024	524	29.28	1017.65	42.17	276156	AS7341	flash	5	100	999	10	100.0	0.15
2026-07-09T17:32:51.574	453	947	638	1197	3067	2991	3455	3666	4024	524	29.28	1017.64	42.17	278021	AS7341	flash	5	100	999	10	100.0	0.15
2026-07-09T17:32:53.590	453	947	638	1197	3068	2991	3456	3667	4026	524	29.26	1017.61	42.17	278963	AS7341	flash	5	100	999	10	100.0	0.15
2026-07-09T17:32:55.598	453	947	637	1197	3067	2991	3455	3666	4024	524	29.26	1017.61	42.16	278492	AS7341	flash	5	100	999	10	100.0	0.15
2026-07-09T17:32:57.614	453	947	638	1197	3069	2992	3457	3668	4026	524	29.27	1017.62	42.18	276853	AS7341	flash	5	100	999	10	100.0	0.15
2026-07-09T17:32:59.624	453	946	637	1197	3067	2992	3456	3666	4025	524	29.27	1017.66	42.16	278021	AS7341	flash	5	100	999	10	100.0	0.15
2026-07-09T17:33:01.536	453	947	638	1197	3067	2991	3455	3666	4024	525	29.28	1017.64	42.17	277787	AS7341	flash	5	100	999	10	100.0	0.15
2026-07-09T17:33:03.548	453	947	637	1197	3068	2992	3456	3668	4027	524	29.27	1017.66	42.15	276156	AS7341	flash	5	100	999	10	100.0	0.15
2026-07-09T17:33:05.571	453	947	637	1197	3067	2992	3456	3666	4025	524	29.26	1017.63	42.15	277553	AS7341	flash	5	100	999	10	100.0	0.15
2026-07-09T17:33:07.582	453	947	637	1197	3067	2992	3456	3666	4025	524	29.26	1017.66	42.16	279674	AS7341	flash	5	100	999	10	100.0	0.15
2026-07-09T17:33:09.596	453	947	637	1198	3067	2992	3456	3667	4025	524	29.27	1017.61	42.15	276388	AS7341	flash	5	100	999	10	100.0	0.15
2026-07-09T17:33:11.611	453	946	638	1197	3067	2992	3456	3666	4025	524	29.27	1017.64	42.15	277086	AS7341	flash	5	100	999	10	100.0	0.15
2026-07-09T17:33:13.623	453	947	637	1198	3068	2993	3457	3667	4025	524	29.27	1017.65	42.15	276853	AS7341	flash	5	100	999	10	100.0	0.15
2026-07-09T17:33:15.632	453	947	638	1197	3068	2992	3456	3667	4026	524	29.26	1017.61	42.15	278256	AS7341	flash	5	100	999	10	100.0	0.15
2026-07-09T17:33:17.542	453	946	637	1198	3067	2992	3456	3666	4025	524	29.27	1017.62	42.14	277319	AS7341	flash	5	100	999	10	100.0	0.15
2026-07-09T17:33:19.554	453	946	637	1197	3067	2991	3455	3666	4024	524	29.26	1017.61	42.13	279674	AS7341	flash	5	100	999	10	100.0	0.15
2026-07-09T17:33:21.564	453	947	637	1198	3069	2993	3457	3667	4026	524	29.26	1017.6	42.13	277086	AS7341	flash	5	100	999	10	100.0	0.15
2026-07-09T17:33:23.577	453	947	638	1198	3068	2993	3457	3668	4026	524	29.26	1017.58	42.13	279912	AS7341	flash	5	100	999	10	100.0	0.15
2026-07-09T17:33:25.599	453	947	638	1198	3068	2993	3457	3667	4026	524	29.25	1017.62	42.14	276620	AS7341	flash	5	100	999	10	100.0	0.15
2026-07-09T17:33:27.609	453	947	638	1198	3069	2993	3457	3667	4027	524	29.26	1017.61	42.13	278492	AS7341	flash	5	100	999	10	100.0	0.15
2026-07-09T17:33:29.623	453	947	637	1198	3069	2994	3457	3667	4027	524	29.25	1017.62	42.13	278727	AS7341	flash	5	100	999	10	100.0	0.15
2026-07-09T17:33:31.639	453	947	638	1198	3069	2994	3459	3667	4027	524	29.26	1017.63	42.13	277086	AS7341	flash	5	100	999	10	100.0	0.15
2026-07-09T17:33:33.551	453	946	638	1198	3068	2993	3455	3666	4025	524	29.27	1017.63	42.12	276388	AS7341	flash	5	100	999	10	100.0	0.15
2026-07-09T17:33:35.564	453	947	638	1198	3069	2993	3457	3667	4026	524	29.25	1017.6	42.11	278256	AS7341	flash	5	100	999	10	100.0	0.15
2026-07-09T17:33:37.574	453	947	638	1198	3068	2993	3456	3666	4026	524	29.26	1017.61	42.11	277553	AS7341	flash	5	100	999	10	100.0	0.15
2026-07-09T17:33:39.595	453	947	637	1198	3069	2993	3457	3666	4026	524	29.25	1017.6	42.12	278492	AS7341	flash	5	100	999	10	100.0	0.15
2026-07-09T17:33:41.622	453	946	637	1198	3068	2992	3455	3665	4025	524	29.26	1017.6	42.12	277553	AS7341	flash	5	100	999	10	100.0	0.15
2026-07-09T17:33:43.635	453	947	638	1198	3068	2993	3456	3666	4026	524	29.25	1017.59	42.1	278021	AS7341	flash	5	100	999	10	100.0	0.15
2026-07-09T17:33:45.545	453	946	638	1198	3068	2993	3456	3666	4026	524	29.27	1017.65	42.1	277787	AS7341	flash	5	100	999	10	100.0	0.15
2026-07-09T17:33:47.570	453	946	638	1197	3070	2994	3457	3667	4027	524	29.25	1017.62	42.11	278963	AS7341	flash	5	100	999	10	100.0	0.15
2026-07-09T17:33:49.589	453	947	637	1197	3069	2994	3457	3666	4026	524	29.26	1017.61	42.1	278492	AS7341	flash	5	100	999	10	100.0	0.15
2026-07-09T17:33:51.604	453	946	637	1198	3070	2994	3458	3667	4028	524	29.26	1017.61	42.09	278963	AS7341	flash	5	100	999	10	100.0	0.15
2026-07-09T17:33:53.631	453	948	637	1199	3070	2994	3458	3667	4028	524	29.26	1017.62	42.1	278727	AS7341	flash	5	100	999	10	100.0	0.15
2026-07-09T17:33:55.544	453	947	638	1198	3069	2994	3457	3666	4027	524	29.28	1017.63	42.1	278492	AS7341	flash	5	100	999	10	100.0	0.15
2026-07-09T17:33:57.557	453	948	638	1198	3070	2995	3458	3668	4028	524	29.28	1017.62	42.09	277787	AS7341	flash	5	100	999	10	100.0	0.15
2026-07-09T17:33:59.570	453	947	637	1197	3069	2992	3457	3666	4026	523	29.26	1017.55	42.08	277086	AS7341	flash	5	100	999	10	100.0	0.15
2026-07-09T17:34:01.587	453	947	637	1198	3070	2995	3458	3667	4028	524	29.27	1017.6	42.08	277319	AS7341	flash	5	100	999	10	100.0	0.15
2026-07-09T17:34:03.602	453	948	638	1198	3070	2995	3458	3668	4028	524	29.28	1017.63	42.09	278963	AS7341	flash	5	100	999	10	100.0	0.15
2026-07-09T17:34:05.619	453	947	637	1198	3071	2995	3458	3668	4029	524	29.26	1017.59	42.09	277787	AS7341	flash	5	100	999	10	100.0	0.15
2026-07-09T17:34:07.637	453	948	638	1198	3070	2995	3458	3667	4027	524	29.27	1017.61	42.07	279912	AS7341	flash	5	100	999	10	100.0	0.15
2026-07-09T17:34:09.543	453	946	637	1197	3069	2994	3457	3666	4026	524	29.28	1017.61	42.08	278021	AS7341	flash	5	100	999	10	100.0	0.15
2026-07-09T17:34:11.564	453	947	637	1198	3071	2995	3458	3667	4028	524	29.28	1017.62	42.07	277553	AS7341	flash	5	100	999	10	100.0	0.15
2026-07-09T17:34:13.583	453	946	637	1198	3070	2995	3458	3667	4027	524	29.28	1017.6	42.07	279674	AS7341	flash	5	100	999	10	100.0	0.15
2026-07-09T17:34:15.599	453	947	638	1198	3069	2993	3457	3667	4026	524	29.27	1017.59	42.06	278492	AS7341	flash	5	100	999	10	100.0	0.15
2026-07-09T17:34:17.618	453	947	637	1198	3068	2994	3457	3667	4026	524	29.27	1017.59	42.06	279437	AS7341	flash	5	100	999	10	100.0	0.15
2026-07-09T17:34:19.631	453	947	638	1198	3070	2995	3458	3667	4027	524	29.27	1017.63	42.07	277086	AS7341	flash	5	100	999	10	100.0	0.15
2026-07-09T17:34:21.534	453	947	637	1197	3069	2993	3456	3665	4025	523	29.29	1017.59	42.05	279437	AS7341	flash	5	100	999	10	100.0	0.15
2026-07-09T17:34:23.549	453	946	637	1198	3068	2994	3457	3666	4025	524	29.28	1017.58	42.05	279200	AS7341	flash	5	100	999	10	100.0	0.15
2026-07-09T17:34:25.560	453	946	637	1198	3070	2995	3458	3667	4027	524	29.27	1017.59	42.04	280150	AS7341	flash	5	100	999	10	100.0	0.15
2026-07-09T17:34:27.579	453	947	637	1198	3070	2995	3459	3667	4028	524	29.27	1017.59	42.05	277086	AS7341	flash	5	100	999	10	100.0	0.15
2026-07-09T17:34:29.599	453	946	638	1198	3069	2994	3458	3666	4027	524	29.28	1017.63	42.05	278021	AS7341	flash	5	100	999	10	100.0	0.15
2026-07-09T17:34:31.612	453	947	637	1198	3069	2994	3458	3667	4026	524	29.27	1017.58	42.04	277553	AS7341	flash	5	100	999	10	100.0	0.15
2026-07-09T17:34:33.625	453	947	637	1198	3070	2995	3458	3667	4027	524	29.28	1017.6	42.05	277787	AS7341	flash	5	100	999	10	100.0	0.15
2026-07-09T17:34:35.527	453	947	637	1198	3069	2993	3457	3666	4026	524	29.29	1017.61	42.04	279437	AS7341	flash	5	100	999	10	100.0	0.15
2026-07-09T17:34:37.538	453	947	637	1198	3071	2996	3459	3668	4028	524	29.29	1017.59	42.03	279912	AS7341	flash	5	100	999	10	100.0	0.15
2026-07-09T17:34:39.549	453	948	637	1198	3070	2994	3459	3667	4028	524	29.29	1017.61	42.04	280388	AS7341	flash	5	100	999	10	100.0	0.15
2026-07-09T17:34:41.565	453	947	638	1198	3072	2996	3460	3668	4030	524	29.29	1017.59	42.03	279200	AS7341	flash	5	100	999	10	100.0	0.15
2026-07-09T17:34:43.576	453	947	637	1198	3070	2994	3458	3667	4027	524	29.29	1017.61	42.03	277787	AS7341	flash	5	100	999	10	100.0	0.15
2026-07-09T17:34:45.596	453	947	638	1198	3070	2994	3459	3667	4028	524	29.29	1017.58	42.03	278492	AS7341	flash	5	100	999	10	100.0	0.15
2026-07-09T17:34:47.618	453	947	638	1199	3071	2995	3459	3668	4028	524	29.29	1017.55	42.02	278727	AS7341	flash	5	100	999	10	100.0	0.15
2026-07-09T17:34:49.632	453	948	637	1198	3070	2994	3458	3667	4028	524	29.3	1017.58	42.03	277319	AS7341	flash	5	100	999	10	100.0	0.15
2026-07-09T17:34:51.534	453	948	638	1198	3070	2994	3458	3667	4028	524	29.31	1017.59	42.02	279912	AS7341	flash	5	100	999	10	100.0	0.15
2026-07-09T17:34:53.555	453	947	637	1198	3070	2993	3458	3667	4027	523	29.3	1017.62	42.0	279674	AS7341	flash	5	100	999	10	100.0	0.15
2026-07-09T17:34:55.569	453	946	637	1198	3070	2994	3458	3667	4028	524	29.29	1017.6	42.0	277553	AS7341	flash	5	100	999	10	100.0	0.15
2026-07-09T17:34:57.587	453	946	638	1198	3070	2994	3459	3667	4028	524	29.29	1017.6	41.99	279674	AS7341	flash	5	100	999	10	100.0	0.15
2026-07-09T17:34:59.598	453	947	637	1199	3070	2995	3459	3667	4028	524	29.3	1017.59	41.98	278727	AS7341	flash	5	100	999	10	100.0	0.15
2026-07-09T17:35:01.612	453	947	638	1199	3071	2996	3460	3668	4029	524	29.3	1017.59	41.97	276853	AS7341	flash	5	100	999	10	100.0	0.15
2026-07-09T17:35:03.628	453	946	638	1198	3071	2995	3460	3668	4028	524	29.3	1017.57	41.96	279200	AS7341	flash	5	100	999	10	100.0	0.15
2026-07-09T17:35:05.538	453	946	637	1198	3070	2994	3458	3665	4026	524	29.3	1017.57	41.97	279437	AS7341	flash	5	100	999	10	100.0	0.15
2026-07-09T17:35:07.566	453	948	637	1199	3071	2996	3460	3667	4029	524	29.3	1017.59	41.96	278492	AS7341	flash	5	100	999	10	100.0	0.15
2026-07-09T17:35:09.575	453	948	637	1199	3071	2995	3460	3668	4028	524	29.3	1017.62	41.97	277086	AS7341	flash	5	100	999	10	100.0	0.15
2026-07-09T17:35:11.591	453	947	638	1199	3071	2996	3460	3669	4028	524	29.3	1017.58	41.95	280150	AS7341	flash	5	100	999	10	100.0	0.15
2026-07-09T17:35:13.613	453	947	637	1199	3070	2995	3459	3667	4028	524	29.3	1017.6	41.96	278963	AS7341	flash	5	100	999	10	100.0	0.15
2026-07-09T17:35:15.619	453	947	639	1199	3071	2995	3459	3668	4029	524	29.3	1017.59	41.96	276620	AS7341	flash	5	100	999	10	100.0	0.15
2026-07-09T17:35:17.633	453	946	637	1198	3070	2994	3458	3667	4027	524	29.3	1017.59	41.96	278963	AS7341	flash	5	100	999	10	100.0	0.15
2026-07-09T17:35:19.536	453	947	637	1198	3070	2995	3459	3667	4027	524	29.31	1017.56	41.95	277553	AS7341	flash	5	100	999	10	100.0	0.15
2026-07-09T17:35:21.559	453	949	639	1199	3072	2996	3459	3668	4029	524	29.3	1017.57	41.94	277319	AS7341	flash	5	100	999	10	100.0	0.15
2026-07-09T17:35:23.578	453	947	638	1199	3071	2995	3459	3668	4028	524	29.3	1017.6	41.94	277553	AS7341	flash	5	100	999	10	100.0	0.15
2026-07-09T17:35:25.589	453	947	638	1199	3072	2996	3460	3669	4029	524	29.3	1017.59	41.95	279200	AS7341	flash	5	100	999	10	100.0	0.15
2026-07-09T17:35:27.605	453	947	638	1199	3072	2996	3460	3668	4029	524	29.3	1017.58	41.96	280150	AS7341	flash	5	100	999	10	100.0	0.15
2026-07-09T17:35:29.627	453	948	638	1199	3072	2996	3460	3668	4029	524	29.3	1017.61	41.97	277086	AS7341	flash	5	100	999	10	100.0	0.15
2026-07-09T17:35:31.540	453	947	638	1199	3070	2995	3459	3667	4027	524	29.31	1017.55	41.98	278963	AS7341	flash	5	100	999	10	100.0	0.15
2026-07-09T17:35:33.554	453	947	637	1199	3072	2996	3460	3668	4029	524	29.3	1017.59	41.98	279200	AS7341	flash	5	100	999	10	100.0	0.15
2026-07-09T17:35:35.564	453	947	638	1198	3072	2997	3461	3669	4029	524	29.3	1017.56	41.97	278963	AS7341	flash	5	100	999	10	100.0	0.0
2026-07-09T17:35:37.589	453	947	638	1198	3073	2998	3462	3671	4031	524	29.28	1017.6	41.97	279437	AS7341	flash	5	100	999	10	100.0	0.0
2026-07-09T17:35:39.607	453	947	638	1198	3073	2998	3463	3671	4031	524	29.28	1017.59	41.94	277787	AS7341	flash	5	100	999	10	100.0	0.0
2026-07-09T17:35:41.627	453	946	637	1198	3072	2997	3463	3671	4031	524	29.26	1017.57	41.89	279912	AS7341	flash	5	100	999	10	100.0	0.0
2026-07-09T17:35:43.543	453	946	637	1197	3072	2996	3462	3669	4029	524	29.27	1017.59	41.86	279912	AS7341	flash	5	100	999	10	100.0	0.0
2026-07-09T17:35:45.561	453	946	637	1198	3073	2999	3464	3672	4031	524	29.25	1017.58	41.81	280627	AS7341	flash	5	100	999	10	100.0	0.0
2026-07-09T17:35:47.579	453	946	637	1198	3073	2998	3464	3671	4031	524	29.23	1017.56	41.77	282069	AS7341	flash	5	100	999	10	100.0	0.0
2026-07-09T17:35:49.598	453	946	637	1198	3074	3000	3466	3673	4033	524	29.23	1017.57	41.74	279674	AS7341	flash	5	100	999	10	100.0	0.0
2026-07-09T17:35:51.613	453	946	637	1198	3073	2999	3466	3673	4033	524	29.22	1017.59	41.72	279437	AS7341	flash	5	100	999	10	100.0	0.0
2026-07-09T17:35:53.633	453	946	637	1198	3074	3001	3466	3674	4033	524	29.2	1017.57	41.72	278727	AS7341	flash	5	100	999	10	100.0	0.0
2026-07-09T17:35:55.655	453	946	637	1198	3075	3000	3467	3674	4034	524	29.2	1017.58	41.71	281346	AS7341	flash	5	100	999	10	100.0	0.0
2026-07-09T17:35:57.571	453	945	637	1198	3075	3001	3468	3675	4035	524	29.19	1017.58	41.7	283039	AS7341	flash	5	100	999	10	100.0	0.0
2026-07-09T17:35:59.588	453	945	637	1198	3075	3001	3468	3675	4035	524	29.18	1017.56	41.7	279912	AS7341	flash	5	100	999	10	100.0	0.0
2026-07-09T17:36:01.602	453	945	637	1198	3076	3003	3469	3676	4036	524	29.17	1017.58	41.71	279912	AS7341	flash	5	100	999	10	100.0	0.0
2026-07-09T17:36:03.615	453	945	637	1198	3075	3003	3469	3676	4035	524	29.16	1017.56	41.74	278727	AS7341	flash	5	100	999	10	100.0	0.0
2026-07-09T17:36:05.627	453	945	637	1199	3077	3004	3471	3678	4037	524	29.16	1017.56	41.75	280388	AS7341	flash	5	100	999	10	100.0	0.0
2026-07-09T17:36:07.640	453	945	637	1198	3077	3004	3471	3679	4038	525	29.15	1017.56	41.77	279437	AS7341	flash	5	100	999	10	100.0	0.0
2026-07-09T17:36:09.657	453	944	637	1198	3077	3004	3471	3679	4038	524	29.14	1017.58	41.76	281587	AS7341	flash	5	100	999	10	100.0	0.0
2026-07-09T17:36:11.565	453	944	637	1198	3076	3003	3471	3678	4037	524	29.14	1017.56	41.79	281346	AS7341	flash	5	100	999	10	100.0	0.0
2026-07-09T17:36:13.586	453	945	637	1199	3078	3005	3473	3681	4040	525	29.13	1017.56	41.8	279437	AS7341	flash	5	100	999	10	100.0	0.0
2026-07-09T17:36:15.605	453	944	637	1198	3077	3004	3473	3680	4039	525	29.12	1017.57	41.8	281106	AS7341	flash	5	100	999	10	100.0	0.0
2026-07-09T17:36:17.632	453	944	637	1199	3079	3007	3474	3682	4040	525	29.11	1017.6	41.82	279437	AS7341	flash	5	100	999	10	100.0	0.0
2026-07-09T17:36:19.650	453	944	637	1199	3077	3005	3473	3681	4039	525	29.11	1017.6	41.84	280866	AS7341	flash	5	100	999	10	100.0	0.0
2026-07-09T17:36:21.562	453	944	637	1198	3077	3004	3473	3681	4039	524	29.11	1017.61	41.85	283282	AS7341	flash	5	100	999	10	100.0	0.0
2026-07-09T17:36:23.584	453	944	637	1199	3079	3006	3475	3682	4041	525	29.09	1017.58	41.86	280627	AS7341	flash	5	100	999	10	100.0	0.0
2026-07-09T17:36:25.603	453	944	637	1199	3079	3007	3476	3684	4042	525	29.08	1017.59	41.88	280866	AS7341	flash	5	100	999	10	100.0	0.0
2026-07-09T17:36:27.617	453	944	637	1199	3078	3006	3475	3684	4041	525	29.08	1017.64	41.9	282796	AS7341	flash	5	100	999	10	100.0	0.0
2026-07-09T17:36:29.639	453	944	637	1199	3079	3008	3475	3684	4042	525	29.07	1017.62	41.9	281346	AS7341	flash	5	100	999	10	100.0	0.0
2026-07-09T17:36:31.653	453	943	637	1199	3079	3007	3476	3684	4041	525	29.06	1017.62	41.92	280866	AS7341	flash	5	100	999	10	100.0	0.0
2026-07-09T17:36:33.555	453	943	637	1199	3078	3006	3475	3684	4041	525	29.06	1017.59	41.93	281587	AS7341	flash	5	100	999	10	100.0	0.0
2026-07-09T17:36:35.573	453	943	637	1198	3079	3007	3476	3684	4041	525	29.06	1017.63	41.95	281346	AS7341	flash	5	100	999	10	100.0	0.0
2026-07-09T17:36:37.587	453	943	637	1199	3079	3008	3477	3685	4042	525	29.04	1017.58	41.96	281346	AS7341	flash	5	100	999	10	100.0	0.0
2026-07-09T17:36:39.601	453	944	637	1199	3080	3009	3478	3686	4043	525	29.02	1017.62	41.97	283526	AS7341	flash	5	100	999	10	100.0	0.0
2026-07-09T17:36:41.614	453	944	637	1199	3081	3009	3479	3688	4045	525	29.02	1017.62	42.0	282311	AS7341	flash	5	100	999	10	100.0	0.0
2026-07-09T17:36:43.627	453	943	636	1199	3080	3009	3477	3686	4043	525	29.01	1017.6	42.0	281346	AS7341	flash	5	100	999	10	100.0	0.0
2026-07-09T17:36:45.642	453	944	637	1199	3082	3010	3480	3690	4046	525	29.0	1017.61	42.01	281346	AS7341	flash	5	100	999	10	100.0	0.0
2026-07-09T17:36:47.552	453	943	636	1199	3080	3008	3478	3687	4043	525	29.0	1017.63	42.04	282311	AS7341	flash	5	100	999	10	100.0	0.0
2026-07-09T17:36:49.580	453	943	637	1199	3081	3011	3480	3689	4046	525	28.99	1017.61	42.04	282311	AS7341	flash	5	100	999	10	100.0	0.0
2026-07-09T17:36:51.599	453	944	637	1199	3082	3010	3480	3690	4046	525	28.98	1017.58	42.05	282311	AS7341	flash	5	100	999	10	100.0	0.0
2026-07-09T17:36:53.610	453	943	637	1199	3082	3011	3480	3690	4046	525	28.98	1017.6	42.07	282311	AS7341	flash	5	100	999	10	100.0	0.0
2026-07-09T17:36:55.621	453	943	637	1199	3081	3010	3480	3690	4046	525	28.97	1017.59	42.09	282069	AS7341	flash	5	100	999	10	100.0	0.0
2026-07-09T17:36:57.643	453	943	636	1199	3082	3010	3481	3690	4046	525	28.96	1017.59	42.11	283771	AS7341	flash	5	100	999	10	100.0	0.0
2026-07-09T17:36:59.660	453	943	637	1199	3082	3011	3481	3691	4047	525	28.96	1017.58	42.13	281828	AS7341	flash	5	100	999	10	100.0	0.0
2026-07-09T17:37:01.570	453	943	636	1199	3081	3010	3481	3691	4046	525	28.96	1017.59	42.14	282796	AS7341	flash	5	100	999	10	100.0	0.0
2026-07-09T17:37:03.584	453	943	636	1199	3082	3012	3481	3691	4047	525	28.95	1017.58	42.15	284506	AS7341	flash	5	100	999	10	100.0	0.0
2026-07-09T17:37:05.596	453	943	636	1199	3081	3011	3482	3692	4047	525	28.94	1017.58	42.15	284260	AS7341	flash	5	100	999	10	100.0	0.0
2026-07-09T17:37:07.606	453	943	636	1199	3083	3012	3483	3693	4048	525	28.93	1017.58	42.17	282069	AS7341	flash	5	100	999	10	100.0	0.0
2026-07-09T17:37:09.622	453	943	637	1199	3083	3012	3483	3693	4048	526	28.93	1017.57	42.18	282069	AS7341	flash	5	100	999	10	100.0	0.0
2026-07-09T17:37:11.642	453	942	636	1199	3083	3012	3482	3693	4047	525	28.92	1017.58	42.19	282069	AS7341	flash	5	100	999	10	100.0	0.0
2026-07-09T17:37:13.657	453	943	637	1199	3083	3012	3483	3694	4049	526	28.91	1017.58	42.2	282553	AS7341	flash	5	100	999	10	100.0	0.0
2026-07-09T17:37:15.561	453	942	636	1199	3082	3012	3483	3693	4048	526	28.92	1017.56	42.21	282069	AS7341	flash	5	100	999	10	100.0	0.0
2026-07-09T17:37:17.572	453	943	636	1199	3083	3012	3483	3694	4048	526	28.91	1017.57	42.22	283282	AS7341	flash	5	100	999	10	100.0	0.0
2026-07-09T17:37:19.589	453	943	636	1199	3082	3012	3483	3693	4048	525	28.9	1017.56	42.21	283039	AS7341	flash	5	100	999	10	100.0	0.0
2026-07-09T17:37:21.601	453	942	636	1199	3083	3013	3484	3694	4049	526	28.89	1017.58	42.24	284015	AS7341	flash	5	100	999	10	100.0	0.0
2026-07-09T17:37:23.619	453	943	636	1199	3083	3012	3484	3694	4049	526	28.89	1017.6	42.25	284752	AS7341	flash	5	100	999	10	100.0	0.0
2026-07-09T17:37:25.644	453	943	636	1199	3083	3014	3484	3695	4049	526	28.88	1017.59	42.27	283771	AS7341	flash	5	100	999	10	100.0	0.0
2026-07-09T17:37:27.555	453	942	637	1199	3082	3012	3483	3694	4048	525	28.88	1017.61	42.27	285492	AS7341	flash	5	100	999	10	100.0	0.0
2026-07-09T17:37:29.580	453	942	636	1199	3083	3013	3484	3695	4049	526	28.86	1017.63	42.28	284015	AS7341	flash	5	100	999	10	100.0	0.0
2026-07-09T17:37:31.603	453	942	636	1199	3083	3013	3484	3695	4049	526	28.86	1017.6	42.29	284260	AS7341	flash	5	100	999	10	100.0	0.0
2026-07-09T17:37:33.624	453	942	636	1199	3082	3012	3483	3694	4048	526	28.85	1017.57	42.31	282796	AS7341	flash	5	100	999	10	100.0	0.0
2026-07-09T17:37:35.637	453	942	636	1199	3083	3012	3484	3695	4049	526	28.84	1017.6	42.34	282796	AS7341	flash	5	100	999	10	100.0	0.0
2026-07-09T17:37:37.646	453	942	636	1199	3083	3013	3485	3696	4050	526	28.84	1017.61	42.34	282796	AS7341	flash	5	100	999	10	100.0	0.0
2026-07-09T17:37:39.661	453	942	636	1199	3082	3013	3485	3696	4050	526	28.83	1017.59	42.36	281587	AS7341	flash	5	100	999	10	100.0	0.0
2026-07-09T17:37:41.564	453	942	636	1199	3082	3013	3484	3696	4048	526	28.84	1017.63	42.37	282796	AS7341	flash	5	100	999	10	100.0	0.0
2026-07-09T17:37:43.586	453	942	636	1199	3083	3013	3485	3697	4050	526	28.82	1017.62	42.36	284752	AS7341	flash	5	100	999	10	100.0	0.0
2026-07-09T17:37:45.603	453	942	636	1199	3083	3013	3485	3697	4050	526	28.82	1017.65	42.39	284015	AS7341	flash	5	100	999	10	100.0	0.0
2026-07-09T17:37:47.614	453	942	636	1199	3084	3014	3486	3698	4051	526	28.81	1017.64	42.4	281587	AS7341	flash	5	100	999	10	100.0	0.0
2026-07-09T17:37:49.634	453	942	636	1199	3084	3014	3486	3698	4051	526	28.8	1017.58	42.4	283771	AS7341	flash	5	100	999	10	100.0	0.0
2026-07-09T17:37:51.649	453	942	636	1199	3084	3014	3486	3699	4051	526	28.8	1017.61	42.42	282311	AS7341	flash	5	100	999	10	100.0	0.0
2026-07-09T17:37:53.554	453	942	636	1199	3083	3015	3486	3698	4050	526	28.8	1017.59	42.42	285245	AS7341	flash	5	100	999	10	100.0	0.0
2026-07-09T17:37:55.574	453	942	636	1199	3084	3015	3487	3699	4052	526	28.8	1017.62	42.43	284260	AS7341	flash	5	100	999	10	100.0	0.0
2026-07-09T17:37:57.587	453	942	636	1199	3083	3014	3486	3698	4051	526	28.79	1017.62	42.44	284015	AS7341	flash	5	100	999	10	100.0	0.0
2026-07-09T17:37:59.603	453	942	636	1199	3085	3015	3488	3700	4052	526	28.78	1017.61	42.46	286237	AS7341	flash	5	100	999	10	100.0	0.0
2026-07-09T17:38:01.623	453	942	636	1199	3084	3015	3487	3700	4052	526	28.77	1017.64	42.45	284260	AS7341	flash	5	100	999	10	100.0	0.0
2026-07-09T17:38:03.642	453	942	636	1199	3086	3017	3489	3701	4054	526	28.77	1017.57	42.46	284015	AS7341	flash	5	100	999	10	100.0	0.0
2026-07-09T17:38:05.555	453	941	636	1199	3084	3016	3487	3699	4052	526	28.77	1017.58	42.49	284015	AS7341	flash	5	100	999	10	100.0	0.0
2026-07-09T17:38:07.576	453	942	636	1199	3084	3016	3488	3701	4053	526	28.76	1017.61	42.49	284506	AS7341	flash	5	100	999	10	100.0	0.0
2026-07-09T17:38:09.596	453	942	636	1199	3085	3015	3488	3700	4052	526	28.75	1017.61	42.49	283282	AS7341	flash	5	100	999	10	100.0	0.0
2026-07-09T17:38:11.621	453	941	636	1199	3084	3015	3487	3700	4051	526	28.75	1017.61	42.51	284260	AS7341	flash	5	100	999	10	100.0	0.0
2026-07-09T17:38:13.630	453	941	636	1199	3085	3016	3489	3702	4053	526	28.74	1017.59	42.53	285245	AS7341	flash	5	100	999	10	100.0	0.0
2026-07-09T17:38:15.644	453	941	636	1199	3084	3016	3488	3701	4053	526	28.74	1017.6	42.54	283771	AS7341	flash	5	100	999	10	100.0	0.0
2026-07-09T17:38:17.553	453	941	636	1199	3084	3016	3488	3700	4052	526	28.73	1017.57	42.54	283282	AS7341	flash	5	100	999	10	100.0	0.0
2026-07-09T17:38:19.568	453	942	636	1199	3085	3016	3488	3701	4053	526	28.71	1017.6	42.55	284260	AS7341	flash	5	100	999	10	100.0	0.0
2026-07-09T17:38:21.587	453	941	636	1199	3085	3016	3489	3701	4053	526	28.71	1017.62	42.56	286735	AS7341	flash	5	100	999	10	100.0	0.0
2026-07-09T17:38:23.597	454	942	636	1199	3086	3017	3491	3704	4055	526	28.7	1017.6	42.59	284015	AS7341	flash	5	100	999	10	100.0	0.0
2026-07-09T17:38:25.614	453	941	636	1199	3084	3016	3489	3701	4052	526	28.7	1017.6	42.6	283039	AS7341	flash	5	100	999	10	100.0	0.0
2026-07-09T17:38:27.630	453	941	636	1199	3086	3017	3490	3704	4054	526	28.69	1017.6	42.62	285988	AS7341	flash	5	100	999	10	100.0	0.0
2026-07-09T17:38:29.647	453	941	636	1199	3084	3016	3489	3702	4053	526	28.68	1017.62	42.64	284998	AS7341	flash	5	100	999	10	100.0	0.0
2026-07-09T17:38:31.664	453	941	636	1199	3085	3017	3490	3703	4054	526	28.69	1017.6	42.63	282069	AS7341	flash	5	100	999	10	100.0	0.0
2026-07-09T17:38:33.570	453	941	636	1199	3085	3016	3490	3703	4054	526	28.69	1017.62	42.65	284752	AS7341	flash	5	100	999	10	100.0	0.0
2026-07-09T17:38:35.588	453	941	636	1199	3085	3017	3490	3703	4054	526	28.67	1017.61	42.66	284260	AS7341	flash	5	100	999	10	100.0	0.0
2026-07-09T17:38:37.597	453	941	636	1199	3085	3016	3490	3704	4054	526	28.67	1017.62	42.67	284506	AS7341	flash	5	100	999	10	100.0	0.0
2026-07-09T17:38:39.612	453	941	636	1199	3086	3018	3491	3705	4055	526	28.66	1017.59	42.68	283282	AS7341	flash	5	100	999	10	100.0	0.0
2026-07-09T17:38:41.621	453	941	636	1199	3086	3017	3491	3705	4055	526	28.66	1017.65	42.68	284752	AS7341	flash	5	100	999	10	100.0	0.0
2026-07-09T17:38:43.639	453	941	636	1199	3086	3018	3491	3706	4056	527	28.65	1017.6	42.71	283282	AS7341	flash	5	100	999	10	100.0	0.0
2026-07-09T17:38:45.654	453	941	636	1199	3086	3018	3491	3705	4055	526	28.65	1017.62	42.71	283771	AS7341	flash	5	100	999	10	100.0	0.0
2026-07-09T17:38:47.668	453	941	636	1199	3085	3018	3492	3706	4056	526	28.64	1017.59	42.74	286237	AS7341	flash	5	100	999	10	100.0	0.0
2026-07-09T17:38:49.581	453	941	636	1199	3084	3017	3491	3704	4054	526	28.64	1017.61	42.73	283282	AS7341	flash	5	100	999	10	100.0	0.0
2026-07-09T17:38:51.599	453	941	636	1199	3085	3018	3491	3705	4055	526	28.63	1017.65	42.74	284260	AS7341	flash	5	100	999	10	100.0	0.0
2026-07-09T17:38:53.617	453	941	635	1199	3085	3018	3491	3706	4055	526	28.62	1017.62	42.75	285245	AS7341	flash	5	100	999	10	100.0	0.0
2026-07-09T17:38:55.627	453	941	635	1199	3085	3018	3492	3705	4055	526	28.61	1017.63	42.75	284015	AS7341	flash	5	100	999	10	100.0	0.0
2026-07-09T17:38:57.639	453	941	636	1199	3087	3019	3493	3707	4057	527	28.61	1017.61	42.78	282796	AS7341	flash	5	100	999	10	100.0	0.0
2026-07-09T17:38:59.655	453	941	636	1199	3087	3019	3493	3708	4057	527	28.61	1017.6	42.77	282796	AS7341	flash	5	100	999	10	100.0	0.0
2026-07-09T17:39:01.676	453	941	636	1199	3087	3020	3493	3708	4057	527	28.6	1017.61	42.78	284752	AS7341	flash	5	100	999	10	100.0	0.0
2026-07-09T17:39:03.583	453	941	636	1199	3086	3018	3492	3706	4056	526	28.6	1017.6	42.8	285245	AS7341	flash	5	100	999	10	100.0	0.0
2026-07-09T17:39:05.599	453	941	635	1199	3086	3018	3492	3707	4056	526	28.59	1017.59	42.8	286486	AS7341	flash	5	100	999	10	100.0	0.0
2026-07-09T17:39:07.618	453	941	635	1199	3086	3019	3493	3707	4057	526	28.58	1017.57	42.82	285492	AS7341	flash	5	100	999	10	100.0	0.0
2026-07-09T17:39:09.635	453	941	636	1199	3086	3019	3494	3708	4057	527	28.58	1017.61	42.83	285245	AS7341	flash	5	100	999	10	100.0	0.0
2026-07-09T17:39:11.652	453	941	635	1199	3087	3019	3494	3708	4057	526	28.57	1017.59	42.83	285245	AS7341	flash	5	100	999	10	100.0	0.0
2026-07-09T17:39:13.569	453	940	636	1199	3086	3019	3493	3707	4057	526	28.58	1017.64	42.83	284752	AS7341	flash	5	100	999	10	100.0	0.0
2026-07-09T17:39:15.591	453	940	636	1199	3087	3019	3494	3708	4057	527	28.57	1017.6	42.85	284506	AS7341	flash	5	100	999	10	100.0	0.0
2026-07-09T17:39:17.603	453	940	635	1199	3085	3019	3494	3708	4057	527	28.56	1017.62	42.86	286985	AS7341	flash	5	100	999	10	100.0	0.0
2026-07-09T17:39:19.626	453	940	635	1199	3086	3020	3494	3709	4057	527	28.55	1017.59	42.87	283282	AS7341	flash	5	100	999	10	100.0	0.0
2026-07-09T17:39:21.638	453	941	636	1199	3087	3021	3495	3709	4058	527	28.55	1017.6	42.87	284506	AS7341	flash	5	100	999	10	100.0	0.0
2026-07-09T17:39:23.652	453	940	635	1199	3088	3020	3496	3711	4059	527	28.54	1017.6	42.9	284506	AS7341	flash	5	100	999	10	100.0	0.0
2026-07-09T17:39:25.668	453	940	635	1199	3086	3019	3494	3708	4057	526	28.54	1017.58	42.9	284506	AS7341	flash	5	100	999	10	100.0	0.0
2026-07-09T17:39:27.570	453	940	635	1199	3086	3019	3494	3709	4058	527	28.55	1017.66	42.91	284998	AS7341	flash	5	100	999	10	100.0	0.0
2026-07-09T17:39:29.595	453	940	635	1199	3086	3019	3494	3709	4057	527	28.53	1017.63	42.92	288241	AS7341	flash	5	100	999	10	100.0	0.0
2026-07-09T17:39:31.613	453	940	635	1199	3087	3020	3494	3710	4058	527	28.52	1017.61	42.93	283526	AS7341	flash	5	100	999	10	100.0	0.0
2026-07-09T17:39:33.627	453	940	635	1199	3087	3020	3496	3711	4059	527	28.52	1017.62	42.96	285245	AS7341	flash	5	100	999	10	100.0	0.0
2026-07-09T17:39:35.641	454	941	636	1199	3087	3021	3496	3711	4059	527	28.51	1017.6	42.95	284752	AS7341	flash	5	100	999	10	100.0	0.0
2026-07-09T17:39:37.659	453	940	635	1199	3087	3022	3496	3711	4059	527	28.5	1017.56	42.98	285988	AS7341	flash	5	100	999	10	100.0	0.0
2026-07-09T17:39:39.571	453	940	635	1199	3086	3020	3495	3710	4057	527	28.51	1017.6	42.98	286237	AS7341	flash	5	100	999	10	100.0	0.0
2026-07-09T17:39:41.597	453	940	635	1199	3087	3021	3496	3711	4059	527	28.49	1017.58	42.99	285492	AS7341	flash	5	100	999	10	100.0	0.0
2026-07-09T17:39:43.621	453	940	635	1199	3087	3021	3496	3712	4059	527	28.49	1017.59	42.99	285492	AS7341	flash	5	100	999	10	100.0	0.0
2026-07-09T17:39:45.636	454	940	635	1199	3088	3022	3497	3713	4060	527	28.48	1017.58	43.02	287235	AS7341	flash	5	100	999	10	100.0	0.0
2026-07-09T17:39:47.647	453	940	635	1199	3088	3021	3497	3712	4060	527	28.47	1017.6	43.03	285245	AS7341	flash	5	100	999	10	100.0	0.0
2026-07-09T17:39:49.665	453	940	635	1199	3087	3021	3496	3712	4059	527	28.47	1017.6	43.04	285245	AS7341	flash	5	100	999	10	100.0	0.0
2026-07-09T17:39:51.570	453	940	635	1199	3087	3020	3496	3711	4059	527	28.48	1017.61	43.04	285740	AS7341	flash	5	100	999	10	100.0	0.0
2026-07-09T17:39:53.585	453	940	635	1199	3087	3021	3497	3712	4059	527	28.46	1017.59	43.05	286735	AS7341	flash	5	100	999	10	100.0	0.0
2026-07-09T17:39:55.603	453	940	635	1199	3088	3022	3498	3714	4061	527	28.46	1017.58	43.07	285988	AS7341	flash	5	100	999	10	100.0	0.0
2026-07-09T17:39:57.613	453	940	635	1199	3089	3022	3498	3714	4061	527	28.44	1017.59	43.09	285492	AS7341	flash	5	100	999	10	100.0	0.0
2026-07-09T17:39:59.633	454	940	635	1199	3087	3021	3497	3713	4060	527	28.45	1017.62	43.09	285740	AS7341	flash	5	100	999	10	100.0	0.0
2026-07-09T17:40:01.658	454	940	635	1199	3088	3022	3498	3714	4061	527	28.45	1017.56	43.11	285988	AS7341	flash	5	100	999	10	100.0	0.0
2026-07-09T17:40:03.671	453	940	635	1199	3088	3022	3497	3713	4060	527	28.43	1017.56	43.11	285740	AS7341	flash	5	100	999	10	100.0	0.0
2026-07-09T17:40:05.579	453	940	635	1199	3086	3020	3496	3712	4059	527	28.45	1017.57	43.12	285740	AS7341	flash	5	100	999	10	100.0	0.0
2026-07-09T17:40:07.607	453	940	635	1198	3087	3021	3498	3714	4060	527	28.44	1017.6	43.13	286735	AS7341	flash	5	100	999	10	100.0	0.0
2026-07-09T17:40:09.633	453	940	635	1199	3087	3022	3498	3714	4060	527	28.43	1017.64	43.14	286237	AS7341	flash	5	100	999	10	100.0	0.0
2026-07-09T17:40:11.652	453	940	635	1199	3087	3021	3498	3714	4060	527	28.42	1017.6	43.15	285492	AS7341	flash	5	100	999	10	100.0	0.0
2026-07-09T17:40:13.671	453	940	635	1199	3088	3022	3498	3715	4061	527	28.41	1017.61	43.16	285740	AS7341	flash	5	100	999	10	100.0	0.0
2026-07-09T17:40:15.583	453	939	635	1199	3087	3022	3498	3715	4061	527	28.43	1017.63	43.16	285492	AS7341	flash	5	100	999	10	100.0	0.0
2026-07-09T17:40:17.602	453	940	635	1199	3088	3022	3498	3715	4061	527	28.41	1017.64	43.17	284998	AS7341	flash	5	100	999	10	100.0	0.0
2026-07-09T17:40:19.616	453	940	635	1199	3088	3022	3499	3716	4062	527	28.4	1017.59	43.19	284752	AS7341	flash	5	100	999	10	100.0	0.0
2026-07-09T17:40:21.627	453	940	635	1199	3088	3023	3499	3716	4062	527	28.4	1017.62	43.19	286735	AS7341	flash	5	100	999	10	100.0	0.0
2026-07-09T17:40:23.646	454	939	635	1199	3088	3022	3499	3715	4061	527	28.39	1017.6	43.19	285740	AS7341	flash	5	100	999	10	100.0	0.0
2026-07-09T17:40:25.670	453	939	635	1198	3088	3022	3499	3716	4061	527	28.38	1017.6	43.23	286735	AS7341	flash	5	100	999	10	100.0	0.0
2026-07-09T17:40:27.581	453	939	635	1198	3088	3022	3499	3715	4061	527	28.4	1017.62	43.22	286735	AS7341	flash	5	100	999	10	100.0	0.0
2026-07-09T17:40:29.603	454	940	635	1199	3088	3023	3499	3716	4062	527	28.37	1017.59	43.21	285740	AS7341	flash	5	100	999	10	100.0	0.0
2026-07-09T17:40:31.629	453	939	635	1199	3088	3023	3500	3717	4063	527	28.37	1017.61	43.24	285740	AS7341	flash	5	100	999	10	100.0	0.0
2026-07-09T17:40:33.642	454	939	635	1199	3089	3023	3500	3717	4063	527	28.36	1017.59	43.25	284998	AS7341	flash	5	100	999	10	100.0	0.0
2026-07-09T17:40:35.660	454	939	635	1199	3088	3022	3499	3716	4061	527	28.36	1017.64	43.25	284752	AS7341	flash	5	100	999	10	100.0	0.0
2026-07-09T17:40:37.576	453	939	635	1198	3088	3023	3499	3716	4062	527	28.36	1017.61	43.27	286735	AS7341	flash	5	100	999	10	100.0	0.0
2026-07-09T17:40:39.588	453	939	635	1199	3088	3023	3500	3717	4063	527	28.36	1017.62	43.28	285245	AS7341	flash	5	100	999	10	100.0	0.0
2026-07-09T17:40:41.600	453	939	635	1199	3088	3023	3500	3717	4062	527	28.36	1017.61	43.28	285740	AS7341	flash	5	100	999	10	100.0	0.0
2026-07-09T17:40:43.618	454	940	635	1199	3089	3024	3502	3719	4064	527	28.35	1017.63	43.28	285740	AS7341	flash	5	100	999	10	100.0	0.0
2026-07-09T17:40:45.628	453	939	635	1199	3089	3024	3501	3719	4063	527	28.35	1017.64	43.3	285988	AS7341	flash	5	100	999	10	100.0	0.0
2026-07-09T17:40:47.643	454	939	635	1199	3089	3023	3501	3717	4063	527	28.34	1017.65	43.3	286735	AS7341	flash	5	100	999	10	100.0	0.0
2026-07-09T17:40:49.667	454	939	635	1199	3089	3024	3501	3719	4064	527	28.33	1017.59	43.31	286486	AS7341	flash	5	100	999	10	100.0	0.0
