timestamp	f1_415	f2_445	f3_480	f4_515	f5_555	f6_590	f7_630	f8_680	clear	nir	T	P	RH	Gas	model	mode	gain	atime	astep	led	pwm	led_V
2026-07-09T12:48:04.400	417	929	597	1072	2683	2594	3044	3452	3680	484	27.38	1018.97	54.83	200258	AS7341	flash	5	100	999	10	100.0	0.15
2026-07-09T12:48:06.384	417	929	597	1073	2684	2596	3046	3452	3681	484	27.38	1018.94	54.78	199772	AS7341	flash	5	100	999	10	100.0	0.15
2026-07-09T12:48:08.373	417	928	597	1073	2686	2598	3047	3453	3682	484	27.38	1018.96	54.69	201606	AS7341	flash	5	100	999	10	100.0	0.15
2026-07-09T12:48:10.356	417	928	597	1074	2688	2600	3049	3454	3684	484	27.38	1018.96	54.63	201360	AS7341	flash	5	100	999	10	100.0	0.15
2026-07-09T12:48:12.439	417	927	597	1075	2690	2603	3052	3455	3687	485	27.38	1019.0	54.57	200746	AS7341	flash	5	100	999	10	100.0	0.15
2026-07-09T12:48:14.425	418	927	597	1075	2692	2604	3055	3457	3689	485	27.39	1018.95	54.52	201853	AS7341	flash	5	100	999	10	100.0	0.15
2026-07-09T12:48:16.418	418	926	597	1077	2696	2609	3060	3460	3693	485	27.38	1018.95	54.48	201977	AS7341	flash	5	100	999	10	100.0	0.15
2026-07-09T12:48:18.413	418	925	597	1077	2699	2612	3063	3462	3695	485	27.38	1018.91	54.44	201237	AS7341	flash	5	100	999	10	100.0	0.15
2026-07-09T12:48:20.403	418	924	597	1078	2703	2617	3068	3464	3699	486	27.38	1018.94	54.39	200502	AS7341	flash	5	100	999	10	100.0	0.15
2026-07-09T12:48:22.400	418	923	597	1079	2707	2620	3072	3466	3701	486	27.38	1018.97	54.37	201977	AS7341	flash	5	100	999	10	100.0	0.15
2026-07-09T12:48:24.396	419	923	597	1080	2711	2625	3076	3471	3706	487	27.37	1018.97	54.33	201483	AS7341	flash	5	100	999	10	100.0	0.15
2026-07-09T12:48:26.378	419	922	597	1081	2711	2626	3078	3471	3707	487	27.38	1018.93	54.3	202973	AS7341	flash	5	100	999	10	100.0	0.15
2026-07-09T12:48:28.366	419	922	597	1081	2713	2628	3080	3472	3709	487	27.38	1018.95	54.26	202101	AS7341	flash	5	100	999	10	100.0	0.15
2026-07-09T12:48:30.357	419	921	597	1082	2716	2632	3083	3475	3712	487	27.38	1018.93	54.23	204358	AS7341	flash	5	100	999	10	100.0	0.15
2026-07-09T12:48:32.447	419	921	597	1083	2719	2634	3087	3478	3714	488	27.38	1018.94	54.2	203474	AS7341	flash	5	100	999	10	100.0	0.15
2026-07-09T12:48:34.443	419	920	597	1083	2721	2637	3089	3479	3716	488	27.38	1018.93	54.17	203098	AS7341	flash	5	100	999	10	100.0	0.15
2026-07-09T12:48:36.438	419	920	597	1084	2722	2639	3091	3480	3718	488	27.39	1018.97	54.15	204612	AS7341	flash	5	100	999	10	100.0	0.15
2026-07-09T12:48:38.428	419	919	597	1085	2724	2640	3092	3482	3718	488	27.38	1018.97	54.13	205506	AS7341	flash	5	100	999	10	100.0	0.15
2026-07-09T12:48:40.420	419	919	597	1085	2727	2643	3095	3484	3722	488	27.38	1018.97	54.1	204994	AS7341	flash	5	100	999	10	100.0	0.15
2026-07-09T12:48:42.406	419	919	597	1086	2728	2644	3096	3484	3722	488	27.38	1018.93	54.07	205763	AS7341	flash	5	100	999	10	100.0	0.15
2026-07-09T12:48:44.397	420	919	597	1086	2730	2646	3097	3486	3725	489	27.38	1018.93	54.06	206407	AS7341	flash	5	100	999	10	100.0	0.15
2026-07-09T12:48:46.388	419	918	597	1086	2730	2646	3097	3485	3724	489	27.38	1018.92	54.02	206796	AS7341	flash	5	100	999	10	100.0	0.15
2026-07-09T12:48:48.371	420	918	597	1087	2731	2646	3097	3486	3725	489	27.39	1018.95	54.02	206020	AS7341	flash	5	100	999	10	100.0	0.15
2026-07-09T12:48:50.369	419	918	597	1087	2730	2647	3097	3485	3725	489	27.38	1018.96	53.99	205122	AS7341	flash	5	100	999	10	100.0	0.15
2026-07-09T12:48:52.358	420	918	597	1086	2731	2648	3098	3486	3726	489	27.38	1018.91	53.97	206278	AS7341	flash	5	100	999	10	100.0	0.15
2026-07-09T12:48:54.348	420	918	597	1086	2733	2650	3100	3488	3727	489	27.38	1018.94	53.95	206407	AS7341	flash	5	100	999	10	100.0	0.15
2026-07-09T12:48:56.433	420	918	597	1087	2734	2651	3101	3489	3728	489	27.38	1018.91	53.95	205250	AS7341	flash	5	100	999	10	100.0	0.15
2026-07-09T12:48:58.420	420	917	597	1087	2734	2651	3101	3487	3728	489	27.39	1018.94	53.91	206407	AS7341	flash	5	100	999	10	100.0	0.15
2026-07-09T12:49:00.407	420	917	597	1087	2734	2651	3101	3488	3728	489	27.39	1018.94	53.91	206667	AS7341	flash	5	100	999	10	100.0	0.15
2026-07-09T12:49:02.400	420	917	597	1087	2735	2652	3101	3488	3729	489	27.39	1018.93	53.87	206020	AS7341	flash	5	100	999	10	100.0	0.15
2026-07-09T12:49:04.397	420	917	597	1088	2736	2652	3102	3489	3730	489	27.39	1018.94	53.86	207578	AS7341	flash	5	100	999	10	100.0	0.15
2026-07-09T12:49:06.395	420	917	597	1088	2736	2652	3101	3488	3729	489	27.39	1018.94	53.83	207840	AS7341	flash	5	100	999	10	100.0	0.15
2026-07-09T12:49:08.390	420	917	597	1088	2736	2652	3103	3489	3730	489	27.39	1018.93	53.81	207578	AS7341	flash	5	100	999	10	100.0	0.15
2026-07-09T12:49:10.379	420	917	597	1088	2737	2652	3103	3488	3730	489	27.39	1018.94	53.79	207840	AS7341	flash	5	100	999	10	100.0	0.15
2026-07-09T12:49:12.360	420	917	597	1088	2738	2654	3102	3489	3731	489	27.39	1018.92	53.76	209293	AS7341	flash	5	100	999	10	100.0	0.15
2026-07-09T12:49:14.352	420	916	597	1088	2738	2654	3103	3489	3731	489	27.4	1018.96	53.74	208895	AS7341	flash	5	100	999	10	100.0	0.15
2026-07-09T12:49:16.449	420	917	597	1089	2739	2654	3105	3491	3733	489	27.39	1018.94	53.73	209426	AS7341	flash	5	100	999	10	100.0	0.15
2026-07-09T12:49:18.436	420	916	597	1089	2740	2655	3106	3491	3733	489	27.39	1018.92	53.72	208895	AS7341	flash	5	100	999	10	100.0	0.15
2026-07-09T12:49:20.423	420	916	597	1089	2740	2656	3106	3491	3734	490	27.4	1018.92	53.69	208895	AS7341	flash	5	100	999	10	100.0	0.15
2026-07-09T12:49:22.411	420	916	597	1089	2740	2655	3105	3491	3733	489	27.4	1018.98	53.67	208763	AS7341	flash	5	100	999	10	100.0	0.15
2026-07-09T12:49:24.403	420	916	597	1090	2741	2656	3105	3491	3734	489	27.4	1018.95	53.65	208366	AS7341	flash	5	100	999	10	100.0	0.15
2026-07-09T12:49:26.389	420	916	597	1090	2742	2657	3108	3492	3736	490	27.4	1018.92	53.63	208895	AS7341	flash	5	100	999	10	100.0	0.15
2026-07-09T12:49:28.375	420	916	597	1090	2743	2657	3108	3492	3735	490	27.4	1018.95	53.6	210228	AS7341	flash	5	100	999	10	100.0	0.15
2026-07-09T12:49:30.357	420	916	597	1090	2743	2658	3107	3492	3736	490	27.4	1018.96	53.58	210228	AS7341	flash	5	100	999	10	100.0	0.15
2026-07-09T12:49:32.445	420	916	597	1091	2744	2659	3109	3494	3737	490	27.39	1018.96	53.59	210363	AS7341	flash	5	100	999	10	100.0	0.15
2026-07-09T12:49:34.442	420	916	597	1091	2744	2659	3109	3494	3738	490	27.39	1018.94	53.58	210094	AS7341	flash	5	100	999	10	100.0	0.15
2026-07-09T12:49:36.438	420	916	597	1091	2745	2660	3110	3494	3737	490	27.39	1018.93	53.56	210632	AS7341	flash	5	100	999	10	100.0	0.15
2026-07-09T12:49:38.425	420	916	597	1091	2744	2659	3109	3493	3735	490	27.39	1018.96	53.55	209827	AS7341	flash	5	100	999	10	100.0	0.15
2026-07-09T12:49:40.420	420	916	597	1091	2745	2659	3109	3493	3737	490	27.39	1018.97	53.51	210228	AS7341	flash	5	100	999	10	100.0	0.15
2026-07-09T12:49:42.416	420	916	597	1091	2745	2659	3109	3493	3737	489	27.38	1018.94	53.52	210767	AS7341	flash	5	100	999	10	100.0	0.15
2026-07-09T12:49:44.403	420	916	597	1091	2746	2660	3109	3494	3738	490	27.39	1018.96	53.49	211851	AS7341	flash	5	100	999	10	100.0	0.15
2026-07-09T12:49:46.401	420	916	597	1091	2745	2659	3108	3493	3736	490	27.38	1018.88	53.47	210767	AS7341	flash	5	100	999	10	100.0	0.15
2026-07-09T12:49:48.394	420	916	597	1091	2746	2661	3111	3494	3738	490	27.38	1018.95	53.49	211579	AS7341	flash	5	100	999	10	100.0	0.15
2026-07-09T12:49:50.376	420	915	597	1091	2747	2660	3110	3494	3738	490	27.38	1018.93	53.47	213085	AS7341	flash	5	100	999	10	100.0	0.15
2026-07-09T12:49:52.364	420	916	597	1092	2747	2661	3111	3495	3739	490	27.39	1018.93	53.44	211037	AS7341	flash	5	100	999	10	100.0	0.15
2026-07-09T12:49:54.356	420	916	597	1092	2747	2661	3111	3494	3738	490	27.39	1018.94	53.44	213499	AS7341	flash	5	100	999	10	100.0	0.15
2026-07-09T12:49:56.446	420	915	597	1092	2747	2661	3111	3495	3739	490	27.38	1018.93	53.44	211579	AS7341	flash	5	100	999	10	100.0	0.15
2026-07-09T12:49:58.436	420	915	597	1092	2747	2661	3111	3494	3738	490	27.39	1018.94	53.43	212398	AS7341	flash	5	100	999	10	100.0	0.15
2026-07-09T12:50:00.430	420	915	597	1092	2747	2662	3112	3495	3740	490	27.4	1018.95	53.43	212672	AS7341	flash	5	100	999	10	100.0	0.15
2026-07-09T12:50:02.418	420	915	597	1092	2749	2663	3113	3496	3740	490	27.39	1018.94	53.41	213638	AS7341	flash	5	100	999	10	100.0	0.15
2026-07-09T12:50:04.408	420	915	597	1092	2749	2663	3112	3496	3741	490	27.4	1018.93	53.39	213915	AS7341	flash	5	100	999	10	100.0	0.15
2026-07-09T12:50:06.399	420	915	597	1093	2749	2663	3112	3495	3740	490	27.39	1018.95	53.35	213915	AS7341	flash	5	100	999	10	100.0	0.15
2026-07-09T12:50:08.385	420	915	597	1093	2748	2663	3111	3495	3740	490	27.4	1018.95	53.35	213361	AS7341	flash	5	100	999	10	100.0	0.15
2026-07-09T12:50:10.375	420	915	597	1092	2748	2663	3111	3494	3740	490	27.39	1018.94	53.35	213638	AS7341	flash	5	100	999	10	100.0	0.15
2026-07-09T12:50:12.368	420	915	597	1092	2748	2663	3112	3495	3740	490	27.4	1018.96	53.33	213776	AS7341	flash	5	100	999	10	100.0	0.15
2026-07-09T12:50:14.360	420	915	597	1093	2749	2663	3113	3496	3741	490	27.4	1018.94	53.31	214054	AS7341	flash	5	100	999	10	100.0	0.15
2026-07-09T12:50:16.357	420	915	597	1093	2748	2663	3112	3495	3740	490	27.4	1018.93	53.3	213638	AS7341	flash	5	100	999	10	100.0	0.15
2026-07-09T12:50:18.448	420	915	597	1093	2750	2665	3113	3497	3742	491	27.4	1018.91	53.3	212124	AS7341	flash	5	100	999	10	100.0	0.15
2026-07-09T12:50:20.430	420	915	597	1093	2749	2663	3113	3495	3741	489	27.41	1018.94	53.3	213915	AS7341	flash	5	100	999	10	100.0	0.15
2026-07-09T12:50:22.419	420	915	597	1093	2749	2663	3113	3495	3740	490	27.4	1018.91	53.28	213915	AS7341	flash	5	100	999	10	100.0	0.15
2026-07-09T12:50:24.408	420	915	597	1093	2749	2664	3112	3495	3741	490	27.41	1018.92	53.24	215033	AS7341	flash	5	100	999	10	100.0	0.15
2026-07-09T12:50:26.388	420	915	597	1093	2750	2665	3113	3496	3742	490	27.42	1018.93	53.23	214892	AS7341	flash	5	100	999	10	100.0	0.15
2026-07-09T12:50:28.377	420	915	597	1093	2750	2664	3112	3495	3741	490	27.42	1018.93	53.21	214892	AS7341	flash	5	100	999	10	100.0	0.15
2026-07-09T12:50:30.364	421	915	597	1093	2750	2665	3114	3496	3742	491	27.42	1018.91	53.19	215033	AS7341	flash	5	100	999	10	100.0	0.15
2026-07-09T12:50:32.450	421	915	597	1094	2751	2665	3115	3496	3742	491	27.41	1018.94	53.18	215455	AS7341	flash	5	100	999	10	100.0	0.15
2026-07-09T12:50:34.440	421	915	597	1094	2751	2666	3115	3496	3743	491	27.42	1018.95	53.17	214892	AS7341	flash	5	100	999	10	100.0	0.15
2026-07-09T12:50:36.432	420	915	597	1093	2751	2665	3113	3496	3742	491	27.43	1018.96	53.15	215033	AS7341	flash	5	100	999	10	100.0	0.15
2026-07-09T12:50:38.418	421	915	597	1094	2751	2665	3113	3495	3742	491	27.42	1018.93	53.14	215737	AS7341	flash	5	100	999	10	100.0	0.15
2026-07-09T12:50:40.404	421	915	598	1094	2752	2666	3115	3496	3743	491	27.42	1018.9	53.12	215314	AS7341	flash	5	100	999	10	100.0	0.15
2026-07-09T12:50:42.390	421	915	597	1094	2751	2666	3113	3496	3742	490	27.43	1018.93	53.09	215314	AS7341	flash	5	100	999	10	100.0	0.15
2026-07-09T12:50:44.373	421	915	598	1094	2752	2665	3114	3495	3743	491	27.43	1018.93	53.07	214193	AS7341	flash	5	100	999	10	100.0	0.15
2026-07-09T12:50:46.361	421	915	598	1094	2752	2666	3115	3496	3743	491	27.43	1018.9	53.06	215596	AS7341	flash	5	100	999	10	100.0	0.15
2026-07-09T12:50:48.359	421	915	597	1094	2752	2666	3115	3496	3743	491	27.43	1018.93	53.04	216873	AS7341	flash	5	100	999	10	100.0	0.15
2026-07-09T12:50:50.352	421	915	598	1094	2752	2666	3115	3496	3743	491	27.43	1018.94	53.03	215737	AS7341	flash	5	100	999	10	100.0	0.15
2026-07-09T12:50:52.440	421	915	598	1095	2753	2667	3115	3497	3744	491	27.43	1018.89	53.02	215455	AS7341	flash	5	100	999	10	100.0	0.15
2026-07-09T12:50:54.432	421	915	597	1094	2753	2666	3114	3496	3743	491	27.44	1018.91	53.02	217016	AS7341	flash	5	100	999	10	100.0	0.15
2026-07-09T12:50:56.417	421	915	598	1094	2753	2667	3115	3496	3744	490	27.44	1018.9	53.0	215737	AS7341	flash	5	100	999	10	100.0	0.15
2026-07-09T12:50:58.413	421	915	598	1094	2753	2667	3115	3496	3744	491	27.43	1018.93	52.97	216446	AS7341	flash	5	100	999	10	100.0	0.15
2026-07-09T12:51:00.406	421	915	598	1094	2754	2668	3116	3497	3745	491	27.44	1018.93	52.97	217159	AS7341	flash	5	100	999	10	100.0	0.15
2026-07-09T12:51:02.388	421	915	598	1095	2753	2667	3115	3496	3744	491	27.43	1018.92	52.95	216020	AS7341	flash	5	100	999	10	100.0	0.15
2026-07-09T12:51:04.377	421	915	598	1094	2753	2667	3116	3496	3744	491	27.45	1018.95	52.94	217734	AS7341	flash	5	100	999	10	100.0	0.15
2026-07-09T12:51:06.370	421	915	598	1095	2754	2667	3114	3496	3744	491	27.44	1018.91	52.93	217446	AS7341	flash	5	100	999	10	100.0	0.15
2026-07-09T12:51:08.361	421	916	598	1096	2755	2669	3117	3498	3746	490	27.43	1018.87	52.91	216873	AS7341	flash	5	100	999	10	100.0	0.15
2026-07-09T12:51:10.355	421	915	598	1095	2754	2668	3115	3496	3744	491	27.44	1018.94	52.91	218022	AS7341	flash	5	100	999	10	100.0	0.15
2026-07-09T12:51:12.350	421	915	598	1095	2754	2668	3115	3496	3744	491	27.44	1018.93	52.88	217734	AS7341	flash	5	100	999	10	100.0	0.15
2026-07-09T12:51:14.448	421	916	598	1094	2755	2668	3116	3497	3745	491	27.43	1018.89	52.88	216731	AS7341	flash	5	100	999	10	100.0	0.15
2026-07-09T12:51:16.433	421	915	598	1094	2754	2668	3115	3496	3745	491	27.43	1018.91	52.88	216304	AS7341	flash	5	100	999	10	100.0	0.15
2026-07-09T12:51:18.418	421	915	598	1094	2755	2668	3115	3497	3745	491	27.43	1018.93	52.87	217878	AS7341	flash	5	100	999	10	100.0	0.15
2026-07-09T12:51:20.411	421	915	598	1094	2755	2668	3115	3496	3745	491	27.43	1018.91	52.86	216446	AS7341	flash	5	100	999	10	100.0	0.15
2026-07-09T12:51:22.402	421	915	598	1094	2755	2668	3116	3497	3745	490	27.42	1018.9	52.86	218456	AS7341	flash	5	100	999	10	100.0	0.15
2026-07-09T12:51:24.385	421	915	598	1094	2754	2667	3115	3496	3744	491	27.44	1018.92	52.86	218311	AS7341	flash	5	100	999	10	100.0	0.15
2026-07-09T12:51:26.380	421	915	598	1094	2754	2667	3114	3495	3744	491	27.44	1018.94	52.84	217878	AS7341	flash	5	100	999	10	100.0	0.15
2026-07-09T12:51:28.372	421	915	598	1094	2754	2667	3115	3495	3744	490	27.43	1018.9	52.84	216731	AS7341	flash	5	100	999	10	100.0	0.15
2026-07-09T12:51:30.362	421	915	598	1094	2754	2668	3115	3496	3744	490	27.45	1018.92	52.85	218022	AS7341	flash	5	100	999	10	100.0	0.15
2026-07-09T12:51:32.353	421	915	598	1094	2754	2667	3114	3496	3744	491	27.44	1018.91	52.85	219037	AS7341	flash	5	100	999	10	100.0	0.15
2026-07-09T12:51:34.441	421	915	598	1094	2754	2668	3114	3495	3744	491	27.43	1018.9	52.85	217016	AS7341	flash	5	100	999	10	100.0	0.15
2026-07-09T12:51:36.437	421	915	598	1094	2755	2668	3115	3496	3745	490	27.44	1018.92	52.86	216731	AS7341	flash	5	100	999	10	100.0	0.15
2026-07-09T12:51:38.427	421	915	598	1094	2754	2667	3114	3495	3744	491	27.43	1018.9	52.85	219768	AS7341	flash	5	100	999	10	100.0	0.15
2026-07-09T12:51:40.415	421	915	598	1094	2754	2667	3115	3495	3743	490	27.43	1018.9	52.83	219183	AS7341	flash	5	100	999	10	100.0	0.15
2026-07-09T12:51:42.402	421	915	598	1094	2755	2668	3116	3496	3744	491	27.44	1018.9	52.83	218891	AS7341	flash	5	100	999	10	100.0	0.15
2026-07-09T12:51:44.386	421	915	598	1094	2755	2668	3115	3495	3744	491	27.44	1018.93	52.83	217734	AS7341	flash	5	100	999	10	100.0	0.15
2026-07-09T12:51:46.374	421	915	598	1094	2754	2667	3115	3495	3743	491	27.45	1018.9	52.83	218022	AS7341	flash	5	100	999	10	100.0	0.15
2026-07-09T12:51:48.361	421	915	598	1094	2755	2667	3115	3494	3743	491	27.44	1018.91	52.82	219183	AS7341	flash	5	100	999	10	100.0	0.15
2026-07-09T12:51:50.352	421	916	598	1094	2756	2669	3115	3496	3745	490	27.45	1018.92	52.82	219329	AS7341	flash	5	100	999	10	100.0	0.15
2026-07-09T12:51:52.442	421	916	598	1095	2756	2669	3117	3496	3745	491	27.44	1018.91	52.82	218891	AS7341	flash	5	100	999	10	100.0	0.15
2026-07-09T12:51:54.424	421	916	598	1095	2755	2668	3116	3495	3743	490	27.44	1018.88	52.81	218022	AS7341	flash	5	100	999	10	100.0	0.15
2026-07-09T12:51:56.418	421	916	598	1095	2755	2668	3115	3495	3744	491	27.45	1018.88	52.81	218746	AS7341	flash	5	100	999	10	100.0	0.15
2026-07-09T12:51:58.409	421	916	598	1095	2755	2668	3115	3496	3744	490	27.45	1018.88	52.81	220209	AS7341	flash	5	100	999	10	100.0	0.15
2026-07-09T12:52:00.404	421	916	598	1095	2756	2668	3115	3495	3744	491	27.46	1018.91	52.81	218891	AS7341	flash	5	100	999	10	100.0	0.15
2026-07-09T12:52:02.386	421	915	598	1095	2755	2668	3115	3494	3743	491	27.47	1018.88	52.77	219914	AS7341	flash	5	100	999	10	100.0	0.15
2026-07-09T12:52:04.371	421	915	598	1095	2756	2668	3116	3495	3744	491	27.47	1018.92	52.76	220061	AS7341	flash	5	100	999	10	100.0	0.15
2026-07-09T12:52:06.360	421	915	598	1095	2756	2669	3115	3495	3745	491	27.47	1018.88	52.75	219914	AS7341	flash	5	100	999	10	100.0	0.15
2026-07-09T12:52:08.449	421	916	598	1095	2757	2669	3117	3496	3745	491	27.46	1018.92	52.76	218601	AS7341	flash	5	100	999	10	100.0	0.15
2026-07-09T12:52:10.442	421	915	598	1095	2756	2668	3115	3496	3745	491	27.47	1018.89	52.75	218891	AS7341	flash	5	100	999	10	100.0	0.15
2026-07-09T12:52:12.432	421	915	598	1095	2756	2669	3116	3495	3745	490	27.48	1018.9	52.73	219037	AS7341	flash	5	100	999	10	100.0	0.15
2026-07-09T12:52:14.413	421	916	598	1095	2756	2669	3115	3495	3745	491	27.48	1018.9	52.73	219475	AS7341	flash	5	100	999	10	100.0	0.15
2026-07-09T12:52:16.404	421	916	598	1095	2756	2668	3115	3494	3744	491	27.48	1018.91	52.71	219768	AS7341	flash	5	100	999	10	100.0	0.15
2026-07-09T12:52:18.390	421	916	598	1095	2756	2668	3115	3494	3744	491	27.48	1018.86	52.71	220356	AS7341	flash	5	100	999	10	100.0	0.15
2026-07-09T12:52:20.383	421	916	598	1095	2756	2669	3116	3495	3744	491	27.49	1018.89	52.7	219914	AS7341	flash	5	100	999	10	100.0	0.15
2026-07-09T12:52:22.382	421	916	598	1095	2756	2669	3115	3494	3744	491	27.48	1018.87	52.7	220356	AS7341	flash	5	100	999	10	100.0	0.15
2026-07-09T12:52:24.369	421	916	598	1095	2757	2670	3117	3496	3746	490	27.49	1018.91	52.66	220356	AS7341	flash	5	100	999	10	100.0	0.15
2026-07-09T12:52:26.371	421	916	598	1095	2756	2668	3115	3494	3744	491	27.49	1018.91	52.66	220061	AS7341	flash	5	100	999	10	100.0	0.15
2026-07-09T12:52:28.361	421	916	598	1095	2756	2669	3117	3495	3745	491	27.49	1018.9	52.66	220651	AS7341	flash	5	100	999	10	100.0	0.15
2026-07-09T12:52:30.355	421	916	598	1096	2757	2669	3116	3495	3746	491	27.49	1018.89	52.66	219768	AS7341	flash	5	100	999	10	100.0	0.15
2026-07-09T12:52:32.445	421	916	598	1095	2757	2669	3117	3495	3745	490	27.48	1018.87	52.66	219768	AS7341	flash	5	100	999	10	100.0	0.15
2026-07-09T12:52:34.428	421	916	598	1095	2756	2669	3116	3494	3744	490	27.49	1018.89	52.65	220061	AS7341	flash	5	100	999	10	100.0	0.15
2026-07-09T12:52:36.422	421	916	598	1095	2757	2669	3116	3495	3745	491	27.49	1018.9	52.64	219768	AS7341	flash	5	100	999	10	100.0	0.15
2026-07-09T12:52:38.413	421	916	598	1095	2756	2668	3116	3494	3745	491	27.49	1018.87	52.65	220799	AS7341	flash	5	100	999	10	100.0	0.15
2026-07-09T12:52:40.401	421	916	598	1095	2757	2669	3115	3494	3745	491	27.49	1018.89	52.66	220503	AS7341	flash	5	100	999	10	100.0	0.15
2026-07-09T12:52:42.392	421	916	598	1095	2757	2669	3116	3494	3746	491	27.49	1018.89	52.65	220799	AS7341	flash	5	100	999	10	100.0	0.15
2026-07-09T12:52:44.381	421	916	598	1095	2757	2669	3115	3494	3745	491	27.49	1018.89	52.63	220799	AS7341	flash	5	100	999	10	100.0	0.15
2026-07-09T12:52:46.374	421	916	598	1095	2757	2669	3116	3494	3745	491	27.5	1018.88	52.63	220947	AS7341	flash	5	100	999	10	100.0	0.15
2026-07-09T12:52:48.371	421	916	598	1095	2756	2668	3115	3493	3744	491	27.49	1018.84	52.63	220651	AS7341	flash	5	100	999	10	100.0	0.15
2026-07-09T12:52:50.357	421	916	598	1095	2756	2669	3116	3494	3745	491	27.5	1018.9	52.63	220947	AS7341	flash	5	100	999	10	100.0	0.15
2026-07-09T12:52:52.346	421	916	599	1096	2757	2669	3117	3495	3745	491	27.51	1018.89	52.63	220651	AS7341	flash	5	100	999	10	100.0	0.15
2026-07-09T12:52:54.438	421	916	598	1096	2757	2670	3116	3495	3746	490	27.49	1018.91	52.62	219914	AS7341	flash	5	100	999	10	100.0	0.15
2026-07-09T12:52:56.420	421	916	598	1095	2757	2669	3115	3494	3745	491	27.5	1018.86	52.63	220947	AS7341	flash	5	100	999	10	100.0	0.15
2026-07-09T12:52:58.403	421	916	598	1095	2756	2668	3115	3493	3744	490	27.5	1018.88	52.62	220651	AS7341	flash	5	100	999	10	100.0	0.15
2026-07-09T12:53:00.391	421	916	598	1095	2757	2668	3116	3494	3745	490	27.51	1018.88	52.61	220061	AS7341	flash	5	100	999	10	100.0	0.15
2026-07-09T12:53:02.379	421	916	598	1095	2757	2669	3117	3494	3745	491	27.51	1018.88	52.6	220356	AS7341	flash	5	100	999	10	100.0	0.15
2026-07-09T12:53:04.375	421	916	598	1095	2757	2669	3115	3494	3745	491	27.51	1018.88	52.6	220651	AS7341	flash	5	100	999	10	100.0	0.15
2026-07-09T12:53:06.367	421	916	599	1096	2757	2669	3116	3494	3745	490	27.5	1018.86	52.6	220503	AS7341	flash	5	100	999	10	100.0	0.15
2026-07-09T12:53:08.352	421	916	599	1095	2757	2669	3116	3494	3745	490	27.51	1018.88	52.6	221244	AS7341	flash	5	100	999	10	100.0	0.15
2026-07-09T12:53:10.449	421	916	598	1095	2757	2668	3115	3494	3745	491	27.5	1018.9	52.62	220061	AS7341	flash	5	100	999	10	100.0	0.15
2026-07-09T12:53:12.441	421	916	598	1096	2757	2669	3115	3494	3745	491	27.51	1018.89	52.6	220651	AS7341	flash	5	100	999	10	100.0	0.15
2026-07-09T12:53:14.428	421	916	598	1095	2756	2668	3115	3493	3744	491	27.51	1018.87	52.59	220799	AS7341	flash	5	100	999	10	100.0	0.15
2026-07-09T12:53:16.416	421	916	598	1095	2757	2669	3116	3494	3745	490	27.51	1018.88	52.58	220651	AS7341	flash	5	100	999	10	100.0	0.15
2026-07-09T12:53:18.405	421	916	598	1095	2756	2668	3114	3493	3744	490	27.5	1018.86	52.58	220947	AS7341	flash	5	100	999	10	100.0	0.15
2026-07-09T12:53:20.397	421	916	598	1095	2756	2668	3114	3493	3744	491	27.5	1018.91	52.6	220209	AS7341	flash	5	100	999	10	100.0	0.15
2026-07-09T12:53:22.380	421	916	599	1096	2757	2669	3116	3494	3745	490	27.5	1018.89	52.59	221840	AS7341	flash	5	100	999	10	100.0	0.15
2026-07-09T12:53:24.366	421	916	598	1095	2756	2668	3115	3493	3745	490	27.5	1018.87	52.59	221691	AS7341	flash	5	100	999	10	100.0	0.15
2026-07-09T12:53:26.348	421	916	599	1095	2757	2669	3115	3494	3745	490	27.5	1018.86	52.6	221691	AS7341	flash	5	100	999	10	100.0	0.15
2026-07-09T12:53:28.450	421	916	598	1096	2757	2669	3115	3494	3745	491	27.49	1018.88	52.59	219475	AS7341	flash	5	100	999	10	100.0	0.15
2026-07-09T12:53:30.446	421	916	599	1096	2757	2669	3115	3494	3745	491	27.51	1018.88	52.59	221542	AS7341	flash	5	100	999	10	100.0	0.15
2026-07-09T12:53:32.429	421	917	599	1096	2757	2669	3115	3494	3745	491	27.5	1018.87	52.61	221691	AS7341	flash	5	100	999	10	100.0	0.15
2026-07-09T12:53:34.425	421	916	599	1095	2757	2669	3115	3494	3745	491	27.51	1018.9	52.61	220651	AS7341	flash	5	100	999	10	100.0	0.15
2026-07-09T12:53:36.414	421	917	599	1096	2757	2669	3115	3494	3745	490	27.51	1018.88	52.6	222139	AS7341	flash	5	100	999	10	100.0	0.15
2026-07-09T12:53:38.410	421	917	599	1096	2756	2668	3114	3493	3745	490	27.52	1018.89	52.6	222139	AS7341	flash	5	100	999	10	100.0	0.15
2026-07-09T12:53:40.399	421	917	599	1095	2757	2669	3115	3494	3745	491	27.52	1018.88	52.59	221691	AS7341	flash	5	100	999	10	100.0	0.15
2026-07-09T12:53:42.394	421	917	599	1096	2757	2668	3114	3493	3744	490	27.51	1018.87	52.6	221840	AS7341	flash	5	100	999	10	100.0	0.15
2026-07-09T12:53:44.381	421	917	599	1096	2756	2668	3114	3493	3744	491	27.52	1018.83	52.6	221990	AS7341	flash	5	100	999	10	100.0	0.15
2026-07-09T12:53:46.364	421	917	599	1096	2756	2668	3114	3493	3744	491	27.52	1018.88	52.59	221990	AS7341	flash	5	100	999	10	100.0	0.15
2026-07-09T12:53:48.352	421	917	599	1095	2757	2668	3115	3493	3745	491	27.52	1018.89	52.59	221691	AS7341	flash	5	100	999	10	100.0	0.15
2026-07-09T12:53:50.441	421	917	599	1096	2757	2668	3116	3494	3745	490	27.52	1018.87	52.6	220209	AS7341	flash	5	100	999	10	100.0	0.15
2026-07-09T12:53:52.433	421	917	599	1096	2757	2669	3115	3494	3745	491	27.52	1018.86	52.59	221691	AS7341	flash	5	100	999	10	100.0	0.15
2026-07-09T12:53:54.421	421	917	599	1096	2757	2668	3114	3493	3744	490	27.53	1018.89	52.59	220503	AS7341	flash	5	100	999	10	100.0	0.15
2026-07-09T12:53:56.410	421	917	599	1095	2756	2668	3114	3493	3743	490	27.52	1018.87	52.6	222139	AS7341	flash	5	100	999	10	100.0	0.15
2026-07-09T12:53:58.395	421	917	599	1095	2757	2668	3114	3493	3744	491	27.53	1018.89	52.57	222439	AS7341	flash	5	100	999	10	100.0	0.15
2026-07-09T12:54:00.391	421	917	599	1096	2757	2668	3115	3493	3745	491	27.53	1018.88	52.57	221840	AS7341	flash	5	100	999	10	100.0	0.15
2026-07-09T12:54:02.379	421	917	599	1096	2757	2669	3114	3494	3745	490	27.53	1018.9	52.57	222439	AS7341	flash	5	100	999	10	100.0	0.15
2026-07-09T12:54:04.374	421	917	598	1096	2757	2668	3115	3493	3745	491	27.53	1018.88	52.57	222139	AS7341	flash	5	100	999	10	100.0	0.15
2026-07-09T12:54:06.368	421	917	598	1096	2758	2669	3115	3494	3746	490	27.53	1018.89	52.56	222289	AS7341	flash	5	100	999	10	100.0	0.15
2026-07-09T12:54:08.363	421	917	599	1096	2757	2668	3114	3493	3745	490	27.54	1018.89	52.56	221691	AS7341	flash	5	100	999	10	100.0	0.15
2026-07-09T12:54:10.359	421	917	598	1096	2756	2668	3114	3493	3744	490	27.54	1018.88	52.57	221840	AS7341	flash	5	100	999	10	100.0	0.15
2026-07-09T12:54:12.350	421	917	599	1095	2756	2668	3114	3493	3744	491	27.54	1018.9	52.56	222139	AS7341	flash	5	100	999	10	100.0	0.15
2026-07-09T12:54:14.444	421	917	599	1096	2757	2669	3115	3494	3745	490	27.54	1018.91	52.57	221691	AS7341	flash	5	100	999	10	100.0	0.15
2026-07-09T12:54:16.429	421	917	598	1096	2757	2668	3114	3493	3745	490	27.54	1018.9	52.58	222139	AS7341	flash	5	100	999	10	100.0	0.15
2026-07-09T12:54:18.426	421	917	599	1096	2756	2668	3114	3493	3745	491	27.54	1018.9	52.57	221542	AS7341	flash	5	100	999	10	100.0	0.15
2026-07-09T12:54:20.415	421	917	598	1096	2756	2667	3113	3493	3744	490	27.54	1018.86	52.55	221990	AS7341	flash	5	100	999	10	100.0	0.15
2026-07-09T12:54:22.398	421	917	598	1095	2756	2668	3114	3493	3744	491	27.54	1018.89	52.55	222439	AS7341	flash	5	100	999	10	100.0	0.15
2026-07-09T12:54:24.388	421	917	598	1095	2756	2667	3114	3492	3744	491	27.53	1018.86	52.57	222139	AS7341	flash	5	100	999	10	100.0	0.15
2026-07-09T12:54:26.380	421	917	598	1096	2756	2667	3114	3492	3743	491	27.54	1018.88	52.56	222439	AS7341	flash	5	100	999	10	100.0	0.15
2026-07-09T12:54:28.374	421	917	598	1096	2756	2667	3114	3493	3744	491	27.54	1018.87	52.58	222439	AS7341	flash	5	100	999	10	100.0	0.15
2026-07-09T12:54:30.365	421	917	599	1095	2755	2667	3113	3491	3743	491	27.54	1018.88	52.57	222891	AS7341	flash	5	100	999	10	100.0	0.15
2026-07-09T12:54:32.355	421	917	598	1096	2756	2667	3113	3492	3743	491	27.53	1018.89	52.58	222740	AS7341	flash	5	100	999	10	100.0	0.15
2026-07-09T12:54:34.450	421	917	598	1096	2756	2668	3114	3493	3744	490	27.52	1018.9	52.59	221840	AS7341	flash	5	100	999	10	100.0	0.15
2026-07-09T12:54:36.443	421	918	598	1096	2756	2668	3114	3493	3744	490	27.53	1018.88	52.59	221542	AS7341	flash	5	100	999	10	100.0	0.15
2026-07-09T12:54:38.437	421	917	599	1096	2756	2668	3115	3493	3745	490	27.53	1018.9	52.59	221691	AS7341	flash	5	100	999	10	100.0	0.15
2026-07-09T12:54:40.422	421	918	598	1095	2756	2667	3114	3492	3744	490	27.53	1018.87	52.59	220947	AS7341	flash	5	100	999	10	100.0	0.15
2026-07-09T12:54:42.417	421	917	599	1096	2756	2667	3113	3492	3744	491	27.54	1018.88	52.59	222891	AS7341	flash	5	100	999	10	100.0	0.15
2026-07-09T12:54:44.400	421	917	598	1096	2756	2667	3113	3492	3744	490	27.54	1018.88	52.59	222740	AS7341	flash	5	100	999	10	100.0	0.15
2026-07-09T12:54:46.390	421	918	598	1096	2757	2668	3114	3493	3745	491	27.54	1018.93	52.59	222740	AS7341	flash	5	100	999	10	100.0	0.15
2026-07-09T12:54:48.374	421	918	598	1096	2755	2667	3114	3491	3743	491	27.54	1018.92	52.58	222289	AS7341	flash	5	100	999	10	100.0	0.15
2026-07-09T12:54:50.355	421	917	598	1095	2755	2666	3112	3491	3743	491	27.55	1018.91	52.59	222439	AS7341	flash	5	100	999	10	100.0	0.15
2026-07-09T12:54:52.446	421	918	598	1096	2757	2668	3115	3494	3745	490	27.54	1018.94	52.57	222139	AS7341	flash	5	100	999	10	100.0	0.15
2026-07-09T12:54:54.439	421	918	598	1096	2756	2668	3115	3493	3744	491	27.54	1018.89	52.58	222139	AS7341	flash	5	100	999	10	100.0	0.15
2026-07-09T12:54:56.434	421	918	598	1096	2756	2667	3113	3493	3744	490	27.55	1018.91	52.58	222439	AS7341	flash	5	100	999	10	100.0	0.15
2026-07-09T12:54:58.420	421	918	598	1096	2755	2667	3113	3492	3743	491	27.55	1018.86	52.57	221542	AS7341	flash	5	100	999	10	100.0	0.15
2026-07-09T12:55:00.407	421	918	598	1095	2756	2667	3113	3492	3744	491	27.55	1018.9	52.58	223042	AS7341	flash	5	100	999	10	100.0	0.15
2026-07-09T12:55:02.392	421	918	598	1096	2756	2667	3115	3493	3745	491	27.55	1018.89	52.57	222439	AS7341	flash	5	100	999	10	100.0	0.15
2026-07-09T12:55:04.382	421	918	598	1095	2756	2667	3115	3492	3744	491	27.55	1018.9	52.58	223042	AS7341	flash	5	100	999	10	100.0	0.15
2026-07-09T12:55:06.364	421	918	598	1095	2755	2666	3112	3491	3742	491	27.55	1018.89	52.58	223345	AS7341	flash	5	100	999	10	100.0	0.15
2026-07-09T12:55:08.362	421	918	598	1095	2755	2667	3113	3492	3743	490	27.55	1018.86	52.56	223648	AS7341	flash	5	100	999	10	100.0	0.15
2026-07-09T12:55:10.451	421	918	598	1096	2756	2667	3114	3492	3744	490	27.54	1018.84	52.57	221840	AS7341	flash	5	100	999	10	100.0	0.15
2026-07-09T12:55:12.444	421	918	598	1096	2755	2667	3113	3492	3743	491	27.55	1018.87	52.58	222740	AS7341	flash	5	100	999	10	100.0	0.15
2026-07-09T12:55:14.434	421	918	598	1096	2755	2667	3112	3492	3743	491	27.55	1018.92	52.57	222891	AS7341	flash	5	100	999	10	100.0	0.15
2026-07-09T12:55:16.423	421	918	598	1096	2756	2667	3114	3493	3744	491	27.55	1018.84	52.56	222740	AS7341	flash	5	100	999	10	100.0	0.15
2026-07-09T12:55:18.421	421	918	598	1095	2755	2667	3113	3492	3744	491	27.55	1018.89	52.56	222891	AS7341	flash	5	100	999	10	100.0	0.15
2026-07-09T12:55:20.421	421	918	598	1095	2756	2667	3114	3492	3744	491	27.55	1018.88	52.57	224257	AS7341	flash	5	100	999	10	100.0	0.15
2026-07-09T12:55:22.414	421	918	598	1096	2756	2667	3113	3492	3744	491	27.55	1018.87	52.56	222590	AS7341	flash	5	100	999	10	100.0	0.15
2026-07-09T12:55:24.402	421	918	598	1096	2756	2667	3114	3492	3744	491	27.55	1018.86	52.56	223345	AS7341	flash	5	100	999	10	100.0	0.15
2026-07-09T12:55:26.392	421	918	598	1096	2756	2667	3113	3493	3744	491	27.55	1018.87	52.57	222740	AS7341	flash	5	100	999	10	100.0	0.15
2026-07-09T12:55:28.377	421	918	598	1096	2755	2666	3113	3492	3743	491	27.55	1018.84	52.56	223648	AS7341	flash	5	100	999	10	100.0	0.15
2026-07-09T12:55:30.367	421	918	598	1095	2755	2666	3112	3491	3743	491	27.55	1018.86	52.55	221840	AS7341	flash	5	100	999	10	100.0	0.15
2026-07-09T12:55:32.360	421	918	598	1095	2755	2666	3113	3492	3743	490	27.56	1018.87	52.56	223800	AS7341	flash	5	100	999	10	100.0	0.15
2026-07-09T12:55:34.349	421	918	598	1095	2755	2666	3113	3491	3743	491	27.56	1018.87	52.55	223345	AS7341	flash	5	100	999	10	100.0	0.15
2026-07-09T12:55:36.447	421	918	598	1096	2755	2666	3113	3492	3743	491	27.55	1018.86	52.56	222139	AS7341	flash	5	100	999	10	100.0	0.15
2026-07-09T12:55:38.444	421	918	598	1095	2755	2666	3113	3491	3743	490	27.55	1018.86	52.58	222590	AS7341	flash	5	100	999	10	100.0	0.15
2026-07-09T12:55:40.435	421	918	598	1095	2754	2666	3112	3491	3742	490	27.56	1018.85	52.57	222891	AS7341	flash	5	100	999	10	100.0	0.15
2026-07-09T12:55:42.418	421	918	598	1095	2754	2665	3111	3491	3742	491	27.56	1018.88	52.57	223193	AS7341	flash	5	100	999	10	100.0	0.15
2026-07-09T12:55:44.409	421	918	598	1095	2755	2666	3112	3491	3743	491	27.56	1018.86	52.58	222891	AS7341	flash	5	100	999	10	100.0	0.15
2026-07-09T12:55:46.394	421	918	598	1095	2754	2665	3111	3490	3742	491	27.57	1018.87	52.58	223042	AS7341	flash	5	100	999	10	100.0	0.15
2026-07-09T12:55:48.382	421	918	598	1095	2755	2666	3112	3491	3743	491	27.56	1018.86	52.58	223345	AS7341	flash	5	100	999	10	100.0	0.15
2026-07-09T12:55:50.377	421	918	598	1095	2755	2665	3112	3491	3743	491	27.57	1018.86	52.57	223496	AS7341	flash	5	100	999	10	100.0	0.15
2026-07-09T12:55:52.365	421	918	598	1095	2753	2664	3111	3489	3741	490	27.57	1018.87	52.59	223496	AS7341	flash	5	100	999	10	100.0	0.15
2026-07-09T12:55:54.355	421	918	598	1095	2754	2665	3111	3490	3742	491	27.57	1018.85	52.58	223345	AS7341	flash	5	100	999	10	100.0	0.15
2026-07-09T12:55:56.347	421	918	598	1095	2754	2665	3110	3490	3741	490	27.57	1018.87	52.57	222891	AS7341	flash	5	100	999	10	100.0	0.15
2026-07-09T12:55:58.447	421	918	598	1095	2755	2666	3112	3491	3743	490	27.57	1018.88	52.57	222590	AS7341	flash	5	100	999	10	100.0	0.15
2026-07-09T12:56:00.431	421	918	598	1095	2754	2665	3111	3491	3742	490	27.57	1018.87	52.57	223042	AS7341	flash	5	100	999	10	100.0	0.15
2026-07-09T12:56:02.420	421	918	598	1095	2754	2665	3111	3490	3741	490	27.58	1018.85	52.56	222740	AS7341	flash	5	100	999	10	100.0	0.15
2026-07-09T12:56:04.412	421	918	598	1095	2754	2665	3111	3491	3742	491	27.58	1018.84	52.57	222891	AS7341	flash	5	100	999	10	100.0	0.15
2026-07-09T12:56:06.400	421	918	598	1095	2754	2665	3112	3491	3742	490	27.58	1018.84	52.56	223496	AS7341	flash	5	100	999	10	100.0	0.15
2026-07-09T12:56:08.384	421	918	599	1095	2754	2665	3111	3491	3742	490	27.59	1018.84	52.55	223193	AS7341	flash	5	100	999	10	100.0	0.15
2026-07-09T12:56:10.378	421	918	598	1095	2754	2664	3111	3490	3741	490	27.59	1018.83	52.55	223648	AS7341	flash	5	100	999	10	100.0	0.15
2026-07-09T12:56:12.362	421	919	598	1095	2754	2665	3112	3490	3742	490	27.59	1018.82	52.54	223648	AS7341	flash	5	100	999	10	100.0	0.15
2026-07-09T12:56:14.358	421	918	598	1095	2753	2664	3111	3489	3741	491	27.6	1018.83	52.53	223648	AS7341	flash	5	100	999	10	100.0	0.15
2026-07-09T12:56:16.449	421	919	598	1095	2754	2665	3111	3491	3742	490	27.6	1018.87	52.54	221990	AS7341	flash	5	100	999	10	100.0	0.15
2026-07-09T12:56:18.439	421	918	598	1095	2753	2665	3111	3490	3741	491	27.6	1018.87	52.54	223193	AS7341	flash	5	100	999	10	100.0	0.15
2026-07-09T12:56:20.433	421	918	598	1095	2753	2664	3110	3489	3741	491	27.6	1018.85	52.51	222439	AS7341	flash	5	100	999	10	100.0	0.15
2026-07-09T12:56:22.424	421	919	599	1095	2753	2664	3110	3490	3741	490	27.6	1018.85	52.53	222891	AS7341	flash	5	100	999	10	100.0	0.15
2026-07-09T12:56:24.406	421	919	598	1095	2754	2665	3111	3490	3742	491	27.61	1018.85	52.51	223042	AS7341	flash	5	100	999	10	100.0	0.15
2026-07-09T12:56:26.393	421	918	598	1095	2753	2664	3111	3489	3741	490	27.62	1018.86	52.5	223042	AS7341	flash	5	100	999	10	100.0	0.15
2026-07-09T12:56:28.382	421	918	598	1095	2753	2664	3111	3489	3741	491	27.61	1018.86	52.49	223193	AS7341	flash	5	100	999	10	100.0	0.15
2026-07-09T12:56:30.374	421	918	598	1095	2753	2663	3109	3488	3740	491	27.62	1018.86	52.5	224716	AS7341	flash	5	100	999	10	100.0	0.15
2026-07-09T12:56:32.365	421	918	598	1095	2752	2663	3110	3488	3740	490	27.61	1018.81	52.51	223345	AS7341	flash	5	100	999	10	100.0	0.15
2026-07-09T12:56:34.350	421	918	598	1095	2753	2664	3109	3489	3741	490	27.62	1018.86	52.49	223042	AS7341	flash	5	100	999	10	100.0	0.15
2026-07-09T12:56:36.439	421	919	598	1095	2752	2663	3109	3488	3739	490	27.61	1018.84	52.49	222590	AS7341	flash	5	100	999	10	100.0	0.15
2026-07-09T12:56:38.435	421	919	598	1095	2752	2663	3109	3488	3740	489	27.61	1018.86	52.51	222740	AS7341	flash	5	100	999	10	100.0	0.15
2026-07-09T12:56:40.422	421	919	599	1095	2753	2664	3111	3489	3740	490	27.61	1018.83	52.49	222740	AS7341	flash	5	100	999	10	100.0	0.15
2026-07-09T12:56:42.410	421	919	599	1095	2752	2663	3110	3489	3740	490	27.62	1018.82	52.5	223042	AS7341	flash	5	100	999	10	100.0	0.15
2026-07-09T12:56:44.410	421	919	599	1095	2753	2663	3110	3489	3740	490	27.61	1018.83	52.49	223193	AS7341	flash	5	100	999	10	100.0	0.15
2026-07-09T12:56:46.401	421	919	598	1095	2753	2664	3110	3489	3741	490	27.61	1018.86	52.51	223648	AS7341	flash	5	100	999	10	100.0	0.15
2026-07-09T12:56:48.384	421	919	599	1095	2753	2664	3111	3489	3741	490	27.62	1018.84	52.51	223042	AS7341	flash	5	100	999	10	100.0	0.15
2026-07-09T12:56:50.370	421	919	599	1095	2753	2663	3110	3489	3741	489	27.62	1018.83	52.51	223648	AS7341	flash	5	100	999	10	100.0	0.15
2026-07-09T12:56:52.355	421	919	599	1095	2752	2663	3110	3488	3739	489	27.62	1018.84	52.5	223648	AS7341	flash	5	100	999	10	100.0	0.15
2026-07-09T12:56:54.353	421	919	599	1095	2752	2663	3110	3488	3740	489	27.61	1018.85	52.5	223345	AS7341	flash	5	100	999	10	100.0	0.15
2026-07-09T12:56:56.448	421	919	599	1095	2753	2664	3109	3489	3740	490	27.61	1018.84	52.51	223042	AS7341	flash	5	100	999	10	100.0	0.15
2026-07-09T12:56:58.442	421	919	599	1095	2752	2663	3109	3489	3740	490	27.62	1018.82	52.5	223648	AS7341	flash	5	100	999	10	100.0	0.15
2026-07-09T12:57:00.437	421	919	599	1095	2752	2663	3109	3489	3740	490	27.61	1018.84	52.51	223345	AS7341	flash	5	100	999	10	100.0	0.15
2026-07-09T12:57:02.428	421	919	599	1095	2752	2664	3109	3489	3741	490	27.61	1018.82	52.5	223193	AS7341	flash	5	100	999	10	100.0	0.15
2026-07-09T12:57:04.413	421	919	599	1095	2752	2663	3110	3488	3740	490	27.62	1018.81	52.51	223345	AS7341	flash	5	100	999	10	100.0	0.15
2026-07-09T12:57:06.396	421	919	599	1095	2752	2663	3109	3488	3739	489	27.62	1018.85	52.51	223952	AS7341	flash	5	100	999	10	100.0	0.15
2026-07-09T12:57:08.384	421	919	599	1095	2752	2663	3108	3488	3739	490	27.62	1018.87	52.52	223345	AS7341	flash	5	100	999	10	100.0	0.15
2026-07-09T12:57:10.370	421	919	599	1095	2751	2662	3109	3487	3739	490	27.62	1018.84	52.51	223648	AS7341	flash	5	100	999	10	100.0	0.15
2026-07-09T12:57:12.360	421	919	599	1095	2751	2662	3109	3487	3739	489	27.62	1018.82	52.51	223952	AS7341	flash	5	100	999	10	100.0	0.15
2026-07-09T12:57:14.349	421	919	599	1095	2752	2663	3108	3488	3739	490	27.63	1018.87	52.52	223345	AS7341	flash	5	100	999	10	100.0	0.15
2026-07-09T12:57:16.448	421	919	599	1095	2752	2663	3110	3489	3740	490	27.62	1018.87	52.52	222740	AS7341	flash	5	100	999	10	100.0	0.15
2026-07-09T12:57:18.444	421	919	599	1095	2751	2662	3109	3487	3739	490	27.63	1018.83	52.52	223345	AS7341	flash	5	100	999	10	100.0	0.15
2026-07-09T12:57:20.432	421	919	599	1095	2751	2662	3109	3488	3739	489	27.63	1018.85	52.52	223345	AS7341	flash	5	100	999	10	100.0	0.15
2026-07-09T12:57:22.417	421	919	599	1095	2751	2662	3109	3488	3739	490	27.63	1018.86	52.5	223648	AS7341	flash	5	100	999	10	100.0	0.15
2026-07-09T12:57:24.406	421	919	599	1095	2751	2662	3108	3487	3739	489	27.63	1018.82	52.52	223345	AS7341	flash	5	100	999	10	100.0	0.15
2026-07-09T12:57:26.394	421	919	599	1095	2751	2662	3108	3487	3739	489	27.63	1018.84	52.51	223042	AS7341	flash	5	100	999	10	100.0	0.15
2026-07-09T12:57:28.381	421	919	599	1094	2751	2662	3108	3487	3739	490	27.64	1018.82	52.51	223496	AS7341	flash	5	100	999	10	100.0	0.15
2026-07-09T12:57:30.372	421	919	598	1094	2750	2661	3108	3486	3737	490	27.63	1018.83	52.48	223648	AS7341	flash	5	100	999	10	100.0	0.15
2026-07-09T12:57:32.354	421	919	599	1095	2751	2662	3108	3487	3739	491	27.63	1018.79	52.48	223800	AS7341	flash	5	100	999	10	100.0	0.15
2026-07-09T12:57:34.444	421	919	599	1095	2751	2662	3109	3487	3739	490	27.63	1018.81	52.5	223193	AS7341	flash	5	100	999	10	100.0	0.15
2026-07-09T12:57:36.432	421	919	599	1095	2751	2662	3108	3487	3739	490	27.64	1018.85	52.49	223496	AS7341	flash	5	100	999	10	100.0	0.15
2026-07-09T12:57:38.417	421	919	599	1094	2751	2661	3108	3487	3738	489	27.64	1018.83	52.5	223648	AS7341	flash	5	100	999	10	100.0	0.15
2026-07-09T12:57:40.403	421	919	599	1095	2751	2662	3108	3487	3739	490	27.64	1018.81	52.49	223800	AS7341	flash	5	100	999	10	100.0	0.15
2026-07-09T12:57:42.396	421	919	599	1094	2751	2662	3108	3487	3739	489	27.64	1018.8	52.49	225177	AS7341	flash	5	100	999	10	100.0	0.15
2026-07-09T12:57:44.384	421	920	599	1095	2752	2662	3109	3488	3740	490	27.64	1018.83	52.47	223952	AS7341	flash	5	100	999	10	100.0	0.15
2026-07-09T12:57:46.371	421	919	599	1094	2750	2661	3107	3487	3738	490	27.65	1018.81	52.47	223496	AS7341	flash	5	100	999	10	100.0	0.15
2026-07-09T12:57:48.354	421	919	599	1094	2750	2661	3107	3486	3737	489	27.65	1018.78	52.48	224870	AS7341	flash	5	100	999	10	100.0	0.15
2026-07-09T12:57:50.356	421	920	599	1094	2751	2661	3107	3487	3738	490	27.65	1018.8	52.47	222740	AS7341	flash	5	100	999	10	100.0	0.15
2026-07-09T12:57:52.442	421	920	599	1095	2752	2662	3109	3488	3739	490	27.64	1018.83	52.49	223800	AS7341	flash	5	100	999	10	100.0	0.15
2026-07-09T12:57:54.425	421	920	599	1095	2751	2661	3108	3487	3739	490	27.65	1018.82	52.49	223193	AS7341	flash	5	100	999	10	100.0	0.15
2026-07-09T12:57:56.420	421	919	599	1094	2750	2661	3106	3486	3738	490	27.65	1018.81	52.48	223648	AS7341	flash	5	100	999	10	100.0	0.15
2026-07-09T12:57:58.406	421	919	599	1094	2751	2661	3108	3487	3738	490	27.65	1018.83	52.49	223952	AS7341	flash	5	100	999	10	100.0	0.15
2026-07-09T12:58:00.395	421	920	599	1095	2751	2661	3107	3487	3738	489	27.65	1018.83	52.49	223193	AS7341	flash	5	100	999	10	100.0	0.15
2026-07-09T12:58:02.378	421	920	599	1094	2751	2661	3108	3487	3738	489	27.65	1018.82	52.47	223952	AS7341	flash	5	100	999	10	100.0	0.15
2026-07-09T12:58:04.359	421	920	599	1094	2751	2661	3107	3487	3738	490	27.66	1018.82	52.48	224257	AS7341	flash	5	100	999	10	100.0	0.15
2026-07-09T12:58:06.346	421	920	599	1094	2750	2661	3106	3486	3738	490	27.66	1018.85	52.48	224563	AS7341	flash	5	100	999	10	100.0	0.15
2026-07-09T12:58:08.432	421	920	599	1094	2750	2661	3106	3486	3738	490	27.66	1018.81	52.47	223648	AS7341	flash	5	100	999	10	100.0	0.15
2026-07-09T12:58:10.426	421	920	599	1095	2750	2661	3107	3486	3737	489	27.66	1018.79	52.48	223042	AS7341	flash	5	100	999	10	100.0	0.15
2026-07-09T12:58:12.423	421	920	599	1094	2750	2661	3106	3486	3737	489	27.66	1018.82	52.48	223648	AS7341	flash	5	100	999	10	100.0	0.15
2026-07-09T12:58:14.414	421	920	599	1094	2750	2660	3106	3486	3737	489	27.66	1018.84	52.47	224410	AS7341	flash	5	100	999	10	100.0	0.15
2026-07-09T12:58:16.397	421	920	599	1094	2750	2660	3106	3486	3737	490	27.65	1018.83	52.47	225177	AS7341	flash	5	100	999	10	100.0	0.15
2026-07-09T12:58:18.386	421	920	599	1094	2750	2660	3107	3486	3737	490	27.66	1018.83	52.48	223952	AS7341	flash	5	100	999	10	100.0	0.15
2026-07-09T12:58:20.384	421	920	599	1094	2750	2661	3107	3486	3738	489	27.66	1018.85	52.49	223800	AS7341	flash	5	100	999	10	100.0	0.15
2026-07-09T12:58:22.369	421	920	599	1094	2749	2660	3106	3485	3736	489	27.66	1018.81	52.48	223648	AS7341	flash	5	100	999	10	100.0	0.15
2026-07-09T12:58:24.358	421	920	599	1094	2750	2660	3107	3486	3738	489	27.66	1018.85	52.48	223648	AS7341	flash	5	100	999	10	100.0	0.15
2026-07-09T12:58:26.353	421	920	599	1094	2750	2660	3106	3485	3737	489	27.66	1018.85	52.48	223952	AS7341	flash	5	100	999	10	100.0	0.15
2026-07-09T12:58:28.451	421	920	599	1094	2750	2661	3106	3487	3738	490	27.65	1018.81	52.48	222740	AS7341	flash	5	100	999	10	100.0	0.15
2026-07-09T12:58:30.436	421	920	599	1094	2750	2660	3106	3486	3737	490	27.66	1018.79	52.49	223496	AS7341	flash	5	100	999	10	100.0	0.15
2026-07-09T12:58:32.420	421	920	599	1094	2750	2660	3107	3486	3738	490	27.66	1018.8	52.5	224257	AS7341	flash	5	100	999	10	100.0	0.15
2026-07-09T12:58:34.414	421	920	599	1094	2750	2661	3107	3487	3738	489	27.66	1018.78	52.49	224104	AS7341	flash	5	100	999	10	100.0	0.15
2026-07-09T12:58:36.403	421	920	599	1094	2749	2660	3107	3486	3737	490	27.66	1018.81	52.49	225177	AS7341	flash	5	100	999	10	100.0	0.15
2026-07-09T12:58:38.392	421	920	599	1094	2749	2660	3106	3485	3737	490	27.66	1018.83	52.5	223952	AS7341	flash	5	100	999	10	100.0	0.15
2026-07-09T12:58:40.373	421	920	599	1094	2750	2661	3106	3486	3738	490	27.66	1018.84	52.5	224257	AS7341	flash	5	100	999	10	100.0	0.15
2026-07-09T12:58:42.363	421	920	599	1094	2750	2660	3106	3486	3737	489	27.66	1018.81	52.5	223345	AS7341	flash	5	100	999	10	100.0	0.15
2026-07-09T12:58:44.348	421	920	599	1094	2749	2659	3105	3485	3736	490	27.67	1018.84	52.51	224257	AS7341	flash	5	100	999	10	100.0	0.15
2026-07-09T12:58:46.433	421	920	599	1094	2750	2660	3106	3486	3738	489	27.65	1018.85	52.49	224870	AS7341	flash	5	100	999	10	100.0	0.15
2026-07-09T12:58:48.420	421	920	599	1094	2749	2659	3105	3485	3735	490	27.67	1018.82	52.52	225949	AS7341	flash	5	100	999	10	100.0	0.15
2026-07-09T12:58:50.402	421	920	599	1094	2749	2659	3105	3485	3735	490	27.67	1018.79	52.51	223648	AS7341	flash	5	100	999	10	100.0	0.15
2026-07-09T12:58:52.385	421	920	599	1094	2750	2660	3107	3486	3737	489	27.68	1018.88	52.52	223648	AS7341	flash	5	100	999	10	100.0	0.15
2026-07-09T12:58:54.374	421	920	599	1094	2748	2659	3104	3483	3735	489	27.67	1018.8	52.51	223952	AS7341	flash	5	100	999	10	100.0	0.15
2026-07-09T12:58:56.367	421	920	599	1094	2748	2659	3105	3484	3735	489	27.67	1018.84	52.52	224257	AS7341	flash	5	100	999	10	100.0	0.15
2026-07-09T12:58:58.352	421	920	599	1094	2749	2659	3105	3485	3735	489	27.67	1018.82	52.52	224257	AS7341	flash	5	100	999	10	100.0	0.15
2026-07-09T12:59:00.439	421	920	599	1094	2749	2659	3105	3485	3735	489	27.66	1018.81	52.51	223193	AS7341	flash	5	100	999	10	100.0	0.15
2026-07-09T12:59:02.422	421	920	599	1094	2749	2659	3105	3486	3736	489	27.67	1018.82	52.52	224257	AS7341	flash	5	100	999	10	100.0	0.15
2026-07-09T12:59:04.419	421	920	599	1094	2749	2659	3106	3485	3737	489	27.67	1018.83	52.53	223800	AS7341	flash	5	100	999	10	100.0	0.15
2026-07-09T12:59:06.403	421	920	599	1094	2749	2659	3106	3485	3736	490	27.67	1018.8	52.53	223496	AS7341	flash	5	100	999	10	100.0	0.15
2026-07-09T12:59:08.390	421	920	599	1094	2749	2659	3105	3484	3736	489	27.67	1018.83	52.52	223952	AS7341	flash	5	100	999	10	100.0	0.15
2026-07-09T12:59:10.378	421	921	599	1094	2749	2659	3106	3484	3736	489	27.68	1018.8	52.54	223952	AS7341	flash	5	100	999	10	100.0	0.15
2026-07-09T12:59:12.370	421	921	599	1094	2749	2659	3106	3485	3735	489	27.68	1018.8	52.51	224257	AS7341	flash	5	100	999	10	100.0	0.15
2026-07-09T12:59:14.366	421	921	599	1094	2749	2659	3105	3485	3736	489	27.68	1018.79	52.5	224257	AS7341	flash	5	100	999	10	100.0	0.15
2026-07-09T12:59:16.351	421	920	599	1094	2748	2659	3106	3485	3735	490	27.68	1018.75	52.51	223648	AS7341	flash	5	100	999	10	100.0	0.15
2026-07-09T12:59:18.347	421	920	599	1094	2749	2659	3105	3484	3735	489	27.68	1018.8	52.52	224410	AS7341	flash	5	100	999	10	100.0	0.15
2026-07-09T12:59:20.436	421	921	599	1094	2748	2658	3104	3485	3735	490	27.67	1018.77	52.52	223345	AS7341	flash	5	100	999	10	100.0	0.15
2026-07-09T12:59:22.427	421	920	599	1094	2748	2658	3104	3484	3734	489	27.68	1018.81	52.53	223952	AS7341	flash	5	100	999	10	100.0	0.15
2026-07-09T12:59:24.411	421	920	599	1094	2749	2659	3106	3485	3735	490	27.68	1018.79	52.54	224104	AS7341	flash	5	100	999	10	100.0	0.15
2026-07-09T12:59:26.402	421	921	599	1094	2748	2659	3106	3484	3735	489	27.68	1018.8	52.52	224104	AS7341	flash	5	100	999	10	100.0	0.15
2026-07-09T12:59:28.385	421	921	599	1094	2749	2659	3105	3485	3736	490	27.68	1018.81	52.52	223952	AS7341	flash	5	100	999	10	100.0	0.15
2026-07-09T12:59:30.374	421	921	599	1094	2748	2658	3104	3483	3734	489	27.68	1018.82	52.51	224563	AS7341	flash	5	100	999	10	100.0	0.15
2026-07-09T12:59:32.356	421	921	599	1094	2748	2658	3106	3484	3735	489	27.68	1018.77	52.52	224563	AS7341	flash	5	100	999	10	100.0	0.15
2026-07-09T12:59:34.442	421	921	599	1094	2750	2660	3106	3486	3737	490	27.68	1018.85	52.52	223042	AS7341	flash	5	100	999	10	100.0	0.15
2026-07-09T12:59:36.427	421	921	599	1094	2749	2659	3105	3486	3736	490	27.68	1018.82	52.53	224104	AS7341	flash	5	100	999	10	100.0	0.15
2026-07-09T12:59:38.420	421	921	599	1094	2747	2658	3105	3483	3734	490	27.69	1018.8	52.53	223800	AS7341	flash	5	100	999	10	100.0	0.15
2026-07-09T12:59:40.405	421	921	599	1094	2749	2659	3105	3485	3736	490	27.69	1018.82	52.53	224257	AS7341	flash	5	100	999	10	100.0	0.15
2026-07-09T12:59:42.393	421	921	599	1094	2748	2659	3105	3484	3735	490	27.69	1018.8	52.52	223952	AS7341	flash	5	100	999	10	100.0	0.15
2026-07-09T12:59:44.381	421	921	599	1094	2748	2659	3104	3484	3735	489	27.68	1018.76	52.51	224410	AS7341	flash	5	100	999	10	100.0	0.15
2026-07-09T12:59:46.365	421	921	599	1094	2748	2658	3104	3483	3735	490	27.7	1018.8	52.52	224257	AS7341	flash	5	100	999	10	100.0	0.15
2026-07-09T12:59:48.348	421	921	599	1094	2748	2658	3104	3484	3735	489	27.69	1018.76	52.52	223952	AS7341	flash	5	100	999	10	100.0	0.15
2026-07-09T12:59:50.438	421	921	599	1094	2749	2659	3106	3484	3735	490	27.69	1018.82	52.52	224104	AS7341	flash	5	100	999	10	100.0	0.15
2026-07-09T12:59:52.428	421	921	599	1094	2747	2658	3104	3483	3734	489	27.7	1018.8	52.51	223345	AS7341	flash	5	100	999	10	100.0	0.15
2026-07-09T12:59:54.421	421	921	599	1094	2748	2658	3105	3484	3735	489	27.69	1018.78	52.53	223496	AS7341	flash	5	100	999	10	100.0	0.15
2026-07-09T12:59:56.414	421	921	599	1094	2747	2658	3104	3484	3734	490	27.69	1018.78	52.53	223345	AS7341	flash	5	100	999	10	100.0	0.15
2026-07-09T12:59:58.409	421	921	599	1093	2747	2657	3104	3483	3734	489	27.69	1018.73	52.52	224410	AS7341	flash	5	100	999	10	100.0	0.15
2026-07-09T13:00:00.408	421	921	599	1094	2747	2658	3105	3483	3734	489	27.7	1018.74	52.52	224563	AS7341	flash	5	100	999	10	100.0	0.15
2026-07-09T13:00:02.395	421	921	600	1094	2748	2658	3105	3484	3735	489	27.7	1018.76	52.53	223800	AS7341	flash	5	100	999	10	100.0	0.15
2026-07-09T13:00:04.388	421	921	599	1093	2748	2658	3105	3483	3734	489	27.69	1018.74	52.52	223952	AS7341	flash	5	100	999	10	100.0	0.15
2026-07-09T13:00:06.372	421	921	599	1094	2747	2657	3104	3483	3734	489	27.7	1018.75	52.51	224410	AS7341	flash	5	100	999	10	100.0	0.15
2026-07-09T13:00:08.366	421	921	599	1094	2748	2658	3105	3484	3735	490	27.69	1018.78	52.53	223952	AS7341	flash	5	100	999	10	100.0	0.15
2026-07-09T13:00:10.360	421	921	599	1094	2748	2658	3105	3484	3735	489	27.7	1018.78	52.52	224410	AS7341	flash	5	100	999	10	100.0	0.15
2026-07-09T13:00:12.449	421	921	599	1094	2747	2658	3104	3483	3734	490	27.68	1018.78	52.54	223345	AS7341	flash	5	100	999	10	100.0	0.15
2026-07-09T13:00:14.438	421	921	599	1094	2747	2658	3104	3483	3735	489	27.7	1018.78	52.54	223345	AS7341	flash	5	100	999	10	100.0	0.15
2026-07-09T13:00:16.431	421	922	600	1094	2747	2658	3105	3483	3734	489	27.69	1018.79	52.53	225177	AS7341	flash	5	100	999	10	100.0	0.15
2026-07-09T13:00:18.420	421	921	599	1094	2747	2657	3104	3483	3734	489	27.7	1018.78	52.54	223952	AS7341	flash	5	100	999	10	100.0	0.15
2026-07-09T13:00:20.414	421	921	599	1094	2747	2658	3104	3483	3734	489	27.7	1018.83	52.54	224257	AS7341	flash	5	100	999	10	100.0	0.15
2026-07-09T13:00:22.402	421	921	599	1094	2747	2657	3104	3483	3734	489	27.7	1018.81	52.53	224104	AS7341	flash	5	100	999	10	100.0	0.15
2026-07-09T13:00:24.399	421	921	599	1094	2747	2657	3103	3483	3734	489	27.7	1018.81	52.53	223800	AS7341	flash	5	100	999	10	100.0	0.15
2026-07-09T13:00:26.394	421	921	599	1094	2747	2657	3105	3483	3734	489	27.7	1018.75	52.54	225177	AS7341	flash	5	100	999	10	100.0	0.15
2026-07-09T13:00:28.380	421	922	600	1094	2747	2658	3104	3483	3735	490	27.7	1018.79	52.54	223952	AS7341	flash	5	100	999	10	100.0	0.15
2026-07-09T13:00:30.377	421	921	599	1094	2746	2657	3102	3482	3733	489	27.7	1018.76	52.53	224257	AS7341	flash	5	100	999	10	100.0	0.15
2026-07-09T13:00:32.373	421	921	599	1093	2747	2657	3103	3482	3734	489	27.7	1018.74	52.53	223648	AS7341	flash	5	100	999	10	100.0	0.15
2026-07-09T13:00:34.366	421	922	600	1094	2747	2657	3103	3483	3734	490	27.7	1018.74	52.53	223496	AS7341	flash	5	100	999	10	100.0	0.15
2026-07-09T13:00:36.351	421	922	600	1094	2747	2657	3104	3482	3734	489	27.7	1018.75	52.54	224257	AS7341	flash	5	100	999	10	100.0	0.15
2026-07-09T13:00:38.444	421	922	600	1094	2747	2657	3103	3483	3734	489	27.69	1018.78	52.54	223345	AS7341	flash	5	100	999	10	100.0	0.15
2026-07-09T13:00:40.429	421	921	599	1094	2747	2657	3104	3482	3734	489	27.7	1018.75	52.55	225485	AS7341	flash	5	100	999	10	100.0	0.15
2026-07-09T13:00:42.424	421	921	599	1094	2746	2656	3102	3482	3733	489	27.71	1018.75	52.55	223952	AS7341	flash	5	100	999	10	100.0	0.15
2026-07-09T13:00:44.414	421	921	599	1093	2746	2656	3102	3482	3733	489	27.71	1018.76	52.55	223648	AS7341	flash	5	100	999	10	100.0	0.15
2026-07-09T13:00:46.401	421	921	599	1093	2746	2656	3102	3482	3733	489	27.7	1018.74	52.55	223952	AS7341	flash	5	100	999	10	100.0	0.15
2026-07-09T13:00:48.394	421	921	599	1093	2746	2656	3102	3482	3733	489	27.71	1018.79	52.54	223648	AS7341	flash	5	100	999	10	100.0	0.15
2026-07-09T13:00:50.385	421	921	599	1093	2746	2656	3103	3482	3733	489	27.71	1018.78	52.53	223648	AS7341	flash	5	100	999	10	100.0	0.15
2026-07-09T13:00:52.373	421	922	600	1093	2746	2657	3102	3482	3733	489	27.71	1018.78	52.55	223952	AS7341	flash	5	100	999	10	100.0	0.15
2026-07-09T13:00:54.358	421	922	599	1093	2746	2656	3102	3482	3733	490	27.71	1018.76	52.54	224410	AS7341	flash	5	100	999	10	100.0	0.15
2026-07-09T13:00:56.447	421	922	600	1094	2747	2657	3104	3483	3734	489	27.7	1018.82	52.55	223345	AS7341	flash	5	100	999	10	100.0	0.15
2026-07-09T13:00:58.442	421	922	600	1094	2746	2656	3103	3482	3733	490	27.71	1018.79	52.55	223648	AS7341	flash	5	100	999	10	100.0	0.15
2026-07-09T13:01:00.439	421	921	600	1093	2746	2656	3102	3482	3733	489	27.72	1018.74	52.55	223800	AS7341	flash	5	100	999	10	100.0	0.15
2026-07-09T13:01:02.434	421	921	599	1093	2745	2656	3101	3481	3732	490	27.71	1018.77	52.55	223800	AS7341	flash	5	100	999	10	100.0	0.15
2026-07-09T13:01:04.428	421	921	600	1093	2745	2656	3102	3481	3732	489	27.72	1018.78	52.56	224563	AS7341	flash	5	100	999	10	100.0	0.15
2026-07-09T13:01:06.414	421	922	599	1093	2745	2655	3101	3481	3732	489	27.72	1018.78	52.56	224716	AS7341	flash	5	100	999	10	100.0	0.15
2026-07-09T13:01:08.401	421	922	600	1093	2746	2656	3102	3481	3733	490	27.72	1018.79	52.55	225640	AS7341	flash	5	100	999	10	100.0	0.15
2026-07-09T13:01:10.396	421	922	599	1093	2745	2655	3101	3481	3732	489	27.71	1018.77	52.55	224257	AS7341	flash	5	100	999	10	100.0	0.15
2026-07-09T13:01:12.388	421	922	600	1093	2745	2656	3103	3482	3733	489	27.71	1018.75	52.56	224257	AS7341	flash	5	100	999	10	100.0	0.15
2026-07-09T13:01:14.374	421	922	600	1093	2745	2656	3103	3481	3732	490	27.71	1018.8	52.56	224716	AS7341	flash	5	100	999	10	100.0	0.15
2026-07-09T13:01:16.365	421	922	600	1094	2746	2656	3102	3482	3733	490	27.71	1018.8	52.57	223800	AS7341	flash	5	100	999	10	100.0	0.15
2026-07-09T13:01:18.356	421	922	600	1093	2746	2656	3102	3482	3733	489	27.72	1018.79	52.57	225485	AS7341	flash	5	100	999	10	100.0	0.15
2026-07-09T13:01:20.347	421	922	600	1093	2746	2656	3103	3482	3733	490	27.72	1018.77	52.57	224410	AS7341	flash	5	100	999	10	100.0	0.15
2026-07-09T13:01:22.441	421	922	599	1093	2745	2655	3101	3481	3732	490	27.71	1018.76	52.57	223952	AS7341	flash	5	100	999	10	100.0	0.15
2026-07-09T13:01:24.438	421	922	600	1093	2745	2655	3101	3481	3732	490	27.71	1018.78	52.57	223496	AS7341	flash	5	100	999	10	100.0	0.15
2026-07-09T13:01:26.430	421	922	600	1093	2745	2655	3102	3481	3732	489	27.71	1018.77	52.57	223496	AS7341	flash	5	100	999	10	100.0	0.15
2026-07-09T13:01:28.411	421	922	600	1093	2745	2655	3103	3481	3733	489	27.71	1018.78	52.59	225331	AS7341	flash	5	100	999	10	100.0	0.15
2026-07-09T13:01:30.398	421	921	599	1093	2745	2655	3102	3481	3732	489	27.71	1018.77	52.57	223800	AS7341	flash	5	100	999	10	100.0	0.15
2026-07-09T13:01:32.380	421	922	600	1093	2745	2655	3101	3481	3732	489	27.72	1018.81	52.58	224104	AS7341	flash	5	100	999	10	100.0	0.15
2026-07-09T13:01:34.363	421	922	599	1093	2745	2655	3101	3481	3732	489	27.72	1018.76	52.59	228299	AS7341	flash	5	100	999	10	100.0	0.15
2026-07-09T13:01:36.357	421	922	599	1093	2744	2654	3101	3480	3731	489	27.71	1018.75	52.59	224410	AS7341	flash	5	100	999	10	100.0	0.15
2026-07-09T13:01:38.351	421	922	600	1093	2745	2655	3101	3481	3732	489	27.72	1018.8	52.59	223800	AS7341	flash	5	100	999	10	100.0	0.15
2026-07-09T13:01:40.451	421	922	600	1093	2745	2655	3102	3482	3732	489	27.71	1018.8	52.6	223800	AS7341	flash	5	100	999	10	100.0	0.15
2026-07-09T13:01:42.443	421	922	600	1093	2745	2655	3101	3481	3732	490	27.72	1018.8	52.59	223800	AS7341	flash	5	100	999	10	100.0	0.15
2026-07-09T13:01:44.436	421	922	600	1093	2745	2655	3101	3482	3732	489	27.72	1018.76	52.61	224410	AS7341	flash	5	100	999	10	100.0	0.15
2026-07-09T13:01:46.423	421	922	600	1093	2745	2656	3103	3482	3733	489	27.73	1018.79	52.59	224257	AS7341	flash	5	100	999	10	100.0	0.15
2026-07-09T13:01:48.410	421	922	600	1093	2745	2655	3102	3481	3732	490	27.73	1018.78	52.61	223345	AS7341	flash	5	100	999	10	100.0	0.15
2026-07-09T13:01:50.395	421	922	600	1093	2745	2655	3102	3482	3733	490	27.73	1018.79	52.57	224104	AS7341	flash	5	100	999	10	100.0	0.15
2026-07-09T13:01:52.379	421	922	600	1093	2744	2654	3100	3480	3731	489	27.74	1018.77	52.59	224410	AS7341	flash	5	100	999	10	100.0	0.15
2026-07-09T13:01:54.360	421	922	600	1093	2744	2654	3101	3480	3731	490	27.74	1018.78	52.6	224563	AS7341	flash	5	100	999	10	100.0	0.15
2026-07-09T13:01:56.354	421	922	600	1093	2745	2655	3102	3481	3732	489	27.74	1018.79	52.6	224716	AS7341	flash	5	100	999	10	100.0	0.15
2026-07-09T13:01:58.445	421	922	600	1093	2745	2655	3101	3481	3732	490	27.74	1018.82	52.6	223648	AS7341	flash	5	100	999	10	100.0	0.15
2026-07-09T13:02:00.428	421	923	600	1093	2745	2655	3103	3482	3733	489	27.74	1018.77	52.6	223952	AS7341	flash	5	100	999	10	100.0	0.15
2026-07-09T13:02:02.410	421	922	600	1093	2744	2654	3101	3480	3731	489	27.75	1018.8	52.6	223345	AS7341	flash	5	100	999	10	100.0	0.15
2026-07-09T13:02:04.395	421	923	600	1093	2745	2655	3102	3481	3732	490	27.74	1018.79	52.58	223952	AS7341	flash	5	100	999	10	100.0	0.15
2026-07-09T13:02:06.382	421	922	600	1093	2744	2654	3101	3480	3731	489	27.74	1018.78	52.58	224104	AS7341	flash	5	100	999	10	100.0	0.15
2026-07-09T13:02:08.367	421	922	600	1093	2744	2654	3102	3481	3732	489	27.74	1018.8	52.58	223648	AS7341	flash	5	100	999	10	100.0	0.15
2026-07-09T13:02:10.351	421	922	600	1093	2744	2654	3102	3481	3732	489	27.75	1018.8	52.57	223952	AS7341	flash	5	100	999	10	100.0	0.15
2026-07-09T13:02:12.442	421	923	600	1093	2746	2656	3102	3482	3733	489	27.74	1018.78	52.57	223952	AS7341	flash	5	100	999	10	100.0	0.15
2026-07-09T13:02:14.432	421	923	600	1093	2744	2654	3102	3481	3732	489	27.75	1018.78	52.58	223648	AS7341	flash	5	100	999	10	100.0	0.15
2026-07-09T13:02:16.421	421	922	600	1093	2744	2654	3102	3481	3732	489	27.75	1018.79	52.6	223496	AS7341	flash	5	100	999	10	100.0	0.15
2026-07-09T13:02:18.418	421	922	600	1093	2744	2654	3101	3480	3731	490	27.75	1018.74	52.57	223952	AS7341	flash	5	100	999	10	100.0	0.15
2026-07-09T13:02:20.403	421	923	600	1093	2743	2654	3101	3480	3731	489	27.75	1018.82	52.58	223648	AS7341	flash	5	100	999	10	100.0	0.15
2026-07-09T13:02:22.394	421	923	600	1093	2744	2654	3101	3481	3731	489	27.76	1018.83	52.58	223496	AS7341	flash	5	100	999	10	100.0	0.15
2026-07-09T13:02:24.383	421	923	600	1093	2744	2654	3101	3481	3732	489	27.76	1018.8	52.57	223648	AS7341	flash	5	100	999	10	100.0	0.15
2026-07-09T13:02:26.367	421	923	600	1093	2744	2654	3101	3481	3732	489	27.76	1018.81	52.58	223800	AS7341	flash	5	100	999	10	100.0	0.15
2026-07-09T13:02:28.357	421	923	600	1093	2743	2653	3099	3480	3730	489	27.76	1018.83	52.57	225331	AS7341	flash	5	100	999	10	100.0	0.15
2026-07-09T13:02:30.351	421	923	600	1093	2745	2655	3101	3482	3732	489	27.76	1018.8	52.56	224410	AS7341	flash	5	100	999	10	100.0	0.15
2026-07-09T13:02:32.444	421	923	600	1093	2744	2654	3101	3480	3731	489	27.76	1018.81	52.57	223193	AS7341	flash	5	100	999	10	100.0	0.15
2026-07-09T13:02:34.429	421	923	600	1093	2744	2654	3101	3481	3731	490	27.75	1018.81	52.57	223952	AS7341	flash	5	100	999	10	100.0	0.15
2026-07-09T13:02:36.420	421	923	600	1093	2745	2654	3102	3481	3732	489	27.77	1018.79	52.57	224104	AS7341	flash	5	100	999	10	100.0	0.15
2026-07-09T13:02:38.402	421	923	600	1093	2743	2654	3100	3480	3731	489	27.76	1018.77	52.58	223496	AS7341	flash	5	100	999	10	100.0	0.15
2026-07-09T13:02:40.398	421	923	600	1093	2744	2654	3101	3481	3731	489	27.77	1018.77	52.56	224257	AS7341	flash	5	100	999	10	100.0	0.15
2026-07-09T13:02:42.388	421	923	600	1093	2744	2654	3101	3480	3731	489	27.77	1018.79	52.56	224410	AS7341	flash	5	100	999	10	100.0	0.15
2026-07-09T13:02:44.367	421	923	600	1093	2744	2654	3101	3481	3732	489	27.77	1018.78	52.57	223800	AS7341	flash	5	100	999	10	100.0	0.15
2026-07-09T13:02:46.354	421	923	600	1093	2744	2653	3101	3480	3731	489	27.78	1018.82	52.56	223800	AS7341	flash	5	100	999	10	100.0	0.15
2026-07-09T13:02:48.346	421	923	600	1093	2744	2654	3100	3480	3731	489	27.78	1018.81	52.56	223952	AS7341	flash	5	100	999	10	100.0	0.15
2026-07-09T13:02:50.434	421	923	600	1093	2745	2655	3102	3482	3733	490	27.78	1018.8	52.57	223345	AS7341	flash	5	100	999	10	100.0	0.15
2026-07-09T13:02:52.431	421	923	600	1093	2744	2654	3101	3480	3731	489	27.79	1018.79	52.57	223952	AS7341	flash	5	100	999	10	100.0	0.15
2026-07-09T13:02:54.423	421	923	600	1093	2744	2654	3100	3481	3731	489	27.78	1018.77	52.56	223345	AS7341	flash	5	100	999	10	100.0	0.15
2026-07-09T13:02:56.402	421	923	600	1093	2744	2654	3101	3480	3731	489	27.8	1018.8	52.56	224410	AS7341	flash	5	100	999	10	100.0	0.15
2026-07-09T13:02:58.384	421	923	600	1093	2743	2653	3099	3479	3730	489	27.8	1018.8	52.55	223800	AS7341	flash	5	100	999	10	100.0	0.15
2026-07-09T13:03:00.374	421	923	600	1093	2743	2653	3099	3480	3730	490	27.79	1018.79	52.54	224410	AS7341	flash	5	100	999	10	100.0	0.15
2026-07-09T13:03:02.357	421	923	600	1093	2743	2653	3101	3480	3731	489	27.8	1018.81	52.54	224104	AS7341	flash	5	100	999	10	100.0	0.15
2026-07-09T13:03:04.448	421	923	600	1093	2743	2653	3100	3480	3731	489	27.79	1018.82	52.53	223496	AS7341	flash	5	100	999	10	100.0	0.15
2026-07-09T13:03:06.440	421	923	600	1093	2744	2654	3101	3481	3731	489	27.79	1018.78	52.54	223496	AS7341	flash	5	100	999	10	100.0	0.15
2026-07-09T13:03:08.425	421	923	600	1093	2743	2653	3100	3480	3730	489	27.8	1018.78	52.55	223800	AS7341	flash	5	100	999	10	100.0	0.15
2026-07-09T13:03:10.414	421	923	600	1093	2743	2653	3099	3480	3731	489	27.81	1018.81	52.54	224104	AS7341	flash	5	100	999	10	100.0	0.15
2026-07-09T13:03:12.411	421	923	600	1093	2743	2653	3101	3480	3731	489	27.8	1018.84	52.55	223800	AS7341	flash	5	100	999	10	100.0	0.15
2026-07-09T13:03:14.400	421	923	600	1093	2743	2653	3100	3480	3731	489	27.8	1018.77	52.54	223952	AS7341	flash	5	100	999	10	100.0	0.15
2026-07-09T13:03:16.388	421	923	600	1093	2743	2653	3100	3480	3730	489	27.8	1018.82	52.54	223952	AS7341	flash	5	100	999	10	100.0	0.15
2026-07-09T13:03:18.371	421	923	600	1093	2743	2653	3100	3479	3730	489	27.8	1018.79	52.53	223952	AS7341	flash	5	100	999	10	100.0	0.15
2026-07-09T13:03:20.358	421	924	600	1093	2743	2653	3099	3479	3730	490	27.8	1018.76	52.53	223648	AS7341	flash	5	100	999	10	100.0	0.15
2026-07-09T13:03:22.446	421	924	600	1093	2744	2654	3102	3482	3733	489	27.79	1018.79	52.53	223496	AS7341	flash	5	100	999	10	100.0	0.15
2026-07-09T13:03:24.431	421	924	600	1093	2743	2653	3101	3480	3731	490	27.81	1018.79	52.55	223952	AS7341	flash	5	100	999	10	100.0	0.15
2026-07-09T13:03:26.417	421	924	600	1093	2742	2652	3099	3479	3730	489	27.8	1018.78	52.54	223952	AS7341	flash	5	100	999	10	100.0	0.15
2026-07-09T13:03:28.399	421	924	600	1093	2743	2653	3100	3480	3731	489	27.8	1018.79	52.54	223345	AS7341	flash	5	100	999	10	100.0	0.15
2026-07-09T13:03:30.384	421	923	600	1093	2742	2652	3098	3479	3729	489	27.82	1018.78	52.52	224257	AS7341	flash	5	100	999	10	100.0	0.15
2026-07-09T13:03:32.375	421	923	600	1093	2742	2652	3099	3479	3729	490	27.81	1018.77	52.53	224104	AS7341	flash	5	100	999	10	100.0	0.15
2026-07-09T13:03:34.362	421	924	600	1093	2743	2653	3099	3479	3731	489	27.82	1018.79	52.52	224257	AS7341	flash	5	100	999	10	100.0	0.15
2026-07-09T13:03:36.447	421	924	600	1093	2743	2653	3099	3480	3730	489	27.81	1018.79	52.52	223648	AS7341	flash	5	100	999	10	100.0	0.15
2026-07-09T13:03:38.435	421	924	600	1093	2742	2652	3099	3478	3729	490	27.82	1018.79	52.53	223496	AS7341	flash	5	100	999	10	100.0	0.15
2026-07-09T13:03:40.417	421	923	600	1092	2742	2652	3099	3478	3729	489	27.82	1018.77	52.52	224870	AS7341	flash	5	100	999	10	100.0	0.15
2026-07-09T13:03:42.401	421	924	600	1093	2743	2653	3099	3479	3730	489	27.82	1018.83	52.5	223800	AS7341	flash	5	100	999	10	100.0	0.15
2026-07-09T13:03:44.392	421	924	600	1093	2742	2652	3098	3479	3730	490	27.82	1018.78	52.5	223952	AS7341	flash	5	100	999	10	100.0	0.15
2026-07-09T13:03:46.376	421	924	600	1093	2742	2652	3099	3478	3729	490	27.84	1018.77	52.5	224563	AS7341	flash	5	100	999	10	100.0	0.15
2026-07-09T13:03:48.365	421	924	601	1093	2743	2653	3100	3480	3730	489	27.83	1018.81	52.51	223648	AS7341	flash	5	100	999	10	100.0	0.15
2026-07-09T13:03:50.361	421	924	601	1093	2743	2652	3100	3479	3730	489	27.84	1018.81	52.49	224104	AS7341	flash	5	100	999	10	100.0	0.15
2026-07-09T13:03:52.353	421	924	601	1093	2742	2652	3099	3479	3730	489	27.84	1018.77	52.49	223648	AS7341	flash	5	100	999	10	100.0	0.15
2026-07-09T13:03:54.449	421	924	600	1093	2742	2652	3099	3478	3729	489	27.84	1018.79	52.5	223193	AS7341	flash	5	100	999	10	100.0	0.15
2026-07-09T13:03:56.439	421	924	601	1093	2742	2652	3098	3479	3730	489	27.84	1018.8	52.49	223345	AS7341	flash	5	100	999	10	100.0	0.15
2026-07-09T13:03:58.429	421	924	601	1093	2742	2652	3099	3479	3730	489	27.85	1018.78	52.48	224563	AS7341	flash	5	100	999	10	100.0	0.15
2026-07-09T13:04:00.427	421	924	600	1092	2742	2652	3098	3478	3729	489	27.85	1018.79	52.48	223042	AS7341	flash	5	100	999	10	100.0	0.15
2026-07-09T13:04:02.417	421	924	600	1092	2741	2651	3097	3477	3729	488	27.85	1018.8	52.45	223496	AS7341	flash	5	100	999	10	100.0	0.15
2026-07-09T13:04:04.401	421	924	600	1093	2741	2651	3098	3477	3728	488	27.85	1018.77	52.47	223648	AS7341	flash	5	100	999	10	100.0	0.15
2026-07-09T13:04:06.393	421	924	600	1092	2741	2651	3098	3477	3728	489	27.86	1018.82	52.45	224104	AS7341	flash	5	100	999	10	100.0	0.15
2026-07-09T13:04:08.386	421	924	600	1093	2742	2651	3099	3477	3729	489	27.85	1018.8	52.45	224257	AS7341	flash	5	100	999	10	100.0	0.15
2026-07-09T13:04:10.382	421	924	600	1093	2741	2651	3097	3478	3729	490	27.85	1018.79	52.44	223648	AS7341	flash	5	100	999	10	100.0	0.15
2026-07-09T13:04:12.372	421	924	601	1092	2742	2651	3097	3477	3729	490	27.87	1018.82	52.44	224870	AS7341	flash	5	100	999	10	100.0	0.15
2026-07-09T13:04:14.369	421	924	601	1093	2742	2651	3098	3478	3729	490	27.86	1018.78	52.46	223496	AS7341	flash	5	100	999	10	100.0	0.15
2026-07-09T13:04:16.359	421	924	601	1092	2742	2652	3099	3478	3729	489	27.87	1018.79	52.46	223648	AS7341	flash	5	100	999	10	100.0	0.15
2026-07-09T13:04:18.452	421	924	601	1093	2742	2652	3099	3479	3730	490	27.87	1018.79	52.46	225640	AS7341	flash	5	100	999	10	100.0	0.15
2026-07-09T13:04:20.437	421	924	601	1093	2742	2652	3099	3479	3730	489	27.87	1018.79	52.48	224104	AS7341	flash	5	100	999	10	100.0	0.15
2026-07-09T13:04:22.430	421	924	601	1093	2742	2652	3099	3478	3729	489	27.87	1018.8	52.49	224410	AS7341	flash	5	100	999	10	100.0	0.15
2026-07-09T13:04:24.421	421	924	600	1092	2741	2651	3098	3478	3728	489	27.88	1018.79	52.49	223952	AS7341	flash	5	100	999	10	100.0	0.15
2026-07-09T13:04:26.411	421	924	601	1092	2741	2651	3097	3477	3729	489	27.88	1018.8	52.49	223496	AS7341	flash	5	100	999	10	100.0	0.15
2026-07-09T13:04:28.407	421	924	600	1092	2742	2651	3098	3478	3729	489	27.88	1018.8	52.49	223042	AS7341	flash	5	100	999	10	100.0	0.15
2026-07-09T13:04:30.402	421	924	601	1093	2742	2651	3099	3478	3729	489	27.89	1018.79	52.51	223648	AS7341	flash	5	100	999	10	100.0	0.15
2026-07-09T13:04:32.396	421	924	601	1093	2740	2650	3097	3477	3727	488	27.89	1018.8	52.49	223952	AS7341	flash	5	100	999	10	100.0	0.15
2026-07-09T13:04:34.390	421	924	600	1092	2741	2650	3096	3477	3728	489	27.89	1018.81	52.5	226415	AS7341	flash	5	100	999	10	100.0	0.15
2026-07-09T13:04:36.377	421	924	601	1092	2742	2651	3099	3478	3729	489	27.89	1018.82	52.51	223496	AS7341	flash	5	100	999	10	100.0	0.15
2026-07-09T13:04:38.372	421	924	601	1092	2741	2650	3098	3477	3728	489	27.89	1018.76	52.51	223648	AS7341	flash	5	100	999	10	100.0	0.15
2026-07-09T13:04:40.362	421	924	601	1093	2741	2651	3098	3477	3728	488	27.89	1018.79	52.5	223648	AS7341	flash	5	100	999	10	100.0	0.15
2026-07-09T13:04:42.348	421	924	601	1092	2741	2650	3098	3477	3728	488	27.9	1018.8	52.5	223042	AS7341	flash	5	100	999	10	100.0	0.15
2026-07-09T13:04:44.437	421	924	601	1093	2741	2651	3098	3477	3728	489	27.89	1018.79	52.5	223345	AS7341	flash	5	100	999	10	100.0	0.15
2026-07-09T13:04:46.434	421	924	601	1092	2740	2650	3097	3476	3727	488	27.9	1018.81	52.5	223952	AS7341	flash	5	100	999	10	100.0	0.15
2026-07-09T13:04:48.421	421	924	601	1092	2741	2650	3097	3477	3728	489	27.9	1018.78	52.51	228141	AS7341	flash	5	100	999	10	100.0	0.15
2026-07-09T13:04:50.405	421	924	601	1092	2740	2650	3097	3476	3728	490	27.9	1018.79	52.51	223042	AS7341	flash	5	100	999	10	100.0	0.15
2026-07-09T13:04:52.389	421	924	601	1092	2740	2650	3097	3476	3727	488	27.91	1018.79	52.48	224716	AS7341	flash	5	100	999	10	100.0	0.15
2026-07-09T13:04:54.377	421	924	601	1092	2741	2650	3098	3477	3728	488	27.91	1018.81	52.48	224563	AS7341	flash	5	100	999	10	100.0	0.15
2026-07-09T13:04:56.364	421	924	601	1092	2741	2650	3097	3477	3728	489	27.91	1018.8	52.48	223345	AS7341	flash	5	100	999	10	100.0	0.15
2026-07-09T13:04:58.351	421	924	601	1092	2740	2650	3097	3476	3727	488	27.91	1018.78	52.48	226105	AS7341	flash	5	100	999	10	100.0	0.15
2026-07-09T13:05:00.449	421	925	601	1092	2741	2650	3098	3477	3728	488	27.9	1018.81	52.48	223952	AS7341	flash	5	100	999	10	100.0	0.15
2026-07-09T13:05:02.433	421	924	601	1092	2741	2650	3096	3477	3728	490	27.91	1018.78	52.48	225795	AS7341	flash	5	100	999	10	100.0	0.15
2026-07-09T13:05:04.430	421	924	600	1092	2740	2650	3097	3476	3727	489	27.91	1018.79	52.48	223345	AS7341	flash	5	100	999	10	100.0	0.15
2026-07-09T13:05:06.424	421	925	601	1092	2741	2651	3097	3477	3728	490	27.91	1018.77	52.46	223193	AS7341	flash	5	100	999	10	100.0	0.15
2026-07-09T13:05:08.413	421	925	601	1092	2741	2650	3097	3477	3728	488	27.92	1018.8	52.47	223345	AS7341	flash	5	100	999	10	100.0	0.15
2026-07-09T13:05:10.405	421	925	601	1092	2740	2650	3097	3476	3728	489	27.91	1018.79	52.45	227668	AS7341	flash	5	100	999	10	100.0	0.15
2026-07-09T13:05:12.399	421	925	601	1092	2740	2649	3095	3475	3726	488	27.92	1018.8	52.45	223345	AS7341	flash	5	100	999	10	100.0	0.15
2026-07-09T13:05:14.390	421	925	601	1092	2740	2649	3097	3476	3727	489	27.92	1018.79	52.44	224870	AS7341	flash	5	100	999	10	100.0	0.15
2026-07-09T13:05:16.374	421	925	601	1092	2739	2649	3096	3475	3726	488	27.92	1018.77	52.44	224410	AS7341	flash	5	100	999	10	100.0	0.15
2026-07-09T13:05:18.361	421	925	601	1092	2741	2650	3097	3477	3728	489	27.92	1018.75	52.42	223800	AS7341	flash	5	100	999	10	100.0	0.15
2026-07-09T13:05:20.448	421	925	601	1093	2741	2650	3098	3477	3728	489	27.92	1018.75	52.43	223952	AS7341	flash	5	100	999	10	100.0	0.15
2026-07-09T13:05:22.444	421	925	601	1092	2741	2651	3098	3477	3728	490	27.92	1018.79	52.44	224257	AS7341	flash	5	100	999	10	100.0	0.15
2026-07-09T13:05:24.437	421	925	601	1092	2740	2649	3095	3475	3727	488	27.93	1018.78	52.43	225485	AS7341	flash	5	100	999	10	100.0	0.15
2026-07-09T13:05:26.427	421	925	601	1092	2741	2650	3097	3476	3728	488	27.93	1018.77	52.42	223800	AS7341	flash	5	100	999	10	100.0	0.15
2026-07-09T13:05:28.414	421	925	601	1092	2740	2650	3096	3476	3727	489	27.93	1018.78	52.43	223345	AS7341	flash	5	100	999	10	100.0	0.15
2026-07-09T13:05:30.405	421	925	601	1092	2740	2649	3096	3475	3726	488	27.94	1018.79	52.42	223952	AS7341	flash	5	100	999	10	100.0	0.15
2026-07-09T13:05:32.388	421	925	601	1092	2740	2649	3096	3475	3726	488	27.93	1018.76	52.42	223345	AS7341	flash	5	100	999	10	100.0	0.15
2026-07-09T13:05:34.376	421	925	601	1092	2740	2649	3096	3475	3727	488	27.94	1018.78	52.4	223952	AS7341	flash	5	100	999	10	100.0	0.15
2026-07-09T13:05:36.359	421	925	601	1092	2741	2650	3097	3477	3728	489	27.94	1018.79	52.4	227825	AS7341	flash	5	100	999	10	100.0	0.15
2026-07-09T13:05:38.450	421	925	601	1092	2741	2650	3096	3476	3728	488	27.93	1018.8	52.4	223193	AS7341	flash	5	100	999	10	100.0	0.15
2026-07-09T13:05:40.431	421	925	601	1092	2740	2649	3096	3475	3726	488	27.94	1018.75	52.4	223042	AS7341	flash	5	100	999	10	100.0	0.15
2026-07-09T13:05:42.430	421	925	601	1092	2740	2649	3095	3475	3726	488	27.94	1018.76	52.4	223496	AS7341	flash	5	100	999	10	100.0	0.15
2026-07-09T13:05:44.424	421	925	601	1092	2740	2649	3096	3475	3726	488	27.95	1018.78	52.41	223345	AS7341	flash	5	100	999	10	100.0	0.15
2026-07-09T13:05:46.413	421	925	601	1092	2739	2649	3095	3475	3726	488	27.94	1018.76	52.4	224563	AS7341	flash	5	100	999	10	100.0	0.15
2026-07-09T13:05:48.403	421	925	601	1092	2740	2649	3096	3474	3726	488	27.95	1018.77	52.39	223648	AS7341	flash	5	100	999	10	100.0	0.15
2026-07-09T13:05:50.389	421	925	601	1092	2739	2648	3095	3474	3725	489	27.95	1018.79	52.37	223648	AS7341	flash	5	100	999	10	100.0	0.15
2026-07-09T13:05:52.375	421	925	601	1092	2739	2648	3095	3474	3725	488	27.95	1018.75	52.35	224870	AS7341	flash	5	100	999	10	100.0	0.15
2026-07-09T13:05:54.368	421	925	601	1092	2739	2648	3095	3474	3726	488	27.95	1018.77	52.37	223648	AS7341	flash	5	100	999	10	100.0	0.15
2026-07-09T13:05:56.353	421	925	601	1092	2740	2648	3095	3474	3726	488	27.96	1018.79	52.36	223648	AS7341	flash	5	100	999	10	100.0	0.15
2026-07-09T13:05:58.445	421	925	601	1092	2740	2650	3096	3475	3727	488	27.95	1018.76	52.37	223952	AS7341	flash	5	100	999	10	100.0	0.15
2026-07-09T13:06:00.437	421	925	601	1092	2739	2648	3095	3473	3725	488	27.96	1018.78	52.36	225795	AS7341	flash	5	100	999	10	100.0	0.15
2026-07-09T13:06:02.426	421	925	601	1092	2740	2649	3096	3475	3727	488	27.97	1018.82	52.36	226571	AS7341	flash	5	100	999	10	100.0	0.15
2026-07-09T13:06:04.407	421	925	601	1092	2739	2648	3094	3474	3725	489	27.96	1018.73	52.35	224563	AS7341	flash	5	100	999	10	100.0	0.15
2026-07-09T13:06:06.392	421	925	601	1092	2739	2649	3095	3474	3726	488	27.97	1018.78	52.33	223800	AS7341	flash	5	100	999	10	100.0	0.15
2026-07-09T13:06:08.383	421	925	601	1092	2740	2649	3096	3474	3726	488	27.97	1018.77	52.32	223952	AS7341	flash	5	100	999	10	100.0	0.15
2026-07-09T13:06:10.369	421	925	601	1092	2740	2649	3096	3475	3727	489	27.97	1018.79	52.33	226727	AS7341	flash	5	100	999	10	100.0	0.15
2026-07-09T13:06:12.352	421	925	601	1092	2739	2649	3095	3474	3726	489	27.97	1018.78	52.33	223952	AS7341	flash	5	100	999	10	100.0	0.15
2026-07-09T13:06:14.443	421	926	601	1093	2740	2649	3095	3475	3727	488	27.96	1018.78	52.33	224104	AS7341	flash	5	100	999	10	100.0	0.15
2026-07-09T13:06:16.435	421	926	601	1092	2739	2649	3095	3475	3726	488	27.97	1018.76	52.33	222590	AS7341	flash	5	100	999	10	100.0	0.15
2026-07-09T13:06:18.422	421	925	601	1092	2740	2648	3094	3474	3726	488	27.97	1018.79	52.34	223345	AS7341	flash	5	100	999	10	100.0	0.15
2026-07-09T13:06:20.411	421	926	601	1092	2740	2649	3096	3475	3727	488	27.97	1018.79	52.33	226105	AS7341	flash	5	100	999	10	100.0	0.15
2026-07-09T13:06:22.408	421	925	601	1092	2740	2649	3095	3475	3726	488	27.97	1018.79	52.33	223952	AS7341	flash	5	100	999	10	100.0	0.15
2026-07-09T13:06:24.404	421	925	601	1092	2739	2649	3094	3474	3726	488	27.97	1018.76	52.34	224257	AS7341	flash	5	100	999	10	100.0	0.15
2026-07-09T13:06:26.383	421	926	601	1092	2739	2648	3095	3474	3726	488	27.97	1018.77	52.31	223345	AS7341	flash	5	100	999	10	100.0	0.15
2026-07-09T13:06:28.368	421	926	601	1092	2740	2649	3095	3474	3726	488	27.97	1018.8	52.32	223345	AS7341	flash	5	100	999	10	100.0	0.15
2026-07-09T13:06:30.346	421	926	601	1092	2740	2649	3094	3474	3726	489	27.98	1018.77	52.31	224563	AS7341	flash	5	100	999	10	100.0	0.15
2026-07-09T13:06:32.429	421	926	601	1093	2740	2649	3096	3475	3726	488	27.96	1018.72	52.32	222740	AS7341	flash	5	100	999	10	100.0	0.15
2026-07-09T13:06:34.413	422	926	601	1093	2741	2650	3096	3475	3728	489	27.97	1018.79	52.32	225795	AS7341	flash	5	100	999	10	100.0	0.15
2026-07-09T13:06:36.391	421	926	601	1092	2740	2649	3096	3474	3727	488	27.98	1018.76	52.29	223800	AS7341	flash	5	100	999	10	100.0	0.15
2026-07-09T13:06:38.364	421	926	601	1092	2739	2648	3094	3473	3725	488	27.98	1018.79	52.31	223952	AS7341	flash	5	100	999	10	100.0	0.15
2026-07-09T13:06:40.440	422	926	601	1093	2741	2649	3096	3475	3727	490	27.98	1018.78	52.31	223952	AS7341	flash	5	100	999	10	100.0	0.15
2026-07-09T13:06:42.421	421	926	601	1092	2739	2649	3095	3473	3726	488	27.98	1018.75	52.3	223193	AS7341	flash	5	100	999	10	100.0	0.15
2026-07-09T13:06:44.405	422	926	601	1092	2740	2649	3095	3474	3726	488	27.99	1018.81	52.31	223648	AS7341	flash	5	100	999	10	100.0	0.15
2026-07-09T13:06:46.393	421	926	601	1092	2739	2648	3093	3473	3725	488	27.99	1018.79	52.31	226105	AS7341	flash	5	100	999	10	100.0	0.15
2026-07-09T13:06:48.385	421	926	601	1092	2740	2648	3095	3474	3726	488	27.99	1018.76	52.29	223800	AS7341	flash	5	100	999	10	100.0	0.15
2026-07-09T13:06:50.381	421	926	601	1092	2739	2648	3094	3473	3725	488	27.99	1018.8	52.28	223952	AS7341	flash	5	100	999	10	100.0	0.15
2026-07-09T13:06:52.371	421	926	601	1092	2739	2648	3094	3473	3725	488	27.99	1018.75	52.28	224257	AS7341	flash	5	100	999	10	100.0	0.15
2026-07-09T13:06:54.462	422	926	601	1093	2740	2649	3096	3475	3727	490	27.99	1018.78	52.29	224716	AS7341	flash	5	100	999	10	100.0	0.15
2026-07-09T13:06:56.449	421	926	601	1092	2740	2649	3096	3474	3727	488	27.99	1018.77	52.3	223042	AS7341	flash	5	100	999	10	100.0	0.15
2026-07-09T13:06:58.443	421	926	601	1092	2740	2649	3095	3474	3726	489	28.0	1018.76	52.28	223800	AS7341	flash	5	100	999	10	100.0	0.15
2026-07-09T13:07:00.428	421	926	601	1092	2739	2648	3095	3473	3726	488	27.99	1018.79	52.29	224257	AS7341	flash	5	100	999	10	100.0	0.15
2026-07-09T13:07:02.414	421	926	601	1091	2739	2648	3095	3473	3725	488	28.0	1018.78	52.3	223648	AS7341	flash	5	100	999	10	100.0	0.15
2026-07-09T13:07:04.413	421	926	601	1092	2739	2648	3094	3473	3726	488	28.0	1018.8	52.3	225485	AS7341	flash	5	100	999	10	100.0	0.15
2026-07-09T13:07:06.397	421	926	601	1092	2739	2648	3095	3473	3725	488	28.0	1018.76	52.29	227196	AS7341	flash	5	100	999	10	100.0	0.15
2026-07-09T13:07:08.385	421	926	601	1092	2739	2648	3095	3473	3725	488	28.0	1018.75	52.29	224563	AS7341	flash	5	100	999	10	100.0	0.15
2026-07-09T13:07:10.371	421	926	601	1092	2739	2648	3095	3472	3725	488	28.0	1018.78	52.3	224257	AS7341	flash	5	100	999	10	100.0	0.15
2026-07-09T13:07:12.462	421	926	601	1092	2740	2649	3096	3474	3727	489	27.99	1018.8	52.3	223042	AS7341	flash	5	100	999	10	100.0	0.15
2026-07-09T13:07:14.448	421	926	602	1092	2739	2648	3095	3473	3725	488	28.0	1018.79	52.3	225795	AS7341	flash	5	100	999	10	100.0	0.15
2026-07-09T13:07:16.437	421	926	601	1092	2739	2648	3094	3473	3725	488	28.01	1018.79	52.29	224257	AS7341	flash	5	100	999	10	100.0	0.15
2026-07-09T13:07:18.419	421	926	601	1092	2740	2649	3094	3474	3726	488	28.0	1018.78	52.3	224257	AS7341	flash	5	100	999	10	100.0	0.15
2026-07-09T13:07:20.414	422	926	602	1093	2740	2649	3096	3474	3726	488	28.01	1018.77	52.29	224870	AS7341	flash	5	100	999	10	100.0	0.15
2026-07-09T13:07:22.399	421	926	602	1091	2739	2648	3095	3473	3726	488	28.02	1018.8	52.27	225331	AS7341	flash	5	100	999	10	100.0	0.15
2026-07-09T13:07:24.387	421	926	601	1092	2740	2649	3096	3474	3727	489	28.01	1018.78	52.28	225023	AS7341	flash	5	100	999	10	100.0	0.15
2026-07-09T13:07:26.473	422	926	601	1093	2740	2649	3095	3474	3726	488	28.0	1018.77	52.29	222891	AS7341	flash	5	100	999	10	100.0	0.15
2026-07-09T13:07:28.472	421	926	601	1092	2740	2648	3094	3473	3726	488	28.01	1018.76	52.28	228616	AS7341	flash	5	100	999	10	100.0	0.15
2026-07-09T13:07:30.463	421	926	601	1092	2739	2648	3094	3472	3725	489	28.01	1018.76	52.27	224563	AS7341	flash	5	100	999	10	100.0	0.15
2026-07-09T13:07:32.452	421	926	602	1092	2740	2648	3094	3473	3726	488	28.02	1018.78	52.26	224410	AS7341	flash	5	100	999	10	100.0	0.15
2026-07-09T13:07:34.434	422	927	602	1093	2739	2648	3095	3473	3725	489	28.02	1018.79	52.26	224563	AS7341	flash	5	100	999	10	100.0	0.15
2026-07-09T13:07:36.421	421	926	602	1091	2739	2648	3095	3473	3726	488	28.02	1018.75	52.25	227668	AS7341	flash	5	100	999	10	100.0	0.15
2026-07-09T13:07:38.411	422	926	602	1092	2739	2648	3095	3473	3726	488	28.02	1018.76	52.25	224716	AS7341	flash	5	100	999	10	100.0	0.15
2026-07-09T13:07:40.397	422	927	602	1093	2740	2649	3095	3473	3726	488	28.02	1018.81	52.25	223648	AS7341	flash	5	100	999	10	100.0	0.15
2026-07-09T13:07:42.388	422	926	602	1091	2739	2648	3094	3473	3726	488	28.02	1018.77	52.24	223345	AS7341	flash	5	100	999	10	100.0	0.15
2026-07-09T13:07:44.469	422	927	602	1093	2740	2649	3095	3474	3726	489	28.02	1018.79	52.25	226883	AS7341	flash	5	100	999	10	100.0	0.15
2026-07-09T13:07:46.452	421	926	601	1091	2739	2648	3095	3473	3726	488	28.02	1018.8	52.26	227510	AS7341	flash	5	100	999	10	100.0	0.15
2026-07-09T13:07:48.448	422	926	602	1091	2740	2649	3095	3473	3726	488	28.01	1018.73	52.25	227825	AS7341	flash	5	100	999	10	100.0	0.15
2026-07-09T13:07:50.440	422	927	602	1092	2740	2649	3095	3473	3726	488	28.02	1018.79	52.25	223345	AS7341	flash	5	100	999	10	100.0	0.15
2026-07-09T13:07:52.428	422	927	602	1093	2740	2649	3095	3474	3727	488	28.01	1018.74	52.25	224257	AS7341	flash	5	100	999	10	100.0	0.15
2026-07-09T13:07:54.412	422	927	602	1092	2740	2648	3094	3473	3726	488	28.01	1018.74	52.25	224563	AS7341	flash	5	100	999	10	100.0	0.15
2026-07-09T13:07:56.394	422	927	602	1093	2740	2648	3095	3473	3726	488	28.02	1018.78	52.25	223496	AS7341	flash	5	100	999	10	100.0	0.15
2026-07-09T13:07:58.482	422	927	602	1092	2740	2649	3096	3474	3727	489	28.01	1018.75	52.27	222740	AS7341	flash	5	100	999	10	100.0	0.15
2026-07-09T13:08:00.468	422	927	602	1093	2741	2649	3096	3474	3727	489	28.01	1018.73	52.27	223648	AS7341	flash	5	100	999	10	100.0	0.15
2026-07-09T13:08:02.454	422	927	602	1092	2740	2649	3095	3473	3726	490	28.01	1018.77	52.27	224716	AS7341	flash	5	100	999	10	100.0	0.15
2026-07-09T13:08:04.444	422	927	602	1092	2740	2649	3096	3473	3726	488	28.02	1018.76	52.26	223496	AS7341	flash	5	100	999	10	100.0	0.15
2026-07-09T13:08:06.429	422	926	602	1092	2739	2647	3094	3472	3725	488	28.01	1018.8	52.26	224257	AS7341	flash	5	100	999	10	100.0	0.15
2026-07-09T13:08:08.412	421	927	602	1091	2739	2648	3095	3472	3725	489	28.01	1018.75	52.26	227196	AS7341	flash	5	100	999	10	100.0	0.15
2026-07-09T13:08:10.405	421	927	602	1092	2739	2648	3095	3472	3725	488	28.01	1018.77	52.27	224716	AS7341	flash	5	100	999	10	100.0	0.15
2026-07-09T13:08:12.390	422	927	602	1093	2740	2648	3095	3473	3726	488	28.02	1018.78	52.27	224870	AS7341	flash	5	100	999	10	100.0	0.15
2026-07-09T13:08:14.385	422	927	602	1092	2740	2648	3095	3473	3726	489	28.02	1018.75	52.26	224870	AS7341	flash	5	100	999	10	100.0	0.15
2026-07-09T13:08:16.481	422	927	602	1092	2740	2648	3095	3473	3726	489	28.01	1018.77	52.25	225485	AS7341	flash	5	100	999	10	100.0	0.15
2026-07-09T13:08:18.477	421	927	602	1092	2739	2648	3094	3473	3725	488	28.01	1018.73	52.27	227668	AS7341	flash	5	100	999	10	100.0	0.15
2026-07-09T13:08:20.464	421	927	602	1091	2740	2649	3094	3473	3727	489	28.02	1018.79	52.27	227825	AS7341	flash	5	100	999	10	100.0	0.15
2026-07-09T13:08:22.450	422	927	602	1091	2740	2648	3094	3473	3726	489	28.02	1018.78	52.26	228141	AS7341	flash	5	100	999	10	100.0	0.15
2026-07-09T13:08:24.444	421	927	602	1092	2740	2649	3096	3473	3726	488	28.02	1018.75	52.25	223648	AS7341	flash	5	100	999	10	100.0	0.15
2026-07-09T13:08:26.434	422	927	602	1092	2740	2649	3095	3474	3727	489	28.01	1018.78	52.25	228141	AS7341	flash	5	100	999	10	100.0	0.15
2026-07-09T13:08:28.420	422	927	602	1092	2739	2648	3095	3472	3725	488	28.02	1018.77	52.25	224257	AS7341	flash	5	100	999	10	100.0	0.15
2026-07-09T13:08:30.409	422	927	602	1092	2741	2649	3096	3474	3727	489	28.02	1018.73	52.26	224410	AS7341	flash	5	100	999	10	100.0	0.15
2026-07-09T13:08:32.399	422	927	602	1092	2740	2649	3096	3473	3727	490	28.02	1018.76	52.25	228457	AS7341	flash	5	100	999	10	100.0	0.15
2026-07-09T13:08:34.397	422	927	602	1093	2740	2649	3094	3473	3726	488	28.02	1018.76	52.26	224563	AS7341	flash	5	100	999	10	100.0	0.15
2026-07-09T13:08:36.396	422	927	602	1092	2740	2649	3095	3473	3726	489	28.02	1018.75	52.25	227353	AS7341	flash	5	100	999	10	100.0	0.15
2026-07-09T13:08:38.389	421	927	602	1091	2739	2648	3093	3472	3725	488	28.02	1018.74	52.25	225795	AS7341	flash	5	100	999	10	100.0	0.15
2026-07-09T13:08:40.383	422	927	602	1093	2740	2648	3095	3473	3726	488	28.02	1018.76	52.26	224870	AS7341	flash	5	100	999	10	100.0	0.15
2026-07-09T13:08:42.478	422	927	602	1093	2741	2649	3096	3474	3727	490	28.02	1018.76	52.27	226415	AS7341	flash	5	100	999	10	100.0	0.15
2026-07-09T13:08:44.461	422	927	602	1092	2740	2649	3095	3473	3726	488	28.02	1018.72	52.26	226571	AS7341	flash	5	100	999	10	100.0	0.15
2026-07-09T13:08:46.441	422	927	602	1092	2740	2649	3095	3474	3727	489	28.03	1018.78	52.26	223496	AS7341	flash	5	100	999	10	100.0	0.15
2026-07-09T13:08:48.434	422	927	602	1092	2740	2649	3096	3474	3727	490	28.03	1018.75	52.25	227825	AS7341	flash	5	100	999	10	100.0	0.15
2026-07-09T13:08:50.429	422	927	602	1092	2741	2649	3095	3474	3727	489	28.02	1018.74	52.25	223648	AS7341	flash	5	100	999	10	100.0	0.15
2026-07-09T13:08:52.417	422	927	602	1092	2740	2648	3095	3473	3726	488	28.03	1018.74	52.24	223648	AS7341	flash	5	100	999	10	100.0	0.15
2026-07-09T13:08:54.413	422	927	602	1092	2740	2649	3094	3473	3726	488	28.03	1018.78	52.22	223800	AS7341	flash	5	100	999	10	100.0	0.15
2026-07-09T13:08:56.392	422	927	602	1092	2740	2648	3095	3473	3726	488	28.03	1018.77	52.22	224870	AS7341	flash	5	100	999	10	100.0	0.15
2026-07-09T13:08:58.482	422	927	602	1092	2741	2650	3096	3474	3727	489	28.03	1018.76	52.23	222740	AS7341	flash	5	100	999	10	100.0	0.15
2026-07-09T13:09:00.473	422	927	602	1092	2741	2649	3096	3474	3727	489	28.04	1018.74	52.22	224104	AS7341	flash	5	100	999	10	100.0	0.15
2026-07-09T13:09:02.455	422	927	602	1092	2740	2649	3096	3473	3727	488	28.04	1018.77	52.24	223648	AS7341	flash	5	100	999	10	100.0	0.15
2026-07-09T13:09:04.447	422	927	602	1092	2740	2649	3095	3473	3727	490	28.04	1018.77	52.21	226727	AS7341	flash	5	100	999	10	100.0	0.15
2026-07-09T13:09:06.431	422	927	602	1092	2740	2649	3096	3474	3727	490	28.05	1018.76	52.21	227353	AS7341	flash	5	100	999	10	100.0	0.15
2026-07-09T13:09:08.423	422	927	602	1092	2740	2649	3096	3474	3727	489	28.05	1018.77	52.22	223648	AS7341	flash	5	100	999	10	100.0	0.15
2026-07-09T13:09:10.407	422	927	602	1092	2740	2649	3096	3473	3726	488	28.05	1018.74	52.19	228141	AS7341	flash	5	100	999	10	100.0	0.15
2026-07-09T13:09:12.406	422	927	602	1092	2741	2649	3095	3474	3727	489	28.05	1018.75	52.19	223952	AS7341	flash	5	100	999	10	100.0	0.15
2026-07-09T13:09:14.393	422	927	602	1092	2740	2649	3095	3473	3726	488	28.05	1018.74	52.19	226571	AS7341	flash	5	100	999	10	100.0	0.15
2026-07-09T13:09:16.386	422	927	602	1092	2740	2649	3096	3473	3727	489	28.05	1018.75	52.19	224563	AS7341	flash	5	100	999	10	100.0	0.15
2026-07-09T13:09:18.476	422	928	602	1092	2741	2650	3097	3474	3727	489	28.04	1018.75	52.2	223042	AS7341	flash	5	100	999	10	100.0	0.15
2026-07-09T13:09:20.460	422	927	602	1092	2740	2648	3095	3473	3726	488	28.05	1018.72	52.2	226883	AS7341	flash	5	100	999	10	100.0	0.15
2026-07-09T13:09:22.455	422	927	602	1092	2740	2648	3095	3472	3725	488	28.05	1018.74	52.2	223345	AS7341	flash	5	100	999	10	100.0	0.15
2026-07-09T13:09:24.444	422	927	602	1092	2740	2648	3095	3472	3725	488	28.05	1018.76	52.2	227040	AS7341	flash	5	100	999	10	100.0	0.15
2026-07-09T13:09:26.436	422	927	602	1092	2740	2648	3095	3472	3726	488	28.06	1018.75	52.19	225485	AS7341	flash	5	100	999	10	100.0	0.15
2026-07-09T13:09:28.424	422	927	602	1092	2740	2648	3094	3472	3725	489	28.05	1018.77	52.18	224716	AS7341	flash	5	100	999	10	100.0	0.15
2026-07-09T13:09:30.417	422	927	602	1092	2740	2649	3096	3473	3727	489	28.05	1018.72	52.2	225331	AS7341	flash	5	100	999	10	100.0	0.15
2026-07-09T13:09:32.408	422	927	602	1092	2739	2648	3095	3472	3725	488	28.05	1018.75	52.2	227353	AS7341	flash	5	100	999	10	100.0	0.15
2026-07-09T13:09:34.398	422	927	602	1092	2741	2649	3096	3473	3727	489	28.05	1018.72	52.2	226571	AS7341	flash	5	100	999	10	100.0	0.15
2026-07-09T13:09:36.385	422	927	602	1091	2739	2648	3095	3472	3725	488	28.06	1018.77	52.22	224870	AS7341	flash	5	100	999	10	100.0	0.15
2026-07-09T13:09:38.479	422	928	602	1092	2740	2648	3094	3472	3725	488	28.04	1018.73	52.22	225485	AS7341	flash	5	100	999	10	100.0	0.15
2026-07-09T13:09:40.465	422	927	602	1092	2739	2648	3094	3472	3725	488	28.05	1018.75	52.22	224257	AS7341	flash	5	100	999	10	100.0	0.15
2026-07-09T13:09:42.450	422	927	602	1092	2740	2648	3094	3472	3726	488	28.05	1018.72	52.19	227825	AS7341	flash	5	100	999	10	100.0	0.15
2026-07-09T13:09:44.436	422	927	602	1092	2740	2649	3096	3473	3726	489	28.05	1018.74	52.21	227510	AS7341	flash	5	100	999	10	100.0	0.15
2026-07-09T13:09:46.423	422	927	602	1091	2740	2649	3095	3473	3726	488	28.06	1018.76	52.2	224563	AS7341	flash	5	100	999	10	100.0	0.15
2026-07-09T13:09:48.405	422	927	602	1092	2740	2648	3094	3472	3726	488	28.05	1018.74	52.18	223800	AS7341	flash	5	100	999	10	100.0	0.15
2026-07-09T13:09:50.396	422	928	602	1092	2740	2649	3096	3473	3726	489	28.05	1018.72	52.18	223042	AS7341	flash	5	100	999	10	100.0	0.15
2026-07-09T13:09:52.485	422	928	602	1092	2740	2649	3095	3473	3726	488	28.05	1018.75	52.19	227353	AS7341	flash	5	100	999	10	100.0	0.15
2026-07-09T13:09:54.473	422	927	602	1092	2739	2648	3094	3472	3725	488	28.06	1018.79	52.18	224257	AS7341	flash	5	100	999	10	100.0	0.15
2026-07-09T13:09:56.465	422	927	602	1092	2740	2648	3095	3472	3726	489	28.06	1018.73	52.18	224870	AS7341	flash	5	100	999	10	100.0	0.15
2026-07-09T13:09:58.449	422	928	602	1092	2740	2648	3095	3472	3725	488	28.06	1018.74	52.18	225023	AS7341	flash	5	100	999	10	100.0	0.15
2026-07-09T13:10:00.436	422	928	602	1092	2740	2649	3095	3473	3726	488	28.06	1018.73	52.16	225177	AS7341	flash	5	100	999	10	100.0	0.15
2026-07-09T13:10:02.425	422	928	602	1092	2740	2648	3095	3472	3726	488	28.06	1018.72	52.16	227825	AS7341	flash	5	100	999	10	100.0	0.15
2026-07-09T13:10:04.417	422	928	602	1092	2739	2648	3095	3472	3726	488	28.06	1018.76	52.15	225795	AS7341	flash	5	100	999	10	100.0	0.15
2026-07-09T13:10:06.406	422	927	602	1092	2740	2648	3095	3472	3725	488	28.07	1018.73	52.15	228616	AS7341	flash	5	100	999	10	100.0	0.15
2026-07-09T13:10:08.390	422	928	602	1092	2740	2648	3094	3472	3726	488	28.06	1018.71	52.15	225177	AS7341	flash	5	100	999	10	100.0	0.15
2026-07-09T13:10:10.385	422	927	602	1092	2740	2648	3094	3471	3725	488	28.07	1018.72	52.15	227040	AS7341	flash	5	100	999	10	100.0	0.15
2026-07-09T13:10:12.479	422	928	602	1092	2740	2648	3095	3472	3726	488	28.06	1018.68	52.14	226571	AS7341	flash	5	100	999	10	100.0	0.15
2026-07-09T13:10:14.461	422	928	602	1092	2740	2649	3096	3473	3727	488	28.07	1018.72	52.14	225485	AS7341	flash	5	100	999	10	100.0	0.15
2026-07-09T13:10:16.460	422	928	602	1092	2740	2648	3095	3472	3726	489	28.07	1018.74	52.14	226105	AS7341	flash	5	100	999	10	100.0	0.15
2026-07-09T13:10:18.446	422	927	602	1092	2739	2648	3094	3471	3725	488	28.06	1018.71	52.13	226415	AS7341	flash	5	100	999	10	100.0	0.15
2026-07-09T13:10:20.432	422	928	602	1092	2739	2648	3093	3472	3725	488	28.07	1018.73	52.13	224716	AS7341	flash	5	100	999	10	100.0	0.15
2026-07-09T13:10:22.414	422	928	602	1092	2740	2648	3094	3472	3726	488	28.06	1018.73	52.13	223648	AS7341	flash	5	100	999	10	100.0	0.15
2026-07-09T13:10:24.404	422	928	602	1092	2739	2648	3094	3471	3725	488	28.07	1018.71	52.13	225177	AS7341	flash	5	100	999	10	100.0	0.15
2026-07-09T13:10:26.395	422	927	602	1092	2739	2648	3095	3471	3725	488	28.06	1018.7	52.11	225485	AS7341	flash	5	100	999	10	100.0	0.15
2026-07-09T13:10:28.384	422	928	601	1092	2740	2648	3095	3472	3726	488	28.06	1018.71	52.12	225177	AS7341	flash	5	100	999	10	100.0	0.15
2026-07-09T13:10:30.378	422	928	602	1092	2740	2648	3095	3472	3725	489	28.07	1018.73	52.13	225949	AS7341	flash	5	100	999	10	100.0	0.15
2026-07-09T13:10:32.471	422	928	602	1092	2740	2649	3094	3472	3726	489	28.06	1018.7	52.14	227040	AS7341	flash	5	100	999	10	100.0	0.15
2026-07-09T13:10:34.464	422	928	602	1092	2740	2649	3096	3472	3726	488	28.06	1018.69	52.13	228616	AS7341	flash	5	100	999	10	100.0	0.15
2026-07-09T13:10:36.445	422	928	602	1092	2740	2648	3093	3471	3725	488	28.07	1018.77	52.14	224257	AS7341	flash	5	100	999	10	100.0	0.15
2026-07-09T13:10:38.435	422	928	601	1092	2740	2648	3094	3472	3725	488	28.06	1018.74	52.12	223496	AS7341	flash	5	100	999	10	100.0	0.15
2026-07-09T13:10:40.430	422	927	602	1092	2740	2649	3095	3472	3726	489	28.06	1018.74	52.13	226727	AS7341	flash	5	100	999	10	100.0	0.15
2026-07-09T13:10:42.423	422	928	602	1092	2740	2648	3095	3471	3725	488	28.06	1018.72	52.12	224870	AS7341	flash	5	100	999	10	100.0	0.15
2026-07-09T13:10:44.407	422	928	602	1092	2740	2649	3095	3472	3726	489	28.06	1018.77	52.13	224870	AS7341	flash	5	100	999	10	100.0	0.15
2026-07-09T13:10:46.395	422	928	602	1092	2740	2648	3094	3472	3725	488	28.06	1018.72	52.13	224870	AS7341	flash	5	100	999	10	100.0	0.15
2026-07-09T13:10:48.478	422	928	602	1092	2741	2650	3095	3473	3727	489	28.06	1018.72	52.14	222740	AS7341	flash	5	100	999	10	100.0	0.15
2026-07-09T13:10:50.460	422	928	601	1092	2740	2648	3095	3471	3725	488	28.06	1018.74	52.14	226727	AS7341	flash	5	100	999	10	100.0	0.15
2026-07-09T13:10:52.444	422	928	602	1092	2740	2649	3095	3472	3726	489	28.06	1018.72	52.14	224563	AS7341	flash	5	100	999	10	100.0	0.15
2026-07-09T13:10:54.425	422	928	602	1092	2740	2648	3094	3471	3725	488	28.06	1018.74	52.11	223345	AS7341	flash	5	100	999	10	100.0	0.15
2026-07-09T13:10:56.411	422	928	602	1092	2740	2649	3095	3472	3726	489	28.06	1018.72	52.14	223952	AS7341	flash	5	100	999	10	100.0	0.15
2026-07-09T13:10:58.399	422	928	602	1092	2739	2648	3094	3471	3725	488	28.06	1018.72	52.13	225177	AS7341	flash	5	100	999	10	100.0	0.15
2026-07-09T13:11:00.382	422	928	601	1092	2740	2649	3095	3472	3726	488	28.06	1018.75	52.13	223800	AS7341	flash	5	100	999	10	100.0	0.15
2026-07-09T13:11:02.479	422	928	602	1092	2740	2648	3095	3472	3726	488	28.06	1018.71	52.13	226260	AS7341	flash	5	100	999	10	100.0	0.15
2026-07-09T13:11:04.464	422	928	602	1092	2741	2649	3096	3473	3726	490	28.07	1018.77	52.13	223345	AS7341	flash	5	100	999	10	100.0	0.15
2026-07-09T13:11:06.447	422	928	602	1092	2740	2649	3094	3472	3726	488	28.06	1018.72	52.13	224870	AS7341	flash	5	100	999	10	100.0	0.15
2026-07-09T13:11:08.437	422	928	602	1092	2741	2649	3096	3472	3727	489	28.07	1018.73	52.11	223952	AS7341	flash	5	100	999	10	100.0	0.15
2026-07-09T13:11:10.430	422	928	602	1092	2741	2649	3096	3472	3727	490	28.07	1018.75	52.11	226415	AS7341	flash	5	100	999	10	100.0	0.15
2026-07-09T13:11:12.422	422	928	602	1092	2741	2649	3096	3472	3726	489	28.07	1018.74	52.11	228141	AS7341	flash	5	100	999	10	100.0	0.15
2026-07-09T13:11:14.407	422	928	602	1092	2740	2648	3095	3472	3726	488	28.07	1018.73	52.11	226105	AS7341	flash	5	100	999	10	100.0	0.15
2026-07-09T13:11:16.394	422	928	602	1093	2741	2649	3095	3473	3727	489	28.07	1018.74	52.11	225485	AS7341	flash	5	100	999	10	100.0	0.15
2026-07-09T13:11:18.480	422	928	601	1092	2740	2649	3095	3472	3726	488	28.06	1018.75	52.11	224257	AS7341	flash	5	100	999	10	100.0	0.15
2026-07-09T13:11:20.472	422	928	602	1092	2741	2649	3095	3473	3727	489	28.06	1018.72	52.11	224257	AS7341	flash	5	100	999	10	100.0	0.15
2026-07-09T13:11:22.464	422	928	603	1092	2740	2648	3095	3471	3725	488	28.07	1018.72	52.11	225949	AS7341	flash	5	100	999	10	100.0	0.15
2026-07-09T13:11:24.454	422	928	602	1092	2741	2649	3095	3472	3726	488	28.06	1018.75	52.11	225949	AS7341	flash	5	100	999	10	100.0	0.15
2026-07-09T13:11:26.446	422	928	602	1092	2741	2649	3095	3472	3726	489	28.07	1018.72	52.11	227983	AS7341	flash	5	100	999	10	100.0	0.15
2026-07-09T13:11:28.440	422	928	602	1092	2740	2648	3095	3471	3726	488	28.07	1018.74	52.11	226105	AS7341	flash	5	100	999	10	100.0	0.15
2026-07-09T13:11:30.425	422	928	602	1092	2740	2649	3095	3471	3726	488	28.07	1018.74	52.11	227510	AS7341	flash	5	100	999	10	100.0	0.15
2026-07-09T13:11:32.415	422	928	602	1092	2741	2650	3095	3473	3727	489	28.06	1018.75	52.11	224257	AS7341	flash	5	100	999	10	100.0	0.15
2026-07-09T13:11:34.413	422	928	602	1092	2741	2650	3097	3473	3728	489	28.06	1018.77	52.11	228457	AS7341	flash	5	100	999	10	100.0	0.15
2026-07-09T13:11:36.400	422	928	602	1092	2740	2649	3095	3472	3726	489	28.06	1018.73	52.13	225177	AS7341	flash	5	100	999	10	100.0	0.15
2026-07-09T13:11:38.397	422	928	603	1092	2742	2650	3097	3474	3728	489	28.06	1018.74	52.13	224410	AS7341	flash	5	100	999	10	100.0	0.15
2026-07-09T13:11:40.388	422	928	602	1092	2741	2649	3096	3472	3726	489	28.05	1018.75	52.12	227510	AS7341	flash	5	100	999	10	100.0	0.15
2026-07-09T13:11:42.480	422	928	603	1093	2741	2649	3096	3473	3726	489	28.05	1018.75	52.13	224257	AS7341	flash	5	100	999	10	100.0	0.15
2026-07-09T13:11:44.472	422	928	603	1092	2741	2649	3096	3473	3727	489	28.05	1018.76	52.13	224716	AS7341	flash	5	100	999	10	100.0	0.15
2026-07-09T13:11:46.465	422	928	601	1092	2741	2649	3095	3472	3726	489	28.06	1018.74	52.14	226105	AS7341	flash	5	100	999	10	100.0	0.15
2026-07-09T13:11:48.447	422	928	602	1092	2740	2649	3094	3471	3726	488	28.06	1018.73	52.13	228775	AS7341	flash	5	100	999	10	100.0	0.15
2026-07-09T13:11:50.442	422	928	603	1092	2741	2649	3096	3472	3726	489	28.05	1018.74	52.12	225331	AS7341	flash	5	100	999	10	100.0	0.15
2026-07-09T13:11:52.430	422	928	603	1092	2741	2649	3096	3472	3725	488	28.06	1018.75	52.14	227353	AS7341	flash	5	100	999	10	100.0	0.15
2026-07-09T13:11:54.415	422	928	602	1092	2740	2649	3095	3472	3726	488	28.06	1018.7	52.12	228616	AS7341	flash	5	100	999	10	100.0	0.15
2026-07-09T13:11:56.393	422	928	603	1092	2741	2649	3096	3472	3727	488	28.05	1018.73	52.12	225485	AS7341	flash	5	100	999	10	100.0	0.15
2026-07-09T13:11:58.393	422	928	601	1092	2741	2649	3095	3472	3726	488	28.06	1018.7	52.13	227353	AS7341	flash	5	100	999	10	100.0	0.15
2026-07-09T13:12:00.479	422	928	603	1092	2741	2650	3096	3473	3727	489	28.05	1018.74	52.12	226727	AS7341	flash	5	100	999	10	100.0	0.15
2026-07-09T13:12:02.464	422	928	603	1092	2741	2649	3096	3473	3726	489	28.06	1018.76	52.13	226571	AS7341	flash	5	100	999	10	100.0	0.15
2026-07-09T13:12:04.449	422	928	603	1092	2741	2649	3095	3472	3727	489	28.06	1018.76	52.13	225023	AS7341	flash	5	100	999	10	100.0	0.15
2026-07-09T13:12:06.441	422	928	602	1092	2741	2649	3095	3472	3727	489	28.06	1018.76	52.13	224410	AS7341	flash	5	100	999	10	100.0	0.15
2026-07-09T13:12:08.429	422	928	602	1092	2741	2649	3096	3473	3726	489	28.06	1018.76	52.13	225485	AS7341	flash	5	100	999	10	100.0	0.15
2026-07-09T13:12:10.423	422	928	602	1092	2742	2650	3096	3473	3726	489	28.06	1018.78	52.13	223648	AS7341	flash	5	100	999	10	100.0	0.15
2026-07-09T13:12:12.407	422	928	602	1092	2741	2649	3095	3473	3727	489	28.05	1018.77	52.14	225331	AS7341	flash	5	100	999	10	100.0	0.15
2026-07-09T13:12:14.397	422	928	602	1092	2741	2649	3097	3473	3726	489	28.06	1018.72	52.14	225331	AS7341	flash	5	100	999	10	100.0	0.15
2026-07-09T13:12:16.392	422	928	602	1092	2741	2650	3095	3473	3727	489	28.07	1018.74	52.12	228616	AS7341	flash	5	100	999	10	100.0	0.15
2026-07-09T13:12:18.383	422	928	602	1092	2741	2650	3096	3473	3726	489	28.07	1018.79	52.11	228775	AS7341	flash	5	100	999	10	100.0	0.15
2026-07-09T13:12:20.473	422	928	602	1093	2742	2650	3097	3473	3727	489	28.06	1018.8	52.12	226883	AS7341	flash	5	100	999	10	100.0	0.15
2026-07-09T13:12:22.464	422	928	602	1092	2741	2650	3096	3473	3726	489	28.06	1018.76	52.13	226571	AS7341	flash	5	100	999	10	100.0	0.15
2026-07-09T13:12:24.448	422	928	603	1092	2741	2650	3096	3473	3726	489	28.07	1018.73	52.12	224104	AS7341	flash	5	100	999	10	100.0	0.15
2026-07-09T13:12:26.435	422	928	602	1092	2741	2649	3096	3472	3726	489	28.07	1018.76	52.12	224410	AS7341	flash	5	100	999	10	100.0	0.15
2026-07-09T13:12:28.419	422	928	602	1092	2742	2650	3097	3473	3727	489	28.07	1018.73	52.12	225331	AS7341	flash	5	100	999	10	100.0	0.15
2026-07-09T13:12:30.413	422	928	602	1092	2741	2650	3097	3473	3726	490	28.08	1018.77	52.11	227040	AS7341	flash	5	100	999	10	100.0	0.15
2026-07-09T13:12:32.406	422	928	602	1092	2741	2649	3095	3472	3726	489	28.07	1018.73	52.11	227040	AS7341	flash	5	100	999	10	100.0	0.15
2026-07-09T13:12:34.387	422	928	603	1092	2741	2649	3097	3473	3726	489	28.07	1018.76	52.11	223952	AS7341	flash	5	100	999	10	100.0	0.15
2026-07-09T13:12:36.382	422	928	603	1092	2742	2651	3097	3474	3728	489	28.07	1018.78	52.11	227196	AS7341	flash	5	100	999	10	100.0	0.15
2026-07-09T13:12:38.470	422	928	602	1093	2742	2650	3097	3474	3727	489	28.07	1018.78	52.09	224410	AS7341	flash	5	100	999	10	100.0	0.15
2026-07-09T13:12:40.456	422	928	602	1093	2741	2650	3096	3473	3726	489	28.08	1018.77	52.12	227510	AS7341	flash	5	100	999	10	100.0	0.15
2026-07-09T13:12:42.446	422	928	602	1092	2741	2650	3096	3473	3726	489	28.07	1018.76	52.12	228775	AS7341	flash	5	100	999	10	100.0	0.15
2026-07-09T13:12:44.427	422	928	602	1092	2741	2649	3096	3472	3726	489	28.07	1018.76	52.12	223952	AS7341	flash	5	100	999	10	100.0	0.15
2026-07-09T13:12:46.415	422	928	602	1092	2742	2650	3096	3473	3726	489	28.07	1018.77	52.11	224716	AS7341	flash	5	100	999	10	100.0	0.15
2026-07-09T13:12:48.396	422	929	602	1092	2742	2650	3097	3473	3727	489	28.08	1018.78	52.11	229412	AS7341	flash	5	100	999	10	100.0	0.15
2026-07-09T13:12:50.382	422	928	602	1092	2740	2649	3095	3472	3725	488	28.08	1018.76	52.11	224104	AS7341	flash	5	100	999	10	100.0	0.15
2026-07-09T13:12:52.467	422	928	602	1092	2742	2650	3097	3473	3726	490	28.07	1018.77	52.11	223648	AS7341	flash	5	100	999	10	100.0	0.15
2026-07-09T13:12:54.457	422	928	603	1092	2741	2649	3096	3472	3726	489	28.08	1018.77	52.11	226105	AS7341	flash	5	100	999	10	100.0	0.15
2026-07-09T13:12:56.457	422	928	602	1092	2741	2649	3097	3473	3726	489	28.09	1018.8	52.12	226727	AS7341	flash	5	100	999	10	100.0	0.15
2026-07-09T13:12:58.452	422	928	602	1093	2742	2650	3097	3473	3726	489	28.08	1018.77	52.1	228934	AS7341	flash	5	100	999	10	100.0	0.15
2026-07-09T13:13:00.434	422	928	602	1092	2741	2650	3097	3473	3726	489	28.08	1018.73	52.11	224870	AS7341	flash	5	100	999	10	100.0	0.15
2026-07-09T13:13:02.430	422	928	602	1092	2741	2650	3096	3473	3726	489	28.07	1018.79	52.11	224257	AS7341	flash	5	100	999	10	100.0	0.15
2026-07-09T13:13:04.422	422	928	603	1092	2741	2649	3095	3472	3725	488	28.07	1018.74	52.11	227668	AS7341	flash	5	100	999	10	100.0	0.15
2026-07-09T13:13:06.413	422	928	602	1092	2741	2649	3096	3472	3725	489	28.08	1018.76	52.1	225795	AS7341	flash	5	100	999	10	0.0	0.15
2026-07-09T13:13:08.407	422	928	601	1092	2738	2647	3094	3474	3725	489	28.11	1018.76	52.2	225331	AS7341	flash	5	100	999	10	0.0	0.15
2026-07-09T13:13:10.403	421	928	601	1090	2733	2641	3089	3475	3721	488	28.13	1018.76	53.33	220209	AS7341	flash	5	100	999	10	0.0	0.15
2026-07-09T13:13:12.397	420	929	601	1087	2725	2633	3083	3475	3716	488	28.14	1018.76	55.05	214892	AS7341	flash	5	100	999	10	0.0	0.15
2026-07-09T13:13:14.384	420	928	601	1085	2718	2626	3077	3475	3712	487	28.15	1018.75	56.89	210094	AS7341	flash	5	100	999	10	0.0	0.15
2026-07-09T13:13:16.479	420	930	601	1083	2711	2618	3071	3476	3707	487	28.16	1018.78	58.71	206537	AS7341	flash	5	100	999	10	0.0	0.15
2026-07-09T13:13:18.465	420	931	601	1081	2702	2609	3063	3473	3700	486	28.17	1018.79	60.21	200991	AS7341	flash	5	100	999	10	0.0	0.15
2026-07-09T13:13:20.450	419	931	601	1078	2694	2600	3055	3470	3693	486	28.18	1018.79	61.47	197852	AS7341	flash	5	100	999	10	0.0	0.15
2026-07-09T13:13:22.445	419	932	600	1075	2686	2592	3049	3469	3688	485	28.19	1018.79	62.63	194006	AS7341	flash	5	100	999	10	0.0	0.15
2026-07-09T13:13:24.435	418	933	600	1073	2681	2586	3043	3468	3683	485	28.2	1018.76	63.62	190747	AS7341	flash	5	100	999	10	0.0	0.15
2026-07-09T13:13:26.421	418	935	600	1071	2675	2579	3038	3467	3679	484	28.2	1018.76	64.47	188887	AS7341	flash	5	100	999	10	100.0	0.15
2026-07-09T13:13:28.419	418	935	600	1071	2672	2578	3035	3466	3676	484	28.18	1018.82	65.0	187063	AS7341	flash	5	100	999	10	100.0	0.15
2026-07-09T13:13:30.407	419	936	601	1071	2673	2579	3037	3463	3676	484	28.16	1018.74	63.58	190858	AS7341	flash	5	100	999	10	100.0	0.15
2026-07-09T13:13:32.394	419	937	601	1071	2674	2579	3036	3458	3675	484	28.14	1018.78	61.51	193209	AS7341	flash	5	100	999	10	100.0	0.15
2026-07-09T13:13:34.384	419	939	601	1072	2675	2580	3035	3455	3674	484	28.14	1018.78	59.65	196788	AS7341	flash	5	100	999	10	100.0	0.15
2026-07-09T13:13:36.475	419	938	601	1073	2677	2582	3037	3453	3676	484	28.13	1018.78	58.12	198448	AS7341	flash	5	100	999	10	100.0	0.15
2026-07-09T13:13:38.466	419	938	602	1073	2677	2583	3036	3450	3674	484	28.13	1018.75	57.02	204485	AS7341	flash	5	100	999	10	100.0	0.15
2026-07-09T13:13:40.458	419	939	602	1073	2679	2584	3036	3447	3674	484	28.13	1018.78	56.15	204739	AS7341	flash	5	100	999	10	100.0	0.15
2026-07-09T13:13:42.448	419	939	602	1074	2680	2585	3036	3445	3674	484	28.12	1018.77	55.48	209160	AS7341	flash	5	100	999	10	100.0	0.15
2026-07-09T13:13:44.436	420	939	602	1075	2681	2587	3037	3444	3675	484	28.12	1018.76	54.98	208498	AS7341	flash	5	100	999	10	100.0	0.15
2026-07-09T13:13:46.426	420	939	602	1075	2684	2589	3039	3445	3677	484	28.12	1018.76	54.58	211037	AS7341	flash	5	100	999	10	100.0	0.15
2026-07-09T13:13:48.414	420	940	602	1075	2685	2590	3039	3442	3676	484	28.12	1018.76	54.28	209160	AS7341	flash	5	100	999	10	100.0	0.15
2026-07-09T13:13:50.401	420	939	602	1076	2686	2591	3040	3442	3678	485	28.12	1018.75	54.03	211037	AS7341	flash	5	100	999	10	100.0	0.15
2026-07-09T13:13:52.400	420	939	602	1077	2688	2593	3042	3442	3679	485	28.11	1018.72	53.83	211172	AS7341	flash	5	100	999	10	100.0	0.15
2026-07-09T13:13:54.390	420	939	603	1078	2690	2595	3043	3442	3681	485	28.11	1018.75	53.67	213223	AS7341	flash	5	100	999	10	100.0	0.15
2026-07-09T13:13:56.479	420	939	602	1078	2691	2597	3044	3441	3681	485	28.1	1018.72	53.53	214054	AS7341	flash	5	100	999	10	100.0	0.15
2026-07-09T13:13:58.462	420	939	602	1078	2692	2597	3045	3441	3681	485	28.11	1018.77	53.41	213499	AS7341	flash	5	100	999	10	100.0	0.15
2026-07-09T13:14:00.450	420	938	602	1079	2693	2599	3047	3441	3683	485	28.11	1018.77	53.32	215314	AS7341	flash	5	100	999	10	100.0	0.15
2026-07-09T13:14:02.439	420	938	603	1079	2695	2601	3048	3442	3685	485	28.11	1018.76	53.24	219621	AS7341	flash	5	100	999	10	100.0	0.15
2026-07-09T13:14:04.422	420	938	603	1080	2696	2603	3049	3442	3685	485	28.11	1018.75	53.17	214333	AS7341	flash	5	100	999	10	100.0	0.15
2026-07-09T13:14:06.415	420	938	603	1080	2698	2604	3051	3443	3687	485	28.11	1018.73	53.1	215173	AS7341	flash	5	100	999	10	100.0	0.15
2026-07-09T13:14:08.406	420	938	603	1080	2698	2605	3051	3443	3687	485	28.11	1018.74	53.03	218166	AS7341	flash	5	100	999	10	100.0	0.15
2026-07-09T13:14:10.392	420	938	603	1080	2700	2606	3052	3443	3688	485	28.11	1018.77	52.97	217446	AS7341	flash	5	100	999	10	100.0	0.15
2026-07-09T13:14:12.378	420	937	603	1080	2702	2609	3055	3444	3691	486	28.11	1018.75	52.93	220947	AS7341	flash	5	100	999	10	100.0	0.15
2026-07-09T13:14:14.468	420	937	603	1081	2703	2610	3056	3445	3691	486	28.1	1018.75	52.9	218891	AS7341	flash	5	100	999	10	100.0	0.15
2026-07-09T13:14:16.453	421	937	603	1081	2705	2612	3058	3446	3692	486	28.11	1018.74	52.86	220209	AS7341	flash	5	100	999	10	100.0	0.15
2026-07-09T13:14:18.442	420	937	603	1082	2706	2613	3059	3447	3693	486	28.1	1018.73	52.83	217159	AS7341	flash	5	100	999	10	100.0	0.15
2026-07-09T13:14:20.421	421	936	603	1082	2707	2613	3059	3446	3693	486	28.1	1018.78	52.81	217303	AS7341	flash	5	100	999	10	100.0	0.15
2026-07-09T13:14:22.405	421	936	603	1082	2707	2614	3060	3446	3694	486	28.1	1018.75	52.76	220061	AS7341	flash	5	100	999	10	100.0	0.15
2026-07-09T13:14:24.398	421	936	603	1083	2709	2616	3062	3448	3696	486	28.1	1018.77	52.73	219621	AS7341	flash	5	100	999	10	100.0	0.15
2026-07-09T13:14:26.386	421	936	603	1083	2709	2616	3062	3448	3696	486	28.09	1018.75	52.71	223042	AS7341	flash	5	100	999	10	100.0	0.15
2026-07-09T13:14:28.471	421	937	603	1084	2711	2618	3063	3449	3697	487	28.08	1018.78	52.71	218746	AS7341	flash	5	100	999	10	100.0	0.15
2026-07-09T13:14:30.465	421	935	603	1084	2712	2619	3064	3449	3698	487	28.09	1018.74	52.69	220947	AS7341	flash	5	100	999	10	100.0	0.15
2026-07-09T13:14:32.447	421	935	603	1084	2712	2620	3065	3450	3698	487	28.09	1018.73	52.67	219768	AS7341	flash	5	100	999	10	100.0	0.15
2026-07-09T13:14:34.430	421	935	603	1084	2713	2620	3066	3450	3699	487	28.08	1018.71	52.66	220356	AS7341	flash	5	100	999	10	100.0	0.15
2026-07-09T13:14:36.410	421	935	603	1084	2714	2621	3066	3451	3700	487	28.09	1018.75	52.63	223193	AS7341	flash	5	100	999	10	100.0	0.15
2026-07-09T13:14:38.393	421	935	603	1085	2715	2622	3068	3451	3701	487	28.08	1018.74	52.64	220651	AS7341	flash	5	100	999	10	100.0	0.15
2026-07-09T13:14:40.483	421	934	603	1085	2716	2623	3069	3451	3701	487	28.07	1018.71	52.62	219621	AS7341	flash	5	100	999	10	100.0	0.15
2026-07-09T13:14:42.477	421	934	603	1085	2717	2624	3069	3452	3703	487	28.09	1018.76	52.6	223648	AS7341	flash	5	100	999	10	100.0	0.15
2026-07-09T13:14:44.461	421	935	602	1085	2716	2624	3070	3451	3702	487	28.09	1018.76	52.59	220209	AS7341	flash	5	100	999	10	100.0	0.15
2026-07-09T13:14:46.439	421	934	603	1086	2717	2625	3070	3452	3703	486	28.09	1018.74	52.57	222740	AS7341	flash	5	100	999	10	100.0	0.15
2026-07-09T13:14:48.433	421	934	603	1086	2718	2626	3072	3453	3704	486	28.09	1018.69	52.57	219914	AS7341	flash	5	100	999	10	100.0	0.15
2026-07-09T13:14:50.426	421	935	603	1086	2718	2627	3073	3453	3705	487	28.09	1018.74	52.55	224716	AS7341	flash	5	100	999	10	100.0	0.15
2026-07-09T13:14:52.415	421	934	602	1086	2719	2627	3073	3453	3705	487	28.08	1018.72	52.55	220947	AS7341	flash	5	100	999	10	100.0	0.15
2026-07-09T13:14:54.403	421	934	602	1087	2720	2627	3074	3454	3706	488	28.09	1018.74	52.53	221542	AS7341	flash	5	100	999	10	100.0	0.15
2026-07-09T13:14:56.392	421	933	603	1087	2720	2628	3073	3454	3705	488	28.09	1018.74	52.53	224104	AS7341	flash	5	100	999	10	100.0	0.15
2026-07-09T13:14:58.381	421	934	603	1087	2722	2630	3075	3456	3708	488	28.09	1018.73	52.52	223952	AS7341	flash	5	100	999	10	100.0	0.15
2026-07-09T13:15:00.473	421	934	603	1087	2723	2631	3077	3457	3708	488	28.07	1018.69	52.52	224410	AS7341	flash	5	100	999	10	100.0	0.15
2026-07-09T13:15:02.457	421	934	603	1087	2721	2630	3076	3455	3706	488	28.08	1018.75	52.52	221393	AS7341	flash	5	100	999	10	100.0	0.15
2026-07-09T13:15:04.436	421	934	602	1087	2722	2631	3076	3456	3708	488	28.08	1018.73	52.49	225023	AS7341	flash	5	100	999	10	100.0	0.15
2026-07-09T13:15:06.419	421	933	603	1087	2723	2630	3077	3457	3708	488	28.08	1018.7	52.48	221990	AS7341	flash	5	100	999	10	100.0	0.15
2026-07-09T13:15:08.400	421	933	603	1088	2724	2630	3078	3457	3709	488	28.08	1018.71	52.48	221542	AS7341	flash	5	100	999	10	100.0	0.15
2026-07-09T13:15:10.386	421	933	602	1088	2724	2631	3078	3457	3709	488	28.09	1018.72	52.47	225485	AS7341	flash	5	100	999	10	100.0	0.15
2026-07-09T13:15:12.474	421	934	603	1088	2725	2632	3079	3459	3710	488	28.08	1018.71	52.47	223800	AS7341	flash	5	100	999	10	100.0	0.15
2026-07-09T13:15:14.464	421	933	602	1088	2726	2633	3080	3459	3711	488	28.09	1018.74	52.48	225640	AS7341	flash	5	100	999	10	100.0	0.15
2026-07-09T13:15:16.447	422	933	603	1088	2725	2633	3079	3459	3710	488	28.09	1018.72	52.48	224870	AS7341	flash	5	100	999	10	100.0	0.15
2026-07-09T13:15:18.440	421	933	602	1088	2725	2632	3079	3459	3710	488	28.09	1018.74	52.46	221393	AS7341	flash	5	100	999	10	100.0	0.15
2026-07-09T13:15:20.437	422	932	603	1089	2727	2634	3080	3460	3712	487	28.09	1018.71	52.46	225485	AS7341	flash	5	100	999	10	100.0	0.15
2026-07-09T13:15:22.434	422	933	602	1089	2727	2634	3081	3460	3712	488	28.09	1018.71	52.45	222891	AS7341	flash	5	100	999	10	100.0	0.15
2026-07-09T13:15:24.428	421	933	603	1089	2727	2635	3082	3460	3713	487	28.09	1018.75	52.44	224104	AS7341	flash	5	100	999	10	100.0	0.15
2026-07-09T13:15:26.417	421	933	602	1089	2728	2635	3082	3461	3712	487	28.09	1018.75	52.44	223193	AS7341	flash	5	100	999	10	100.0	0.15
2026-07-09T13:15:28.407	422	933	602	1089	2728	2635	3083	3462	3713	488	28.09	1018.76	52.44	221840	AS7341	flash	5	100	999	10	100.0	0.15
2026-07-09T13:15:30.399	422	933	603	1089	2728	2636	3083	3462	3714	487	28.08	1018.74	52.43	222139	AS7341	flash	5	100	999	10	100.0	0.15
2026-07-09T13:15:32.391	422	933	603	1089	2728	2635	3082	3461	3713	487	28.09	1018.75	52.43	221542	AS7341	flash	5	100	999	10	100.0	0.15
2026-07-09T13:15:34.481	422	932	602	1089	2729	2636	3083	3462	3714	488	28.08	1018.75	52.41	225177	AS7341	flash	5	100	999	10	100.0	0.15
2026-07-09T13:15:36.473	422	932	602	1090	2729	2636	3084	3462	3715	487	28.09	1018.74	52.42	222139	AS7341	flash	5	100	999	10	100.0	0.15
2026-07-09T13:15:38.460	422	932	602	1089	2729	2637	3084	3462	3714	487	28.08	1018.71	52.43	222891	AS7341	flash	5	100	999	10	100.0	0.15
2026-07-09T13:15:40.441	422	932	602	1090	2730	2637	3084	3463	3715	489	28.09	1018.73	52.42	221691	AS7341	flash	5	100	999	10	100.0	0.15
2026-07-09T13:15:42.431	422	932	602	1090	2730	2637	3084	3463	3715	489	28.08	1018.71	52.41	225795	AS7341	flash	5	100	999	10	100.0	0.15
2026-07-09T13:15:44.414	422	932	603	1090	2731	2639	3086	3465	3717	488	28.09	1018.71	52.41	222740	AS7341	flash	5	100	999	10	100.0	0.15
2026-07-09T13:15:46.398	422	933	603	1090	2731	2639	3086	3464	3716	488	28.09	1018.7	52.4	223042	AS7341	flash	5	100	999	10	100.0	0.15
2026-07-09T13:15:48.389	422	932	603	1090	2731	2639	3086	3464	3717	489	28.09	1018.73	52.41	225795	AS7341	flash	5	100	999	10	100.0	0.15
2026-07-09T13:15:50.482	422	932	602	1089	2732	2639	3087	3464	3717	488	28.08	1018.74	52.4	225485	AS7341	flash	5	100	999	10	100.0	0.15
2026-07-09T13:15:52.466	422	932	603	1090	2732	2639	3087	3464	3717	488	28.09	1018.73	52.39	224870	AS7341	flash	5	100	999	10	100.0	0.15
2026-07-09T13:15:54.449	422	932	603	1090	2732	2639	3086	3465	3717	488	28.09	1018.75	52.39	225177	AS7341	flash	5	100	999	10	100.0	0.15
2026-07-09T13:15:56.438	422	932	603	1089	2732	2640	3087	3465	3718	488	28.09	1018.72	52.38	223042	AS7341	flash	5	100	999	10	100.0	0.15
2026-07-09T13:15:58.429	422	931	603	1091	2732	2640	3088	3465	3718	488	28.1	1018.75	52.39	224563	AS7341	flash	5	100	999	10	100.0	0.15
2026-07-09T13:16:00.415	422	932	603	1090	2733	2640	3088	3466	3718	488	28.1	1018.73	52.39	224410	AS7341	flash	5	100	999	10	100.0	0.15
2026-07-09T13:16:02.409	422	932	603	1090	2733	2640	3087	3465	3718	488	28.1	1018.72	52.37	224410	AS7341	flash	5	100	999	10	100.0	0.15
2026-07-09T13:16:04.393	422	932	603	1090	2733	2640	3088	3465	3718	488	28.1	1018.72	52.37	225949	AS7341	flash	5	100	999	10	100.0	0.15
2026-07-09T13:16:06.381	422	930	602	1089	2732	2640	3087	3465	3718	488	28.1	1018.72	52.35	226571	AS7341	flash	5	100	999	10	100.0	0.15
2026-07-09T13:16:08.473	422	932	603	1090	2733	2640	3088	3466	3718	488	28.09	1018.69	52.35	226727	AS7341	flash	5	100	999	10	100.0	0.15
2026-07-09T13:16:10.455	422	932	603	1090	2734	2641	3088	3467	3719	488	28.1	1018.75	52.35	226415	AS7341	flash	5	100	999	10	100.0	0.15
2026-07-09T13:16:12.438	422	932	603	1090	2734	2641	3089	3467	3719	489	28.1	1018.7	52.36	223648	AS7341	flash	5	100	999	10	100.0	0.15
2026-07-09T13:16:14.428	422	932	603	1090	2735	2642	3090	3467	3720	488	28.09	1018.71	52.34	226727	AS7341	flash	5	100	999	10	100.0	0.15
2026-07-09T13:16:16.412	422	932	603	1090	2734	2641	3089	3466	3719	488	28.09	1018.73	52.35	224563	AS7341	flash	5	100	999	10	100.0	0.15
2026-07-09T13:16:18.402	422	932	603	1090	2735	2642	3090	3468	3720	488	28.1	1018.72	52.34	222439	AS7341	flash	5	100	999	10	100.0	0.15
2026-07-09T13:16:20.398	422	932	602	1090	2735	2642	3090	3467	3720	488	28.1	1018.73	52.34	222590	AS7341	flash	5	100	999	10	100.0	0.15
2026-07-09T13:16:22.484	422	932	603	1091	2735	2642	3089	3468	3721	488	28.09	1018.73	52.32	223345	AS7341	flash	5	100	999	10	100.0	0.15
2026-07-09T13:16:24.470	422	932	603	1091	2736	2643	3090	3468	3721	488	28.1	1018.73	52.34	226727	AS7341	flash	5	100	999	10	100.0	0.15
2026-07-09T13:16:26.458	422	931	603	1091	2735	2643	3091	3468	3721	488	28.1	1018.74	52.32	225177	AS7341	flash	5	100	999	10	100.0	0.15
2026-07-09T13:16:28.452	422	931	602	1090	2735	2642	3089	3467	3720	488	28.1	1018.74	52.32	222139	AS7341	flash	5	100	999	10	100.0	0.15
2026-07-09T13:16:30.438	422	931	603	1090	2735	2642	3089	3467	3720	488	28.1	1018.69	52.32	222439	AS7341	flash	5	100	999	10	100.0	0.15
2026-07-09T13:16:32.430	422	931	603	1090	2735	2642	3090	3467	3720	488	28.11	1018.71	52.31	225795	AS7341	flash	5	100	999	10	100.0	0.15
2026-07-09T13:16:34.422	422	931	602	1090	2735	2643	3090	3468	3719	488	28.1	1018.71	52.3	224563	AS7341	flash	5	100	999	10	100.0	0.15
2026-07-09T13:16:36.414	422	930	603	1091	2735	2643	3090	3467	3720	488	28.11	1018.74	52.3	226571	AS7341	flash	5	100	999	10	100.0	0.15
2026-07-09T13:16:38.406	422	931	603	1091	2736	2643	3090	3468	3720	488	28.1	1018.71	52.29	223648	AS7341	flash	5	100	999	10	100.0	0.15
2026-07-09T13:16:40.391	422	931	602	1090	2735	2643	3090	3468	3720	488	28.1	1018.71	52.28	227040	AS7341	flash	5	100	999	10	100.0	0.15
2026-07-09T13:16:42.480	422	932	603	1091	2737	2645	3093	3470	3722	488	28.1	1018.72	52.3	222439	AS7341	flash	5	100	999	10	100.0	0.15
2026-07-09T13:16:44.477	422	931	603	1091	2736	2644	3091	3468	3721	488	28.1	1018.72	52.3	222590	AS7341	flash	5	100	999	10	100.0	0.15
2026-07-09T13:16:46.460	422	931	603	1091	2736	2644	3092	3469	3721	488	28.1	1018.69	52.29	222590	AS7341	flash	5	100	999	10	100.0	0.15
2026-07-09T13:16:48.445	422	931	603	1091	2736	2644	3091	3468	3721	488	28.11	1018.73	52.28	226105	AS7341	flash	5	100	999	10	100.0	0.15
2026-07-09T13:16:50.434	422	931	603	1091	2737	2644	3091	3469	3722	488	28.1	1018.71	52.26	226727	AS7341	flash	5	100	999	10	100.0	0.15
2026-07-09T13:16:52.423	422	930	602	1091	2736	2644	3091	3468	3721	488	28.1	1018.72	52.27	222590	AS7341	flash	5	100	999	10	100.0	0.15
2026-07-09T13:16:54.407	422	930	603	1091	2737	2644	3091	3469	3721	488	28.09	1018.69	52.26	224104	AS7341	flash	5	100	999	10	100.0	0.15
2026-07-09T13:16:56.397	422	931	603	1091	2737	2644	3092	3469	3721	488	28.1	1018.71	52.27	222740	AS7341	flash	5	100	999	10	100.0	0.15
2026-07-09T13:16:58.383	422	931	603	1091	2737	2644	3092	3469	3721	488	28.1	1018.7	52.27	227983	AS7341	flash	5	100	999	10	100.0	0.15
2026-07-09T13:17:00.482	422	931	603	1091	2738	2645	3092	3470	3722	489	28.09	1018.71	52.27	223800	AS7341	flash	5	100	999	10	100.0	0.15
2026-07-09T13:17:02.470	422	931	603	1091	2738	2645	3093	3470	3723	488	28.1	1018.71	52.27	227510	AS7341	flash	5	100	999	10	100.0	0.15
2026-07-09T13:17:04.461	422	931	603	1091	2737	2645	3093	3470	3722	488	28.1	1018.71	52.27	223042	AS7341	flash	5	100	999	10	100.0	0.15
2026-07-09T13:17:06.451	422	931	603	1091	2736	2645	3093	3469	3722	488	28.1	1018.68	52.27	223952	AS7341	flash	5	100	999	10	100.0	0.15
2026-07-09T13:17:08.441	422	931	603	1091	2737	2645	3092	3470	3722	488	28.1	1018.7	52.27	223648	AS7341	flash	5	100	999	10	100.0	0.15
2026-07-09T13:17:10.422	422	931	603	1091	2738	2645	3092	3470	3722	488	28.1	1018.73	52.29	224104	AS7341	flash	5	100	999	10	100.0	0.15
2026-07-09T13:17:12.411	422	931	603	1091	2738	2645	3093	3470	3722	488	28.1	1018.68	52.27	223042	AS7341	flash	5	100	999	10	100.0	0.15
2026-07-09T13:17:14.394	422	931	603	1091	2737	2645	3093	3470	3722	488	28.1	1018.69	52.26	223648	AS7341	flash	5	100	999	10	100.0	0.15
2026-07-09T13:17:16.383	422	931	603	1092	2738	2645	3092	3469	3722	488	28.1	1018.71	52.26	222891	AS7341	flash	5	100	999	10	100.0	0.15
2026-07-09T13:17:18.473	422	931	603	1092	2738	2646	3094	3471	3723	488	28.1	1018.7	52.26	225795	AS7341	flash	5	100	999	10	100.0	0.15
2026-07-09T13:17:20.455	422	931	603	1091	2738	2646	3093	3471	3723	488	28.1	1018.73	52.25	227668	AS7341	flash	5	100	999	10	100.0	0.15
2026-07-09T13:17:22.438	422	931	603	1091	2738	2645	3093	3470	3722	488	28.1	1018.7	52.27	224257	AS7341	flash	5	100	999	10	100.0	0.15
2026-07-09T13:17:24.427	422	931	603	1091	2737	2645	3093	3469	3722	488	28.1	1018.69	52.25	224716	AS7341	flash	5	100	999	10	100.0	0.15
2026-07-09T13:17:26.420	422	931	603	1091	2737	2645	3093	3470	3722	488	28.1	1018.71	52.25	222740	AS7341	flash	5	100	999	10	100.0	0.15
2026-07-09T13:17:28.407	422	931	603	1092	2738	2646	3093	3471	3724	489	28.1	1018.75	52.26	223042	AS7341	flash	5	100	999	10	100.0	0.15
2026-07-09T13:17:30.405	422	930	603	1091	2737	2646	3092	3470	3722	488	28.1	1018.71	52.25	224410	AS7341	flash	5	100	999	10	100.0	0.15
2026-07-09T13:17:32.394	422	931	602	1091	2737	2646	3092	3470	3722	488	28.09	1018.72	52.25	223952	AS7341	flash	5	100	999	10	100.0	0.15
2026-07-09T13:17:34.382	422	931	602	1091	2738	2647	3094	3471	3724	489	28.1	1018.7	52.26	224563	AS7341	flash	5	100	999	10	100.0	0.15
2026-07-09T13:17:36.466	422	931	603	1092	2737	2646	3093	3470	3722	488	28.09	1018.69	52.26	223952	AS7341	flash	5	100	999	10	100.0	0.15
2026-07-09T13:17:38.457	422	930	602	1091	2738	2645	3091	3469	3721	488	28.09	1018.7	52.26	225795	AS7341	flash	5	100	999	10	100.0	0.15
2026-07-09T13:17:40.439	422	930	602	1091	2737	2646	3094	3470	3722	488	28.09	1018.7	52.26	224410	AS7341	flash	5	100	999	10	100.0	0.15
2026-07-09T13:17:42.433	422	930	603	1091	2738	2646	3093	3470	3722	488	28.09	1018.72	52.26	225640	AS7341	flash	5	100	999	10	100.0	0.15
2026-07-09T13:17:44.419	422	930	602	1091	2737	2645	3092	3470	3722	488	28.08	1018.7	52.28	227983	AS7341	flash	5	100	999	10	100.0	0.15
2026-07-09T13:17:46.408	422	930	602	1091	2738	2646	3093	3470	3723	488	28.09	1018.7	52.28	226415	AS7341	flash	5	100	999	10	100.0	0.15
2026-07-09T13:17:48.405	422	931	603	1092	2738	2647	3094	3471	3724	489	28.08	1018.7	52.27	228299	AS7341	flash	5	100	999	10	100.0	0.15
2026-07-09T13:17:50.399	422	930	603	1092	2738	2647	3095	3471	3723	489	28.09	1018.71	52.26	227510	AS7341	flash	5	100	999	10	100.0	0.15
2026-07-09T13:17:52.391	422	930	603	1092	2738	2646	3094	3471	3723	488	28.1	1018.72	52.28	224410	AS7341	flash	5	100	999	10	100.0	0.15
2026-07-09T13:17:54.481	422	931	603	1092	2739	2648	3094	3472	3725	489	28.08	1018.67	52.28	223800	AS7341	flash	5	100	999	10	100.0	0.15
2026-07-09T13:17:56.473	422	930	603	1092	2739	2647	3095	3471	3724	488	28.09	1018.68	52.28	224716	AS7341	flash	5	100	999	10	100.0	0.15
2026-07-09T13:17:58.464	422	930	602	1092	2737	2646	3093	3470	3722	488	28.09	1018.72	52.28	226105	AS7341	flash	5	100	999	10	100.0	0.15
2026-07-09T13:18:00.454	422	930	603	1091	2739	2647	3094	3472	3724	488	28.09	1018.71	52.26	226883	AS7341	flash	5	100	999	10	100.0	0.15
2026-07-09T13:18:02.444	422	930	603	1092	2738	2646	3094	3471	3723	488	28.08	1018.67	52.28	224104	AS7341	flash	5	100	999	10	100.0	0.15
2026-07-09T13:18:04.442	422	931	603	1092	2738	2647	3092	3471	3724	488	28.08	1018.67	52.28	224257	AS7341	flash	5	100	999	10	100.0	0.15
2026-07-09T13:18:06.437	422	930	603	1091	2739	2648	3095	3472	3725	489	28.08	1018.69	52.27	225177	AS7341	flash	5	100	999	10	100.0	0.15
2026-07-09T13:18:08.420	422	931	603	1092	2739	2647	3095	3472	3724	489	28.07	1018.69	52.28	224563	AS7341	flash	5	100	999	10	100.0	0.15
2026-07-09T13:18:10.403	422	931	603	1092	2739	2647	3094	3472	3724	490	28.08	1018.67	52.28	224563	AS7341	flash	5	100	999	10	100.0	0.15
2026-07-09T13:18:12.392	422	930	602	1092	2738	2646	3094	3471	3723	488	28.07	1018.69	52.27	228141	AS7341	flash	5	100	999	10	100.0	0.15
2026-07-09T13:18:14.382	422	930	603	1092	2739	2647	3094	3472	3725	489	28.08	1018.67	52.28	224870	AS7341	flash	5	100	999	10	100.0	0.15
2026-07-09T13:18:16.473	422	931	603	1092	2739	2648	3095	3472	3725	489	28.07	1018.68	52.3	224257	AS7341	flash	5	100	999	10	100.0	0.15
2026-07-09T13:18:18.466	422	930	602	1092	2739	2647	3094	3471	3724	488	28.08	1018.69	52.3	228299	AS7341	flash	5	100	999	10	100.0	0.15
2026-07-09T13:18:20.450	422	930	602	1092	2739	2647	3095	3472	3723	489	28.08	1018.69	52.3	224410	AS7341	flash	5	100	999	10	100.0	0.15
2026-07-09T13:18:22.438	422	930	603	1092	2738	2647	3094	3471	3724	489	28.08	1018.67	52.29	224410	AS7341	flash	5	100	999	10	100.0	0.15
2026-07-09T13:18:24.420	422	930	603	1092	2738	2647	3094	3471	3723	489	28.08	1018.69	52.29	226571	AS7341	flash	5	100	999	10	100.0	0.15
2026-07-09T13:18:26.411	422	931	603	1092	2739	2648	3095	3472	3725	489	28.08	1018.69	52.3	224563	AS7341	flash	5	100	999	10	0.0	0.15
2026-07-09T13:18:28.401	422	930	602	1091	2736	2645	3092	3472	3723	489	28.11	1018.67	52.38	223193	AS7341	flash	5	100	999	10	0.0	0.15
2026-07-09T13:18:30.388	421	929	602	1090	2731	2640	3089	3475	3722	489	28.14	1018.7	53.48	220209	AS7341	flash	5	100	999	10	0.0	0.15
2026-07-09T13:18:32.383	421	930	602	1087	2724	2633	3084	3475	3715	488	28.14	1018.67	55.28	215173	AS7341	flash	5	100	999	10	0.0	0.15
2026-07-09T13:18:34.484	421	931	602	1085	2717	2625	3078	3476	3711	488	28.15	1018.72	57.3	211307	AS7341	flash	5	100	999	10	0.0	0.15
2026-07-09T13:18:36.475	420	932	602	1082	2708	2615	3069	3474	3704	487	28.17	1018.71	59.02	205506	AS7341	flash	5	100	999	10	0.0	0.15
2026-07-09T13:18:38.465	420	932	601	1080	2700	2607	3063	3473	3698	487	28.18	1018.7	60.41	201977	AS7341	flash	5	100	999	10	0.0	0.15
2026-07-09T13:18:40.457	419	934	601	1077	2692	2599	3055	3472	3693	486	28.18	1018.66	61.54	199047	AS7341	flash	5	100	999	10	0.0	0.15
2026-07-09T13:18:42.447	419	934	601	1075	2685	2590	3048	3469	3686	485	28.2	1018.73	62.51	196085	AS7341	flash	5	100	999	10	0.0	0.15
2026-07-09T13:18:44.433	419	936	601	1072	2677	2582	3040	3467	3679	485	28.2	1018.72	63.37	193436	AS7341	flash	5	100	999	10	0.0	0.15
2026-07-09T13:18:46.417	419	937	601	1070	2670	2576	3034	3466	3675	484	28.21	1018.71	64.07	189649	AS7341	flash	5	100	999	10	100.0	0.15
2026-07-09T13:18:48.417	418	938	601	1070	2669	2574	3034	3466	3674	484	28.19	1018.72	64.61	189430	AS7341	flash	5	100	999	10	100.0	0.15
2026-07-09T13:18:50.414	419	938	601	1070	2670	2575	3034	3461	3672	484	28.16	1018.72	63.32	190968	AS7341	flash	5	100	999	10	100.0	0.15
2026-07-09T13:18:52.396	419	939	602	1071	2671	2576	3034	3458	3672	484	28.15	1018.71	61.36	194809	AS7341	flash	5	100	999	10	100.0	0.15
2026-07-09T13:18:54.380	420	940	602	1071	2672	2577	3033	3455	3672	484	28.15	1018.69	59.59	200258	AS7341	flash	5	100	999	10	100.0	0.15
2026-07-09T13:18:56.479	420	940	602	1072	2673	2578	3034	3452	3672	484	28.14	1018.72	58.15	199168	AS7341	flash	5	100	999	10	100.0	0.15
2026-07-09T13:18:58.468	420	941	602	1072	2674	2580	3034	3449	3672	484	28.14	1018.71	57.06	201730	AS7341	flash	5	100	999	10	100.0	0.15
2026-07-09T13:19:00.454	420	941	603	1073	2676	2581	3034	3446	3671	484	28.14	1018.72	56.23	204485	AS7341	flash	5	100	999	10	100.0	0.15
2026-07-09T13:19:02.436	420	941	603	1073	2677	2582	3034	3444	3672	484	28.14	1018.7	55.61	205122	AS7341	flash	5	100	999	10	100.0	0.15
2026-07-09T13:19:04.431	420	942	603	1074	2679	2584	3036	3444	3673	484	28.13	1018.69	55.08	209960	AS7341	flash	5	100	999	10	100.0	0.15
2026-07-09T13:19:06.413	420	941	603	1074	2680	2585	3037	3442	3674	484	28.13	1018.69	54.69	208366	AS7341	flash	5	100	999	10	100.0	0.15
2026-07-09T13:19:08.395	420	941	603	1075	2683	2588	3038	3442	3676	484	28.13	1018.72	54.39	211307	AS7341	flash	5	100	999	10	100.0	0.15
2026-07-09T13:19:10.390	420	942	603	1075	2684	2589	3039	3442	3677	485	28.13	1018.7	54.16	211851	AS7341	flash	5	100	999	10	100.0	0.15
2026-07-09T13:19:12.480	420	941	603	1076	2685	2591	3040	3442	3677	485	28.12	1018.72	53.96	213223	AS7341	flash	5	100	999	10	100.0	0.15
2026-07-09T13:19:14.464	420	941	603	1076	2687	2592	3042	3442	3678	485	28.13	1018.69	53.79	212535	AS7341	flash	5	100	999	10	100.0	0.15
2026-07-09T13:19:16.454	420	941	603	1077	2688	2594	3043	3441	3679	485	28.13	1018.69	53.66	213223	AS7341	flash	5	100	999	10	100.0	0.15
2026-07-09T13:19:18.441	420	941	603	1078	2690	2595	3044	3441	3680	485	28.12	1018.71	53.53	217446	AS7341	flash	5	100	999	10	100.0	0.15
2026-07-09T13:19:20.428	420	941	603	1078	2691	2596	3045	3441	3681	485	28.12	1018.69	53.42	218456	AS7341	flash	5	100	999	10	100.0	0.15
2026-07-09T13:19:22.415	420	940	603	1078	2693	2598	3046	3441	3683	485	28.13	1018.7	53.34	217159	AS7341	flash	5	100	999	10	100.0	0.15
2026-07-09T13:19:24.403	420	941	604	1079	2695	2600	3048	3442	3684	485	28.12	1018.69	53.27	214612	AS7341	flash	5	100	999	10	100.0	0.15
2026-07-09T13:19:26.397	421	940	604	1079	2695	2602	3050	3443	3686	486	28.11	1018.69	53.2	215737	AS7341	flash	5	100	999	10	100.0	0.15
2026-07-09T13:19:28.386	421	940	604	1079	2696	2603	3051	3443	3686	486	28.12	1018.71	53.16	220947	AS7341	flash	5	100	999	10	100.0	0.15
2026-07-09T13:19:30.476	421	940	604	1080	2699	2605	3053	3444	3688	486	28.11	1018.68	53.11	218456	AS7341	flash	5	100	999	10	100.0	0.15
2026-07-09T13:19:32.462	421	940	603	1080	2700	2606	3054	3444	3688	486	28.11	1018.7	53.07	218311	AS7341	flash	5	100	999	10	100.0	0.15
2026-07-09T13:19:34.451	421	939	604	1080	2701	2608	3054	3445	3689	486	28.12	1018.68	53.02	220061	AS7341	flash	5	100	999	10	100.0	0.15
2026-07-09T13:19:36.437	421	939	604	1081	2702	2609	3056	3444	3689	486	28.12	1018.7	52.99	218311	AS7341	flash	5	100	999	10	100.0	0.15
2026-07-09T13:19:38.431	421	939	603	1081	2702	2609	3057	3444	3690	486	28.12	1018.68	52.96	217159	AS7341	flash	5	100	999	10	100.0	0.15
2026-07-09T13:19:40.422	421	939	603	1081	2704	2611	3058	3445	3691	486	28.12	1018.69	52.92	218601	AS7341	flash	5	100	999	10	100.0	0.15
2026-07-09T13:19:42.409	421	938	603	1082	2705	2612	3059	3447	3693	486	28.12	1018.7	52.88	220061	AS7341	flash	5	100	999	10	100.0	0.15
2026-07-09T13:19:44.393	421	938	604	1082	2707	2614	3061	3447	3694	486	28.12	1018.7	52.87	219037	AS7341	flash	5	100	999	10	100.0	0.15
2026-07-09T13:19:46.383	421	938	604	1083	2707	2614	3061	3446	3694	486	28.12	1018.68	52.84	218311	AS7341	flash	5	100	999	10	100.0	0.15
2026-07-09T13:19:48.480	421	938	604	1083	2710	2617	3064	3448	3696	487	28.11	1018.73	52.82	219183	AS7341	flash	5	100	999	10	100.0	0.15
2026-07-09T13:19:50.474	421	937	603	1083	2710	2617	3064	3448	3697	487	28.12	1018.68	52.81	221990	AS7341	flash	5	100	999	10	100.0	0.15
2026-07-09T13:19:52.469	421	937	603	1083	2711	2618	3065	3449	3698	487	28.11	1018.67	52.77	222439	AS7341	flash	5	100	999	10	100.0	0.15
2026-07-09T13:19:54.457	421	937	603	1084	2712	2619	3066	3449	3698	487	28.12	1018.68	52.75	221840	AS7341	flash	5	100	999	10	100.0	0.15
2026-07-09T13:19:56.447	421	937	604	1084	2714	2621	3068	3451	3700	487	28.12	1018.68	52.72	225177	AS7341	flash	5	100	999	10	100.0	0.15
2026-07-09T13:19:58.434	421	937	604	1085	2714	2621	3068	3451	3701	487	28.12	1018.7	52.71	223042	AS7341	flash	5	100	999	10	100.0	0.15
2026-07-09T13:20:00.419	421	937	604	1085	2715	2622	3069	3452	3701	487	28.12	1018.69	52.69	221990	AS7341	flash	5	100	999	10	100.0	0.15
2026-07-09T13:20:02.404	421	937	604	1085	2715	2622	3069	3452	3702	487	28.12	1018.7	52.69	224104	AS7341	flash	5	100	999	10	100.0	0.15
2026-07-09T13:20:04.390	421	936	603	1085	2717	2624	3071	3453	3703	487	28.12	1018.69	52.67	220799	AS7341	flash	5	100	999	10	100.0	0.15
2026-07-09T13:20:06.386	422	936	604	1086	2718	2625	3072	3453	3704	487	28.11	1018.67	52.64	220061	AS7341	flash	5	100	999	10	100.0	0.15
2026-07-09T13:20:08.470	421	936	603	1086	2718	2625	3072	3454	3703	487	28.11	1018.68	52.64	220356	AS7341	flash	5	100	999	10	100.0	0.15
2026-07-09T13:20:10.456	421	936	603	1086	2717	2626	3072	3454	3703	486	28.11	1018.68	52.63	223193	AS7341	flash	5	100	999	10	100.0	0.15
2026-07-09T13:20:12.449	421	935	603	1086	2718	2626	3073	3454	3704	487	28.12	1018.7	52.63	220799	AS7341	flash	5	100	999	10	100.0	0.15
2026-07-09T13:20:14.436	421	936	604	1086	2718	2627	3074	3454	3704	487	28.12	1018.73	52.61	224257	AS7341	flash	5	100	999	10	100.0	0.15
2026-07-09T13:20:16.426	422	935	604	1087	2719	2628	3075	3455	3706	488	28.12	1018.68	52.61	221840	AS7341	flash	5	100	999	10	100.0	0.15
2026-07-09T13:20:18.415	422	935	603	1087	2720	2629	3076	3456	3707	488	28.11	1018.69	52.6	224410	AS7341	flash	5	100	999	10	100.0	0.15
2026-07-09T13:20:20.398	422	935	604	1087	2720	2629	3075	3456	3706	488	28.12	1018.71	52.58	226105	AS7341	flash	5	100	999	10	100.0	0.15
2026-07-09T13:20:22.390	422	935	603	1087	2721	2629	3076	3456	3707	488	28.12	1018.7	52.57	225023	AS7341	flash	5	100	999	10	100.0	0.15
2026-07-09T13:20:24.480	422	935	604	1088	2723	2631	3079	3458	3709	487	28.11	1018.69	52.58	223648	AS7341	flash	5	100	999	10	100.0	0.15
2026-07-09T13:20:26.470	422	935	603	1087	2722	2630	3077	3457	3708	487	28.12	1018.69	52.58	222891	AS7341	flash	5	100	999	10	100.0	0.15
2026-07-09T13:20:28.464	422	934	603	1088	2723	2631	3078	3458	3709	487	28.12	1018.7	52.56	222289	AS7341	flash	5	100	999	10	100.0	0.15
2026-07-09T13:20:30.446	422	934	603	1087	2723	2632	3079	3459	3709	488	28.12	1018.68	52.55	221990	AS7341	flash	5	100	999	10	100.0	0.15
2026-07-09T13:20:32.433	422	935	604	1088	2724	2632	3078	3459	3710	488	28.12	1018.66	52.55	225023	AS7341	flash	5	100	999	10	100.0	0.15
2026-07-09T13:20:34.427	422	934	603	1088	2724	2631	3080	3459	3710	488	28.12	1018.67	52.54	222139	AS7341	flash	5	100	999	10	100.0	0.15
2026-07-09T13:20:36.415	422	934	603	1088	2724	2632	3080	3459	3710	488	28.12	1018.69	52.53	223345	AS7341	flash	5	100	999	10	100.0	0.15
2026-07-09T13:20:38.401	422	934	603	1088	2725	2632	3080	3459	3710	487	28.11	1018.66	52.52	222740	AS7341	flash	5	100	999	10	100.0	0.15
2026-07-09T13:20:40.389	422	934	603	1088	2725	2633	3081	3460	3711	487	28.12	1018.67	52.51	224410	AS7341	flash	5	100	999	10	100.0	0.15
2026-07-09T13:20:42.383	422	934	603	1088	2726	2633	3081	3460	3711	487	28.12	1018.7	52.51	226571	AS7341	flash	5	100	999	10	100.0	0.15
2026-07-09T13:20:44.468	422	934	603	1089	2727	2634	3082	3461	3713	488	28.11	1018.68	52.52	220947	AS7341	flash	5	100	999	10	100.0	0.15
2026-07-09T13:20:46.451	422	935	603	1089	2726	2634	3082	3461	3712	487	28.11	1018.7	52.51	221542	AS7341	flash	5	100	999	10	100.0	0.15
2026-07-09T13:20:48.440	422	934	603	1089	2728	2635	3084	3462	3714	488	28.12	1018.7	52.51	221691	AS7341	flash	5	100	999	10	100.0	0.15
2026-07-09T13:20:50.430	422	934	603	1089	2728	2635	3084	3462	3713	488	28.12	1018.69	52.5	221542	AS7341	flash	5	100	999	10	100.0	0.15
2026-07-09T13:20:52.417	422	933	603	1088	2728	2635	3083	3462	3714	488	28.12	1018.68	52.5	223800	AS7341	flash	5	100	999	10	100.0	0.15
2026-07-09T13:20:54.403	422	933	603	1088	2728	2635	3084	3462	3713	488	28.12	1018.69	52.48	223952	AS7341	flash	5	100	999	10	100.0	0.15
2026-07-09T13:20:56.385	422	933	604	1090	2729	2636	3085	3463	3715	488	28.12	1018.7	52.48	221542	AS7341	flash	5	100	999	10	100.0	0.15
2026-07-09T13:20:58.472	422	934	604	1090	2730	2637	3085	3464	3716	488	28.12	1018.69	52.47	224870	AS7341	flash	5	100	999	10	100.0	0.15
2026-07-09T13:21:00.455	422	933	603	1089	2729	2637	3085	3463	3715	489	28.12	1018.67	52.47	225331	AS7341	flash	5	100	999	10	100.0	0.15
2026-07-09T13:21:02.442	422	933	603	1089	2729	2636	3085	3463	3715	487	28.12	1018.67	52.46	223496	AS7341	flash	5	100	999	10	100.0	0.15
2026-07-09T13:21:04.428	422	933	604	1089	2730	2637	3085	3463	3716	488	28.12	1018.69	52.47	224716	AS7341	flash	5	100	999	10	100.0	0.15
2026-07-09T13:21:06.415	422	934	603	1089	2730	2637	3086	3463	3715	488	28.12	1018.67	52.45	225795	AS7341	flash	5	100	999	10	100.0	0.15
2026-07-09T13:21:08.402	422	933	603	1089	2730	2638	3086	3464	3716	488	28.11	1018.66	52.43	223952	AS7341	flash	5	100	999	10	100.0	0.15
2026-07-09T13:21:10.391	422	934	603	1089	2731	2638	3087	3464	3717	488	28.12	1018.71	52.44	224257	AS7341	flash	5	100	999	10	100.0	0.15
2026-07-09T13:21:12.479	422	933	603	1089	2731	2639	3087	3465	3717	488	28.11	1018.66	52.45	225023	AS7341	flash	5	100	999	10	100.0	0.15
2026-07-09T13:21:14.468	422	933	603	1089	2731	2639	3086	3465	3717	488	28.11	1018.67	52.45	223952	AS7341	flash	5	100	999	10	100.0	0.15
2026-07-09T13:21:16.460	422	933	603	1089	2731	2639	3087	3465	3718	488	28.11	1018.69	52.43	223042	AS7341	flash	5	100	999	10	100.0	0.15
2026-07-09T13:21:18.447	422	933	604	1089	2732	2639	3088	3465	3717	489	28.12	1018.68	52.45	223042	AS7341	flash	5	100	999	10	100.0	0.15
2026-07-09T13:21:20.431	422	933	603	1090	2732	2639	3087	3466	3716	488	28.12	1018.68	52.44	222139	AS7341	flash	5	100	999	10	100.0	0.15
2026-07-09T13:21:22.421	422	933	603	1090	2732	2639	3088	3465	3716	488	28.12	1018.72	52.43	224563	AS7341	flash	5	100	999	10	100.0	0.15
2026-07-09T13:21:24.415	422	933	603	1090	2732	2640	3089	3466	3717	488	28.12	1018.72	52.43	226415	AS7341	flash	5	100	999	10	100.0	0.15
2026-07-09T13:21:26.401	422	933	603	1090	2733	2640	3088	3467	3719	488	28.12	1018.68	52.43	225177	AS7341	flash	5	100	999	10	100.0	0.15
2026-07-09T13:21:28.390	422	932	603	1089	2733	2640	3089	3466	3718	488	28.12	1018.71	52.43	222740	AS7341	flash	5	100	999	10	100.0	0.15
2026-07-09T13:21:30.478	422	934	604	1090	2734	2641	3089	3468	3719	488	28.11	1018.71	52.45	224563	AS7341	flash	5	100	999	10	100.0	0.15
2026-07-09T13:21:32.461	422	932	603	1090	2733	2641	3089	3467	3719	488	28.12	1018.69	52.43	222891	AS7341	flash	5	100	999	10	100.0	0.15
2026-07-09T13:21:34.446	422	932	603	1090	2733	2641	3089	3468	3719	489	28.12	1018.69	52.43	223345	AS7341	flash	5	100	999	10	100.0	0.15
2026-07-09T13:21:36.433	422	933	603	1090	2733	2640	3088	3466	3717	488	28.12	1018.67	52.44	222439	AS7341	flash	5	100	999	10	100.0	0.15
2026-07-09T13:21:38.423	422	932	603	1090	2734	2642	3091	3468	3719	488	28.12	1018.7	52.42	227668	AS7341	flash	5	100	999	10	100.0	0.15
2026-07-09T13:21:40.407	422	933	603	1090	2733	2641	3090	3467	3718	489	28.13	1018.72	52.44	223496	AS7341	flash	5	100	999	10	100.0	0.15
2026-07-09T13:21:42.404	422	932	603	1090	2734	2641	3090	3468	3718	488	28.13	1018.71	52.46	226727	AS7341	flash	5	100	999	10	100.0	0.15
2026-07-09T13:21:44.386	422	932	603	1090	2734	2642	3090	3468	3719	488	28.12	1018.7	52.47	226415	AS7341	flash	5	100	999	10	100.0	0.15
2026-07-09T13:21:46.477	422	932	603	1091	2735	2643	3092	3470	3721	488	28.11	1018.7	52.48	225795	AS7341	flash	5	100	999	10	100.0	0.15
2026-07-09T13:21:48.471	422	933	603	1090	2735	2643	3090	3469	3720	488	28.12	1018.69	52.48	222439	AS7341	flash	5	100	999	10	100.0	0.15
2026-07-09T13:21:50.455	422	932	603	1090	2734	2642	3090	3468	3719	488	28.12	1018.7	52.47	227040	AS7341	flash	5	100	999	10	100.0	0.15
2026-07-09T13:21:52.447	422	932	603	1090	2735	2643	3091	3469	3720	488	28.12	1018.66	52.48	224563	AS7341	flash	5	100	999	10	100.0	0.15
2026-07-09T13:21:54.437	422	933	603	1090	2735	2643	3092	3469	3720	488	28.12	1018.71	52.48	221840	AS7341	flash	5	100	999	10	100.0	0.15
2026-07-09T13:21:56.420	422	933	603	1090	2735	2643	3091	3469	3720	488	28.12	1018.7	52.48	222439	AS7341	flash	5	100	999	10	100.0	0.15
2026-07-09T13:21:58.415	422	933	603	1090	2735	2642	3090	3469	3720	488	28.12	1018.74	52.49	226415	AS7341	flash	5	100	999	10	100.0	0.15
2026-07-09T13:22:00.403	422	932	603	1090	2735	2643	3092	3469	3720	488	28.12	1018.7	52.49	222139	AS7341	flash	5	100	999	10	100.0	0.15
2026-07-09T13:22:02.388	422	932	603	1090	2735	2642	3091	3469	3720	488	28.12	1018.67	52.49	226105	AS7341	flash	5	100	999	10	100.0	0.15
2026-07-09T13:22:04.472	422	933	603	1091	2736	2644	3092	3470	3721	488	28.12	1018.71	52.51	226727	AS7341	flash	5	100	999	10	100.0	0.15
2026-07-09T13:22:06.464	422	932	603	1091	2736	2644	3091	3470	3721	488	28.12	1018.7	52.5	226727	AS7341	flash	5	100	999	10	100.0	0.15
2026-07-09T13:22:08.447	422	932	603	1091	2735	2643	3092	3470	3720	488	28.13	1018.7	52.51	226571	AS7341	flash	5	100	999	10	100.0	0.15
2026-07-09T13:22:10.431	422	933	603	1091	2735	2643	3091	3470	3721	488	28.13	1018.68	52.5	226105	AS7341	flash	5	100	999	10	100.0	0.15
2026-07-09T13:22:12.416	422	932	603	1091	2736	2644	3093	3470	3721	488	28.13	1018.67	52.51	226415	AS7341	flash	5	100	999	10	100.0	0.15
2026-07-09T13:22:14.405	422	933	603	1091	2735	2643	3091	3469	3720	488	28.13	1018.7	52.49	223193	AS7341	flash	5	100	999	10	100.0	0.15
2026-07-09T13:22:16.397	422	933	603	1091	2735	2644	3093	3470	3721	488	28.12	1018.68	52.51	224870	AS7341	flash	5	100	999	10	100.0	0.15
2026-07-09T13:22:18.382	422	931	603	1091	2736	2644	3092	3471	3722	488	28.13	1018.73	52.5	222439	AS7341	flash	5	100	999	10	100.0	0.15
2026-07-09T13:22:20.474	422	932	603	1091	2737	2644	3094	3471	3722	488	28.12	1018.68	52.51	223193	AS7341	flash	5	100	999	10	100.0	0.15
2026-07-09T13:22:22.469	422	931	603	1091	2736	2644	3093	3470	3722	488	28.12	1018.7	52.51	223496	AS7341	flash	5	100	999	10	100.0	0.15
2026-07-09T13:22:24.462	422	931	603	1091	2736	2644	3092	3470	3721	488	28.12	1018.68	52.51	223648	AS7341	flash	5	100	999	10	100.0	0.15
2026-07-09T13:22:26.449	422	931	603	1091	2736	2644	3094	3471	3722	489	28.12	1018.7	52.51	225023	AS7341	flash	5	100	999	10	100.0	0.15
2026-07-09T13:22:28.434	423	932	603	1091	2738	2645	3094	3472	3723	489	28.13	1018.7	52.5	223345	AS7341	flash	5	100	999	10	100.0	0.15
2026-07-09T13:22:30.430	423	932	603	1091	2736	2644	3093	3470	3722	489	28.13	1018.68	52.5	226571	AS7341	flash	5	100	999	10	100.0	0.15
2026-07-09T13:22:32.417	421	932	603	1091	2737	2644	3094	3471	3722	489	28.13	1018.71	52.5	223345	AS7341	flash	5	100	999	10	100.0	0.15
2026-07-09T13:22:34.416	423	932	604	1091	2738	2645	3094	3472	3723	489	28.13	1018.69	52.49	223042	AS7341	flash	5	100	999	10	100.0	0.15
2026-07-09T13:22:36.403	423	932	604	1091	2737	2645	3093	3472	3723	489	28.13	1018.74	52.49	224104	AS7341	flash	5	100	999	10	100.0	0.15
2026-07-09T13:22:38.390	422	931	603	1091	2737	2644	3092	3470	3722	490	28.13	1018.71	52.49	222740	AS7341	flash	5	100	999	10	100.0	0.15
2026-07-09T13:22:40.383	423	932	604	1091	2738	2645	3094	3472	3723	489	28.13	1018.7	52.48	223345	AS7341	flash	5	100	999	10	100.0	0.15
2026-07-09T13:22:42.473	423	932	604	1092	2738	2646	3096	3473	3724	489	28.12	1018.71	52.48	224563	AS7341	flash	5	100	999	10	100.0	0.15
2026-07-09T13:22:44.457	423	933	603	1091	2738	2645	3093	3472	3724	489	28.13	1018.7	52.47	222740	AS7341	flash	5	100	999	10	100.0	0.15
2026-07-09T13:22:46.456	423	932	603	1091	2738	2645	3093	3473	3723	489	28.13	1018.69	52.46	227510	AS7341	flash	5	100	999	10	100.0	0.15
2026-07-09T13:22:48.450	423	933	604	1091	2737	2645	3093	3472	3723	489	28.14	1018.72	52.46	226727	AS7341	flash	5	100	999	10	100.0	0.15
2026-07-09T13:22:50.442	423	932	604	1091	2738	2646	3096	3472	3723	489	28.14	1018.71	52.44	222590	AS7341	flash	5	100	999	10	100.0	0.15
2026-07-09T13:22:52.427	423	933	604	1091	2738	2646	3094	3473	3724	489	28.14	1018.68	52.46	223042	AS7341	flash	5	100	999	10	100.0	0.15
2026-07-09T13:22:54.410	423	931	603	1091	2738	2645	3094	3472	3723	489	28.14	1018.72	52.44	222740	AS7341	flash	5	100	999	10	100.0	0.15
2026-07-09T13:22:56.393	423	931	604	1091	2736	2645	3095	3472	3723	489	28.15	1018.69	52.43	223193	AS7341	flash	5	100	999	10	100.0	0.15
2026-07-09T13:22:58.382	423	932	604	1092	2738	2645	3094	3472	3723	489	28.14	1018.72	52.42	222891	AS7341	flash	5	100	999	10	100.0	0.15
2026-07-09T13:23:00.469	423	932	604	1092	2739	2647	3096	3474	3725	489	28.14	1018.7	52.41	223345	AS7341	flash	5	100	999	10	100.0	0.15
2026-07-09T13:23:02.452	423	931	604	1091	2738	2646	3094	3472	3723	489	28.15	1018.71	52.41	224257	AS7341	flash	5	100	999	10	100.0	0.15
2026-07-09T13:23:04.445	423	931	603	1091	2738	2646	3094	3471	3723	489	28.15	1018.73	52.41	223952	AS7341	flash	5	100	999	10	100.0	0.15
2026-07-09T13:23:06.429	423	932	603	1091	2738	2645	3095	3471	3723	489	28.15	1018.7	52.41	223952	AS7341	flash	5	100	999	10	100.0	0.15
2026-07-09T13:23:08.422	423	933	604	1092	2738	2646	3095	3473	3724	489	28.15	1018.72	52.4	223800	AS7341	flash	5	100	999	10	100.0	0.15
2026-07-09T13:23:10.405	423	932	604	1092	2739	2646	3095	3472	3724	489	28.14	1018.7	52.4	227040	AS7341	flash	5	100	999	10	100.0	0.15
2026-07-09T13:23:12.389	423	931	603	1091	2737	2646	3093	3472	3723	489	28.15	1018.7	52.38	226883	AS7341	flash	5	100	999	10	100.0	0.15
2026-07-09T13:23:14.476	423	932	604	1092	2739	2647	3096	3473	3725	489	28.14	1018.74	52.4	227353	AS7341	flash	5	100	999	10	100.0	0.15
2026-07-09T13:23:16.469	423	932	604	1092	2738	2646	3095	3473	3724	489	28.14	1018.71	52.39	226727	AS7341	flash	5	100	999	10	100.0	0.15
2026-07-09T13:23:18.463	423	931	603	1091	2738	2646	3094	3472	3723	489	28.14	1018.72	52.4	227983	AS7341	flash	5	100	999	10	100.0	0.15
2026-07-09T13:23:20.456	422	931	603	1091	2738	2645	3093	3472	3723	489	28.15	1018.71	52.38	227040	AS7341	flash	5	100	999	10	100.0	0.15
2026-07-09T13:23:22.447	423	931	603	1091	2738	2646	3095	3472	3724	489	28.14	1018.72	52.39	227983	AS7341	flash	5	100	999	10	100.0	0.15
2026-07-09T13:23:24.446	422	932	603	1091	2737	2645	3094	3471	3723	489	28.15	1018.7	52.37	226415	AS7341	flash	5	100	999	10	100.0	0.15
2026-07-09T13:23:26.433	423	931	604	1092	2738	2646	3094	3472	3723	489	28.15	1018.68	52.37	224104	AS7341	flash	5	100	999	10	100.0	0.15
2026-07-09T13:23:28.424	423	931	603	1091	2738	2646	3094	3471	3724	489	28.15	1018.71	52.37	226260	AS7341	flash	5	100	999	10	100.0	0.15
2026-07-09T13:23:30.416	423	931	604	1092	2739	2646	3094	3472	3724	489	28.14	1018.66	52.36	227983	AS7341	flash	5	100	999	10	100.0	0.15
2026-07-09T13:23:32.399	422	931	603	1091	2737	2646	3094	3471	3723	489	28.15	1018.7	52.37	227353	AS7341	flash	5	100	999	10	100.0	0.15
2026-07-09T13:23:34.393	423	931	603	1091	2738	2646	3094	3472	3723	489	28.14	1018.7	52.37	227353	AS7341	flash	5	100	999	10	100.0	0.15
2026-07-09T13:23:36.485	423	932	604	1092	2739	2647	3094	3472	3724	489	28.14	1018.7	52.38	224563	AS7341	flash	5	100	999	10	100.0	0.15
2026-07-09T13:23:38.477	423	932	604	1092	2739	2648	3096	3473	3725	489	28.13	1018.7	52.39	227825	AS7341	flash	5	100	999	10	100.0	0.15
2026-07-09T13:23:40.463	423	931	603	1091	2738	2646	3095	3472	3724	489	28.13	1018.69	52.38	225023	AS7341	flash	5	100	999	10	100.0	0.15
2026-07-09T13:23:42.446	423	931	603	1091	2737	2646	3096	3472	3724	489	28.13	1018.69	52.39	223193	AS7341	flash	5	100	999	10	100.0	0.15
2026-07-09T13:23:44.436	423	931	604	1092	2739	2646	3094	3472	3724	489	28.14	1018.74	52.37	227353	AS7341	flash	5	100	999	10	100.0	0.15
2026-07-09T13:23:46.425	423	932	604	1092	2739	2647	3095	3474	3725	489	28.13	1018.71	52.38	223952	AS7341	flash	5	100	999	10	0.0	0.15
2026-07-09T13:23:48.412	423	931	603	1091	2735	2644	3092	3474	3723	489	28.15	1018.7	52.49	223345	AS7341	flash	5	100	999	10	0.0	0.15
2026-07-09T13:23:50.404	421	931	603	1089	2729	2638	3088	3475	3720	489	28.18	1018.72	53.68	218022	AS7341	flash	5	100	999	10	0.0	0.15
2026-07-09T13:23:52.390	421	932	603	1087	2723	2632	3085	3477	3716	488	28.2	1018.71	55.55	214333	AS7341	flash	5	100	999	10	0.0	0.15
2026-07-09T13:23:54.382	421	933	603	1084	2716	2623	3077	3475	3709	488	28.21	1018.69	57.47	209693	AS7341	flash	5	100	999	10	0.0	0.15
2026-07-09T13:23:56.466	420	934	603	1082	2707	2615	3070	3475	3704	487	28.21	1018.71	59.29	204358	AS7341	flash	5	100	999	10	0.0	0.15
2026-07-09T13:23:58.460	420	934	602	1080	2699	2606	3063	3474	3698	487	28.22	1018.7	60.76	200136	AS7341	flash	5	100	999	10	0.0	0.15
2026-07-09T13:24:00.449	420	936	602	1078	2692	2598	3056	3473	3693	486	28.24	1018.71	61.96	198927	AS7341	flash	5	100	999	10	0.0	0.15
2026-07-09T13:24:02.439	420	937	602	1075	2685	2590	3049	3472	3687	486	28.24	1018.72	62.96	193322	AS7341	flash	5	100	999	10	0.0	0.15
2026-07-09T13:24:04.424	419	937	602	1073	2678	2583	3043	3469	3681	485	28.26	1018.7	63.82	192194	AS7341	flash	5	100	999	10	0.0	0.15
2026-07-09T13:24:06.414	419	938	602	1070	2672	2577	3037	3469	3677	485	28.27	1018.74	64.58	188455	AS7341	flash	5	100	999	10	100.0	0.15
2026-07-09T13:24:08.406	419	939	602	1070	2669	2575	3036	3467	3675	484	28.25	1018.73	65.12	187810	AS7341	flash	5	100	999	10	100.0	0.15
2026-07-09T13:24:10.388	420	940	602	1070	2670	2575	3036	3464	3674	484	28.22	1018.72	63.77	190747	AS7341	flash	5	100	999	10	100.0	0.15
2026-07-09T13:24:12.480	420	941	603	1071	2671	2576	3036	3461	3674	485	28.21	1018.71	61.63	195040	AS7341	flash	5	100	999	10	100.0	0.15
2026-07-09T13:24:14.470	420	942	603	1071	2671	2577	3035	3456	3673	484	28.21	1018.75	59.84	194809	AS7341	flash	5	100	999	10	100.0	0.15
2026-07-09T13:24:16.449	420	942	603	1071	2672	2578	3034	3453	3672	484	28.22	1018.71	58.39	200258	AS7341	flash	5	100	999	10	100.0	0.15
2026-07-09T13:24:18.434	420	942	603	1072	2674	2579	3035	3451	3672	484	28.22	1018.74	57.28	200502	AS7341	flash	5	100	999	10	100.0	0.15
2026-07-09T13:24:20.419	420	943	603	1072	2675	2580	3035	3448	3672	484	28.22	1018.74	56.44	202474	AS7341	flash	5	100	999	10	100.0	0.15
2026-07-09T13:24:22.407	420	943	603	1073	2676	2581	3035	3445	3672	484	28.21	1018.72	55.75	204612	AS7341	flash	5	100	999	10	100.0	0.15
2026-07-09T13:24:24.401	420	944	604	1074	2678	2584	3037	3445	3674	484	28.21	1018.75	55.24	209560	AS7341	flash	5	100	999	10	100.0	0.15
2026-07-09T13:24:26.397	420	943	604	1074	2679	2585	3037	3443	3674	484	28.2	1018.7	54.85	210902	AS7341	flash	5	100	999	10	100.0	0.15
2026-07-09T13:24:28.387	420	943	604	1074	2680	2585	3037	3442	3674	484	28.21	1018.75	54.53	209960	AS7341	flash	5	100	999	10	100.0	0.15
2026-07-09T13:24:30.480	420	943	604	1075	2682	2588	3040	3442	3676	485	28.2	1018.75	54.27	213361	AS7341	flash	5	100	999	10	100.0	0.15
2026-07-09T13:24:32.468	420	943	604	1076	2684	2589	3041	3441	3677	485	28.2	1018.72	54.08	209560	AS7341	flash	5	100	999	10	100.0	0.15
2026-07-09T13:24:34.458	420	943	604	1076	2685	2591	3042	3441	3677	485	28.2	1018.71	53.9	210902	AS7341	flash	5	100	999	10	100.0	0.15
2026-07-09T13:24:36.447	420	943	604	1076	2687	2592	3043	3441	3678	485	28.21	1018.73	53.76	211307	AS7341	flash	5	100	999	10	100.0	0.15
2026-07-09T13:24:38.434	421	943	604	1077	2689	2594	3044	3441	3679	485	28.2	1018.73	53.63	215455	AS7341	flash	5	100	999	10	100.0	0.15
2026-07-09T13:24:40.428	421	943	604	1077	2689	2595	3045	3441	3680	485	28.2	1018.72	53.53	216446	AS7341	flash	5	100	999	10	100.0	0.15
2026-07-09T13:24:42.424	421	943	604	1077	2692	2598	3047	3441	3682	485	28.2	1018.72	53.43	214472	AS7341	flash	5	100	999	10	100.0	0.15
2026-07-09T13:24:44.417	421	943	604	1078	2694	2600	3049	3443	3684	486	28.2	1018.74	53.36	216873	AS7341	flash	5	100	999	10	100.0	0.15
2026-07-09T13:24:46.401	421	942	604	1078	2695	2601	3050	3443	3685	485	28.2	1018.74	53.27	214892	AS7341	flash	5	100	999	10	100.0	0.15
2026-07-09T13:24:48.384	421	942	604	1078	2695	2601	3049	3442	3684	486	28.2	1018.72	53.23	219037	AS7341	flash	5	100	999	10	100.0	0.15
2026-07-09T13:24:50.481	421	942	604	1079	2696	2603	3052	3443	3685	486	28.19	1018.71	53.17	214054	AS7341	flash	5	100	999	10	100.0	0.15
2026-07-09T13:24:52.469	421	941	604	1079	2697	2604	3053	3442	3686	486	28.19	1018.7	53.14	217446	AS7341	flash	5	100	999	10	100.0	0.15
2026-07-09T13:24:54.451	421	941	604	1080	2698	2605	3054	3442	3687	486	28.2	1018.74	53.1	218311	AS7341	flash	5	100	999	10	100.0	0.15
2026-07-09T13:24:56.439	421	941	604	1080	2700	2607	3056	3445	3689	486	28.19	1018.73	53.05	221244	AS7341	flash	5	100	999	10	100.0	0.15
2026-07-09T13:24:58.425	421	941	604	1080	2701	2608	3057	3444	3689	486	28.2	1018.72	53.02	217446	AS7341	flash	5	100	999	10	100.0	0.15
2026-07-09T13:25:00.422	421	941	604	1081	2702	2609	3057	3444	3690	486	28.19	1018.74	52.99	221244	AS7341	flash	5	100	999	10	100.0	0.15
2026-07-09T13:25:02.410	421	940	604	1081	2703	2610	3058	3444	3690	486	28.19	1018.73	52.94	221244	AS7341	flash	5	100	999	10	100.0	0.15
2026-07-09T13:25:04.400	421	940	604	1082	2705	2612	3060	3446	3693	486	28.19	1018.73	52.93	222439	AS7341	flash	5	100	999	10	100.0	0.15
2026-07-09T13:25:06.394	421	940	605	1082	2706	2613	3062	3446	3694	486	28.2	1018.72	52.9	221840	AS7341	flash	5	100	999	10	100.0	0.15
2026-07-09T13:25:08.382	421	940	604	1083	2707	2614	3062	3447	3695	487	28.19	1018.7	52.88	218891	AS7341	flash	5	100	999	10	100.0	0.15
2026-07-09T13:25:10.476	421	940	605	1083	2709	2616	3065	3449	3697	487	28.19	1018.74	52.86	217446	AS7341	flash	5	100	999	10	100.0	0.15
2026-07-09T13:25:12.463	421	939	604	1083	2708	2616	3064	3448	3696	487	28.2	1018.72	52.83	221542	AS7341	flash	5	100	999	10	100.0	0.15
2026-07-09T13:25:14.450	421	939	604	1083	2710	2617	3065	3449	3697	487	28.2	1018.75	52.82	219475	AS7341	flash	5	100	999	10	100.0	0.15
2026-07-09T13:25:16.441	422	939	604	1084	2711	2618	3066	3449	3698	487	28.2	1018.7	52.79	222289	AS7341	flash	5	100	999	10	100.0	0.15
2026-07-09T13:25:18.435	421	939	604	1084	2711	2619	3067	3450	3698	486	28.2	1018.73	52.75	223648	AS7341	flash	5	100	999	10	100.0	0.15
2026-07-09T13:25:20.425	422	939	604	1084	2712	2620	3067	3449	3699	487	28.21	1018.79	52.74	223042	AS7341	flash	5	100	999	10	100.0	0.15
2026-07-09T13:25:22.421	422	938	604	1084	2713	2620	3068	3450	3699	487	28.21	1018.74	52.72	222891	AS7341	flash	5	100	999	10	100.0	0.15
2026-07-09T13:25:24.417	422	938	604	1085	2714	2621	3069	3450	3699	486	28.2	1018.73	52.7	223648	AS7341	flash	5	100	999	10	100.0	0.15
2026-07-09T13:25:26.401	422	938	604	1085	2715	2622	3070	3452	3700	487	28.21	1018.73	52.69	221990	AS7341	flash	5	100	999	10	100.0	0.15
2026-07-09T13:25:28.392	422	938	604	1085	2716	2623	3071	3452	3701	487	28.21	1018.73	52.68	223648	AS7341	flash	5	100	999	10	100.0	0.15
2026-07-09T13:25:30.379	422	938	604	1085	2716	2623	3071	3452	3700	487	28.2	1018.73	52.66	220947	AS7341	flash	5	100	999	10	100.0	0.15
2026-07-09T13:25:32.473	422	938	604	1086	2717	2624	3073	3454	3703	488	28.19	1018.74	52.66	223042	AS7341	flash	5	100	999	10	100.0	0.15
2026-07-09T13:25:34.463	422	938	604	1086	2718	2626	3073	3455	3704	487	28.2	1018.73	52.65	220356	AS7341	flash	5	100	999	10	100.0	0.15
2026-07-09T13:25:36.450	422	937	604	1086	2717	2626	3073	3454	3704	488	28.19	1018.72	52.64	224563	AS7341	flash	5	100	999	10	100.0	0.15
2026-07-09T13:25:38.448	422	937	604	1086	2717	2625	3074	3454	3703	487	28.19	1018.75	52.63	224410	AS7341	flash	5	100	999	10	100.0	0.15
2026-07-09T13:25:40.439	422	937	604	1087	2719	2628	3076	3456	3706	488	28.19	1018.74	52.64	224257	AS7341	flash	5	100	999	10	100.0	0.15
2026-07-09T13:25:42.433	422	937	604	1087	2719	2628	3075	3455	3705	488	28.18	1018.71	52.63	220651	AS7341	flash	5	100	999	10	100.0	0.15
2026-07-09T13:25:44.417	422	937	604	1087	2719	2628	3076	3456	3706	488	28.19	1018.7	52.62	221542	AS7341	flash	5	100	999	10	100.0	0.15
2026-07-09T13:25:46.408	422	936	604	1087	2720	2628	3076	3456	3706	488	28.18	1018.71	52.62	224257	AS7341	flash	5	100	999	10	100.0	0.15
2026-07-09T13:25:48.393	422	936	604	1087	2721	2630	3078	3457	3708	488	28.18	1018.75	52.61	224870	AS7341	flash	5	100	999	10	100.0	0.15
2026-07-09T13:25:50.479	422	937	604	1088	2721	2630	3078	3457	3707	488	28.17	1018.73	52.61	219621	AS7341	flash	5	100	999	10	100.0	0.15
2026-07-09T13:25:52.473	422	936	604	1088	2721	2630	3078	3457	3707	487	28.17	1018.7	52.59	223952	AS7341	flash	5	100	999	10	100.0	0.15
2026-07-09T13:25:54.464	422	936	604	1088	2722	2630	3078	3458	3708	488	28.18	1018.71	52.59	222740	AS7341	flash	5	100	999	10	100.0	0.15
2026-07-09T13:25:56.448	422	936	604	1088	2722	2631	3079	3458	3708	487	28.17	1018.69	52.57	220651	AS7341	flash	5	100	999	10	100.0	0.15
2026-07-09T13:25:58.433	422	936	604	1088	2723	2631	3080	3458	3710	488	28.17	1018.68	52.57	222891	AS7341	flash	5	100	999	10	100.0	0.15
2026-07-09T13:26:00.426	422	936	604	1088	2723	2631	3081	3459	3710	487	28.17	1018.72	52.56	225640	AS7341	flash	5	100	999	10	100.0	0.15
2026-07-09T13:26:02.412	422	936	604	1088	2725	2633	3082	3461	3712	487	28.17	1018.73	52.55	224870	AS7341	flash	5	100	999	10	100.0	0.15
2026-07-09T13:26:04.394	422	936	604	1088	2725	2633	3082	3461	3712	488	28.17	1018.71	52.55	220947	AS7341	flash	5	100	999	10	100.0	0.15
2026-07-09T13:26:06.380	422	936	604	1089	2725	2633	3082	3461	3712	488	28.17	1018.71	52.54	225177	AS7341	flash	5	100	999	10	100.0	0.15
2026-07-09T13:26:08.467	422	936	604	1089	2727	2634	3083	3462	3713	488	28.16	1018.7	52.52	223042	AS7341	flash	5	100	999	10	100.0	0.15
2026-07-09T13:26:10.454	422	936	604	1088	2726	2634	3084	3462	3713	488	28.17	1018.74	52.53	224870	AS7341	flash	5	100	999	10	100.0	0.15
2026-07-09T13:26:12.442	422	935	604	1088	2726	2634	3082	3461	3712	488	28.16	1018.69	52.52	220947	AS7341	flash	5	100	999	10	100.0	0.15
2026-07-09T13:26:14.425	422	935	604	1088	2727	2634	3084	3462	3713	488	28.16	1018.71	52.52	225177	AS7341	flash	5	100	999	10	100.0	0.15
2026-07-09T13:26:16.412	422	935	604	1088	2727	2634	3083	3462	3713	488	28.15	1018.69	52.52	227040	AS7341	flash	5	100	999	10	100.0	0.15
2026-07-09T13:26:18.394	422	935	604	1088	2727	2635	3084	3463	3714	488	28.16	1018.73	52.51	224257	AS7341	flash	5	100	999	10	100.0	0.15
2026-07-09T13:26:20.393	422	935	604	1088	2727	2635	3084	3462	3713	489	28.16	1018.71	52.51	224104	AS7341	flash	5	100	999	10	100.0	0.15
2026-07-09T13:26:22.382	422	935	604	1089	2728	2636	3085	3463	3715	488	28.14	1018.7	52.49	222891	AS7341	flash	5	100	999	10	100.0	0.15
2026-07-09T13:26:24.473	422	935	604	1089	2729	2637	3087	3464	3716	488	28.14	1018.69	52.51	224870	AS7341	flash	5	100	999	10	100.0	0.15
2026-07-09T13:26:26.470	422	935	604	1089	2729	2637	3086	3464	3716	488	28.14	1018.73	52.51	223952	AS7341	flash	5	100	999	10	100.0	0.15
2026-07-09T13:26:28.462	422	935	604	1089	2730	2638	3087	3465	3716	488	28.15	1018.72	52.51	225331	AS7341	flash	5	100	999	10	100.0	0.15
2026-07-09T13:26:30.446	423	935	604	1089	2730	2638	3088	3465	3717	488	28.15	1018.73	52.51	224257	AS7341	flash	5	100	999	10	100.0	0.15
2026-07-09T13:26:32.428	422	935	604	1089	2730	2638	3088	3465	3716	488	28.15	1018.69	52.5	226415	AS7341	flash	5	100	999	10	100.0	0.15
2026-07-09T13:26:34.419	422	934	604	1089	2729	2637	3086	3464	3714	488	28.15	1018.73	52.48	223952	AS7341	flash	5	100	999	10	100.0	0.15
2026-07-09T13:26:36.409	422	935	604	1089	2730	2638	3087	3465	3715	488	28.15	1018.72	52.48	225949	AS7341	flash	5	100	999	10	100.0	0.15
2026-07-09T13:26:38.397	422	934	604	1089	2731	2638	3088	3465	3715	488	28.15	1018.73	52.48	221542	AS7341	flash	5	100	999	10	100.0	0.15
2026-07-09T13:26:40.389	423	934	604	1089	2731	2639	3089	3466	3717	488	28.15	1018.72	52.47	222891	AS7341	flash	5	100	999	10	100.0	0.15
2026-07-09T13:26:42.478	423	934	604	1090	2732	2640	3090	3467	3717	488	28.14	1018.72	52.48	224257	AS7341	flash	5	100	999	10	100.0	0.15
2026-07-09T13:26:44.462	423	934	604	1090	2733	2641	3091	3468	3719	488	28.15	1018.72	52.46	224410	AS7341	flash	5	100	999	10	100.0	0.15
2026-07-09T13:26:46.447	423	934	604	1090	2732	2640	3089	3466	3717	488	28.15	1018.72	52.46	226571	AS7341	flash	5	100	999	10	100.0	0.15
2026-07-09T13:26:48.439	423	934	604	1090	2733	2640	3090	3467	3718	488	28.16	1018.76	52.45	224563	AS7341	flash	5	100	999	10	100.0	0.15
2026-07-09T13:26:50.433	423	934	604	1090	2732	2640	3090	3467	3717	488	28.15	1018.72	52.45	227196	AS7341	flash	5	100	999	10	100.0	0.15
2026-07-09T13:26:52.423	423	934	604	1090	2732	2640	3090	3467	3717	488	28.15	1018.72	52.45	224257	AS7341	flash	5	100	999	10	100.0	0.15
2026-07-09T13:26:54.409	422	934	604	1090	2732	2640	3090	3466	3717	489	28.15	1018.7	52.45	226571	AS7341	flash	5	100	999	10	100.0	0.15
2026-07-09T13:26:56.397	423	934	604	1090	2732	2640	3090	3467	3717	488	28.15	1018.72	52.45	224563	AS7341	flash	5	100	999	10	100.0	0.15
2026-07-09T13:26:58.382	423	934	604	1090	2733	2641	3091	3468	3719	488	28.15	1018.72	52.44	226415	AS7341	flash	5	100	999	10	100.0	0.15
2026-07-09T13:27:00.482	423	934	604	1090	2734	2641	3091	3468	3719	488	28.14	1018.71	52.44	224410	AS7341	flash	5	100	999	10	100.0	0.15
2026-07-09T13:27:02.477	423	934	604	1090	2734	2642	3091	3468	3719	488	28.15	1018.69	52.45	223952	AS7341	flash	5	100	999	10	100.0	0.15
2026-07-09T13:27:04.468	423	934	604	1090	2734	2642	3092	3469	3719	488	28.15	1018.71	52.45	222139	AS7341	flash	5	100	999	10	100.0	0.15
2026-07-09T13:27:06.458	423	934	604	1091	2734	2642	3092	3469	3720	488	28.15	1018.69	52.44	223042	AS7341	flash	5	100	999	10	100.0	0.15
2026-07-09T13:27:08.446	423	934	604	1091	2735	2643	3093	3469	3720	488	28.14	1018.7	52.43	222740	AS7341	flash	5	100	999	10	100.0	0.15
2026-07-09T13:27:10.446	423	934	604	1090	2735	2642	3093	3469	3720	489	28.14	1018.69	52.43	226260	AS7341	flash	5	100	999	10	100.0	0.15
2026-07-09T13:27:12.431	423	933	604	1091	2735	2643	3091	3469	3720	488	28.15	1018.7	52.43	227668	AS7341	flash	5	100	999	10	100.0	0.15
2026-07-09T13:27:14.416	423	933	604	1090	2735	2642	3092	3469	3720	488	28.15	1018.7	52.41	226415	AS7341	flash	5	100	999	10	100.0	0.15
2026-07-09T13:27:16.410	423	933	604	1090	2734	2642	3091	3468	3719	488	28.15	1018.72	52.41	224870	AS7341	flash	5	100	999	10	100.0	0.15
2026-07-09T13:27:18.402	423	933	604	1091	2735	2643	3094	3470	3720	488	28.15	1018.71	52.41	227510	AS7341	flash	5	100	999	10	100.0	0.15
2026-07-09T13:27:20.391	423	933	604	1091	2735	2643	3092	3470	3721	488	28.16	1018.72	52.41	224563	AS7341	flash	5	100	999	10	100.0	0.15
2026-07-09T13:27:22.383	423	933	604	1091	2736	2644	3094	3470	3721	489	28.15	1018.7	52.41	227040	AS7341	flash	5	100	999	10	100.0	0.15
2026-07-09T13:27:24.475	422	933	604	1091	2736	2644	3092	3470	3721	488	28.14	1018.68	52.41	223193	AS7341	flash	5	100	999	10	100.0	0.15
2026-07-09T13:27:26.461	423	933	604	1091	2736	2644	3092	3470	3722	489	28.15	1018.68	52.42	222139	AS7341	flash	5	100	999	10	100.0	0.15
2026-07-09T13:27:28.453	423	933	604	1091	2735	2643	3092	3469	3720	488	28.15	1018.71	52.4	223345	AS7341	flash	5	100	999	10	100.0	0.15
2026-07-09T13:27:30.448	423	934	604	1091	2736	2644	3094	3469	3722	489	28.16	1018.7	52.4	226727	AS7341	flash	5	100	999	10	100.0	0.15
2026-07-09T13:27:32.435	423	934	604	1092	2737	2645	3096	3472	3723	489	28.16	1018.7	52.42	223345	AS7341	flash	5	100	999	10	100.0	0.15
2026-07-09T13:27:34.427	423	933	604	1091	2737	2645	3095	3471	3723	489	28.15	1018.7	52.4	227510	AS7341	flash	5	100	999	10	100.0	0.15
2026-07-09T13:27:36.407	423	933	604	1091	2737	2645	3094	3471	3722	489	28.16	1018.72	52.4	222590	AS7341	flash	5	100	999	10	100.0	0.15
2026-07-09T13:27:38.396	423	933	604	1091	2736	2644	3095	3470	3722	489	28.16	1018.7	52.38	222891	AS7341	flash	5	100	999	10	100.0	0.15
2026-07-09T13:27:40.384	423	933	604	1091	2737	2645	3094	3470	3722	489	28.17	1018.72	52.38	227353	AS7341	flash	5	100	999	10	100.0	0.15
2026-07-09T13:27:42.478	423	933	604	1091	2738	2646	3096	3472	3723	489	28.15	1018.71	52.39	225949	AS7341	flash	5	100	999	10	100.0	0.15
2026-07-09T13:27:44.460	423	933	604	1092	2738	2646	3095	3471	3723	490	28.16	1018.74	52.38	223952	AS7341	flash	5	100	999	10	100.0	0.15
2026-07-09T13:27:46.441	423	933	604	1092	2738	2646	3095	3472	3723	489	28.16	1018.7	52.38	223800	AS7341	flash	5	100	999	10	100.0	0.15
2026-07-09T13:27:48.431	423	933	604	1091	2738	2646	3095	3472	3723	489	28.17	1018.72	52.38	223800	AS7341	flash	5	100	999	10	100.0	0.15
2026-07-09T13:27:50.416	423	934	604	1092	2738	2646	3096	3472	3724	489	28.16	1018.69	52.35	226415	AS7341	flash	5	100	999	10	100.0	0.15
2026-07-09T13:27:52.399	423	933	604	1092	2738	2646	3096	3473	3724	489	28.17	1018.72	52.35	225795	AS7341	flash	5	100	999	10	100.0	0.15
2026-07-09T13:27:54.386	423	933	604	1092	2738	2646	3096	3471	3723	489	28.17	1018.71	52.35	223952	AS7341	flash	5	100	999	10	100.0	0.15
2026-07-09T13:27:56.474	423	933	604	1092	2739	2647	3095	3472	3724	489	28.16	1018.75	52.35	226727	AS7341	flash	5	100	999	10	100.0	0.15
2026-07-09T13:27:58.466	423	933	604	1092	2738	2646	3095	3471	3723	489	28.16	1018.7	52.34	222439	AS7341	flash	5	100	999	10	100.0	0.15
2026-07-09T13:28:00.455	423	933	604	1092	2738	2646	3097	3471	3723	489	28.17	1018.71	52.33	227353	AS7341	flash	5	100	999	10	100.0	0.15
2026-07-09T13:28:02.444	423	933	604	1092	2739	2647	3096	3473	3725	489	28.18	1018.71	52.33	224410	AS7341	flash	5	100	999	10	100.0	0.15
2026-07-09T13:28:04.433	422	933	604	1092	2738	2646	3096	3472	3724	489	28.18	1018.71	52.32	227983	AS7341	flash	5	100	999	10	100.0	0.15
2026-07-09T13:28:06.417	423	933	604	1092	2739	2647	3095	3472	3724	489	28.17	1018.7	52.33	227353	AS7341	flash	5	100	999	10	100.0	0.15
2026-07-09T13:28:08.414	423	933	604	1092	2739	2647	3096	3471	3724	489	28.18	1018.74	52.31	223345	AS7341	flash	5	100	999	10	100.0	0.15
2026-07-09T13:28:10.406	423	933	604	1092	2738	2646	3096	3471	3723	489	28.17	1018.69	52.31	227040	AS7341	flash	5	100	999	10	100.0	0.15
2026-07-09T13:28:12.396	423	933	604	1092	2738	2646	3094	3472	3723	489	28.17	1018.71	52.31	227040	AS7341	flash	5	100	999	10	100.0	0.15
2026-07-09T13:28:14.382	423	933	604	1092	2739	2647	3097	3472	3724	489	28.17	1018.73	52.31	223800	AS7341	flash	5	100	999	10	100.0	0.15
2026-07-09T13:28:16.472	423	933	604	1092	2740	2647	3096	3472	3725	489	28.16	1018.71	52.33	222740	AS7341	flash	5	100	999	10	100.0	0.15
2026-07-09T13:28:18.466	423	933	604	1092	2740	2648	3097	3472	3725	489	28.18	1018.75	52.33	227668	AS7341	flash	5	100	999	10	100.0	0.15
2026-07-09T13:28:20.461	423	933	604	1092	2740	2648	3097	3473	3725	489	28.18	1018.73	52.33	225485	AS7341	flash	5	100	999	10	100.0	0.15
2026-07-09T13:28:22.447	423	933	604	1092	2739	2647	3096	3472	3724	489	28.17	1018.7	52.33	226727	AS7341	flash	5	100	999	10	100.0	0.15
2026-07-09T13:28:24.440	423	933	604	1092	2740	2648	3096	3472	3725	489	28.16	1018.73	52.33	225795	AS7341	flash	5	100	999	10	100.0	0.15
2026-07-09T13:28:26.426	423	933	604	1092	2739	2647	3097	3472	3724	489	28.16	1018.69	52.33	227353	AS7341	flash	5	100	999	10	100.0	0.15
2026-07-09T13:28:28.411	423	933	604	1092	2740	2648	3097	3472	3725	489	28.16	1018.72	52.31	224104	AS7341	flash	5	100	999	10	100.0	0.15
2026-07-09T13:28:30.404	423	933	604	1092	2740	2648	3097	3472	3725	489	28.15	1018.72	52.32	227510	AS7341	flash	5	100	999	10	100.0	0.15
2026-07-09T13:28:32.401	423	933	604	1092	2740	2648	3097	3473	3725	489	28.16	1018.7	52.32	226727	AS7341	flash	5	100	999	10	100.0	0.15
2026-07-09T13:28:34.393	423	933	604	1092	2741	2649	3097	3475	3727	489	28.15	1018.73	52.32	227668	AS7341	flash	5	100	999	10	100.0	0.15
2026-07-09T13:28:36.384	423	933	604	1092	2740	2648	3097	3473	3725	489	28.16	1018.73	52.32	225795	AS7341	flash	5	100	999	10	100.0	0.15
2026-07-09T13:28:38.469	423	933	604	1092	2740	2648	3097	3473	3725	489	28.15	1018.73	52.34	224563	AS7341	flash	5	100	999	10	100.0	0.15
2026-07-09T13:28:40.454	423	933	604	1092	2739	2648	3097	3474	3726	489	28.16	1018.72	52.34	226415	AS7341	flash	5	100	999	10	100.0	0.15
2026-07-09T13:28:42.441	423	933	604	1093	2739	2648	3097	3473	3726	489	28.16	1018.76	52.34	227825	AS7341	flash	5	100	999	10	100.0	0.15
2026-07-09T13:28:44.426	423	933	604	1092	2740	2648	3098	3473	3726	489	28.15	1018.73	52.34	222891	AS7341	flash	5	100	999	10	100.0	0.15
2026-07-09T13:28:46.419	423	933	604	1092	2740	2648	3098	3473	3725	489	28.15	1018.68	52.36	225640	AS7341	flash	5	100	999	10	100.0	0.15
2026-07-09T13:28:48.410	423	933	604	1092	2740	2648	3097	3473	3725	489	28.15	1018.72	52.35	227510	AS7341	flash	5	100	999	10	100.0	0.15
2026-07-09T13:28:50.399	423	933	605	1092	2741	2649	3098	3474	3726	489	28.15	1018.72	52.36	224563	AS7341	flash	5	100	999	10	100.0	0.15
2026-07-09T13:28:52.412	423	933	604	1092	2741	2648	3098	3474	3726	489	28.15	1018.7	52.36	226571	AS7341	flash	5	100	999	10	100.0	0.15
2026-07-09T13:28:54.426	423	933	605	1093	2741	2649	3098	3474	3726	489	28.15	1018.7	52.36	226105	AS7341	flash	5	100	999	10	100.0	0.15
2026-07-09T13:28:56.448	423	933	604	1093	2740	2649	3098	3474	3727	489	28.15	1018.7	52.37	227668	AS7341	flash	5	100	999	10	100.0	0.15
2026-07-09T13:28:58.468	423	933	604	1093	2740	2649	3098	3474	3726	489	28.15	1018.73	52.37	223648	AS7341	flash	5	100	999	10	100.0	0.15
2026-07-09T13:29:00.380	423	932	604	1092	2740	2648	3098	3473	3726	489	28.16	1018.73	52.38	226105	AS7341	flash	5	100	999	10	100.0	0.15
2026-07-09T13:29:02.398	423	933	605	1093	2742	2649	3098	3474	3727	489	28.15	1018.73	52.37	226415	AS7341	flash	5	100	999	10	100.0	0.15
2026-07-09T13:29:04.421	423	933	605	1093	2742	2650	3099	3476	3728	489	28.15	1018.74	52.38	227196	AS7341	flash	5	100	999	10	100.0	0.15
2026-07-09T13:29:06.437	423	933	605	1093	2741	2650	3099	3475	3727	489	28.14	1018.71	52.37	222891	AS7341	flash	5	100	999	10	0.0	0.15
2026-07-09T13:29:08.447	423	933	604	1092	2737	2646	3096	3477	3726	489	28.17	1018.7	52.49	222740	AS7341	flash	5	100	999	10	0.0	0.15
2026-07-09T13:29:10.461	422	933	604	1090	2732	2642	3094	3479	3723	489	28.19	1018.71	53.68	219183	AS7341	flash	5	100	999	10	0.0	0.15
2026-07-09T13:29:12.488	421	933	604	1087	2724	2633	3087	3478	3717	489	28.2	1018.71	55.53	213499	AS7341	flash	5	100	999	10	0.0	0.15
2026-07-09T13:29:14.392	421	934	604	1085	2717	2624	3080	3477	3711	488	28.22	1018.71	57.29	211579	AS7341	flash	5	100	999	10	0.0	0.15
2026-07-09T13:29:16.406	421	935	604	1083	2709	2616	3074	3478	3707	488	28.23	1018.73	58.85	209293	AS7341	flash	5	100	999	10	0.0	0.15
2026-07-09T13:29:18.420	421	936	603	1080	2700	2607	3065	3476	3699	487	28.23	1018.73	60.19	205763	AS7341	flash	5	100	999	10	0.0	0.15
2026-07-09T13:29:20.443	420	937	603	1078	2691	2598	3057	3473	3692	486	28.23	1018.72	61.37	197971	AS7341	flash	5	100	999	10	0.0	0.15
2026-07-09T13:29:22.470	420	938	603	1075	2685	2590	3051	3472	3687	486	28.25	1018.74	62.44	195040	AS7341	flash	5	100	999	10	0.0	0.15
2026-07-09T13:29:24.482	420	939	603	1073	2677	2582	3043	3470	3682	485	28.26	1018.72	63.25	192419	AS7341	flash	5	100	999	10	0.0	0.15
2026-07-09T13:29:26.447	412	930	588	1030	2669	2574	3036	3466	3669	484	28.28	1018.75	63.9	190306	AS7341	flash	5	100	999	10	100.0	0.0
2026-07-09T13:29:28.461	420	941	603	1070	2670	2575	3038	3471	3676	485	28.24	1018.75	64.45	188563	AS7341	flash	5	100	999	10	100.0	0.0
2026-07-09T13:29:30.473	420	943	603	1070	2670	2575	3037	3466	3674	485	28.21	1018.76	63.28	193891	AS7341	flash	5	100	999	10	100.0	0.0
2026-07-09T13:29:32.383	420	943	603	1071	2670	2576	3036	3462	3673	485	28.2	1018.72	61.38	196670	AS7341	flash	5	100	999	10	100.0	0.0
2026-07-09T13:29:34.402	420	944	604	1071	2671	2577	3036	3457	3672	485	28.19	1018.73	59.54	198209	AS7341	flash	5	100	999	10	100.0	0.0
2026-07-09T13:29:36.419	420	944	604	1072	2674	2579	3037	3455	3674	485	28.18	1018.74	58.05	200258	AS7341	flash	5	100	999	10	100.0	0.0
2026-07-09T13:29:38.430	420	944	604	1072	2675	2581	3038	3452	3673	485	28.18	1018.71	56.86	202474	AS7341	flash	5	100	999	10	100.0	0.0
2026-07-09T13:29:40.439	420	945	604	1074	2679	2584	3040	3451	3675	485	28.17	1018.7	55.92	206149	AS7341	flash	5	100	999	10	100.0	0.0
2026-07-09T13:29:42.461	420	944	604	1074	2682	2588	3042	3450	3676	485	28.17	1018.7	55.17	207317	AS7341	flash	5	100	999	10	100.0	0.0
2026-07-09T13:29:44.475	420	944	605	1075	2686	2592	3046	3451	3680	485	28.16	1018.74	54.57	212124	AS7341	flash	5	100	999	10	100.0	0.0
2026-07-09T13:29:46.489	421	944	605	1077	2690	2597	3050	3452	3684	486	28.15	1018.73	54.08	210228	AS7341	flash	5	100	999	10	100.0	0.0
2026-07-09T13:29:48.403	421	943	605	1077	2693	2599	3053	3451	3685	486	28.15	1018.74	53.7	212672	AS7341	flash	5	100	999	10	100.0	0.0
2026-07-09T13:29:50.428	421	943	605	1079	2696	2604	3056	3452	3688	486	28.14	1018.72	53.35	210767	AS7341	flash	5	100	999	10	100.0	0.0
2026-07-09T13:29:52.440	421	942	605	1080	2701	2609	3061	3454	3692	487	28.13	1018.72	53.09	209160	AS7341	flash	5	100	999	10	100.0	0.0
2026-07-09T13:29:54.459	421	941	605	1081	2704	2612	3064	3454	3694	487	28.12	1018.74	52.83	207317	AS7341	flash	5	100	999	10	100.0	0.0
2026-07-09T13:29:56.483	422	941	605	1083	2709	2617	3070	3458	3699	487	28.12	1018.74	52.64	203223	AS7341	flash	5	100	999	10	100.0	0.0
2026-07-09T13:29:58.398	422	940	605	1083	2712	2620	3072	3458	3701	487	28.11	1018.73	52.46	195735	AS7341	flash	5	100	999	10	100.0	0.0
2026-07-09T13:30:00.423	422	939	605	1085	2715	2625	3077	3460	3704	488	28.11	1018.75	52.32	193096	AS7341	flash	5	100	999	10	100.0	0.0
2026-07-09T13:30:02.438	422	938	605	1086	2719	2628	3080	3462	3707	488	28.09	1018.68	52.17	187383	AS7341	flash	5	100	999	10	100.0	0.0
2026-07-09T13:30:04.462	422	937	605	1087	2722	2632	3084	3464	3710	488	28.1	1018.73	52.05	182860	AS7341	flash	5	100	999	10	100.0	0.0
2026-07-09T13:30:06.477	422	937	605	1088	2727	2637	3088	3467	3714	489	28.08	1018.66	51.94	177248	AS7341	flash	5	100	999	10	100.0	0.0
2026-07-09T13:30:08.495	422	936	605	1089	2729	2640	3091	3468	3716	489	28.07	1018.7	51.84	171267	AS7341	flash	5	100	999	10	100.0	0.0
2026-07-09T13:30:10.417	422	935	605	1090	2733	2644	3095	3470	3719	489	28.08	1018.71	51.76	167667	AS7341	flash	5	100	999	10	100.0	0.0
2026-07-09T13:30:12.432	423	934	605	1091	2736	2647	3098	3472	3723	490	28.06	1018.7	51.69	163894	AS7341	flash	5	100	999	10	100.0	0.0
2026-07-09T13:30:14.446	423	934	605	1092	2740	2651	3103	3475	3726	490	28.05	1018.7	51.62	163574	AS7341	flash	5	100	999	10	100.0	0.0
2026-07-09T13:30:16.472	423	933	605	1093	2743	2655	3107	3478	3729	490	28.05	1018.72	51.55	158918	AS7341	flash	5	100	999	10	100.0	0.0
2026-07-09T13:30:18.486	423	933	605	1093	2745	2658	3108	3479	3732	491	28.04	1018.72	51.5	157129	AS7341	flash	5	100	999	10	100.0	0.0
2026-07-09T13:30:20.396	423	932	605	1094	2747	2660	3112	3480	3733	491	28.05	1018.7	51.44	155380	AS7341	flash	5	100	999	10	100.0	0.0
2026-07-09T13:30:22.420	423	932	605	1095	2752	2664	3116	3484	3737	491	28.04	1018.72	51.37	154520	AS7341	flash	5	100	999	10	100.0	0.0
2026-07-09T13:30:24.434	423	931	604	1096	2754	2666	3119	3485	3739	491	28.03	1018.7	51.33	152968	AS7341	flash	5	100	999	10	100.0	0.0
2026-07-09T13:30:26.451	424	930	605	1097	2757	2670	3121	3488	3742	492	28.02	1018.7	51.28	151996	AS7341	flash	5	100	999	10	100.0	0.0
2026-07-09T13:30:28.459	424	930	605	1097	2760	2673	3124	3490	3745	492	28.02	1018.7	51.24	150359	AS7341	flash	5	100	999	10	100.0	0.0
2026-07-09T13:30:30.479	424	929	605	1098	2762	2676	3127	3492	3748	492	28.01	1018.73	51.19	150089	AS7341	flash	5	100	999	10	100.0	0.0
2026-07-09T13:30:32.394	424	928	605	1099	2764	2677	3129	3493	3749	492	28.02	1018.72	51.14	152689	AS7341	flash	5	100	999	10	100.0	0.0
2026-07-09T13:30:34.416	424	928	605	1100	2767	2681	3133	3496	3752	493	28.01	1018.73	51.11	149553	AS7341	flash	5	100	999	10	100.0	0.0
2026-07-09T13:30:36.429	424	928	605	1100	2769	2683	3134	3497	3753	493	28.0	1018.72	51.07	149553	AS7341	flash	5	100	999	10	100.0	0.0
2026-07-09T13:30:38.449	424	927	604	1101	2771	2685	3137	3499	3756	493	27.99	1018.72	51.04	148756	AS7341	flash	5	100	999	10	100.0	0.0
2026-07-09T13:30:40.469	424	927	605	1101	2773	2688	3140	3501	3758	493	27.99	1018.73	51.01	150089	AS7341	flash	5	100	999	10	100.0	0.0
2026-07-09T13:30:42.476	425	926	604	1102	2775	2690	3143	3503	3761	493	27.98	1018.72	50.98	150089	AS7341	flash	5	100	999	10	100.0	0.0
2026-07-09T13:30:44.490	425	926	604	1103	2778	2692	3145	3505	3763	494	27.96	1018.69	50.96	149955	AS7341	flash	5	100	999	10	100.0	0.0
2026-07-09T13:30:46.401	425	925	604	1103	2779	2694	3148	3507	3765	494	27.97	1018.7	50.94	150900	AS7341	flash	5	100	999	10	100.0	0.0
2026-07-09T13:30:48.416	425	925	604	1104	2781	2696	3149	3508	3767	494	27.95	1018.71	50.92	150224	AS7341	flash	5	100	999	10	100.0	0.0
2026-07-09T13:30:50.441	425	924	604	1104	2783	2698	3151	3510	3768	494	27.95	1018.73	50.89	150089	AS7341	flash	5	100	999	10	100.0	0.0
2026-07-09T13:30:52.469	425	924	605	1105	2786	2701	3155	3513	3772	495	27.94	1018.71	50.88	150089	AS7341	flash	5	100	999	10	100.0	0.0
2026-07-09T13:30:54.495	425	924	605	1106	2787	2703	3156	3514	3772	495	27.93	1018.73	50.86	150359	AS7341	flash	5	100	999	10	100.0	0.0
2026-07-09T13:30:56.430	425	923	604	1105	2788	2704	3157	3514	3773	495	27.93	1018.72	50.82	151446	AS7341	flash	5	100	999	10	100.0	0.0
2026-07-09T13:30:58.453	425	923	604	1106	2790	2706	3160	3517	3776	495	27.92	1018.69	50.8	151446	AS7341	flash	5	100	999	10	100.0	0.0
2026-07-09T13:31:00.466	425	923	604	1107	2792	2708	3161	3518	3777	495	27.9	1018.68	50.79	152828	AS7341	flash	5	100	999	10	100.0	0.0
2026-07-09T13:31:02.484	426	922	604	1108	2794	2710	3164	3520	3779	495	27.9	1018.72	50.77	151721	AS7341	flash	5	100	999	10	100.0	0.0
2026-07-09T13:31:04.386	426	922	605	1108	2795	2712	3165	3521	3781	495	27.91	1018.68	50.75	152828	AS7341	flash	5	100	999	10	100.0	0.0
2026-07-09T13:31:06.416	426	922	604	1108	2796	2713	3166	3522	3781	495	27.9	1018.69	50.74	153107	AS7341	flash	5	100	999	10	100.0	0.0
2026-07-09T13:31:08.445	426	921	604	1109	2798	2715	3168	3524	3784	496	27.89	1018.71	50.73	152828	AS7341	flash	5	100	999	10	100.0	0.0
2026-07-09T13:31:10.467	426	921	604	1109	2799	2716	3170	3525	3785	496	27.88	1018.7	50.73	153810	AS7341	flash	5	100	999	10	100.0	0.0
2026-07-09T13:31:12.479	426	921	604	1109	2801	2718	3172	3526	3786	496	27.88	1018.67	50.69	153528	AS7341	flash	5	100	999	10	100.0	0.0
2026-07-09T13:31:14.391	426	920	604	1109	2801	2718	3172	3526	3787	496	27.88	1018.72	50.69	153669	AS7341	flash	5	100	999	10	100.0	0.0
2026-07-09T13:31:16.402	426	920	604	1110	2804	2720	3174	3529	3789	496	27.87	1018.71	50.67	155380	AS7341	flash	5	100	999	10	100.0	0.0
2026-07-09T13:31:18.408	426	920	604	1110	2804	2721	3175	3529	3789	496	27.87	1018.72	50.64	155092	AS7341	flash	5	100	999	10	100.0	0.0
2026-07-09T13:31:20.429	426	919	604	1111	2806	2723	3177	3531	3791	497	27.86	1018.71	50.63	155092	AS7341	flash	5	100	999	10	100.0	0.0
2026-07-09T13:31:22.451	426	919	604	1111	2807	2724	3179	3532	3792	497	27.85	1018.69	50.62	155669	AS7341	flash	5	100	999	10	100.0	0.0
2026-07-09T13:31:24.468	426	919	604	1111	2808	2726	3180	3533	3794	497	27.85	1018.68	50.61	155524	AS7341	flash	5	100	999	10	100.0	0.0
2026-07-09T13:31:26.480	426	919	604	1112	2809	2727	3181	3534	3795	497	27.84	1018.73	50.59	156395	AS7341	flash	5	100	999	10	100.0	0.0
2026-07-09T13:31:28.496	426	919	604	1112	2811	2728	3183	3536	3797	497	27.84	1018.71	50.58	156835	AS7341	flash	5	100	999	10	100.0	0.0
2026-07-09T13:31:30.404	426	918	604	1112	2811	2728	3183	3535	3797	497	27.85	1018.7	50.56	157869	AS7341	flash	5	100	999	10	100.0	0.0
2026-07-09T13:31:32.419	426	918	604	1113	2813	2730	3185	3537	3798	497	27.83	1018.7	50.53	157869	AS7341	flash	5	100	999	10	100.0	0.0
2026-07-09T13:31:34.436	427	918	604	1113	2814	2731	3186	3539	3799	497	27.83	1018.71	50.52	159069	AS7341	flash	5	100	999	10	100.0	0.0
2026-07-09T13:31:36.453	427	918	604	1113	2814	2732	3187	3539	3800	497	27.82	1018.72	50.51	158918	AS7341	flash	5	100	999	10	100.0	0.0
2026-07-09T13:31:38.469	427	918	604	1114	2816	2734	3189	3541	3802	498	27.81	1018.68	50.5	159523	AS7341	flash	5	100	999	10	100.0	0.0
2026-07-09T13:31:40.490	427	918	604	1114	2817	2735	3191	3542	3803	498	27.81	1018.7	50.47	159675	AS7341	flash	5	100	999	10	100.0	0.0
2026-07-09T13:31:42.510	427	917	604	1115	2819	2736	3192	3543	3805	498	27.79	1018.7	50.47	160133	AS7341	flash	5	100	999	10	100.0	0.0
2026-07-09T13:31:44.417	427	917	604	1115	2820	2738	3193	3544	3806	498	27.8	1018.7	50.45	162149	AS7341	flash	5	100	999	10	100.0	0.0
2026-07-09T13:31:46.438	427	917	604	1115	2820	2738	3193	3545	3806	498	27.78	1018.71	50.44	164376	AS7341	flash	5	100	999	10	100.0	0.0
2026-07-09T13:31:48.449	427	917	604	1115	2820	2738	3194	3545	3806	498	27.78	1018.74	50.42	162621	AS7341	flash	5	100	999	10	100.0	0.0
2026-07-09T13:31:50.478	427	917	604	1115	2822	2740	3196	3547	3808	498	27.76	1018.65	50.42	162463	AS7341	flash	5	100	999	10	100.0	0.0
2026-07-09T13:31:52.491	427	917	604	1116	2822	2740	3196	3547	3809	498	27.75	1018.7	50.39	162306	AS7341	flash	5	100	999	10	100.0	0.0
2026-07-09T13:31:54.407	427	916	604	1116	2822	2741	3196	3547	3808	498	27.76	1018.71	50.39	164054	AS7341	flash	5	100	999	10	100.0	0.0
2026-07-09T13:31:56.426	427	916	604	1115	2823	2741	3197	3547	3809	498	27.75	1018.72	50.37	164538	AS7341	flash	5	100	999	10	100.0	0.0
2026-07-09T13:31:58.441	427	916	604	1116	2825	2743	3199	3549	3811	498	27.75	1018.7	50.36	164215	AS7341	flash	5	100	999	10	100.0	0.0
2026-07-09T13:32:00.464	427	915	604	1116	2825	2743	3199	3549	3811	499	27.73	1018.69	50.35	165513	AS7341	flash	5	100	999	10	100.0	0.0
2026-07-09T13:32:02.483	427	915	604	1116	2826	2744	3201	3550	3812	499	27.73	1018.68	50.34	166170	AS7341	flash	5	100	999	10	100.0	0.0
2026-07-09T13:32:04.502	427	915	604	1117	2827	2746	3201	3552	3814	499	27.73	1018.7	50.33	166005	AS7341	flash	5	100	999	10	100.0	0.0
2026-07-09T13:32:06.405	427	915	604	1116	2826	2745	3201	3551	3813	499	27.73	1018.7	50.31	166999	AS7341	flash	5	100	999	10	100.0	0.0
2026-07-09T13:32:08.421	427	915	604	1117	2828	2746	3202	3552	3814	499	27.72	1018.72	50.3	167667	AS7341	flash	5	100	999	10	100.0	0.0
2026-07-09T13:32:10.447	427	915	604	1118	2830	2749	3205	3554	3817	499	27.7	1018.69	50.29	168511	AS7341	flash	5	100	999	10	100.0	0.0
2026-07-09T13:32:12.469	428	915	604	1118	2830	2749	3205	3555	3817	499	27.7	1018.7	50.25	168511	AS7341	flash	5	100	999	10	100.0	0.0
2026-07-09T13:32:14.482	427	915	604	1118	2831	2750	3206	3555	3817	499	27.69	1018.67	50.24	169534	AS7341	flash	5	100	999	10	100.0	0.0
2026-07-09T13:32:16.494	428	915	604	1118	2831	2750	3207	3556	3819	499	27.68	1018.66	50.25	170918	AS7341	flash	5	100	999	10	100.0	0.0
2026-07-09T13:32:18.400	427	915	604	1118	2831	2750	3207	3556	3818	499	27.68	1018.67	50.22	171618	AS7341	flash	5	100	999	10	100.0	0.0
2026-07-09T13:32:20.416	427	914	604	1118	2831	2751	3207	3555	3818	499	27.67	1018.67	50.21	171971	AS7341	flash	5	100	999	10	100.0	0.0
2026-07-09T13:32:22.436	427	914	604	1118	2833	2752	3208	3557	3820	499	27.67	1018.71	50.2	172680	AS7341	flash	5	100	999	10	100.0	0.0
2026-07-09T13:32:24.452	428	914	604	1118	2834	2752	3209	3557	3820	499	27.65	1018.67	50.2	172325	AS7341	flash	5	100	999	10	100.0	0.0
2026-07-09T13:32:26.468	428	914	604	1119	2835	2753	3210	3559	3821	500	27.65	1018.71	50.19	172502	AS7341	flash	5	100	999	10	100.0	0.0
2026-07-09T13:32:28.488	428	914	604	1119	2835	2754	3210	3559	3822	500	27.64	1018.68	50.18	174116	AS7341	flash	5	100	999	10	100.0	0.0
2026-07-09T13:32:30.500	428	914	604	1119	2835	2755	3211	3559	3822	500	27.64	1018.63	50.17	174479	AS7341	flash	5	100	999	10	100.0	0.0
2026-07-09T13:32:32.407	428	913	604	1119	2835	2754	3211	3559	3822	500	27.64	1018.68	50.14	175945	AS7341	flash	5	100	999	10	100.0	0.0
2026-07-09T13:32:34.421	428	913	604	1119	2837	2756	3213	3561	3824	500	27.62	1018.7	50.13	176874	AS7341	flash	5	100	999	10	100.0	0.0
2026-07-09T13:32:36.434	428	914	604	1120	2838	2758	3214	3562	3825	500	27.62	1018.72	50.13	176315	AS7341	flash	5	100	999	10	100.0	0.0
2026-07-09T13:32:38.449	428	913	604	1120	2838	2757	3214	3562	3825	500	27.62	1018.73	50.12	176874	AS7341	flash	5	100	999	10	100.0	0.0
2026-07-09T13:32:40.471	428	913	604	1120	2838	2758	3215	3563	3825	500	27.61	1018.72	50.1	178191	AS7341	flash	5	100	999	10	100.0	0.0
2026-07-09T13:32:42.491	428	913	604	1120	2840	2759	3216	3564	3827	500	27.61	1018.71	50.11	178571	AS7341	flash	5	100	999	10	100.0	0.0
2026-07-09T13:32:44.400	428	913	604	1120	2840	2759	3216	3564	3827	500	27.61	1018.67	50.09	180495	AS7341	flash	5	100	999	10	100.0	0.0
2026-07-09T13:32:46.421	428	913	604	1120	2840	2759	3217	3564	3827	500	27.59	1018.72	50.07	179914	AS7341	flash	5	100	999	10	100.0	0.0
2026-07-09T13:32:48.433	428	913	604	1120	2840	2760	3216	3564	3827	500	27.59	1018.72	50.08	180495	AS7341	flash	5	100	999	10	100.0	0.0
2026-07-09T13:32:50.443	428	913	604	1121	2841	2761	3218	3565	3829	500	27.58	1018.73	50.05	181473	AS7341	flash	5	100	999	10	100.0	0.0
2026-07-09T13:32:52.467	428	912	604	1121	2841	2761	3218	3565	3828	500	27.58	1018.73	50.07	181867	AS7341	flash	5	100	999	10	100.0	0.0
2026-07-09T13:32:54.485	428	912	604	1121	2843	2763	3220	3567	3831	501	27.56	1018.69	50.04	181867	AS7341	flash	5	100	999	10	100.0	0.0
2026-07-09T13:32:56.499	428	912	604	1121	2843	2763	3220	3567	3831	500	27.57	1018.7	50.03	182461	AS7341	flash	5	100	999	10	100.0	0.0
2026-07-09T13:32:58.407	428	912	604	1121	2842	2762	3219	3565	3829	500	27.57	1018.66	50.04	183260	AS7341	flash	5	100	999	10	100.0	0.0
2026-07-09T13:33:00.426	428	912	604	1122	2844	2764	3222	3568	3832	501	27.56	1018.7	50.01	184471	AS7341	flash	5	100	999	10	100.0	0.0
2026-07-09T13:33:02.446	428	912	604	1122	2845	2765	3222	3569	3833	501	27.56	1018.7	50.01	185082	AS7341	flash	5	100	999	10	100.0	0.0
2026-07-09T13:33:04.464	428	912	604	1122	2845	2765	3223	3569	3833	501	27.55	1018.69	49.99	186525	AS7341	flash	5	100	999	10	100.0	0.0
2026-07-09T13:33:06.483	428	912	604	1122	2846	2766	3223	3570	3834	501	27.55	1018.69	49.97	184962	AS7341	flash	5	100	999	10	100.0	0.0
2026-07-09T13:33:08.497	428	912	604	1122	2846	2766	3224	3570	3834	501	27.53	1018.67	49.97	185698	AS7341	flash	5	100	999	10	100.0	0.0
2026-07-09T13:33:10.412	428	912	604	1122	2846	2766	3224	3570	3834	501	27.54	1018.7	49.97	185797	AS7341	flash	5	100	999	10	100.0	0.0
2026-07-09T13:33:12.428	428	912	604	1123	2847	2767	3225	3571	3835	501	27.53	1018.7	49.96	185692	AS7341	flash	5	100	999	10	100.0	0.0
2026-07-09T13:33:14.445	428	912	604	1123	2848	2768	3225	3572	3836	501	27.52	1018.69	49.94	186534	AS7341	flash	5	100	999	10	100.0	0.0
2026-07-09T13:33:16.459	428	912	604	1123	2849	2769	3226	3573	3836	501	27.51	1018.69	49.95	187276	AS7341	flash	5	100	999	10	100.0	0.0
2026-07-09T13:33:18.485	428	912	604	1123	2849	2769	3227	3573	3837	501	27.51	1018.72	49.94	187917	AS7341	flash	5	100	999	10	100.0	0.0
2026-07-09T13:33:20.500	428	911	604	1123	2849	2769	3226	3573	3836	501	27.5	1018.69	49.94	187703	AS7341	flash	5	100	999	10	100.0	0.0
2026-07-09T13:33:22.414	428	911	604	1123	2849	2769	3226	3572	3836	501	27.51	1018.68	49.92	187810	AS7341	flash	5	100	999	10	100.0	0.0
2026-07-09T13:33:24.438	428	911	604	1123	2849	2770	3227	3573	3837	501	27.5	1018.71	49.92	190086	AS7341	flash	5	100	999	10	100.0	0.0
2026-07-09T13:33:26.460	428	911	604	1123	2850	2771	3228	3574	3838	501	27.5	1018.72	49.9	189867	AS7341	flash	5	100	999	10	100.0	0.0
2026-07-09T13:33:28.481	429	911	604	1124	2851	2771	3229	3574	3838	501	27.48	1018.69	49.88	190086	AS7341	flash	5	100	999	10	100.0	0.0
2026-07-09T13:33:30.504	429	911	604	1124	2851	2772	3229	3575	3839	501	27.48	1018.71	49.89	191079	AS7341	flash	5	100	999	10	100.0	0.0
2026-07-09T13:33:32.408	428	911	604	1123	2851	2771	3229	3574	3839	501	27.49	1018.71	49.87	191746	AS7341	flash	5	100	999	10	100.0	0.0
2026-07-09T13:33:34.424	428	911	604	1124	2851	2772	3229	3574	3838	501	27.47	1018.7	49.85	190968	AS7341	flash	5	100	999	10	100.0	0.0
2026-07-09T13:33:36.444	428	911	604	1124	2853	2773	3231	3575	3840	501	27.47	1018.71	49.86	192757	AS7341	flash	5	100	999	10	100.0	0.0
2026-07-09T13:33:38.472	429	911	604	1124	2852	2773	3231	3576	3840	501	27.46	1018.7	49.85	192869	AS7341	flash	5	100	999	10	100.0	0.0
2026-07-09T13:33:40.492	429	911	604	1124	2854	2774	3232	3577	3842	502	27.45	1018.71	49.84	192869	AS7341	flash	5	100	999	10	100.0	0.0
2026-07-09T13:33:42.505	429	911	604	1124	2854	2774	3232	3577	3842	502	27.44	1018.72	49.85	194006	AS7341	flash	5	100	999	10	100.0	0.0
2026-07-09T13:33:44.405	428	910	604	1124	2853	2774	3232	3576	3841	501	27.44	1018.72	49.83	194694	AS7341	flash	5	100	999	10	100.0	0.0
2026-07-09T13:33:46.422	429	910	604	1124	2854	2775	3233	3577	3843	502	27.44	1018.7	49.81	193777	AS7341	flash	5	100	999	10	100.0	0.0
2026-07-09T13:33:48.443	429	910	604	1125	2855	2776	3234	3578	3843	502	27.43	1018.71	49.82	195271	AS7341	flash	5	100	999	10	100.0	0.0
2026-07-09T13:33:50.459	429	910	604	1125	2856	2777	3234	3578	3843	502	27.43	1018.72	49.81	196670	AS7341	flash	5	100	999	10	100.0	0.0
2026-07-09T13:33:52.481	429	910	604	1125	2855	2776	3234	3578	3843	502	27.42	1018.71	49.82	196318	AS7341	flash	5	100	999	10	100.0	0.0
2026-07-09T13:33:54.502	429	910	604	1125	2856	2777	3235	3579	3845	502	27.42	1018.68	49.81	196905	AS7341	flash	5	100	999	10	100.0	0.0
2026-07-09T13:33:56.406	429	910	604	1125	2856	2777	3235	3579	3845	502	27.42	1018.69	49.8	197377	AS7341	flash	5	100	999	10	100.0	0.0
2026-07-09T13:33:58.433	429	910	604	1125	2857	2778	3236	3580	3845	502	27.41	1018.68	49.79	197852	AS7341	flash	5	100	999	10	100.0	0.0
2026-07-09T13:34:00.452	429	910	604	1125	2858	2779	3237	3580	3846	502	27.41	1018.72	49.78	198328	AS7341	flash	5	100	999	10	100.0	0.0
2026-07-09T13:34:02.474	429	910	604	1126	2858	2779	3237	3581	3846	502	27.4	1018.71	49.79	199288	AS7341	flash	5	100	999	10	100.0	0.0
2026-07-09T13:34:04.496	429	910	604	1126	2859	2780	3238	3583	3847	502	27.4	1018.73	49.78	199288	AS7341	flash	5	100	999	10	100.0	0.0
2026-07-09T13:34:06.513	429	910	604	1126	2859	2780	3238	3581	3847	502	27.38	1018.69	49.78	198807	AS7341	flash	5	100	999	10	100.0	0.0
2026-07-09T13:34:08.430	429	910	604	1126	2859	2780	3238	3582	3848	502	27.39	1018.7	49.77	199168	AS7341	flash	5	100	999	10	100.0	0.0
2026-07-09T13:34:10.451	429	910	603	1126	2859	2780	3238	3582	3847	502	27.38	1018.69	49.77	200746	AS7341	flash	5	100	999	10	100.0	0.0
2026-07-09T13:34:12.468	429	910	604	1126	2860	2781	3239	3583	3848	502	27.38	1018.71	49.77	200746	AS7341	flash	5	100	999	10	100.0	0.0
2026-07-09T13:34:14.484	429	910	604	1126	2860	2781	3240	3583	3848	502	27.37	1018.68	49.73	199772	AS7341	flash	5	100	999	10	100.0	0.0
2026-07-09T13:34:16.499	429	910	604	1126	2860	2782	3240	3583	3849	502	27.37	1018.73	49.75	201606	AS7341	flash	5	100	999	10	100.0	0.0
2026-07-09T13:34:18.403	429	909	604	1126	2860	2781	3239	3583	3848	502	27.37	1018.68	49.73	202474	AS7341	flash	5	100	999	10	100.0	0.0
2026-07-09T13:34:20.420	429	909	604	1126	2861	2782	3241	3584	3849	502	27.36	1018.68	49.74	202723	AS7341	flash	5	100	999	10	100.0	0.0
2026-07-09T13:34:22.438	429	909	604	1127	2862	2783	3241	3584	3850	503	27.36	1018.71	49.74	202848	AS7341	flash	5	100	999	10	100.0	0.0
2026-07-09T13:34:24.452	429	909	603	1126	2861	2783	3241	3584	3850	502	27.35	1018.68	49.72	203600	AS7341	flash	5	100	999	10	100.0	0.0
2026-07-09T13:34:26.465	429	909	604	1126	2862	2783	3242	3585	3850	502	27.35	1018.66	49.72	203979	AS7341	flash	5	100	999	10	100.0	0.0
2026-07-09T13:34:28.483	429	909	604	1127	2863	2784	3243	3586	3851	503	27.34	1018.72	49.72	204105	AS7341	flash	5	100	999	10	100.0	0.0
2026-07-09T13:34:30.501	429	909	604	1127	2863	2784	3243	3586	3852	503	27.33	1018.71	49.72	204485	AS7341	flash	5	100	999	10	100.0	0.0
2026-07-09T13:34:32.406	429	909	604	1127	2863	2784	3243	3586	3851	503	27.34	1018.71	49.71	205506	AS7341	flash	5	100	999	10	100.0	0.0
2026-07-09T13:34:34.425	429	909	604	1127	2863	2785	3244	3586	3852	503	27.32	1018.69	49.71	205378	AS7341	flash	5	100	999	10	100.0	0.0
2026-07-09T13:34:36.439	429	909	604	1127	2864	2786	3244	3587	3852	503	27.32	1018.69	49.7	204994	AS7341	flash	5	100	999	10	100.0	0.0
2026-07-09T13:34:38.454	429	909	604	1127	2865	2786	3245	3587	3853	503	27.31	1018.7	49.71	206020	AS7341	flash	5	100	999	10	100.0	0.0
2026-07-09T13:34:40.467	429	909	604	1127	2865	2786	3245	3588	3854	503	27.31	1018.69	49.71	206537	AS7341	flash	5	100	999	10	100.0	0.0
2026-07-09T13:34:42.486	429	909	604	1128	2865	2786	3245	3588	3853	503	27.3	1018.69	49.7	206667	AS7341	flash	5	100	999	10	100.0	0.0
2026-07-09T13:34:44.505	429	909	604	1127	2865	2787	3246	3588	3854	503	27.3	1018.71	49.7	205634	AS7341	flash	5	100	999	10	100.0	0.0
2026-07-09T13:34:46.415	429	908	603	1127	2864	2786	3245	3588	3854	503	27.3	1018.69	49.69	207187	AS7341	flash	5	100	999	10	100.0	0.0
2026-07-09T13:34:48.433	429	908	604	1127	2865	2787	3246	3588	3854	503	27.3	1018.68	49.69	208103	AS7341	flash	5	100	999	10	100.0	0.0
2026-07-09T13:34:50.451	429	909	604	1128	2865	2787	3246	3588	3854	503	27.29	1018.68	49.67	208366	AS7341	flash	5	100	999	10	100.0	0.0
2026-07-09T13:34:52.474	429	909	604	1128	2867	2789	3248	3590	3856	503	27.28	1018.64	49.67	207578	AS7341	flash	5	100	999	10	100.0	0.0
2026-07-09T13:34:54.485	429	909	604	1128	2867	2789	3248	3590	3856	503	27.29	1018.72	49.67	209160	AS7341	flash	5	100	999	10	100.0	0.0
2026-07-09T13:34:56.496	429	908	604	1128	2867	2788	3248	3590	3856	503	27.28	1018.68	49.68	209426	AS7341	flash	5	100	999	10	100.0	0.0
2026-07-09T13:34:58.408	429	908	604	1128	2867	2789	3248	3590	3856	503	27.28	1018.67	49.67	208895	AS7341	flash	5	100	999	10	100.0	0.0
2026-07-09T13:35:00.436	429	908	603	1128	2867	2789	3248	3590	3856	503	27.27	1018.67	49.65	209960	AS7341	flash	5	100	999	10	100.0	0.0
2026-07-09T13:35:02.456	429	908	604	1128	2867	2790	3248	3591	3857	503	27.26	1018.69	49.64	209960	AS7341	flash	5	100	999	10	100.0	0.0
2026-07-09T13:35:04.470	429	908	604	1128	2868	2790	3249	3591	3856	503	27.26	1018.71	49.65	210632	AS7341	flash	5	100	999	10	100.0	0.0
2026-07-09T13:35:06.489	429	908	604	1128	2869	2791	3250	3591	3857	503	27.25	1018.67	49.64	210228	AS7341	flash	5	100	999	10	100.0	0.0
2026-07-09T13:35:08.408	429	908	603	1128	2868	2790	3249	3591	3857	503	27.26	1018.69	49.64	210497	AS7341	flash	5	100	999	10	100.0	0.0
2026-07-09T13:35:10.428	429	908	604	1128	2869	2791	3250	3592	3858	503	27.25	1018.7	49.64	210632	AS7341	flash	5	100	999	10	100.0	0.0
2026-07-09T13:35:12.446	429	908	603	1128	2869	2791	3250	3593	3859	503	27.24	1018.68	49.63	211988	AS7341	flash	5	100	999	10	100.0	0.0
2026-07-09T13:35:14.462	430	908	604	1129	2870	2793	3252	3594	3860	504	27.24	1018.67	49.63	211307	AS7341	flash	5	100	999	10	100.0	0.0
2026-07-09T13:35:16.482	430	908	604	1129	2870	2793	3252	3594	3860	504	27.23	1018.68	49.64	211851	AS7341	flash	5	100	999	10	100.0	0.0
2026-07-09T13:35:18.499	429	908	603	1128	2870	2792	3252	3593	3859	503	27.23	1018.67	49.63	212398	AS7341	flash	5	100	999	10	100.0	0.0
2026-07-09T13:35:20.411	429	907	603	1128	2869	2792	3251	3592	3859	503	27.24	1018.67	49.62	213223	AS7341	flash	5	100	999	10	100.0	0.0
2026-07-09T13:35:22.428	430	908	603	1129	2871	2793	3253	3594	3861	503	27.23	1018.68	49.63	211443	AS7341	flash	5	100	999	10	100.0	0.0
2026-07-09T13:35:24.452	430	908	603	1129	2871	2794	3253	3594	3861	503	27.22	1018.69	49.61	213915	AS7341	flash	5	100	999	10	100.0	0.0
2026-07-09T13:35:26.467	430	908	604	1129	2871	2794	3253	3595	3861	503	27.22	1018.66	49.63	212947	AS7341	flash	5	100	999	10	100.0	0.0
2026-07-09T13:35:28.484	430	908	604	1129	2872	2794	3254	3595	3861	504	27.22	1018.67	49.61	214612	AS7341	flash	5	100	999	10	100.0	0.0
2026-07-09T13:35:30.502	430	908	604	1129	2872	2794	3254	3595	3861	504	27.21	1018.66	49.61	214333	AS7341	flash	5	100	999	10	100.0	0.0
2026-07-09T13:35:32.407	430	907	603	1129	2871	2793	3253	3594	3861	503	27.22	1018.66	49.61	215737	AS7341	flash	5	100	999	10	100.0	0.0
2026-07-09T13:35:34.419	430	907	603	1129	2871	2794	3253	3595	3861	504	27.21	1018.64	49.61	215033	AS7341	flash	5	100	999	10	100.0	0.0
2026-07-09T13:35:36.435	430	908	604	1129	2873	2795	3255	3596	3863	504	27.2	1018.66	49.59	214752	AS7341	flash	5	100	999	10	100.0	0.0
2026-07-09T13:35:38.448	430	908	604	1129	2873	2796	3255	3597	3863	504	27.2	1018.64	49.58	215173	AS7341	flash	5	100	999	10	100.0	0.0
2026-07-09T13:35:40.463	430	907	604	1129	2873	2795	3255	3596	3862	504	27.19	1018.64	49.58	216304	AS7341	flash	5	100	999	10	100.0	0.0
2026-07-09T13:35:42.472	430	907	603	1129	2874	2797	3256	3597	3864	504	27.18	1018.63	49.58	214892	AS7341	flash	5	100	999	10	100.0	0.0
2026-07-09T13:35:44.491	430	907	604	1130	2874	2797	3257	3598	3865	504	27.19	1018.66	49.58	215455	AS7341	flash	5	100	999	10	100.0	0.0
2026-07-09T13:35:46.508	430	907	603	1130	2873	2796	3256	3597	3863	504	27.18	1018.67	49.58	216873	AS7341	flash	5	100	999	10	100.0	0.0
2026-07-09T13:35:48.413	430	907	604	1129	2873	2796	3256	3597	3863	504	27.18	1018.67	49.57	216020	AS7341	flash	5	100	999	10	100.0	0.0
2026-07-09T13:35:50.438	430	907	603	1130	2875	2798	3257	3599	3865	504	27.17	1018.66	49.56	215455	AS7341	flash	5	100	999	10	100.0	0.0
2026-07-09T13:35:52.448	430	907	604	1130	2875	2797	3257	3598	3865	504	27.17	1018.68	49.58	216020	AS7341	flash	5	100	999	10	100.0	0.0
2026-07-09T13:35:54.469	430	907	604	1130	2875	2798	3258	3599	3866	504	27.16	1018.64	49.56	217016	AS7341	flash	5	100	999	10	100.0	0.0
2026-07-09T13:35:56.486	430	907	604	1130	2876	2799	3258	3599	3866	504	27.16	1018.67	49.59	216020	AS7341	flash	5	100	999	10	100.0	0.0
2026-07-09T13:35:58.502	430	907	604	1130	2876	2799	3258	3599	3866	504	27.16	1018.69	49.57	216873	AS7341	flash	5	100	999	10	100.0	0.0
2026-07-09T13:36:00.412	430	907	604	1130	2875	2798	3258	3598	3865	504	27.16	1018.63	49.57	217159	AS7341	flash	5	100	999	10	100.0	0.0
2026-07-09T13:36:02.426	430	907	603	1130	2876	2799	3259	3599	3866	504	27.15	1018.66	49.55	218456	AS7341	flash	5	100	999	10	100.0	0.0
2026-07-09T13:36:04.444	430	907	604	1131	2877	2800	3260	3601	3868	504	27.14	1018.64	49.56	218311	AS7341	flash	5	100	999	10	100.0	0.0
2026-07-09T13:36:06.469	430	907	604	1130	2877	2800	3260	3600	3867	504	27.14	1018.65	49.55	216873	AS7341	flash	5	100	999	10	100.0	0.0
2026-07-09T13:36:08.478	430	907	604	1130	2877	2800	3260	3601	3868	504	27.13	1018.63	49.56	218601	AS7341	flash	5	100	999	10	100.0	0.0
2026-07-09T13:36:10.504	430	907	604	1130	2877	2801	3261	3601	3868	504	27.13	1018.64	49.56	218601	AS7341	flash	5	100	999	10	100.0	0.0
2026-07-09T13:36:12.417	430	907	604	1131	2877	2801	3261	3601	3868	504	27.13	1018.64	49.53	218891	AS7341	flash	5	100	999	10	100.0	0.0
2026-07-09T13:36:14.447	430	907	603	1130	2877	2800	3260	3600	3866	504	27.13	1018.64	49.53	219768	AS7341	flash	5	100	999	10	100.0	0.0
2026-07-09T13:36:16.468	430	907	603	1131	2877	2800	3261	3601	3868	504	27.12	1018.6	49.54	218891	AS7341	flash	5	100	999	10	100.0	0.0
2026-07-09T13:36:18.487	430	906	603	1131	2878	2801	3261	3601	3868	504	27.12	1018.65	49.54	218601	AS7341	flash	5	100	999	10	100.0	0.0
2026-07-09T13:36:20.506	430	907	604	1131	2879	2802	3262	3603	3869	504	27.12	1018.63	49.54	219037	AS7341	flash	5	100	999	10	100.0	0.0
2026-07-09T13:36:22.412	430	906	603	1130	2878	2802	3262	3602	3869	504	27.12	1018.62	49.53	219621	AS7341	flash	5	100	999	10	100.0	0.0
2026-07-09T13:36:24.437	430	907	604	1131	2878	2802	3262	3602	3869	504	27.11	1018.63	49.52	220356	AS7341	flash	5	100	999	10	100.0	0.0
2026-07-09T13:36:26.456	430	907	604	1131	2879	2802	3263	3603	3869	504	27.1	1018.63	49.52	220209	AS7341	flash	5	100	999	10	100.0	0.0
2026-07-09T13:36:28.471	430	907	604	1131	2880	2803	3264	3604	3871	504	27.1	1018.61	49.52	219768	AS7341	flash	5	100	999	10	100.0	0.0
2026-07-09T13:36:30.490	430	907	604	1131	2880	2803	3264	3604	3871	504	27.1	1018.64	49.52	220651	AS7341	flash	5	100	999	10	100.0	0.0
2026-07-09T13:36:32.400	430	906	603	1131	2878	2802	3262	3602	3869	504	27.11	1018.62	49.5	221691	AS7341	flash	5	100	999	10	100.0	0.0
2026-07-09T13:36:34.410	430	906	603	1131	2879	2803	3263	3603	3870	504	27.1	1018.64	49.5	221840	AS7341	flash	5	100	999	10	100.0	0.0
2026-07-09T13:36:36.426	430	907	603	1131	2880	2804	3265	3604	3871	505	27.1	1018.67	49.5	221840	AS7341	flash	5	100	999	10	100.0	0.0
2026-07-09T13:36:38.446	430	906	604	1131	2880	2803	3264	3603	3870	504	27.09	1018.62	49.5	220651	AS7341	flash	5	100	999	10	100.0	0.0
2026-07-09T13:36:40.463	430	906	604	1131	2880	2804	3264	3604	3871	505	27.09	1018.65	49.49	221542	AS7341	flash	5	100	999	10	100.0	0.0
2026-07-09T13:36:42.482	430	906	603	1131	2880	2804	3265	3604	3871	505	27.09	1018.63	49.48	221990	AS7341	flash	5	100	999	10	100.0	0.0
2026-07-09T13:36:44.495	430	906	603	1131	2880	2804	3264	3604	3870	505	27.08	1018.64	49.47	220947	AS7341	flash	5	100	999	10	100.0	0.0
2026-07-09T13:36:46.403	430	906	603	1131	2879	2803	3263	3603	3870	504	27.08	1018.61	49.47	223496	AS7341	flash	5	100	999	10	100.0	0.0
2026-07-09T13:36:48.417	430	906	603	1131	2880	2804	3264	3604	3871	505	27.08	1018.61	49.46	222139	AS7341	flash	5	100	999	10	100.0	0.0
2026-07-09T13:36:50.436	430	906	603	1131	2880	2804	3265	3604	3871	505	27.07	1018.65	49.45	222439	AS7341	flash	5	100	999	10	100.0	0.0
2026-07-09T13:36:52.453	430	906	603	1131	2881	2805	3265	3605	3872	505	27.07	1018.61	49.45	221542	AS7341	flash	5	100	999	10	100.0	0.0
2026-07-09T13:36:54.472	430	906	603	1132	2881	2805	3266	3605	3872	505	27.06	1018.62	49.43	222139	AS7341	flash	5	100	999	10	100.0	0.0
2026-07-09T13:36:56.483	430	906	603	1131	2882	2805	3266	3605	3873	505	27.06	1018.65	49.43	222289	AS7341	flash	5	100	999	10	100.0	0.0
2026-07-09T13:36:58.505	430	906	603	1132	2881	2805	3265	3605	3872	505	27.05	1018.62	49.42	222139	AS7341	flash	5	100	999	10	100.0	0.0
2026-07-09T13:37:00.414	430	906	603	1132	2882	2805	3266	3605	3873	505	27.06	1018.62	49.42	225177	AS7341	flash	5	100	999	10	100.0	0.0
2026-07-09T13:37:02.432	430	906	603	1132	2883	2807	3268	3607	3874	505	27.05	1018.62	49.41	223800	AS7341	flash	5	100	999	10	100.0	0.0
2026-07-09T13:37:04.453	430	906	604	1132	2884	2807	3268	3607	3874	505	27.04	1018.64	49.41	222891	AS7341	flash	5	100	999	10	100.0	0.0
2026-07-09T13:37:06.470	430	906	604	1132	2883	2807	3268	3607	3874	505	27.03	1018.63	49.41	222740	AS7341	flash	5	100	999	10	100.0	0.0
2026-07-09T13:37:08.496	430	906	603	1132	2884	2807	3268	3607	3875	505	27.03	1018.6	49.41	223193	AS7341	flash	5	100	999	10	100.0	0.0
2026-07-09T13:37:10.505	430	906	604	1133	2884	2808	3269	3607	3875	505	27.02	1018.62	49.39	223193	AS7341	flash	5	100	999	10	100.0	0.0
2026-07-09T13:37:12.417	430	906	603	1132	2883	2807	3268	3607	3874	505	27.03	1018.61	49.39	224563	AS7341	flash	5	100	999	10	100.0	0.0
2026-07-09T13:37:14.435	430	905	603	1132	2883	2808	3269	3607	3874	505	27.01	1018.61	49.39	225177	AS7341	flash	5	100	999	10	100.0	0.0
2026-07-09T13:37:16.449	430	906	603	1132	2884	2808	3269	3607	3875	505	27.0	1018.59	49.4	223648	AS7341	flash	5	100	999	10	100.0	0.0
2026-07-09T13:37:18.467	430	906	604	1132	2885	2809	3270	3608	3876	505	27.01	1018.62	49.4	224870	AS7341	flash	5	100	999	10	100.0	0.0
2026-07-09T13:37:20.485	430	906	604	1133	2886	2810	3271	3610	3877	505	27.0	1018.61	49.39	224410	AS7341	flash	5	100	999	10	100.0	0.0
2026-07-09T13:37:22.509	430	906	604	1133	2885	2809	3270	3608	3876	505	27.0	1018.64	49.39	224870	AS7341	flash	5	100	999	10	100.0	0.0
2026-07-09T13:37:24.530	430	906	603	1133	2885	2809	3270	3608	3876	505	27.0	1018.61	49.39	224410	AS7341	flash	5	100	999	10	100.0	0.0
2026-07-09T13:37:26.436	430	906	603	1133	2884	2809	3269	3608	3875	505	27.01	1018.62	49.38	226571	AS7341	flash	5	100	999	10	100.0	0.0
2026-07-09T13:37:28.455	430	906	604	1133	2885	2809	3271	3609	3876	505	26.99	1018.6	49.36	225485	AS7341	flash	5	100	999	10	100.0	0.0
2026-07-09T13:37:30.481	430	905	604	1133	2886	2810	3271	3609	3877	505	26.99	1018.63	49.36	224870	AS7341	flash	5	100	999	10	100.0	0.0
2026-07-09T13:37:32.503	430	906	604	1133	2887	2811	3273	3611	3878	505	26.99	1018.59	49.36	225485	AS7341	flash	5	100	999	10	100.0	0.0
2026-07-09T13:37:34.532	430	905	603	1133	2886	2810	3271	3609	3876	505	26.99	1018.65	49.34	225949	AS7341	flash	5	100	999	10	100.0	0.0
2026-07-09T13:37:36.434	430	905	603	1133	2885	2809	3270	3608	3876	505	26.99	1018.62	49.35	225795	AS7341	flash	5	100	999	10	100.0	0.0
2026-07-09T13:37:38.457	430	905	604	1133	2886	2811	3272	3610	3878	505	26.98	1018.65	49.34	226105	AS7341	flash	5	100	999	10	100.0	0.0
2026-07-09T13:37:40.478	430	905	604	1133	2887	2811	3273	3610	3878	505	26.98	1018.62	49.34	226260	AS7341	flash	5	100	999	10	100.0	0.0
2026-07-09T13:37:42.494	430	905	604	1133	2887	2811	3272	3611	3879	505	26.99	1018.63	49.34	226105	AS7341	flash	5	100	999	10	100.0	0.0
2026-07-09T13:37:44.515	430	905	603	1133	2887	2811	3272	3610	3878	505	26.98	1018.61	49.33	226105	AS7341	flash	5	100	999	10	100.0	0.0
2026-07-09T13:37:46.534	431	905	603	1133	2888	2812	3272	3610	3878	505	26.97	1018.61	49.33	225949	AS7341	flash	5	100	999	10	100.0	0.0
2026-07-09T13:37:48.443	430	905	603	1133	2886	2811	3272	3609	3877	505	26.98	1018.59	49.32	227353	AS7341	flash	5	100	999	10	100.0	0.0
2026-07-09T13:37:50.465	430	905	603	1133	2887	2812	3273	3611	3879	505	26.98	1018.61	49.32	227353	AS7341	flash	5	100	999	10	100.0	0.0
2026-07-09T13:37:52.478	431	905	604	1134	2888	2812	3274	3611	3879	505	26.97	1018.64	49.32	228141	AS7341	flash	5	100	999	10	100.0	0.0
2026-07-09T13:37:54.506	431	905	604	1134	2889	2813	3274	3612	3880	506	26.96	1018.65	49.31	227353	AS7341	flash	5	100	999	10	100.0	0.0
2026-07-09T13:37:56.524	431	905	604	1134	2888	2813	3274	3612	3879	505	26.96	1018.63	49.3	227040	AS7341	flash	5	100	999	10	100.0	0.0
2026-07-09T13:37:58.545	431	905	603	1134	2888	2812	3274	3611	3879	505	26.96	1018.65	49.31	227510	AS7341	flash	5	100	999	10	100.0	0.0
2026-07-09T13:38:00.454	430	905	603	1133	2888	2812	3273	3611	3878	505	26.97	1018.61	49.29	228141	AS7341	flash	5	100	999	10	100.0	0.0
2026-07-09T13:38:02.470	431	905	604	1134	2889	2813	3275	3612	3880	505	26.96	1018.62	49.3	228457	AS7341	flash	5	100	999	10	100.0	0.0
2026-07-09T13:38:04.488	430	905	603	1133	2888	2813	3274	3611	3879	505	26.95	1018.64	49.29	227825	AS7341	flash	5	100	999	10	100.0	0.0
2026-07-09T13:38:06.504	431	905	604	1134	2889	2814	3276	3613	3881	506	26.95	1018.61	49.29	228299	AS7341	flash	5	100	999	10	100.0	0.0
2026-07-09T13:38:08.519	431	905	604	1134	2890	2815	3276	3613	3882	506	26.95	1018.6	49.29	227668	AS7341	flash	5	100	999	10	100.0	0.0
2026-07-09T13:38:10.540	431	905	604	1134	2890	2815	3276	3613	3881	506	26.95	1018.63	49.29	227040	AS7341	flash	5	100	999	10	100.0	0.0
2026-07-09T13:38:12.554	431	905	604	1134	2890	2814	3276	3613	3881	505	26.95	1018.62	49.29	228775	AS7341	flash	5	100	999	10	100.0	0.0
2026-07-09T13:38:14.459	430	905	603	1133	2889	2814	3275	3612	3880	505	26.95	1018.59	49.27	229572	AS7341	flash	5	100	999	10	100.0	0.0
2026-07-09T13:38:16.474	431	905	603	1134	2890	2815	3276	3613	3881	506	26.95	1018.64	49.27	229252	AS7341	flash	5	100	999	10	100.0	0.0
2026-07-09T13:38:18.490	431	905	603	1134	2890	2815	3277	3614	3882	506	26.94	1018.61	49.27	229252	AS7341	flash	5	100	999	10	100.0	0.0
2026-07-09T13:38:20.505	431	905	603	1134	2890	2815	3277	3614	3881	506	26.94	1018.62	49.27	229892	AS7341	flash	5	100	999	10	100.0	0.0
2026-07-09T13:38:22.533	431	905	603	1134	2890	2815	3276	3613	3881	506	26.93	1018.6	49.27	230214	AS7341	flash	5	100	999	10	100.0	0.0
2026-07-09T13:38:24.548	431	905	604	1134	2891	2816	3278	3614	3882	506	26.93	1018.63	49.27	230214	AS7341	flash	5	100	999	10	100.0	0.0
2026-07-09T13:38:26.456	431	905	603	1134	2890	2815	3276	3613	3882	506	26.93	1018.61	49.27	230375	AS7341	flash	5	100	999	10	100.0	0.0
2026-07-09T13:38:28.476	431	904	603	1134	2890	2815	3277	3614	3882	506	26.93	1018.63	49.27	230375	AS7341	flash	5	100	999	10	100.0	0.0
2026-07-09T13:38:30.498	431	905	603	1134	2890	2815	3277	3613	3882	506	26.92	1018.61	49.27	230053	AS7341	flash	5	100	999	10	100.0	0.0
2026-07-09T13:38:32.513	431	905	603	1134	2891	2817	3278	3615	3883	506	26.92	1018.62	49.26	230053	AS7341	flash	5	100	999	10	100.0	0.0
2026-07-09T13:38:34.528	431	905	603	1134	2892	2817	3279	3615	3884	505	26.91	1018.65	49.26	229892	AS7341	flash	5	100	999	10	100.0	0.0
2026-07-09T13:38:36.548	431	904	603	1134	2892	2816	3278	3614	3883	506	26.91	1018.66	49.25	230214	AS7341	flash	5	100	999	10	100.0	0.0
2026-07-09T13:38:38.456	431	904	603	1134	2891	2816	3278	3614	3883	506	26.92	1018.6	49.25	230214	AS7341	flash	5	100	999	10	100.0	0.0
2026-07-09T13:38:40.481	431	905	603	1134	2892	2817	3279	3616	3884	506	26.91	1018.66	49.24	231508	AS7341	flash	5	100	999	10	100.0	0.0
2026-07-09T13:38:42.505	431	904	603	1134	2892	2817	3279	3615	3883	506	26.9	1018.6	49.26	230536	AS7341	flash	5	100	999	10	100.0	0.0
2026-07-09T13:38:44.524	431	904	603	1134	2892	2817	3278	3614	3883	506	26.9	1018.62	49.26	230536	AS7341	flash	5	100	999	10	100.0	0.0
2026-07-09T13:38:46.546	431	904	603	1134	2891	2816	3278	3615	3883	506	26.89	1018.65	49.26	229892	AS7341	flash	5	100	999	10	100.0	0.0
2026-07-09T13:38:48.448	431	904	603	1134	2891	2816	3278	3614	3882	506	26.9	1018.64	49.26	231346	AS7341	flash	5	100	999	10	100.0	0.0
2026-07-09T13:38:50.469	431	904	603	1135	2892	2817	3279	3615	3883	506	26.89	1018.65	49.25	231671	AS7341	flash	5	100	999	10	100.0	0.0
2026-07-09T13:38:52.489	431	904	603	1134	2892	2817	3278	3614	3883	506	26.89	1018.68	49.25	231346	AS7341	flash	5	100	999	10	100.0	0.0
2026-07-09T13:38:54.507	431	904	603	1135	2892	2817	3279	3615	3883	506	26.88	1018.65	49.26	231183	AS7341	flash	5	100	999	10	100.0	0.0
2026-07-09T13:38:56.531	431	904	603	1135	2893	2818	3280	3617	3885	506	26.88	1018.63	49.26	231346	AS7341	flash	5	100	999	10	100.0	0.0
2026-07-09T13:38:58.553	431	904	604	1135	2894	2819	3281	3617	3886	506	26.88	1018.62	49.26	231671	AS7341	flash	5	100	999	10	100.0	0.0
2026-07-09T13:39:00.459	431	904	603	1134	2893	2818	3280	3616	3884	506	26.89	1018.67	49.25	232161	AS7341	flash	5	100	999	10	100.0	0.0
2026-07-09T13:39:02.484	431	904	604	1135	2895	2820	3282	3618	3886	506	26.88	1018.66	49.25	232325	AS7341	flash	5	100	999	10	100.0	0.0
2026-07-09T13:39:04.495	431	904	603	1135	2893	2819	3280	3616	3885	506	26.87	1018.67	49.25	231998	AS7341	flash	5	100	999	10	100.0	0.0
2026-07-09T13:39:06.513	431	904	603	1135	2893	2819	3281	3617	3885	506	26.86	1018.67	49.25	232982	AS7341	flash	5	100	999	10	100.0	0.0
2026-07-09T13:39:08.526	431	904	604	1135	2895	2820	3282	3618	3887	506	26.86	1018.66	49.26	232489	AS7341	flash	5	100	999	10	100.0	0.0
2026-07-09T13:39:10.545	431	904	603	1135	2894	2819	3282	3617	3886	506	26.85	1018.66	49.26	232489	AS7341	flash	5	100	999	10	100.0	0.0
2026-07-09T13:39:12.454	431	904	603	1135	2894	2820	3281	3617	3886	506	26.85	1018.62	49.26	233975	AS7341	flash	5	100	999	10	100.0	0.0
2026-07-09T13:39:14.471	431	904	603	1135	2894	2819	3281	3617	3886	506	26.85	1018.66	49.24	233147	AS7341	flash	5	100	999	10	100.0	0.0
2026-07-09T13:39:16.490	431	904	603	1135	2895	2820	3282	3618	3886	506	26.84	1018.66	49.26	231508	AS7341	flash	5	100	999	10	100.0	0.0
2026-07-09T13:39:18.507	431	904	603	1135	2895	2820	3282	3618	3887	506	26.83	1018.6	49.27	232982	AS7341	flash	5	100	999	10	100.0	0.0
2026-07-09T13:39:20.526	431	904	603	1135	2895	2821	3283	3619	3887	506	26.83	1018.66	49.25	234142	AS7341	flash	5	100	999	10	100.0	0.0
2026-07-09T13:39:22.544	431	904	604	1135	2896	2822	3284	3620	3889	506	26.83	1018.65	49.27	233809	AS7341	flash	5	100	999	10	100.0	0.0
2026-07-09T13:39:24.454	431	904	603	1135	2895	2820	3282	3618	3886	506	26.83	1018.64	49.27	233809	AS7341	flash	5	100	999	10	100.0	0.0
2026-07-09T13:39:26.472	431	904	603	1135	2895	2821	3283	3619	3887	506	26.83	1018.64	49.25	234475	AS7341	flash	5	100	999	10	100.0	0.0
2026-07-09T13:39:28.481	431	904	603	1135	2895	2821	3283	3618	3887	506	26.83	1018.64	49.27	234810	AS7341	flash	5	100	999	10	100.0	0.0
2026-07-09T13:39:30.492	431	904	603	1135	2896	2821	3283	3619	3888	506	26.82	1018.64	49.26	234142	AS7341	flash	5	100	999	10	100.0	0.0
2026-07-09T13:39:32.507	431	904	603	1135	2896	2821	3283	3620	3888	506	26.82	1018.65	49.26	234977	AS7341	flash	5	100	999	10	100.0	0.0
2026-07-09T13:39:34.527	431	904	603	1135	2896	2822	3284	3620	3888	506	26.82	1018.66	49.27	233478	AS7341	flash	5	100	999	10	100.0	0.0
2026-07-09T13:39:36.546	431	904	603	1135	2896	2822	3284	3620	3888	506	26.81	1018.68	49.28	234142	AS7341	flash	5	100	999	10	100.0	0.0
2026-07-09T13:39:38.451	431	904	603	1135	2896	2822	3284	3620	3888	506	26.82	1018.66	49.27	235145	AS7341	flash	5	100	999	10	100.0	0.0
2026-07-09T13:39:40.469	431	904	603	1136	2896	2822	3284	3620	3889	506	26.81	1018.7	49.27	234642	AS7341	flash	5	100	999	10	100.0	0.0
2026-07-09T13:39:42.485	431	904	603	1136	2897	2823	3285	3620	3889	506	26.81	1018.68	49.27	234977	AS7341	flash	5	100	999	10	100.0	0.0
2026-07-09T13:39:44.500	431	904	603	1135	2897	2823	3285	3621	3889	506	26.8	1018.68	49.26	234308	AS7341	flash	5	100	999	10	100.0	0.0
2026-07-09T13:39:46.521	431	904	603	1136	2897	2823	3285	3620	3889	506	26.8	1018.68	49.28	234475	AS7341	flash	5	100	999	10	100.0	0.0
2026-07-09T13:39:48.536	431	904	603	1136	2897	2823	3286	3621	3890	507	26.8	1018.68	49.27	234642	AS7341	flash	5	100	999	10	100.0	0.0
2026-07-09T13:39:50.554	431	904	603	1136	2897	2823	3286	3621	3890	506	26.79	1018.67	49.27	235313	AS7341	flash	5	100	999	10	100.0	0.0
2026-07-09T13:39:52.466	431	904	604	1136	2899	2824	3287	3622	3892	507	26.8	1018.65	49.27	235650	AS7341	flash	5	100	999	10	100.0	0.0
2026-07-09T13:39:54.484	431	904	604	1136	2898	2824	3286	3621	3890	507	26.79	1018.66	49.27	235313	AS7341	flash	5	100	999	10	100.0	0.0
2026-07-09T13:39:56.499	431	904	603	1136	2898	2824	3287	3622	3891	506	26.78	1018.66	49.27	234642	AS7341	flash	5	100	999	10	100.0	0.0
2026-07-09T13:39:58.516	431	904	603	1136	2897	2823	3286	3621	3890	506	26.78	1018.68	49.26	235481	AS7341	flash	5	100	999	10	100.0	0.0
2026-07-09T13:40:00.543	431	904	603	1136	2898	2824	3287	3622	3891	507	26.78	1018.67	49.27	234810	AS7341	flash	5	100	999	10	100.0	0.0
2026-07-09T13:40:02.563	431	904	604	1137	2899	2825	3288	3623	3892	507	26.77	1018.65	49.26	235818	AS7341	flash	5	100	999	10	100.0	0.0
2026-07-09T13:40:04.473	431	904	603	1136	2898	2824	3287	3622	3891	507	26.78	1018.66	49.28	236157	AS7341	flash	5	100	999	10	100.0	0.0
2026-07-09T13:40:06.493	431	904	603	1136	2899	2825	3287	3622	3891	507	26.77	1018.67	49.26	236496	AS7341	flash	5	100	999	10	100.0	0.0
2026-07-09T13:40:08.507	431	904	603	1136	2899	2825	3287	3623	3891	507	26.76	1018.66	49.28	235481	AS7341	flash	5	100	999	10	100.0	0.0
2026-07-09T13:40:10.527	431	904	603	1136	2898	2824	3287	3622	3890	507	26.76	1018.67	49.28	236496	AS7341	flash	5	100	999	10	100.0	0.0
2026-07-09T13:40:12.544	431	904	604	1136	2900	2826	3289	3624	3893	507	26.75	1018.64	49.29	235987	AS7341	flash	5	100	999	10	100.0	0.0
2026-07-09T13:40:14.557	431	904	604	1136	2899	2825	3288	3623	3891	507	26.75	1018.65	49.29	236496	AS7341	flash	5	100	999	10	100.0	0.0
2026-07-09T13:40:16.567	431	904	604	1136	2900	2826	3288	3624	3892	507	26.75	1018.67	49.29	236836	AS7341	flash	5	100	999	10	100.0	0.0
2026-07-09T13:40:18.590	431	904	603	1137	2900	2826	3289	3624	3893	507	26.74	1018.67	49.3	236836	AS7341	flash	5	100	999	10	100.0	0.0
2026-07-09T13:40:20.496	431	904	604	1136	2899	2826	3288	3623	3892	507	26.74	1018.66	49.29	237519	AS7341	flash	5	100	999	10	100.0	0.0
2026-07-09T13:40:22.514	431	903	603	1136	2899	2825	3288	3623	3891	507	26.74	1018.67	49.29	235650	AS7341	flash	5	100	999	10	100.0	0.0
2026-07-09T13:40:24.529	431	904	603	1136	2899	2825	3288	3623	3892	507	26.73	1018.68	49.3	237348	AS7341	flash	5	100	999	10	100.0	0.0
2026-07-09T13:40:26.545	431	904	603	1136	2900	2826	3289	3624	3893	507	26.73	1018.66	49.3	236157	AS7341	flash	5	100	999	10	100.0	0.0
2026-07-09T13:40:28.558	431	903	603	1136	2899	2826	3289	3624	3892	507	26.73	1018.64	49.3	237177	AS7341	flash	5	100	999	10	100.0	0.0
2026-07-09T13:40:30.571	431	903	603	1136	2899	2826	3288	3624	3892	507	26.72	1018.66	49.31	236496	AS7341	flash	5	100	999	10	100.0	0.0
2026-07-09T13:40:32.590	431	903	603	1136	2900	2826	3289	3624	3893	507	26.72	1018.66	49.31	237348	AS7341	flash	5	100	999	10	100.0	0.0
2026-07-09T13:40:34.495	431	903	603	1136	2900	2826	3289	3624	3893	507	26.73	1018.68	49.31	237348	AS7341	flash	5	100	999	10	100.0	0.0
2026-07-09T13:40:36.510	431	903	603	1136	2899	2826	3288	3623	3892	507	26.72	1018.62	49.3	238206	AS7341	flash	5	100	999	10	100.0	0.0
2026-07-09T13:40:38.526	431	903	603	1137	2900	2826	3289	3624	3892	507	26.72	1018.68	49.31	238379	AS7341	flash	5	100	999	10	100.0	0.0
2026-07-09T13:40:40.538	431	903	603	1136	2900	2826	3289	3624	3893	507	26.71	1018.68	49.33	235818	AS7341	flash	5	100	999	10	100.0	0.0
2026-07-09T13:40:42.553	431	903	603	1137	2900	2827	3290	3624	3893	507	26.72	1018.65	49.31	237519	AS7341	flash	5	100	999	10	100.0	0.0
2026-07-09T13:40:44.571	431	903	603	1136	2901	2827	3290	3625	3894	507	26.71	1018.65	49.32	237690	AS7341	flash	5	100	999	10	100.0	0.0
2026-07-09T13:40:46.600	431	903	603	1137	2901	2827	3290	3625	3894	507	26.71	1018.64	49.32	237177	AS7341	flash	5	100	999	10	100.0	0.0
2026-07-09T13:40:48.620	431	903	603	1137	2901	2828	3291	3626	3894	507	26.71	1018.66	49.35	237177	AS7341	flash	5	100	999	10	100.0	0.0
2026-07-09T13:40:50.613	431	903	603	1136	2900	2826	3289	3624	3893	507	26.71	1018.67	49.33	237519	AS7341	flash	5	100	999	10	100.0	0.0
2026-07-09T13:40:52.603	431	903	603	1137	2900	2827	3290	3625	3894	507	26.7	1018.65	49.32	237348	AS7341	flash	5	100	999	10	100.0	0.0
2026-07-09T13:40:54.601	431	903	603	1136	2900	2827	3290	3624	3893	507	26.71	1018.68	49.31	238379	AS7341	flash	5	100	999	10	100.0	0.0
2026-07-09T13:40:56.590	431	903	603	1137	2900	2827	3290	3625	3893	507	26.71	1018.63	49.31	238206	AS7341	flash	5	100	999	10	100.0	0.0
2026-07-09T13:40:58.574	431	903	603	1137	2901	2827	3290	3625	3893	507	26.7	1018.63	49.31	237177	AS7341	flash	5	100	999	10	100.0	0.0
2026-07-09T13:41:00.572	431	903	603	1136	2900	2827	3290	3624	3893	507	26.7	1018.64	49.3	238724	AS7341	flash	5	100	999	10	100.0	0.0
2026-07-09T13:41:02.560	431	903	603	1137	2901	2828	3291	3625	3894	507	26.7	1018.65	49.31	238551	AS7341	flash	5	100	999	10	100.0	0.0
2026-07-09T13:41:04.556	431	903	603	1137	2901	2828	3291	3625	3894	507	26.69	1018.61	49.3	238034	AS7341	flash	5	100	999	10	100.0	0.0
2026-07-09T13:41:06.559	431	903	603	1137	2902	2828	3291	3626	3895	507	26.69	1018.62	49.3	239942	AS7341	flash	5	100	999	10	100.0	0.0
2026-07-09T13:41:08.547	431	903	603	1137	2901	2828	3291	3626	3894	507	26.68	1018.62	49.31	238724	AS7341	flash	5	100	999	10	100.0	0.0
2026-07-09T13:41:10.545	431	903	603	1137	2902	2828	3292	3626	3895	506	26.68	1018.61	49.3	238724	AS7341	flash	5	100	999	10	100.0	0.0
2026-07-09T13:41:12.534	431	903	603	1137	2901	2828	3291	3626	3894	507	26.68	1018.64	49.3	239244	AS7341	flash	5	100	999	10	100.0	0.0
2026-07-09T13:41:14.527	431	903	603	1137	2902	2828	3292	3626	3894	507	26.67	1018.63	49.3	239767	AS7341	flash	5	100	999	10	100.0	0.0
2026-07-09T13:41:16.515	431	903	603	1137	2902	2829	3293	3627	3895	507	26.67	1018.64	49.31	239244	AS7341	flash	5	100	999	10	100.0	0.0
2026-07-09T13:41:18.609	431	903	603	1137	2904	2831	3294	3629	3898	507	26.65	1018.65	49.32	238897	AS7341	flash	5	100	999	10	100.0	0.0
2026-07-09T13:41:20.594	432	903	603	1137	2903	2830	3294	3628	3896	507	26.66	1018.67	49.32	238379	AS7341	flash	5	100	999	10	100.0	0.0
2026-07-09T13:41:22.593	432	903	604	1138	2904	2830	3294	3628	3897	507	26.65	1018.6	49.33	239244	AS7341	flash	5	100	999	10	100.0	0.0
2026-07-09T13:41:24.578	431	903	603	1137	2902	2830	3293	3627	3896	507	26.65	1018.62	49.32	239244	AS7341	flash	5	100	999	10	100.0	0.0
2026-07-09T13:41:26.563	431	903	603	1137	2903	2830	3293	3628	3897	507	26.65	1018.62	49.33	238724	AS7341	flash	5	100	999	10	100.0	0.0
2026-07-09T13:41:28.548	431	903	603	1137	2903	2830	3294	3628	3896	507	26.65	1018.63	49.33	240995	AS7341	flash	5	100	999	10	100.0	0.0
2026-07-09T13:41:30.531	431	903	603	1137	2904	2831	3294	3629	3898	507	26.64	1018.65	49.33	240117	AS7341	flash	5	100	999	10	100.0	0.0
2026-07-09T13:41:32.621	431	903	603	1137	2904	2831	3294	3629	3897	507	26.63	1018.6	49.31	239244	AS7341	flash	5	100	999	10	100.0	0.0
2026-07-09T13:41:34.610	431	903	603	1137	2903	2830	3294	3628	3896	507	26.64	1018.62	49.32	238897	AS7341	flash	5	100	999	10	100.0	0.0
2026-07-09T13:41:36.610	431	903	603	1137	2903	2830	3294	3628	3896	507	26.63	1018.61	49.32	239942	AS7341	flash	5	100	999	10	100.0	0.0
2026-07-09T13:41:38.601	431	903	603	1137	2904	2830	3294	3629	3897	507	26.64	1018.63	49.32	238206	AS7341	flash	5	100	999	10	100.0	0.0
2026-07-09T13:41:40.590	431	903	603	1137	2903	2830	3294	3628	3897	507	26.63	1018.64	49.32	240995	AS7341	flash	5	100	999	10	100.0	0.0
2026-07-09T13:41:42.582	431	903	603	1137	2904	2831	3295	3629	3897	507	26.63	1018.65	49.35	240467	AS7341	flash	5	100	999	10	100.0	0.0
2026-07-09T13:41:44.575	431	903	603	1137	2903	2830	3294	3628	3897	507	26.62	1018.6	49.33	240292	AS7341	flash	5	100	999	10	100.0	0.0
2026-07-09T13:41:46.558	432	903	603	1138	2904	2832	3295	3630	3898	507	26.63	1018.68	49.33	240467	AS7341	flash	5	100	999	10	100.0	0.0
2026-07-09T13:41:48.543	431	903	603	1138	2904	2831	3294	3629	3897	507	26.61	1018.65	49.35	240995	AS7341	flash	5	100	999	10	100.0	0.0
2026-07-09T13:41:50.541	431	903	603	1137	2904	2831	3295	3629	3898	507	26.61	1018.64	49.35	238897	AS7341	flash	5	100	999	10	100.0	0.0
2026-07-09T13:41:52.528	431	903	603	1138	2904	2831	3295	3630	3898	507	26.61	1018.62	49.36	240995	AS7341	flash	5	100	999	10	100.0	0.0
2026-07-09T13:41:54.623	432	903	603	1138	2906	2833	3297	3631	3900	508	26.6	1018.65	49.37	240292	AS7341	flash	5	100	999	10	100.0	0.0
2026-07-09T13:41:56.620	432	903	604	1138	2905	2833	3297	3631	3899	507	26.61	1018.62	49.38	240467	AS7341	flash	5	100	999	10	100.0	0.0
2026-07-09T13:41:58.615	432	903	603	1138	2905	2832	3296	3630	3899	507	26.6	1018.6	49.36	239593	AS7341	flash	5	100	999	10	100.0	0.0
2026-07-09T13:42:00.610	431	903	603	1138	2905	2832	3296	3630	3899	507	26.61	1018.61	49.39	240643	AS7341	flash	5	100	999	10	100.0	0.0
2026-07-09T13:42:02.600	432	903	603	1138	2905	2833	3297	3631	3899	507	26.59	1018.61	49.38	240117	AS7341	flash	5	100	999	10	100.0	0.0
2026-07-09T13:42:04.586	432	903	603	1138	2906	2833	3297	3631	3900	508	26.6	1018.64	49.36	241348	AS7341	flash	5	100	999	10	100.0	0.0
2026-07-09T13:42:06.578	431	902	603	1138	2905	2832	3296	3630	3899	508	26.59	1018.61	49.37	239942	AS7341	flash	5	100	999	10	100.0	0.0
2026-07-09T13:42:08.575	432	903	603	1138	2905	2832	3296	3630	3899	507	26.59	1018.6	49.37	240117	AS7341	flash	5	100	999	10	100.0	0.0
2026-07-09T13:42:10.571	431	902	603	1138	2905	2832	3297	3630	3899	507	26.59	1018.62	49.38	239767	AS7341	flash	5	100	999	10	100.0	0.0
2026-07-09T13:42:12.553	432	902	603	1138	2905	2833	3297	3631	3899	507	26.59	1018.61	49.37	240117	AS7341	flash	5	100	999	10	100.0	0.0
2026-07-09T13:42:14.540	432	903	603	1138	2905	2833	3297	3631	3900	507	26.59	1018.61	49.37	240117	AS7341	flash	5	100	999	10	100.0	0.0
2026-07-09T13:42:16.528	432	903	604	1138	2906	2833	3297	3631	3900	508	26.59	1018.64	49.37	240643	AS7341	flash	5	100	999	10	100.0	0.0
2026-07-09T13:42:18.627	432	903	603	1138	2907	2834	3298	3632	3901	508	26.58	1018.64	49.37	241348	AS7341	flash	5	100	999	10	100.0	0.0
2026-07-09T13:42:20.611	432	903	603	1138	2906	2834	3298	3632	3900	508	26.58	1018.64	49.37	240995	AS7341	flash	5	100	999	10	100.0	0.0
2026-07-09T13:42:22.599	432	903	603	1138	2907	2834	3298	3633	3901	508	26.57	1018.57	49.38	240292	AS7341	flash	5	100	999	10	100.0	0.0
2026-07-09T13:42:24.587	432	902	603	1138	2906	2834	3298	3632	3900	508	26.57	1018.59	49.37	240117	AS7341	flash	5	100	999	10	100.0	0.0
2026-07-09T13:42:26.577	432	903	603	1138	2906	2834	3298	3632	3901	508	26.57	1018.63	49.38	240292	AS7341	flash	5	100	999	10	100.0	0.0
2026-07-09T13:42:28.570	432	903	603	1138	2906	2834	3298	3632	3901	508	26.56	1018.62	49.37	242414	AS7341	flash	5	100	999	10	100.0	0.0
2026-07-09T13:42:30.563	432	902	603	1138	2906	2833	3297	3631	3899	508	26.56	1018.64	49.38	242414	AS7341	flash	5	100	999	10	100.0	0.0
2026-07-09T13:42:32.552	432	902	603	1138	2906	2834	3298	3632	3901	507	26.56	1018.6	49.39	240643	AS7341	flash	5	100	999	10	100.0	0.0
2026-07-09T13:42:34.551	432	903	603	1138	2908	2835	3299	3634	3902	508	26.55	1018.66	49.38	240467	AS7341	flash	5	100	999	10	100.0	0.0
2026-07-09T13:42:36.538	432	903	603	1138	2907	2835	3299	3633	3902	508	26.56	1018.59	49.38	243310	AS7341	flash	5	100	999	10	100.0	0.0
2026-07-09T13:42:38.538	432	902	603	1138	2908	2835	3299	3633	3902	508	26.55	1018.64	49.39	243130	AS7341	flash	5	100	999	10	100.0	0.0
2026-07-09T13:42:40.527	432	902	603	1138	2906	2834	3298	3632	3900	508	26.55	1018.61	49.39	241525	AS7341	flash	5	100	999	10	100.0	0.0
2026-07-09T13:42:42.625	432	903	603	1138	2908	2836	3300	3634	3903	508	26.54	1018.61	49.4	240995	AS7341	flash	5	100	999	10	100.0	0.0
2026-07-09T13:42:44.613	432	902	603	1138	2907	2835	3299	3632	3901	508	26.54	1018.61	49.4	240819	AS7341	flash	5	100	999	10	100.0	0.0
2026-07-09T13:42:46.602	432	902	603	1138	2907	2835	3299	3633	3902	508	26.54	1018.61	49.41	240819	AS7341	flash	5	100	999	10	100.0	0.0
2026-07-09T13:42:48.596	432	902	603	1138	2908	2836	3300	3634	3902	508	26.54	1018.64	49.41	242414	AS7341	flash	5	100	999	10	100.0	0.0
2026-07-09T13:42:50.587	432	902	603	1138	2907	2835	3300	3633	3902	508	26.54	1018.63	49.41	242593	AS7341	flash	5	100	999	10	100.0	0.0
2026-07-09T13:42:52.583	432	903	604	1139	2908	2836	3300	3634	3902	508	26.54	1018.62	49.4	242593	AS7341	flash	5	100	999	10	100.0	0.0
2026-07-09T13:42:54.574	432	902	603	1138	2907	2835	3299	3632	3901	508	26.55	1018.62	49.41	242058	AS7341	flash	5	100	999	10	100.0	0.0
2026-07-09T13:42:56.572	432	902	603	1138	2908	2836	3300	3634	3903	508	26.54	1018.61	49.39	243310	AS7341	flash	5	100	999	10	100.0	0.0
2026-07-09T13:42:58.559	432	903	604	1139	2908	2836	3301	3635	3903	508	26.53	1018.59	49.39	242236	AS7341	flash	5	100	999	10	100.0	0.0
2026-07-09T13:43:00.546	432	902	603	1139	2908	2835	3300	3633	3902	508	26.54	1018.6	49.38	241703	AS7341	flash	5	100	999	10	100.0	0.0
2026-07-09T13:43:02.548	432	902	603	1139	2908	2836	3301	3635	3903	508	26.53	1018.6	49.37	241880	AS7341	flash	5	100	999	10	100.0	0.0
2026-07-09T13:43:04.545	432	902	603	1139	2908	2836	3301	3634	3903	508	26.53	1018.58	49.38	244031	AS7341	flash	5	100	999	10	100.0	0.0
2026-07-09T13:43:06.539	432	902	603	1138	2908	2836	3300	3634	3903	508	26.53	1018.63	49.37	243490	AS7341	flash	5	100	999	10	100.0	0.0
2026-07-09T13:43:08.527	432	902	603	1138	2908	2836	3301	3634	3903	508	26.52	1018.59	49.37	242414	AS7341	flash	5	100	999	10	100.0	0.0
2026-07-09T13:43:10.621	432	902	603	1139	2909	2837	3302	3635	3904	508	26.51	1018.61	49.39	241172	AS7341	flash	5	100	999	10	100.0	0.0
2026-07-09T13:43:12.611	432	902	603	1139	2908	2836	3301	3634	3902	508	26.52	1018.63	49.38	243670	AS7341	flash	5	100	999	10	100.0	0.0
2026-07-09T13:43:14.602	432	902	603	1139	2908	2836	3301	3634	3903	508	26.51	1018.63	49.38	242236	AS7341	flash	5	100	999	10	100.0	0.0
2026-07-09T13:43:16.604	432	902	603	1139	2909	2837	3302	3635	3904	508	26.51	1018.63	49.38	243490	AS7341	flash	5	100	999	10	100.0	0.0
2026-07-09T13:43:18.599	432	902	603	1138	2908	2836	3300	3633	3902	508	26.51	1018.63	49.38	242058	AS7341	flash	5	100	999	10	100.0	0.0
2026-07-09T13:43:20.591	432	902	603	1139	2909	2837	3301	3634	3903	508	26.51	1018.62	49.39	241703	AS7341	flash	5	100	999	10	100.0	0.0
2026-07-09T13:43:22.575	432	902	603	1139	2908	2836	3301	3634	3902	508	26.51	1018.63	49.38	243130	AS7341	flash	5	100	999	10	100.0	0.0
2026-07-09T13:43:24.564	432	902	603	1139	2909	2837	3301	3634	3903	508	26.51	1018.67	49.39	243850	AS7341	flash	5	100	999	10	100.0	0.0
2026-07-09T13:43:26.559	432	902	603	1139	2909	2837	3302	3635	3904	508	26.51	1018.63	49.38	243850	AS7341	flash	5	100	999	10	100.0	0.0
2026-07-09T13:43:28.553	432	902	603	1139	2909	2837	3301	3635	3903	508	26.5	1018.62	49.39	243130	AS7341	flash	5	100	999	10	100.0	0.0
2026-07-09T13:43:30.545	432	902	603	1139	2909	2837	3302	3635	3904	508	26.5	1018.63	49.39	242951	AS7341	flash	5	100	999	10	100.0	0.0
2026-07-09T13:43:32.539	432	902	603	1139	2909	2837	3302	3635	3904	508	26.49	1018.58	49.4	243850	AS7341	flash	5	100	999	10	100.0	0.0
2026-07-09T13:43:34.552	432	902	603	1139	2909	2838	3302	3635	3904	508	26.5	1018.63	49.39	244212	AS7341	flash	5	100	999	10	100.0	0.0
2026-07-09T13:43:36.578	432	902	603	1139	2910	2838	3303	3636	3905	508	26.49	1018.62	49.4	242772	AS7341	flash	5	100	999	10	100.0	0.0
2026-07-09T13:43:38.601	432	902	603	1139	2911	2839	3304	3637	3905	508	26.49	1018.58	49.42	244393	AS7341	flash	5	100	999	10	100.0	0.0
2026-07-09T13:43:40.611	432	902	603	1139	2910	2839	3304	3637	3906	508	26.48	1018.62	49.4	242593	AS7341	flash	5	100	999	10	100.0	0.0
2026-07-09T13:43:42.625	432	902	603	1139	2911	2839	3304	3638	3906	508	26.49	1018.61	49.4	243490	AS7341	flash	5	100	999	10	100.0	0.0
2026-07-09T13:43:44.584	432	902	603	1139	2909	2837	3302	3635	3904	508	26.5	1018.66	49.42	243490	AS7341	flash	5	100	999	10	100.0	0.0
2026-07-09T13:43:46.596	432	902	603	1139	2911	2839	3304	3637	3905	508	26.48	1018.64	49.41	244031	AS7341	flash	5	100	999	10	100.0	0.0
2026-07-09T13:43:48.607	432	902	603	1139	2909	2838	3303	3636	3905	508	26.47	1018.59	49.41	244938	AS7341	flash	5	100	999	10	100.0	0.0
2026-07-09T13:43:50.625	432	902	603	1139	2910	2839	3304	3637	3905	508	26.48	1018.63	49.42	245121	AS7341	flash	5	100	999	10	100.0	0.0
2026-07-09T13:43:52.529	432	902	603	1139	2910	2838	3303	3636	3905	508	26.49	1018.61	49.4	245121	AS7341	flash	5	100	999	10	100.0	0.0
2026-07-09T13:43:54.554	432	902	603	1139	2910	2838	3303	3636	3905	508	26.47	1018.6	49.41	244393	AS7341	flash	5	100	999	10	100.0	0.0
2026-07-09T13:43:56.607	432	902	603	1139	2910	2838	3303	3636	3905	508	26.47	1018.59	49.41	243130	AS7341	flash	5	100	999	10	100.0	0.0
2026-07-09T13:43:58.619	432	902	603	1139	2910	2839	3303	3636	3905	508	26.47	1018.61	49.43	243310	AS7341	flash	5	100	999	10	100.0	0.0
2026-07-09T13:44:00.682	432	902	603	1139	2910	2839	3304	3637	3906	508	26.46	1018.6	49.45	242593	AS7341	flash	5	100	999	10	100.0	0.0
2026-07-09T13:44:02.595	432	902	603	1139	2910	2839	3303	3637	3905	508	26.47	1018.6	49.46	244938	AS7341	flash	5	100	999	10	100.0	0.0
2026-07-09T13:44:04.620	432	902	603	1139	2911	2840	3305	3638	3906	508	26.46	1018.6	49.47	243670	AS7341	flash	5	100	999	10	100.0	0.0
2026-07-09T13:44:06.538	432	902	603	1139	2910	2838	3303	3637	3905	508	26.47	1018.63	49.47	244031	AS7341	flash	5	100	999	10	100.0	0.0
2026-07-09T13:44:08.553	432	902	603	1139	2912	2841	3307	3640	3908	508	26.47	1018.63	49.49	243490	AS7341	flash	5	100	999	10	100.0	0.0
2026-07-09T13:44:10.622	432	902	603	1139	2911	2840	3305	3638	3907	508	26.46	1018.59	49.5	244938	AS7341	flash	5	100	999	10	100.0	0.0
2026-07-09T13:44:12.634	432	902	603	1140	2912	2840	3306	3639	3907	508	26.45	1018.61	49.51	243490	AS7341	flash	5	100	999	10	100.0	0.0
2026-07-09T13:44:14.619	432	902	603	1139	2910	2839	3304	3638	3906	508	26.46	1018.58	49.53	244212	AS7341	flash	5	100	999	10	100.0	0.0
2026-07-09T13:44:16.625	432	902	603	1139	2911	2840	3305	3638	3906	508	26.45	1018.58	49.53	244574	AS7341	flash	5	100	999	10	100.0	0.0
2026-07-09T13:44:18.534	432	902	603	1139	2911	2840	3305	3639	3907	508	26.46	1018.58	49.53	244756	AS7341	flash	5	100	999	10	100.0	0.0
2026-07-09T13:44:20.556	432	902	604	1139	2912	2840	3306	3639	3907	508	26.44	1018.56	49.53	244574	AS7341	flash	5	100	999	10	100.0	0.0
2026-07-09T13:44:22.570	432	902	604	1139	2911	2840	3305	3638	3907	508	26.45	1018.61	49.54	243850	AS7341	flash	5	100	999	10	100.0	0.0
2026-07-09T13:44:24.595	432	902	603	1139	2911	2840	3305	3639	3907	508	26.44	1018.6	49.56	244393	AS7341	flash	5	100	999	10	100.0	0.0
2026-07-09T13:44:26.607	432	902	603	1139	2912	2840	3306	3639	3907	508	26.44	1018.61	49.54	244212	AS7341	flash	5	100	999	10	100.0	0.0
2026-07-09T13:44:28.624	432	902	603	1139	2911	2840	3306	3639	3907	508	26.44	1018.62	49.55	243850	AS7341	flash	5	100	999	10	100.0	0.0
2026-07-09T13:44:30.531	432	902	603	1139	2911	2840	3305	3639	3907	508	26.45	1018.59	49.55	244031	AS7341	flash	5	100	999	10	100.0	0.0
2026-07-09T13:44:32.548	432	902	603	1139	2912	2840	3306	3639	3907	508	26.44	1018.59	49.54	244212	AS7341	flash	5	100	999	10	100.0	0.0
2026-07-09T13:44:34.562	432	902	603	1139	2911	2840	3306	3639	3907	508	26.44	1018.6	49.54	244574	AS7341	flash	5	100	999	10	100.0	0.0
2026-07-09T13:44:36.574	432	902	603	1139	2911	2840	3306	3639	3907	508	26.44	1018.59	49.56	243310	AS7341	flash	5	100	999	10	100.0	0.0
2026-07-09T13:44:38.582	432	902	603	1139	2912	2841	3306	3640	3908	508	26.44	1018.57	49.56	245303	AS7341	flash	5	100	999	10	100.0	0.0
2026-07-09T13:44:40.604	432	902	603	1139	2913	2842	3308	3641	3909	509	26.44	1018.6	49.57	244938	AS7341	flash	5	100	999	10	100.0	0.0
2026-07-09T13:44:42.619	432	902	604	1140	2913	2841	3307	3640	3909	508	26.44	1018.59	49.54	245121	AS7341	flash	5	100	999	10	100.0	0.0
2026-07-09T13:44:44.530	432	902	603	1139	2911	2840	3305	3638	3907	508	26.45	1018.59	49.54	244212	AS7341	flash	5	100	999	10	100.0	0.0
2026-07-09T13:44:46.555	432	902	603	1139	2912	2840	3306	3639	3907	508	26.44	1018.6	49.53	244938	AS7341	flash	5	100	999	10	100.0	0.0
2026-07-09T13:44:48.573	432	902	603	1140	2913	2841	3308	3641	3909	509	26.43	1018.57	49.53	244574	AS7341	flash	5	100	999	10	100.0	0.0
2026-07-09T13:44:50.589	432	902	603	1140	2912	2841	3307	3640	3908	508	26.44	1018.63	49.52	245303	AS7341	flash	5	100	999	10	100.0	0.0
2026-07-09T13:44:52.597	432	902	604	1140	2912	2841	3307	3640	3908	508	26.43	1018.57	49.52	245303	AS7341	flash	5	100	999	10	100.0	0.0
2026-07-09T13:44:54.626	432	902	603	1140	2912	2841	3307	3640	3908	508	26.43	1018.59	49.52	244212	AS7341	flash	5	100	999	10	100.0	0.0
2026-07-09T13:44:56.533	432	902	603	1139	2911	2840	3305	3638	3906	508	26.44	1018.59	49.51	246774	AS7341	flash	5	100	999	10	100.0	0.0
2026-07-09T13:44:58.550	432	902	603	1140	2912	2841	3307	3640	3908	508	26.43	1018.6	49.5	244212	AS7341	flash	5	100	999	10	100.0	0.0
2026-07-09T13:45:00.573	432	902	603	1140	2912	2841	3307	3640	3908	508	26.43	1018.59	49.52	244938	AS7341	flash	5	100	999	10	100.0	0.0
2026-07-09T13:45:02.591	432	902	603	1140	2912	2841	3307	3640	3909	509	26.43	1018.61	49.52	244393	AS7341	flash	5	100	999	10	100.0	0.0
2026-07-09T13:45:04.604	432	902	604	1140	2913	2841	3307	3641	3909	509	26.42	1018.62	49.52	243490	AS7341	flash	5	100	999	10	100.0	0.0
2026-07-09T13:45:06.633	432	902	603	1139	2912	2841	3307	3640	3908	509	26.42	1018.59	49.51	245121	AS7341	flash	5	100	999	10	100.0	0.0
2026-07-09T13:45:08.539	432	902	603	1139	2912	2840	3306	3639	3907	508	26.42	1018.57	49.51	244756	AS7341	flash	5	100	999	10	100.0	0.0
2026-07-09T13:45:10.558	432	902	603	1139	2912	2841	3307	3640	3908	508	26.42	1018.57	49.5	245121	AS7341	flash	5	100	999	10	100.0	0.0
2026-07-09T13:45:12.576	432	902	603	1140	2912	2841	3307	3639	3908	508	26.42	1018.56	49.51	246404	AS7341	flash	5	100	999	10	100.0	0.0
2026-07-09T13:45:14.592	432	902	603	1139	2912	2841	3307	3640	3908	508	26.41	1018.59	49.5	246220	AS7341	flash	5	100	999	10	100.0	0.0
2026-07-09T13:45:16.616	432	902	603	1140	2912	2841	3307	3640	3908	508	26.41	1018.58	49.51	244212	AS7341	flash	5	100	999	10	100.0	0.0
2026-07-09T13:45:18.631	432	902	603	1140	2913	2842	3308	3641	3909	509	26.41	1018.59	49.51	244938	AS7341	flash	5	100	999	10	100.0	0.0
2026-07-09T13:45:20.543	432	902	603	1140	2912	2841	3307	3640	3908	508	26.42	1018.61	49.5	245486	AS7341	flash	5	100	999	10	100.0	0.0
2026-07-09T13:45:22.560	432	902	603	1140	2913	2842	3308	3641	3909	509	26.41	1018.63	49.5	244756	AS7341	flash	5	100	999	10	100.0	0.0
2026-07-09T13:45:24.581	432	902	604	1140	2914	2843	3309	3641	3910	509	26.4	1018.61	49.5	245486	AS7341	flash	5	100	999	10	100.0	0.0
2026-07-09T13:45:26.599	432	901	603	1139	2912	2841	3307	3640	3908	509	26.41	1018.61	49.5	244031	AS7341	flash	5	100	999	10	100.0	0.0
2026-07-09T13:45:28.620	432	902	603	1140	2913	2842	3308	3641	3909	509	26.4	1018.6	49.49	245303	AS7341	flash	5	100	999	10	100.0	0.0
2026-07-09T13:45:30.634	432	902	604	1140	2914	2842	3309	3641	3910	509	26.41	1018.61	49.49	245303	AS7341	flash	5	100	999	10	100.0	0.0
2026-07-09T13:45:32.545	432	902	603	1140	2913	2842	3308	3640	3908	509	26.41	1018.58	49.5	245303	AS7341	flash	5	100	999	10	100.0	0.0
2026-07-09T13:45:34.561	432	902	603	1140	2913	2843	3308	3641	3909	509	26.4	1018.6	49.46	245669	AS7341	flash	5	100	999	10	100.0	0.0
2026-07-09T13:45:36.589	432	902	604	1140	2914	2843	3309	3641	3910	509	26.4	1018.58	49.48	244938	AS7341	flash	5	100	999	10	100.0	0.0
2026-07-09T13:45:38.605	432	902	603	1140	2914	2843	3309	3642	3910	509	26.4	1018.59	49.48	243850	AS7341	flash	5	100	999	10	100.0	0.0
2026-07-09T13:45:40.627	432	902	603	1140	2914	2843	3309	3642	3910	509	26.39	1018.63	49.48	245121	AS7341	flash	5	100	999	10	100.0	0.0
2026-07-09T13:45:42.533	432	901	603	1139	2913	2842	3308	3640	3909	509	26.41	1018.65	49.47	246774	AS7341	flash	5	100	999	10	100.0	0.0
2026-07-09T13:45:44.553	432	902	603	1140	2915	2844	3310	3643	3912	509	26.4	1018.63	49.46	244756	AS7341	flash	5	100	999	10	100.0	0.0
2026-07-09T13:45:46.570	432	902	604	1140	2914	2844	3310	3642	3910	509	26.39	1018.61	49.47	245303	AS7341	flash	5	100	999	10	100.0	0.0
2026-07-09T13:45:48.593	432	902	604	1140	2914	2843	3310	3642	3911	509	26.4	1018.6	49.44	245669	AS7341	flash	5	100	999	10	100.0	0.0
2026-07-09T13:45:50.621	432	902	603	1140	2914	2843	3309	3641	3909	509	26.39	1018.62	49.46	246589	AS7341	flash	5	100	999	10	100.0	0.0
2026-07-09T13:45:52.530	432	901	603	1140	2914	2843	3309	3641	3910	509	26.4	1018.59	49.44	247144	AS7341	flash	5	100	999	10	100.0	0.0
2026-07-09T13:45:54.543	432	902	604	1140	2914	2843	3309	3642	3910	509	26.39	1018.6	49.44	246404	AS7341	flash	5	100	999	10	100.0	0.0
2026-07-09T13:45:56.566	432	902	604	1140	2915	2844	3310	3642	3910	509	26.39	1018.63	49.45	246036	AS7341	flash	5	100	999	10	100.0	0.0
2026-07-09T13:45:58.590	432	902	603	1140	2915	2844	3310	3642	3911	509	26.39	1018.61	49.44	247515	AS7341	flash	5	100	999	10	100.0	0.0
2026-07-09T13:46:00.608	432	902	603	1140	2914	2844	3310	3642	3911	509	26.38	1018.62	49.44	245303	AS7341	flash	5	100	999	10	100.0	0.0
2026-07-09T13:46:02.625	432	902	603	1140	2915	2844	3310	3642	3911	509	26.39	1018.6	49.44	246036	AS7341	flash	5	100	999	10	100.0	0.0
2026-07-09T13:46:04.532	432	902	604	1140	2915	2844	3309	3642	3910	509	26.39	1018.63	49.43	245669	AS7341	flash	5	100	999	10	100.0	0.0
2026-07-09T13:46:06.551	432	902	603	1140	2915	2844	3310	3642	3911	509	26.38	1018.59	49.44	245121	AS7341	flash	5	100	999	10	100.0	0.0
2026-07-09T13:46:08.569	432	902	604	1140	2915	2844	3311	3643	3912	509	26.39	1018.6	49.43	246774	AS7341	flash	5	100	999	10	100.0	0.0
2026-07-09T13:46:10.585	432	901	603	1140	2915	2844	3310	3642	3911	509	26.38	1018.62	49.42	245121	AS7341	flash	5	100	999	10	100.0	0.0
2026-07-09T13:46:12.608	432	902	603	1140	2915	2844	3310	3642	3911	509	26.38	1018.61	49.45	245852	AS7341	flash	5	100	999	10	100.0	0.0
2026-07-09T13:46:14.628	432	901	603	1140	2915	2844	3310	3642	3910	509	26.38	1018.6	49.43	248075	AS7341	flash	5	100	999	10	100.0	0.0
2026-07-09T13:46:16.534	432	902	603	1140	2915	2845	3311	3643	3912	509	26.39	1018.62	49.44	246404	AS7341	flash	5	100	999	10	100.0	0.0
2026-07-09T13:46:18.560	432	901	603	1140	2915	2844	3310	3642	3911	509	26.37	1018.62	49.41	247144	AS7341	flash	5	100	999	10	100.0	0.0
2026-07-09T13:46:20.574	432	901	603	1140	2915	2845	3311	3643	3911	509	26.38	1018.59	49.42	247515	AS7341	flash	5	100	999	10	100.0	0.0
2026-07-09T13:46:22.590	432	901	603	1140	2915	2845	3311	3643	3911	509	26.37	1018.59	49.43	246774	AS7341	flash	5	100	999	10	100.0	0.0
2026-07-09T13:46:24.606	432	902	603	1141	2915	2845	3311	3642	3911	509	26.36	1018.6	49.41	247144	AS7341	flash	5	100	999	10	100.0	0.0
2026-07-09T13:46:26.620	432	901	603	1140	2916	2845	3311	3643	3912	509	26.37	1018.62	49.41	246959	AS7341	flash	5	100	999	10	100.0	0.0
2026-07-09T13:46:28.531	432	901	603	1140	2914	2844	3310	3641	3910	509	26.37	1018.6	49.4	246220	AS7341	flash	5	100	999	10	100.0	0.0
2026-07-09T13:46:30.543	432	902	604	1140	2916	2845	3312	3643	3912	509	26.36	1018.62	49.4	247702	AS7341	flash	5	100	999	10	100.0	0.0
2026-07-09T13:46:32.562	432	902	604	1141	2916	2845	3311	3643	3912	509	26.35	1018.62	49.41	249013	AS7341	flash	5	100	999	10	100.0	0.0
2026-07-09T13:46:34.584	432	902	604	1141	2916	2846	3312	3644	3912	509	26.35	1018.64	49.42	247144	AS7341	flash	5	100	999	10	100.0	0.0
2026-07-09T13:46:36.604	432	902	604	1141	2917	2846	3313	3644	3913	509	26.35	1018.58	49.4	246774	AS7341	flash	5	100	999	10	100.0	0.0
2026-07-09T13:46:38.627	432	902	603	1141	2916	2846	3312	3644	3912	509	26.35	1018.59	49.41	248824	AS7341	flash	5	100	999	10	100.0	0.0
2026-07-09T13:46:40.536	432	901	603	1140	2916	2845	3311	3643	3912	509	26.36	1018.6	49.41	247515	AS7341	flash	5	100	999	10	100.0	0.0
2026-07-09T13:46:42.555	432	901	603	1140	2915	2845	3311	3642	3911	509	26.36	1018.59	49.41	249201	AS7341	flash	5	100	999	10	100.0	0.0
2026-07-09T13:46:44.580	433	902	604	1141	2917	2846	3313	3644	3913	509	26.35	1018.61	49.41	246959	AS7341	flash	5	100	999	10	100.0	0.0
2026-07-09T13:46:46.594	432	901	603	1141	2916	2846	3312	3644	3913	509	26.35	1018.63	49.41	246774	AS7341	flash	5	100	999	10	100.0	0.0
2026-07-09T13:46:48.610	432	902	603	1141	2916	2846	3312	3643	3912	509	26.35	1018.62	49.41	247515	AS7341	flash	5	100	999	10	100.0	0.0
2026-07-09T13:46:50.634	432	901	603	1140	2916	2846	3312	3644	3913	509	26.35	1018.62	49.41	246036	AS7341	flash	5	100	999	10	100.0	0.0
2026-07-09T13:46:52.543	432	901	603	1140	2916	2846	3312	3643	3912	509	26.36	1018.59	49.39	247888	AS7341	flash	5	100	999	10	100.0	0.0
2026-07-09T13:46:54.568	432	901	603	1141	2917	2846	3313	3644	3913	509	26.35	1018.62	49.39	248075	AS7341	flash	5	100	999	10	100.0	0.0
2026-07-09T13:46:56.594	432	902	603	1141	2917	2847	3313	3644	3913	509	26.35	1018.6	49.39	247702	AS7341	flash	5	100	999	10	100.0	0.0
2026-07-09T13:46:58.608	432	902	603	1141	2917	2846	3313	3644	3913	509	26.35	1018.59	49.39	248637	AS7341	flash	5	100	999	10	100.0	0.0
2026-07-09T13:47:00.626	432	901	603	1141	2916	2846	3312	3644	3913	509	26.35	1018.6	49.39	246774	AS7341	flash	5	100	999	10	100.0	0.0
2026-07-09T13:47:02.527	432	901	603	1141	2916	2846	3313	3644	3913	509	26.36	1018.59	49.39	249768	AS7341	flash	5	100	999	10	100.0	0.0
2026-07-09T13:47:04.538	432	901	603	1141	2917	2846	3313	3644	3913	509	26.35	1018.56	49.37	247144	AS7341	flash	5	100	999	10	100.0	0.0
2026-07-09T13:47:06.555	433	902	604	1141	2918	2848	3314	3645	3914	509	26.36	1018.59	49.36	247329	AS7341	flash	5	100	999	10	100.0	0.0
2026-07-09T13:47:08.578	432	901	603	1141	2917	2847	3314	3645	3914	509	26.35	1018.56	49.37	247515	AS7341	flash	5	100	999	10	100.0	0.0
2026-07-09T13:47:10.591	432	901	603	1141	2918	2847	3314	3645	3914	509	26.35	1018.59	49.36	249390	AS7341	flash	5	100	999	10	100.0	0.0
2026-07-09T13:47:12.612	433	902	604	1141	2918	2848	3314	3645	3914	509	26.35	1018.59	49.37	247702	AS7341	flash	5	100	999	10	100.0	0.0
2026-07-09T13:47:14.626	433	902	604	1141	2919	2848	3315	3646	3915	509	26.35	1018.59	49.36	247702	AS7341	flash	5	100	999	10	100.0	0.0
2026-07-09T13:47:16.531	432	901	603	1141	2917	2847	3313	3644	3913	509	26.36	1018.6	49.34	249579	AS7341	flash	5	100	999	10	100.0	0.0
2026-07-09T13:47:18.545	432	901	603	1141	2918	2847	3314	3645	3914	509	26.35	1018.54	49.34	248075	AS7341	flash	5	100	999	10	100.0	0.0
2026-07-09T13:47:20.562	432	902	604	1141	2918	2848	3314	3646	3915	509	26.35	1018.61	49.34	249390	AS7341	flash	5	100	999	10	100.0	0.0
2026-07-09T13:47:22.574	432	901	604	1141	2918	2848	3314	3645	3914	509	26.35	1018.6	49.34	248075	AS7341	flash	5	100	999	10	100.0	0.0
2026-07-09T13:47:24.590	432	901	603	1141	2919	2848	3315	3646	3915	509	26.35	1018.61	49.33	246404	AS7341	flash	5	100	999	10	100.0	0.0
2026-07-09T13:47:26.604	433	902	604	1142	2920	2849	3316	3647	3916	509	26.35	1018.59	49.32	247144	AS7341	flash	5	100	999	10	100.0	0.0
2026-07-09T13:47:28.622	432	901	603	1141	2918	2848	3314	3645	3914	509	26.34	1018.58	49.32	246774	AS7341	flash	5	100	999	10	100.0	0.0
2026-07-09T13:47:30.634	432	901	603	1141	2918	2848	3314	3645	3915	509	26.34	1018.59	49.3	247888	AS7341	flash	5	100	999	10	100.0	0.0
2026-07-09T13:47:32.542	432	901	604	1141	2917	2847	3313	3644	3913	509	26.35	1018.58	49.31	247888	AS7341	flash	5	100	999	10	100.0	0.0
2026-07-09T13:47:34.558	432	901	604	1141	2919	2848	3315	3646	3915	509	26.34	1018.56	49.31	247888	AS7341	flash	5	100	999	10	100.0	0.0
2026-07-09T13:47:36.582	432	901	603	1141	2918	2848	3315	3645	3915	509	26.34	1018.59	49.3	248262	AS7341	flash	5	100	999	10	100.0	0.0
2026-07-09T13:47:38.599	432	901	603	1141	2918	2848	3315	3645	3914	509	26.34	1018.6	49.29	247888	AS7341	flash	5	100	999	10	100.0	0.0
2026-07-09T13:47:40.620	433	901	604	1141	2919	2849	3316	3646	3916	509	26.34	1018.57	49.32	248637	AS7341	flash	5	100	999	10	100.0	0.0
2026-07-09T13:47:42.533	432	901	603	1141	2919	2848	3315	3645	3915	509	26.34	1018.56	49.3	249201	AS7341	flash	5	100	999	10	100.0	0.0
2026-07-09T13:47:44.555	433	901	604	1141	2919	2849	3315	3646	3915	509	26.34	1018.59	49.28	248637	AS7341	flash	5	100	999	10	100.0	0.0
2026-07-09T13:47:46.570	433	902	604	1142	2920	2850	3317	3647	3917	509	26.33	1018.61	49.29	248449	AS7341	flash	5	100	999	10	100.0	0.0
2026-07-09T13:47:48.588	433	902	604	1142	2920	2850	3317	3647	3917	509	26.33	1018.62	49.28	247144	AS7341	flash	5	100	999	10	100.0	0.0
2026-07-09T13:47:50.603	433	901	604	1141	2919	2849	3316	3646	3916	509	26.33	1018.61	49.29	249013	AS7341	flash	5	100	999	10	100.0	0.0
2026-07-09T13:47:52.617	433	902	604	1142	2920	2849	3316	3647	3916	509	26.33	1018.58	49.3	249013	AS7341	flash	5	100	999	10	100.0	0.0
2026-07-09T13:47:54.633	432	901	604	1141	2919	2849	3315	3646	3915	508	26.33	1018.62	49.28	248449	AS7341	flash	5	100	999	10	100.0	0.0
2026-07-09T13:47:56.537	432	901	604	1141	2919	2849	3315	3646	3915	509	26.33	1018.58	49.28	249013	AS7341	flash	5	100	999	10	100.0	0.0
2026-07-09T13:47:58.555	433	901	604	1142	2919	2850	3316	3646	3916	509	26.32	1018.58	49.28	248262	AS7341	flash	5	100	999	10	100.0	0.0
2026-07-09T13:48:00.576	433	901	604	1142	2920	2849	3316	3646	3916	509	26.32	1018.59	49.28	248824	AS7341	flash	5	100	999	10	100.0	0.0
2026-07-09T13:48:02.587	432	901	603	1141	2920	2850	3316	3647	3916	509	26.32	1018.6	49.28	247888	AS7341	flash	5	100	999	10	100.0	0.0
2026-07-09T13:48:04.604	433	901	604	1142	2921	2851	3318	3648	3918	509	26.32	1018.6	49.29	248262	AS7341	flash	5	100	999	10	100.0	0.0
2026-07-09T13:48:06.621	433	901	604	1142	2921	2851	3317	3648	3917	509	26.32	1018.61	49.28	247144	AS7341	flash	5	100	999	10	100.0	0.0
2026-07-09T13:48:08.644	433	901	604	1141	2919	2849	3316	3647	3916	509	26.31	1018.57	49.29	248824	AS7341	flash	5	100	999	10	100.0	0.0
2026-07-09T13:48:10.549	433	901	604	1141	2919	2849	3316	3646	3916	509	26.33	1018.58	49.3	250337	AS7341	flash	5	100	999	10	100.0	0.0
2026-07-09T13:48:12.562	433	901	604	1142	2919	2850	3316	3647	3916	509	26.32	1018.61	49.26	249579	AS7341	flash	5	100	999	10	100.0	0.0
2026-07-09T13:48:14.580	433	901	604	1142	2920	2850	3317	3647	3917	510	26.32	1018.58	49.28	250528	AS7341	flash	5	100	999	10	100.0	0.0
2026-07-09T13:48:16.593	433	901	604	1142	2920	2850	3317	3647	3917	509	26.32	1018.59	49.27	249013	AS7341	flash	5	100	999	10	100.0	0.0
2026-07-09T13:48:18.608	433	901	604	1142	2921	2850	3317	3647	3917	509	26.31	1018.6	49.28	249013	AS7341	flash	5	100	999	10	100.0	0.0
2026-07-09T13:48:20.618	433	901	604	1142	2922	2852	3318	3649	3918	510	26.31	1018.58	49.28	248824	AS7341	flash	5	100	999	10	100.0	0.0
2026-07-09T13:48:22.642	433	901	604	1142	2921	2851	3318	3648	3917	509	26.3	1018.58	49.28	248637	AS7341	flash	5	100	999	10	100.0	0.0
2026-07-09T13:48:24.561	433	901	604	1142	2921	2850	3318	3647	3917	509	26.33	1018.61	49.27	250910	AS7341	flash	5	100	999	10	100.0	0.0
2026-07-09T13:48:26.575	433	902	604	1142	2921	2851	3318	3648	3918	510	26.31	1018.6	49.27	249390	AS7341	flash	5	100	999	10	100.0	0.0
2026-07-09T13:48:28.594	433	901	604	1142	2922	2852	3318	3648	3918	510	26.3	1018.58	49.26	249768	AS7341	flash	5	100	999	10	100.0	0.0
2026-07-09T13:48:30.608	433	901	604	1142	2921	2851	3318	3648	3917	509	26.3	1018.57	49.26	249013	AS7341	flash	5	100	999	10	100.0	0.0
2026-07-09T13:48:32.632	433	901	604	1142	2922	2852	3318	3648	3918	510	26.3	1018.59	49.27	249390	AS7341	flash	5	100	999	10	100.0	0.0
2026-07-09T13:48:34.645	433	901	604	1142	2922	2852	3319	3649	3919	510	26.3	1018.61	49.26	250528	AS7341	flash	5	100	999	10	100.0	0.0
2026-07-09T13:48:36.552	433	901	604	1142	2920	2851	3317	3647	3917	509	26.31	1018.59	49.25	248824	AS7341	flash	5	100	999	10	100.0	0.0
2026-07-09T13:48:38.568	433	902	604	1142	2921	2851	3318	3648	3918	510	26.31	1018.6	49.24	248637	AS7341	flash	5	100	999	10	100.0	0.0
2026-07-09T13:48:40.584	433	901	604	1142	2922	2852	3319	3649	3919	510	26.3	1018.58	49.25	249768	AS7341	flash	5	100	999	10	100.0	0.0
2026-07-09T13:48:42.599	433	901	604	1142	2921	2851	3318	3648	3918	509	26.3	1018.58	49.24	249390	AS7341	flash	5	100	999	10	100.0	0.0
2026-07-09T13:48:44.616	433	901	604	1142	2922	2852	3319	3649	3918	510	26.31	1018.59	49.25	250528	AS7341	flash	5	100	999	10	100.0	0.0
2026-07-09T13:48:46.626	433	901	604	1142	2922	2852	3319	3649	3919	510	26.3	1018.59	49.26	249579	AS7341	flash	5	100	999	10	100.0	0.0
2026-07-09T13:48:48.652	433	901	604	1142	2922	2853	3320	3650	3920	510	26.3	1018.6	49.25	247702	AS7341	flash	5	100	999	10	100.0	0.0
2026-07-09T13:48:50.555	433	901	604	1142	2921	2852	3319	3648	3918	510	26.31	1018.59	49.24	247888	AS7341	flash	5	100	999	10	100.0	0.0
2026-07-09T13:48:52.579	433	901	604	1142	2922	2853	3319	3649	3919	510	26.3	1018.57	49.22	249013	AS7341	flash	5	100	999	10	100.0	0.0
2026-07-09T13:48:54.597	433	901	604	1142	2922	2852	3319	3649	3919	510	26.3	1018.58	49.24	249768	AS7341	flash	5	100	999	10	100.0	0.0
2026-07-09T13:48:56.613	433	901	604	1142	2922	2852	3319	3649	3919	510	26.3	1018.58	49.23	248449	AS7341	flash	5	100	999	10	100.0	0.0
2026-07-09T13:48:58.636	433	901	604	1142	2923	2853	3320	3650	3920	510	26.3	1018.6	49.22	249013	AS7341	flash	5	100	999	10	100.0	0.0
2026-07-09T13:49:00.646	433	902	604	1143	2923	2853	3320	3650	3920	510	26.3	1018.6	49.22	248824	AS7341	flash	5	100	999	10	100.0	0.0
2026-07-09T13:49:02.664	433	901	604	1143	2923	2853	3320	3650	3920	510	26.31	1018.61	49.24	249390	AS7341	flash	5	100	999	10	100.0	0.0
2026-07-09T13:49:04.570	433	902	604	1143	2923	2854	3320	3650	3920	510	26.3	1018.58	49.23	250528	AS7341	flash	5	100	999	10	100.0	0.0
2026-07-09T13:49:06.585	433	901	604	1142	2923	2853	3320	3650	3920	510	26.3	1018.57	49.22	251292	AS7341	flash	5	100	999	10	100.0	0.0
2026-07-09T13:49:08.605	433	901	604	1142	2923	2853	3320	3650	3920	510	26.3	1018.6	49.22	249201	AS7341	flash	5	100	999	10	100.0	0.0
2026-07-09T13:49:10.618	433	901	604	1143	2923	2853	3321	3650	3920	510	26.3	1018.59	49.22	248637	AS7341	flash	5	100	999	10	100.0	0.0
2026-07-09T13:49:12.631	433	901	604	1142	2923	2854	3321	3650	3920	510	26.3	1018.58	49.22	247515	AS7341	flash	5	100	999	10	100.0	0.0
2026-07-09T13:49:14.648	433	901	604	1143	2923	2853	3320	3650	3920	510	26.3	1018.6	49.23	250910	AS7341	flash	5	100	999	10	100.0	0.0
2026-07-09T13:49:16.567	433	901	604	1142	2922	2853	3320	3649	3919	510	26.3	1018.61	49.22	249768	AS7341	flash	5	100	999	10	100.0	0.0
2026-07-09T13:49:18.580	433	901	604	1142	2923	2853	3320	3649	3919	510	26.3	1018.6	49.22	249201	AS7341	flash	5	100	999	10	100.0	0.0
2026-07-09T13:49:20.600	433	901	604	1143	2923	2853	3320	3649	3919	510	26.3	1018.58	49.22	248449	AS7341	flash	5	100	999	10	100.0	0.0
2026-07-09T13:49:22.619	433	901	604	1143	2923	2854	3320	3650	3920	510	26.29	1018.59	49.21	248075	AS7341	flash	5	100	999	10	100.0	0.0
2026-07-09T13:49:24.633	433	901	604	1142	2923	2853	3320	3649	3919	510	26.3	1018.58	49.21	248824	AS7341	flash	5	100	999	10	100.0	0.0
2026-07-09T13:49:26.646	433	901	604	1142	2923	2854	3321	3650	3920	510	26.29	1018.64	49.22	249013	AS7341	flash	5	100	999	10	100.0	0.0
2026-07-09T13:49:28.664	433	901	604	1143	2923	2853	3320	3649	3919	510	26.3	1018.62	49.21	249013	AS7341	flash	5	100	999	10	100.0	0.0
2026-07-09T13:49:30.581	433	901	604	1142	2923	2853	3320	3650	3920	510	26.3	1018.62	49.21	249201	AS7341	flash	5	100	999	10	100.0	0.0
2026-07-09T13:49:32.597	433	901	604	1142	2922	2853	3320	3649	3919	510	26.29	1018.62	49.21	249768	AS7341	flash	5	100	999	10	100.0	0.0
2026-07-09T13:49:34.609	433	901	604	1143	2923	2853	3320	3649	3919	510	26.29	1018.59	49.2	250528	AS7341	flash	5	100	999	10	100.0	0.0
2026-07-09T13:49:36.634	433	901	604	1143	2923	2854	3321	3650	3920	510	26.29	1018.59	49.2	248075	AS7341	flash	5	100	999	10	100.0	0.0
2026-07-09T13:49:38.652	433	901	604	1143	2924	2854	3321	3650	3920	510	26.28	1018.6	49.2	248637	AS7341	flash	5	100	999	10	100.0	0.0
2026-07-09T13:49:40.667	433	901	604	1143	2924	2855	3322	3651	3921	510	26.29	1018.58	49.22	249013	AS7341	flash	5	100	999	10	100.0	0.0
2026-07-09T13:49:42.572	433	901	604	1142	2923	2854	3321	3650	3920	510	26.3	1018.59	49.19	249013	AS7341	flash	5	100	999	10	100.0	0.0
2026-07-09T13:49:44.593	433	901	604	1143	2924	2854	3321	3650	3921	510	26.29	1018.6	49.2	250147	AS7341	flash	5	100	999	10	100.0	0.0
2026-07-09T13:49:46.606	433	901	604	1143	2924	2854	3322	3650	3921	510	26.29	1018.62	49.18	249579	AS7341	flash	5	100	999	10	100.0	0.0
2026-07-09T13:49:48.615	433	901	604	1143	2924	2855	3322	3651	3921	510	26.28	1018.56	49.19	249579	AS7341	flash	5	100	999	10	100.0	0.0
2026-07-09T13:49:50.641	433	901	604	1143	2924	2855	3322	3651	3921	510	26.29	1018.59	49.2	249579	AS7341	flash	5	100	999	10	100.0	0.0
2026-07-09T13:49:52.555	433	901	604	1143	2924	2854	3321	3650	3920	510	26.29	1018.6	49.18	249957	AS7341	flash	5	100	999	10	100.0	0.0
2026-07-09T13:49:54.578	433	901	604	1143	2925	2855	3323	3652	3922	510	26.29	1018.6	49.18	250147	AS7341	flash	5	100	999	10	100.0	0.0
2026-07-09T13:49:56.590	433	901	604	1143	2925	2855	3323	3651	3922	510	26.29	1018.61	49.19	250910	AS7341	flash	5	100	999	10	100.0	0.0
2026-07-09T13:49:58.604	433	901	604	1143	2924	2855	3322	3651	3921	510	26.28	1018.58	49.19	248262	AS7341	flash	5	100	999	10	100.0	0.0
2026-07-09T13:50:00.622	433	901	604	1143	2924	2855	3322	3651	3921	510	26.29	1018.59	49.18	247702	AS7341	flash	5	100	999	10	100.0	0.0
2026-07-09T13:50:02.644	433	901	604	1143	2925	2855	3322	3651	3921	510	26.29	1018.62	49.2	248262	AS7341	flash	5	100	999	10	100.0	0.0
2026-07-09T13:50:04.659	433	901	604	1143	2924	2854	3321	3650	3920	510	26.28	1018.59	49.2	249768	AS7341	flash	5	100	999	10	100.0	0.0
2026-07-09T13:50:06.565	433	901	604	1143	2925	2856	3323	3652	3922	510	26.29	1018.59	49.18	250528	AS7341	flash	5	100	999	10	100.0	0.0
2026-07-09T13:50:08.587	433	901	604	1143	2925	2855	3322	3651	3921	510	26.28	1018.61	49.18	249957	AS7341	flash	5	100	999	10	100.0	0.0
2026-07-09T13:50:10.599	433	901	604	1143	2925	2856	3323	3651	3922	510	26.29	1018.59	49.2	250147	AS7341	flash	5	100	999	10	100.0	0.0
2026-07-09T13:50:12.612	433	901	604	1143	2925	2856	3323	3652	3923	510	26.28	1018.61	49.19	248637	AS7341	flash	5	100	999	10	100.0	0.0
2026-07-09T13:50:14.640	433	901	604	1143	2924	2855	3322	3651	3921	510	26.28	1018.62	49.18	248449	AS7341	flash	5	100	999	10	100.0	0.0
2026-07-09T13:50:16.665	433	901	604	1143	2925	2856	3323	3652	3922	510	26.29	1018.59	49.19	249390	AS7341	flash	5	100	999	10	100.0	0.0
2026-07-09T13:50:18.683	433	901	604	1143	2925	2856	3323	3652	3922	510	26.28	1018.58	49.19	249768	AS7341	flash	5	100	999	10	100.0	0.0
2026-07-09T13:50:20.587	433	901	604	1143	2925	2856	3323	3652	3922	510	26.29	1018.59	49.19	249768	AS7341	flash	5	100	999	10	100.0	0.0
2026-07-09T13:50:22.601	433	901	604	1143	2925	2856	3323	3652	3922	510	26.28	1018.59	49.17	249768	AS7341	flash	5	100	999	10	100.0	0.0
2026-07-09T13:50:24.619	433	901	604	1143	2926	2856	3324	3652	3923	510	26.28	1018.6	49.18	250147	AS7341	flash	5	100	999	10	100.0	0.0
2026-07-09T13:50:26.632	433	901	604	1143	2925	2856	3323	3652	3922	510	26.28	1018.6	49.19	248449	AS7341	flash	5	100	999	10	100.0	0.0
2026-07-09T13:50:28.647	433	901	604	1143	2925	2856	3323	3652	3922	510	26.28	1018.59	49.19	248262	AS7341	flash	5	100	999	10	100.0	0.0
2026-07-09T13:50:30.662	433	901	604	1143	2925	2856	3323	3651	3921	510	26.28	1018.61	49.2	250147	AS7341	flash	5	100	999	10	100.0	0.0
2026-07-09T13:50:32.673	433	901	604	1143	2925	2856	3323	3652	3922	510	26.28	1018.56	49.2	249390	AS7341	flash	5	100	999	10	100.0	0.0
2026-07-09T13:50:34.577	433	901	604	1143	2925	2856	3323	3651	3922	510	26.28	1018.61	49.19	250719	AS7341	flash	5	100	999	10	100.0	0.0
2026-07-09T13:50:36.588	433	901	604	1143	2925	2856	3323	3651	3922	510	26.27	1018.6	49.19	250147	AS7341	flash	5	100	999	10	100.0	0.0
2026-07-09T13:50:38.599	433	901	604	1143	2926	2856	3324	3652	3923	510	26.27	1018.59	49.19	249768	AS7341	flash	5	100	999	10	100.0	0.0
2026-07-09T13:50:40.617	433	901	604	1143	2926	2856	3324	3652	3922	510	26.27	1018.58	49.19	250147	AS7341	flash	5	100	999	10	100.0	0.0
2026-07-09T13:50:42.644	433	901	604	1143	2926	2856	3324	3652	3923	510	26.27	1018.58	49.2	250147	AS7341	flash	5	100	999	10	100.0	0.0
2026-07-09T13:50:44.659	433	901	604	1143	2926	2856	3324	3652	3922	510	26.27	1018.59	49.2	249768	AS7341	flash	5	100	999	10	100.0	0.0
2026-07-09T13:50:46.675	433	901	604	1143	2926	2857	3325	3653	3923	510	26.26	1018.61	49.19	249768	AS7341	flash	5	100	999	10	100.0	0.0
2026-07-09T13:50:48.589	433	901	604	1143	2926	2856	3323	3652	3922	510	26.27	1018.6	49.19	250528	AS7341	flash	5	100	999	10	100.0	0.0
2026-07-09T13:50:50.611	433	901	604	1143	2926	2857	3324	3653	3923	510	26.26	1018.58	49.19	250337	AS7341	flash	5	100	999	10	100.0	0.0
2026-07-09T13:50:52.629	433	901	604	1143	2925	2856	3324	3652	3922	510	26.26	1018.62	49.19	250528	AS7341	flash	5	100	999	10	100.0	0.0
2026-07-09T13:50:54.644	433	902	604	1144	2928	2858	3326	3654	3925	510	26.26	1018.6	49.19	249957	AS7341	flash	5	100	999	10	100.0	0.0
2026-07-09T13:50:56.664	433	901	604	1144	2926	2857	3324	3652	3923	510	26.26	1018.63	49.19	249768	AS7341	flash	5	100	999	10	100.0	0.0
2026-07-09T13:50:58.684	433	901	604	1143	2926	2857	3324	3652	3923	510	26.26	1018.6	49.19	248824	AS7341	flash	5	100	999	10	100.0	0.0
2026-07-09T13:51:00.593	433	901	604	1143	2925	2856	3323	3651	3922	510	26.27	1018.57	49.18	250528	AS7341	flash	5	100	999	10	100.0	0.0
2026-07-09T13:51:02.609	433	901	604	1144	2926	2857	3324	3652	3923	510	26.27	1018.59	49.17	249579	AS7341	flash	5	100	999	10	100.0	0.0
2026-07-09T13:51:04.624	433	901	604	1144	2926	2857	3324	3652	3923	510	26.26	1018.59	49.17	249579	AS7341	flash	5	100	999	10	100.0	0.0
2026-07-09T13:51:06.644	433	901	604	1143	2927	2858	3326	3654	3924	510	26.26	1018.59	49.16	250528	AS7341	flash	5	100	999	10	100.0	0.0
2026-07-09T13:51:08.669	433	901	604	1144	2927	2858	3326	3654	3924	510	26.26	1018.62	49.17	250719	AS7341	flash	5	100	999	10	100.0	0.0
2026-07-09T13:51:10.576	433	901	604	1143	2926	2857	3324	3652	3923	510	26.26	1018.63	49.16	250528	AS7341	flash	5	100	999	10	100.0	0.0
2026-07-09T13:51:12.596	433	901	604	1144	2927	2857	3325	3653	3924	510	26.26	1018.6	49.16	250147	AS7341	flash	5	100	999	10	100.0	0.0
2026-07-09T13:51:14.612	433	901	604	1144	2927	2858	3325	3653	3924	510	26.26	1018.62	49.15	250910	AS7341	flash	5	100	999	10	100.0	0.0
2026-07-09T13:51:16.639	433	901	604	1143	2927	2858	3325	3653	3924	510	26.26	1018.65	49.15	250528	AS7341	flash	5	100	999	10	100.0	0.0
2026-07-09T13:51:18.668	433	901	604	1143	2927	2858	3325	3653	3924	510	26.25	1018.57	49.15	250147	AS7341	flash	5	100	999	10	100.0	0.0
2026-07-09T13:51:20.677	433	901	604	1144	2927	2858	3325	3653	3924	510	26.25	1018.61	49.15	250528	AS7341	flash	5	100	999	10	100.0	0.0
2026-07-09T13:51:22.590	433	901	604	1143	2926	2857	3325	3653	3923	510	26.26	1018.62	49.14	250337	AS7341	flash	5	100	999	10	100.0	0.0
2026-07-09T13:51:24.611	433	901	604	1144	2927	2858	3326	3653	3924	510	26.25	1018.59	49.13	251677	AS7341	flash	5	100	999	10	100.0	0.0
2026-07-09T13:51:26.625	433	901	604	1144	2927	2858	3326	3654	3925	510	26.25	1018.61	49.14	250337	AS7341	flash	5	100	999	10	100.0	0.0
2026-07-09T13:51:28.647	433	901	604	1144	2927	2858	3326	3654	3925	510	26.25	1018.58	49.14	250147	AS7341	flash	5	100	999	10	100.0	0.0
2026-07-09T13:51:30.656	433	901	604	1144	2928	2858	3326	3654	3925	510	26.25	1018.59	49.14	251101	AS7341	flash	5	100	999	10	100.0	0.0
2026-07-09T13:51:32.672	433	901	604	1143	2928	2859	3326	3654	3925	510	26.25	1018.61	49.14	250147	AS7341	flash	5	100	999	10	100.0	0.0
2026-07-09T13:51:34.686	433	901	604	1144	2928	2859	3326	3654	3925	510	26.25	1018.6	49.15	250910	AS7341	flash	5	100	999	10	100.0	0.0
2026-07-09T13:51:36.597	433	901	604	1144	2928	2859	3327	3654	3925	510	26.26	1018.58	49.14	251292	AS7341	flash	5	100	999	10	100.0	0.0
2026-07-09T13:51:38.610	433	901	604	1144	2928	2858	3326	3653	3925	510	26.24	1018.61	49.13	250147	AS7341	flash	5	100	999	10	100.0	0.0
2026-07-09T13:51:40.628	433	901	604	1144	2928	2859	3326	3654	3925	510	26.25	1018.63	49.13	250337	AS7341	flash	5	100	999	10	100.0	0.0
2026-07-09T13:51:42.640	433	901	604	1144	2928	2859	3327	3654	3925	510	26.24	1018.62	49.15	250910	AS7341	flash	5	100	999	10	100.0	0.0
2026-07-09T13:51:44.663	433	901	604	1144	2927	2858	3326	3653	3924	510	26.24	1018.62	49.13	250528	AS7341	flash	5	100	999	10	100.0	0.0
2026-07-09T13:51:46.678	433	901	604	1144	2928	2859	3327	3654	3925	510	26.24	1018.62	49.16	250910	AS7341	flash	5	100	999	10	100.0	0.0
2026-07-09T13:51:48.695	433	901	604	1144	2928	2859	3326	3654	3925	510	26.24	1018.63	49.14	250147	AS7341	flash	5	100	999	10	100.0	0.0
2026-07-09T13:51:50.602	433	901	604	1143	2927	2858	3326	3653	3924	510	26.25	1018.62	49.14	251292	AS7341	flash	5	100	999	10	100.0	0.0
2026-07-09T13:51:52.622	433	901	604	1144	2928	2859	3326	3654	3925	510	26.24	1018.59	49.12	250337	AS7341	flash	5	100	999	10	100.0	0.0
2026-07-09T13:51:54.645	433	901	604	1144	2928	2859	3327	3655	3926	510	26.24	1018.61	49.14	250337	AS7341	flash	5	100	999	10	100.0	0.0
2026-07-09T13:51:56.672	433	901	604	1144	2929	2860	3328	3655	3926	510	26.24	1018.6	49.15	251292	AS7341	flash	5	100	999	10	100.0	0.0
2026-07-09T13:51:58.689	433	901	604	1144	2928	2859	3326	3654	3924	510	26.24	1018.62	49.13	251292	AS7341	flash	5	100	999	10	100.0	0.0
2026-07-09T13:52:00.595	433	901	604	1143	2928	2859	3326	3653	3924	510	26.24	1018.61	49.13	252836	AS7341	flash	5	100	999	10	100.0	0.0
2026-07-09T13:52:02.608	433	901	604	1144	2928	2859	3326	3653	3925	510	26.24	1018.61	49.15	251484	AS7341	flash	5	100	999	10	100.0	0.0
2026-07-09T13:52:04.625	433	901	604	1144	2928	2859	3327	3654	3926	510	26.24	1018.58	49.14	251292	AS7341	flash	5	100	999	10	100.0	0.0
2026-07-09T13:52:06.640	433	901	604	1144	2929	2860	3328	3655	3926	510	26.23	1018.62	49.15	251101	AS7341	flash	5	100	999	10	100.0	0.0
2026-07-09T13:52:08.653	433	901	604	1144	2928	2859	3326	3654	3924	510	26.24	1018.58	49.16	250528	AS7341	flash	5	100	999	10	100.0	0.0
2026-07-09T13:52:10.675	433	901	604	1144	2928	2860	3327	3654	3926	510	26.22	1018.58	49.14	251101	AS7341	flash	5	100	999	10	100.0	0.0
2026-07-09T13:52:12.690	433	901	604	1144	2929	2860	3328	3655	3926	511	26.23	1018.59	49.16	250910	AS7341	flash	5	100	999	10	100.0	0.0
2026-07-09T13:52:14.602	433	901	604	1144	2928	2859	3326	3653	3924	510	26.24	1018.59	49.15	250337	AS7341	flash	5	100	999	10	100.0	0.0
2026-07-09T13:52:16.615	433	901	604	1144	2928	2860	3327	3654	3926	510	26.24	1018.6	49.15	250910	AS7341	flash	5	100	999	10	100.0	0.0
2026-07-09T13:52:18.629	433	901	604	1144	2929	2860	3327	3654	3926	510	26.24	1018.61	49.15	251677	AS7341	flash	5	100	999	10	100.0	0.0
2026-07-09T13:52:20.644	433	901	604	1144	2929	2860	3328	3655	3926	511	26.23	1018.6	49.14	251292	AS7341	flash	5	100	999	10	100.0	0.0
2026-07-09T13:52:22.656	433	901	604	1144	2929	2860	3327	3654	3925	510	26.23	1018.59	49.13	251677	AS7341	flash	5	100	999	10	100.0	0.0
2026-07-09T13:52:24.667	433	901	604	1144	2929	2860	3328	3655	3927	510	26.23	1018.61	49.13	251869	AS7341	flash	5	100	999	10	100.0	0.0
2026-07-09T13:52:26.678	433	901	604	1144	2929	2860	3328	3655	3926	510	26.23	1018.61	49.13	251101	AS7341	flash	5	100	999	10	100.0	0.0
2026-07-09T13:52:28.696	433	901	604	1144	2928	2859	3327	3654	3925	510	26.23	1018.6	49.14	251292	AS7341	flash	5	100	999	10	100.0	0.0
2026-07-09T13:52:30.615	433	901	604	1144	2929	2860	3327	3654	3925	510	26.23	1018.57	49.14	251677	AS7341	flash	5	100	999	10	100.0	0.0
2026-07-09T13:52:32.642	433	901	604	1144	2930	2861	3329	3657	3928	511	26.22	1018.59	49.15	251869	AS7341	flash	5	100	999	10	100.0	0.0
2026-07-09T13:52:34.662	433	901	604	1144	2929	2861	3329	3655	3927	511	26.22	1018.61	49.14	252062	AS7341	flash	5	100	999	10	100.0	0.0
2026-07-09T13:52:36.687	434	901	604	1144	2930	2861	3329	3657	3928	511	26.22	1018.63	49.16	250147	AS7341	flash	5	100	999	10	100.0	0.0
2026-07-09T13:52:38.715	433	901	604	1144	2930	2861	3329	3656	3927	510	26.21	1018.6	49.15	251677	AS7341	flash	5	100	999	10	100.0	0.0
2026-07-09T13:52:40.627	433	901	604	1144	2929	2860	3329	3655	3927	511	26.21	1018.62	49.16	251677	AS7341	flash	5	100	999	10	100.0	0.0
2026-07-09T13:52:42.643	433	901	604	1144	2929	2861	3329	3655	3926	510	26.2	1018.6	49.15	251677	AS7341	flash	5	100	999	10	100.0	0.0
2026-07-09T13:52:44.653	433	901	604	1144	2930	2861	3329	3656	3927	511	26.21	1018.6	49.17	252448	AS7341	flash	5	100	999	10	100.0	0.0
2026-07-09T13:52:46.667	433	901	604	1144	2929	2860	3328	3655	3926	510	26.2	1018.59	49.17	250719	AS7341	flash	5	100	999	10	100.0	0.0
2026-07-09T13:52:48.689	433	901	604	1144	2929	2861	3328	3655	3926	510	26.2	1018.58	49.19	251101	AS7341	flash	5	100	999	10	100.0	0.0
2026-07-09T13:52:50.709	434	901	604	1144	2930	2861	3329	3656	3927	511	26.2	1018.59	49.18	251101	AS7341	flash	5	100	999	10	100.0	0.0
2026-07-09T13:52:52.613	433	901	604	1144	2929	2861	3329	3656	3927	511	26.21	1018.61	49.19	251869	AS7341	flash	5	100	999	10	100.0	0.0
2026-07-09T13:52:54.629	433	901	604	1144	2929	2861	3329	3656	3927	510	26.2	1018.58	49.17	252836	AS7341	flash	5	100	999	10	100.0	0.0
2026-07-09T13:52:56.646	433	901	604	1144	2930	2861	3329	3656	3927	511	26.19	1018.58	49.19	250528	AS7341	flash	5	100	999	10	100.0	0.0
2026-07-09T13:52:58.658	433	901	604	1144	2929	2860	3328	3655	3926	510	26.18	1018.54	49.2	250528	AS7341	flash	5	100	999	10	100.0	0.0
2026-07-09T13:53:00.684	433	901	604	1144	2929	2860	3329	3655	3926	510	26.19	1018.57	49.2	251484	AS7341	flash	5	100	999	10	100.0	0.0
2026-07-09T13:53:02.697	433	901	604	1144	2930	2862	3330	3657	3928	511	26.19	1018.57	49.2	250528	AS7341	flash	5	100	999	10	100.0	0.0
2026-07-09T13:53:04.616	433	901	604	1144	2929	2861	3329	3656	3927	511	26.19	1018.58	49.22	252448	AS7341	flash	5	100	999	10	100.0	0.0
2026-07-09T13:53:06.641	433	901	604	1144	2930	2862	3330	3657	3928	511	26.19	1018.59	49.21	251292	AS7341	flash	5	100	999	10	100.0	0.0
2026-07-09T13:53:08.662	433	901	604	1144	2930	2861	3329	3655	3926	510	26.18	1018.59	49.21	252062	AS7341	flash	5	100	999	10	100.0	0.0
2026-07-09T13:53:10.678	433	901	604	1144	2930	2861	3329	3656	3927	510	26.18	1018.57	49.23	250528	AS7341	flash	5	100	999	10	100.0	0.0
2026-07-09T13:53:12.693	433	901	604	1144	2930	2862	3330	3657	3928	511	26.18	1018.58	49.23	252448	AS7341	flash	5	100	999	10	100.0	0.0
2026-07-09T13:53:14.712	433	901	604	1144	2930	2862	3330	3657	3928	511	26.18	1018.59	49.22	250528	AS7341	flash	5	100	999	10	100.0	0.0
2026-07-09T13:53:16.624	433	901	604	1144	2930	2861	3329	3656	3927	511	26.19	1018.6	49.23	253419	AS7341	flash	5	100	999	10	100.0	0.0
2026-07-09T13:53:18.642	433	901	604	1144	2930	2861	3330	3656	3927	511	26.18	1018.59	49.23	252062	AS7341	flash	5	100	999	10	100.0	0.0
2026-07-09T13:53:20.663	433	901	604	1144	2930	2861	3329	3656	3927	511	26.19	1018.62	49.23	252642	AS7341	flash	5	100	999	10	100.0	0.0
2026-07-09T13:53:22.677	433	901	604	1144	2930	2862	3330	3657	3928	511	26.18	1018.59	49.23	252255	AS7341	flash	5	100	999	10	100.0	0.0
2026-07-09T13:53:24.692	433	900	604	1144	2930	2861	3330	3656	3928	511	26.18	1018.57	49.23	252448	AS7341	flash	5	100	999	10	100.0	0.0
2026-07-09T13:53:26.707	433	900	604	1144	2929	2861	3329	3655	3926	510	26.19	1018.57	49.25	251292	AS7341	flash	5	100	999	10	100.0	0.0
2026-07-09T13:53:28.611	433	901	604	1144	2930	2862	3330	3656	3928	511	26.19	1018.59	49.23	252062	AS7341	flash	5	100	999	10	100.0	0.0
2026-07-09T13:53:30.635	433	901	604	1145	2931	2862	3331	3658	3929	511	26.18	1018.59	49.23	252448	AS7341	flash	5	100	999	10	100.0	0.0
2026-07-09T13:53:32.665	433	901	604	1144	2931	2862	3331	3657	3928	511	26.18	1018.59	49.25	251484	AS7341	flash	5	100	999	10	100.0	0.0
2026-07-09T13:53:34.692	433	901	604	1144	2930	2862	3330	3657	3928	511	26.18	1018.57	49.26	251869	AS7341	flash	5	100	999	10	100.0	0.0
2026-07-09T13:53:36.716	434	901	604	1144	2931	2862	3331	3658	3928	511	26.18	1018.58	49.25	251869	AS7341	flash	5	100	999	10	100.0	0.0
2026-07-09T13:53:38.619	433	901	604	1144	2930	2862	3330	3657	3928	511	26.19	1018.61	49.25	253810	AS7341	flash	5	100	999	10	100.0	0.0
2026-07-09T13:53:40.639	433	901	604	1145	2930	2862	3330	3657	3928	511	26.18	1018.6	49.25	253030	AS7341	flash	5	100	999	10	100.0	0.0
2026-07-09T13:53:42.659	433	901	604	1144	2930	2861	3330	3656	3927	511	26.18	1018.59	49.26	252448	AS7341	flash	5	100	999	10	100.0	0.0
2026-07-09T13:53:44.678	433	901	604	1144	2930	2862	3330	3657	3928	511	26.18	1018.59	49.25	251292	AS7341	flash	5	100	999	10	100.0	0.0
2026-07-09T13:53:46.686	433	901	604	1144	2930	2862	3330	3657	3928	511	26.18	1018.55	49.25	252062	AS7341	flash	5	100	999	10	100.0	0.0
2026-07-09T13:53:48.701	433	901	604	1144	2930	2862	3330	3657	3928	511	26.19	1018.58	49.27	252448	AS7341	flash	5	100	999	10	100.0	0.0
2026-07-09T13:53:50.604	433	900	604	1144	2929	2861	3329	3656	3927	510	26.19	1018.58	49.24	251484	AS7341	flash	5	100	999	10	100.0	0.0
2026-07-09T13:53:52.626	434	901	604	1145	2931	2862	3331	3658	3929	511	26.18	1018.59	49.25	250528	AS7341	flash	5	100	999	10	100.0	0.0
2026-07-09T13:53:54.647	433	901	604	1145	2931	2862	3330	3657	3928	511	26.18	1018.59	49.24	252062	AS7341	flash	5	100	999	10	100.0	0.0
2026-07-09T13:53:56.667	433	901	604	1144	2931	2862	3331	3658	3928	511	26.18	1018.58	49.25	252448	AS7341	flash	5	100	999	10	100.0	0.0
2026-07-09T13:53:58.683	433	901	604	1144	2931	2862	3331	3658	3928	511	26.18	1018.61	49.25	252255	AS7341	flash	5	100	999	10	100.0	0.0
2026-07-09T13:54:00.697	433	901	604	1145	2931	2862	3331	3658	3928	511	26.18	1018.61	49.25	252062	AS7341	flash	5	100	999	10	100.0	0.0
2026-07-09T13:54:02.617	433	901	604	1144	2930	2861	3330	3656	3927	510	26.19	1018.56	49.25	252836	AS7341	flash	5	100	999	10	100.0	0.0
2026-07-09T13:54:04.634	434	901	604	1145	2931	2863	3331	3658	3929	511	26.18	1018.59	49.26	252255	AS7341	flash	5	100	999	10	100.0	0.0
2026-07-09T13:54:06.657	433	901	604	1144	2930	2862	3330	3657	3927	511	26.18	1018.61	49.27	254792	AS7341	flash	5	100	999	10	100.0	0.0
2026-07-09T13:54:08.679	433	901	604	1144	2930	2862	3330	3657	3928	511	26.18	1018.6	49.26	251101	AS7341	flash	5	100	999	10	100.0	0.0
2026-07-09T13:54:10.705	433	901	604	1145	2930	2862	3330	3657	3927	511	26.18	1018.61	49.26	251869	AS7341	flash	5	100	999	10	100.0	0.0
2026-07-09T13:54:12.608	433	901	604	1144	2930	2861	3330	3657	3927	511	26.19	1018.59	49.25	252836	AS7341	flash	5	100	999	10	100.0	0.0
2026-07-09T13:54:14.633	434	901	604	1144	2930	2862	3331	3657	3928	511	26.18	1018.58	49.25	252836	AS7341	flash	5	100	999	10	100.0	0.0
2026-07-09T13:54:16.650	433	900	604	1144	2930	2862	3330	3656	3927	511	26.17	1018.56	49.26	252836	AS7341	flash	5	100	999	10	100.0	0.0
2026-07-09T13:54:18.677	433	901	604	1144	2930	2862	3331	3657	3928	511	26.17	1018.57	49.26	252836	AS7341	flash	5	100	999	10	100.0	0.0
