timestamp	f1_415	f2_445	f3_480	f4_515	f5_555	f6_590	f7_630	f8_680	clear	nir	T	P	RH	Gas	model	mode	gain	atime	astep	led	pwm	led_V
2026-07-10T08:55:03.021	453	936	630	1167	3009	2960	3520	3874	4056	529	25.53	1018.62	58.64	179336	AS7341	flash	5	100	999	10	100.0	0.15
2026-07-10T08:55:05.114	453	938	630	1167	3008	2958	3519	3873	4056	529	25.54	1018.58	58.62	180107	AS7341	flash	5	100	999	10	100.0	0.15
2026-07-10T08:55:07.104	453	938	630	1167	3009	2959	3520	3872	4057	529	25.55	1018.61	58.59	182263	AS7341	flash	5	100	999	10	100.0	0.15
2026-07-10T08:55:09.095	453	938	630	1167	3009	2959	3519	3870	4053	529	25.56	1018.58	58.57	183461	AS7341	flash	5	100	999	10	100.0	0.15
2026-07-10T08:55:11.083	453	938	630	1167	3009	2959	3519	3870	4056	529	25.58	1018.6	58.54	184065	AS7341	flash	5	100	999	10	100.0	0.15
2026-07-10T08:55:13.071	453	939	630	1167	3010	2959	3518	3870	4055	529	25.59	1018.6	58.51	184878	AS7341	flash	5	100	999	10	100.0	0.15
2026-07-10T08:55:15.060	453	939	630	1167	3009	2958	3517	3868	4054	528	25.61	1018.6	58.49	185698	AS7341	flash	5	100	999	10	100.0	0.15
2026-07-10T08:55:17.047	453	939	630	1167	3009	2958	3517	3867	4054	529	25.62	1018.58	58.47	185274	AS7341	flash	5	100	999	10	100.0	0.15
2026-07-10T08:55:19.037	453	939	630	1168	3008	2957	3516	3865	4053	528	25.63	1018.58	58.44	185483	AS7341	flash	5	100	999	10	100.0	0.15
2026-07-10T08:55:21.027	453	939	631	1168	3011	2958	3516	3865	4055	528	25.64	1018.62	58.42	187063	AS7341	flash	5	100	999	10	100.0	0.15
2026-07-10T08:55:23.012	453	939	631	1168	3010	2958	3516	3865	4055	528	25.65	1018.6	58.39	187703	AS7341	flash	5	100	999	10	100.0	0.15
2026-07-10T08:55:25.102	453	940	631	1168	3011	2959	3516	3866	4055	528	25.66	1018.6	58.37	187489	AS7341	flash	5	100	999	10	100.0	0.15
2026-07-10T08:55:27.084	453	939	631	1168	3010	2959	3515	3863	4053	528	25.67	1018.6	58.35	188347	AS7341	flash	5	100	999	10	100.0	0.15
2026-07-10T08:55:29.072	453	939	631	1168	3012	2960	3516	3864	4054	528	25.69	1018.57	58.31	190086	AS7341	flash	5	100	999	10	100.0	0.15
2026-07-10T08:55:31.060	453	940	631	1169	3012	2960	3516	3864	4055	528	25.7	1018.62	58.29	189430	AS7341	flash	5	100	999	10	100.0	0.15
2026-07-10T08:55:33.047	453	940	631	1169	3012	2958	3515	3862	4054	528	25.72	1018.6	58.28	190526	AS7341	flash	5	100	999	10	100.0	0.15
2026-07-10T08:55:35.035	453	940	631	1169	3011	2958	3515	3862	4054	529	25.73	1018.62	58.23	191079	AS7341	flash	5	100	999	10	100.0	0.15
2026-07-10T08:55:37.026	453	940	631	1169	3012	2959	3514	3861	4054	528	25.75	1018.59	58.22	192306	AS7341	flash	5	100	999	10	100.0	0.15
2026-07-10T08:55:39.013	453	940	631	1169	3011	2958	3513	3859	4053	528	25.76	1018.59	58.19	192757	AS7341	flash	5	100	999	10	100.0	0.15
2026-07-10T08:55:41.106	453	941	631	1169	3012	2959	3514	3861	4055	529	25.76	1018.63	58.15	192757	AS7341	flash	5	100	999	10	100.0	0.15
2026-07-10T08:55:43.094	453	941	631	1169	3011	2959	3512	3858	4052	529	25.77	1018.61	58.14	192531	AS7341	flash	5	100	999	10	100.0	0.15
2026-07-10T08:55:45.076	453	941	631	1169	3011	2958	3511	3857	4051	529	25.79	1018.61	58.11	194464	AS7341	flash	5	100	999	10	100.0	0.15
2026-07-10T08:55:47.062	453	941	631	1169	3010	2958	3510	3856	4051	529	25.8	1018.61	58.08	195271	AS7341	flash	5	100	999	10	100.0	0.15
2026-07-10T08:55:49.048	453	941	631	1169	3011	2957	3509	3855	4051	529	25.81	1018.61	58.08	195271	AS7341	flash	5	100	999	10	100.0	0.15
2026-07-10T08:55:51.038	453	941	631	1169	3010	2957	3509	3854	4051	529	25.82	1018.6	58.03	194809	AS7341	flash	5	100	999	10	100.0	0.15
2026-07-10T08:55:53.035	453	941	631	1169	3009	2955	3508	3854	4050	529	25.84	1018.62	58.04	195503	AS7341	flash	5	100	999	10	100.0	0.15
2026-07-10T08:55:55.020	453	941	631	1169	3010	2955	3507	3854	4050	529	25.84	1018.62	58.0	195735	AS7341	flash	5	100	999	10	100.0	0.15
2026-07-10T08:55:57.107	453	942	632	1169	3011	2956	3508	3854	4050	529	25.85	1018.61	58.0	195851	AS7341	flash	5	100	999	10	100.0	0.15
2026-07-10T08:55:59.094	453	942	632	1169	3009	2955	3506	3852	4049	529	25.86	1018.6	57.97	197377	AS7341	flash	5	100	999	10	100.0	0.15
2026-07-10T08:56:01.079	453	942	631	1169	3009	2955	3505	3851	4048	528	25.88	1018.62	57.97	198328	AS7341	flash	5	100	999	10	100.0	0.15
2026-07-10T08:56:03.065	453	942	631	1169	3009	2955	3506	3852	4050	529	25.89	1018.61	57.94	197496	AS7341	flash	5	100	999	10	100.0	0.15
2026-07-10T08:56:05.058	453	942	632	1169	3009	2954	3505	3851	4049	529	25.89	1018.6	57.91	198927	AS7341	flash	5	100	999	10	100.0	0.15
2026-07-10T08:56:07.053	453	942	632	1169	3009	2954	3504	3849	4047	528	25.91	1018.59	57.9	197852	AS7341	flash	5	100	999	10	100.0	0.15
2026-07-10T08:56:09.039	453	942	633	1169	3008	2953	3504	3849	4047	528	25.92	1018.61	57.88	198807	AS7341	flash	5	100	999	10	100.0	0.15
2026-07-10T08:56:11.026	453	943	633	1169	3010	2953	3504	3849	4048	528	25.93	1018.64	57.87	199409	AS7341	flash	5	100	999	10	100.0	0.15
2026-07-10T08:56:13.015	453	943	633	1169	3010	2955	3504	3849	4048	528	25.94	1018.63	57.84	200014	AS7341	flash	5	100	999	10	100.0	0.15
2026-07-10T08:56:15.100	453	943	633	1169	3009	2953	3503	3848	4046	528	25.94	1018.59	57.82	199288	AS7341	flash	5	100	999	10	100.0	0.15
2026-07-10T08:56:17.089	453	943	633	1169	3008	2952	3502	3846	4047	528	25.96	1018.63	57.81	200502	AS7341	flash	5	100	999	10	100.0	0.15
2026-07-10T08:56:19.080	453	943	633	1169	3008	2953	3501	3846	4046	528	25.98	1018.61	57.78	200991	AS7341	flash	5	100	999	10	100.0	0.15
2026-07-10T08:56:21.065	453	943	633	1169	3009	2953	3501	3846	4047	528	25.99	1018.59	57.78	200991	AS7341	flash	5	100	999	10	100.0	0.15
2026-07-10T08:56:23.050	453	943	633	1169	3009	2953	3502	3847	4047	528	26.0	1018.61	57.75	201237	AS7341	flash	5	100	999	10	100.0	0.15
2026-07-10T08:56:25.036	453	943	633	1169	3008	2952	3500	3845	4045	528	26.01	1018.64	57.74	201606	AS7341	flash	5	100	999	10	100.0	0.15
2026-07-10T08:56:27.019	453	943	632	1169	3007	2952	3500	3845	4045	528	26.02	1018.61	57.71	201483	AS7341	flash	5	100	999	10	100.0	0.15
2026-07-10T08:56:29.012	453	943	633	1169	3008	2952	3500	3844	4045	528	26.02	1018.6	57.67	202723	AS7341	flash	5	100	999	10	100.0	0.15
2026-07-10T08:56:31.105	453	944	633	1169	3010	2953	3501	3845	4046	528	26.04	1018.63	57.67	202225	AS7341	flash	5	100	999	10	100.0	0.15
2026-07-10T08:56:33.089	453	943	633	1169	3008	2951	3499	3844	4044	528	26.06	1018.57	57.64	202848	AS7341	flash	5	100	999	10	100.0	0.15
2026-07-10T08:56:35.080	453	944	633	1169	3009	2951	3499	3844	4044	528	26.07	1018.62	57.63	202973	AS7341	flash	5	100	999	10	100.0	0.15
2026-07-10T08:56:37.066	453	944	633	1169	3008	2952	3498	3843	4045	528	26.08	1018.62	57.59	202973	AS7341	flash	5	100	999	10	100.0	0.15
2026-07-10T08:56:39.051	453	944	633	1169	3008	2950	3497	3842	4044	528	26.09	1018.6	57.56	203726	AS7341	flash	5	100	999	10	100.0	0.15
2026-07-10T08:56:41.036	453	944	633	1170	3009	2951	3498	3842	4044	528	26.1	1018.59	57.55	203726	AS7341	flash	5	100	999	10	100.0	0.15
2026-07-10T08:56:43.027	453	944	633	1169	3007	2950	3498	3841	4044	528	26.11	1018.63	57.53	203726	AS7341	flash	5	100	999	10	100.0	0.15
2026-07-10T08:56:45.113	453	944	633	1170	3008	2951	3497	3841	4043	527	26.11	1018.6	57.5	204358	AS7341	flash	5	100	999	10	100.0	0.15
2026-07-10T08:56:47.099	453	944	633	1169	3009	2951	3497	3842	4044	528	26.14	1018.62	57.49	204739	AS7341	flash	5	100	999	10	100.0	0.15
2026-07-10T08:56:49.084	452	944	633	1169	3006	2948	3494	3838	4041	527	26.15	1018.65	57.45	204739	AS7341	flash	5	100	999	10	100.0	0.15
2026-07-10T08:56:51.071	453	944	634	1169	3008	2948	3495	3839	4042	527	26.16	1018.61	57.45	204485	AS7341	flash	5	100	999	10	100.0	0.15
2026-07-10T08:56:53.069	453	945	634	1169	3007	2948	3494	3838	4041	527	26.17	1018.62	57.43	204994	AS7341	flash	5	100	999	10	100.0	0.15
2026-07-10T08:56:55.052	454	945	633	1169	3006	2948	3494	3838	4041	527	26.17	1018.62	57.4	206020	AS7341	flash	5	100	999	10	100.0	0.15
2026-07-10T08:56:57.042	453	945	634	1169	3007	2949	3494	3837	4041	527	26.18	1018.64	57.39	206020	AS7341	flash	5	100	999	10	100.0	0.15
2026-07-10T08:56:59.037	453	945	634	1170	3008	2950	3495	3838	4043	527	26.19	1018.61	57.37	207056	AS7341	flash	5	100	999	10	100.0	0.15
2026-07-10T08:57:01.020	453	945	634	1169	3007	2947	3493	3836	4041	527	26.2	1018.61	57.36	206020	AS7341	flash	5	100	999	10	100.0	0.15
2026-07-10T08:57:03.108	453	945	634	1169	3007	2948	3492	3836	4041	527	26.2	1018.63	57.34	205763	AS7341	flash	5	100	999	10	100.0	0.15
2026-07-10T08:57:05.096	453	945	634	1170	3007	2948	3493	3836	4041	527	26.22	1018.65	57.32	206926	AS7341	flash	5	100	999	10	100.0	0.15
2026-07-10T08:57:07.082	453	946	634	1170	3007	2948	3492	3835	4041	527	26.23	1018.62	57.31	206537	AS7341	flash	5	100	999	10	100.0	0.15
2026-07-10T08:57:09.073	454	946	634	1170	3007	2947	3491	3834	4040	527	26.24	1018.61	57.28	206796	AS7341	flash	5	100	999	10	100.0	0.15
2026-07-10T08:57:11.057	454	945	634	1169	3006	2947	3490	3833	4039	527	26.25	1018.66	57.28	207578	AS7341	flash	5	100	999	10	100.0	0.15
2026-07-10T08:57:13.048	453	946	634	1169	3007	2945	3490	3834	4039	527	26.25	1018.62	57.25	207448	AS7341	flash	5	100	999	10	100.0	0.15
2026-07-10T08:57:15.028	454	946	634	1169	3006	2946	3489	3833	4038	527	26.26	1018.63	57.24	207317	AS7341	flash	5	100	999	10	100.0	0.15
2026-07-10T08:57:17.014	453	946	634	1169	3005	2946	3489	3833	4038	527	26.27	1018.66	57.23	208895	AS7341	flash	5	100	999	10	100.0	0.15
2026-07-10T08:57:19.109	454	946	634	1169	3006	2945	3488	3832	4037	527	26.27	1018.61	57.21	207972	AS7341	flash	5	100	999	10	100.0	0.15
2026-07-10T08:57:21.095	453	946	634	1169	3005	2944	3487	3831	4036	527	26.28	1018.65	57.19	208366	AS7341	flash	5	100	999	10	100.0	0.15
2026-07-10T08:57:23.080	452	946	634	1169	3005	2943	3486	3830	4036	527	26.3	1018.66	57.17	208103	AS7341	flash	5	100	999	10	100.0	0.15
2026-07-10T08:57:25.069	453	946	634	1169	3004	2943	3486	3830	4035	527	26.3	1018.66	57.17	209160	AS7341	flash	5	100	999	10	100.0	0.15
2026-07-10T08:57:27.053	453	947	634	1169	3005	2942	3485	3830	4035	527	26.31	1018.64	57.13	209426	AS7341	flash	5	100	999	10	100.0	0.15
2026-07-10T08:57:29.042	453	947	634	1169	3004	2942	3484	3828	4034	526	26.31	1018.65	57.11	209426	AS7341	flash	5	100	999	10	100.0	0.15
2026-07-10T08:57:31.030	453	947	634	1169	3003	2942	3484	3827	4033	526	26.33	1018.65	57.09	210497	AS7341	flash	5	100	999	10	100.0	0.15
2026-07-10T08:57:33.019	453	947	634	1169	3004	2942	3484	3828	4035	527	26.33	1018.65	57.08	210767	AS7341	flash	5	100	999	10	100.0	0.15
2026-07-10T08:57:35.011	452	947	634	1169	3004	2941	3484	3828	4035	526	26.35	1018.65	57.09	210767	AS7341	flash	5	100	999	10	100.0	0.15
2026-07-10T08:57:37.097	453	947	634	1169	3003	2941	3483	3826	4033	526	26.34	1018.65	57.07	209693	AS7341	flash	5	100	999	10	100.0	0.15
2026-07-10T08:57:39.092	453	947	634	1169	3004	2942	3483	3826	4034	526	26.36	1018.65	57.07	211307	AS7341	flash	5	100	999	10	100.0	0.15
2026-07-10T08:57:41.081	453	948	635	1169	3003	2941	3482	3825	4033	526	26.37	1018.67	57.04	211579	AS7341	flash	5	100	999	10	100.0	0.15
2026-07-10T08:57:43.067	453	948	634	1169	3003	2939	3481	3825	4032	526	26.38	1018.65	57.01	212124	AS7341	flash	5	100	999	10	100.0	0.15
2026-07-10T08:57:45.060	453	948	634	1169	3003	2940	3481	3825	4032	526	26.39	1018.65	57.0	211037	AS7341	flash	5	100	999	10	100.0	0.15
2026-07-10T08:57:47.051	453	948	634	1168	3002	2939	3481	3824	4031	526	26.4	1018.68	56.97	210363	AS7341	flash	5	100	999	10	100.0	0.15
2026-07-10T08:57:49.044	453	948	634	1169	3001	2938	3480	3822	4030	526	26.41	1018.67	56.95	211579	AS7341	flash	5	100	999	10	100.0	0.15
2026-07-10T08:57:51.032	453	948	635	1169	3000	2938	3480	3822	4030	526	26.42	1018.65	56.94	211307	AS7341	flash	5	100	999	10	100.0	0.15
2026-07-10T08:57:53.022	453	948	635	1168	3001	2938	3479	3821	4029	526	26.42	1018.65	56.93	211715	AS7341	flash	5	100	999	10	100.0	0.15
2026-07-10T08:57:55.113	453	948	635	1168	3001	2938	3479	3822	4030	526	26.43	1018.68	56.92	212535	AS7341	flash	5	100	999	10	100.0	0.15
2026-07-10T08:57:57.093	453	949	635	1169	3001	2937	3477	3820	4029	526	26.44	1018.65	56.9	211851	AS7341	flash	5	100	999	10	100.0	0.15
2026-07-10T08:57:59.082	453	949	635	1168	3001	2936	3477	3821	4030	526	26.44	1018.61	56.89	213499	AS7341	flash	5	100	999	10	100.0	0.15
2026-07-10T08:58:01.078	453	949	635	1169	2999	2935	3477	3820	4028	526	26.45	1018.65	56.87	213499	AS7341	flash	5	100	999	10	100.0	0.15
2026-07-10T08:58:03.063	453	949	635	1168	2999	2936	3476	3818	4027	526	26.47	1018.66	56.85	213638	AS7341	flash	5	100	999	10	100.0	0.15
2026-07-10T08:58:05.052	453	949	635	1168	3000	2937	3477	3819	4029	526	26.48	1018.65	56.83	212672	AS7341	flash	5	100	999	10	100.0	0.15
2026-07-10T08:58:07.034	453	949	635	1168	2998	2934	3475	3817	4026	526	26.49	1018.66	56.81	214054	AS7341	flash	5	100	999	10	100.0	0.15
2026-07-10T08:58:09.025	453	949	635	1168	2998	2934	3474	3817	4025	526	26.49	1018.65	56.81	214193	AS7341	flash	5	100	999	10	100.0	0.15
2026-07-10T08:58:11.014	453	949	634	1168	2999	2935	3475	3817	4026	526	26.5	1018.66	56.78	213499	AS7341	flash	5	100	999	10	100.0	0.15
2026-07-10T08:58:13.103	453	950	634	1169	2999	2935	3475	3817	4027	526	26.5	1018.69	56.77	213638	AS7341	flash	5	100	999	10	100.0	0.15
2026-07-10T08:58:15.088	453	949	635	1168	2998	2933	3472	3815	4026	525	26.51	1018.66	56.77	214892	AS7341	flash	5	100	999	10	100.0	0.15
2026-07-10T08:58:17.077	453	949	635	1168	2997	2933	3472	3814	4023	525	26.51	1018.65	56.74	214612	AS7341	flash	5	100	999	10	100.0	0.15
2026-07-10T08:58:19.061	453	950	635	1168	2998	2933	3471	3814	4024	526	26.52	1018.68	56.74	215173	AS7341	flash	5	100	999	10	100.0	0.15
2026-07-10T08:58:21.051	453	949	635	1168	2996	2932	3470	3812	4023	525	26.52	1018.62	56.71	213776	AS7341	flash	5	100	999	10	100.0	0.15
2026-07-10T08:58:23.043	453	949	635	1168	2997	2932	3471	3813	4024	525	26.53	1018.66	56.71	214054	AS7341	flash	5	100	999	10	100.0	0.15
2026-07-10T08:58:25.029	453	950	635	1168	2997	2932	3470	3813	4023	526	26.55	1018.67	56.69	215455	AS7341	flash	5	100	999	10	100.0	0.15
2026-07-10T08:58:27.015	453	950	635	1168	2997	2931	3470	3812	4024	525	26.55	1018.66	56.69	215314	AS7341	flash	5	100	999	10	100.0	0.15
2026-07-10T08:58:29.101	453	950	635	1168	2997	2932	3470	3812	4023	526	26.55	1018.66	56.67	215314	AS7341	flash	5	100	999	10	100.0	0.15
2026-07-10T08:58:31.077	453	950	634	1168	2996	2930	3470	3812	4023	526	26.56	1018.69	56.65	215737	AS7341	flash	5	100	999	10	100.0	0.15
2026-07-10T08:58:33.059	453	950	634	1168	2996	2931	3469	3810	4022	526	26.58	1018.66	56.65	216304	AS7341	flash	5	100	999	10	100.0	0.15
2026-07-10T08:58:35.034	453	951	634	1168	2995	2930	3468	3810	4021	525	26.58	1018.65	56.61	216020	AS7341	flash	5	100	999	10	100.0	0.15
2026-07-10T08:58:37.018	453	950	634	1168	2996	2930	3468	3810	4021	526	26.59	1018.61	56.6	216304	AS7341	flash	5	100	999	10	100.0	0.15
2026-07-10T08:58:39.108	453	951	634	1168	2996	2930	3468	3810	4021	525	26.59	1018.68	56.59	217159	AS7341	flash	5	100	999	10	100.0	0.15
2026-07-10T08:58:41.094	453	951	634	1168	2995	2928	3467	3808	4020	526	26.6	1018.67	56.56	216873	AS7341	flash	5	100	999	10	100.0	0.15
2026-07-10T08:58:43.081	453	951	634	1168	2995	2928	3466	3809	4021	526	26.61	1018.63	56.53	216020	AS7341	flash	5	100	999	10	100.0	0.15
2026-07-10T08:58:45.066	453	951	634	1168	2994	2928	3466	3807	4019	526	26.62	1018.64	56.53	217446	AS7341	flash	5	100	999	10	100.0	0.15
2026-07-10T08:58:47.038	453	951	634	1167	2995	2929	3466	3807	4021	526	26.63	1018.64	56.49	216304	AS7341	flash	5	100	999	10	100.0	0.15
2026-07-10T08:58:49.028	453	951	634	1168	2994	2928	3465	3806	4019	526	26.63	1018.64	56.48	217734	AS7341	flash	5	100	999	10	100.0	0.15
2026-07-10T08:58:51.105	453	951	635	1168	2994	2928	3465	3807	4019	526	26.64	1018.67	56.46	216588	AS7341	flash	5	100	999	10	100.0	0.15
2026-07-10T08:58:53.081	453	951	635	1168	2994	2927	3464	3806	4019	526	26.65	1018.67	56.44	217734	AS7341	flash	5	100	999	10	100.0	0.15
2026-07-10T08:58:55.054	453	951	634	1167	2994	2927	3464	3806	4018	525	26.66	1018.64	56.43	217734	AS7341	flash	5	100	999	10	100.0	0.15
2026-07-10T08:58:57.038	453	952	635	1168	2995	2928	3464	3806	4019	526	26.66	1018.68	56.42	219183	AS7341	flash	5	100	999	10	100.0	0.15
2026-07-10T08:58:59.013	453	952	635	1168	2994	2927	3464	3805	4019	526	26.66	1018.65	56.41	218022	AS7341	flash	5	100	999	10	100.0	0.15
2026-07-10T08:59:01.102	453	952	635	1168	2995	2927	3465	3806	4019	526	26.67	1018.67	56.38	218311	AS7341	flash	5	100	999	10	100.0	0.15
2026-07-10T08:59:03.088	453	952	635	1168	2994	2927	3463	3804	4018	526	26.68	1018.7	56.36	218022	AS7341	flash	5	100	999	10	100.0	0.15
2026-07-10T08:59:05.069	453	952	635	1168	2993	2926	3463	3803	4017	526	26.7	1018.7	56.36	218022	AS7341	flash	5	100	999	10	100.0	0.15
2026-07-10T08:59:07.052	453	952	635	1167	2993	2926	3462	3803	4017	526	26.7	1018.67	56.35	218891	AS7341	flash	5	100	999	10	100.0	0.15
2026-07-10T08:59:09.029	453	952	635	1168	2993	2924	3462	3803	4016	526	26.71	1018.68	56.32	218746	AS7341	flash	5	100	999	10	100.0	0.15
2026-07-10T08:59:11.022	453	952	635	1167	2992	2925	3461	3801	4015	525	26.71	1018.66	56.31	219621	AS7341	flash	5	100	999	10	100.0	0.15
2026-07-10T08:59:13.015	453	952	635	1167	2992	2924	3459	3800	4015	525	26.72	1018.7	56.31	218891	AS7341	flash	5	100	999	10	100.0	0.15
2026-07-10T08:59:15.099	453	952	635	1168	2993	2925	3461	3801	4015	525	26.72	1018.68	56.31	219621	AS7341	flash	5	100	999	10	100.0	0.15
2026-07-10T08:59:17.092	453	952	635	1167	2991	2924	3459	3800	4014	524	26.73	1018.69	56.3	219621	AS7341	flash	5	100	999	10	100.0	0.15
2026-07-10T08:59:19.088	453	952	635	1168	2991	2923	3459	3801	4015	525	26.74	1018.72	56.3	219329	AS7341	flash	5	100	999	10	100.0	0.15
2026-07-10T08:59:21.101	453	952	635	1167	2992	2924	3460	3800	4014	525	26.75	1018.71	56.32	219329	AS7341	flash	5	100	999	10	100.0	0.15
2026-07-10T08:59:23.097	453	953	635	1167	2991	2924	3458	3800	4013	525	26.75	1018.67	56.32	219037	AS7341	flash	5	100	999	10	100.0	0.15
2026-07-10T08:59:25.079	453	952	635	1167	2991	2923	3458	3799	4013	524	26.76	1018.68	56.33	221244	AS7341	flash	5	100	999	10	100.0	0.15
2026-07-10T08:59:27.063	453	953	635	1167	2991	2923	3458	3799	4014	525	26.77	1018.73	56.32	220061	AS7341	flash	5	100	999	10	100.0	0.15
2026-07-10T08:59:29.052	453	953	635	1167	2991	2923	3458	3799	4014	525	26.78	1018.68	56.34	219914	AS7341	flash	5	100	999	10	100.0	0.15
2026-07-10T08:59:31.042	453	953	635	1167	2991	2923	3457	3799	4013	525	26.78	1018.69	56.35	220061	AS7341	flash	5	100	999	10	100.0	0.15
2026-07-10T08:59:33.027	453	953	635	1167	2989	2921	3456	3797	4012	525	26.8	1018.71	56.35	219621	AS7341	flash	5	100	999	10	100.0	0.15
2026-07-10T08:59:35.016	453	953	635	1167	2990	2922	3456	3797	4012	525	26.8	1018.69	56.36	220061	AS7341	flash	5	100	999	10	100.0	0.15
2026-07-10T08:59:37.096	453	953	635	1167	2990	2922	3455	3797	4012	525	26.79	1018.68	56.37	219914	AS7341	flash	5	100	999	10	100.0	0.15
2026-07-10T08:59:39.075	453	953	635	1167	2990	2921	3455	3797	4012	525	26.81	1018.68	56.36	220651	AS7341	flash	5	100	999	10	100.0	0.15
2026-07-10T08:59:41.050	453	953	635	1167	2989	2921	3454	3796	4010	525	26.81	1018.71	56.36	222139	AS7341	flash	5	100	999	10	100.0	0.15
2026-07-10T08:59:43.034	453	954	635	1167	2988	2921	3455	3796	4011	525	26.82	1018.69	56.34	219329	AS7341	flash	5	100	999	10	100.0	0.15
2026-07-10T08:59:45.030	453	953	635	1167	2988	2920	3453	3795	4010	525	26.83	1018.66	56.34	220503	AS7341	flash	5	100	999	10	100.0	0.15
2026-07-10T08:59:47.108	453	954	635	1167	2990	2921	3455	3797	4011	525	26.83	1018.71	56.32	220061	AS7341	flash	5	100	999	10	100.0	0.15
2026-07-10T08:59:49.080	453	954	635	1167	2989	2920	3455	3796	4011	525	26.84	1018.7	56.31	220356	AS7341	flash	5	100	999	10	100.0	0.15
2026-07-10T08:59:51.061	453	954	635	1167	2989	2920	3453	3795	4010	525	26.85	1018.66	56.29	220651	AS7341	flash	5	100	999	10	100.0	0.15
2026-07-10T08:59:53.042	453	954	635	1167	2988	2919	3452	3794	4009	525	26.86	1018.7	56.28	221542	AS7341	flash	5	100	999	10	100.0	0.15
2026-07-10T08:59:55.017	453	954	635	1167	2988	2919	3452	3794	4009	525	26.86	1018.69	56.27	221096	AS7341	flash	5	100	999	10	100.0	0.15
2026-07-10T08:59:57.096	453	954	635	1167	2987	2918	3451	3793	4008	525	26.87	1018.67	56.26	222289	AS7341	flash	5	100	999	10	100.0	0.15
2026-07-10T08:59:59.071	453	954	635	1166	2987	2918	3451	3792	4007	525	26.88	1018.71	56.25	220651	AS7341	flash	5	100	999	10	100.0	0.15
2026-07-10T09:00:01.052	453	954	635	1166	2985	2916	3450	3791	4007	524	26.88	1018.7	56.24	221840	AS7341	flash	5	100	999	10	100.0	0.15
2026-07-10T09:00:03.038	453	954	635	1166	2987	2918	3450	3792	4007	525	26.9	1018.7	56.21	221244	AS7341	flash	5	100	999	10	100.0	0.15
2026-07-10T09:00:05.026	453	954	635	1166	2987	2917	3450	3791	4007	525	26.9	1018.71	56.22	222139	AS7341	flash	5	100	999	10	100.0	0.15
2026-07-10T09:00:07.016	453	955	636	1167	2985	2915	3449	3790	4006	524	26.91	1018.68	56.18	223193	AS7341	flash	5	100	999	10	100.0	0.15
2026-07-10T09:00:09.102	453	955	636	1166	2987	2918	3451	3793	4008	525	26.9	1018.69	56.18	221244	AS7341	flash	5	100	999	10	100.0	0.15
2026-07-10T09:00:11.098	453	954	636	1167	2986	2916	3449	3790	4006	524	26.91	1018.7	56.17	222139	AS7341	flash	5	100	999	10	100.0	0.15
2026-07-10T09:00:13.085	453	954	636	1167	2986	2915	3449	3790	4006	524	26.92	1018.69	56.16	221840	AS7341	flash	5	100	999	10	100.0	0.15
2026-07-10T09:00:15.070	453	955	636	1167	2986	2916	3448	3790	4006	524	26.92	1018.63	56.14	223042	AS7341	flash	5	100	999	10	100.0	0.15
2026-07-10T09:00:17.060	453	954	636	1166	2986	2916	3448	3789	4005	524	26.93	1018.69	56.12	222439	AS7341	flash	5	100	999	10	100.0	0.15
2026-07-10T09:00:19.046	453	955	636	1167	2986	2916	3448	3790	4005	524	26.94	1018.65	56.11	222590	AS7341	flash	5	100	999	10	100.0	0.15
2026-07-10T09:00:21.029	453	955	635	1166	2986	2916	3447	3789	4005	524	26.95	1018.66	56.1	222439	AS7341	flash	5	100	999	10	100.0	0.15
2026-07-10T09:00:23.019	453	955	636	1167	2985	2915	3447	3789	4005	524	26.95	1018.66	56.09	224563	AS7341	flash	5	100	999	10	100.0	0.15
2026-07-10T09:00:25.110	453	955	636	1167	2984	2915	3446	3788	4004	524	26.94	1018.64	56.08	222740	AS7341	flash	5	100	999	10	100.0	0.15
2026-07-10T09:00:27.101	453	955	636	1167	2985	2915	3447	3788	4004	524	26.96	1018.66	56.07	224410	AS7341	flash	5	100	999	10	100.0	0.15
2026-07-10T09:00:29.090	452	955	636	1166	2985	2914	3446	3787	4004	524	26.97	1018.67	56.06	223042	AS7341	flash	5	100	999	10	100.0	0.15
2026-07-10T09:00:31.074	453	955	636	1166	2985	2914	3446	3787	4004	524	26.97	1018.66	56.05	223345	AS7341	flash	5	100	999	10	100.0	0.15
2026-07-10T09:00:33.063	453	956	636	1167	2985	2915	3446	3787	4004	524	26.98	1018.67	56.04	223193	AS7341	flash	5	100	999	10	100.0	0.15
2026-07-10T09:00:35.052	453	955	636	1166	2984	2914	3445	3786	4003	524	26.99	1018.63	56.03	224563	AS7341	flash	5	100	999	10	100.0	0.15
2026-07-10T09:00:37.035	453	955	636	1166	2983	2913	3445	3786	4003	524	26.99	1018.64	56.02	223952	AS7341	flash	5	100	999	10	100.0	0.15
2026-07-10T09:00:39.030	453	956	636	1166	2984	2913	3444	3785	4002	524	26.99	1018.67	56.0	224257	AS7341	flash	5	100	999	10	100.0	0.15
2026-07-10T09:00:41.022	453	956	636	1165	2984	2913	3444	3785	4002	524	27.0	1018.67	56.0	224410	AS7341	flash	5	100	999	10	100.0	0.15
2026-07-10T09:00:43.108	453	956	636	1167	2984	2914	3445	3786	4003	524	27.0	1018.66	55.98	223345	AS7341	flash	5	100	999	10	100.0	0.15
2026-07-10T09:00:45.096	453	956	636	1165	2984	2913	3445	3786	4003	524	27.0	1018.64	55.99	223345	AS7341	flash	5	100	999	10	100.0	0.15
2026-07-10T09:00:47.083	453	956	636	1165	2984	2913	3444	3785	4002	524	27.02	1018.67	55.97	224104	AS7341	flash	5	100	999	10	100.0	0.15
2026-07-10T09:00:49.074	453	956	636	1165	2983	2913	3443	3784	4002	524	27.01	1018.64	55.97	224716	AS7341	flash	5	100	999	10	100.0	0.15
2026-07-10T09:00:51.058	453	956	636	1166	2983	2912	3442	3783	4001	524	27.03	1018.68	55.97	225485	AS7341	flash	5	100	999	10	100.0	0.15
2026-07-10T09:00:53.054	453	956	636	1165	2983	2912	3443	3783	4001	524	27.04	1018.67	55.95	223952	AS7341	flash	5	100	999	10	100.0	0.15
2026-07-10T09:00:55.041	453	956	636	1165	2983	2912	3442	3784	4001	524	27.04	1018.67	55.93	223800	AS7341	flash	5	100	999	10	100.0	0.15
2026-07-10T09:00:57.025	453	956	636	1165	2983	2912	3442	3783	4001	524	27.05	1018.69	55.93	225177	AS7341	flash	5	100	999	10	100.0	0.15
2026-07-10T09:00:59.016	453	956	636	1165	2983	2912	3442	3783	4001	524	27.05	1018.71	55.92	224870	AS7341	flash	5	100	999	10	100.0	0.15
2026-07-10T09:01:01.102	453	957	637	1166	2982	2912	3442	3783	4001	524	27.05	1018.65	55.91	225795	AS7341	flash	5	100	999	10	100.0	0.15
2026-07-10T09:01:03.094	453	957	637	1165	2982	2911	3441	3783	4000	524	27.05	1018.66	55.92	225485	AS7341	flash	5	100	999	10	100.0	0.15
2026-07-10T09:01:05.083	453	957	636	1165	2983	2911	3442	3782	4001	524	27.06	1018.69	55.91	224104	AS7341	flash	5	100	999	10	100.0	0.15
2026-07-10T09:01:07.077	452	957	636	1165	2982	2910	3440	3781	3999	524	27.07	1018.67	55.9	225331	AS7341	flash	5	100	999	10	100.0	0.15
2026-07-10T09:01:09.062	453	957	636	1165	2982	2911	3441	3781	4000	524	27.07	1018.66	55.87	225331	AS7341	flash	5	100	999	10	100.0	0.15
2026-07-10T09:01:11.057	453	957	637	1165	2982	2910	3440	3782	4000	524	27.08	1018.63	55.87	226260	AS7341	flash	5	100	999	10	100.0	0.15
2026-07-10T09:01:13.036	453	957	636	1165	2981	2910	3440	3781	3999	524	27.08	1018.64	55.88	225485	AS7341	flash	5	100	999	10	100.0	0.15
2026-07-10T09:01:15.024	453	957	637	1165	2981	2909	3439	3780	3998	524	27.09	1018.63	55.87	226105	AS7341	flash	5	100	999	10	100.0	0.15
2026-07-10T09:01:17.011	453	957	636	1165	2980	2909	3438	3779	3998	524	27.1	1018.64	55.84	225795	AS7341	flash	5	100	999	10	100.0	0.15
2026-07-10T09:01:19.099	453	957	637	1165	2982	2910	3440	3781	3999	524	27.1	1018.66	55.86	225795	AS7341	flash	5	100	999	10	100.0	0.15
2026-07-10T09:01:21.083	452	957	636	1165	2980	2908	3438	3779	3997	523	27.11	1018.67	55.86	225485	AS7341	flash	5	100	999	10	100.0	0.15
2026-07-10T09:01:23.068	453	957	637	1165	2981	2909	3439	3778	3998	523	27.12	1018.65	55.85	225949	AS7341	flash	5	100	999	10	100.0	0.15
2026-07-10T09:01:25.055	453	957	637	1165	2980	2908	3438	3778	3997	524	27.12	1018.62	55.83	226105	AS7341	flash	5	100	999	10	100.0	0.15
2026-07-10T09:01:27.043	453	957	637	1165	2981	2909	3438	3779	3998	524	27.13	1018.67	55.82	226105	AS7341	flash	5	100	999	10	100.0	0.15
2026-07-10T09:01:29.020	453	958	637	1165	2981	2908	3438	3778	3997	524	27.14	1018.66	55.81	226415	AS7341	flash	5	100	999	10	100.0	0.15
2026-07-10T09:01:31.110	453	958	637	1165	2981	2909	3439	3779	3998	524	27.14	1018.66	55.81	224410	AS7341	flash	5	100	999	10	100.0	0.15
2026-07-10T09:01:33.106	452	958	637	1165	2980	2908	3437	3777	3996	523	27.15	1018.66	55.81	226415	AS7341	flash	5	100	999	10	100.0	0.15
2026-07-10T09:01:35.089	453	958	637	1165	2979	2907	3436	3776	3995	523	27.15	1018.64	55.77	225640	AS7341	flash	5	100	999	10	100.0	0.15
2026-07-10T09:01:37.081	453	958	637	1165	2979	2907	3436	3776	3995	523	27.16	1018.68	55.77	224870	AS7341	flash	5	100	999	10	100.0	0.15
2026-07-10T09:01:39.079	452	958	637	1165	2979	2908	3437	3777	3996	523	27.15	1018.66	55.77	226727	AS7341	flash	5	100	999	10	100.0	0.15
2026-07-10T09:01:41.064	453	958	637	1165	2979	2906	3435	3775	3994	523	27.17	1018.68	55.77	226415	AS7341	flash	5	100	999	10	100.0	0.15
2026-07-10T09:01:43.050	453	958	637	1165	2979	2906	3435	3775	3994	523	27.17	1018.65	55.76	226105	AS7341	flash	5	100	999	10	100.0	0.15
2026-07-10T09:01:45.035	453	958	637	1165	2979	2906	3435	3775	3994	523	27.18	1018.64	55.75	226727	AS7341	flash	5	100	999	10	100.0	0.15
2026-07-10T09:01:47.034	453	958	637	1165	2978	2905	3435	3774	3993	523	27.18	1018.66	55.74	227040	AS7341	flash	5	100	999	10	100.0	0.15
2026-07-10T09:01:49.016	453	958	637	1165	2978	2906	3435	3775	3994	523	27.19	1018.65	55.73	227040	AS7341	flash	5	100	999	10	100.0	0.15
2026-07-10T09:01:51.105	452	958	637	1165	2978	2905	3434	3774	3993	523	27.19	1018.65	55.75	225949	AS7341	flash	5	100	999	10	100.0	0.15
2026-07-10T09:01:53.088	453	958	637	1165	2978	2906	3434	3775	3994	523	27.2	1018.64	55.74	225485	AS7341	flash	5	100	999	10	100.0	0.15
2026-07-10T09:01:55.074	452	958	637	1165	2978	2905	3434	3773	3993	523	27.21	1018.67	55.74	226260	AS7341	flash	5	100	999	10	100.0	0.15
2026-07-10T09:01:57.062	452	958	637	1164	2978	2905	3433	3773	3993	523	27.21	1018.66	55.74	227510	AS7341	flash	5	100	999	10	100.0	0.15
2026-07-10T09:01:59.048	452	958	637	1164	2977	2904	3433	3773	3993	523	27.22	1018.66	55.72	227353	AS7341	flash	5	100	999	10	100.0	0.15
2026-07-10T09:02:01.037	452	959	637	1164	2978	2905	3433	3773	3993	523	27.23	1018.63	55.71	227196	AS7341	flash	5	100	999	10	100.0	0.15
2026-07-10T09:02:03.020	453	959	637	1165	2978	2904	3434	3774	3993	523	27.23	1018.67	55.71	225795	AS7341	flash	5	100	999	10	100.0	0.15
2026-07-10T09:02:05.105	452	959	637	1165	2978	2905	3433	3773	3993	523	27.23	1018.65	55.72	225795	AS7341	flash	5	100	999	10	100.0	0.15
2026-07-10T09:02:07.096	452	959	637	1165	2977	2904	3433	3773	3992	523	27.24	1018.67	55.71	227196	AS7341	flash	5	100	999	10	100.0	0.15
2026-07-10T09:02:09.081	452	959	637	1164	2977	2903	3432	3772	3992	523	27.24	1018.68	55.7	227040	AS7341	flash	5	100	999	10	100.0	0.15
2026-07-10T09:02:11.070	452	959	637	1164	2977	2903	3432	3772	3992	523	27.25	1018.66	55.69	227668	AS7341	flash	5	100	999	10	100.0	0.15
2026-07-10T09:02:13.057	452	959	637	1164	2976	2903	3431	3771	3991	523	27.25	1018.65	55.7	227668	AS7341	flash	5	100	999	10	100.0	0.15
2026-07-10T09:02:15.046	452	959	637	1164	2977	2903	3432	3772	3992	523	27.25	1018.67	55.68	227353	AS7341	flash	5	100	999	10	100.0	0.15
2026-07-10T09:02:17.033	451	959	637	1164	2976	2903	3431	3771	3991	523	27.26	1018.68	55.68	227983	AS7341	flash	5	100	999	10	100.0	0.15
2026-07-10T09:02:19.019	452	959	637	1164	2976	2902	3430	3770	3990	523	27.26	1018.68	55.67	227983	AS7341	flash	5	100	999	10	100.0	0.15
2026-07-10T09:02:21.104	451	959	637	1164	2976	2903	3431	3771	3991	523	27.26	1018.68	55.68	227040	AS7341	flash	5	100	999	10	100.0	0.15
2026-07-10T09:02:23.084	451	959	637	1164	2976	2902	3430	3770	3990	523	27.28	1018.67	55.66	227668	AS7341	flash	5	100	999	10	100.0	0.15
2026-07-10T09:02:25.076	453	959	638	1164	2976	2902	3431	3771	3990	523	27.28	1018.65	55.66	227040	AS7341	flash	5	100	999	10	100.0	0.15
2026-07-10T09:02:27.068	452	959	637	1164	2975	2902	3430	3770	3990	523	27.29	1018.67	55.66	227510	AS7341	flash	5	100	999	10	100.0	0.15
2026-07-10T09:02:29.056	451	959	637	1164	2975	2901	3429	3769	3989	523	27.29	1018.69	55.66	227353	AS7341	flash	5	100	999	10	100.0	0.15
2026-07-10T09:02:31.047	452	959	637	1164	2975	2901	3429	3769	3989	523	27.29	1018.66	55.65	227668	AS7341	flash	5	100	999	10	100.0	0.15
2026-07-10T09:02:33.035	452	960	638	1164	2975	2901	3429	3769	3989	523	27.3	1018.66	55.64	228299	AS7341	flash	5	100	999	10	100.0	0.15
2026-07-10T09:02:35.020	451	960	638	1164	2976	2902	3430	3770	3990	523	27.3	1018.67	55.65	228299	AS7341	flash	5	100	999	10	100.0	0.15
2026-07-10T09:02:37.113	452	960	638	1164	2974	2900	3428	3768	3988	523	27.3	1018.69	55.65	227510	AS7341	flash	5	100	999	10	100.0	0.15
2026-07-10T09:02:39.106	451	960	638	1164	2974	2900	3428	3768	3988	523	27.31	1018.69	55.65	227668	AS7341	flash	5	100	999	10	100.0	0.15
2026-07-10T09:02:41.094	451	960	637	1164	2973	2900	3427	3768	3988	523	27.31	1018.67	55.64	227983	AS7341	flash	5	100	999	10	100.0	0.15
2026-07-10T09:02:43.087	451	960	638	1164	2974	2900	3428	3768	3988	523	27.33	1018.68	55.64	228616	AS7341	flash	5	100	999	10	100.0	0.15
2026-07-10T09:02:45.075	451	960	637	1164	2973	2899	3426	3767	3986	522	27.33	1018.7	55.63	227983	AS7341	flash	5	100	999	10	100.0	0.15
2026-07-10T09:02:47.070	452	960	638	1164	2973	2899	3426	3767	3987	522	27.33	1018.67	55.62	228616	AS7341	flash	5	100	999	10	100.0	0.15
2026-07-10T09:02:49.052	451	960	638	1164	2973	2899	3427	3767	3988	523	27.34	1018.7	55.61	228457	AS7341	flash	5	100	999	10	100.0	0.15
2026-07-10T09:02:51.039	451	960	638	1164	2973	2899	3426	3767	3987	522	27.35	1018.7	55.63	228616	AS7341	flash	5	100	999	10	100.0	0.15
2026-07-10T09:02:53.025	451	960	638	1164	2972	2898	3425	3766	3986	522	27.35	1018.72	55.61	228616	AS7341	flash	5	100	999	10	100.0	0.15
2026-07-10T09:02:55.011	451	960	637	1164	2974	2899	3427	3768	3988	523	27.34	1018.7	55.6	228457	AS7341	flash	5	100	999	10	100.0	0.15
2026-07-10T09:02:57.099	451	960	637	1164	2973	2899	3426	3766	3987	523	27.34	1018.69	55.61	227983	AS7341	flash	5	100	999	10	100.0	0.15
2026-07-10T09:02:59.091	451	960	637	1164	2973	2899	3426	3766	3987	522	27.35	1018.69	55.61	227668	AS7341	flash	5	100	999	10	100.0	0.15
2026-07-10T09:03:01.079	451	961	637	1164	2972	2898	3426	3766	3987	522	27.36	1018.69	55.61	227983	AS7341	flash	5	100	999	10	100.0	0.15
2026-07-10T09:03:03.065	451	961	637	1164	2972	2898	3425	3765	3986	522	27.36	1018.71	55.6	228141	AS7341	flash	5	100	999	10	100.0	0.15
2026-07-10T09:03:05.051	452	960	637	1164	2972	2897	3425	3765	3986	522	27.37	1018.69	55.59	229892	AS7341	flash	5	100	999	10	100.0	0.15
2026-07-10T09:03:07.034	451	961	637	1164	2972	2897	3425	3765	3986	522	27.36	1018.72	55.6	230053	AS7341	flash	5	100	999	10	100.0	0.15
2026-07-10T09:03:09.024	451	961	637	1164	2971	2897	3424	3765	3985	522	27.37	1018.7	55.6	229572	AS7341	flash	5	100	999	10	100.0	0.15
2026-07-10T09:03:11.110	451	961	637	1164	2972	2897	3425	3764	3986	522	27.37	1018.7	55.61	229252	AS7341	flash	5	100	999	10	100.0	0.15
2026-07-10T09:03:13.099	451	961	637	1163	2970	2896	3422	3763	3984	522	27.38	1018.71	55.6	228141	AS7341	flash	5	100	999	10	100.0	0.15
2026-07-10T09:03:15.087	451	961	637	1163	2971	2896	3423	3764	3984	522	27.38	1018.68	55.6	228934	AS7341	flash	5	100	999	10	100.0	0.15
2026-07-10T09:03:17.074	451	961	637	1162	2970	2895	3422	3762	3983	522	27.38	1018.67	55.61	227353	AS7341	flash	5	100	999	10	100.0	0.15
2026-07-10T09:03:19.066	451	960	637	1162	2970	2896	3423	3763	3985	522	27.39	1018.7	55.59	230214	AS7341	flash	5	100	999	10	100.0	0.15
2026-07-10T09:03:21.057	451	961	637	1162	2970	2895	3422	3762	3983	522	27.4	1018.72	55.6	229252	AS7341	flash	5	100	999	10	100.0	0.15
2026-07-10T09:03:23.046	451	961	637	1162	2970	2895	3423	3762	3982	522	27.41	1018.69	55.6	229572	AS7341	flash	5	100	999	10	100.0	0.15
2026-07-10T09:03:25.035	451	960	637	1162	2970	2894	3422	3761	3981	522	27.41	1018.71	55.6	229093	AS7341	flash	5	100	999	10	100.0	0.15
2026-07-10T09:03:27.024	451	960	637	1163	2971	2895	3422	3762	3983	522	27.41	1018.66	55.58	229252	AS7341	flash	5	100	999	10	100.0	0.15
2026-07-10T09:03:29.111	451	961	637	1162	2970	2895	3422	3762	3983	522	27.41	1018.68	55.57	228616	AS7341	flash	5	100	999	10	100.0	0.15
2026-07-10T09:03:31.095	451	961	637	1162	2969	2894	3420	3761	3981	522	27.42	1018.71	55.59	228616	AS7341	flash	5	100	999	10	100.0	0.15
2026-07-10T09:03:33.080	451	960	637	1162	2969	2894	3420	3760	3981	522	27.42	1018.64	55.57	229093	AS7341	flash	5	100	999	10	100.0	0.15
2026-07-10T09:03:35.067	452	960	637	1162	2969	2894	3420	3760	3981	522	27.43	1018.68	55.58	229412	AS7341	flash	5	100	999	10	100.0	0.15
2026-07-10T09:03:37.048	451	960	637	1162	2969	2894	3420	3760	3981	522	27.43	1018.68	55.57	229252	AS7341	flash	5	100	999	10	100.0	0.15
2026-07-10T09:03:39.034	451	960	637	1162	2969	2894	3420	3761	3981	522	27.44	1018.68	55.57	230053	AS7341	flash	5	100	999	10	100.0	0.15
2026-07-10T09:03:41.019	451	961	637	1162	2969	2894	3421	3760	3981	522	27.45	1018.69	55.55	229572	AS7341	flash	5	100	999	10	100.0	0.15
2026-07-10T09:03:43.106	451	961	637	1162	2969	2894	3421	3761	3982	522	27.44	1018.71	55.55	229732	AS7341	flash	5	100	999	10	100.0	0.15
2026-07-10T09:03:45.094	451	961	637	1162	2968	2893	3420	3760	3981	522	27.45	1018.71	55.56	229412	AS7341	flash	5	100	999	10	100.0	0.15
2026-07-10T09:03:47.075	451	961	637	1162	2969	2894	3420	3760	3981	522	27.46	1018.71	55.54	229572	AS7341	flash	5	100	999	10	100.0	0.15
2026-07-10T09:03:49.064	451	961	637	1162	2968	2893	3419	3759	3980	522	27.46	1018.69	55.52	229252	AS7341	flash	5	100	999	10	100.0	0.15
2026-07-10T09:03:51.049	451	961	637	1162	2968	2892	3419	3759	3980	522	27.46	1018.7	55.52	230375	AS7341	flash	5	100	999	10	100.0	0.15
2026-07-10T09:03:53.037	451	961	637	1162	2967	2892	3418	3758	3979	522	27.46	1018.72	55.52	230214	AS7341	flash	5	100	999	10	100.0	0.15
2026-07-10T09:03:55.019	451	961	638	1162	2968	2893	3419	3759	3980	522	27.47	1018.69	55.52	229892	AS7341	flash	5	100	999	10	100.0	0.15
2026-07-10T09:03:57.108	451	962	638	1162	2969	2893	3420	3759	3981	522	27.46	1018.69	55.52	229252	AS7341	flash	5	100	999	10	100.0	0.15
2026-07-10T09:03:59.105	451	961	638	1162	2968	2892	3419	3759	3980	522	27.48	1018.67	55.51	229732	AS7341	flash	5	100	999	10	100.0	0.15
2026-07-10T09:04:01.087	451	961	637	1162	2967	2891	3417	3757	3978	522	27.48	1018.72	55.5	229892	AS7341	flash	5	100	999	10	100.0	0.15
2026-07-10T09:04:03.081	451	962	638	1162	2969	2893	3420	3760	3981	522	27.49	1018.66	55.49	232161	AS7341	flash	5	100	999	10	100.0	0.15
2026-07-10T09:04:05.063	451	962	638	1162	2968	2892	3419	3759	3980	522	27.49	1018.69	55.48	230536	AS7341	flash	5	100	999	10	100.0	0.15
2026-07-10T09:04:07.054	451	961	638	1162	2967	2891	3417	3758	3979	522	27.49	1018.68	55.49	230698	AS7341	flash	5	100	999	10	100.0	0.15
2026-07-10T09:04:09.035	451	962	638	1162	2967	2891	3417	3757	3978	522	27.49	1018.68	55.48	230536	AS7341	flash	5	100	999	10	100.0	0.15
2026-07-10T09:04:11.022	451	962	638	1162	2966	2890	3416	3756	3978	522	27.5	1018.7	55.47	230536	AS7341	flash	5	100	999	10	100.0	0.15
2026-07-10T09:04:13.106	451	962	638	1162	2967	2891	3418	3758	3979	522	27.49	1018.68	55.47	229252	AS7341	flash	5	100	999	10	100.0	0.15
2026-07-10T09:04:15.101	451	962	638	1162	2967	2891	3417	3757	3979	522	27.5	1018.69	55.46	230214	AS7341	flash	5	100	999	10	100.0	0.15
2026-07-10T09:04:17.091	451	962	638	1162	2966	2890	3415	3756	3977	522	27.51	1018.7	55.47	230698	AS7341	flash	5	100	999	10	100.0	0.15
2026-07-10T09:04:19.076	451	962	638	1162	2964	2889	3414	3756	3977	521	27.51	1018.7	55.45	230859	AS7341	flash	5	100	999	10	0.0	0.15
2026-07-10T09:04:21.059	451	962	637	1160	2961	2885	3411	3757	3974	521	27.56	1018.69	55.83	228299	AS7341	flash	5	100	999	10	0.0	0.15
2026-07-10T09:04:23.046	451	962	637	1158	2955	2878	3406	3757	3970	520	27.57	1018.67	56.86	225795	AS7341	flash	5	100	999	10	0.0	0.15
2026-07-10T09:04:25.028	450	963	637	1156	2946	2869	3398	3755	3964	519	27.58	1018.7	58.16	222740	AS7341	flash	5	100	999	10	0.0	0.15
2026-07-10T09:04:27.018	450	964	637	1154	2938	2861	3391	3753	3958	519	27.59	1018.71	59.33	220061	AS7341	flash	5	100	999	10	0.0	0.15
2026-07-10T09:04:29.102	450	965	637	1151	2931	2851	3383	3751	3951	518	27.6	1018.69	60.45	215737	AS7341	flash	5	100	999	10	0.0	0.15
2026-07-10T09:04:31.091	449	966	637	1149	2921	2841	3373	3747	3942	518	27.62	1018.68	61.45	213223	AS7341	flash	5	100	999	10	0.0	0.15
2026-07-10T09:04:33.073	449	966	636	1146	2912	2832	3365	3742	3934	517	27.63	1018.66	62.35	211172	AS7341	flash	5	100	999	10	0.0	0.15
2026-07-10T09:04:35.058	448	968	636	1144	2905	2823	3357	3740	3927	516	27.63	1018.66	62.98	208630	AS7341	flash	5	100	999	10	0.0	0.15
2026-07-10T09:04:37.044	448	968	636	1141	2897	2815	3349	3737	3921	516	27.65	1018.66	63.46	207578	AS7341	flash	5	100	999	10	0.0	0.15
2026-07-10T09:04:39.032	448	969	636	1139	2889	2807	3343	3735	3915	515	27.66	1018.65	64.04	204485	AS7341	flash	5	100	999	10	0.0	0.15
2026-07-10T09:04:41.016	447	970	636	1136	2883	2799	3335	3732	3908	514	27.66	1018.67	64.7	202225	AS7341	flash	5	100	999	10	0.0	0.15
2026-07-10T09:04:43.099	447	971	636	1135	2876	2792	3329	3730	3903	514	27.66	1018.66	65.3	200014	AS7341	flash	5	100	999	10	0.0	0.15
2026-07-10T09:04:45.084	447	972	636	1133	2870	2785	3323	3728	3897	514	27.69	1018.67	65.66	198448	AS7341	flash	5	100	999	10	0.0	0.15
2026-07-10T09:04:47.073	446	973	635	1131	2864	2779	3316	3726	3892	513	27.68	1018.69	66.02	196788	AS7341	flash	5	100	999	10	0.0	0.15
2026-07-10T09:04:49.063	446	973	635	1129	2858	2773	3311	3723	3887	512	27.7	1018.68	66.43	195271	AS7341	flash	5	100	999	10	0.0	0.15
2026-07-10T09:04:51.046	446	974	635	1127	2852	2766	3305	3720	3881	512	27.7	1018.67	66.9	193891	AS7341	flash	5	100	999	10	0.0	0.15
2026-07-10T09:04:53.042	445	975	635	1125	2847	2761	3300	3719	3876	512	27.7	1018.69	67.3	192531	AS7341	flash	5	100	999	10	0.0	0.15
2026-07-10T09:04:55.029	445	976	635	1125	2843	2756	3297	3718	3874	511	27.71	1018.65	67.6	190858	AS7341	flash	5	100	999	10	0.0	0.15
2026-07-10T09:04:57.012	445	977	635	1123	2838	2750	3291	3716	3869	511	27.72	1018.69	67.87	189758	AS7341	flash	5	100	999	10	0.0	0.15
2026-07-10T09:04:59.104	445	977	635	1121	2833	2745	3286	3714	3864	510	27.72	1018.66	68.25	187276	AS7341	flash	5	100	999	10	0.0	0.15
2026-07-10T09:05:01.094	445	978	635	1120	2829	2741	3283	3714	3861	510	27.74	1018.68	68.58	186534	AS7341	flash	5	100	999	10	0.0	0.15
2026-07-10T09:05:03.076	445	979	635	1118	2825	2736	3278	3712	3856	510	27.74	1018.66	68.82	185483	AS7341	flash	5	100	999	10	0.0	0.15
2026-07-10T09:05:05.054	444	979	635	1117	2820	2732	3275	3711	3854	509	27.75	1018.65	68.97	185287	AS7341	flash	5	100	999	10	0.0	0.15
2026-07-10T09:05:07.036	444	980	635	1115	2816	2728	3271	3709	3850	509	27.75	1018.7	69.07	186111	AS7341	flash	5	100	999	10	0.0	0.15
2026-07-10T09:05:09.020	444	980	635	1115	2811	2723	3267	3708	3845	508	27.77	1018.69	69.04	185698	AS7341	flash	5	100	999	10	0.0	0.15
2026-07-10T09:05:11.109	444	981	635	1114	2808	2720	3265	3707	3843	508	27.77	1018.7	68.9	183662	AS7341	flash	5	100	999	10	0.0	0.15
2026-07-10T09:05:13.088	444	981	635	1112	2806	2716	3262	3708	3840	509	27.78	1018.69	68.93	184471	AS7341	flash	5	100	999	10	0.0	0.15
2026-07-10T09:05:15.078	444	982	635	1111	2803	2713	3259	3707	3837	509	27.79	1018.71	69.13	183461	AS7341	flash	5	100	999	10	0.0	0.15
2026-07-10T09:05:17.066	444	982	635	1110	2799	2710	3257	3706	3834	508	27.79	1018.68	69.42	183461	AS7341	flash	5	100	999	10	0.0	0.15
2026-07-10T09:05:19.052	444	982	635	1109	2798	2709	3258	3707	3833	508	27.81	1018.68	69.76	181081	AS7341	flash	5	100	999	10	100.0	0.15
2026-07-10T09:05:21.034	445	983	635	1110	2800	2711	3259	3706	3834	508	27.77	1018.71	69.28	183461	AS7341	flash	5	100	999	10	100.0	0.15
2026-07-10T09:05:23.024	445	983	635	1110	2799	2711	3257	3701	3832	507	27.75	1018.67	67.53	185588	AS7341	flash	5	100	999	10	100.0	0.15
2026-07-10T09:05:25.012	445	984	635	1110	2800	2712	3257	3697	3833	507	27.76	1018.72	65.66	188025	AS7341	flash	5	100	999	10	100.0	0.15
2026-07-10T09:05:27.104	445	986	636	1111	2800	2713	3255	3692	3831	507	27.74	1018.68	64.03	193891	AS7341	flash	5	100	999	10	100.0	0.15
2026-07-10T09:05:29.098	445	986	636	1111	2801	2713	3255	3687	3831	507	27.74	1018.65	62.73	194579	AS7341	flash	5	100	999	10	100.0	0.15
2026-07-10T09:05:31.088	445	987	636	1111	2802	2713	3254	3682	3830	507	27.75	1018.66	61.72	197259	AS7341	flash	5	100	999	10	100.0	0.15
2026-07-10T09:05:33.077	445	988	636	1112	2802	2714	3253	3677	3830	507	27.74	1018.66	60.9	200014	AS7341	flash	5	100	999	10	100.0	0.15
2026-07-10T09:05:35.066	445	989	637	1112	2803	2715	3252	3675	3829	507	27.74	1018.66	60.26	201730	AS7341	flash	5	100	999	10	100.0	0.15
2026-07-10T09:05:37.052	445	989	637	1112	2805	2717	3252	3672	3829	507	27.75	1018.63	59.73	202598	AS7341	flash	5	100	999	10	100.0	0.15
2026-07-10T09:05:39.030	445	990	637	1113	2806	2718	3252	3668	3830	507	27.75	1018.65	59.28	204739	AS7341	flash	5	100	999	10	100.0	0.15
2026-07-10T09:05:41.023	445	990	637	1114	2808	2720	3254	3667	3831	507	27.74	1018.64	58.94	206149	AS7341	flash	5	100	999	10	100.0	0.15
2026-07-10T09:05:43.115	445	991	638	1115	2811	2723	3256	3666	3833	507	27.74	1018.64	58.62	206796	AS7341	flash	5	100	999	10	100.0	0.15
2026-07-10T09:05:45.095	445	991	638	1116	2813	2726	3257	3664	3835	507	27.74	1018.64	58.36	208235	AS7341	flash	5	100	999	10	100.0	0.15
2026-07-10T09:05:47.083	445	991	638	1116	2814	2726	3257	3661	3835	507	27.74	1018.67	58.15	209960	AS7341	flash	5	100	999	10	100.0	0.15
2026-07-10T09:05:49.072	445	991	638	1117	2817	2730	3260	3661	3837	507	27.74	1018.66	57.95	212124	AS7341	flash	5	100	999	10	100.0	0.15
2026-07-10T09:05:51.066	445	991	638	1118	2819	2732	3261	3660	3838	508	27.74	1018.65	57.8	211443	AS7341	flash	5	100	999	10	100.0	0.15
2026-07-10T09:05:53.056	445	991	638	1119	2821	2734	3263	3660	3840	508	27.75	1018.66	57.63	213915	AS7341	flash	5	100	999	10	100.0	0.15
2026-07-10T09:05:55.044	446	991	639	1119	2823	2737	3265	3660	3843	508	27.75	1018.65	57.51	213638	AS7341	flash	5	100	999	10	100.0	0.15
2026-07-10T09:05:57.029	446	991	639	1119	2826	2740	3267	3660	3844	508	27.75	1018.65	57.4	214333	AS7341	flash	5	100	999	10	100.0	0.15
2026-07-10T09:05:59.028	446	990	638	1120	2827	2742	3268	3658	3845	508	27.76	1018.67	57.3	218891	AS7341	flash	5	100	999	10	100.0	0.15
2026-07-10T09:06:01.114	446	991	639	1121	2830	2745	3271	3660	3848	508	27.75	1018.64	57.21	216873	AS7341	flash	5	100	999	10	100.0	0.15
2026-07-10T09:06:03.099	446	990	639	1122	2832	2747	3273	3659	3849	508	27.76	1018.66	57.1	217159	AS7341	flash	5	100	999	10	100.0	0.15
2026-07-10T09:06:05.087	446	990	639	1123	2834	2750	3274	3660	3849	509	27.77	1018.67	57.04	218022	AS7341	flash	5	100	999	10	100.0	0.15
2026-07-10T09:06:07.065	446	989	639	1123	2837	2752	3277	3660	3851	509	27.76	1018.67	56.96	217734	AS7341	flash	5	100	999	10	100.0	0.15
2026-07-10T09:06:09.054	446	989	639	1124	2840	2756	3280	3662	3855	509	27.76	1018.66	56.9	219768	AS7341	flash	5	100	999	10	100.0	0.15
2026-07-10T09:06:11.045	446	989	639	1125	2841	2757	3281	3661	3855	509	27.77	1018.66	56.84	219037	AS7341	flash	5	100	999	10	100.0	0.15
2026-07-10T09:06:13.026	447	989	638	1126	2843	2760	3284	3662	3858	509	27.77	1018.66	56.77	224410	AS7341	flash	5	100	999	10	100.0	0.15
2026-07-10T09:06:15.014	447	988	638	1127	2846	2762	3286	3664	3860	510	27.77	1018.65	56.72	220209	AS7341	flash	5	100	999	10	100.0	0.15
2026-07-10T09:06:17.107	447	988	638	1128	2849	2765	3289	3665	3864	510	27.76	1018.64	56.68	223042	AS7341	flash	5	100	999	10	100.0	0.15
2026-07-10T09:06:19.096	447	988	638	1127	2852	2767	3291	3665	3864	510	27.77	1018.66	56.64	220061	AS7341	flash	5	100	999	10	100.0	0.15
2026-07-10T09:06:21.082	447	987	639	1128	2854	2770	3293	3666	3866	510	27.78	1018.69	56.6	221691	AS7341	flash	5	100	999	10	100.0	0.15
2026-07-10T09:06:23.069	447	987	638	1129	2855	2771	3294	3665	3867	510	27.78	1018.67	56.56	222891	AS7341	flash	5	100	999	10	100.0	0.15
2026-07-10T09:06:25.053	447	986	638	1130	2857	2774	3296	3667	3869	510	27.78	1018.66	56.52	221393	AS7341	flash	5	100	999	10	100.0	0.15
2026-07-10T09:06:27.044	447	986	639	1130	2860	2776	3299	3669	3871	511	27.79	1018.64	56.48	225640	AS7341	flash	5	100	999	10	100.0	0.15
2026-07-10T09:06:29.033	447	986	639	1131	2861	2778	3301	3669	3873	511	27.78	1018.68	56.45	225023	AS7341	flash	5	100	999	10	100.0	0.15
2026-07-10T09:06:31.022	447	985	639	1131	2863	2781	3302	3670	3875	511	27.79	1018.66	56.42	223042	AS7341	flash	5	100	999	10	100.0	0.15
2026-07-10T09:06:33.113	448	985	639	1133	2866	2783	3305	3672	3877	511	27.78	1018.63	56.37	223496	AS7341	flash	5	100	999	10	100.0	0.15
2026-07-10T09:06:35.095	448	985	639	1133	2867	2785	3307	3673	3878	511	27.79	1018.66	56.36	226883	AS7341	flash	5	100	999	10	100.0	0.15
2026-07-10T09:06:37.084	448	984	638	1133	2869	2787	3309	3674	3880	512	27.79	1018.66	56.31	224257	AS7341	flash	5	100	999	10	100.0	0.15
2026-07-10T09:06:39.070	448	984	639	1135	2872	2790	3312	3676	3883	512	27.79	1018.65	56.29	224104	AS7341	flash	5	100	999	10	100.0	0.15
2026-07-10T09:06:41.058	448	984	639	1135	2873	2791	3312	3676	3883	512	27.79	1018.62	56.26	224257	AS7341	flash	5	100	999	10	100.0	0.15
2026-07-10T09:06:43.041	448	984	639	1136	2876	2794	3316	3678	3886	512	27.79	1018.64	56.23	227668	AS7341	flash	5	100	999	10	100.0	0.15
2026-07-10T09:06:45.024	448	983	638	1135	2875	2794	3315	3677	3886	512	27.79	1018.64	56.19	225177	AS7341	flash	5	100	999	10	100.0	0.15
2026-07-10T09:06:47.106	447	983	639	1136	2877	2797	3318	3679	3889	512	27.79	1018.68	56.19	225485	AS7341	flash	5	100	999	10	100.0	0.15
2026-07-10T09:06:49.100	448	982	639	1136	2878	2797	3318	3679	3887	512	27.8	1018.65	56.17	229252	AS7341	flash	5	100	999	10	100.0	0.15
2026-07-10T09:06:51.086	448	982	639	1137	2880	2798	3320	3680	3890	513	27.8	1018.65	56.16	225949	AS7341	flash	5	100	999	10	100.0	0.15
2026-07-10T09:06:53.078	448	982	639	1137	2882	2800	3323	3682	3891	513	27.8	1018.64	56.13	225485	AS7341	flash	5	100	999	10	100.0	0.15
2026-07-10T09:06:55.061	447	981	639	1138	2883	2801	3324	3683	3893	513	27.8	1018.64	56.11	227040	AS7341	flash	5	100	999	10	100.0	0.15
2026-07-10T09:06:57.042	447	981	638	1138	2884	2803	3325	3682	3894	513	27.81	1018.66	56.09	227510	AS7341	flash	5	100	999	10	100.0	0.15
2026-07-10T09:06:59.030	449	981	639	1139	2887	2805	3327	3684	3896	513	27.8	1018.64	56.07	227983	AS7341	flash	5	100	999	10	100.0	0.15
2026-07-10T09:07:01.017	449	980	639	1139	2888	2806	3328	3685	3897	513	27.81	1018.65	56.04	228141	AS7341	flash	5	100	999	10	100.0	0.15
2026-07-10T09:07:03.105	449	980	639	1140	2890	2809	3330	3686	3899	513	27.8	1018.63	56.04	230698	AS7341	flash	5	100	999	10	100.0	0.15
2026-07-10T09:07:05.090	449	980	639	1140	2890	2809	3331	3687	3899	513	27.81	1018.63	56.03	230859	AS7341	flash	5	100	999	10	100.0	0.15
2026-07-10T09:07:07.079	449	980	639	1141	2891	2811	3332	3687	3900	514	27.81	1018.66	56.03	229892	AS7341	flash	5	100	999	10	100.0	0.15
2026-07-10T09:07:09.061	448	980	639	1141	2892	2812	3333	3689	3901	514	27.81	1018.64	56.02	227040	AS7341	flash	5	100	999	10	100.0	0.15
2026-07-10T09:07:11.042	448	979	639	1141	2893	2813	3334	3689	3902	514	27.81	1018.66	56.0	230053	AS7341	flash	5	100	999	10	100.0	0.15
2026-07-10T09:07:13.030	448	979	639	1141	2895	2815	3335	3690	3904	514	27.81	1018.64	55.98	232161	AS7341	flash	5	100	999	10	100.0	0.15
2026-07-10T09:07:15.028	448	979	639	1141	2896	2815	3336	3690	3904	514	27.81	1018.64	55.97	231671	AS7341	flash	5	100	999	10	100.0	0.15
2026-07-10T09:07:17.110	448	979	639	1142	2898	2818	3339	3693	3907	514	27.81	1018.67	55.97	227353	AS7341	flash	5	100	999	10	100.0	0.15
2026-07-10T09:07:19.097	448	979	639	1142	2899	2819	3340	3694	3908	514	27.81	1018.64	55.99	231508	AS7341	flash	5	100	999	10	100.0	0.15
2026-07-10T09:07:21.092	448	978	639	1142	2899	2819	3340	3694	3907	514	27.81	1018.67	55.95	231183	AS7341	flash	5	100	999	10	100.0	0.15
2026-07-10T09:07:23.072	448	978	639	1143	2900	2820	3341	3695	3908	514	27.81	1018.64	55.95	230536	AS7341	flash	5	100	999	10	100.0	0.15
2026-07-10T09:07:25.053	448	978	639	1143	2901	2821	3341	3694	3908	514	27.82	1018.67	55.95	229572	AS7341	flash	5	100	999	10	100.0	0.15
2026-07-10T09:07:27.042	448	977	639	1143	2901	2822	3343	3696	3910	515	27.82	1018.62	55.93	231183	AS7341	flash	5	100	999	10	100.0	0.15
2026-07-10T09:07:29.032	448	978	639	1144	2903	2824	3345	3698	3912	515	27.83	1018.65	55.91	228934	AS7341	flash	5	100	999	10	100.0	0.15
2026-07-10T09:07:31.025	448	977	639	1144	2903	2823	3344	3697	3911	515	27.82	1018.62	55.91	231021	AS7341	flash	5	100	999	10	100.0	0.15
2026-07-10T09:07:33.013	449	977	639	1144	2904	2826	3347	3699	3913	515	27.83	1018.63	55.91	229252	AS7341	flash	5	100	999	10	100.0	0.15
2026-07-10T09:07:35.104	449	977	639	1145	2906	2826	3348	3700	3915	515	27.82	1018.61	55.89	229732	AS7341	flash	5	100	999	10	100.0	0.15
2026-07-10T09:07:37.101	449	976	639	1145	2907	2826	3349	3699	3915	515	27.83	1018.63	55.91	230053	AS7341	flash	5	100	999	10	100.0	0.15
2026-07-10T09:07:39.087	449	976	639	1145	2906	2827	3349	3699	3915	515	27.83	1018.65	55.88	229252	AS7341	flash	5	100	999	10	100.0	0.15
2026-07-10T09:07:41.076	449	976	639	1146	2908	2828	3350	3700	3916	515	27.83	1018.66	55.88	230214	AS7341	flash	5	100	999	10	100.0	0.15
2026-07-10T09:07:43.064	449	976	639	1146	2908	2828	3350	3700	3916	515	27.85	1018.66	55.87	232982	AS7341	flash	5	100	999	10	100.0	0.15
2026-07-10T09:07:45.056	449	976	639	1146	2909	2829	3351	3701	3917	515	27.84	1018.61	55.86	233147	AS7341	flash	5	100	999	10	100.0	0.15
2026-07-10T09:07:47.046	449	975	639	1146	2910	2829	3352	3701	3918	515	27.84	1018.63	55.85	231346	AS7341	flash	5	100	999	10	100.0	0.15
2026-07-10T09:07:49.034	449	975	639	1145	2910	2830	3352	3702	3918	515	27.84	1018.66	55.83	232653	AS7341	flash	5	100	999	10	100.0	0.15
2026-07-10T09:07:51.022	449	975	639	1146	2912	2831	3353	3703	3919	516	27.85	1018.67	55.83	234475	AS7341	flash	5	100	999	10	100.0	0.15
2026-07-10T09:07:53.014	449	975	639	1146	2913	2833	3356	3705	3922	516	27.84	1018.65	55.81	231671	AS7341	flash	5	100	999	10	100.0	0.15
2026-07-10T09:07:55.109	449	975	639	1147	2914	2834	3356	3705	3922	516	27.84	1018.66	55.81	230536	AS7341	flash	5	100	999	10	100.0	0.15
2026-07-10T09:07:57.103	449	975	639	1147	2913	2834	3357	3706	3922	516	27.84	1018.64	55.81	231834	AS7341	flash	5	100	999	10	100.0	0.15
2026-07-10T09:07:59.089	449	975	639	1147	2914	2834	3357	3706	3922	516	27.85	1018.65	55.8	234142	AS7341	flash	5	100	999	10	100.0	0.15
2026-07-10T09:08:01.074	449	975	639	1147	2914	2834	3356	3705	3923	516	27.84	1018.65	55.79	231183	AS7341	flash	5	100	999	10	100.0	0.15
2026-07-10T09:08:03.064	449	975	639	1147	2915	2835	3358	3707	3923	516	27.84	1018.65	55.78	234642	AS7341	flash	5	100	999	10	100.0	0.15
2026-07-10T09:08:05.046	449	975	639	1148	2915	2836	3358	3706	3923	516	27.84	1018.65	55.79	232653	AS7341	flash	5	100	999	10	100.0	0.15
2026-07-10T09:08:07.030	449	975	639	1148	2917	2837	3360	3708	3925	516	27.85	1018.64	55.76	232489	AS7341	flash	5	100	999	10	100.0	0.15
2026-07-10T09:08:09.015	449	974	639	1148	2917	2837	3360	3708	3925	516	27.85	1018.62	55.76	231998	AS7341	flash	5	100	999	10	100.0	0.15
2026-07-10T09:08:11.101	449	974	639	1148	2918	2838	3361	3709	3926	516	27.84	1018.62	55.77	233147	AS7341	flash	5	100	999	10	100.0	0.15
2026-07-10T09:08:13.079	449	974	639	1148	2917	2838	3360	3709	3926	516	27.85	1018.65	55.77	234142	AS7341	flash	5	100	999	10	100.0	0.15
2026-07-10T09:08:15.065	449	974	639	1149	2919	2839	3361	3710	3927	516	27.85	1018.65	55.77	232653	AS7341	flash	5	100	999	10	100.0	0.15
2026-07-10T09:08:17.051	449	974	639	1149	2920	2840	3362	3710	3929	517	27.86	1018.65	55.76	230859	AS7341	flash	5	100	999	10	100.0	0.15
2026-07-10T09:08:19.043	449	974	639	1149	2920	2840	3362	3710	3928	516	27.86	1018.64	55.76	236326	AS7341	flash	5	100	999	10	100.0	0.15
2026-07-10T09:08:21.030	449	974	639	1149	2920	2841	3363	3710	3929	517	27.85	1018.63	55.75	231998	AS7341	flash	5	100	999	10	100.0	0.15
2026-07-10T09:08:23.019	450	974	639	1149	2921	2841	3363	3710	3929	517	27.86	1018.61	55.74	232818	AS7341	flash	5	100	999	10	100.0	0.15
2026-07-10T09:08:25.108	450	974	639	1150	2921	2841	3363	3710	3929	517	27.85	1018.64	55.74	235481	AS7341	flash	5	100	999	10	100.0	0.15
2026-07-10T09:08:27.097	450	974	639	1150	2923	2843	3365	3713	3931	517	27.86	1018.61	55.74	234308	AS7341	flash	5	100	999	10	100.0	0.15
2026-07-10T09:08:29.085	450	973	639	1150	2922	2843	3364	3712	3931	517	27.86	1018.65	55.75	232489	AS7341	flash	5	100	999	10	100.0	0.15
2026-07-10T09:08:31.066	450	974	639	1150	2923	2843	3365	3712	3931	517	27.86	1018.64	55.73	233478	AS7341	flash	5	100	999	10	100.0	0.15
2026-07-10T09:08:33.052	450	974	639	1150	2922	2843	3365	3712	3929	517	27.86	1018.63	55.74	232818	AS7341	flash	5	100	999	10	100.0	0.15
2026-07-10T09:08:35.039	449	973	639	1150	2923	2844	3365	3713	3930	517	27.86	1018.59	55.72	233313	AS7341	flash	5	100	999	10	100.0	0.15
2026-07-10T09:08:37.022	450	973	639	1150	2923	2845	3366	3714	3932	517	27.86	1018.61	55.71	236666	AS7341	flash	5	100	999	10	100.0	0.15
2026-07-10T09:08:39.111	450	974	639	1151	2925	2845	3367	3714	3933	517	27.85	1018.63	55.71	236157	AS7341	flash	5	100	999	10	100.0	0.15
2026-07-10T09:08:41.098	450	974	639	1151	2924	2845	3367	3714	3932	517	27.86	1018.65	55.72	236496	AS7341	flash	5	100	999	10	100.0	0.15
2026-07-10T09:08:43.080	450	973	639	1151	2923	2845	3367	3713	3932	517	27.86	1018.61	55.7	233478	AS7341	flash	5	100	999	10	100.0	0.15
2026-07-10T09:08:45.065	450	973	639	1150	2924	2845	3367	3714	3932	517	27.87	1018.63	55.7	237177	AS7341	flash	5	100	999	10	100.0	0.15
2026-07-10T09:08:47.049	450	973	639	1150	2925	2846	3368	3715	3933	517	27.87	1018.63	55.69	237862	AS7341	flash	5	100	999	10	100.0	0.15
2026-07-10T09:08:49.036	450	973	639	1150	2924	2846	3367	3714	3933	517	27.87	1018.64	55.69	232818	AS7341	flash	5	100	999	10	100.0	0.15
2026-07-10T09:08:51.020	450	973	639	1150	2924	2846	3367	3714	3933	517	27.87	1018.62	55.68	233975	AS7341	flash	5	100	999	10	100.0	0.15
2026-07-10T09:08:53.114	450	973	639	1150	2925	2846	3368	3715	3933	517	27.87	1018.68	55.69	233147	AS7341	flash	5	100	999	10	100.0	0.15
2026-07-10T09:08:55.099	450	973	639	1150	2926	2847	3368	3715	3934	517	27.87	1018.63	55.68	232818	AS7341	flash	5	100	999	10	100.0	0.15
2026-07-10T09:08:57.091	450	972	639	1150	2925	2847	3368	3715	3934	517	27.87	1018.64	55.66	234142	AS7341	flash	5	100	999	10	100.0	0.15
2026-07-10T09:08:59.079	450	973	639	1150	2926	2847	3369	3715	3934	517	27.88	1018.63	55.67	236496	AS7341	flash	5	100	999	10	100.0	0.15
2026-07-10T09:09:01.062	450	972	639	1150	2926	2847	3369	3715	3934	517	27.88	1018.64	55.67	232982	AS7341	flash	5	100	999	10	100.0	0.15
2026-07-10T09:09:03.057	450	972	639	1151	2926	2847	3369	3715	3933	517	27.88	1018.67	55.65	233975	AS7341	flash	5	100	999	10	100.0	0.15
2026-07-10T09:09:05.045	450	972	639	1151	2927	2848	3369	3716	3934	517	27.89	1018.64	55.65	237862	AS7341	flash	5	100	999	10	100.0	0.15
2026-07-10T09:09:07.041	450	972	640	1151	2928	2849	3371	3717	3935	517	27.89	1018.64	55.64	235987	AS7341	flash	5	100	999	10	100.0	0.15
2026-07-10T09:09:09.033	450	972	639	1151	2927	2847	3370	3716	3935	517	27.89	1018.61	55.63	234308	AS7341	flash	5	100	999	10	100.0	0.15
2026-07-10T09:09:11.119	450	973	639	1152	2928	2848	3371	3716	3936	517	27.89	1018.65	55.64	236836	AS7341	flash	5	100	999	10	100.0	0.15
2026-07-10T09:09:13.104	450	973	640	1152	2928	2848	3371	3716	3935	517	27.89	1018.61	55.65	233975	AS7341	flash	5	100	999	10	100.0	0.15
2026-07-10T09:09:15.096	450	972	639	1151	2927	2847	3370	3715	3935	517	27.9	1018.63	55.64	237519	AS7341	flash	5	100	999	10	100.0	0.15
2026-07-10T09:09:17.082	450	972	640	1151	2929	2849	3372	3717	3937	517	27.9	1018.6	55.64	235481	AS7341	flash	5	100	999	10	100.0	0.15
2026-07-10T09:09:19.075	450	972	640	1152	2929	2849	3372	3718	3937	517	27.9	1018.64	55.61	237519	AS7341	flash	5	100	999	10	100.0	0.15
2026-07-10T09:09:21.056	450	972	639	1151	2928	2848	3371	3715	3935	517	27.9	1018.62	55.61	238551	AS7341	flash	5	100	999	10	100.0	0.15
2026-07-10T09:09:23.042	450	972	640	1152	2930	2850	3373	3718	3938	517	27.9	1018.59	55.61	239071	AS7341	flash	5	100	999	10	100.0	0.15
2026-07-10T09:09:25.031	450	972	640	1152	2930	2850	3372	3717	3937	518	27.91	1018.63	55.62	234810	AS7341	flash	5	100	999	10	100.0	0.15
2026-07-10T09:09:27.026	450	972	639	1152	2928	2849	3371	3716	3936	517	27.91	1018.64	55.62	234810	AS7341	flash	5	100	999	10	100.0	0.15
2026-07-10T09:09:29.117	450	972	640	1152	2930	2850	3373	3718	3938	518	27.89	1018.63	55.62	237690	AS7341	flash	5	100	999	10	100.0	0.15
2026-07-10T09:09:31.112	450	972	640	1152	2931	2851	3374	3720	3940	518	27.9	1018.62	55.61	237006	AS7341	flash	5	100	999	10	100.0	0.15
2026-07-10T09:09:33.094	450	972	640	1152	2930	2850	3373	3718	3938	518	27.91	1018.65	55.62	238206	AS7341	flash	5	100	999	10	100.0	0.15
2026-07-10T09:09:35.080	450	972	640	1152	2931	2851	3374	3719	3939	518	27.91	1018.63	55.61	236326	AS7341	flash	5	100	999	10	100.0	0.15
2026-07-10T09:09:37.068	450	972	640	1152	2930	2850	3374	3718	3938	518	27.91	1018.63	55.61	238034	AS7341	flash	5	100	999	10	100.0	0.15
2026-07-10T09:09:39.056	450	972	640	1152	2930	2850	3373	3718	3938	518	27.92	1018.65	55.6	234142	AS7341	flash	5	100	999	10	100.0	0.15
2026-07-10T09:09:41.049	450	972	640	1152	2931	2851	3374	3719	3939	518	27.92	1018.67	55.6	238551	AS7341	flash	5	100	999	10	100.0	0.15
2026-07-10T09:09:43.038	450	972	640	1153	2931	2851	3374	3719	3939	518	27.92	1018.65	55.59	239244	AS7341	flash	5	100	999	10	100.0	0.15
2026-07-10T09:09:45.126	450	973	640	1153	2932	2852	3375	3720	3940	518	27.91	1018.66	55.6	238206	AS7341	flash	5	100	999	10	100.0	0.15
2026-07-10T09:09:47.115	450	972	640	1153	2931	2851	3374	3719	3938	518	27.92	1018.64	55.61	235145	AS7341	flash	5	100	999	10	100.0	0.15
2026-07-10T09:09:49.102	450	972	640	1153	2931	2851	3375	3720	3939	518	27.92	1018.64	55.6	239071	AS7341	flash	5	100	999	10	100.0	0.15
2026-07-10T09:09:51.083	450	972	640	1153	2930	2850	3373	3718	3938	517	27.92	1018.65	55.6	238897	AS7341	flash	5	100	999	10	100.0	0.15
2026-07-10T09:09:53.070	450	972	640	1153	2931	2852	3375	3720	3938	518	27.92	1018.63	55.58	238551	AS7341	flash	5	100	999	10	100.0	0.15
2026-07-10T09:09:55.053	450	972	640	1153	2932	2852	3374	3719	3939	518	27.93	1018.65	55.6	235818	AS7341	flash	5	100	999	10	100.0	0.15
2026-07-10T09:09:57.045	450	972	639	1153	2931	2852	3375	3720	3939	518	27.93	1018.64	55.58	237519	AS7341	flash	5	100	999	10	100.0	0.15
2026-07-10T09:09:59.038	450	972	640	1153	2931	2852	3375	3720	3940	518	27.93	1018.61	55.58	235481	AS7341	flash	5	100	999	10	100.0	0.15
2026-07-10T09:10:01.127	450	972	640	1153	2931	2852	3375	3720	3939	518	27.92	1018.59	55.58	237862	AS7341	flash	5	100	999	10	100.0	0.15
2026-07-10T09:10:03.115	450	972	639	1153	2932	2853	3376	3720	3940	518	27.93	1018.67	55.6	234142	AS7341	flash	5	100	999	10	100.0	0.15
2026-07-10T09:10:05.098	450	972	639	1153	2931	2852	3375	3720	3940	518	27.93	1018.67	55.6	239942	AS7341	flash	5	100	999	10	100.0	0.15
2026-07-10T09:10:07.085	450	972	640	1153	2931	2852	3375	3720	3939	518	27.93	1018.65	55.6	235481	AS7341	flash	5	100	999	10	100.0	0.15
2026-07-10T09:10:09.077	450	972	639	1153	2931	2852	3375	3720	3940	518	27.93	1018.65	55.63	234475	AS7341	flash	5	100	999	10	100.0	0.15
2026-07-10T09:10:11.061	450	972	639	1153	2932	2852	3376	3721	3940	518	27.93	1018.64	55.63	239418	AS7341	flash	5	100	999	10	100.0	0.15
2026-07-10T09:10:13.047	450	972	639	1152	2931	2852	3375	3720	3939	518	27.93	1018.64	55.64	235481	AS7341	flash	5	100	999	10	100.0	0.15
2026-07-10T09:10:15.026	450	972	640	1152	2931	2851	3374	3718	3939	518	27.94	1018.67	55.65	238724	AS7341	flash	5	100	999	10	100.0	0.15
2026-07-10T09:10:17.117	450	972	639	1152	2932	2852	3375	3720	3940	518	27.92	1018.6	55.67	236836	AS7341	flash	5	100	999	10	100.0	0.15
2026-07-10T09:10:19.103	450	972	639	1152	2930	2851	3373	3719	3938	518	27.93	1018.66	55.68	235650	AS7341	flash	5	100	999	10	0.0	0.15
2026-07-10T09:10:21.094	450	972	638	1150	2925	2845	3369	3720	3935	517	27.96	1018.62	56.15	233147	AS7341	flash	5	100	999	10	0.0	0.15
2026-07-10T09:10:23.092	450	972	638	1149	2919	2839	3364	3721	3931	516	27.99	1018.64	57.46	229252	AS7341	flash	5	100	999	10	0.0	0.15
2026-07-10T09:10:25.088	449	973	638	1146	2910	2830	3357	3720	3925	516	28.0	1018.63	58.98	227353	AS7341	flash	5	100	999	10	0.0	0.15
2026-07-10T09:10:27.075	449	972	638	1144	2903	2821	3350	3718	3919	515	28.01	1018.65	60.44	224104	AS7341	flash	5	100	999	10	0.0	0.15
2026-07-10T09:10:29.071	448	974	638	1141	2894	2811	3340	3716	3911	515	28.02	1018.65	61.7	218311	AS7341	flash	5	100	999	10	0.0	0.15
2026-07-10T09:10:31.060	448	975	637	1138	2886	2801	3331	3713	3903	514	28.03	1018.66	62.84	216162	AS7341	flash	5	100	999	10	0.0	0.15
2026-07-10T09:10:33.054	448	976	637	1136	2879	2795	3325	3712	3898	513	28.05	1018.63	63.83	211307	AS7341	flash	5	100	999	10	0.0	0.15
2026-07-10T09:10:35.040	447	977	637	1134	2870	2786	3317	3709	3891	513	28.05	1018.6	64.54	212809	AS7341	flash	5	100	999	10	0.0	0.15
2026-07-10T09:10:37.127	447	978	637	1132	2864	2779	3312	3709	3887	512	28.05	1018.65	65.13	207187	AS7341	flash	5	100	999	10	0.0	0.15
2026-07-10T09:10:39.116	447	979	637	1130	2857	2771	3304	3706	3880	512	28.06	1018.65	65.74	206667	AS7341	flash	5	100	999	10	0.0	0.15
2026-07-10T09:10:41.110	446	978	637	1127	2849	2763	3298	3703	3873	511	28.07	1018.65	66.32	205763	AS7341	flash	5	100	999	10	0.0	0.15
2026-07-10T09:10:43.095	446	980	636	1125	2844	2756	3293	3702	3868	510	28.07	1018.69	66.83	201237	AS7341	flash	5	100	999	10	0.0	0.15
2026-07-10T09:10:45.084	446	980	636	1123	2837	2750	3287	3700	3863	510	28.09	1018.68	67.26	200014	AS7341	flash	5	100	999	10	0.0	0.15
2026-07-10T09:10:47.074	446	981	636	1122	2832	2745	3282	3700	3860	510	28.1	1018.69	67.6	197496	AS7341	flash	5	100	999	10	0.0	0.15
2026-07-10T09:10:49.060	445	981	636	1120	2826	2739	3277	3698	3855	509	28.11	1018.65	67.92	197141	AS7341	flash	5	100	999	10	0.0	0.15
2026-07-10T09:10:51.045	445	982	636	1118	2823	2734	3273	3697	3850	509	28.11	1018.69	68.18	195968	AS7341	flash	5	100	999	10	0.0	0.15
2026-07-10T09:10:53.035	445	983	636	1117	2818	2729	3269	3697	3848	509	28.12	1018.68	68.57	192531	AS7341	flash	5	100	999	10	0.0	0.15
2026-07-10T09:10:55.130	445	984	636	1116	2814	2725	3266	3697	3845	508	28.12	1018.68	68.96	190747	AS7341	flash	5	100	999	10	0.0	0.15
2026-07-10T09:10:57.116	445	985	636	1115	2809	2720	3262	3695	3840	508	28.13	1018.7	69.28	190306	AS7341	flash	5	100	999	10	0.0	0.15
2026-07-10T09:10:59.104	445	986	636	1113	2806	2716	3259	3695	3838	507	28.14	1018.7	69.5	190968	AS7341	flash	5	100	999	10	0.0	0.15
2026-07-10T09:11:01.090	444	986	636	1112	2802	2711	3255	3694	3834	508	28.14	1018.69	69.72	187383	AS7341	flash	5	100	999	10	0.0	0.15
2026-07-10T09:11:03.073	444	985	635	1110	2797	2707	3251	3692	3830	508	28.15	1018.7	69.95	188025	AS7341	flash	5	100	999	10	0.0	0.15
2026-07-10T09:11:05.055	444	987	636	1109	2794	2705	3248	3692	3827	507	28.16	1018.69	70.07	185692	AS7341	flash	5	100	999	10	0.0	0.15
2026-07-10T09:11:07.042	444	987	635	1107	2791	2701	3245	3692	3824	507	28.17	1018.69	70.21	185797	AS7341	flash	5	100	999	10	0.0	0.15
2026-07-10T09:11:09.129	444	988	635	1108	2788	2698	3243	3693	3822	507	28.16	1018.67	70.4	186007	AS7341	flash	5	100	999	10	0.0	0.15
2026-07-10T09:11:11.109	444	988	635	1106	2785	2694	3240	3692	3818	506	28.17	1018.7	70.56	185483	AS7341	flash	5	100	999	10	0.0	0.15
2026-07-10T09:11:13.098	444	988	635	1105	2781	2691	3237	3691	3815	506	28.18	1018.7	70.76	184065	AS7341	flash	5	100	999	10	0.0	0.15
2026-07-10T09:11:15.090	443	988	635	1104	2778	2688	3235	3690	3813	506	28.19	1018.72	70.86	186111	AS7341	flash	5	100	999	10	0.0	0.15
2026-07-10T09:11:17.073	443	989	635	1103	2776	2685	3233	3691	3810	506	28.19	1018.68	70.93	181670	AS7341	flash	5	100	999	10	0.0	0.15
2026-07-10T09:11:19.057	443	989	635	1102	2776	2685	3235	3692	3810	505	28.19	1018.68	71.1	181081	AS7341	flash	5	100	999	10	100.0	0.15
2026-07-10T09:11:21.047	443	989	636	1104	2778	2688	3238	3693	3812	505	28.16	1018.71	70.51	181867	AS7341	flash	5	100	999	10	100.0	0.15
2026-07-10T09:11:23.031	444	990	637	1103	2779	2689	3237	3689	3811	506	28.15	1018.69	68.61	185170	AS7341	flash	5	100	999	10	100.0	0.15
2026-07-10T09:11:25.116	444	991	637	1103	2778	2688	3234	3683	3810	506	28.13	1018.72	66.55	187489	AS7341	flash	5	100	999	10	100.0	0.15
2026-07-10T09:11:27.112	445	993	637	1103	2777	2688	3233	3678	3808	505	28.13	1018.67	64.89	194120	AS7341	flash	5	100	999	10	100.0	0.15
2026-07-10T09:11:29.096	444	994	637	1103	2777	2688	3231	3672	3806	505	28.14	1018.69	63.54	196905	AS7341	flash	5	100	999	10	100.0	0.15
2026-07-10T09:11:31.087	445	995	637	1104	2778	2688	3229	3667	3806	505	28.13	1018.7	62.46	199288	AS7341	flash	5	100	999	10	100.0	0.15
2026-07-10T09:11:33.076	445	996	637	1104	2778	2688	3228	3663	3804	505	28.13	1018.7	61.61	199772	AS7341	flash	5	100	999	10	100.0	0.15
2026-07-10T09:11:35.070	445	997	638	1105	2779	2689	3227	3659	3805	505	28.12	1018.7	60.9	204485	AS7341	flash	5	100	999	10	100.0	0.15
2026-07-10T09:11:37.056	445	999	638	1105	2780	2690	3227	3655	3805	505	28.12	1018.72	60.33	207972	AS7341	flash	5	100	999	10	100.0	0.15
2026-07-10T09:11:39.045	445	999	638	1105	2782	2691	3227	3651	3805	505	28.12	1018.69	59.86	208498	AS7341	flash	5	100	999	10	100.0	0.15
2026-07-10T09:11:41.038	445	1000	639	1106	2783	2693	3227	3649	3806	505	28.13	1018.69	59.45	211307	AS7341	flash	5	100	999	10	100.0	0.15
2026-07-10T09:11:43.034	445	1000	639	1107	2784	2694	3227	3645	3806	505	28.12	1018.68	59.13	209293	AS7341	flash	5	100	999	10	100.0	0.15
2026-07-10T09:11:45.122	445	1001	639	1108	2788	2698	3230	3645	3809	505	28.11	1018.71	58.83	212535	AS7341	flash	5	100	999	10	100.0	0.15
2026-07-10T09:11:47.114	445	1001	639	1108	2789	2699	3230	3643	3809	505	28.11	1018.66	58.6	214612	AS7341	flash	5	100	999	10	100.0	0.15
2026-07-10T09:11:49.097	445	1001	639	1109	2790	2701	3231	3641	3810	505	28.11	1018.69	58.37	213499	AS7341	flash	5	100	999	10	100.0	0.15
2026-07-10T09:11:51.087	445	1001	639	1110	2792	2702	3231	3639	3811	505	28.11	1018.66	58.2	215596	AS7341	flash	5	100	999	10	100.0	0.15
2026-07-10T09:11:53.072	445	1001	639	1110	2794	2704	3232	3638	3812	505	28.1	1018.65	58.04	219768	AS7341	flash	5	100	999	10	100.0	0.15
2026-07-10T09:11:55.050	445	1001	640	1111	2796	2708	3235	3638	3815	506	28.1	1018.67	57.9	220061	AS7341	flash	5	100	999	10	100.0	0.15
2026-07-10T09:11:57.036	445	1001	640	1112	2797	2709	3235	3636	3815	506	28.1	1018.65	57.78	216304	AS7341	flash	5	100	999	10	100.0	0.15
2026-07-10T09:11:59.127	446	1000	640	1113	2800	2713	3239	3637	3817	506	28.1	1018.68	57.68	217446	AS7341	flash	5	100	999	10	100.0	0.15
2026-07-10T09:12:01.119	446	1000	640	1114	2802	2714	3240	3636	3817	506	28.1	1018.67	57.56	218311	AS7341	flash	5	100	999	10	100.0	0.15
2026-07-10T09:12:03.105	446	1000	640	1115	2805	2718	3243	3637	3821	506	28.1	1018.66	57.49	220061	AS7341	flash	5	100	999	10	100.0	0.15
2026-07-10T09:12:05.087	446	999	640	1114	2807	2720	3244	3635	3821	506	28.1	1018.68	57.4	219475	AS7341	flash	5	100	999	10	100.0	0.15
2026-07-10T09:12:07.078	446	1000	640	1115	2810	2723	3247	3636	3824	506	28.09	1018.64	57.31	219914	AS7341	flash	5	100	999	10	100.0	0.15
2026-07-10T09:12:09.073	445	999	640	1116	2812	2725	3249	3637	3826	507	28.1	1018.66	57.24	225177	AS7341	flash	5	100	999	10	100.0	0.15
2026-07-10T09:12:11.058	446	999	640	1117	2815	2728	3251	3638	3828	507	28.09	1018.67	57.17	225177	AS7341	flash	5	100	999	10	100.0	0.15
2026-07-10T09:12:13.046	445	998	640	1118	2817	2730	3253	3638	3831	507	28.09	1018.69	57.11	226571	AS7341	flash	5	100	999	10	100.0	0.15
2026-07-10T09:12:15.039	445	998	640	1118	2818	2732	3255	3638	3830	507	28.08	1018.66	57.05	226260	AS7341	flash	5	100	999	10	100.0	0.15
2026-07-10T09:12:17.126	445	998	640	1119	2822	2736	3258	3639	3833	507	28.07	1018.66	56.99	226415	AS7341	flash	5	100	999	10	100.0	0.15
2026-07-10T09:12:19.111	445	997	641	1120	2823	2738	3259	3639	3834	508	28.08	1018.66	56.95	225331	AS7341	flash	5	100	999	10	100.0	0.15
2026-07-10T09:12:21.098	445	996	640	1121	2826	2741	3262	3640	3837	508	28.08	1018.68	56.9	228299	AS7341	flash	5	100	999	10	100.0	0.15
2026-07-10T09:12:23.080	446	996	641	1121	2828	2742	3264	3641	3838	508	28.07	1018.64	56.86	228775	AS7341	flash	5	100	999	10	100.0	0.15
2026-07-10T09:12:25.069	445	996	641	1122	2830	2745	3266	3641	3840	508	28.07	1018.65	56.82	229412	AS7341	flash	5	100	999	10	100.0	0.15
2026-07-10T09:12:27.055	446	995	641	1122	2832	2747	3269	3643	3842	508	28.07	1018.66	56.79	227668	AS7341	flash	5	100	999	10	100.0	0.15
2026-07-10T09:12:29.039	446	995	641	1123	2834	2749	3271	3643	3844	508	28.07	1018.67	56.75	229252	AS7341	flash	5	100	999	10	100.0	0.15
2026-07-10T09:12:31.028	446	994	641	1123	2837	2751	3273	3644	3846	509	28.07	1018.68	56.72	228934	AS7341	flash	5	100	999	10	100.0	0.15
2026-07-10T09:12:33.117	446	994	641	1125	2839	2754	3276	3646	3849	509	28.06	1018.66	56.7	230536	AS7341	flash	5	100	999	10	100.0	0.15
2026-07-10T09:12:35.107	446	994	641	1125	2841	2757	3277	3647	3851	509	28.07	1018.67	56.67	229892	AS7341	flash	5	100	999	10	100.0	0.15
2026-07-10T09:12:37.093	446	993	641	1126	2842	2758	3278	3648	3852	509	28.07	1018.65	56.64	227510	AS7341	flash	5	100	999	10	100.0	0.15
2026-07-10T09:12:39.079	446	993	641	1126	2844	2760	3280	3649	3852	509	28.06	1018.69	56.61	231834	AS7341	flash	5	100	999	10	100.0	0.15
2026-07-10T09:12:41.065	446	992	641	1127	2845	2761	3281	3648	3852	509	28.06	1018.65	56.57	232489	AS7341	flash	5	100	999	10	100.0	0.15
2026-07-10T09:12:43.051	446	992	641	1128	2848	2764	3284	3651	3856	510	28.07	1018.67	56.55	231021	AS7341	flash	5	100	999	10	100.0	0.15
2026-07-10T09:12:45.038	446	991	641	1128	2850	2766	3286	3651	3858	509	28.07	1018.65	56.52	232653	AS7341	flash	5	100	999	10	100.0	0.15
2026-07-10T09:12:47.129	447	991	641	1129	2852	2768	3289	3654	3860	510	28.05	1018.62	56.49	232161	AS7341	flash	5	100	999	10	100.0	0.15
2026-07-10T09:12:49.118	447	991	641	1128	2852	2770	3289	3654	3861	509	28.06	1018.66	56.47	232489	AS7341	flash	5	100	999	10	100.0	0.15
2026-07-10T09:12:51.102	447	990	641	1129	2854	2771	3291	3654	3862	509	28.07	1018.63	56.45	232818	AS7341	flash	5	100	999	10	100.0	0.15
2026-07-10T09:12:53.090	447	990	641	1130	2857	2774	3294	3657	3864	510	28.06	1018.62	56.41	234475	AS7341	flash	5	100	999	10	100.0	0.15
2026-07-10T09:12:55.074	447	990	641	1130	2858	2775	3294	3657	3864	510	28.06	1018.64	56.39	232818	AS7341	flash	5	100	999	10	100.0	0.15
2026-07-10T09:12:57.059	447	989	641	1131	2859	2777	3296	3658	3866	510	28.06	1018.62	56.37	232325	AS7341	flash	5	100	999	10	100.0	0.15
2026-07-10T09:12:59.042	447	989	641	1132	2862	2779	3299	3660	3868	510	28.06	1018.67	56.34	235145	AS7341	flash	5	100	999	10	100.0	0.15
2026-07-10T09:13:01.038	447	989	641	1132	2864	2781	3301	3661	3871	510	28.07	1018.66	56.32	230214	AS7341	flash	5	100	999	10	100.0	0.15
2026-07-10T09:13:03.128	447	988	641	1133	2866	2782	3303	3662	3872	511	28.06	1018.65	56.32	234475	AS7341	flash	5	100	999	10	100.0	0.15
2026-07-10T09:13:05.109	447	988	641	1133	2866	2783	3304	3663	3872	511	28.07	1018.64	56.3	233809	AS7341	flash	5	100	999	10	100.0	0.15
2026-07-10T09:13:07.092	447	988	641	1133	2867	2785	3305	3663	3874	511	28.07	1018.65	56.28	232982	AS7341	flash	5	100	999	10	100.0	0.15
2026-07-10T09:13:09.080	448	988	641	1134	2868	2786	3307	3664	3875	511	28.07	1018.65	56.26	235145	AS7341	flash	5	100	999	10	100.0	0.15
2026-07-10T09:13:11.065	448	987	641	1135	2870	2787	3308	3666	3876	511	28.06	1018.68	56.24	232653	AS7341	flash	5	100	999	10	100.0	0.15
2026-07-10T09:13:13.052	448	986	641	1135	2871	2789	3309	3667	3878	511	28.07	1018.64	56.22	235481	AS7341	flash	5	100	999	10	100.0	0.15
2026-07-10T09:13:15.038	448	987	641	1135	2872	2790	3311	3667	3879	511	28.07	1018.65	56.2	235313	AS7341	flash	5	100	999	10	100.0	0.15
2026-07-10T09:13:17.127	448	986	641	1136	2874	2792	3313	3670	3881	511	28.06	1018.64	56.19	232489	AS7341	flash	5	100	999	10	100.0	0.15
2026-07-10T09:13:19.106	448	986	641	1135	2876	2794	3314	3671	3883	512	28.07	1018.66	56.17	236666	AS7341	flash	5	100	999	10	100.0	0.15
2026-07-10T09:13:21.094	448	985	641	1136	2877	2794	3315	3671	3883	512	28.07	1018.67	56.15	235818	AS7341	flash	5	100	999	10	100.0	0.15
2026-07-10T09:13:23.080	448	985	641	1136	2877	2795	3315	3671	3882	512	28.06	1018.66	56.13	232818	AS7341	flash	5	100	999	10	100.0	0.15
2026-07-10T09:13:25.066	448	985	641	1137	2879	2797	3317	3673	3885	512	28.06	1018.63	56.12	237177	AS7341	flash	5	100	999	10	100.0	0.15
2026-07-10T09:13:27.052	448	985	641	1137	2879	2798	3318	3673	3886	512	28.06	1018.66	56.11	236496	AS7341	flash	5	100	999	10	100.0	0.15
2026-07-10T09:13:29.030	448	984	641	1137	2879	2799	3318	3673	3885	512	28.06	1018.63	56.09	236157	AS7341	flash	5	100	999	10	100.0	0.15
2026-07-10T09:13:31.116	448	984	641	1138	2882	2801	3320	3675	3888	512	28.05	1018.65	56.08	236836	AS7341	flash	5	100	999	10	100.0	0.15
2026-07-10T09:13:33.099	448	984	641	1138	2882	2801	3321	3675	3889	512	28.07	1018.65	56.04	232489	AS7341	flash	5	100	999	10	100.0	0.15
2026-07-10T09:13:35.090	448	984	641	1138	2883	2802	3322	3675	3890	512	28.06	1018.62	56.05	235987	AS7341	flash	5	100	999	10	100.0	0.15
2026-07-10T09:13:37.076	448	983	641	1138	2884	2803	3322	3676	3890	512	28.06	1018.66	56.03	233478	AS7341	flash	5	100	999	10	100.0	0.15
2026-07-10T09:13:39.065	448	983	641	1139	2886	2805	3324	3677	3892	512	28.07	1018.68	56.0	237177	AS7341	flash	5	100	999	10	100.0	0.15
2026-07-10T09:13:41.055	448	983	641	1139	2888	2806	3326	3679	3893	513	28.06	1018.66	55.99	238034	AS7341	flash	5	100	999	10	100.0	0.15
2026-07-10T09:13:43.044	448	983	641	1140	2888	2807	3326	3679	3893	513	28.06	1018.62	55.97	234475	AS7341	flash	5	100	999	10	100.0	0.15
2026-07-10T09:13:45.040	448	983	641	1140	2889	2807	3328	3680	3895	513	28.06	1018.66	55.98	236836	AS7341	flash	5	100	999	10	100.0	0.15
2026-07-10T09:13:47.028	448	982	641	1141	2890	2808	3328	3680	3895	513	28.06	1018.65	55.94	237862	AS7341	flash	5	100	999	10	100.0	0.15
2026-07-10T09:13:49.120	449	982	641	1141	2890	2809	3330	3682	3897	513	28.05	1018.64	55.93	234142	AS7341	flash	5	100	999	10	100.0	0.15
2026-07-10T09:13:51.108	448	982	641	1141	2891	2809	3330	3682	3897	513	28.06	1018.66	55.93	235818	AS7341	flash	5	100	999	10	100.0	0.15
2026-07-10T09:13:53.095	449	982	641	1141	2892	2811	3332	3683	3898	513	28.06	1018.63	55.92	235818	AS7341	flash	5	100	999	10	100.0	0.15
2026-07-10T09:13:55.081	448	981	641	1141	2893	2811	3333	3684	3899	513	28.07	1018.66	55.9	239942	AS7341	flash	5	100	999	10	100.0	0.15
2026-07-10T09:13:57.069	449	981	641	1141	2893	2812	3332	3684	3898	513	28.07	1018.65	55.9	238379	AS7341	flash	5	100	999	10	100.0	0.15
2026-07-10T09:13:59.061	449	981	641	1141	2893	2812	3333	3683	3898	513	28.06	1018.66	55.86	239767	AS7341	flash	5	100	999	10	100.0	0.15
2026-07-10T09:14:01.045	449	981	641	1142	2894	2813	3334	3685	3900	513	28.06	1018.64	55.86	238897	AS7341	flash	5	100	999	10	100.0	0.15
2026-07-10T09:14:03.037	449	981	641	1141	2895	2814	3335	3685	3901	513	28.06	1018.6	55.86	239071	AS7341	flash	5	100	999	10	100.0	0.15
2026-07-10T09:14:05.124	449	981	641	1142	2896	2815	3336	3687	3902	514	28.06	1018.66	55.86	238897	AS7341	flash	5	100	999	10	100.0	0.15
2026-07-10T09:14:07.113	449	981	641	1142	2897	2816	3337	3687	3903	514	28.07	1018.62	55.85	238897	AS7341	flash	5	100	999	10	100.0	0.15
2026-07-10T09:14:09.100	449	981	641	1143	2898	2816	3337	3688	3903	514	28.07	1018.64	55.85	240292	AS7341	flash	5	100	999	10	100.0	0.15
2026-07-10T09:14:11.091	449	980	641	1143	2898	2817	3338	3688	3904	514	28.07	1018.66	55.84	240292	AS7341	flash	5	100	999	10	100.0	0.15
2026-07-10T09:14:13.079	449	980	641	1143	2898	2817	3338	3687	3904	514	28.07	1018.65	55.82	239593	AS7341	flash	5	100	999	10	100.0	0.15
2026-07-10T09:14:15.065	449	980	640	1143	2900	2818	3339	3688	3905	514	28.07	1018.66	55.79	240117	AS7341	flash	5	100	999	10	100.0	0.15
2026-07-10T09:14:17.053	449	980	640	1143	2900	2818	3339	3688	3905	514	28.07	1018.63	55.79	240292	AS7341	flash	5	100	999	10	100.0	0.15
2026-07-10T09:14:19.040	449	979	640	1143	2901	2820	3341	3689	3905	514	28.07	1018.64	55.78	238551	AS7341	flash	5	100	999	10	100.0	0.15
2026-07-10T09:14:21.027	449	980	641	1144	2903	2821	3342	3691	3907	514	28.07	1018.65	55.77	240995	AS7341	flash	5	100	999	10	100.0	0.15
2026-07-10T09:14:23.121	449	980	641	1144	2902	2822	3343	3691	3908	514	28.06	1018.64	55.75	240292	AS7341	flash	5	100	999	10	100.0	0.15
2026-07-10T09:14:25.106	449	980	641	1145	2903	2822	3343	3692	3908	514	28.07	1018.65	55.75	240117	AS7341	flash	5	100	999	10	100.0	0.15
2026-07-10T09:14:27.090	449	980	641	1145	2903	2823	3344	3693	3909	514	28.07	1018.67	55.73	240292	AS7341	flash	5	100	999	10	100.0	0.15
2026-07-10T09:14:29.080	449	979	641	1145	2904	2824	3344	3693	3909	514	28.07	1018.67	55.74	238206	AS7341	flash	5	100	999	10	100.0	0.15
2026-07-10T09:14:31.065	449	979	641	1145	2904	2823	3345	3693	3909	514	28.07	1018.64	55.74	240643	AS7341	flash	5	100	999	10	100.0	0.15
2026-07-10T09:14:33.052	449	979	641	1145	2906	2825	3345	3694	3911	515	28.06	1018.61	55.72	240643	AS7341	flash	5	100	999	10	100.0	0.15
2026-07-10T09:14:35.047	449	979	641	1145	2905	2824	3346	3693	3910	515	28.07	1018.65	55.72	240292	AS7341	flash	5	100	999	10	100.0	0.15
2026-07-10T09:14:37.028	449	979	641	1146	2906	2826	3346	3695	3912	515	28.06	1018.66	55.7	242236	AS7341	flash	5	100	999	10	100.0	0.15
2026-07-10T09:14:39.118	450	979	640	1146	2908	2827	3348	3696	3914	515	28.05	1018.66	55.69	239418	AS7341	flash	5	100	999	10	100.0	0.15
2026-07-10T09:14:41.107	449	978	641	1146	2906	2826	3346	3694	3912	515	28.06	1018.64	55.68	240995	AS7341	flash	5	100	999	10	100.0	0.15
2026-07-10T09:14:43.097	450	978	640	1146	2908	2827	3348	3696	3913	515	28.05	1018.66	55.67	242414	AS7341	flash	5	100	999	10	100.0	0.15
2026-07-10T09:14:45.081	449	978	640	1145	2908	2828	3348	3697	3913	515	28.05	1018.63	55.67	243490	AS7341	flash	5	100	999	10	100.0	0.15
2026-07-10T09:14:47.057	449	978	640	1146	2908	2828	3348	3696	3913	515	28.04	1018.64	55.68	241703	AS7341	flash	5	100	999	10	100.0	0.15
2026-07-10T09:14:49.034	449	978	641	1145	2908	2827	3347	3695	3912	515	28.05	1018.62	55.68	242058	AS7341	flash	5	100	999	10	100.0	0.15
2026-07-10T09:14:51.127	450	978	640	1146	2910	2830	3351	3699	3915	515	28.04	1018.64	55.69	241880	AS7341	flash	5	100	999	10	100.0	0.15
2026-07-10T09:14:53.113	449	978	640	1146	2910	2830	3350	3698	3915	515	28.05	1018.66	55.69	243130	AS7341	flash	5	100	999	10	100.0	0.15
2026-07-10T09:14:55.099	450	978	640	1146	2910	2829	3350	3698	3915	515	28.05	1018.64	55.7	243130	AS7341	flash	5	100	999	10	100.0	0.15
2026-07-10T09:14:57.078	449	978	640	1146	2910	2830	3350	3698	3915	515	28.05	1018.66	55.69	241525	AS7341	flash	5	100	999	10	100.0	0.15
2026-07-10T09:14:59.067	450	978	640	1146	2911	2830	3351	3698	3915	515	28.05	1018.65	55.69	240292	AS7341	flash	5	100	999	10	100.0	0.15
2026-07-10T09:15:01.050	450	977	640	1146	2911	2830	3351	3698	3916	515	28.05	1018.65	55.67	242414	AS7341	flash	5	100	999	10	100.0	0.15
2026-07-10T09:15:03.142	450	978	640	1147	2913	2831	3353	3700	3918	515	28.04	1018.65	55.67	239593	AS7341	flash	5	100	999	10	100.0	0.15
2026-07-10T09:15:05.126	450	977	640	1147	2913	2831	3353	3699	3918	515	28.05	1018.62	55.66	241703	AS7341	flash	5	100	999	10	100.0	0.15
2026-07-10T09:15:07.110	450	977	640	1147	2912	2831	3352	3699	3918	515	28.04	1018.64	55.64	239942	AS7341	flash	5	100	999	10	100.0	0.15
2026-07-10T09:15:09.100	450	977	640	1147	2912	2832	3353	3700	3918	515	28.05	1018.62	55.63	242058	AS7341	flash	5	100	999	10	100.0	0.15
2026-07-10T09:15:11.079	450	977	640	1147	2912	2832	3353	3700	3917	515	28.06	1018.64	55.63	241703	AS7341	flash	5	100	999	10	100.0	0.15
2026-07-10T09:15:13.062	450	977	640	1147	2913	2832	3354	3700	3919	515	28.06	1018.66	55.63	243490	AS7341	flash	5	100	999	10	100.0	0.15
2026-07-10T09:15:15.146	450	977	640	1147	2913	2832	3354	3700	3918	515	28.06	1018.61	55.62	238034	AS7341	flash	5	100	999	10	100.0	0.15
2026-07-10T09:15:17.133	450	977	640	1148	2914	2833	3355	3701	3919	515	28.06	1018.66	55.63	239942	AS7341	flash	5	100	999	10	100.0	0.15
2026-07-10T09:15:19.120	450	977	640	1147	2914	2834	3355	3702	3919	516	28.06	1018.63	55.65	239418	AS7341	flash	5	100	999	10	100.0	0.15
2026-07-10T09:15:21.105	450	977	640	1148	2914	2833	3355	3701	3919	516	28.06	1018.66	55.63	242772	AS7341	flash	5	100	999	10	100.0	0.15
2026-07-10T09:15:23.104	450	977	640	1148	2914	2834	3355	3702	3919	516	28.05	1018.63	55.65	242951	AS7341	flash	5	100	999	10	100.0	0.15
2026-07-10T09:15:25.094	450	976	640	1148	2914	2834	3355	3702	3920	515	28.06	1018.64	55.65	243130	AS7341	flash	5	100	999	10	100.0	0.15
2026-07-10T09:15:27.089	450	976	640	1148	2915	2834	3356	3702	3920	516	28.06	1018.63	55.65	238897	AS7341	flash	5	100	999	10	100.0	0.15
2026-07-10T09:15:29.070	450	976	640	1148	2915	2835	3356	3702	3920	516	28.06	1018.61	55.66	240292	AS7341	flash	5	100	999	10	100.0	0.15
2026-07-10T09:15:31.059	450	976	640	1148	2916	2835	3357	3703	3921	516	28.07	1018.65	55.68	240643	AS7341	flash	5	100	999	10	100.0	0.15
2026-07-10T09:15:33.049	450	976	640	1148	2916	2836	3358	3704	3922	516	28.06	1018.61	55.67	239942	AS7341	flash	5	100	999	10	100.0	0.15
2026-07-10T09:15:35.136	450	976	640	1148	2917	2836	3358	3704	3922	516	28.06	1018.64	55.67	242772	AS7341	flash	5	100	999	10	100.0	0.15
2026-07-10T09:15:37.129	450	976	640	1149	2916	2836	3358	3704	3922	516	28.06	1018.61	55.69	242236	AS7341	flash	5	100	999	10	100.0	0.15
2026-07-10T09:15:39.121	450	976	640	1149	2917	2836	3358	3705	3922	516	28.06	1018.65	55.69	239942	AS7341	flash	5	100	999	10	100.0	0.15
2026-07-10T09:15:41.114	450	976	640	1149	2917	2837	3359	3705	3923	516	28.06	1018.64	55.69	242593	AS7341	flash	5	100	999	10	100.0	0.15
2026-07-10T09:15:43.097	450	976	640	1149	2917	2836	3359	3705	3923	516	28.05	1018.63	55.69	240643	AS7341	flash	5	100	999	10	100.0	0.15
2026-07-10T09:15:45.079	450	976	640	1149	2918	2838	3360	3706	3924	516	28.05	1018.61	55.67	243850	AS7341	flash	5	100	999	10	100.0	0.15
2026-07-10T09:15:47.062	450	976	640	1149	2918	2837	3359	3705	3923	516	28.05	1018.62	55.67	240292	AS7341	flash	5	100	999	10	100.0	0.15
2026-07-10T09:15:49.050	450	976	640	1149	2918	2837	3359	3705	3922	516	28.06	1018.61	55.66	240819	AS7341	flash	5	100	999	10	100.0	0.15
2026-07-10T09:15:51.140	450	976	640	1149	2918	2837	3359	3706	3923	516	28.05	1018.63	55.67	242772	AS7341	flash	5	100	999	10	100.0	0.15
2026-07-10T09:15:53.128	450	976	640	1149	2918	2837	3359	3705	3922	516	28.06	1018.62	55.68	244938	AS7341	flash	5	100	999	10	100.0	0.15
2026-07-10T09:15:55.116	450	975	640	1149	2918	2837	3360	3706	3922	516	28.06	1018.61	55.69	243130	AS7341	flash	5	100	999	10	100.0	0.15
2026-07-10T09:15:57.111	450	976	640	1149	2919	2838	3360	3707	3924	516	28.06	1018.62	55.67	243490	AS7341	flash	5	100	999	10	100.0	0.15
2026-07-10T09:15:59.095	450	976	640	1149	2919	2839	3361	3707	3924	516	28.06	1018.62	55.68	242058	AS7341	flash	5	100	999	10	100.0	0.15
2026-07-10T09:16:01.082	450	975	640	1149	2918	2837	3360	3705	3923	516	28.07	1018.62	55.66	243490	AS7341	flash	5	100	999	10	100.0	0.15
2026-07-10T09:16:03.069	450	975	640	1149	2919	2838	3360	3706	3924	516	28.07	1018.62	55.67	243130	AS7341	flash	5	100	999	10	100.0	0.15
2026-07-10T09:16:05.057	450	975	640	1149	2919	2839	3361	3706	3924	516	28.07	1018.62	55.64	243850	AS7341	flash	5	100	999	10	100.0	0.15
2026-07-10T09:16:07.041	450	975	640	1150	2919	2838	3361	3705	3924	516	28.07	1018.6	55.65	243850	AS7341	flash	5	100	999	10	100.0	0.15
2026-07-10T09:16:09.139	450	975	640	1150	2920	2839	3362	3707	3926	516	28.07	1018.63	55.66	243130	AS7341	flash	5	100	999	10	100.0	0.15
2026-07-10T09:16:11.124	450	975	640	1150	2919	2838	3361	3706	3924	516	28.08	1018.61	55.66	240995	AS7341	flash	5	100	999	10	100.0	0.15
2026-07-10T09:16:13.113	450	975	640	1149	2920	2839	3361	3706	3925	516	28.08	1018.63	55.65	242951	AS7341	flash	5	100	999	10	100.0	0.15
2026-07-10T09:16:15.101	450	975	640	1149	2920	2839	3361	3706	3925	516	28.08	1018.63	55.63	243850	AS7341	flash	5	100	999	10	100.0	0.15
2026-07-10T09:16:17.085	450	975	640	1149	2920	2839	3361	3706	3924	516	28.08	1018.62	55.62	243850	AS7341	flash	5	100	999	10	100.0	0.15
2026-07-10T09:16:19.064	450	975	640	1148	2918	2837	3359	3705	3923	516	28.08	1018.63	55.61	243490	AS7341	flash	5	100	999	10	0.0	0.15
2026-07-10T09:16:21.052	450	975	639	1147	2913	2833	3356	3708	3921	515	28.12	1018.61	56.04	242951	AS7341	flash	5	100	999	10	0.0	0.15
2026-07-10T09:16:23.141	450	976	639	1145	2909	2827	3352	3710	3918	515	28.13	1018.61	57.42	232818	AS7341	flash	5	100	999	10	0.0	0.15
2026-07-10T09:16:25.125	449	976	639	1143	2900	2818	3344	3708	3911	514	28.15	1018.6	59.0	233147	AS7341	flash	5	100	999	10	0.0	0.15
2026-07-10T09:16:27.117	449	977	639	1141	2891	2809	3336	3706	3905	514	28.16	1018.61	60.61	228457	AS7341	flash	5	100	999	10	0.0	0.15
2026-07-10T09:16:29.111	448	978	639	1138	2883	2800	3329	3705	3899	513	28.17	1018.64	62.06	223042	AS7341	flash	5	100	999	10	0.0	0.15
2026-07-10T09:16:31.127	448	979	639	1136	2876	2792	3322	3704	3893	513	28.18	1018.65	63.24	220503	AS7341	flash	5	100	999	10	0.0	0.15
2026-07-10T09:16:33.141	448	979	638	1133	2867	2783	3313	3700	3885	512	28.18	1018.61	64.2	213915	AS7341	flash	5	100	999	10	0.0	0.15
2026-07-10T09:16:35.046	447	980	638	1131	2860	2775	3306	3699	3879	511	28.2	1018.67	64.93	216588	AS7341	flash	5	100	999	10	0.0	0.15
2026-07-10T09:16:37.061	447	981	638	1129	2853	2767	3299	3697	3873	512	28.18	1018.61	65.35	212947	AS7341	flash	5	100	999	10	0.0	0.15
2026-07-10T09:16:39.076	447	982	638	1127	2846	2759	3293	3696	3867	510	28.2	1018.63	65.52	213361	AS7341	flash	5	100	999	10	0.0	0.15
2026-07-10T09:16:41.099	446	983	638	1124	2840	2753	3288	3694	3862	510	28.2	1018.63	65.92	210767	AS7341	flash	5	100	999	10	0.0	0.15
2026-07-10T09:16:43.108	446	983	637	1122	2835	2747	3283	3694	3859	510	28.21	1018.63	66.5	209160	AS7341	flash	5	100	999	10	0.0	0.15
2026-07-10T09:16:45.149	446	984	637	1121	2829	2741	3279	3694	3855	510	28.22	1018.67	67.04	206796	AS7341	flash	5	100	999	10	0.0	0.15
2026-07-10T09:16:47.056	446	985	637	1119	2823	2735	3273	3692	3849	509	28.23	1018.67	67.43	201977	AS7341	flash	5	100	999	10	0.0	0.15
2026-07-10T09:16:49.071	445	985	637	1117	2819	2730	3268	3691	3845	508	28.23	1018.65	67.6	202723	AS7341	flash	5	100	999	10	0.0	0.15
2026-07-10T09:16:51.099	445	986	637	1116	2814	2725	3264	3690	3842	509	28.23	1018.69	67.63	203474	AS7341	flash	5	100	999	10	0.0	0.15
2026-07-10T09:16:53.122	445	986	637	1114	2810	2721	3261	3690	3838	509	28.23	1018.64	67.71	201730	AS7341	flash	5	100	999	10	0.0	0.15
2026-07-10T09:16:55.136	445	987	637	1114	2805	2716	3257	3689	3834	508	28.24	1018.65	67.93	198448	AS7341	flash	5	100	999	10	0.0	0.15
2026-07-10T09:16:57.165	445	987	636	1112	2802	2712	3254	3689	3832	508	28.23	1018.62	68.23	196905	AS7341	flash	5	100	999	10	0.0	0.15
2026-07-10T09:16:59.067	445	987	636	1110	2798	2708	3250	3688	3828	507	28.26	1018.65	68.56	194579	AS7341	flash	5	100	999	10	0.0	0.15
2026-07-10T09:17:01.085	444	988	636	1109	2794	2704	3247	3687	3825	507	28.24	1018.65	68.8	193436	AS7341	flash	5	100	999	10	0.0	0.15
2026-07-10T09:17:03.095	444	988	636	1108	2791	2700	3245	3687	3822	507	28.25	1018.64	68.93	195968	AS7341	flash	5	100	999	10	0.0	0.15
2026-07-10T09:17:05.113	444	989	636	1107	2788	2697	3243	3687	3821	507	28.25	1018.66	69.23	191523	AS7341	flash	5	100	999	10	0.0	0.15
2026-07-10T09:17:07.138	444	989	636	1106	2785	2695	3240	3688	3818	506	28.25	1018.64	69.59	193549	AS7341	flash	5	100	999	10	0.0	0.15
2026-07-10T09:17:09.153	444	989	636	1105	2781	2691	3237	3687	3814	506	28.26	1018.68	69.84	191079	AS7341	flash	5	100	999	10	0.0	0.15
2026-07-10T09:17:11.067	444	990	636	1104	2778	2688	3235	3687	3812	506	28.27	1018.69	70.04	190747	AS7341	flash	5	100	999	10	0.0	0.15
2026-07-10T09:17:13.083	444	990	636	1103	2774	2685	3233	3687	3809	506	28.26	1018.67	70.15	190858	AS7341	flash	5	100	999	10	0.0	0.15
2026-07-10T09:17:15.105	444	990	636	1102	2772	2681	3230	3686	3806	505	28.27	1018.69	70.19	190858	AS7341	flash	5	100	999	10	0.0	0.15
2026-07-10T09:17:17.126	444	991	636	1101	2770	2679	3228	3686	3805	505	28.26	1018.67	70.24	186007	AS7341	flash	5	100	999	10	0.0	0.15
2026-07-10T09:17:19.142	443	990	636	1101	2770	2680	3231	3690	3805	505	28.27	1018.66	70.36	189867	AS7341	flash	5	100	999	10	100.0	0.15
2026-07-10T09:17:21.158	444	991	637	1101	2772	2681	3232	3689	3806	506	28.23	1018.64	69.8	187703	AS7341	flash	5	100	999	10	100.0	0.15
2026-07-10T09:17:23.175	444	992	637	1101	2771	2682	3230	3684	3805	505	28.22	1018.68	68.01	194349	AS7341	flash	5	100	999	10	100.0	0.15
2026-07-10T09:17:25.090	444	993	637	1101	2771	2681	3229	3679	3803	505	28.22	1018.62	66.22	196436	AS7341	flash	5	100	999	10	100.0	0.15
2026-07-10T09:17:27.114	444	995	638	1102	2771	2681	3227	3673	3801	505	28.2	1018.64	64.6	201114	AS7341	flash	5	100	999	10	100.0	0.15
2026-07-10T09:17:29.131	445	996	637	1102	2772	2681	3225	3668	3801	505	28.2	1018.66	63.29	199772	AS7341	flash	5	100	999	10	100.0	0.15
2026-07-10T09:17:31.155	444	998	638	1102	2771	2681	3223	3662	3798	504	28.19	1018.64	62.23	206667	AS7341	flash	5	100	999	10	100.0	0.15
2026-07-10T09:17:33.171	445	999	638	1102	2771	2681	3222	3657	3798	504	28.19	1018.63	61.38	208235	AS7341	flash	5	100	999	10	100.0	0.15
2026-07-10T09:17:35.086	445	1000	638	1103	2772	2681	3220	3652	3797	504	28.2	1018.63	60.75	211037	AS7341	flash	5	100	999	10	100.0	0.15
2026-07-10T09:17:37.105	444	1001	639	1103	2772	2682	3219	3650	3797	504	28.19	1018.66	60.17	213638	AS7341	flash	5	100	999	10	100.0	0.15
2026-07-10T09:17:39.121	444	1002	639	1104	2774	2683	3219	3645	3797	504	28.18	1018.65	59.72	214193	AS7341	flash	5	100	999	10	100.0	0.15
2026-07-10T09:17:41.136	445	1003	639	1104	2775	2685	3220	3643	3798	504	28.18	1018.65	59.32	216588	AS7341	flash	5	100	999	10	100.0	0.15
2026-07-10T09:17:43.153	444	1003	640	1105	2776	2686	3219	3639	3798	504	28.17	1018.64	59.01	217303	AS7341	flash	5	100	999	10	100.0	0.15
2026-07-10T09:17:45.179	444	1004	640	1106	2779	2689	3222	3638	3801	504	28.17	1018.62	58.71	217446	AS7341	flash	5	100	999	10	100.0	0.15
2026-07-10T09:17:47.084	445	1004	640	1106	2780	2690	3222	3635	3800	504	28.18	1018.61	58.48	220503	AS7341	flash	5	100	999	10	100.0	0.15
2026-07-10T09:17:49.099	444	1004	640	1106	2782	2692	3223	3633	3801	504	28.16	1018.65	58.27	222289	AS7341	flash	5	100	999	10	100.0	0.15
2026-07-10T09:17:51.117	444	1004	640	1107	2784	2695	3225	3632	3803	504	28.16	1018.67	58.08	219768	AS7341	flash	5	100	999	10	100.0	0.15
2026-07-10T09:17:53.139	444	1005	641	1108	2787	2697	3226	3631	3805	505	28.15	1018.62	57.91	224870	AS7341	flash	5	100	999	10	100.0	0.15
2026-07-10T09:17:55.158	445	1005	641	1109	2789	2700	3228	3630	3807	505	28.15	1018.63	57.8	224716	AS7341	flash	5	100	999	10	100.0	0.15
2026-07-10T09:17:57.173	445	1005	641	1109	2791	2702	3230	3630	3807	505	28.14	1018.62	57.66	225795	AS7341	flash	5	100	999	10	100.0	0.15
2026-07-10T09:17:59.088	445	1004	641	1110	2792	2704	3230	3628	3808	505	28.15	1018.59	57.55	226415	AS7341	flash	5	100	999	10	100.0	0.15
2026-07-10T09:18:01.108	445	1004	641	1111	2795	2707	3233	3628	3810	505	28.15	1018.68	57.47	227668	AS7341	flash	5	100	999	10	100.0	0.15
2026-07-10T09:18:03.128	445	1004	641	1112	2797	2709	3235	3628	3812	505	28.15	1018.61	57.37	228299	AS7341	flash	5	100	999	10	100.0	0.15
2026-07-10T09:18:05.149	445	1004	641	1113	2799	2712	3236	3628	3814	505	28.14	1018.61	57.29	230053	AS7341	flash	5	100	999	10	100.0	0.15
2026-07-10T09:18:07.163	445	1003	641	1113	2802	2714	3238	3628	3815	506	28.14	1018.62	57.23	228934	AS7341	flash	5	100	999	10	100.0	0.15
2026-07-10T09:18:09.175	445	1004	642	1115	2804	2717	3240	3628	3817	506	28.14	1018.64	57.16	229892	AS7341	flash	5	100	999	10	100.0	0.15
2026-07-10T09:18:11.083	445	1003	642	1114	2806	2719	3242	3628	3818	506	28.16	1018.63	57.07	230859	AS7341	flash	5	100	999	10	100.0	0.15
2026-07-10T09:18:13.099	445	1003	641	1115	2809	2722	3244	3629	3820	506	28.15	1018.62	57.02	233147	AS7341	flash	5	100	999	10	100.0	0.15
2026-07-10T09:18:15.118	445	1002	641	1116	2811	2724	3246	3628	3821	506	28.14	1018.59	56.93	229093	AS7341	flash	5	100	999	10	100.0	0.15
2026-07-10T09:18:17.134	445	1001	641	1116	2812	2726	3247	3629	3823	506	28.14	1018.59	56.88	232161	AS7341	flash	5	100	999	10	100.0	0.15
2026-07-10T09:18:19.150	446	1002	642	1117	2816	2730	3252	3631	3827	507	28.14	1018.6	56.86	228934	AS7341	flash	5	100	999	10	100.0	0.15
2026-07-10T09:18:21.165	446	1001	642	1118	2818	2732	3253	3632	3829	507	28.14	1018.61	56.79	234142	AS7341	flash	5	100	999	10	100.0	0.15
2026-07-10T09:18:23.182	446	1001	642	1119	2820	2734	3255	3632	3829	507	28.14	1018.61	56.76	233478	AS7341	flash	5	100	999	10	100.0	0.15
2026-07-10T09:18:25.090	446	1000	642	1119	2821	2736	3256	3632	3830	507	28.14	1018.61	56.71	232161	AS7341	flash	5	100	999	10	100.0	0.15
2026-07-10T09:18:27.103	446	1000	642	1120	2824	2738	3259	3634	3833	507	28.13	1018.62	56.66	237177	AS7341	flash	5	100	999	10	100.0	0.15
2026-07-10T09:18:29.117	446	999	642	1121	2826	2740	3261	3634	3834	508	28.13	1018.63	56.62	236326	AS7341	flash	5	100	999	10	100.0	0.15
2026-07-10T09:18:31.130	446	999	641	1122	2828	2742	3263	3635	3836	508	28.12	1018.58	56.59	235481	AS7341	flash	5	100	999	10	100.0	0.15
2026-07-10T09:18:33.144	446	999	642	1122	2830	2745	3266	3637	3838	508	28.13	1018.62	56.56	235145	AS7341	flash	5	100	999	10	100.0	0.15
2026-07-10T09:18:35.164	446	998	642	1122	2832	2746	3267	3637	3839	508	28.13	1018.58	56.53	232982	AS7341	flash	5	100	999	10	100.0	0.15
2026-07-10T09:18:37.083	446	997	641	1123	2833	2749	3269	3638	3841	508	28.14	1018.6	56.48	237177	AS7341	flash	5	100	999	10	100.0	0.15
2026-07-10T09:18:39.115	446	997	642	1124	2836	2751	3272	3640	3843	509	28.13	1018.61	56.44	237348	AS7341	flash	5	100	999	10	100.0	0.15
2026-07-10T09:18:41.137	447	997	642	1124	2838	2753	3274	3641	3845	509	28.12	1018.59	56.44	237519	AS7341	flash	5	100	999	10	100.0	0.15
2026-07-10T09:18:43.166	447	997	642	1125	2840	2756	3276	3642	3847	509	28.12	1018.61	56.41	233809	AS7341	flash	5	100	999	10	100.0	0.15
2026-07-10T09:18:45.184	447	996	642	1126	2842	2758	3278	3643	3849	509	28.12	1018.6	56.38	233809	AS7341	flash	5	100	999	10	100.0	0.15
2026-07-10T09:18:47.093	447	995	642	1126	2844	2759	3279	3643	3850	509	28.14	1018.63	56.35	234810	AS7341	flash	5	100	999	10	100.0	0.15
2026-07-10T09:18:49.110	447	995	642	1127	2845	2761	3282	3645	3851	509	28.12	1018.59	56.32	238897	AS7341	flash	5	100	999	10	100.0	0.15
2026-07-10T09:18:51.134	447	995	642	1128	2847	2764	3284	3646	3853	510	28.12	1018.6	56.32	238724	AS7341	flash	5	100	999	10	100.0	0.15
2026-07-10T09:18:53.153	447	995	642	1129	2849	2766	3286	3648	3856	510	28.12	1018.6	56.3	238724	AS7341	flash	5	100	999	10	100.0	0.15
2026-07-10T09:18:55.168	447	994	642	1129	2850	2767	3287	3648	3856	510	28.12	1018.6	56.28	239593	AS7341	flash	5	100	999	10	100.0	0.15
2026-07-10T09:18:57.085	447	994	642	1129	2852	2769	3288	3649	3858	510	28.13	1018.61	56.25	240467	AS7341	flash	5	100	999	10	100.0	0.15
2026-07-10T09:18:59.103	447	993	642	1129	2854	2771	3291	3651	3861	510	28.12	1018.59	56.24	237177	AS7341	flash	5	100	999	10	100.0	0.15
2026-07-10T09:19:01.116	447	993	642	1129	2855	2771	3291	3651	3860	510	28.12	1018.59	56.21	240467	AS7341	flash	5	100	999	10	100.0	0.15
2026-07-10T09:19:03.143	447	993	642	1130	2856	2773	3293	3653	3861	510	28.12	1018.61	56.2	240995	AS7341	flash	5	100	999	10	100.0	0.15
2026-07-10T09:19:05.168	447	992	642	1130	2858	2775	3294	3654	3863	511	28.12	1018.59	56.19	241348	AS7341	flash	5	100	999	10	100.0	0.15
2026-07-10T09:19:07.183	447	992	641	1131	2860	2776	3296	3655	3865	511	28.12	1018.63	56.18	240643	AS7341	flash	5	100	999	10	100.0	0.15
2026-07-10T09:19:09.096	447	991	641	1131	2861	2777	3297	3655	3865	511	28.12	1018.59	56.15	239942	AS7341	flash	5	100	999	10	100.0	0.15
2026-07-10T09:19:11.115	448	991	642	1132	2862	2779	3299	3658	3868	511	28.12	1018.62	56.14	239593	AS7341	flash	5	100	999	10	100.0	0.15
2026-07-10T09:19:13.137	448	991	642	1133	2864	2781	3301	3659	3869	511	28.11	1018.62	56.12	242058	AS7341	flash	5	100	999	10	100.0	0.15
2026-07-10T09:19:15.150	448	990	641	1133	2865	2782	3303	3659	3869	510	28.12	1018.58	56.1	240467	AS7341	flash	5	100	999	10	100.0	0.15
2026-07-10T09:19:17.164	448	990	642	1134	2867	2784	3305	3661	3872	512	28.11	1018.63	56.09	239942	AS7341	flash	5	100	999	10	100.0	0.15
2026-07-10T09:19:19.183	448	990	642	1134	2868	2786	3306	3662	3873	511	28.12	1018.61	56.08	242951	AS7341	flash	5	100	999	10	100.0	0.15
2026-07-10T09:19:21.193	448	989	642	1134	2870	2787	3307	3662	3874	512	28.11	1018.59	56.07	239244	AS7341	flash	5	100	999	10	100.0	0.15
2026-07-10T09:19:23.100	448	989	642	1134	2870	2788	3308	3662	3875	511	28.12	1018.61	56.05	243310	AS7341	flash	5	100	999	10	100.0	0.15
2026-07-10T09:19:25.113	448	989	642	1135	2873	2790	3310	3664	3877	511	28.12	1018.61	56.04	239942	AS7341	flash	5	100	999	10	100.0	0.15
2026-07-10T09:19:27.125	448	989	641	1136	2872	2790	3310	3664	3877	511	28.11	1018.6	56.03	241348	AS7341	flash	5	100	999	10	100.0	0.15
2026-07-10T09:19:29.145	448	988	641	1135	2875	2792	3312	3666	3879	511	28.11	1018.62	56.0	241348	AS7341	flash	5	100	999	10	100.0	0.15
2026-07-10T09:19:31.162	448	988	642	1136	2874	2793	3313	3666	3879	511	28.12	1018.59	56.0	243130	AS7341	flash	5	100	999	10	100.0	0.15
2026-07-10T09:19:33.186	448	988	641	1136	2876	2795	3315	3667	3880	511	28.11	1018.61	55.99	241348	AS7341	flash	5	100	999	10	100.0	0.15
2026-07-10T09:19:35.099	448	987	641	1136	2876	2795	3314	3667	3880	511	28.13	1018.61	55.96	242058	AS7341	flash	5	100	999	10	100.0	0.15
2026-07-10T09:19:37.112	448	987	641	1136	2877	2796	3316	3668	3881	512	28.11	1018.6	55.94	243130	AS7341	flash	5	100	999	10	100.0	0.15
2026-07-10T09:19:39.125	448	987	641	1137	2879	2797	3318	3670	3883	512	28.12	1018.61	55.94	237519	AS7341	flash	5	100	999	10	100.0	0.15
2026-07-10T09:19:41.146	448	987	642	1137	2880	2799	3319	3671	3885	512	28.11	1018.61	55.93	243850	AS7341	flash	5	100	999	10	100.0	0.15
2026-07-10T09:19:43.165	448	987	641	1138	2881	2800	3320	3671	3885	512	28.11	1018.58	55.93	238724	AS7341	flash	5	100	999	10	100.0	0.15
2026-07-10T09:19:45.185	448	986	641	1138	2883	2802	3321	3673	3887	512	28.11	1018.62	55.91	243490	AS7341	flash	5	100	999	10	100.0	0.15
2026-07-10T09:19:47.195	449	986	642	1138	2884	2801	3322	3674	3888	512	28.11	1018.59	55.9	239418	AS7341	flash	5	100	999	10	100.0	0.15
2026-07-10T09:19:49.105	449	986	642	1139	2884	2802	3322	3674	3888	512	28.12	1018.63	55.89	244212	AS7341	flash	5	100	999	10	100.0	0.15
2026-07-10T09:19:51.123	449	986	641	1139	2885	2803	3323	3674	3888	512	28.1	1018.6	55.86	243130	AS7341	flash	5	100	999	10	100.0	0.15
2026-07-10T09:19:53.137	449	985	641	1139	2886	2804	3324	3676	3890	513	28.1	1018.6	55.86	244212	AS7341	flash	5	100	999	10	100.0	0.15
2026-07-10T09:19:55.166	449	985	641	1140	2887	2805	3326	3675	3891	513	28.1	1018.6	55.85	241880	AS7341	flash	5	100	999	10	100.0	0.15
2026-07-10T09:19:57.182	449	985	641	1140	2888	2806	3327	3677	3892	513	28.09	1018.59	55.84	241880	AS7341	flash	5	100	999	10	100.0	0.15
2026-07-10T09:19:59.195	449	985	642	1140	2888	2807	3327	3677	3892	513	28.1	1018.61	55.85	239942	AS7341	flash	5	100	999	10	100.0	0.15
2026-07-10T09:20:01.098	449	984	641	1140	2888	2807	3327	3677	3892	513	28.11	1018.6	55.83	242951	AS7341	flash	5	100	999	10	100.0	0.15
2026-07-10T09:20:03.112	449	985	642	1141	2890	2809	3330	3679	3895	513	28.1	1018.59	55.82	246404	AS7341	flash	5	100	999	10	100.0	0.15
2026-07-10T09:20:05.128	449	984	641	1141	2890	2809	3329	3678	3894	513	28.1	1018.61	55.82	244212	AS7341	flash	5	100	999	10	100.0	0.15
2026-07-10T09:20:07.155	449	984	641	1141	2892	2810	3331	3680	3895	513	28.1	1018.58	55.8	245669	AS7341	flash	5	100	999	10	100.0	0.15
2026-07-10T09:20:09.170	449	984	641	1142	2892	2810	3331	3680	3895	513	28.1	1018.59	55.8	243850	AS7341	flash	5	100	999	10	100.0	0.15
2026-07-10T09:20:11.184	449	984	641	1141	2892	2811	3331	3680	3895	513	28.09	1018.59	55.8	244031	AS7341	flash	5	100	999	10	100.0	0.15
2026-07-10T09:20:13.202	449	983	641	1141	2894	2813	3333	3682	3898	513	28.1	1018.6	55.8	244031	AS7341	flash	5	100	999	10	100.0	0.15
2026-07-10T09:20:15.221	449	983	641	1141	2894	2813	3334	3683	3898	513	28.09	1018.57	55.79	239593	AS7341	flash	5	100	999	10	100.0	0.15
2026-07-10T09:20:17.129	449	983	641	1142	2895	2814	3334	3683	3899	513	28.11	1018.62	55.78	240643	AS7341	flash	5	100	999	10	100.0	0.15
2026-07-10T09:20:19.149	449	983	641	1142	2896	2815	3335	3684	3899	513	28.1	1018.61	55.76	243850	AS7341	flash	5	100	999	10	100.0	0.15
2026-07-10T09:20:21.167	449	983	641	1142	2896	2815	3335	3684	3900	514	28.1	1018.6	55.75	246404	AS7341	flash	5	100	999	10	100.0	0.15
2026-07-10T09:20:23.184	449	983	641	1143	2897	2816	3336	3684	3900	514	28.09	1018.62	55.74	245303	AS7341	flash	5	100	999	10	100.0	0.15
2026-07-10T09:20:25.202	449	983	641	1143	2898	2817	3338	3686	3902	514	28.09	1018.63	55.75	244393	AS7341	flash	5	100	999	10	100.0	0.15
2026-07-10T09:20:27.218	449	983	641	1143	2899	2818	3339	3687	3902	514	28.09	1018.62	55.76	244938	AS7341	flash	5	100	999	10	100.0	0.15
2026-07-10T09:20:29.118	449	982	641	1143	2898	2817	3338	3686	3901	514	28.1	1018.62	55.73	247702	AS7341	flash	5	100	999	10	100.0	0.15
2026-07-10T09:20:31.137	449	982	641	1143	2899	2818	3339	3687	3902	514	28.09	1018.63	55.74	247515	AS7341	flash	5	100	999	10	100.0	0.15
2026-07-10T09:20:33.150	449	982	641	1143	2899	2819	3339	3687	3903	514	28.09	1018.61	55.73	241880	AS7341	flash	5	100	999	10	100.0	0.15
2026-07-10T09:20:35.167	449	982	641	1144	2900	2820	3341	3687	3904	514	28.09	1018.59	55.74	245852	AS7341	flash	5	100	999	10	100.0	0.15
2026-07-10T09:20:37.195	449	982	641	1144	2901	2820	3342	3688	3905	514	28.09	1018.62	55.72	246959	AS7341	flash	5	100	999	10	100.0	0.15
2026-07-10T09:20:39.208	450	982	641	1144	2902	2821	3342	3689	3906	514	28.08	1018.59	55.73	242058	AS7341	flash	5	100	999	10	100.0	0.15
2026-07-10T09:20:41.125	449	981	641	1143	2901	2821	3342	3688	3905	514	28.1	1018.63	55.72	245669	AS7341	flash	5	100	999	10	100.0	0.15
2026-07-10T09:20:43.145	449	981	641	1144	2901	2821	3342	3688	3905	514	28.08	1018.55	55.7	245669	AS7341	flash	5	100	999	10	100.0	0.15
2026-07-10T09:20:45.163	449	981	641	1144	2903	2822	3343	3690	3906	514	28.08	1018.59	55.7	245669	AS7341	flash	5	100	999	10	100.0	0.15
2026-07-10T09:20:47.175	450	981	641	1145	2903	2823	3344	3690	3907	514	28.09	1018.6	55.67	247144	AS7341	flash	5	100	999	10	100.0	0.15
2026-07-10T09:20:49.186	450	981	641	1145	2903	2823	3344	3690	3907	514	28.08	1018.61	55.68	246220	AS7341	flash	5	100	999	10	100.0	0.15
2026-07-10T09:20:51.203	449	980	641	1145	2904	2824	3345	3691	3907	515	28.09	1018.61	55.66	247515	AS7341	flash	5	100	999	10	100.0	0.15
2026-07-10T09:20:53.210	450	981	641	1145	2905	2824	3345	3691	3907	514	28.08	1018.6	55.67	244574	AS7341	flash	5	100	999	10	100.0	0.15
2026-07-10T09:20:55.119	450	980	641	1145	2905	2824	3345	3691	3908	514	28.09	1018.59	55.65	244031	AS7341	flash	5	100	999	10	100.0	0.15
2026-07-10T09:20:57.147	450	980	641	1145	2906	2826	3347	3693	3910	515	28.09	1018.59	55.65	247144	AS7341	flash	5	100	999	10	100.0	0.15
2026-07-10T09:20:59.174	450	980	641	1146	2907	2825	3347	3693	3910	515	28.09	1018.6	55.64	246774	AS7341	flash	5	100	999	10	100.0	0.15
2026-07-10T09:21:01.195	450	980	641	1146	2907	2826	3348	3694	3911	515	28.09	1018.58	55.62	247702	AS7341	flash	5	100	999	10	100.0	0.15
2026-07-10T09:21:03.206	450	980	641	1146	2908	2827	3349	3695	3911	515	28.08	1018.61	55.61	244574	AS7341	flash	5	100	999	10	100.0	0.15
2026-07-10T09:21:05.116	450	980	641	1146	2906	2825	3347	3693	3909	515	28.1	1018.63	55.6	246036	AS7341	flash	5	100	999	10	100.0	0.15
2026-07-10T09:21:07.130	450	980	641	1145	2908	2827	3349	3695	3912	515	28.09	1018.59	55.59	247144	AS7341	flash	5	100	999	10	100.0	0.15
2026-07-10T09:21:09.154	450	980	641	1146	2909	2827	3349	3695	3912	515	28.09	1018.59	55.57	243850	AS7341	flash	5	100	999	10	100.0	0.15
2026-07-10T09:21:11.174	450	980	641	1146	2910	2829	3351	3697	3914	515	28.08	1018.59	55.57	247888	AS7341	flash	5	100	999	10	100.0	0.15
2026-07-10T09:21:13.198	450	980	641	1145	2910	2828	3350	3696	3913	515	28.08	1018.61	55.58	244031	AS7341	flash	5	100	999	10	100.0	0.15
2026-07-10T09:21:15.212	450	980	641	1146	2910	2829	3352	3697	3914	515	28.09	1018.59	55.57	243490	AS7341	flash	5	100	999	10	100.0	0.15
2026-07-10T09:21:17.121	450	979	641	1146	2909	2828	3350	3695	3913	515	28.09	1018.58	55.55	246404	AS7341	flash	5	100	999	10	100.0	0.15
2026-07-10T09:21:19.140	450	979	641	1146	2909	2829	3350	3696	3913	515	28.09	1018.6	55.55	247144	AS7341	flash	5	100	999	10	100.0	0.15
2026-07-10T09:21:21.161	450	980	641	1146	2911	2830	3351	3698	3915	515	28.09	1018.61	55.53	247515	AS7341	flash	5	100	999	10	100.0	0.15
2026-07-10T09:21:23.179	450	979	641	1146	2911	2830	3352	3697	3914	515	28.09	1018.6	55.51	248262	AS7341	flash	5	100	999	10	100.0	0.15
2026-07-10T09:21:25.205	450	979	641	1146	2911	2830	3351	3697	3914	515	28.08	1018.59	55.51	245121	AS7341	flash	5	100	999	10	100.0	0.15
2026-07-10T09:21:27.112	450	979	641	1146	2911	2831	3352	3698	3915	516	28.09	1018.6	55.51	249013	AS7341	flash	5	100	999	10	100.0	0.15
2026-07-10T09:21:29.121	450	979	641	1147	2912	2831	3352	3698	3915	515	28.08	1018.59	55.5	248449	AS7341	flash	5	100	999	10	100.0	0.15
2026-07-10T09:21:31.136	450	979	641	1147	2912	2831	3353	3698	3915	515	28.08	1018.58	55.5	249579	AS7341	flash	5	100	999	10	100.0	0.15
2026-07-10T09:21:33.149	450	979	641	1147	2913	2832	3354	3698	3916	515	28.08	1018.55	55.48	247888	AS7341	flash	5	100	999	10	100.0	0.15
2026-07-10T09:21:35.166	450	979	641	1147	2913	2832	3354	3699	3916	516	28.07	1018.59	55.47	249768	AS7341	flash	5	100	999	10	100.0	0.15
2026-07-10T09:21:37.185	450	979	641	1147	2914	2833	3354	3699	3917	516	28.07	1018.58	55.46	246404	AS7341	flash	5	100	999	10	100.0	0.15
2026-07-10T09:21:39.207	450	979	641	1148	2914	2833	3355	3699	3917	516	28.07	1018.58	55.45	244938	AS7341	flash	5	100	999	10	100.0	0.15
2026-07-10T09:21:41.116	450	978	641	1147	2912	2832	3353	3697	3915	515	28.07	1018.61	55.45	247888	AS7341	flash	5	100	999	10	100.0	0.15
2026-07-10T09:21:43.145	450	978	641	1147	2913	2833	3354	3698	3917	515	28.06	1018.59	55.45	248637	AS7341	flash	5	100	999	10	100.0	0.15
2026-07-10T09:21:45.159	450	978	641	1148	2914	2833	3354	3699	3917	516	28.05	1018.59	55.46	243850	AS7341	flash	5	100	999	10	100.0	0.15
2026-07-10T09:21:47.173	450	978	640	1147	2913	2833	3354	3698	3917	515	28.05	1018.58	55.46	249390	AS7341	flash	5	100	999	10	100.0	0.15
2026-07-10T09:21:49.191	450	978	641	1148	2915	2834	3356	3700	3918	516	28.05	1018.58	55.47	249768	AS7341	flash	5	100	999	10	100.0	0.15
2026-07-10T09:21:51.211	450	978	641	1148	2916	2835	3356	3701	3919	516	28.04	1018.61	55.48	246404	AS7341	flash	5	100	999	10	100.0	0.15
2026-07-10T09:21:53.116	450	978	641	1148	2915	2835	3356	3700	3919	516	28.05	1018.57	55.48	249390	AS7341	flash	5	100	999	10	100.0	0.15
2026-07-10T09:21:55.132	450	978	641	1148	2916	2835	3357	3701	3919	516	28.04	1018.59	55.49	247702	AS7341	flash	5	100	999	10	100.0	0.15
2026-07-10T09:21:57.146	450	978	640	1149	2917	2836	3358	3701	3921	516	28.04	1018.6	55.48	248449	AS7341	flash	5	100	999	10	100.0	0.15
2026-07-10T09:21:59.158	450	978	640	1148	2916	2836	3357	3701	3919	516	28.04	1018.58	55.48	250719	AS7341	flash	5	100	999	10	100.0	0.15
2026-07-10T09:22:01.175	450	978	640	1148	2917	2836	3357	3702	3919	516	28.05	1018.61	55.48	249957	AS7341	flash	5	100	999	10	100.0	0.15
2026-07-10T09:22:03.189	450	978	640	1148	2916	2836	3357	3701	3920	516	28.05	1018.58	55.48	248075	AS7341	flash	5	100	999	10	100.0	0.15
2026-07-10T09:22:05.209	450	978	640	1149	2918	2837	3359	3703	3921	516	28.05	1018.62	55.49	249768	AS7341	flash	5	100	999	10	100.0	0.15
2026-07-10T09:22:07.113	450	977	640	1148	2916	2836	3357	3701	3919	516	28.06	1018.59	55.47	252448	AS7341	flash	5	100	999	10	100.0	0.15
2026-07-10T09:22:09.135	450	978	640	1149	2918	2837	3359	3703	3921	516	28.05	1018.63	55.48	249957	AS7341	flash	5	100	999	10	100.0	0.15
2026-07-10T09:22:11.150	450	977	641	1149	2918	2837	3359	3703	3921	516	28.05	1018.59	55.48	249768	AS7341	flash	5	100	999	10	100.0	0.15
2026-07-10T09:22:13.164	450	977	640	1149	2918	2837	3359	3703	3921	516	28.06	1018.62	55.48	249390	AS7341	flash	5	100	999	10	100.0	0.15
2026-07-10T09:22:15.178	450	977	641	1149	2918	2837	3359	3702	3920	516	28.06	1018.59	55.46	245303	AS7341	flash	5	100	999	10	100.0	0.15
2026-07-10T09:22:17.188	450	977	640	1149	2919	2838	3360	3704	3922	516	28.06	1018.59	55.44	249579	AS7341	flash	5	100	999	10	100.0	0.15
2026-07-10T09:22:19.203	450	978	640	1149	2917	2836	3358	3704	3922	516	28.06	1018.57	55.43	249013	AS7341	flash	5	100	999	10	0.0	0.15
2026-07-10T09:22:21.216	450	977	640	1147	2911	2831	3354	3703	3917	515	28.09	1018.6	55.98	244938	AS7341	flash	5	100	999	10	0.0	0.15
2026-07-10T09:22:23.130	450	978	640	1145	2905	2824	3348	3704	3912	515	28.11	1018.59	57.26	244574	AS7341	flash	5	100	999	10	0.0	0.15
2026-07-10T09:22:25.145	449	978	639	1142	2897	2815	3341	3703	3906	514	28.11	1018.61	58.8	236157	AS7341	flash	5	100	999	10	0.0	0.15
2026-07-10T09:22:27.176	449	979	639	1140	2889	2806	3334	3703	3901	514	28.12	1018.61	60.25	233809	AS7341	flash	5	100	999	10	0.0	0.15
2026-07-10T09:22:29.192	449	980	639	1137	2881	2797	3326	3701	3894	513	28.12	1018.62	61.55	228457	AS7341	flash	5	100	999	10	0.0	0.15
2026-07-10T09:22:31.213	448	981	639	1135	2872	2787	3317	3698	3887	512	28.13	1018.59	62.65	226415	AS7341	flash	5	100	999	10	0.0	0.15
2026-07-10T09:22:33.230	448	982	638	1132	2864	2779	3311	3698	3882	513	28.14	1018.61	63.63	225177	AS7341	flash	5	100	999	10	0.0	0.15
2026-07-10T09:22:35.137	447	982	638	1129	2857	2771	3303	3695	3874	511	28.16	1018.62	64.37	222439	AS7341	flash	5	100	999	10	0.0	0.15
2026-07-10T09:22:37.152	447	984	638	1127	2850	2764	3297	3695	3869	511	28.17	1018.62	65.04	220503	AS7341	flash	5	100	999	10	0.0	0.15
2026-07-10T09:22:39.167	447	985	638	1125	2844	2758	3291	3694	3865	511	28.16	1018.63	65.4	214892	AS7341	flash	5	100	999	10	0.0	0.15
2026-07-10T09:22:41.193	447	985	638	1124	2839	2751	3286	3693	3860	510	28.18	1018.61	65.69	212672	AS7341	flash	5	100	999	10	0.0	0.15
2026-07-10T09:22:43.207	446	986	638	1122	2832	2744	3281	3692	3855	510	28.18	1018.63	66.16	212672	AS7341	flash	5	100	999	10	0.0	0.15
2026-07-10T09:22:45.223	446	986	638	1120	2827	2739	3276	3692	3851	510	28.18	1018.61	66.69	208630	AS7341	flash	5	100	999	10	0.0	0.15
2026-07-10T09:22:47.244	446	987	637	1118	2821	2733	3272	3690	3847	509	28.18	1018.62	67.15	208630	AS7341	flash	5	100	999	10	0.0	0.15
2026-07-10T09:22:49.154	446	987	637	1118	2817	2728	3267	3689	3843	509	28.2	1018.63	67.59	205378	AS7341	flash	5	100	999	10	0.0	0.15
2026-07-10T09:22:51.178	446	988	637	1116	2813	2724	3264	3689	3839	509	28.2	1018.61	68.03	205250	AS7341	flash	5	100	999	10	0.0	0.15
2026-07-10T09:22:53.195	445	988	637	1114	2808	2720	3261	3689	3836	508	28.2	1018.63	68.39	203726	AS7341	flash	5	100	999	10	0.0	0.15
2026-07-10T09:22:55.217	445	989	638	1113	2805	2715	3257	3688	3833	508	28.21	1018.61	68.72	200258	AS7341	flash	5	100	999	10	0.0	0.15
2026-07-10T09:22:57.230	445	989	637	1111	2800	2711	3254	3687	3828	508	28.21	1018.62	69.08	201853	AS7341	flash	5	100	999	10	0.0	0.15
2026-07-10T09:22:59.250	445	990	638	1111	2797	2707	3251	3687	3826	507	28.21	1018.64	69.45	197614	AS7341	flash	5	100	999	10	0.0	0.15
2026-07-10T09:23:01.154	445	990	638	1109	2792	2703	3247	3685	3822	507	28.22	1018.62	69.75	197971	AS7341	flash	5	100	999	10	0.0	0.15
2026-07-10T09:23:03.170	445	990	637	1108	2790	2700	3246	3686	3821	507	28.22	1018.64	70.06	196085	AS7341	flash	5	100	999	10	0.0	0.15
2026-07-10T09:23:05.184	445	991	637	1107	2787	2696	3243	3686	3818	506	28.23	1018.61	70.27	196318	AS7341	flash	5	100	999	10	0.0	0.15
2026-07-10T09:23:07.203	444	991	637	1106	2785	2694	3241	3687	3817	506	28.23	1018.64	70.46	195155	AS7341	flash	5	100	999	10	0.0	0.15
2026-07-10T09:23:09.219	444	991	637	1105	2782	2692	3239	3688	3815	506	28.23	1018.64	70.72	192757	AS7341	flash	5	100	999	10	0.0	0.15
2026-07-10T09:23:11.238	444	992	637	1105	2779	2689	3237	3687	3813	506	28.24	1018.65	71.05	192194	AS7341	flash	5	100	999	10	0.0	0.15
2026-07-10T09:23:13.250	444	992	637	1104	2777	2686	3235	3686	3810	505	28.24	1018.66	71.36	190306	AS7341	flash	5	100	999	10	0.0	0.15
2026-07-10T09:23:15.157	444	992	637	1102	2773	2683	3232	3685	3808	505	28.26	1018.63	71.64	189867	AS7341	flash	5	100	999	10	0.0	0.15
2026-07-10T09:23:17.182	444	993	637	1102	2772	2682	3232	3687	3808	505	28.26	1018.65	71.87	186957	AS7341	flash	5	100	999	10	0.0	0.15
2026-07-10T09:23:19.201	444	992	637	1101	2771	2682	3233	3690	3807	505	28.25	1018.66	71.96	188239	AS7341	flash	5	100	999	10	100.0	0.15
2026-07-10T09:23:21.217	444	993	637	1102	2773	2683	3235	3689	3808	506	28.21	1018.63	71.09	191079	AS7341	flash	5	100	999	10	100.0	0.15
2026-07-10T09:23:23.234	444	994	637	1102	2772	2684	3233	3683	3806	505	28.2	1018.65	68.92	194579	AS7341	flash	5	100	999	10	100.0	0.15
2026-07-10T09:23:25.253	444	995	638	1102	2772	2684	3232	3679	3805	505	28.19	1018.64	66.78	198807	AS7341	flash	5	100	999	10	100.0	0.15
2026-07-10T09:23:27.265	444	997	638	1102	2773	2683	3229	3672	3804	505	28.18	1018.67	64.96	201483	AS7341	flash	5	100	999	10	100.0	0.15
2026-07-10T09:23:29.179	444	998	638	1102	2772	2683	3227	3667	3802	505	28.19	1018.65	63.58	204232	AS7341	flash	5	100	999	10	100.0	0.15
2026-07-10T09:23:31.192	444	1000	639	1102	2772	2683	3225	3662	3800	505	28.17	1018.63	62.42	205378	AS7341	flash	5	100	999	10	100.0	0.15
2026-07-10T09:23:33.210	444	1001	639	1102	2772	2683	3224	3656	3799	504	28.16	1018.65	61.51	211037	AS7341	flash	5	100	999	10	100.0	0.15
2026-07-10T09:23:35.219	444	1002	640	1103	2773	2683	3222	3652	3798	504	28.16	1018.66	60.77	214193	AS7341	flash	5	100	999	10	100.0	0.15
2026-07-10T09:23:37.241	444	1003	640	1103	2774	2684	3222	3648	3798	504	28.15	1018.67	60.18	214752	AS7341	flash	5	100	999	10	100.0	0.15
2026-07-10T09:23:39.262	444	1004	640	1104	2776	2686	3222	3645	3799	504	28.15	1018.63	59.69	216020	AS7341	flash	5	100	999	10	100.0	0.15
2026-07-10T09:23:41.169	444	1004	640	1104	2776	2686	3221	3641	3798	504	28.16	1018.65	59.31	216446	AS7341	flash	5	100	999	10	100.0	0.15
2026-07-10T09:23:43.184	444	1005	641	1105	2778	2689	3223	3640	3800	504	28.14	1018.6	58.95	221096	AS7341	flash	5	100	999	10	100.0	0.15
2026-07-10T09:23:45.195	444	1005	641	1105	2779	2690	3222	3636	3799	504	28.14	1018.66	58.64	222740	AS7341	flash	5	100	999	10	100.0	0.15
2026-07-10T09:23:47.211	444	1006	641	1106	2781	2691	3223	3634	3800	504	28.14	1018.61	58.4	224104	AS7341	flash	5	100	999	10	100.0	0.15
2026-07-10T09:23:49.224	445	1006	640	1107	2782	2693	3223	3631	3801	504	28.13	1018.6	58.19	226105	AS7341	flash	5	100	999	10	100.0	0.15
2026-07-10T09:23:51.244	445	1006	641	1108	2785	2696	3226	3632	3804	505	28.13	1018.61	58.0	226415	AS7341	flash	5	100	999	10	100.0	0.15
2026-07-10T09:23:53.257	445	1007	641	1109	2788	2699	3228	3631	3806	505	28.13	1018.63	57.85	226883	AS7341	flash	5	100	999	10	100.0	0.15
2026-07-10T09:23:55.156	445	1006	641	1109	2789	2701	3229	3630	3806	505	28.14	1018.62	57.71	230214	AS7341	flash	5	100	999	10	100.0	0.15
2026-07-10T09:23:57.174	445	1006	641	1110	2792	2703	3230	3629	3808	505	28.13	1018.6	57.57	227040	AS7341	flash	5	100	999	10	100.0	0.15
2026-07-10T09:23:59.197	445	1006	641	1111	2793	2705	3231	3628	3809	505	28.13	1018.6	57.47	230698	AS7341	flash	5	100	999	10	100.0	0.15
2026-07-10T09:24:01.214	445	1006	641	1112	2796	2708	3234	3628	3810	505	28.13	1018.64	57.38	228457	AS7341	flash	5	100	999	10	100.0	0.15
2026-07-10T09:24:03.223	445	1006	641	1113	2800	2711	3237	3629	3814	506	28.13	1018.59	57.28	233147	AS7341	flash	5	100	999	10	100.0	0.15
2026-07-10T09:24:05.241	445	1006	641	1112	2800	2714	3238	3629	3814	506	28.13	1018.62	57.19	233975	AS7341	flash	5	100	999	10	100.0	0.15
2026-07-10T09:24:07.251	445	1005	642	1113	2803	2716	3240	3629	3816	506	28.13	1018.59	57.12	231998	AS7341	flash	5	100	999	10	100.0	0.15
2026-07-10T09:24:09.160	445	1005	641	1114	2805	2718	3242	3628	3818	506	28.14	1018.63	57.02	235313	AS7341	flash	5	100	999	10	100.0	0.15
2026-07-10T09:24:11.171	445	1004	641	1115	2806	2720	3243	3628	3818	506	28.12	1018.62	56.96	233478	AS7341	flash	5	100	999	10	100.0	0.15
2026-07-10T09:24:13.187	446	1004	641	1116	2810	2723	3246	3630	3821	506	28.12	1018.63	56.9	234810	AS7341	flash	5	100	999	10	100.0	0.15
2026-07-10T09:24:15.211	446	1004	642	1116	2812	2725	3248	3630	3823	506	28.12	1018.63	56.84	235313	AS7341	flash	5	100	999	10	100.0	0.15
2026-07-10T09:24:17.228	446	1003	642	1117	2814	2728	3251	3630	3824	507	28.12	1018.6	56.78	235650	AS7341	flash	5	100	999	10	100.0	0.15
2026-07-10T09:24:19.246	446	1003	642	1118	2817	2731	3253	3631	3827	507	28.12	1018.6	56.74	235987	AS7341	flash	5	100	999	10	100.0	0.15
2026-07-10T09:24:21.260	446	1002	642	1119	2818	2733	3254	3631	3828	507	28.11	1018.62	56.7	236836	AS7341	flash	5	100	999	10	100.0	0.15
2026-07-10T09:24:23.276	446	1002	642	1119	2820	2734	3256	3631	3829	507	28.11	1018.61	56.64	234475	AS7341	flash	5	100	999	10	100.0	0.15
2026-07-10T09:24:25.185	446	1001	642	1120	2821	2736	3258	3631	3829	507	28.1	1018.61	56.61	237177	AS7341	flash	5	100	999	10	100.0	0.15
2026-07-10T09:24:27.203	446	1001	642	1120	2824	2738	3261	3633	3832	507	28.1	1018.61	56.58	239244	AS7341	flash	5	100	999	10	100.0	0.15
2026-07-10T09:24:29.218	446	1001	642	1121	2826	2741	3263	3634	3835	508	28.09	1018.59	56.54	239071	AS7341	flash	5	100	999	10	100.0	0.15
2026-07-10T09:24:31.231	446	1001	642	1122	2828	2743	3265	3635	3836	508	28.09	1018.59	56.51	238897	AS7341	flash	5	100	999	10	100.0	0.15
2026-07-10T09:24:33.252	446	1000	642	1122	2831	2746	3268	3637	3839	508	28.08	1018.62	56.48	239071	AS7341	flash	5	100	999	10	100.0	0.15
2026-07-10T09:24:35.263	446	999	641	1122	2833	2748	3269	3637	3839	508	28.09	1018.57	56.46	241172	AS7341	flash	5	100	999	10	100.0	0.15
2026-07-10T09:24:37.175	447	999	642	1123	2835	2750	3270	3638	3841	508	28.09	1018.57	56.42	238206	AS7341	flash	5	100	999	10	100.0	0.15
2026-07-10T09:24:39.193	447	999	642	1124	2836	2753	3273	3641	3844	509	28.08	1018.57	56.4	242058	AS7341	flash	5	100	999	10	100.0	0.15
2026-07-10T09:24:41.204	447	998	641	1125	2838	2755	3275	3641	3846	509	28.08	1018.56	56.38	240995	AS7341	flash	5	100	999	10	100.0	0.15
2026-07-10T09:24:43.226	447	998	642	1126	2841	2757	3278	3643	3848	509	28.07	1018.58	56.36	238897	AS7341	flash	5	100	999	10	100.0	0.15
2026-07-10T09:24:45.251	447	998	642	1127	2843	2759	3279	3644	3850	509	28.07	1018.57	56.34	239071	AS7341	flash	5	100	999	10	100.0	0.15
2026-07-10T09:24:47.277	447	997	642	1127	2844	2761	3281	3645	3851	509	28.07	1018.57	56.34	237006	AS7341	flash	5	100	999	10	100.0	0.15
2026-07-10T09:24:49.185	447	996	642	1127	2845	2762	3282	3645	3851	509	28.08	1018.56	56.32	241172	AS7341	flash	5	100	999	10	100.0	0.15
2026-07-10T09:24:51.207	447	996	642	1127	2848	2764	3285	3647	3853	510	28.07	1018.54	56.3	243130	AS7341	flash	5	100	999	10	100.0	0.15
2026-07-10T09:24:53.221	447	996	642	1128	2850	2767	3287	3648	3855	510	28.07	1018.58	56.28	244212	AS7341	flash	5	100	999	10	100.0	0.15
2026-07-10T09:24:55.240	447	996	642	1128	2850	2768	3288	3649	3856	510	28.07	1018.58	56.28	242951	AS7341	flash	5	100	999	10	100.0	0.15
2026-07-10T09:24:57.267	447	995	642	1129	2853	2770	3291	3650	3859	510	28.07	1018.56	56.28	242951	AS7341	flash	5	100	999	10	100.0	0.15
2026-07-10T09:24:59.174	447	995	641	1129	2853	2771	3291	3650	3859	510	28.07	1018.56	56.26	241880	AS7341	flash	5	100	999	10	100.0	0.15
2026-07-10T09:25:01.188	448	994	642	1130	2856	2772	3293	3652	3861	510	28.06	1018.54	56.25	244938	AS7341	flash	5	100	999	10	100.0	0.15
2026-07-10T09:25:03.207	448	994	642	1131	2857	2774	3295	3654	3862	511	28.06	1018.56	56.26	243670	AS7341	flash	5	100	999	10	100.0	0.15
2026-07-10T09:25:05.232	448	994	642	1131	2859	2776	3297	3654	3864	511	28.06	1018.56	56.26	239942	AS7341	flash	5	100	999	10	100.0	0.15
2026-07-10T09:25:07.255	448	994	642	1132	2862	2778	3300	3657	3867	511	28.05	1018.57	56.26	240292	AS7341	flash	5	100	999	10	100.0	0.15
2026-07-10T09:25:09.278	448	993	642	1132	2862	2779	3300	3657	3866	511	28.05	1018.58	56.26	240292	AS7341	flash	5	100	999	10	100.0	0.15
2026-07-10T09:25:11.179	448	992	642	1132	2862	2779	3301	3657	3867	511	28.06	1018.54	56.25	245303	AS7341	flash	5	100	999	10	100.0	0.15
2026-07-10T09:25:13.192	448	992	642	1133	2864	2781	3303	3658	3869	511	28.05	1018.55	56.23	245303	AS7341	flash	5	100	999	10	100.0	0.15
2026-07-10T09:25:15.203	448	992	641	1133	2864	2783	3304	3660	3870	511	28.06	1018.57	56.22	241172	AS7341	flash	5	100	999	10	100.0	0.15
2026-07-10T09:25:17.216	448	992	642	1134	2867	2785	3307	3662	3872	511	28.06	1018.58	56.22	244938	AS7341	flash	5	100	999	10	100.0	0.15
2026-07-10T09:25:19.233	448	991	642	1134	2868	2786	3308	3663	3873	512	28.05	1018.58	56.19	243310	AS7341	flash	5	100	999	10	100.0	0.15
2026-07-10T09:25:21.248	448	991	641	1133	2869	2787	3308	3663	3873	512	28.05	1018.55	56.21	244756	AS7341	flash	5	100	999	10	100.0	0.15
2026-07-10T09:25:23.271	448	991	642	1134	2871	2789	3310	3665	3876	512	28.05	1018.58	56.19	243490	AS7341	flash	5	100	999	10	100.0	0.15
2026-07-10T09:25:25.179	448	990	641	1134	2871	2789	3310	3665	3875	512	28.06	1018.54	56.18	244938	AS7341	flash	5	100	999	10	100.0	0.15
2026-07-10T09:25:27.194	448	990	641	1135	2873	2791	3312	3666	3878	512	28.05	1018.56	56.15	246589	AS7341	flash	5	100	999	10	100.0	0.15
2026-07-10T09:25:29.218	448	989	641	1135	2874	2792	3313	3666	3878	512	28.05	1018.56	56.16	245303	AS7341	flash	5	100	999	10	100.0	0.15
2026-07-10T09:25:31.231	449	989	641	1136	2875	2794	3315	3668	3879	512	28.05	1018.57	56.16	246036	AS7341	flash	5	100	999	10	100.0	0.15
2026-07-10T09:25:33.247	448	989	641	1136	2877	2795	3316	3668	3880	513	28.05	1018.56	56.15	246036	AS7341	flash	5	100	999	10	100.0	0.15
2026-07-10T09:25:35.272	449	989	642	1136	2878	2796	3317	3670	3882	513	28.04	1018.57	56.14	247144	AS7341	flash	5	100	999	10	100.0	0.15
2026-07-10T09:25:37.190	449	989	641	1137	2877	2796	3317	3669	3881	513	28.05	1018.57	56.12	243490	AS7341	flash	5	100	999	10	100.0	0.15
2026-07-10T09:25:39.210	448	988	641	1137	2878	2798	3318	3671	3883	513	28.05	1018.58	56.1	246036	AS7341	flash	5	100	999	10	100.0	0.15
2026-07-10T09:25:41.228	449	988	641	1137	2880	2799	3320	3672	3884	512	28.05	1018.6	56.08	247515	AS7341	flash	5	100	999	10	100.0	0.15
2026-07-10T09:25:43.244	449	988	641	1138	2881	2800	3321	3673	3886	512	28.05	1018.6	56.06	246404	AS7341	flash	5	100	999	10	100.0	0.15
2026-07-10T09:25:45.259	449	988	641	1138	2883	2802	3323	3675	3887	512	28.04	1018.57	56.06	242772	AS7341	flash	5	100	999	10	100.0	0.15
2026-07-10T09:25:47.280	449	988	641	1138	2883	2802	3324	3675	3888	512	28.05	1018.59	56.04	244212	AS7341	flash	5	100	999	10	100.0	0.15
2026-07-10T09:25:49.187	449	987	641	1138	2883	2801	3323	3674	3886	512	28.06	1018.57	56.05	244574	AS7341	flash	5	100	999	10	100.0	0.15
2026-07-10T09:25:51.209	449	987	641	1139	2884	2803	3325	3676	3888	512	28.05	1018.58	56.02	247515	AS7341	flash	5	100	999	10	100.0	0.15
2026-07-10T09:25:53.219	449	987	641	1139	2886	2804	3326	3677	3889	513	28.04	1018.57	56.01	246404	AS7341	flash	5	100	999	10	100.0	0.15
2026-07-10T09:25:55.238	449	986	641	1139	2886	2804	3326	3677	3889	512	28.05	1018.56	56.01	244212	AS7341	flash	5	100	999	10	100.0	0.15
2026-07-10T09:25:57.253	449	986	641	1140	2887	2805	3328	3678	3891	513	28.05	1018.56	55.99	248449	AS7341	flash	5	100	999	10	100.0	0.15
2026-07-10T09:25:59.268	449	986	641	1139	2888	2807	3329	3679	3892	513	28.04	1018.54	55.99	248637	AS7341	flash	5	100	999	10	100.0	0.15
2026-07-10T09:26:01.177	449	986	641	1139	2888	2806	3328	3678	3892	513	28.05	1018.55	55.97	244212	AS7341	flash	5	100	999	10	100.0	0.15
2026-07-10T09:26:03.204	449	986	641	1139	2890	2808	3330	3681	3894	513	28.06	1018.61	55.95	246589	AS7341	flash	5	100	999	10	100.0	0.15
2026-07-10T09:26:05.228	449	986	641	1140	2890	2809	3332	3681	3895	513	28.05	1018.59	55.96	246589	AS7341	flash	5	100	999	10	100.0	0.15
2026-07-10T09:26:07.246	449	985	641	1140	2890	2810	3332	3680	3895	513	28.05	1018.58	55.94	246404	AS7341	flash	5	100	999	10	100.0	0.15
2026-07-10T09:26:09.267	449	985	641	1141	2891	2811	3333	3682	3896	513	28.04	1018.57	55.93	247888	AS7341	flash	5	100	999	10	100.0	0.15
2026-07-10T09:26:11.283	449	985	641	1141	2892	2811	3333	3682	3895	513	28.05	1018.56	55.93	246774	AS7341	flash	5	100	999	10	100.0	0.15
2026-07-10T09:26:13.187	449	985	641	1141	2891	2811	3333	3681	3895	513	28.06	1018.59	55.91	249013	AS7341	flash	5	100	999	10	100.0	0.15
2026-07-10T09:26:15.207	449	985	641	1141	2893	2813	3335	3683	3897	513	28.06	1018.55	55.89	247144	AS7341	flash	5	100	999	10	100.0	0.15
2026-07-10T09:26:17.226	449	985	641	1141	2894	2813	3336	3684	3898	513	28.05	1018.57	55.89	249390	AS7341	flash	5	100	999	10	100.0	0.15
2026-07-10T09:26:19.244	449	984	641	1141	2894	2813	3336	3684	3898	513	28.05	1018.56	55.87	248824	AS7341	flash	5	100	999	10	100.0	0.15
2026-07-10T09:26:21.261	449	984	641	1141	2895	2814	3337	3685	3899	513	28.05	1018.57	55.88	245486	AS7341	flash	5	100	999	10	100.0	0.15
2026-07-10T09:26:23.274	449	983	641	1141	2895	2815	3337	3685	3899	513	28.05	1018.59	55.89	244212	AS7341	flash	5	100	999	10	100.0	0.15
2026-07-10T09:26:25.179	449	983	641	1142	2895	2815	3337	3685	3899	514	28.05	1018.59	55.88	249390	AS7341	flash	5	100	999	10	100.0	0.15
2026-07-10T09:26:27.202	449	983	641	1142	2896	2816	3338	3686	3900	514	28.05	1018.59	55.87	244938	AS7341	flash	5	100	999	10	100.0	0.15
2026-07-10T09:26:29.222	449	983	641	1142	2897	2817	3339	3687	3901	514	28.04	1018.57	55.86	245852	AS7341	flash	5	100	999	10	100.0	0.15
2026-07-10T09:26:31.239	450	983	641	1143	2898	2817	3340	3687	3901	514	28.04	1018.56	55.84	245486	AS7341	flash	5	100	999	10	100.0	0.15
2026-07-10T09:26:33.259	450	983	641	1143	2899	2818	3341	3688	3902	514	28.04	1018.58	55.85	246589	AS7341	flash	5	100	999	10	100.0	0.15
2026-07-10T09:26:35.272	450	983	641	1143	2899	2818	3341	3688	3902	514	28.05	1018.55	55.85	246404	AS7341	flash	5	100	999	10	100.0	0.15
2026-07-10T09:26:37.293	450	983	641	1143	2901	2820	3343	3690	3904	514	28.04	1018.54	55.85	244574	AS7341	flash	5	100	999	10	100.0	0.15
2026-07-10T09:26:39.202	450	983	641	1143	2900	2819	3342	3689	3904	514	28.05	1018.56	55.84	249579	AS7341	flash	5	100	999	10	100.0	0.15
2026-07-10T09:26:41.218	450	983	641	1144	2900	2820	3343	3690	3905	514	28.04	1018.53	55.82	249768	AS7341	flash	5	100	999	10	100.0	0.15
2026-07-10T09:26:43.232	450	983	641	1144	2901	2821	3343	3691	3905	514	28.05	1018.55	55.82	249201	AS7341	flash	5	100	999	10	100.0	0.15
2026-07-10T09:26:45.249	450	983	641	1144	2901	2822	3343	3692	3906	514	28.04	1018.57	55.82	248262	AS7341	flash	5	100	999	10	100.0	0.15
2026-07-10T09:26:47.260	450	983	641	1144	2902	2822	3344	3692	3906	514	28.04	1018.56	55.81	246404	AS7341	flash	5	100	999	10	100.0	0.15
2026-07-10T09:26:49.281	450	982	641	1144	2902	2822	3344	3692	3906	515	28.04	1018.55	55.8	248824	AS7341	flash	5	100	999	10	100.0	0.15
2026-07-10T09:26:51.196	450	982	641	1144	2902	2823	3344	3692	3907	514	28.05	1018.56	55.78	247144	AS7341	flash	5	100	999	10	100.0	0.15
2026-07-10T09:26:53.210	450	982	641	1145	2904	2825	3347	3694	3909	515	28.04	1018.56	55.78	249013	AS7341	flash	5	100	999	10	100.0	0.15
2026-07-10T09:26:55.239	450	982	641	1145	2903	2824	3346	3692	3908	514	28.03	1018.56	55.77	248637	AS7341	flash	5	100	999	10	100.0	0.15
2026-07-10T09:26:57.257	450	982	641	1145	2904	2825	3347	3694	3909	515	28.04	1018.59	55.78	250719	AS7341	flash	5	100	999	10	100.0	0.15
2026-07-10T09:26:59.282	450	982	641	1145	2905	2825	3347	3693	3909	515	28.03	1018.57	55.77	245303	AS7341	flash	5	100	999	10	100.0	0.15
2026-07-10T09:27:01.294	450	982	641	1145	2906	2826	3348	3694	3910	515	28.03	1018.56	55.77	248637	AS7341	flash	5	100	999	10	100.0	0.15
2026-07-10T09:27:03.201	450	982	641	1145	2906	2826	3348	3694	3909	515	28.04	1018.57	55.78	252836	AS7341	flash	5	100	999	10	100.0	0.15
2026-07-10T09:27:05.227	450	982	641	1145	2906	2825	3348	3694	3910	515	28.03	1018.57	55.76	250719	AS7341	flash	5	100	999	10	100.0	0.15
2026-07-10T09:27:07.247	450	982	641	1145	2906	2827	3349	3695	3910	515	28.03	1018.56	55.75	251292	AS7341	flash	5	100	999	10	100.0	0.15
2026-07-10T09:27:09.263	450	982	641	1145	2907	2827	3350	3696	3912	515	28.03	1018.56	55.74	251292	AS7341	flash	5	100	999	10	100.0	0.15
2026-07-10T09:27:11.283	450	981	641	1145	2908	2827	3350	3696	3912	515	28.03	1018.58	55.75	249957	AS7341	flash	5	100	999	10	100.0	0.15
2026-07-10T09:27:13.193	450	981	641	1145	2907	2827	3350	3696	3911	515	28.04	1018.56	55.74	251484	AS7341	flash	5	100	999	10	100.0	0.15
2026-07-10T09:27:15.210	450	981	641	1145	2908	2828	3351	3697	3913	515	28.02	1018.55	55.74	249579	AS7341	flash	5	100	999	10	100.0	0.15
2026-07-10T09:27:17.232	450	981	641	1146	2909	2829	3352	3698	3913	515	28.02	1018.56	55.73	248262	AS7341	flash	5	100	999	10	100.0	0.15
2026-07-10T09:27:19.255	450	981	641	1146	2909	2829	3352	3698	3913	515	28.02	1018.55	55.75	245669	AS7341	flash	5	100	999	10	100.0	0.15
2026-07-10T09:27:21.269	450	981	641	1146	2909	2829	3352	3697	3914	515	28.01	1018.56	55.73	251677	AS7341	flash	5	100	999	10	100.0	0.15
2026-07-10T09:27:23.285	450	981	641	1146	2910	2829	3352	3698	3914	515	28.01	1018.57	55.75	246774	AS7341	flash	5	100	999	10	100.0	0.15
2026-07-10T09:27:25.197	450	980	641	1146	2909	2829	3352	3697	3914	515	28.03	1018.58	55.74	251677	AS7341	flash	5	100	999	10	100.0	0.15
2026-07-10T09:27:27.217	450	981	641	1146	2911	2830	3353	3699	3915	515	28.02	1018.55	55.74	250337	AS7341	flash	5	100	999	10	100.0	0.15
2026-07-10T09:27:29.231	450	981	641	1146	2912	2831	3355	3700	3916	515	28.02	1018.57	55.72	248262	AS7341	flash	5	100	999	10	100.0	0.15
2026-07-10T09:27:31.245	450	981	641	1146	2912	2831	3354	3699	3916	515	28.02	1018.56	55.73	251869	AS7341	flash	5	100	999	10	100.0	0.15
2026-07-10T09:27:33.262	450	981	641	1147	2912	2831	3355	3700	3916	515	28.01	1018.55	55.73	246774	AS7341	flash	5	100	999	10	100.0	0.15
2026-07-10T09:27:35.290	450	981	641	1147	2912	2832	3355	3701	3917	515	28.01	1018.54	55.73	246774	AS7341	flash	5	100	999	10	100.0	0.15
2026-07-10T09:27:37.196	450	980	641	1146	2912	2831	3355	3700	3915	516	28.01	1018.53	55.72	251484	AS7341	flash	5	100	999	10	100.0	0.15
2026-07-10T09:27:39.213	450	980	641	1147	2913	2833	3356	3701	3917	516	28.01	1018.55	55.72	248637	AS7341	flash	5	100	999	10	100.0	0.15
2026-07-10T09:27:41.232	450	980	641	1147	2912	2832	3355	3701	3916	515	28.0	1018.57	55.71	248075	AS7341	flash	5	100	999	10	100.0	0.15
2026-07-10T09:27:43.247	451	980	641	1147	2914	2834	3358	3703	3919	516	28.0	1018.52	55.72	253030	AS7341	flash	5	100	999	10	100.0	0.15
2026-07-10T09:27:45.262	450	980	641	1147	2913	2833	3357	3702	3917	516	28.0	1018.55	55.71	250147	AS7341	flash	5	100	999	10	100.0	0.15
2026-07-10T09:27:47.278	451	980	641	1148	2914	2834	3358	3703	3918	516	28.0	1018.54	55.73	252448	AS7341	flash	5	100	999	10	100.0	0.15
2026-07-10T09:27:49.290	451	980	641	1148	2914	2834	3357	3703	3918	516	28.01	1018.55	55.73	246589	AS7341	flash	5	100	999	10	100.0	0.15
2026-07-10T09:27:51.201	450	980	641	1148	2914	2834	3358	3703	3919	516	28.01	1018.56	55.72	249013	AS7341	flash	5	100	999	10	100.0	0.15
2026-07-10T09:27:53.228	450	980	641	1147	2914	2834	3358	3703	3918	516	28.0	1018.55	55.69	252255	AS7341	flash	5	100	999	10	100.0	0.15
2026-07-10T09:27:55.242	451	980	641	1148	2914	2834	3358	3703	3919	516	28.01	1018.55	55.71	247888	AS7341	flash	5	100	999	10	100.0	0.15
2026-07-10T09:27:57.255	450	980	641	1148	2914	2834	3358	3703	3919	516	28.0	1018.56	55.71	247888	AS7341	flash	5	100	999	10	100.0	0.15
2026-07-10T09:27:59.277	450	979	641	1148	2915	2835	3358	3703	3919	516	28.0	1018.55	55.71	250528	AS7341	flash	5	100	999	10	100.0	0.15
2026-07-10T09:28:01.289	450	979	641	1148	2915	2835	3359	3703	3919	516	28.01	1018.57	55.69	253030	AS7341	flash	5	100	999	10	100.0	0.15
2026-07-10T09:28:03.200	450	979	641	1147	2914	2834	3357	3702	3918	516	28.02	1018.56	55.69	250528	AS7341	flash	5	100	999	10	100.0	0.15
2026-07-10T09:28:05.216	451	979	641	1148	2916	2836	3360	3704	3920	516	28.01	1018.52	55.66	252448	AS7341	flash	5	100	999	10	100.0	0.15
2026-07-10T09:28:07.231	451	979	641	1148	2916	2836	3360	3704	3920	516	28.01	1018.54	55.66	248262	AS7341	flash	5	100	999	10	100.0	0.15
2026-07-10T09:28:09.254	451	979	641	1148	2916	2836	3360	3705	3921	516	28.01	1018.58	55.67	251292	AS7341	flash	5	100	999	10	100.0	0.15
2026-07-10T09:28:11.268	451	979	641	1148	2917	2837	3360	3705	3921	516	28.0	1018.55	55.65	253030	AS7341	flash	5	100	999	10	100.0	0.15
2026-07-10T09:28:13.280	451	979	641	1148	2916	2836	3360	3705	3921	516	27.99	1018.53	55.66	248262	AS7341	flash	5	100	999	10	100.0	0.15
2026-07-10T09:28:15.295	451	979	641	1148	2917	2837	3361	3705	3921	516	28.0	1018.55	55.66	247329	AS7341	flash	5	100	999	10	100.0	0.15
2026-07-10T09:28:17.201	451	980	641	1149	2917	2837	3361	3704	3922	516	28.0	1018.54	55.65	252062	AS7341	flash	5	100	999	10	100.0	0.15
2026-07-10T09:28:19.215	451	979	641	1149	2918	2838	3362	3706	3922	517	27.99	1018.54	55.67	251292	AS7341	flash	5	100	999	10	100.0	0.0
2026-07-10T09:28:21.233	451	979	642	1149	2919	2839	3363	3707	3923	517	27.99	1018.57	55.66	248449	AS7341	flash	5	100	999	10	100.0	0.0
2026-07-10T09:28:23.242	451	979	641	1149	2919	2840	3364	3708	3923	517	27.98	1018.55	55.64	254595	AS7341	flash	5	100	999	10	100.0	0.0
2026-07-10T09:28:25.259	451	979	641	1149	2921	2841	3365	3708	3925	517	27.97	1018.52	55.59	252448	AS7341	flash	5	100	999	10	100.0	0.0
2026-07-10T09:28:27.270	451	978	641	1150	2922	2843	3368	3711	3927	517	27.97	1018.54	55.5	253810	AS7341	flash	5	100	999	10	100.0	0.0
2026-07-10T09:28:29.286	451	978	641	1150	2923	2844	3369	3710	3927	517	27.96	1018.52	55.42	253225	AS7341	flash	5	100	999	10	100.0	0.0
2026-07-10T09:28:31.195	451	977	641	1151	2925	2846	3370	3711	3928	517	27.96	1018.55	55.31	251292	AS7341	flash	5	100	999	10	100.0	0.0
2026-07-10T09:28:33.212	451	977	641	1151	2927	2849	3373	3714	3931	518	27.95	1018.53	55.19	250719	AS7341	flash	5	100	999	10	100.0	0.0
2026-07-10T09:28:35.227	451	977	641	1152	2930	2851	3376	3715	3934	518	27.94	1018.51	55.12	254006	AS7341	flash	5	100	999	10	100.0	0.0
2026-07-10T09:28:37.244	451	976	641	1152	2931	2854	3379	3717	3935	518	27.94	1018.56	55.02	256379	AS7341	flash	5	100	999	10	100.0	0.0
2026-07-10T09:28:39.260	451	976	641	1153	2934	2856	3381	3718	3937	518	27.94	1018.52	54.95	253615	AS7341	flash	5	100	999	10	100.0	0.0
2026-07-10T09:28:41.275	452	975	641	1154	2936	2858	3384	3719	3939	518	27.93	1018.53	54.85	251101	AS7341	flash	5	100	999	10	100.0	0.0
2026-07-10T09:28:43.287	452	975	641	1154	2938	2861	3387	3722	3942	519	27.92	1018.52	54.78	254792	AS7341	flash	5	100	999	10	100.0	0.0
2026-07-10T09:28:45.200	452	974	641	1154	2940	2863	3388	3722	3943	519	27.93	1018.55	54.72	254398	AS7341	flash	5	100	999	10	100.0	0.0
2026-07-10T09:28:47.212	452	974	641	1155	2941	2865	3391	3725	3945	519	27.91	1018.52	54.64	254398	AS7341	flash	5	100	999	10	100.0	0.0
2026-07-10T09:28:49.229	452	974	641	1156	2944	2868	3393	3727	3948	519	27.91	1018.56	54.58	252836	AS7341	flash	5	100	999	10	100.0	0.0
2026-07-10T09:28:51.249	452	973	641	1156	2946	2870	3396	3729	3950	519	27.89	1018.56	54.52	246774	AS7341	flash	5	100	999	10	100.0	0.0
2026-07-10T09:28:53.275	452	973	641	1157	2948	2872	3398	3729	3952	520	27.89	1018.55	54.48	247144	AS7341	flash	5	100	999	10	100.0	0.0
2026-07-10T09:28:55.294	452	972	641	1158	2950	2874	3400	3731	3953	520	27.88	1018.56	54.44	247144	AS7341	flash	5	100	999	10	100.0	0.0
2026-07-10T09:28:57.203	452	972	641	1158	2951	2876	3402	3732	3955	520	27.89	1018.55	54.4	246036	AS7341	flash	5	100	999	10	100.0	0.0
2026-07-10T09:28:59.214	452	972	641	1159	2953	2878	3404	3734	3957	520	27.86	1018.54	54.35	243130	AS7341	flash	5	100	999	10	100.0	0.0
2026-07-10T09:29:01.231	453	971	641	1159	2956	2881	3407	3736	3960	520	27.86	1018.54	54.32	237519	AS7341	flash	5	100	999	10	100.0	0.0
2026-07-10T09:29:03.247	453	971	641	1160	2957	2882	3409	3737	3961	520	27.85	1018.55	54.3	234142	AS7341	flash	5	100	999	10	100.0	0.0
2026-07-10T09:29:05.270	453	971	641	1160	2958	2884	3411	3739	3962	520	27.84	1018.57	54.28	234142	AS7341	flash	5	100	999	10	100.0	0.0
2026-07-10T09:29:07.290	453	970	641	1161	2961	2887	3414	3741	3965	521	27.83	1018.53	54.27	234642	AS7341	flash	5	100	999	10	100.0	0.0
2026-07-10T09:29:09.315	453	970	641	1161	2962	2888	3415	3741	3966	520	27.82	1018.55	54.25	230375	AS7341	flash	5	100	999	10	100.0	0.0
2026-07-10T09:29:11.218	453	969	641	1161	2963	2889	3416	3742	3967	521	27.83	1018.56	54.22	230214	AS7341	flash	5	100	999	10	100.0	0.0
2026-07-10T09:29:13.238	453	970	641	1162	2965	2892	3419	3744	3970	520	27.81	1018.54	54.21	227040	AS7341	flash	5	100	999	10	100.0	0.0
2026-07-10T09:29:15.249	453	969	641	1162	2966	2893	3420	3746	3971	521	27.81	1018.52	54.19	223952	AS7341	flash	5	100	999	10	100.0	0.0
2026-07-10T09:29:17.262	453	969	641	1162	2968	2895	3422	3747	3972	521	27.8	1018.52	54.17	222740	AS7341	flash	5	100	999	10	100.0	0.0
2026-07-10T09:29:19.275	453	968	641	1163	2969	2896	3423	3748	3973	522	27.79	1018.51	54.16	220651	AS7341	flash	5	100	999	10	100.0	0.0
2026-07-10T09:29:21.293	453	968	641	1163	2971	2898	3426	3749	3975	522	27.78	1018.53	54.15	217159	AS7341	flash	5	100	999	10	100.0	0.0
2026-07-10T09:29:23.306	453	968	641	1164	2972	2900	3427	3750	3977	522	27.78	1018.5	54.12	218746	AS7341	flash	5	100	999	10	100.0	0.0
2026-07-10T09:29:25.206	453	967	641	1164	2973	2900	3428	3751	3978	522	27.78	1018.56	54.1	217878	AS7341	flash	5	100	999	10	100.0	0.0
2026-07-10T09:29:27.225	453	967	641	1164	2974	2901	3429	3752	3979	522	27.77	1018.57	54.08	213776	AS7341	flash	5	100	999	10	100.0	0.0
2026-07-10T09:29:29.239	454	968	641	1165	2976	2904	3432	3755	3982	522	27.75	1018.55	54.07	211307	AS7341	flash	5	100	999	10	100.0	0.0
2026-07-10T09:29:31.258	454	967	641	1165	2976	2904	3432	3754	3981	522	27.74	1018.52	54.05	211307	AS7341	flash	5	100	999	10	100.0	0.0
2026-07-10T09:29:33.276	454	967	641	1166	2979	2907	3435	3757	3984	523	27.74	1018.5	54.05	211579	AS7341	flash	5	100	999	10	100.0	0.0
2026-07-10T09:29:35.283	454	966	641	1166	2979	2907	3436	3757	3984	523	27.74	1018.54	54.05	209560	AS7341	flash	5	100	999	10	100.0	0.0
2026-07-10T09:29:37.308	454	966	641	1166	2980	2908	3436	3757	3985	523	27.73	1018.53	54.03	209960	AS7341	flash	5	100	999	10	100.0	0.0
2026-07-10T09:29:39.224	454	966	641	1166	2981	2909	3438	3759	3986	523	27.73	1018.51	54.0	207972	AS7341	flash	5	100	999	10	100.0	0.0
2026-07-10T09:29:41.243	454	966	641	1167	2983	2912	3440	3760	3988	523	27.71	1018.52	53.97	207578	AS7341	flash	5	100	999	10	100.0	0.0
2026-07-10T09:29:43.262	454	965	641	1167	2984	2913	3441	3761	3990	523	27.71	1018.54	53.95	206537	AS7341	flash	5	100	999	10	100.0	0.0
2026-07-10T09:29:45.283	454	965	641	1167	2985	2914	3442	3762	3990	523	27.69	1018.52	53.96	206020	AS7341	flash	5	100	999	10	100.0	0.0
2026-07-10T09:29:47.297	454	965	641	1168	2987	2915	3444	3764	3993	524	27.68	1018.47	53.94	204232	AS7341	flash	5	100	999	10	100.0	0.0
2026-07-10T09:29:49.321	454	965	641	1168	2987	2916	3445	3764	3992	524	27.68	1018.51	53.93	204105	AS7341	flash	5	100	999	10	100.0	0.0
2026-07-10T09:29:51.224	454	965	641	1168	2988	2917	3446	3765	3994	524	27.68	1018.52	53.9	204105	AS7341	flash	5	100	999	10	100.0	0.0
2026-07-10T09:29:53.236	454	965	641	1168	2989	2918	3447	3766	3994	524	27.67	1018.54	53.9	203474	AS7341	flash	5	100	999	10	100.0	0.0
2026-07-10T09:29:55.253	454	964	641	1169	2990	2920	3448	3767	3995	524	27.66	1018.52	53.88	203098	AS7341	flash	5	100	999	10	100.0	0.0
2026-07-10T09:29:57.272	454	964	641	1169	2991	2921	3450	3768	3997	524	27.65	1018.5	53.87	206020	AS7341	flash	5	100	999	10	100.0	0.0
2026-07-10T09:29:59.282	454	964	641	1169	2991	2921	3450	3768	3997	524	27.65	1018.51	53.85	204485	AS7341	flash	5	100	999	10	100.0	0.0
2026-07-10T09:30:01.303	455	964	641	1170	2994	2924	3453	3771	4001	523	27.65	1018.5	53.84	202225	AS7341	flash	5	100	999	10	100.0	0.0
2026-07-10T09:30:03.325	454	964	641	1170	2994	2924	3453	3770	4000	524	27.64	1018.5	53.81	201730	AS7341	flash	5	100	999	10	100.0	0.0
2026-07-10T09:30:05.234	454	963	641	1170	2994	2924	3452	3770	4000	524	27.65	1018.53	53.79	202474	AS7341	flash	5	100	999	10	100.0	0.0
2026-07-10T09:30:07.244	455	963	641	1170	2996	2926	3455	3772	4003	523	27.63	1018.49	53.77	204867	AS7341	flash	5	100	999	10	100.0	0.0
2026-07-10T09:30:09.268	455	963	641	1171	2997	2927	3456	3773	4003	525	27.63	1018.51	53.75	202101	AS7341	flash	5	100	999	10	100.0	0.0
2026-07-10T09:30:11.285	455	963	641	1171	2997	2927	3457	3773	4003	525	27.62	1018.49	53.72	201977	AS7341	flash	5	100	999	10	100.0	0.0
2026-07-10T09:30:13.293	455	963	641	1171	2998	2928	3458	3774	4005	525	27.61	1018.5	53.71	202973	AS7341	flash	5	100	999	10	100.0	0.0
2026-07-10T09:30:15.317	455	963	641	1172	3000	2930	3460	3776	4007	525	27.61	1018.49	53.69	203979	AS7341	flash	5	100	999	10	100.0	0.0
2026-07-10T09:30:17.221	455	962	641	1171	2998	2929	3458	3774	4005	525	27.62	1018.53	53.67	202225	AS7341	flash	5	100	999	10	100.0	0.0
2026-07-10T09:30:19.238	455	962	641	1172	3000	2930	3460	3776	4006	525	27.6	1018.51	53.65	202723	AS7341	flash	5	100	999	10	100.0	0.0
2026-07-10T09:30:21.259	455	962	641	1172	3001	2932	3462	3777	4008	525	27.59	1018.49	53.63	203474	AS7341	flash	5	100	999	10	100.0	0.0
2026-07-10T09:30:23.275	455	962	641	1172	3002	2933	3462	3778	4009	525	27.59	1018.5	53.62	202598	AS7341	flash	5	100	999	10	100.0	0.0
2026-07-10T09:30:25.289	455	962	641	1172	3003	2934	3464	3778	4010	525	27.59	1018.49	53.61	202474	AS7341	flash	5	100	999	10	100.0	0.0
2026-07-10T09:30:27.308	455	962	641	1173	3004	2934	3464	3779	4010	525	27.58	1018.51	53.6	203852	AS7341	flash	5	100	999	10	100.0	0.0
2026-07-10T09:30:29.326	455	962	641	1173	3006	2937	3466	3781	4013	526	27.57	1018.49	53.57	203726	AS7341	flash	5	100	999	10	100.0	0.0
2026-07-10T09:30:31.238	455	961	641	1173	3005	2936	3465	3780	4011	525	27.57	1018.49	53.57	204994	AS7341	flash	5	100	999	10	100.0	0.0
2026-07-10T09:30:33.257	455	962	641	1174	3007	2938	3468	3782	4014	526	27.57	1018.51	53.55	203852	AS7341	flash	5	100	999	10	100.0	0.0
2026-07-10T09:30:35.267	455	961	641	1174	3006	2937	3467	3781	4013	526	27.56	1018.52	53.52	204485	AS7341	flash	5	100	999	10	100.0	0.0
2026-07-10T09:30:37.286	455	961	641	1174	3007	2939	3468	3782	4015	526	27.55	1018.51	53.51	204739	AS7341	flash	5	100	999	10	100.0	0.0
2026-07-10T09:30:39.298	455	961	641	1174	3007	2939	3468	3782	4014	526	27.54	1018.54	53.51	205506	AS7341	flash	5	100	999	10	100.0	0.0
2026-07-10T09:30:41.319	455	961	641	1174	3009	2940	3469	3783	4015	526	27.54	1018.49	53.49	204358	AS7341	flash	5	100	999	10	100.0	0.0
2026-07-10T09:30:43.335	455	961	641	1174	3010	2941	3471	3784	4016	525	27.54	1018.56	53.48	205378	AS7341	flash	5	100	999	10	100.0	0.0
2026-07-10T09:30:45.243	455	960	641	1174	3009	2940	3470	3783	4016	526	27.53	1018.49	53.46	206667	AS7341	flash	5	100	999	10	100.0	0.0
2026-07-10T09:30:47.257	455	960	641	1174	3010	2942	3471	3784	4017	526	27.53	1018.5	53.45	206667	AS7341	flash	5	100	999	10	100.0	0.0
2026-07-10T09:30:49.270	455	960	641	1175	3011	2943	3472	3785	4018	526	27.52	1018.51	53.44	206278	AS7341	flash	5	100	999	10	100.0	0.0
2026-07-10T09:30:51.293	455	960	641	1175	3012	2944	3474	3786	4019	526	27.51	1018.55	53.42	207187	AS7341	flash	5	100	999	10	100.0	0.0
2026-07-10T09:30:53.314	455	960	641	1175	3013	2944	3474	3787	4020	526	27.5	1018.53	53.41	207317	AS7341	flash	5	100	999	10	100.0	0.0
2026-07-10T09:30:55.333	455	960	641	1175	3013	2945	3474	3786	4020	526	27.49	1018.53	53.4	208103	AS7341	flash	5	100	999	10	100.0	0.0
2026-07-10T09:30:57.248	455	960	641	1175	3013	2945	3475	3788	4021	525	27.5	1018.53	53.39	209028	AS7341	flash	5	100	999	10	100.0	0.0
2026-07-10T09:30:59.261	456	960	641	1176	3015	2947	3477	3789	4022	526	27.48	1018.53	53.37	209293	AS7341	flash	5	100	999	10	100.0	0.0
2026-07-10T09:31:01.277	456	960	641	1176	3016	2948	3478	3789	4023	527	27.47	1018.51	53.35	210363	AS7341	flash	5	100	999	10	100.0	0.0
2026-07-10T09:31:03.293	456	960	641	1176	3017	2949	3479	3791	4024	527	27.46	1018.52	53.36	209960	AS7341	flash	5	100	999	10	100.0	0.0
2026-07-10T09:31:05.317	456	960	641	1176	3016	2948	3479	3790	4024	526	27.46	1018.53	53.35	210228	AS7341	flash	5	100	999	10	100.0	0.0
2026-07-10T09:31:07.331	456	959	641	1176	3017	2950	3480	3791	4025	527	27.45	1018.53	53.34	210902	AS7341	flash	5	100	999	10	100.0	0.0
2026-07-10T09:31:09.346	456	960	641	1177	3018	2949	3480	3791	4025	526	27.44	1018.56	53.34	212809	AS7341	flash	5	100	999	10	100.0	0.0
2026-07-10T09:31:11.263	456	959	641	1177	3018	2950	3480	3791	4025	527	27.44	1018.51	53.33	212672	AS7341	flash	5	100	999	10	100.0	0.0
2026-07-10T09:31:13.273	456	959	641	1177	3019	2951	3481	3792	4026	527	27.44	1018.55	53.32	212672	AS7341	flash	5	100	999	10	100.0	0.0
2026-07-10T09:31:15.292	456	959	641	1177	3019	2952	3482	3793	4028	527	27.42	1018.54	53.31	213361	AS7341	flash	5	100	999	10	100.0	0.0
2026-07-10T09:31:17.308	456	959	641	1178	3020	2952	3483	3793	4028	527	27.41	1018.56	53.3	213499	AS7341	flash	5	100	999	10	100.0	0.0
2026-07-10T09:31:19.327	456	959	641	1177	3021	2953	3484	3794	4029	527	27.4	1018.54	53.3	213915	AS7341	flash	5	100	999	10	100.0	0.0
2026-07-10T09:31:21.337	456	959	641	1177	3021	2953	3484	3794	4029	527	27.39	1018.5	53.31	215173	AS7341	flash	5	100	999	10	100.0	0.0
2026-07-10T09:31:23.252	456	959	641	1178	3021	2953	3484	3794	4029	527	27.39	1018.54	53.3	215737	AS7341	flash	5	100	999	10	100.0	0.0
2026-07-10T09:31:25.262	456	959	641	1178	3022	2954	3485	3795	4030	527	27.38	1018.5	53.29	215878	AS7341	flash	5	100	999	10	100.0	0.0
2026-07-10T09:31:27.274	456	958	641	1178	3022	2955	3485	3795	4030	526	27.38	1018.52	53.3	216162	AS7341	flash	5	100	999	10	100.0	0.0
2026-07-10T09:31:29.293	456	958	641	1178	3023	2956	3486	3796	4031	527	27.37	1018.53	53.3	217016	AS7341	flash	5	100	999	10	100.0	0.0
2026-07-10T09:31:31.302	456	958	641	1178	3024	2955	3487	3797	4031	527	27.37	1018.54	53.29	217159	AS7341	flash	5	100	999	10	100.0	0.0
2026-07-10T09:31:33.320	456	958	641	1178	3024	2957	3488	3797	4032	528	27.36	1018.57	53.3	217446	AS7341	flash	5	100	999	10	100.0	0.0
2026-07-10T09:31:35.335	456	958	641	1179	3024	2957	3488	3798	4033	527	27.35	1018.55	53.3	218601	AS7341	flash	5	100	999	10	100.0	0.0
2026-07-10T09:31:37.238	456	958	641	1178	3025	2957	3488	3797	4032	527	27.36	1018.57	53.27	219768	AS7341	flash	5	100	999	10	100.0	0.0
2026-07-10T09:31:39.257	456	958	641	1179	3026	2959	3490	3799	4034	528	27.35	1018.55	53.28	220651	AS7341	flash	5	100	999	10	100.0	0.0
2026-07-10T09:31:41.276	456	958	641	1179	3027	2960	3491	3800	4036	528	27.34	1018.58	53.26	220356	AS7341	flash	5	100	999	10	100.0	0.0
2026-07-10T09:31:43.288	456	958	641	1179	3027	2960	3491	3800	4035	527	27.33	1018.51	53.25	220651	AS7341	flash	5	100	999	10	100.0	0.0
2026-07-10T09:31:45.301	456	957	641	1179	3027	2959	3491	3800	4035	528	27.32	1018.54	53.27	221542	AS7341	flash	5	100	999	10	100.0	0.0
2026-07-10T09:31:47.320	456	957	641	1179	3028	2961	3492	3801	4036	528	27.32	1018.56	53.25	221691	AS7341	flash	5	100	999	10	100.0	0.0
2026-07-10T09:31:49.336	456	957	641	1179	3028	2962	3493	3802	4037	528	27.31	1018.53	53.26	222139	AS7341	flash	5	100	999	10	100.0	0.0
2026-07-10T09:31:51.238	456	957	641	1179	3028	2961	3492	3800	4036	528	27.31	1018.52	53.25	223345	AS7341	flash	5	100	999	10	100.0	0.0
2026-07-10T09:31:53.255	456	957	641	1180	3028	2962	3493	3801	4037	528	27.3	1018.51	53.24	223800	AS7341	flash	5	100	999	10	100.0	0.0
2026-07-10T09:31:55.265	456	957	641	1180	3030	2963	3494	3803	4039	528	27.3	1018.54	53.23	224257	AS7341	flash	5	100	999	10	100.0	0.0
2026-07-10T09:31:57.291	456	958	641	1180	3030	2964	3495	3804	4039	528	27.28	1018.52	53.23	224257	AS7341	flash	5	100	999	10	100.0	0.0
2026-07-10T09:31:59.310	456	957	641	1180	3030	2963	3495	3804	4039	528	27.28	1018.5	53.23	224870	AS7341	flash	5	100	999	10	100.0	0.0
2026-07-10T09:32:01.323	456	957	641	1180	3031	2964	3496	3804	4040	528	27.28	1018.53	53.24	225949	AS7341	flash	5	100	999	10	100.0	0.0
2026-07-10T09:32:03.342	456	957	641	1181	3032	2965	3497	3805	4040	528	27.27	1018.53	53.23	225331	AS7341	flash	5	100	999	10	100.0	0.0
2026-07-10T09:32:05.252	456	957	641	1180	3031	2964	3496	3804	4040	528	27.27	1018.53	53.24	226883	AS7341	flash	5	100	999	10	100.0	0.0
2026-07-10T09:32:07.267	456	957	641	1181	3032	2966	3497	3805	4041	528	27.26	1018.54	53.23	227040	AS7341	flash	5	100	999	10	100.0	0.0
2026-07-10T09:32:09.276	456	957	641	1180	3032	2966	3498	3806	4041	528	27.26	1018.51	53.23	227983	AS7341	flash	5	100	999	10	100.0	0.0
2026-07-10T09:32:11.295	456	957	640	1180	3032	2965	3498	3805	4042	528	27.25	1018.53	53.22	228616	AS7341	flash	5	100	999	10	100.0	0.0
2026-07-10T09:32:13.321	456	956	641	1181	3033	2966	3498	3806	4042	527	27.24	1018.5	53.21	228299	AS7341	flash	5	100	999	10	100.0	0.0
2026-07-10T09:32:15.335	456	956	640	1181	3034	2968	3499	3807	4043	528	27.23	1018.52	53.21	228934	AS7341	flash	5	100	999	10	100.0	0.0
2026-07-10T09:32:17.236	456	956	641	1181	3033	2968	3499	3807	4043	528	27.25	1018.54	53.2	230214	AS7341	flash	5	100	999	10	100.0	0.0
2026-07-10T09:32:19.251	456	956	640	1181	3033	2967	3499	3807	4042	528	27.23	1018.54	53.2	230859	AS7341	flash	5	100	999	10	100.0	0.0
2026-07-10T09:32:21.275	456	956	640	1181	3034	2969	3500	3807	4044	528	27.23	1018.53	53.19	229892	AS7341	flash	5	100	999	10	100.0	0.0
2026-07-10T09:32:23.292	456	956	640	1181	3035	2969	3501	3808	4044	528	27.21	1018.52	53.21	232161	AS7341	flash	5	100	999	10	100.0	0.0
2026-07-10T09:32:25.309	457	956	641	1182	3035	2970	3502	3809	4045	529	27.21	1018.52	53.21	231834	AS7341	flash	5	100	999	10	100.0	0.0
2026-07-10T09:32:27.329	457	956	640	1182	3035	2969	3502	3809	4045	529	27.21	1018.54	53.2	232818	AS7341	flash	5	100	999	10	100.0	0.0
2026-07-10T09:32:29.340	457	956	641	1182	3036	2970	3503	3810	4046	529	27.2	1018.5	53.19	232818	AS7341	flash	5	100	999	10	100.0	0.0
2026-07-10T09:32:31.250	456	956	640	1181	3036	2969	3502	3809	4045	529	27.21	1018.55	53.19	233975	AS7341	flash	5	100	999	10	100.0	0.0
2026-07-10T09:32:33.266	457	956	640	1182	3037	2972	3504	3811	4047	529	27.19	1018.51	53.2	232489	AS7341	flash	5	100	999	10	100.0	0.0
2026-07-10T09:32:35.284	456	955	640	1182	3036	2971	3503	3809	4046	529	27.19	1018.51	53.2	233809	AS7341	flash	5	100	999	10	100.0	0.0
2026-07-10T09:32:37.297	457	956	641	1182	3038	2972	3505	3812	4048	529	27.18	1018.51	53.21	234977	AS7341	flash	5	100	999	10	100.0	0.0
2026-07-10T09:32:39.319	457	956	640	1182	3038	2972	3505	3811	4047	529	27.18	1018.53	53.19	237006	AS7341	flash	5	100	999	10	100.0	0.0
2026-07-10T09:32:41.333	456	955	640	1182	3037	2972	3505	3811	4047	529	27.17	1018.53	53.19	235987	AS7341	flash	5	100	999	10	100.0	0.0
2026-07-10T09:32:43.244	457	955	640	1182	3037	2972	3504	3811	4047	529	27.18	1018.52	53.2	237348	AS7341	flash	5	100	999	10	100.0	0.0
2026-07-10T09:32:45.262	456	955	640	1182	3038	2972	3505	3811	4048	529	27.17	1018.51	53.2	237177	AS7341	flash	5	100	999	10	100.0	0.0
2026-07-10T09:32:47.283	457	955	640	1182	3039	2973	3506	3812	4049	529	27.16	1018.5	53.17	237519	AS7341	flash	5	100	999	10	100.0	0.0
2026-07-10T09:32:49.297	457	955	640	1182	3038	2973	3506	3812	4048	529	27.15	1018.5	53.19	237177	AS7341	flash	5	100	999	10	100.0	0.0
2026-07-10T09:32:51.316	457	955	640	1182	3039	2974	3506	3812	4049	529	27.15	1018.52	53.19	237006	AS7341	flash	5	100	999	10	100.0	0.0
2026-07-10T09:32:53.344	457	955	640	1182	3040	2976	3508	3814	4051	529	27.15	1018.54	53.18	237519	AS7341	flash	5	100	999	10	100.0	0.0
2026-07-10T09:32:55.247	457	955	640	1182	3039	2973	3507	3813	4050	529	27.15	1018.52	53.19	239244	AS7341	flash	5	100	999	10	100.0	0.0
2026-07-10T09:32:57.264	457	955	640	1183	3041	2977	3509	3816	4052	529	27.14	1018.51	53.18	240643	AS7341	flash	5	100	999	10	100.0	0.0
2026-07-10T09:32:59.284	457	955	640	1183	3040	2976	3508	3815	4051	529	27.13	1018.54	53.18	241348	AS7341	flash	5	100	999	10	100.0	0.0
2026-07-10T09:33:01.301	457	955	640	1183	3040	2976	3508	3814	4051	529	27.13	1018.5	53.18	240117	AS7341	flash	5	100	999	10	100.0	0.0
2026-07-10T09:33:03.318	457	955	640	1183	3041	2977	3510	3816	4052	528	27.12	1018.51	53.16	242593	AS7341	flash	5	100	999	10	100.0	0.0
2026-07-10T09:33:05.340	457	955	640	1183	3042	2977	3510	3816	4052	529	27.12	1018.5	53.17	240117	AS7341	flash	5	100	999	10	100.0	0.0
2026-07-10T09:33:07.359	457	955	640	1183	3042	2977	3510	3816	4053	529	27.12	1018.52	53.18	242058	AS7341	flash	5	100	999	10	100.0	0.0
2026-07-10T09:33:09.267	457	955	640	1183	3041	2976	3509	3815	4052	529	27.12	1018.53	53.17	241348	AS7341	flash	5	100	999	10	100.0	0.0
2026-07-10T09:33:11.288	457	954	640	1183	3043	2979	3511	3817	4054	529	27.1	1018.51	53.17	243490	AS7341	flash	5	100	999	10	100.0	0.0
2026-07-10T09:33:13.305	457	954	640	1183	3042	2977	3510	3816	4053	528	27.1	1018.54	53.18	242951	AS7341	flash	5	100	999	10	100.0	0.0
2026-07-10T09:33:15.326	457	955	640	1184	3043	2978	3512	3818	4055	530	27.1	1018.49	53.19	242058	AS7341	flash	5	100	999	10	100.0	0.0
2026-07-10T09:33:17.345	457	954	640	1183	3043	2979	3512	3817	4054	530	27.09	1018.47	53.18	242951	AS7341	flash	5	100	999	10	100.0	0.0
2026-07-10T09:33:19.252	457	954	640	1183	3043	2978	3511	3818	4054	529	27.09	1018.53	53.16	245121	AS7341	flash	5	100	999	10	100.0	0.0
2026-07-10T09:33:21.270	457	954	640	1183	3043	2978	3512	3818	4054	530	27.09	1018.54	53.16	245303	AS7341	flash	5	100	999	10	100.0	0.0
2026-07-10T09:33:23.281	457	954	640	1183	3044	2980	3513	3818	4055	530	27.08	1018.51	53.17	243490	AS7341	flash	5	100	999	10	100.0	0.0
2026-07-10T09:33:25.331	457	954	640	1184	3044	2980	3513	3818	4055	529	27.07	1018.53	53.17	245669	AS7341	flash	5	100	999	10	100.0	0.0
2026-07-10T09:33:27.349	457	954	640	1184	3045	2981	3514	3819	4056	530	27.07	1018.53	53.16	246036	AS7341	flash	5	100	999	10	100.0	0.0
2026-07-10T09:33:29.364	457	955	640	1184	3046	2982	3515	3821	4058	530	27.06	1018.52	53.18	246036	AS7341	flash	5	100	999	10	100.0	0.0
2026-07-10T09:33:31.269	457	954	640	1184	3044	2980	3513	3819	4056	530	27.06	1018.5	53.18	246404	AS7341	flash	5	100	999	10	100.0	0.0
2026-07-10T09:33:33.283	457	954	640	1184	3045	2980	3514	3820	4056	529	27.05	1018.5	53.16	247515	AS7341	flash	5	100	999	10	100.0	0.0
2026-07-10T09:33:35.308	457	954	640	1184	3045	2981	3515	3821	4057	530	27.05	1018.49	53.18	245852	AS7341	flash	5	100	999	10	100.0	0.0
2026-07-10T09:33:37.321	457	954	640	1184	3046	2981	3516	3821	4058	530	27.04	1018.51	53.18	247515	AS7341	flash	5	100	999	10	100.0	0.0
2026-07-10T09:33:39.334	457	954	640	1184	3046	2982	3515	3820	4057	530	27.04	1018.54	53.17	246959	AS7341	flash	5	100	999	10	100.0	0.0
2026-07-10T09:33:41.352	457	954	640	1184	3046	2983	3516	3821	4058	530	27.04	1018.52	53.18	248637	AS7341	flash	5	100	999	10	100.0	0.0
2026-07-10T09:33:43.371	457	954	640	1184	3047	2983	3517	3822	4059	530	27.02	1018.49	53.19	248262	AS7341	flash	5	100	999	10	100.0	0.0
2026-07-10T09:33:45.288	457	954	640	1185	3047	2982	3517	3821	4059	530	27.03	1018.54	53.19	249390	AS7341	flash	5	100	999	10	100.0	0.0
2026-07-10T09:33:47.305	457	954	640	1184	3047	2983	3518	3823	4060	530	27.01	1018.53	53.19	249768	AS7341	flash	5	100	999	10	100.0	0.0
2026-07-10T09:33:49.317	457	953	640	1184	3047	2982	3517	3823	4059	530	27.01	1018.51	53.2	247888	AS7341	flash	5	100	999	10	100.0	0.0
2026-07-10T09:33:51.338	457	954	640	1184	3047	2983	3517	3823	4059	530	27.0	1018.5	53.22	249579	AS7341	flash	5	100	999	10	100.0	0.0
2026-07-10T09:33:53.359	457	954	640	1185	3049	2985	3519	3824	4060	530	26.99	1018.53	53.23	248262	AS7341	flash	5	100	999	10	100.0	0.0
2026-07-10T09:33:55.374	457	954	640	1185	3048	2985	3518	3823	4060	530	26.99	1018.53	53.26	250719	AS7341	flash	5	100	999	10	100.0	0.0
2026-07-10T09:33:57.279	457	953	640	1184	3048	2984	3518	3823	4059	530	26.99	1018.5	53.25	250337	AS7341	flash	5	100	999	10	100.0	0.0
2026-07-10T09:33:59.298	457	953	640	1185	3048	2985	3519	3824	4061	530	26.97	1018.52	53.28	251292	AS7341	flash	5	100	999	10	100.0	0.0
2026-07-10T09:34:01.310	457	953	640	1185	3049	2985	3520	3825	4061	529	26.97	1018.49	53.3	249390	AS7341	flash	5	100	999	10	100.0	0.0
2026-07-10T09:34:03.324	457	953	640	1185	3049	2985	3521	3825	4062	530	26.97	1018.52	53.31	250147	AS7341	flash	5	100	999	10	100.0	0.0
2026-07-10T09:34:05.342	457	953	640	1185	3049	2986	3520	3825	4062	530	26.95	1018.5	53.33	251677	AS7341	flash	5	100	999	10	100.0	0.0
2026-07-10T09:34:07.363	457	953	640	1185	3049	2987	3520	3826	4062	530	26.95	1018.54	53.35	250528	AS7341	flash	5	100	999	10	100.0	0.0
2026-07-10T09:34:09.386	457	953	640	1185	3050	2987	3521	3826	4063	530	26.95	1018.52	53.37	251292	AS7341	flash	5	100	999	10	100.0	0.0
2026-07-10T09:34:11.290	457	953	640	1184	3048	2986	3520	3825	4061	530	26.95	1018.49	53.38	252448	AS7341	flash	5	100	999	10	100.0	0.0
2026-07-10T09:34:13.313	457	953	640	1185	3050	2987	3521	3825	4063	529	26.94	1018.49	53.38	254006	AS7341	flash	5	100	999	10	100.0	0.0
2026-07-10T09:34:15.332	457	953	640	1185	3050	2986	3522	3826	4063	530	26.93	1018.49	53.39	252836	AS7341	flash	5	100	999	10	100.0	0.0
2026-07-10T09:34:17.346	457	953	640	1185	3049	2985	3521	3826	4062	530	26.93	1018.5	53.39	253615	AS7341	flash	5	100	999	10	100.0	0.0
2026-07-10T09:34:19.360	457	953	640	1185	3050	2987	3522	3827	4063	530	26.92	1018.5	53.4	252255	AS7341	flash	5	100	999	10	100.0	0.0
2026-07-10T09:34:21.378	457	953	640	1185	3050	2987	3522	3827	4063	530	26.91	1018.5	53.43	254006	AS7341	flash	5	100	999	10	100.0	0.0
2026-07-10T09:34:23.390	457	953	640	1185	3052	2988	3523	3829	4065	531	26.91	1018.5	53.43	254202	AS7341	flash	5	100	999	10	100.0	0.0
2026-07-10T09:34:25.301	457	953	640	1185	3050	2986	3521	3827	4063	529	26.92	1018.5	53.44	254989	AS7341	flash	5	100	999	10	100.0	0.0
2026-07-10T09:34:27.320	457	953	640	1185	3050	2987	3522	3827	4063	530	26.9	1018.48	53.45	254202	AS7341	flash	5	100	999	10	100.0	0.0
2026-07-10T09:34:29.339	457	953	640	1185	3050	2987	3523	3829	4065	531	26.9	1018.49	53.45	254398	AS7341	flash	5	100	999	10	100.0	0.0
2026-07-10T09:34:31.361	457	953	640	1185	3051	2987	3524	3829	4065	530	26.89	1018.5	53.47	254398	AS7341	flash	5	100	999	10	100.0	0.0
2026-07-10T09:34:33.377	457	953	640	1185	3051	2988	3523	3828	4064	530	26.9	1018.52	53.45	253810	AS7341	flash	5	100	999	10	100.0	0.0
2026-07-10T09:34:35.390	457	953	640	1185	3051	2988	3523	3828	4064	530	26.89	1018.48	53.46	255187	AS7341	flash	5	100	999	10	100.0	0.0
2026-07-10T09:34:37.295	457	952	640	1184	3050	2986	3522	3827	4063	530	26.9	1018.48	53.46	256979	AS7341	flash	5	100	999	10	100.0	0.0
2026-07-10T09:34:39.317	457	953	640	1185	3051	2989	3524	3829	4065	531	26.89	1018.51	53.46	256778	AS7341	flash	5	100	999	10	100.0	0.0
2026-07-10T09:34:41.337	457	953	640	1185	3051	2989	3524	3829	4065	531	26.88	1018.52	53.46	257783	AS7341	flash	5	100	999	10	100.0	0.0
2026-07-10T09:34:43.353	457	952	640	1185	3052	2988	3525	3830	4066	531	26.87	1018.54	53.46	255781	AS7341	flash	5	100	999	10	100.0	0.0
2026-07-10T09:34:45.376	457	953	640	1186	3053	2990	3526	3831	4067	531	26.87	1018.48	53.47	256379	AS7341	flash	5	100	999	10	100.0	0.0
2026-07-10T09:34:47.291	457	952	640	1185	3051	2988	3525	3830	4066	531	26.87	1018.51	53.47	257783	AS7341	flash	5	100	999	10	100.0	0.0
2026-07-10T09:34:49.307	457	952	640	1185	3052	2989	3525	3830	4065	531	26.86	1018.51	53.47	258390	AS7341	flash	5	100	999	10	100.0	0.0
2026-07-10T09:34:51.329	457	952	640	1186	3051	2990	3525	3830	4066	531	26.85	1018.5	53.48	257985	AS7341	flash	5	100	999	10	100.0	0.0
2026-07-10T09:34:53.354	457	952	640	1185	3052	2989	3526	3831	4066	530	26.85	1018.46	53.48	256179	AS7341	flash	5	100	999	10	100.0	0.0
2026-07-10T09:34:55.367	458	953	640	1186	3053	2990	3527	3832	4068	531	26.84	1018.48	53.46	256379	AS7341	flash	5	100	999	10	100.0	0.0
2026-07-10T09:34:57.387	457	952	640	1185	3052	2990	3526	3831	4067	531	26.84	1018.5	53.49	256979	AS7341	flash	5	100	999	10	100.0	0.0
2026-07-10T09:34:59.297	457	952	640	1186	3052	2990	3525	3830	4066	531	26.84	1018.51	53.47	258593	AS7341	flash	5	100	999	10	100.0	0.0
2026-07-10T09:35:01.312	457	952	640	1186	3053	2990	3526	3831	4067	531	26.84	1018.53	53.48	259204	AS7341	flash	5	100	999	10	100.0	0.0
2026-07-10T09:35:03.328	457	952	640	1186	3053	2990	3526	3831	4067	531	26.83	1018.55	53.5	258796	AS7341	flash	5	100	999	10	100.0	0.0
2026-07-10T09:35:05.349	457	952	640	1185	3053	2990	3527	3831	4067	531	26.83	1018.49	53.49	259612	AS7341	flash	5	100	999	10	100.0	0.0
2026-07-10T09:35:07.364	457	952	640	1186	3053	2990	3527	3832	4068	531	26.83	1018.53	53.5	257783	AS7341	flash	5	100	999	10	100.0	0.0
2026-07-10T09:35:09.391	457	952	640	1186	3054	2991	3528	3833	4069	531	26.82	1018.53	53.5	258188	AS7341	flash	5	100	999	10	100.0	0.0
2026-07-10T09:35:11.306	457	952	640	1185	3053	2990	3527	3832	4067	531	26.82	1018.5	53.49	259000	AS7341	flash	5	100	999	10	100.0	0.0
2026-07-10T09:35:13.321	457	952	640	1186	3053	2991	3527	3832	4068	530	26.81	1018.52	53.48	258796	AS7341	flash	5	100	999	10	100.0	0.0
2026-07-10T09:35:15.342	457	952	640	1186	3053	2992	3527	3832	4068	531	26.8	1018.53	53.49	258390	AS7341	flash	5	100	999	10	100.0	0.0
2026-07-10T09:35:17.353	457	952	640	1186	3053	2992	3527	3832	4068	531	26.8	1018.53	53.48	260639	AS7341	flash	5	100	999	10	100.0	0.0
2026-07-10T09:35:19.362	457	952	640	1186	3053	2991	3527	3832	4068	531	26.8	1018.54	53.5	259204	AS7341	flash	5	100	999	10	100.0	0.0
2026-07-10T09:35:21.385	457	952	640	1186	3054	2991	3528	3833	4069	531	26.8	1018.56	53.51	259612	AS7341	flash	5	100	999	10	100.0	0.0
2026-07-10T09:35:23.289	457	951	640	1185	3053	2990	3527	3832	4068	531	26.8	1018.51	53.5	260846	AS7341	flash	5	100	999	10	100.0	0.0
2026-07-10T09:35:25.305	457	952	640	1186	3054	2992	3528	3833	4068	531	26.79	1018.53	53.5	260433	AS7341	flash	5	100	999	10	100.0	0.0
2026-07-10T09:35:27.322	457	952	640	1186	3055	2992	3529	3834	4070	531	26.78	1018.5	53.49	262300	AS7341	flash	5	100	999	10	100.0	0.0
2026-07-10T09:35:29.341	457	952	640	1186	3054	2993	3529	3834	4069	531	26.78	1018.55	53.51	260022	AS7341	flash	5	100	999	10	100.0	0.0
2026-07-10T09:35:31.356	457	952	640	1186	3055	2992	3529	3834	4069	531	26.78	1018.53	53.51	260228	AS7341	flash	5	100	999	10	100.0	0.0
2026-07-10T09:35:33.373	457	952	640	1186	3054	2992	3529	3834	4070	531	26.77	1018.51	53.52	260022	AS7341	flash	5	100	999	10	100.0	0.0
2026-07-10T09:35:35.394	457	951	639	1186	3054	2992	3529	3834	4070	531	26.77	1018.52	53.52	261053	AS7341	flash	5	100	999	10	100.0	0.0
2026-07-10T09:35:37.301	457	951	640	1186	3054	2992	3529	3834	4069	531	26.78	1018.55	53.53	261260	AS7341	flash	5	100	999	10	100.0	0.0
2026-07-10T09:35:39.316	457	952	640	1186	3056	2993	3530	3835	4070	531	26.77	1018.54	53.53	261467	AS7341	flash	5	100	999	10	100.0	0.0
2026-07-10T09:35:41.330	458	952	640	1186	3056	2993	3531	3835	4071	530	26.76	1018.54	53.53	262091	AS7341	flash	5	100	999	10	100.0	0.0
2026-07-10T09:35:43.347	458	952	640	1186	3056	2993	3531	3835	4071	531	26.77	1018.52	53.51	262091	AS7341	flash	5	100	999	10	100.0	0.0
2026-07-10T09:35:45.361	458	952	640	1186	3056	2995	3531	3836	4072	531	26.76	1018.52	53.53	262300	AS7341	flash	5	100	999	10	100.0	0.0
2026-07-10T09:35:47.379	458	952	640	1186	3057	2995	3532	3837	4072	530	26.75	1018.52	53.52	261467	AS7341	flash	5	100	999	10	100.0	0.0
2026-07-10T09:35:49.390	458	951	640	1186	3056	2995	3531	3836	4071	530	26.75	1018.53	53.55	262091	AS7341	flash	5	100	999	10	100.0	0.0
2026-07-10T09:35:51.404	458	952	640	1187	3057	2996	3533	3837	4073	530	26.75	1018.52	53.54	261883	AS7341	flash	5	100	999	10	100.0	0.0
2026-07-10T09:35:53.307	457	951	639	1186	3055	2993	3531	3835	4071	530	26.75	1018.55	53.53	263982	AS7341	flash	5	100	999	10	100.0	0.0
2026-07-10T09:35:55.322	458	951	640	1186	3056	2995	3532	3836	4072	531	26.74	1018.49	53.52	261467	AS7341	flash	5	100	999	10	100.0	0.0
2026-07-10T09:35:57.346	458	952	640	1187	3057	2996	3533	3837	4073	531	26.74	1018.54	53.51	262300	AS7341	flash	5	100	999	10	100.0	0.0
2026-07-10T09:35:59.372	458	951	640	1186	3057	2995	3532	3837	4072	531	26.74	1018.54	53.53	262719	AS7341	flash	5	100	999	10	100.0	0.0
2026-07-10T09:36:01.398	458	951	640	1187	3058	2997	3534	3839	4074	532	26.73	1018.55	53.52	262928	AS7341	flash	5	100	999	10	100.0	0.0
2026-07-10T09:36:03.306	458	951	640	1186	3057	2996	3532	3837	4073	531	26.74	1018.51	53.53	265044	AS7341	flash	5	100	999	10	100.0	0.0
2026-07-10T09:36:05.330	458	951	640	1187	3057	2995	3533	3838	4073	530	26.73	1018.5	53.53	263771	AS7341	flash	5	100	999	10	100.0	0.0
2026-07-10T09:36:07.348	458	951	640	1186	3056	2995	3532	3837	4072	530	26.73	1018.55	53.53	263349	AS7341	flash	5	100	999	10	100.0	0.0
2026-07-10T09:36:09.365	458	951	640	1186	3057	2995	3532	3837	4072	531	26.72	1018.55	53.55	263982	AS7341	flash	5	100	999	10	100.0	0.0
2026-07-10T09:36:11.391	458	951	640	1187	3057	2995	3533	3838	4073	530	26.72	1018.54	53.55	264831	AS7341	flash	5	100	999	10	100.0	0.0
2026-07-10T09:36:13.409	458	951	640	1187	3057	2997	3534	3838	4073	531	26.71	1018.55	53.54	263771	AS7341	flash	5	100	999	10	100.0	0.0
2026-07-10T09:36:15.315	458	951	640	1187	3057	2995	3533	3838	4073	531	26.72	1018.55	53.54	263771	AS7341	flash	5	100	999	10	100.0	0.0
2026-07-10T09:36:17.339	458	951	640	1187	3058	2997	3534	3839	4074	532	26.71	1018.55	53.54	265044	AS7341	flash	5	100	999	10	100.0	0.0
2026-07-10T09:36:19.352	458	951	640	1187	3057	2996	3534	3838	4073	531	26.7	1018.55	53.54	265686	AS7341	flash	5	100	999	10	100.0	0.0
2026-07-10T09:36:21.367	458	951	640	1187	3058	2996	3534	3839	4074	532	26.7	1018.53	53.55	265044	AS7341	flash	5	100	999	10	100.0	0.0
2026-07-10T09:36:23.384	458	951	640	1187	3058	2996	3534	3839	4074	532	26.69	1018.53	53.55	263982	AS7341	flash	5	100	999	10	100.0	0.0
2026-07-10T09:36:25.397	458	951	640	1187	3057	2996	3534	3839	4074	532	26.68	1018.53	53.55	264618	AS7341	flash	5	100	999	10	100.0	0.0
2026-07-10T09:36:27.303	458	951	639	1186	3057	2996	3533	3838	4073	531	26.7	1018.54	53.54	266762	AS7341	flash	5	100	999	10	100.0	0.0
2026-07-10T09:36:29.319	458	951	639	1187	3057	2995	3533	3838	4073	531	26.68	1018.52	53.55	264831	AS7341	flash	5	100	999	10	100.0	0.0
2026-07-10T09:36:31.344	458	951	639	1187	3058	2996	3534	3838	4073	531	26.68	1018.52	53.55	266115	AS7341	flash	5	100	999	10	100.0	0.0
2026-07-10T09:36:33.364	458	951	640	1187	3059	2997	3535	3839	4075	531	26.68	1018.56	53.55	265472	AS7341	flash	5	100	999	10	100.0	0.0
2026-07-10T09:36:35.374	458	951	640	1187	3059	2998	3535	3840	4075	532	26.67	1018.5	53.56	265258	AS7341	flash	5	100	999	10	100.0	0.0
2026-07-10T09:36:37.400	458	951	640	1187	3058	2998	3536	3841	4076	532	26.67	1018.5	53.56	264618	AS7341	flash	5	100	999	10	100.0	0.0
2026-07-10T09:36:39.307	458	951	640	1187	3059	2997	3535	3840	4075	532	26.67	1018.51	53.54	266115	AS7341	flash	5	100	999	10	100.0	0.0
2026-07-10T09:36:41.327	457	951	639	1187	3059	2998	3535	3839	4075	532	26.66	1018.5	53.54	265044	AS7341	flash	5	100	999	10	100.0	0.0
2026-07-10T09:36:43.345	458	951	640	1187	3060	2998	3537	3841	4076	532	26.66	1018.46	53.55	267195	AS7341	flash	5	100	999	10	100.0	0.0
2026-07-10T09:36:45.360	458	951	639	1187	3059	2998	3536	3840	4075	532	26.65	1018.51	53.55	267412	AS7341	flash	5	100	999	10	100.0	0.0
2026-07-10T09:36:47.382	458	951	640	1187	3059	2998	3537	3841	4076	532	26.66	1018.51	53.54	265900	AS7341	flash	5	100	999	10	100.0	0.0
2026-07-10T09:36:49.393	458	951	640	1187	3060	2999	3537	3841	4076	532	26.65	1018.5	53.56	266330	AS7341	flash	5	100	999	10	100.0	0.0
2026-07-10T09:36:51.412	458	951	640	1187	3060	2998	3537	3841	4076	532	26.65	1018.55	53.56	265900	AS7341	flash	5	100	999	10	100.0	0.0
2026-07-10T09:36:53.315	458	950	639	1187	3059	2998	3536	3840	4075	531	26.65	1018.51	53.56	266762	AS7341	flash	5	100	999	10	100.0	0.0
2026-07-10T09:36:55.333	458	951	640	1187	3059	2999	3536	3840	4076	532	26.64	1018.52	53.55	267195	AS7341	flash	5	100	999	10	100.0	0.0
2026-07-10T09:36:57.360	458	950	639	1187	3059	2998	3536	3840	4076	532	26.64	1018.51	53.56	267195	AS7341	flash	5	100	999	10	100.0	0.0
2026-07-10T09:36:59.377	458	951	640	1187	3060	2998	3537	3840	4076	532	26.63	1018.5	53.57	267195	AS7341	flash	5	100	999	10	100.0	0.0
2026-07-10T09:37:01.395	458	950	640	1187	3060	3000	3537	3841	4077	532	26.63	1018.53	53.57	265900	AS7341	flash	5	100	999	10	100.0	0.0
2026-07-10T09:37:03.311	458	950	640	1187	3058	2998	3536	3840	4075	532	26.64	1018.52	53.57	267629	AS7341	flash	5	100	999	10	100.0	0.0
2026-07-10T09:37:05.333	458	950	640	1187	3060	2999	3537	3842	4077	532	26.63	1018.54	53.56	268502	AS7341	flash	5	100	999	10	100.0	0.0
2026-07-10T09:37:07.353	458	951	640	1187	3059	3000	3537	3841	4077	532	26.63	1018.53	53.56	267195	AS7341	flash	5	100	999	10	100.0	0.0
2026-07-10T09:37:09.375	458	950	639	1187	3060	2999	3537	3842	4077	532	26.62	1018.5	53.57	267195	AS7341	flash	5	100	999	10	100.0	0.0
2026-07-10T09:37:11.397	458	950	639	1187	3060	2999	3538	3842	4076	532	26.62	1018.52	53.57	266546	AS7341	flash	5	100	999	10	100.0	0.0
2026-07-10T09:37:13.411	458	951	640	1187	3061	2999	3538	3843	4077	532	26.62	1018.54	53.58	266762	AS7341	flash	5	100	999	10	100.0	0.0
2026-07-10T09:37:15.317	458	951	640	1187	3060	2999	3538	3842	4077	532	26.63	1018.49	53.58	268064	AS7341	flash	5	100	999	10	100.0	0.0
2026-07-10T09:37:17.338	458	950	639	1187	3059	2999	3538	3842	4077	532	26.62	1018.52	53.57	267846	AS7341	flash	5	100	999	10	100.0	0.0
2026-07-10T09:37:19.356	458	950	639	1187	3060	2999	3539	3842	4078	532	26.61	1018.51	53.56	268064	AS7341	flash	5	100	999	10	100.0	0.0
2026-07-10T09:37:21.380	458	950	639	1187	3061	3001	3539	3843	4078	531	26.61	1018.53	53.56	268064	AS7341	flash	5	100	999	10	100.0	0.0
2026-07-10T09:37:23.394	458	950	640	1187	3060	3000	3538	3842	4077	531	26.61	1018.49	53.58	267629	AS7341	flash	5	100	999	10	100.0	0.0
2026-07-10T09:37:25.413	458	950	639	1187	3060	3000	3539	3843	4078	532	26.6	1018.55	53.59	267629	AS7341	flash	5	100	999	10	100.0	0.0
2026-07-10T09:37:27.317	458	950	639	1187	3060	2999	3538	3841	4076	532	26.61	1018.55	53.57	269160	AS7341	flash	5	100	999	10	100.0	0.0
2026-07-10T09:37:29.338	458	950	639	1187	3061	3000	3539	3843	4078	532	26.6	1018.53	53.58	267846	AS7341	flash	5	100	999	10	100.0	0.0
2026-07-10T09:37:31.356	458	950	639	1187	3061	3002	3539	3843	4078	532	26.59	1018.53	53.58	269821	AS7341	flash	5	100	999	10	100.0	0.0
2026-07-10T09:37:33.375	458	950	639	1187	3061	3001	3539	3843	4078	532	26.59	1018.53	53.59	269160	AS7341	flash	5	100	999	10	100.0	0.0
2026-07-10T09:37:35.391	458	950	639	1187	3061	3000	3539	3843	4078	532	26.59	1018.52	53.59	268940	AS7341	flash	5	100	999	10	100.0	0.0
2026-07-10T09:37:37.402	458	950	639	1187	3061	3000	3539	3843	4078	531	26.59	1018.51	53.59	269821	AS7341	flash	5	100	999	10	100.0	0.0
2026-07-10T09:37:39.310	458	950	639	1187	3061	3001	3539	3843	4078	532	26.58	1018.52	53.58	268064	AS7341	flash	5	100	999	10	100.0	0.0
2026-07-10T09:37:41.336	458	950	640	1187	3062	3002	3540	3844	4079	532	26.57	1018.51	53.58	269601	AS7341	flash	5	100	999	10	100.0	0.0
2026-07-10T09:37:43.364	458	950	639	1187	3062	3001	3540	3844	4079	532	26.56	1018.53	53.58	268940	AS7341	flash	5	100	999	10	100.0	0.0
2026-07-10T09:37:45.380	458	950	639	1188	3063	3002	3541	3845	4080	532	26.57	1018.52	53.59	268721	AS7341	flash	5	100	999	10	100.0	0.0
2026-07-10T09:37:47.408	458	950	639	1188	3062	3001	3541	3844	4079	532	26.56	1018.52	53.6	269160	AS7341	flash	5	100	999	10	100.0	0.0
2026-07-10T09:37:49.316	458	950	639	1187	3062	3002	3541	3845	4080	532	26.56	1018.52	53.6	270709	AS7341	flash	5	100	999	10	100.0	0.0
2026-07-10T09:37:51.330	458	950	639	1187	3061	3001	3540	3844	4078	531	26.56	1018.51	53.62	268502	AS7341	flash	5	100	999	10	100.0	0.0
2026-07-10T09:37:53.342	458	950	639	1187	3062	3001	3541	3844	4079	532	26.56	1018.53	53.63	270264	AS7341	flash	5	100	999	10	100.0	0.0
2026-07-10T09:37:55.359	458	950	639	1188	3062	3001	3540	3844	4079	531	26.55	1018.53	53.64	268721	AS7341	flash	5	100	999	10	100.0	0.0
2026-07-10T09:37:57.374	458	950	639	1188	3063	3003	3542	3846	4081	532	26.55	1018.54	53.64	268064	AS7341	flash	5	100	999	10	100.0	0.0
2026-07-10T09:37:59.388	458	950	639	1188	3063	3003	3542	3845	4080	532	26.55	1018.54	53.64	268502	AS7341	flash	5	100	999	10	100.0	0.0
2026-07-10T09:38:01.402	458	950	640	1188	3063	3003	3542	3846	4080	532	26.55	1018.54	53.64	270486	AS7341	flash	5	100	999	10	100.0	0.0
2026-07-10T09:38:03.305	458	950	640	1188	3063	3002	3542	3846	4081	532	26.55	1018.53	53.65	269601	AS7341	flash	5	100	999	10	100.0	0.0
2026-07-10T09:38:05.320	458	950	639	1188	3063	3003	3542	3846	4081	532	26.55	1018.54	53.63	270264	AS7341	flash	5	100	999	10	100.0	0.0
2026-07-10T09:38:07.337	458	950	639	1188	3063	3003	3542	3846	4081	532	26.54	1018.54	53.64	270043	AS7341	flash	5	100	999	10	100.0	0.0
2026-07-10T09:38:09.348	458	950	639	1188	3062	3002	3541	3845	4080	532	26.54	1018.55	53.64	271154	AS7341	flash	5	100	999	10	100.0	0.0
2026-07-10T09:38:11.373	458	950	639	1188	3063	3003	3543	3846	4081	532	26.54	1018.55	53.65	269821	AS7341	flash	5	100	999	10	100.0	0.0
2026-07-10T09:38:13.395	458	950	639	1188	3063	3003	3542	3846	4081	532	26.53	1018.51	53.64	268940	AS7341	flash	5	100	999	10	100.0	0.0
2026-07-10T09:38:15.416	458	950	639	1188	3064	3003	3543	3847	4082	532	26.53	1018.54	53.66	270043	AS7341	flash	5	100	999	10	100.0	0.0
2026-07-10T09:38:17.324	458	949	639	1187	3063	3004	3542	3846	4081	532	26.54	1018.53	53.65	271602	AS7341	flash	5	100	999	10	100.0	0.0
2026-07-10T09:38:19.341	458	950	639	1188	3063	3003	3543	3846	4081	532	26.52	1018.52	53.65	270486	AS7341	flash	5	100	999	10	0.0	0.0
2026-07-10T09:38:21.358	458	949	639	1188	3063	3005	3544	3849	4082	532	26.55	1018.53	53.81	268502	AS7341	flash	5	100	999	10	0.0	0.0
2026-07-10T09:38:23.374	458	949	639	1187	3063	3004	3546	3851	4083	532	26.56	1018.49	54.18	268721	AS7341	flash	5	100	999	10	0.0	0.0
2026-07-10T09:38:25.395	458	949	639	1188	3063	3005	3549	3856	4086	533	26.56	1018.51	54.69	264831	AS7341	flash	5	100	999	10	0.0	0.0
2026-07-10T09:38:27.415	458	948	639	1187	3063	3005	3549	3857	4085	533	26.56	1018.53	55.26	264194	AS7341	flash	5	100	999	10	0.0	0.0
2026-07-10T09:38:29.324	458	948	639	1187	3062	3004	3550	3859	4086	533	26.58	1018.55	55.73	264406	AS7341	flash	5	100	999	10	0.0	0.0
2026-07-10T09:38:31.333	458	948	639	1187	3063	3005	3552	3862	4087	533	26.57	1018.52	56.23	262509	AS7341	flash	5	100	999	10	0.0	0.0
2026-07-10T09:38:33.350	458	948	639	1187	3062	3005	3552	3863	4087	532	26.58	1018.51	56.71	260022	AS7341	flash	5	100	999	10	0.0	0.0
2026-07-10T09:38:35.362	458	948	639	1186	3060	3004	3553	3866	4088	533	26.57	1018.53	57.18	257783	AS7341	flash	5	100	999	10	0.0	0.0
2026-07-10T09:38:37.372	458	947	639	1186	3060	3004	3553	3866	4087	533	26.58	1018.53	57.58	255583	AS7341	flash	5	100	999	10	0.0	0.0
2026-07-10T09:38:39.393	458	947	639	1185	3059	3003	3553	3868	4087	532	26.58	1018.55	57.96	255187	AS7341	flash	5	100	999	10	0.0	0.0
2026-07-10T09:38:41.407	458	947	639	1185	3058	3003	3554	3870	4087	532	26.58	1018.52	58.27	252836	AS7341	flash	5	100	999	10	0.0	0.0
2026-07-10T09:38:43.430	458	947	638	1185	3057	3001	3553	3871	4086	533	26.58	1018.55	58.46	249768	AS7341	flash	5	100	999	10	0.0	0.0
2026-07-10T09:38:45.333	458	947	639	1184	3056	3001	3553	3871	4087	532	26.6	1018.55	58.67	251484	AS7341	flash	5	100	999	10	0.0	0.0
2026-07-10T09:38:47.353	458	947	638	1184	3055	3000	3553	3872	4086	533	26.59	1018.53	58.87	249768	AS7341	flash	5	100	999	10	0.0	0.0
2026-07-10T09:38:49.377	458	947	638	1183	3054	2999	3552	3872	4085	533	26.59	1018.55	59.06	248449	AS7341	flash	5	100	999	10	0.0	0.0
2026-07-10T09:38:51.398	458	947	638	1183	3052	2997	3552	3873	4084	532	26.59	1018.57	59.2	247888	AS7341	flash	5	100	999	10	0.0	0.0
2026-07-10T09:38:53.413	458	947	638	1182	3051	2997	3552	3874	4084	533	26.59	1018.55	59.27	246404	AS7341	flash	5	100	999	10	0.0	0.0
2026-07-10T09:38:55.423	458	947	638	1182	3050	2996	3551	3874	4083	533	26.59	1018.56	59.31	247702	AS7341	flash	5	100	999	10	0.0	0.0
2026-07-10T09:38:57.440	458	947	638	1182	3050	2996	3551	3876	4083	533	26.58	1018.58	59.39	245669	AS7341	flash	5	100	999	10	0.0	0.0
2026-07-10T09:38:59.344	458	946	638	1181	3048	2994	3549	3874	4081	532	26.6	1018.56	59.5	245121	AS7341	flash	5	100	999	10	0.0	0.0
2026-07-10T09:39:01.361	458	947	638	1181	3047	2993	3550	3876	4081	532	26.6	1018.57	59.69	244212	AS7341	flash	5	100	999	10	0.0	0.0
2026-07-10T09:39:03.384	458	947	638	1180	3046	2993	3549	3876	4081	532	26.59	1018.56	59.81	243670	AS7341	flash	5	100	999	10	0.0	0.0
2026-07-10T09:39:05.406	458	946	638	1180	3045	2991	3548	3876	4079	531	26.59	1018.54	59.91	241348	AS7341	flash	5	100	999	10	0.0	0.0
2026-07-10T09:39:07.417	458	947	638	1180	3044	2990	3548	3877	4080	532	26.59	1018.56	60.08	240819	AS7341	flash	5	100	999	10	0.0	0.0
2026-07-10T09:39:09.432	457	946	638	1179	3042	2988	3546	3875	4077	532	26.59	1018.55	60.26	240292	AS7341	flash	5	100	999	10	0.0	0.0
2026-07-10T09:39:11.341	457	946	637	1178	3040	2987	3545	3874	4076	532	26.6	1018.56	60.35	240995	AS7341	flash	5	100	999	10	0.0	0.0
2026-07-10T09:39:13.367	457	946	637	1178	3040	2987	3545	3876	4076	532	26.59	1018.53	60.43	240467	AS7341	flash	5	100	999	10	0.0	0.0
2026-07-10T09:39:15.382	457	946	637	1178	3038	2985	3545	3876	4075	532	26.59	1018.51	60.52	238897	AS7341	flash	5	100	999	10	0.0	0.0
2026-07-10T09:39:17.414	457	946	637	1177	3037	2984	3543	3875	4073	532	26.59	1018.54	60.6	238897	AS7341	flash	5	100	999	10	100.0	0.0
2026-07-10T09:39:19.438	457	946	637	1177	3036	2983	3542	3875	4073	532	26.59	1018.58	60.68	238206	AS7341	flash	5	100	999	10	100.0	0.0
2026-07-10T09:39:21.356	457	947	637	1177	3033	2979	3538	3869	4069	531	26.58	1018.55	60.4	240643	AS7341	flash	5	100	999	10	100.0	0.0
2026-07-10T09:39:23.380	457	948	637	1176	3030	2975	3532	3864	4064	530	26.56	1018.57	59.57	242772	AS7341	flash	5	100	999	10	100.0	0.0
2026-07-10T09:39:25.398	456	948	637	1175	3028	2973	3528	3858	4061	530	26.56	1018.57	58.65	245121	AS7341	flash	5	100	999	10	100.0	0.0
2026-07-10T09:39:27.420	456	949	637	1175	3026	2970	3523	3853	4057	529	26.55	1018.55	57.85	247144	AS7341	flash	5	100	999	10	100.0	0.0
2026-07-10T09:39:29.444	456	950	637	1175	3025	2968	3520	3849	4055	530	26.54	1018.58	57.21	249390	AS7341	flash	5	100	999	10	100.0	0.0
2026-07-10T09:39:31.351	456	950	637	1175	3024	2967	3517	3846	4053	530	26.54	1018.55	56.65	251869	AS7341	flash	5	100	999	10	100.0	0.0
2026-07-10T09:39:33.374	456	951	637	1175	3023	2964	3514	3842	4051	529	26.53	1018.56	56.24	252642	AS7341	flash	5	100	999	10	100.0	0.0
2026-07-10T09:39:35.383	456	951	638	1175	3023	2965	3513	3840	4050	528	26.53	1018.55	55.87	252836	AS7341	flash	5	100	999	10	100.0	0.0
2026-07-10T09:39:37.406	456	952	638	1175	3023	2965	3512	3838	4050	529	26.52	1018.57	55.59	255187	AS7341	flash	5	100	999	10	100.0	0.0
2026-07-10T09:39:39.417	456	951	638	1175	3022	2963	3510	3835	4048	529	26.52	1018.55	55.38	256778	AS7341	flash	5	100	999	10	100.0	0.0
2026-07-10T09:39:41.432	456	952	638	1175	3023	2963	3509	3834	4047	529	26.5	1018.56	55.17	258188	AS7341	flash	5	100	999	10	100.0	0.0
2026-07-10T09:39:43.445	456	952	638	1175	3024	2965	3510	3833	4048	528	26.51	1018.57	55.01	259408	AS7341	flash	5	100	999	10	100.0	0.0
2026-07-10T09:39:45.357	456	952	638	1175	3023	2964	3508	3831	4047	528	26.51	1018.6	54.88	260022	AS7341	flash	5	100	999	10	100.0	0.0
2026-07-10T09:39:47.377	456	952	638	1176	3025	2965	3509	3832	4049	528	26.5	1018.57	54.78	261467	AS7341	flash	5	100	999	10	100.0	0.0
2026-07-10T09:39:49.389	456	952	638	1176	3024	2964	3507	3829	4047	529	26.5	1018.61	54.69	261675	AS7341	flash	5	100	999	10	100.0	0.0
2026-07-10T09:39:51.405	456	953	638	1176	3026	2965	3509	3830	4049	528	26.5	1018.56	54.6	262719	AS7341	flash	5	100	999	10	100.0	0.0
2026-07-10T09:39:53.418	456	952	638	1176	3026	2966	3508	3829	4048	529	26.5	1018.56	54.53	261260	AS7341	flash	5	100	999	10	100.0	0.0
2026-07-10T09:39:55.434	456	953	638	1176	3026	2966	3509	3828	4048	528	26.48	1018.57	54.45	264194	AS7341	flash	5	100	999	10	100.0	0.0
2026-07-10T09:39:57.350	456	952	638	1176	3026	2966	3507	3826	4047	529	26.5	1018.57	54.4	264406	AS7341	flash	5	100	999	10	100.0	0.0
2026-07-10T09:39:59.363	456	953	638	1177	3028	2967	3510	3828	4049	529	26.48	1018.54	54.34	265258	AS7341	flash	5	100	999	10	100.0	0.0
2026-07-10T09:40:01.385	456	953	638	1177	3029	2968	3510	3827	4049	529	26.48	1018.55	54.3	264618	AS7341	flash	5	100	999	10	100.0	0.0
2026-07-10T09:40:03.408	456	953	638	1177	3030	2969	3511	3828	4050	529	26.47	1018.54	54.26	265044	AS7341	flash	5	100	999	10	100.0	0.0
2026-07-10T09:40:05.421	456	953	638	1178	3031	2970	3512	3828	4051	529	26.47	1018.52	54.23	265472	AS7341	flash	5	100	999	10	100.0	0.0
2026-07-10T09:40:07.447	456	953	638	1178	3031	2971	3512	3828	4051	530	26.46	1018.58	54.18	266330	AS7341	flash	5	100	999	10	100.0	0.0
2026-07-10T09:40:09.349	456	952	638	1178	3030	2970	3512	3827	4051	529	26.47	1018.53	54.14	267195	AS7341	flash	5	100	999	10	100.0	0.0
2026-07-10T09:40:11.358	456	953	638	1178	3032	2971	3512	3827	4051	530	26.46	1018.52	54.13	265900	AS7341	flash	5	100	999	10	100.0	0.0
2026-07-10T09:40:13.382	456	953	638	1179	3033	2973	3514	3829	4053	529	26.46	1018.56	54.1	267195	AS7341	flash	5	100	999	10	100.0	0.0
2026-07-10T09:40:15.400	456	953	639	1179	3035	2974	3515	3830	4054	530	26.45	1018.55	54.06	268064	AS7341	flash	5	100	999	10	100.0	0.0
2026-07-10T09:40:17.428	456	953	638	1179	3036	2975	3516	3829	4055	530	26.45	1018.54	54.05	269160	AS7341	flash	5	100	999	10	100.0	0.0
2026-07-10T09:40:19.331	456	952	639	1179	3036	2976	3516	3829	4056	529	26.46	1018.54	54.04	267195	AS7341	flash	5	100	999	10	100.0	0.0
2026-07-10T09:40:21.345	456	953	639	1180	3036	2975	3516	3830	4055	530	26.44	1018.53	54.01	268502	AS7341	flash	5	100	999	10	100.0	0.0
2026-07-10T09:40:23.360	456	952	639	1180	3038	2978	3518	3830	4057	529	26.44	1018.57	53.99	268940	AS7341	flash	5	100	999	10	100.0	0.0
2026-07-10T09:40:25.377	457	953	639	1180	3039	2979	3519	3831	4058	530	26.44	1018.57	53.98	268064	AS7341	flash	5	100	999	10	100.0	0.0
2026-07-10T09:40:27.395	456	952	639	1180	3038	2979	3519	3831	4057	530	26.44	1018.59	53.96	269380	AS7341	flash	5	100	999	10	100.0	0.0
2026-07-10T09:40:29.411	456	952	639	1180	3039	2979	3520	3831	4059	530	26.44	1018.52	53.96	268502	AS7341	flash	5	100	999	10	100.0	0.0
2026-07-10T09:40:31.432	457	952	639	1181	3040	2979	3520	3832	4059	530	26.44	1018.55	53.95	270709	AS7341	flash	5	100	999	10	100.0	0.0
2026-07-10T09:40:33.336	457	952	639	1181	3040	2981	3520	3831	4059	530	26.45	1018.54	53.92	271154	AS7341	flash	5	100	999	10	100.0	0.0
2026-07-10T09:40:35.356	457	952	639	1181	3042	2982	3522	3832	4061	530	26.43	1018.54	53.91	270709	AS7341	flash	5	100	999	10	100.0	0.0
2026-07-10T09:40:37.369	457	952	639	1181	3043	2983	3523	3833	4062	530	26.43	1018.56	53.91	269821	AS7341	flash	5	100	999	10	100.0	0.0
2026-07-10T09:40:39.387	457	952	639	1182	3044	2984	3524	3834	4062	531	26.43	1018.52	53.89	270931	AS7341	flash	5	100	999	10	100.0	0.0
2026-07-10T09:40:41.403	457	952	639	1182	3043	2982	3523	3833	4061	530	26.42	1018.54	53.89	271378	AS7341	flash	5	100	999	10	100.0	0.0
2026-07-10T09:40:43.425	457	951	638	1182	3044	2984	3524	3833	4062	530	26.43	1018.54	53.87	272952	AS7341	flash	5	100	999	10	100.0	0.0
2026-07-10T09:40:45.437	457	952	639	1182	3045	2985	3525	3835	4064	530	26.42	1018.55	53.85	272050	AS7341	flash	5	100	999	10	100.0	0.0
2026-07-10T09:40:47.351	457	951	639	1182	3045	2984	3525	3834	4063	531	26.42	1018.53	53.84	272952	AS7341	flash	5	100	999	10	100.0	0.0
2026-07-10T09:40:49.373	457	952	639	1182	3046	2986	3526	3835	4064	531	26.41	1018.55	53.83	272500	AS7341	flash	5	100	999	10	100.0	0.0
2026-07-10T09:40:51.395	457	952	639	1183	3047	2988	3527	3836	4065	531	26.41	1018.55	53.82	272500	AS7341	flash	5	100	999	10	100.0	0.0
2026-07-10T09:40:53.387	457	951	639	1183	3047	2988	3528	3836	4066	531	26.41	1018.53	53.83	272726	AS7341	flash	5	100	999	10	100.0	0.0
2026-07-10T09:40:55.368	457	952	639	1183	3048	2987	3528	3836	4066	530	26.41	1018.55	53.83	272275	AS7341	flash	5	100	999	10	100.0	0.0
2026-07-10T09:40:57.360	457	951	639	1183	3048	2989	3529	3837	4067	530	26.4	1018.53	53.82	273179	AS7341	flash	5	100	999	10	100.0	0.0
2026-07-10T09:40:59.347	457	951	639	1183	3048	2989	3529	3836	4067	531	26.4	1018.53	53.81	273405	AS7341	flash	5	100	999	10	100.0	0.0
2026-07-10T09:41:01.337	457	951	639	1183	3049	2989	3530	3838	4068	531	26.4	1018.53	53.81	272050	AS7341	flash	5	100	999	10	100.0	0.0
2026-07-10T09:41:03.429	457	951	639	1184	3050	2990	3531	3839	4069	530	26.39	1018.53	53.8	273632	AS7341	flash	5	100	999	10	100.0	0.0
2026-07-10T09:41:05.421	457	951	639	1184	3051	2992	3532	3839	4070	531	26.39	1018.55	53.81	271602	AS7341	flash	5	100	999	10	100.0	0.0
2026-07-10T09:41:07.407	457	951	639	1184	3051	2991	3531	3838	4069	531	26.4	1018.56	53.8	272952	AS7341	flash	5	100	999	10	100.0	0.0
2026-07-10T09:41:09.401	457	951	639	1184	3052	2992	3533	3840	4071	531	26.39	1018.53	53.79	272275	AS7341	flash	5	100	999	10	100.0	0.0
2026-07-10T09:41:11.387	457	951	639	1184	3052	2993	3534	3840	4071	531	26.4	1018.52	53.78	275463	AS7341	flash	5	100	999	10	100.0	0.0
2026-07-10T09:41:13.382	457	951	639	1184	3053	2994	3534	3841	4072	532	26.39	1018.54	53.78	273860	AS7341	flash	5	100	999	10	100.0	0.0
2026-07-10T09:41:15.363	457	951	639	1185	3053	2993	3534	3841	4072	532	26.39	1018.55	53.77	274316	AS7341	flash	5	100	999	10	100.0	0.0
2026-07-10T09:41:17.358	457	951	639	1184	3053	2993	3534	3840	4071	530	26.38	1018.55	53.76	272952	AS7341	flash	5	100	999	10	100.0	0.0
2026-07-10T09:41:19.348	457	951	639	1185	3054	2995	3536	3842	4073	532	26.38	1018.54	53.76	275003	AS7341	flash	5	100	999	10	100.0	0.0
2026-07-10T09:41:21.340	457	951	639	1185	3054	2994	3535	3841	4072	531	26.38	1018.54	53.76	274774	AS7341	flash	5	100	999	10	100.0	0.0
2026-07-10T09:41:23.434	457	951	639	1185	3055	2996	3536	3842	4074	532	26.37	1018.54	53.76	271826	AS7341	flash	5	100	999	10	100.0	0.0
2026-07-10T09:41:25.423	457	950	639	1185	3056	2997	3537	3844	4075	532	26.37	1018.54	53.76	275694	AS7341	flash	5	100	999	10	100.0	0.0
2026-07-10T09:41:27.419	457	950	639	1185	3055	2996	3537	3843	4074	532	26.37	1018.53	53.76	275003	AS7341	flash	5	100	999	10	100.0	0.0
2026-07-10T09:41:29.408	457	950	639	1185	3056	2996	3537	3842	4074	532	26.37	1018.56	53.76	274545	AS7341	flash	5	100	999	10	100.0	0.0
2026-07-10T09:41:31.392	457	950	639	1185	3056	2997	3537	3843	4075	531	26.36	1018.52	53.75	275003	AS7341	flash	5	100	999	10	100.0	0.0
2026-07-10T09:41:33.387	458	950	639	1186	3057	2997	3539	3844	4076	532	26.36	1018.57	53.77	276156	AS7341	flash	5	100	999	10	100.0	0.0
2026-07-10T09:41:35.370	458	951	639	1186	3058	3000	3540	3845	4077	532	26.36	1018.56	53.76	274545	AS7341	flash	5	100	999	10	100.0	0.0
2026-07-10T09:41:37.364	458	950	639	1186	3057	2999	3539	3844	4076	532	26.36	1018.56	53.77	276156	AS7341	flash	5	100	999	10	100.0	0.0
2026-07-10T09:41:39.357	457	950	639	1185	3057	2998	3538	3843	4075	532	26.36	1018.57	53.75	275463	AS7341	flash	5	100	999	10	100.0	0.0
2026-07-10T09:41:41.344	458	950	639	1186	3057	2999	3540	3845	4077	531	26.35	1018.51	53.75	276620	AS7341	flash	5	100	999	10	100.0	0.0
2026-07-10T09:41:43.436	458	950	639	1186	3059	3001	3541	3846	4078	532	26.34	1018.55	53.75	273860	AS7341	flash	5	100	999	10	100.0	0.0
2026-07-10T09:41:45.435	458	950	639	1186	3058	3000	3540	3845	4077	532	26.35	1018.53	53.75	275694	AS7341	flash	5	100	999	10	100.0	0.0
2026-07-10T09:41:47.425	458	950	639	1186	3059	3000	3541	3846	4078	532	26.35	1018.54	53.76	276156	AS7341	flash	5	100	999	10	100.0	0.0
2026-07-10T09:41:49.413	458	950	639	1186	3059	3001	3541	3846	4078	532	26.34	1018.54	53.76	273405	AS7341	flash	5	100	999	10	100.0	0.0
2026-07-10T09:41:51.407	458	950	639	1186	3059	3001	3541	3846	4078	532	26.34	1018.55	53.76	274774	AS7341	flash	5	100	999	10	100.0	0.0
2026-07-10T09:41:53.394	458	950	639	1186	3060	3002	3543	3847	4080	531	26.34	1018.53	53.76	275003	AS7341	flash	5	100	999	10	100.0	0.0
2026-07-10T09:41:55.388	458	950	639	1186	3060	3000	3542	3846	4078	532	26.34	1018.55	53.75	274545	AS7341	flash	5	100	999	10	100.0	0.0
2026-07-10T09:41:57.369	458	950	639	1186	3060	3003	3543	3847	4080	532	26.34	1018.57	53.75	276620	AS7341	flash	5	100	999	10	100.0	0.0
2026-07-10T09:41:59.358	458	950	639	1186	3061	3002	3543	3848	4080	532	26.33	1018.53	53.75	276388	AS7341	flash	5	100	999	10	100.0	0.0
2026-07-10T09:42:01.350	458	950	639	1187	3062	3004	3545	3849	4082	532	26.34	1018.54	53.75	275463	AS7341	flash	5	100	999	10	100.0	0.0
2026-07-10T09:42:03.346	458	949	639	1186	3061	3002	3543	3847	4080	532	26.33	1018.56	53.76	277319	AS7341	flash	5	100	999	10	100.0	0.0
2026-07-10T09:42:05.332	458	949	639	1186	3062	3004	3545	3848	4081	531	26.33	1018.54	53.76	275233	AS7341	flash	5	100	999	10	100.0	0.0
2026-07-10T09:42:07.425	458	950	639	1187	3062	3004	3545	3849	4082	532	26.32	1018.55	53.75	276388	AS7341	flash	5	100	999	10	100.0	0.0
2026-07-10T09:42:09.403	458	949	639	1187	3062	3003	3544	3848	4081	531	26.33	1018.56	53.76	276853	AS7341	flash	5	100	999	10	100.0	0.0
2026-07-10T09:42:11.393	458	949	639	1187	3063	3004	3546	3850	4082	533	26.33	1018.58	53.76	275463	AS7341	flash	5	100	999	10	100.0	0.0
2026-07-10T09:42:13.378	458	950	639	1187	3063	3004	3545	3850	4082	532	26.33	1018.56	53.76	277553	AS7341	flash	5	100	999	10	100.0	0.0
2026-07-10T09:42:15.363	458	949	639	1187	3063	3004	3545	3850	4082	532	26.32	1018.52	53.76	277086	AS7341	flash	5	100	999	10	100.0	0.0
2026-07-10T09:42:17.361	458	949	639	1187	3062	3005	3546	3850	4083	533	26.32	1018.56	53.75	275694	AS7341	flash	5	100	999	10	100.0	0.0
2026-07-10T09:42:19.341	458	949	639	1187	3063	3005	3546	3850	4083	533	26.32	1018.54	53.76	275925	AS7341	flash	5	100	999	10	100.0	0.0
2026-07-10T09:42:21.433	458	949	639	1187	3064	3007	3547	3851	4084	533	26.31	1018.53	53.75	275233	AS7341	flash	5	100	999	10	100.0	0.0
2026-07-10T09:42:23.430	458	950	639	1188	3064	3006	3548	3851	4084	533	26.31	1018.54	53.77	277086	AS7341	flash	5	100	999	10	100.0	0.0
2026-07-10T09:42:25.423	458	949	639	1188	3064	3007	3548	3851	4084	533	26.32	1018.57	53.77	277086	AS7341	flash	5	100	999	10	100.0	0.0
2026-07-10T09:42:27.412	458	949	639	1188	3064	3006	3547	3851	4084	533	26.31	1018.55	53.77	278256	AS7341	flash	5	100	999	10	100.0	0.0
2026-07-10T09:42:29.399	458	949	639	1187	3066	3007	3549	3853	4085	533	26.3	1018.53	53.77	275694	AS7341	flash	5	100	999	10	100.0	0.0
2026-07-10T09:42:31.389	458	949	639	1188	3065	3007	3549	3852	4085	532	26.31	1018.56	53.77	276388	AS7341	flash	5	100	999	10	100.0	0.0
2026-07-10T09:42:33.380	458	949	639	1188	3066	3007	3549	3852	4086	533	26.31	1018.57	53.76	276156	AS7341	flash	5	100	999	10	100.0	0.0
2026-07-10T09:42:35.373	458	949	639	1187	3064	3007	3548	3851	4084	532	26.31	1018.57	53.76	276156	AS7341	flash	5	100	999	10	100.0	0.0
2026-07-10T09:42:37.358	458	949	639	1188	3065	3007	3549	3852	4085	533	26.3	1018.51	53.76	278256	AS7341	flash	5	100	999	10	100.0	0.0
2026-07-10T09:42:39.352	458	949	639	1188	3065	3007	3549	3852	4086	533	26.3	1018.58	53.77	276388	AS7341	flash	5	100	999	10	100.0	0.0
2026-07-10T09:42:41.340	458	949	639	1188	3065	3007	3549	3852	4085	533	26.3	1018.56	53.78	277086	AS7341	flash	5	100	999	10	100.0	0.0
2026-07-10T09:42:43.431	458	949	639	1188	3067	3010	3551	3853	4087	533	26.29	1018.55	53.78	276388	AS7341	flash	5	100	999	10	100.0	0.0
2026-07-10T09:42:45.416	458	949	639	1188	3066	3008	3550	3853	4086	532	26.29	1018.56	53.77	275925	AS7341	flash	5	100	999	10	100.0	0.0
2026-07-10T09:42:47.409	458	949	639	1188	3066	3008	3549	3852	4086	533	26.29	1018.55	53.76	276156	AS7341	flash	5	100	999	10	100.0	0.0
2026-07-10T09:42:49.390	458	949	639	1188	3067	3009	3551	3854	4087	533	26.29	1018.53	53.78	276853	AS7341	flash	5	100	999	10	100.0	0.0
2026-07-10T09:42:51.375	458	949	639	1188	3066	3009	3551	3854	4087	533	26.28	1018.54	53.78	278727	AS7341	flash	5	100	999	10	100.0	0.0
2026-07-10T09:42:53.363	458	949	639	1188	3066	3008	3550	3853	4086	533	26.28	1018.54	53.78	277553	AS7341	flash	5	100	999	10	100.0	0.0
2026-07-10T09:42:55.365	458	949	639	1188	3067	3009	3551	3854	4087	532	26.28	1018.55	53.78	277319	AS7341	flash	5	100	999	10	100.0	0.0
2026-07-10T09:42:57.355	458	949	639	1188	3068	3010	3552	3855	4089	532	26.28	1018.55	53.79	277319	AS7341	flash	5	100	999	10	100.0	0.0
2026-07-10T09:42:59.344	458	949	639	1188	3067	3010	3552	3855	4088	532	26.28	1018.51	53.79	277553	AS7341	flash	5	100	999	10	100.0	0.0
2026-07-10T09:43:01.433	458	949	639	1189	3068	3010	3553	3854	4088	533	26.27	1018.53	53.78	276620	AS7341	flash	5	100	999	10	100.0	0.0
2026-07-10T09:43:03.423	458	949	639	1189	3068	3011	3552	3855	4088	533	26.27	1018.51	53.79	277086	AS7341	flash	5	100	999	10	100.0	0.0
2026-07-10T09:43:05.402	458	949	639	1189	3068	3010	3553	3855	4089	533	26.27	1018.56	53.81	278021	AS7341	flash	5	100	999	10	100.0	0.0
2026-07-10T09:43:07.387	458	949	639	1189	3067	3011	3553	3856	4089	532	26.27	1018.56	53.81	277553	AS7341	flash	5	100	999	10	100.0	0.0
2026-07-10T09:43:09.376	458	949	639	1189	3069	3011	3553	3856	4090	532	26.27	1018.53	53.79	277553	AS7341	flash	5	100	999	10	100.0	0.0
2026-07-10T09:43:11.368	458	949	639	1189	3069	3011	3553	3856	4089	533	26.26	1018.53	53.81	277319	AS7341	flash	5	100	999	10	100.0	0.0
2026-07-10T09:43:13.360	458	949	639	1189	3069	3011	3554	3855	4090	533	26.27	1018.55	53.81	278963	AS7341	flash	5	100	999	10	100.0	0.0
2026-07-10T09:43:15.348	458	949	639	1189	3068	3010	3553	3855	4088	533	26.26	1018.53	53.8	279437	AS7341	flash	5	100	999	10	100.0	0.0
2026-07-10T09:43:17.435	458	949	639	1189	3069	3011	3553	3856	4089	533	26.25	1018.56	53.82	277553	AS7341	flash	5	100	999	10	100.0	0.0
2026-07-10T09:43:19.424	458	949	639	1189	3068	3011	3553	3856	4089	533	26.25	1018.52	53.82	278727	AS7341	flash	5	100	999	10	100.0	0.0
2026-07-10T09:43:21.410	458	949	639	1189	3069	3012	3553	3855	4089	533	26.25	1018.53	53.84	277787	AS7341	flash	5	100	999	10	100.0	0.0
2026-07-10T09:43:23.410	458	949	639	1189	3069	3011	3553	3856	4090	533	26.25	1018.55	53.82	278963	AS7341	flash	5	100	999	10	100.0	0.0
2026-07-10T09:43:25.407	458	949	639	1189	3069	3012	3554	3857	4090	533	26.25	1018.54	53.83	278256	AS7341	flash	5	100	999	10	100.0	0.0
2026-07-10T09:43:27.404	458	949	639	1189	3068	3012	3554	3857	4090	532	26.25	1018.56	53.84	278492	AS7341	flash	5	100	999	10	100.0	0.0
2026-07-10T09:43:29.385	458	949	639	1189	3069	3013	3554	3857	4090	532	26.24	1018.51	53.82	277787	AS7341	flash	5	100	999	10	100.0	0.0
2026-07-10T09:43:31.376	458	949	639	1189	3070	3012	3555	3858	4091	533	26.24	1018.55	53.83	279437	AS7341	flash	5	100	999	10	100.0	0.0
2026-07-10T09:43:33.372	458	949	639	1189	3069	3012	3554	3857	4090	533	26.24	1018.53	53.83	278492	AS7341	flash	5	100	999	10	100.0	0.0
2026-07-10T09:43:35.350	459	949	639	1189	3070	3013	3556	3858	4092	533	26.24	1018.51	53.83	278727	AS7341	flash	5	100	999	10	100.0	0.0
2026-07-10T09:43:37.343	458	949	639	1189	3069	3013	3554	3857	4090	532	26.24	1018.53	53.82	278492	AS7341	flash	5	100	999	10	100.0	0.0
2026-07-10T09:43:39.327	458	948	639	1189	3070	3012	3554	3857	4091	533	26.23	1018.53	53.83	278963	AS7341	flash	5	100	999	10	100.0	0.0
2026-07-10T09:43:41.427	458	948	639	1189	3070	3013	3556	3858	4091	533	26.22	1018.51	53.85	279437	AS7341	flash	5	100	999	10	100.0	0.0
2026-07-10T09:43:43.414	459	949	639	1189	3071	3013	3556	3858	4092	533	26.23	1018.56	53.86	276853	AS7341	flash	5	100	999	10	100.0	0.0
2026-07-10T09:43:45.395	458	948	639	1189	3070	3012	3555	3857	4090	532	26.22	1018.54	53.86	278021	AS7341	flash	5	100	999	10	100.0	0.0
2026-07-10T09:43:47.383	458	948	639	1189	3069	3012	3555	3857	4090	533	26.22	1018.52	53.88	278963	AS7341	flash	5	100	999	10	100.0	0.0
2026-07-10T09:43:49.374	458	948	639	1189	3069	3013	3555	3858	4091	533	26.22	1018.54	53.88	277553	AS7341	flash	5	100	999	10	100.0	0.0
2026-07-10T09:43:51.359	458	948	639	1189	3070	3013	3556	3858	4092	533	26.21	1018.52	53.88	279437	AS7341	flash	5	100	999	10	100.0	0.0
2026-07-10T09:43:53.353	458	948	639	1189	3071	3013	3556	3858	4092	534	26.22	1018.56	53.88	280627	AS7341	flash	5	100	999	10	100.0	0.0
2026-07-10T09:43:55.334	458	948	639	1189	3071	3013	3556	3859	4092	533	26.2	1018.54	53.89	279200	AS7341	flash	5	100	999	10	100.0	0.0
2026-07-10T09:43:57.437	458	948	639	1189	3071	3014	3557	3859	4092	533	26.2	1018.53	53.89	278727	AS7341	flash	5	100	999	10	100.0	0.0
2026-07-10T09:43:59.427	458	948	639	1189	3071	3014	3557	3860	4093	534	26.2	1018.53	53.9	278492	AS7341	flash	5	100	999	10	100.0	0.0
2026-07-10T09:44:01.415	459	948	639	1189	3071	3014	3557	3859	4092	534	26.2	1018.54	53.91	278963	AS7341	flash	5	100	999	10	100.0	0.0
2026-07-10T09:44:03.411	458	948	639	1189	3071	3014	3557	3859	4092	532	26.2	1018.56	53.9	278727	AS7341	flash	5	100	999	10	100.0	0.0
2026-07-10T09:44:05.407	459	949	639	1190	3073	3016	3559	3861	4094	534	26.2	1018.54	53.91	278492	AS7341	flash	5	100	999	10	100.0	0.0
2026-07-10T09:44:07.395	458	948	639	1189	3071	3015	3557	3859	4092	534	26.21	1018.53	53.92	279674	AS7341	flash	5	100	999	10	100.0	0.0
2026-07-10T09:44:09.383	459	949	639	1190	3072	3015	3558	3861	4094	534	26.2	1018.55	53.91	280388	AS7341	flash	5	100	999	10	100.0	0.0
2026-07-10T09:44:11.372	458	948	639	1190	3072	3015	3558	3860	4094	534	26.2	1018.55	53.91	278256	AS7341	flash	5	100	999	10	100.0	0.0
2026-07-10T09:44:13.359	458	948	639	1189	3070	3014	3557	3859	4093	532	26.19	1018.53	53.9	278021	AS7341	flash	5	100	999	10	100.0	0.0
2026-07-10T09:44:15.348	458	948	639	1189	3070	3014	3557	3860	4093	532	26.2	1018.53	53.91	279437	AS7341	flash	5	100	999	10	100.0	0.0
2026-07-10T09:44:17.443	459	949	639	1190	3074	3017	3560	3863	4096	534	26.19	1018.53	53.91	280150	AS7341	flash	5	100	999	10	0.0	0.0
2026-07-10T09:44:19.420	459	949	639	1190	3072	3016	3558	3860	4094	533	26.19	1018.53	53.92	278963	AS7341	flash	5	100	999	10	0.0	0.0
2026-07-10T09:44:21.407	459	948	639	1189	3073	3016	3560	3863	4096	534	26.22	1018.55	54.03	278021	AS7341	flash	5	100	999	10	0.0	0.0
2026-07-10T09:44:23.393	459	948	639	1190	3072	3016	3561	3863	4095	534	26.24	1018.53	54.27	278021	AS7341	flash	5	100	999	10	0.0	0.0
2026-07-10T09:44:25.377	459	947	639	1189	3071	3016	3562	3867	4096	533	26.24	1018.53	54.56	276388	AS7341	flash	5	100	999	10	0.0	0.0
2026-07-10T09:44:27.367	459	948	639	1189	3072	3017	3564	3870	4098	534	26.24	1018.54	54.95	275694	AS7341	flash	5	100	999	10	0.0	0.0
2026-07-10T09:44:29.355	459	947	639	1189	3072	3017	3564	3870	4098	533	26.24	1018.56	55.35	275003	AS7341	flash	5	100	999	10	0.0	0.0
2026-07-10T09:44:31.342	459	947	639	1189	3071	3017	3565	3872	4098	533	26.24	1018.55	55.77	272050	AS7341	flash	5	100	999	10	0.0	0.0
2026-07-10T09:44:33.435	459	947	639	1189	3071	3017	3567	3875	4099	534	26.24	1018.53	56.25	271602	AS7341	flash	5	100	999	10	0.0	0.0
2026-07-10T09:44:35.422	459	947	639	1188	3070	3017	3567	3876	4100	534	26.25	1018.53	56.65	268940	AS7341	flash	5	100	999	10	0.0	0.0
2026-07-10T09:44:37.422	459	946	639	1188	3070	3016	3566	3876	4099	534	26.25	1018.52	57.0	268283	AS7341	flash	5	100	999	10	0.0	0.0
2026-07-10T09:44:39.406	459	946	639	1188	3070	3016	3567	3878	4099	533	26.26	1018.55	57.28	265472	AS7341	flash	5	100	999	10	0.0	0.0
2026-07-10T09:44:41.396	459	947	639	1188	3068	3014	3567	3878	4098	534	26.26	1018.54	57.56	265044	AS7341	flash	5	100	999	10	0.0	0.0
2026-07-10T09:44:43.384	459	946	639	1187	3068	3014	3567	3880	4098	533	26.26	1018.53	57.8	264831	AS7341	flash	5	100	999	10	0.0	0.0
2026-07-10T09:44:45.371	459	946	638	1187	3067	3013	3567	3880	4098	534	26.27	1018.52	57.98	262509	AS7341	flash	5	100	999	10	0.0	0.0
2026-07-10T09:44:47.357	459	946	638	1187	3068	3014	3569	3883	4099	534	26.27	1018.51	58.14	261053	AS7341	flash	5	100	999	10	0.0	0.0
2026-07-10T09:44:49.345	459	946	639	1186	3065	3012	3567	3881	4097	534	26.28	1018.55	58.28	262719	AS7341	flash	5	100	999	10	0.0	0.0
2026-07-10T09:44:51.433	459	946	638	1186	3064	3011	3567	3883	4097	533	26.27	1018.54	58.42	259408	AS7341	flash	5	100	999	10	0.0	0.0
2026-07-10T09:44:53.428	458	946	638	1185	3062	3010	3565	3882	4095	533	26.27	1018.54	58.51	260228	AS7341	flash	5	100	999	10	0.0	0.0
2026-07-10T09:44:55.424	458	946	638	1185	3062	3009	3565	3882	4095	534	26.27	1018.52	58.65	259000	AS7341	flash	5	100	999	10	0.0	0.0
2026-07-10T09:44:57.416	458	946	638	1185	3061	3008	3565	3883	4095	533	26.28	1018.53	58.77	257985	AS7341	flash	5	100	999	10	0.0	0.0
2026-07-10T09:44:59.405	458	945	638	1184	3059	3007	3563	3881	4093	534	26.28	1018.56	58.89	259408	AS7341	flash	5	100	999	10	0.0	0.0
2026-07-10T09:45:01.407	458	946	638	1184	3059	3006	3564	3884	4094	534	26.28	1018.53	58.95	258593	AS7341	flash	5	100	999	10	0.0	0.0
2026-07-10T09:45:03.392	458	945	638	1183	3058	3005	3563	3884	4093	534	26.28	1018.52	59.02	256379	AS7341	flash	5	100	999	10	0.0	0.0
2026-07-10T09:45:05.386	458	946	638	1183	3058	3005	3564	3886	4093	534	26.29	1018.54	59.11	255583	AS7341	flash	5	100	999	10	0.0	0.0
2026-07-10T09:45:07.372	458	945	638	1183	3056	3003	3562	3884	4091	532	26.29	1018.54	59.16	257582	AS7341	flash	5	100	999	10	0.0	0.0
2026-07-10T09:45:09.355	458	946	638	1183	3054	3003	3562	3885	4091	533	26.28	1018.55	59.2	255187	AS7341	flash	5	100	999	10	0.0	0.0
2026-07-10T09:45:11.344	458	945	638	1182	3053	3002	3561	3885	4090	533	26.28	1018.54	59.24	254398	AS7341	flash	5	100	999	10	0.0	0.0
2026-07-10T09:45:13.427	458	945	638	1182	3052	3002	3560	3884	4089	533	26.28	1018.52	59.32	253225	AS7341	flash	5	100	999	10	0.0	0.0
2026-07-10T09:45:15.414	458	946	637	1181	3052	3001	3560	3885	4089	533	26.29	1018.54	59.42	254006	AS7341	flash	5	100	999	10	0.0	0.0
2026-07-10T09:45:17.410	458	945	637	1181	3051	2999	3559	3884	4088	532	26.29	1018.57	59.47	253225	AS7341	flash	5	100	999	10	0.0	0.0
2026-07-10T09:45:19.397	458	945	637	1181	3050	2998	3558	3884	4087	533	26.28	1018.53	59.54	251677	AS7341	flash	5	100	999	10	100.0	0.0
2026-07-10T09:45:21.383	458	946	637	1180	3047	2995	3554	3880	4083	533	26.25	1018.52	59.35	254202	AS7341	flash	5	100	999	10	100.0	0.0
2026-07-10T09:45:23.380	457	947	637	1180	3045	2993	3549	3875	4080	532	26.25	1018.53	58.72	256778	AS7341	flash	5	100	999	10	100.0	0.0
2026-07-10T09:45:25.368	457	947	637	1179	3043	2989	3545	3870	4077	532	26.24	1018.55	58.0	257985	AS7341	flash	5	100	999	10	100.0	0.0
2026-07-10T09:45:27.348	457	948	637	1179	3041	2987	3541	3865	4073	531	26.23	1018.55	57.35	260022	AS7341	flash	5	100	999	10	100.0	0.0
2026-07-10T09:45:29.346	457	948	638	1179	3039	2984	3537	3860	4070	532	26.23	1018.56	56.79	261675	AS7341	flash	5	100	999	10	100.0	0.0
2026-07-10T09:45:31.436	457	949	637	1179	3039	2984	3536	3858	4069	531	26.21	1018.57	56.35	263138	AS7341	flash	5	100	999	10	100.0	0.0
2026-07-10T09:45:33.419	457	949	638	1178	3038	2983	3534	3856	4068	531	26.22	1018.55	55.98	265044	AS7341	flash	5	100	999	10	100.0	0.0
2026-07-10T09:45:35.411	457	950	638	1179	3039	2983	3533	3854	4068	531	26.21	1018.55	55.71	265044	AS7341	flash	5	100	999	10	100.0	0.0
2026-07-10T09:45:37.405	457	950	638	1179	3039	2983	3531	3852	4066	531	26.21	1018.53	55.47	268502	AS7341	flash	5	100	999	10	100.0	0.0
2026-07-10T09:45:39.403	457	950	638	1179	3038	2982	3530	3850	4065	531	26.2	1018.57	55.27	267846	AS7341	flash	5	100	999	10	100.0	0.0
2026-07-10T09:45:41.386	457	950	638	1179	3039	2983	3530	3849	4066	531	26.2	1018.53	55.12	269160	AS7341	flash	5	100	999	10	100.0	0.0
2026-07-10T09:45:43.376	457	950	638	1179	3039	2983	3530	3848	4065	531	26.2	1018.56	54.99	269821	AS7341	flash	5	100	999	10	100.0	0.0
2026-07-10T09:45:45.361	457	950	638	1179	3039	2981	3529	3846	4064	531	26.19	1018.54	54.88	270486	AS7341	flash	5	100	999	10	100.0	0.0
2026-07-10T09:45:47.357	457	951	638	1179	3040	2982	3529	3846	4065	530	26.18	1018.5	54.78	271378	AS7341	flash	5	100	999	10	100.0	0.0
2026-07-10T09:45:49.350	457	951	638	1180	3040	2982	3528	3844	4065	531	26.18	1018.54	54.71	271826	AS7341	flash	5	100	999	10	100.0	0.0
2026-07-10T09:45:51.443	457	951	638	1180	3041	2984	3530	3845	4066	531	26.17	1018.52	54.67	273860	AS7341	flash	5	100	999	10	100.0	0.0
2026-07-10T09:45:53.438	457	950	638	1180	3041	2983	3529	3844	4065	531	26.18	1018.52	54.62	272500	AS7341	flash	5	100	999	10	100.0	0.0
2026-07-10T09:45:55.427	457	950	638	1180	3041	2983	3528	3843	4064	530	26.18	1018.53	54.56	272500	AS7341	flash	5	100	999	10	100.0	0.0
2026-07-10T09:45:57.417	457	950	638	1180	3042	2985	3529	3843	4065	531	26.17	1018.51	54.54	273405	AS7341	flash	5	100	999	10	100.0	0.0
2026-07-10T09:45:59.400	457	951	638	1181	3043	2986	3530	3844	4066	531	26.17	1018.53	54.48	275463	AS7341	flash	5	100	999	10	100.0	0.0
2026-07-10T09:46:01.382	457	951	638	1181	3044	2987	3531	3845	4068	530	26.17	1018.55	54.45	273405	AS7341	flash	5	100	999	10	100.0	0.0
2026-07-10T09:46:03.371	457	951	638	1181	3045	2988	3532	3845	4069	531	26.17	1018.54	54.41	275003	AS7341	flash	5	100	999	10	100.0	0.0
2026-07-10T09:46:05.356	457	951	638	1181	3045	2988	3531	3844	4068	531	26.17	1018.53	54.38	276156	AS7341	flash	5	100	999	10	100.0	0.0
2026-07-10T09:46:07.346	457	951	638	1182	3046	2989	3532	3844	4069	531	26.17	1018.53	54.36	275233	AS7341	flash	5	100	999	10	100.0	0.0
2026-07-10T09:46:09.333	457	951	638	1182	3046	2988	3533	3845	4069	531	26.17	1018.53	54.35	277553	AS7341	flash	5	100	999	10	100.0	0.0
2026-07-10T09:46:11.430	457	951	638	1182	3047	2989	3534	3845	4070	531	26.15	1018.54	54.31	277086	AS7341	flash	5	100	999	10	100.0	0.0
2026-07-10T09:46:13.415	457	951	638	1182	3048	2990	3535	3845	4071	531	26.16	1018.51	54.31	275233	AS7341	flash	5	100	999	10	100.0	0.0
2026-07-10T09:46:15.404	457	951	638	1182	3048	2990	3535	3845	4071	532	26.16	1018.5	54.29	275694	AS7341	flash	5	100	999	10	100.0	0.0
2026-07-10T09:46:17.395	457	950	638	1182	3049	2991	3535	3845	4071	531	26.16	1018.51	54.27	275925	AS7341	flash	5	100	999	10	100.0	0.0
2026-07-10T09:46:19.387	457	950	638	1183	3049	2991	3535	3845	4071	532	26.16	1018.54	54.27	277086	AS7341	flash	5	100	999	10	100.0	0.0
2026-07-10T09:46:21.373	457	950	638	1182	3050	2992	3536	3845	4072	532	26.15	1018.52	54.26	277553	AS7341	flash	5	100	999	10	100.0	0.0
2026-07-10T09:46:23.355	457	950	638	1183	3051	2993	3537	3846	4073	531	26.16	1018.52	54.24	277787	AS7341	flash	5	100	999	10	100.0	0.0
2026-07-10T09:46:25.345	457	950	638	1183	3051	2993	3538	3846	4073	532	26.15	1018.5	54.22	278021	AS7341	flash	5	100	999	10	100.0	0.0
2026-07-10T09:46:27.440	457	950	639	1184	3053	2996	3539	3848	4075	532	26.14	1018.53	54.22	276620	AS7341	flash	5	100	999	10	100.0	0.0
2026-07-10T09:46:29.429	457	950	639	1184	3052	2995	3538	3846	4074	532	26.15	1018.54	54.22	277553	AS7341	flash	5	100	999	10	100.0	0.0
2026-07-10T09:46:31.412	457	950	638	1184	3053	2996	3539	3847	4075	531	26.15	1018.5	54.21	278021	AS7341	flash	5	100	999	10	100.0	0.0
2026-07-10T09:46:33.403	458	950	639	1184	3054	2997	3541	3849	4077	532	26.15	1018.54	54.21	278021	AS7341	flash	5	100	999	10	100.0	0.0
2026-07-10T09:46:35.390	457	950	639	1184	3055	2997	3541	3848	4076	532	26.15	1018.51	54.18	280866	AS7341	flash	5	100	999	10	100.0	0.0
2026-07-10T09:46:37.379	458	950	639	1184	3054	2997	3540	3848	4076	532	26.15	1018.53	54.18	278256	AS7341	flash	5	100	999	10	100.0	0.0
2026-07-10T09:46:39.367	458	950	639	1184	3055	2998	3542	3848	4077	532	26.15	1018.56	54.16	279912	AS7341	flash	5	100	999	10	100.0	0.0
2026-07-10T09:46:41.353	458	950	639	1185	3056	2998	3543	3849	4078	532	26.15	1018.55	54.17	280866	AS7341	flash	5	100	999	10	100.0	0.0
2026-07-10T09:46:43.342	457	950	639	1185	3056	2998	3542	3848	4077	532	26.14	1018.51	54.16	279674	AS7341	flash	5	100	999	10	100.0	0.0
2026-07-10T09:46:45.433	458	950	639	1185	3057	3001	3544	3851	4079	532	26.14	1018.53	54.15	277086	AS7341	flash	5	100	999	10	100.0	0.0
2026-07-10T09:46:47.420	458	950	639	1185	3058	3000	3544	3851	4080	532	26.14	1018.5	54.16	279437	AS7341	flash	5	100	999	10	100.0	0.0
2026-07-10T09:46:49.404	458	950	639	1185	3058	3001	3545	3851	4080	531	26.13	1018.51	54.15	280866	AS7341	flash	5	100	999	10	100.0	0.0
2026-07-10T09:46:51.392	458	950	639	1186	3059	3002	3545	3851	4080	532	26.14	1018.56	54.14	281346	AS7341	flash	5	100	999	10	100.0	0.0
2026-07-10T09:46:53.390	458	950	639	1186	3059	3002	3546	3851	4081	532	26.13	1018.51	54.14	279437	AS7341	flash	5	100	999	10	100.0	0.0
2026-07-10T09:46:55.379	458	950	639	1186	3059	3003	3546	3851	4081	533	26.14	1018.51	54.14	279200	AS7341	flash	5	100	999	10	100.0	0.0
2026-07-10T09:46:57.376	458	950	639	1186	3060	3003	3548	3853	4083	533	26.13	1018.52	54.13	278727	AS7341	flash	5	100	999	10	100.0	0.0
2026-07-10T09:46:59.356	458	949	639	1186	3061	3004	3547	3853	4083	533	26.13	1018.52	54.13	280627	AS7341	flash	5	100	999	10	100.0	0.0
2026-07-10T09:47:01.349	458	950	639	1186	3061	3004	3548	3853	4083	533	26.13	1018.49	54.12	279912	AS7341	flash	5	100	999	10	100.0	0.0
2026-07-10T09:47:03.437	458	950	639	1187	3063	3005	3550	3855	4085	532	26.12	1018.52	54.11	277787	AS7341	flash	5	100	999	10	100.0	0.0
2026-07-10T09:47:05.425	458	950	639	1186	3062	3005	3549	3855	4084	533	26.12	1018.52	54.12	278963	AS7341	flash	5	100	999	10	100.0	0.0
2026-07-10T09:47:07.415	458	949	639	1186	3062	3005	3549	3853	4084	533	26.13	1018.51	54.12	280150	AS7341	flash	5	100	999	10	100.0	0.0
2026-07-10T09:47:09.414	458	949	639	1186	3061	3006	3548	3853	4083	532	26.13	1018.54	54.1	281587	AS7341	flash	5	100	999	10	100.0	0.0
2026-07-10T09:47:11.393	458	949	639	1187	3062	3005	3549	3853	4084	533	26.12	1018.53	54.11	278963	AS7341	flash	5	100	999	10	100.0	0.0
2026-07-10T09:47:13.377	458	949	639	1187	3062	3005	3549	3854	4084	533	26.13	1018.55	54.1	281828	AS7341	flash	5	100	999	10	100.0	0.0
2026-07-10T09:47:15.370	458	949	639	1187	3064	3007	3551	3855	4086	533	26.12	1018.5	54.09	280150	AS7341	flash	5	100	999	10	100.0	0.0
2026-07-10T09:47:17.369	458	950	639	1187	3064	3006	3551	3854	4085	532	26.12	1018.52	54.08	282069	AS7341	flash	5	100	999	10	100.0	0.0
2026-07-10T09:47:19.361	458	949	639	1187	3064	3007	3551	3855	4085	532	26.12	1018.52	54.08	280627	AS7341	flash	5	100	999	10	100.0	0.0
2026-07-10T09:47:21.355	458	949	639	1187	3064	3007	3552	3855	4086	533	26.11	1018.5	54.08	280866	AS7341	flash	5	100	999	10	100.0	0.0
2026-07-10T09:47:23.351	458	949	639	1187	3064	3007	3551	3854	4085	533	26.11	1018.52	54.09	281828	AS7341	flash	5	100	999	10	100.0	0.0
2026-07-10T09:47:25.439	458	949	639	1187	3066	3010	3553	3856	4088	533	26.11	1018.5	54.09	280627	AS7341	flash	5	100	999	10	100.0	0.0
2026-07-10T09:47:27.429	458	949	639	1187	3066	3009	3553	3857	4088	532	26.1	1018.52	54.1	282069	AS7341	flash	5	100	999	10	100.0	0.0
2026-07-10T09:47:29.421	458	949	639	1187	3065	3009	3553	3856	4087	532	26.11	1018.53	54.09	280627	AS7341	flash	5	100	999	10	100.0	0.0
2026-07-10T09:47:31.409	458	949	639	1188	3066	3009	3554	3857	4088	533	26.11	1018.53	54.09	281346	AS7341	flash	5	100	999	10	100.0	0.0
2026-07-10T09:47:33.399	458	949	639	1188	3066	3009	3553	3857	4087	533	26.11	1018.53	54.08	282796	AS7341	flash	5	100	999	10	100.0	0.0
2026-07-10T09:47:35.386	458	949	639	1188	3066	3010	3553	3856	4087	533	26.1	1018.5	54.08	281346	AS7341	flash	5	100	999	10	100.0	0.0
2026-07-10T09:47:37.381	458	949	639	1188	3067	3011	3554	3858	4089	532	26.1	1018.53	54.09	280866	AS7341	flash	5	100	999	10	100.0	0.0
2026-07-10T09:47:39.378	459	949	639	1188	3068	3012	3556	3859	4091	533	26.1	1018.53	54.11	280866	AS7341	flash	5	100	999	10	100.0	0.0
2026-07-10T09:47:41.367	458	949	639	1188	3067	3012	3556	3859	4091	533	26.1	1018.55	54.11	281346	AS7341	flash	5	100	999	10	100.0	0.0
2026-07-10T09:47:43.351	458	949	639	1188	3069	3012	3557	3860	4091	534	26.1	1018.51	54.13	281106	AS7341	flash	5	100	999	10	100.0	0.0
2026-07-10T09:47:45.439	458	949	639	1188	3069	3012	3557	3860	4091	533	26.09	1018.51	54.15	280866	AS7341	flash	5	100	999	10	100.0	0.0
2026-07-10T09:47:47.424	458	949	639	1189	3069	3012	3557	3860	4091	533	26.1	1018.56	54.18	281346	AS7341	flash	5	100	999	10	100.0	0.0
2026-07-10T09:47:49.415	458	949	639	1188	3069	3013	3557	3860	4091	533	26.1	1018.54	54.16	281346	AS7341	flash	5	100	999	10	100.0	0.0
2026-07-10T09:47:51.397	458	949	639	1188	3069	3012	3557	3859	4091	532	26.1	1018.54	54.18	280388	AS7341	flash	5	100	999	10	100.0	0.0
2026-07-10T09:47:53.386	458	949	639	1188	3069	3013	3558	3861	4092	533	26.09	1018.5	54.2	281828	AS7341	flash	5	100	999	10	100.0	0.0
2026-07-10T09:47:55.379	458	949	639	1188	3067	3012	3557	3860	4091	532	26.09	1018.49	54.2	281346	AS7341	flash	5	100	999	10	100.0	0.0
2026-07-10T09:47:57.377	458	949	639	1188	3069	3013	3557	3860	4092	534	26.09	1018.55	54.21	282796	AS7341	flash	5	100	999	10	100.0	0.0
2026-07-10T09:47:59.367	459	949	639	1189	3067	3013	3558	3860	4091	534	26.09	1018.5	54.21	280866	AS7341	flash	5	100	999	10	100.0	0.0
2026-07-10T09:48:01.346	458	949	639	1189	3070	3014	3558	3861	4092	534	26.09	1018.51	54.22	280150	AS7341	flash	5	100	999	10	100.0	0.0
2026-07-10T09:48:03.441	459	949	639	1189	3070	3014	3559	3862	4093	534	26.08	1018.53	54.23	281346	AS7341	flash	5	100	999	10	100.0	0.0
2026-07-10T09:48:05.428	458	949	639	1189	3070	3014	3559	3861	4093	534	26.09	1018.54	54.23	281346	AS7341	flash	5	100	999	10	100.0	0.0
2026-07-10T09:48:07.408	458	948	639	1189	3070	3014	3559	3862	4093	533	26.09	1018.55	54.25	282796	AS7341	flash	5	100	999	10	100.0	0.0
2026-07-10T09:48:09.392	458	948	639	1188	3071	3014	3559	3862	4093	534	26.09	1018.53	54.25	281587	AS7341	flash	5	100	999	10	100.0	0.0
2026-07-10T09:48:11.396	458	948	639	1188	3070	3014	3559	3861	4093	533	26.08	1018.49	54.25	281346	AS7341	flash	5	100	999	10	100.0	0.0
2026-07-10T09:48:13.397	458	948	639	1188	3070	3014	3558	3861	4092	534	26.08	1018.53	54.23	281106	AS7341	flash	5	100	999	10	100.0	0.0
2026-07-10T09:48:15.385	458	948	639	1189	3071	3015	3560	3863	4094	533	26.09	1018.54	54.24	283282	AS7341	flash	5	100	999	10	100.0	0.0
2026-07-10T09:48:17.364	459	948	639	1189	3071	3015	3560	3862	4093	534	26.09	1018.54	54.24	282069	AS7341	flash	5	100	999	10	100.0	0.0
2026-07-10T09:48:19.359	458	948	639	1189	3071	3015	3560	3863	4094	534	26.09	1018.53	54.23	280866	AS7341	flash	5	100	999	10	100.0	0.0
2026-07-10T09:48:21.351	459	949	639	1189	3072	3016	3562	3864	4096	534	26.08	1018.54	54.23	282311	AS7341	flash	5	100	999	10	100.0	0.0
2026-07-10T09:48:23.444	459	949	639	1189	3071	3016	3561	3864	4095	533	26.07	1018.55	54.22	282069	AS7341	flash	5	100	999	10	100.0	0.0
2026-07-10T09:48:25.442	459	949	639	1189	3072	3016	3561	3864	4095	533	26.08	1018.54	54.23	281828	AS7341	flash	5	100	999	10	100.0	0.0
2026-07-10T09:48:27.425	459	948	639	1189	3072	3017	3561	3864	4095	534	26.07	1018.54	54.24	283282	AS7341	flash	5	100	999	10	100.0	0.0
2026-07-10T09:48:29.414	459	948	639	1189	3072	3017	3561	3863	4095	534	26.08	1018.54	54.24	281828	AS7341	flash	5	100	999	10	100.0	0.0
2026-07-10T09:48:31.396	458	948	639	1189	3071	3016	3561	3863	4095	534	26.07	1018.54	54.22	281828	AS7341	flash	5	100	999	10	100.0	0.0
2026-07-10T09:48:33.382	459	948	639	1189	3072	3017	3562	3863	4096	533	26.07	1018.54	54.23	281828	AS7341	flash	5	100	999	10	100.0	0.0
2026-07-10T09:48:35.367	459	949	639	1189	3071	3016	3561	3863	4095	534	26.07	1018.54	54.23	282069	AS7341	flash	5	100	999	10	100.0	0.0
2026-07-10T09:48:37.358	459	948	639	1189	3073	3017	3562	3864	4096	534	26.07	1018.55	54.23	280627	AS7341	flash	5	100	999	10	100.0	0.0
2026-07-10T09:48:39.349	459	948	639	1189	3073	3018	3562	3864	4096	533	26.07	1018.53	54.22	283282	AS7341	flash	5	100	999	10	100.0	0.0
2026-07-10T09:48:41.437	459	948	639	1189	3073	3017	3562	3864	4096	533	26.06	1018.55	54.22	281828	AS7341	flash	5	100	999	10	100.0	0.0
2026-07-10T09:48:43.426	459	948	639	1190	3072	3018	3563	3865	4097	534	26.06	1018.54	54.24	280866	AS7341	flash	5	100	999	10	100.0	0.0
2026-07-10T09:48:45.410	459	948	639	1189	3073	3017	3563	3865	4096	533	26.07	1018.53	54.24	281828	AS7341	flash	5	100	999	10	100.0	0.0
2026-07-10T09:48:47.393	459	948	639	1189	3072	3017	3562	3864	4095	533	26.07	1018.55	54.22	282069	AS7341	flash	5	100	999	10	100.0	0.0
2026-07-10T09:48:49.389	459	948	639	1190	3073	3017	3562	3864	4096	534	26.07	1018.55	54.22	282796	AS7341	flash	5	100	999	10	100.0	0.0
2026-07-10T09:48:51.371	459	948	639	1190	3072	3017	3562	3864	4095	534	26.06	1018.53	54.22	283039	AS7341	flash	5	100	999	10	100.0	0.0
2026-07-10T09:48:53.372	459	948	639	1190	3074	3018	3563	3864	4097	534	26.07	1018.55	54.22	283039	AS7341	flash	5	100	999	10	100.0	0.0
2026-07-10T09:48:55.369	459	948	639	1190	3073	3018	3563	3865	4097	534	26.06	1018.53	54.22	283282	AS7341	flash	5	100	999	10	100.0	0.0
2026-07-10T09:48:57.363	459	948	639	1190	3074	3018	3563	3865	4097	534	26.06	1018.53	54.21	281828	AS7341	flash	5	100	999	10	100.0	0.0
2026-07-10T09:48:59.351	459	948	639	1190	3074	3018	3564	3866	4097	534	26.06	1018.55	54.22	283282	AS7341	flash	5	100	999	10	100.0	0.0
2026-07-10T09:49:01.344	459	948	639	1190	3073	3018	3564	3865	4097	533	26.06	1018.55	54.21	283526	AS7341	flash	5	100	999	10	100.0	0.0
2026-07-10T09:49:03.429	459	948	639	1190	3074	3019	3564	3865	4097	534	26.04	1018.53	54.2	284015	AS7341	flash	5	100	999	10	100.0	0.0
2026-07-10T09:49:05.420	459	948	639	1190	3074	3018	3564	3866	4097	534	26.06	1018.57	54.22	281587	AS7341	flash	5	100	999	10	100.0	0.0
2026-07-10T09:49:07.407	459	948	639	1190	3074	3020	3565	3867	4099	533	26.05	1018.54	54.22	280627	AS7341	flash	5	100	999	10	100.0	0.0
2026-07-10T09:49:09.392	459	948	639	1190	3075	3019	3564	3866	4098	534	26.05	1018.52	54.22	283039	AS7341	flash	5	100	999	10	100.0	0.0
2026-07-10T09:49:11.377	459	948	639	1190	3073	3018	3564	3865	4097	534	26.06	1018.51	54.22	282311	AS7341	flash	5	100	999	10	100.0	0.0
2026-07-10T09:49:13.371	459	948	639	1190	3074	3019	3564	3866	4097	534	26.05	1018.55	54.22	283039	AS7341	flash	5	100	999	10	100.0	0.0
2026-07-10T09:49:15.359	459	948	639	1190	3074	3020	3566	3868	4099	534	26.04	1018.56	54.21	282796	AS7341	flash	5	100	999	10	100.0	0.0
2026-07-10T09:49:17.352	459	948	639	1190	3075	3019	3565	3866	4098	534	26.05	1018.58	54.21	282796	AS7341	flash	5	100	999	10	100.0	0.0
2026-07-10T09:49:19.444	459	948	639	1190	3075	3020	3566	3867	4099	533	26.04	1018.55	54.23	282553	AS7341	flash	5	100	999	10	100.0	0.0
2026-07-10T09:49:21.437	459	948	639	1190	3075	3020	3566	3867	4099	534	26.04	1018.52	54.24	283282	AS7341	flash	5	100	999	10	100.0	0.0
2026-07-10T09:49:23.423	459	948	639	1190	3074	3019	3565	3866	4098	533	26.04	1018.53	54.22	283039	AS7341	flash	5	100	999	10	100.0	0.0
2026-07-10T09:49:25.421	459	948	639	1190	3075	3019	3565	3866	4098	534	26.03	1018.52	54.21	282311	AS7341	flash	5	100	999	10	100.0	0.0
2026-07-10T09:49:27.409	459	948	639	1190	3075	3021	3565	3867	4098	534	26.04	1018.54	54.21	281587	AS7341	flash	5	100	999	10	100.0	0.0
2026-07-10T09:49:29.400	459	948	639	1190	3074	3020	3565	3867	4099	534	26.03	1018.54	54.22	281828	AS7341	flash	5	100	999	10	100.0	0.0
2026-07-10T09:49:31.392	459	948	639	1190	3075	3020	3565	3867	4099	534	26.03	1018.52	54.2	282311	AS7341	flash	5	100	999	10	100.0	0.0
2026-07-10T09:49:33.380	459	948	639	1190	3076	3020	3566	3868	4100	533	26.03	1018.54	54.19	283526	AS7341	flash	5	100	999	10	100.0	0.0
2026-07-10T09:49:35.376	459	948	639	1190	3074	3020	3565	3866	4099	533	26.02	1018.55	54.2	283282	AS7341	flash	5	100	999	10	100.0	0.0
2026-07-10T09:49:37.364	459	948	639	1190	3076	3021	3566	3868	4100	535	26.02	1018.57	54.2	283526	AS7341	flash	5	100	999	10	100.0	0.0
2026-07-10T09:49:39.349	459	948	639	1191	3076	3022	3566	3868	4100	533	26.02	1018.55	54.2	283282	AS7341	flash	5	100	999	10	100.0	0.0
2026-07-10T09:49:41.344	459	948	639	1190	3076	3021	3567	3868	4100	534	26.02	1018.51	54.22	283039	AS7341	flash	5	100	999	10	100.0	0.0
2026-07-10T09:49:43.436	459	948	639	1191	3077	3021	3567	3868	4100	534	26.0	1018.54	54.22	281587	AS7341	flash	5	100	999	10	100.0	0.0
2026-07-10T09:49:45.416	459	948	639	1190	3076	3020	3566	3867	4099	533	26.02	1018.56	54.22	283771	AS7341	flash	5	100	999	10	100.0	0.0
2026-07-10T09:49:47.409	459	948	639	1190	3076	3021	3567	3868	4100	534	26.01	1018.54	54.22	284260	AS7341	flash	5	100	999	10	100.0	0.0
2026-07-10T09:49:49.409	459	948	639	1190	3077	3021	3567	3868	4100	534	26.01	1018.53	54.22	285245	AS7341	flash	5	100	999	10	100.0	0.0
2026-07-10T09:49:51.399	459	948	639	1190	3075	3021	3567	3866	4100	534	26.01	1018.55	54.22	283771	AS7341	flash	5	100	999	10	100.0	0.0
2026-07-10T09:49:53.389	459	948	639	1190	3076	3021	3567	3868	4101	535	26.0	1018.55	54.22	284015	AS7341	flash	5	100	999	10	100.0	0.0
2026-07-10T09:49:55.376	459	948	639	1190	3075	3020	3566	3866	4099	534	26.01	1018.56	54.22	283526	AS7341	flash	5	100	999	10	100.0	0.0
2026-07-10T09:49:57.366	459	948	639	1190	3076	3022	3568	3869	4101	533	26.0	1018.58	54.23	283526	AS7341	flash	5	100	999	10	100.0	0.0
2026-07-10T09:49:59.364	459	948	639	1190	3077	3021	3567	3868	4100	534	26.0	1018.54	54.21	284260	AS7341	flash	5	100	999	10	100.0	0.0
2026-07-10T09:50:01.348	459	948	639	1190	3077	3022	3568	3868	4101	535	26.0	1018.56	54.23	284506	AS7341	flash	5	100	999	10	100.0	0.0
2026-07-10T09:50:03.441	459	948	639	1191	3077	3022	3568	3869	4101	535	25.99	1018.54	54.23	283282	AS7341	flash	5	100	999	10	100.0	0.0
2026-07-10T09:50:05.434	459	948	639	1191	3077	3022	3568	3869	4101	533	25.99	1018.57	54.25	284506	AS7341	flash	5	100	999	10	100.0	0.0
2026-07-10T09:50:07.429	459	948	639	1190	3076	3021	3567	3868	4100	534	26.0	1018.58	54.24	284260	AS7341	flash	5	100	999	10	100.0	0.0
2026-07-10T09:50:09.415	459	948	639	1191	3078	3023	3569	3869	4101	535	26.0	1018.52	54.23	283771	AS7341	flash	5	100	999	10	100.0	0.0
2026-07-10T09:50:11.410	459	948	639	1191	3077	3023	3569	3870	4101	534	26.0	1018.56	54.23	284260	AS7341	flash	5	100	999	10	100.0	0.0
2026-07-10T09:50:13.403	459	948	639	1191	3078	3022	3568	3869	4102	535	26.0	1018.55	54.23	284506	AS7341	flash	5	100	999	10	100.0	0.0
2026-07-10T09:50:15.399	459	948	639	1191	3077	3023	3568	3869	4101	534	25.99	1018.56	54.23	283771	AS7341	flash	5	100	999	10	100.0	0.0
2026-07-10T09:50:17.384	459	947	639	1190	3077	3022	3567	3868	4100	534	25.99	1018.55	54.21	284506	AS7341	flash	5	100	999	10	100.0	0.0
2026-07-10T09:50:19.382	459	948	639	1190	3077	3022	3568	3869	4101	533	25.99	1018.55	54.21	283282	AS7341	flash	5	100	999	10	0.0	0.0
2026-07-10T09:50:21.368	459	948	639	1191	3078	3023	3570	3870	4102	534	26.02	1018.54	54.32	283282	AS7341	flash	5	100	999	10	0.0	0.0
2026-07-10T09:50:23.354	459	947	639	1191	3076	3023	3570	3871	4102	534	26.04	1018.57	54.59	282553	AS7341	flash	5	100	999	10	0.0	0.0
2026-07-10T09:50:25.347	459	947	639	1191	3078	3024	3572	3874	4104	534	26.04	1018.54	54.91	280388	AS7341	flash	5	100	999	10	0.0	0.0
2026-07-10T09:50:27.437	459	948	639	1191	3080	3026	3575	3878	4107	534	26.04	1018.56	55.31	278727	AS7341	flash	5	100	999	10	0.0	0.0
2026-07-10T09:50:29.435	459	947	639	1191	3079	3025	3575	3878	4106	534	26.05	1018.55	55.68	277787	AS7341	flash	5	100	999	10	0.0	0.0
2026-07-10T09:50:31.431	459	947	639	1190	3077	3025	3575	3879	4106	535	26.06	1018.55	56.04	277319	AS7341	flash	5	100	999	10	0.0	0.0
2026-07-10T09:50:33.426	459	947	639	1190	3078	3025	3576	3882	4107	535	26.07	1018.54	56.34	275233	AS7341	flash	5	100	999	10	0.0	0.0
2026-07-10T09:50:35.418	459	947	639	1190	3077	3025	3576	3882	4106	535	26.07	1018.57	56.59	274545	AS7341	flash	5	100	999	10	0.0	0.0
2026-07-10T09:50:37.409	460	947	639	1190	3077	3025	3577	3883	4108	535	26.08	1018.53	56.82	273405	AS7341	flash	5	100	999	10	0.0	0.0
2026-07-10T09:50:39.396	459	946	639	1190	3077	3025	3578	3885	4108	535	26.09	1018.54	57.04	272952	AS7341	flash	5	100	999	10	0.0	0.0
2026-07-10T09:50:41.381	459	946	639	1189	3074	3023	3576	3884	4106	535	26.1	1018.58	57.22	273860	AS7341	flash	5	100	999	10	0.0	0.0
2026-07-10T09:50:43.369	459	946	639	1189	3074	3022	3576	3884	4105	535	26.1	1018.55	57.39	271826	AS7341	flash	5	100	999	10	0.0	0.0
2026-07-10T09:50:45.358	459	946	639	1189	3074	3022	3576	3885	4105	534	26.1	1018.52	57.58	270486	AS7341	flash	5	100	999	10	0.0	0.0
2026-07-10T09:50:47.345	459	946	639	1188	3073	3021	3576	3886	4105	534	26.11	1018.57	57.76	269380	AS7341	flash	5	100	999	10	0.0	0.0
2026-07-10T09:50:49.438	459	946	639	1188	3072	3021	3576	3887	4105	535	26.1	1018.54	57.95	266762	AS7341	flash	5	100	999	10	0.0	0.0
2026-07-10T09:50:51.431	459	946	639	1188	3072	3020	3576	3887	4105	535	26.11	1018.56	58.12	266115	AS7341	flash	5	100	999	10	0.0	0.0
2026-07-10T09:50:53.417	459	946	639	1187	3070	3019	3574	3886	4103	535	26.12	1018.55	58.28	265258	AS7341	flash	5	100	999	10	0.0	0.0
2026-07-10T09:50:55.418	459	946	639	1187	3069	3018	3574	3887	4103	535	26.12	1018.58	58.41	266115	AS7341	flash	5	100	999	10	0.0	0.0
2026-07-10T09:50:57.401	459	946	638	1187	3069	3018	3574	3888	4103	535	26.12	1018.54	58.49	264406	AS7341	flash	5	100	999	10	0.0	0.0
2026-07-10T09:50:59.389	459	946	638	1187	3069	3018	3575	3889	4103	535	26.12	1018.56	58.54	263349	AS7341	flash	5	100	999	10	0.0	0.0
2026-07-10T09:51:01.374	459	945	638	1186	3067	3016	3573	3888	4101	534	26.12	1018.56	58.62	263349	AS7341	flash	5	100	999	10	0.0	0.0
2026-07-10T09:51:03.368	459	946	638	1186	3067	3015	3573	3888	4101	535	26.12	1018.56	58.69	263771	AS7341	flash	5	100	999	10	0.0	0.0
2026-07-10T09:51:05.353	459	945	638	1185	3065	3014	3572	3887	4099	533	26.13	1018.57	58.81	261883	AS7341	flash	5	100	999	10	0.0	0.0
2026-07-10T09:51:07.344	459	946	638	1185	3064	3014	3572	3888	4099	534	26.13	1018.56	58.96	261675	AS7341	flash	5	100	999	10	0.0	0.0
2026-07-10T09:51:09.434	459	946	638	1185	3065	3013	3572	3889	4100	534	26.13	1018.58	59.1	260433	AS7341	flash	5	100	999	10	0.0	0.0
2026-07-10T09:51:11.434	459	946	638	1185	3064	3012	3571	3889	4099	534	26.13	1018.57	59.19	260433	AS7341	flash	5	100	999	10	0.0	0.0
2026-07-10T09:51:13.412	459	945	638	1184	3061	3010	3570	3888	4097	534	26.14	1018.57	59.29	259408	AS7341	flash	5	100	999	10	0.0	0.0
2026-07-10T09:51:15.394	459	946	638	1184	3061	3010	3569	3888	4096	534	26.14	1018.58	59.37	258796	AS7341	flash	5	100	999	10	0.0	0.0
2026-07-10T09:51:17.384	459	945	638	1184	3060	3010	3568	3888	4096	534	26.14	1018.57	59.44	257985	AS7341	flash	5	100	999	10	0.0	0.0
2026-07-10T09:51:19.371	458	946	638	1184	3059	3008	3568	3887	4095	534	26.14	1018.57	59.47	258188	AS7341	flash	5	100	999	10	100.0	0.0
2026-07-10T09:51:21.363	458	946	638	1183	3057	3006	3565	3884	4093	533	26.12	1018.56	59.29	260022	AS7341	flash	5	100	999	10	100.0	0.0
2026-07-10T09:51:23.361	458	947	638	1183	3056	3005	3561	3881	4090	533	26.11	1018.58	58.67	261675	AS7341	flash	5	100	999	10	100.0	0.0
2026-07-10T09:51:25.347	458	947	638	1182	3053	3000	3557	3875	4086	533	26.1	1018.57	57.97	263982	AS7341	flash	5	100	999	10	100.0	0.0
2026-07-10T09:51:27.437	458	948	638	1183	3053	3000	3555	3873	4085	533	26.08	1018.58	57.3	263771	AS7341	flash	5	100	999	10	100.0	0.0
2026-07-10T09:51:29.426	458	948	638	1182	3051	2997	3551	3869	4082	533	26.08	1018.58	56.77	266330	AS7341	flash	5	100	999	10	100.0	0.0
2026-07-10T09:51:31.415	457	948	638	1181	3050	2996	3549	3865	4080	533	26.08	1018.58	56.34	269380	AS7341	flash	5	100	999	10	100.0	0.0
2026-07-10T09:51:33.404	458	949	638	1182	3050	2996	3547	3863	4079	532	26.08	1018.62	55.99	270264	AS7341	flash	5	100	999	10	100.0	0.0
2026-07-10T09:51:35.397	457	949	638	1182	3049	2995	3545	3861	4077	532	26.07	1018.6	55.7	272500	AS7341	flash	5	100	999	10	100.0	0.0
2026-07-10T09:51:37.383	457	949	638	1182	3048	2992	3543	3858	4076	531	26.07	1018.56	55.46	271826	AS7341	flash	5	100	999	10	100.0	0.0
2026-07-10T09:51:39.370	457	949	638	1182	3050	2994	3544	3859	4077	532	26.07	1018.56	55.28	273405	AS7341	flash	5	100	999	10	100.0	0.0
2026-07-10T09:51:41.360	457	949	638	1182	3050	2994	3544	3857	4077	532	26.07	1018.55	55.11	273860	AS7341	flash	5	100	999	10	100.0	0.0
2026-07-10T09:51:43.345	458	950	638	1182	3051	2996	3544	3858	4078	532	26.06	1018.56	54.96	275003	AS7341	flash	5	100	999	10	100.0	0.0
2026-07-10T09:51:45.442	457	950	638	1183	3051	2994	3543	3856	4077	532	26.06	1018.58	54.86	275003	AS7341	flash	5	100	999	10	100.0	0.0
2026-07-10T09:51:47.431	457	950	638	1183	3051	2995	3543	3855	4076	532	26.06	1018.57	54.77	275925	AS7341	flash	5	100	999	10	100.0	0.0
2026-07-10T09:51:49.423	457	950	638	1182	3050	2995	3542	3853	4075	532	26.06	1018.58	54.7	276156	AS7341	flash	5	100	999	10	100.0	0.0
2026-07-10T09:51:51.421	458	950	638	1183	3052	2996	3543	3854	4077	532	26.06	1018.59	54.63	276620	AS7341	flash	5	100	999	10	100.0	0.0
2026-07-10T09:51:53.421	458	950	638	1183	3052	2995	3543	3853	4077	532	26.06	1018.54	54.56	278021	AS7341	flash	5	100	999	10	100.0	0.0
2026-07-10T09:51:55.402	458	950	638	1183	3053	2996	3544	3854	4078	532	26.06	1018.54	54.51	277553	AS7341	flash	5	100	999	10	100.0	0.0
2026-07-10T09:51:57.388	458	950	639	1183	3054	2997	3544	3854	4078	532	26.06	1018.55	54.46	277319	AS7341	flash	5	100	999	10	100.0	0.0
2026-07-10T09:51:59.376	458	950	639	1184	3054	2997	3544	3853	4078	531	26.05	1018.56	54.41	278963	AS7341	flash	5	100	999	10	100.0	0.0
2026-07-10T09:52:01.362	458	950	639	1184	3054	2997	3544	3853	4078	532	26.06	1018.6	54.38	279437	AS7341	flash	5	100	999	10	100.0	0.0
2026-07-10T09:52:03.342	458	950	639	1184	3055	2999	3545	3853	4079	532	26.06	1018.56	54.33	279912	AS7341	flash	5	100	999	10	100.0	0.0
2026-07-10T09:52:05.439	458	950	639	1185	3057	3000	3547	3855	4081	533	26.04	1018.57	54.3	278963	AS7341	flash	5	100	999	10	100.0	0.0
2026-07-10T09:52:07.428	458	950	639	1185	3057	3000	3546	3854	4080	533	26.05	1018.55	54.29	280388	AS7341	flash	5	100	999	10	100.0	0.0
2026-07-10T09:52:09.420	458	950	639	1185	3058	3001	3548	3855	4082	532	26.04	1018.56	54.27	280627	AS7341	flash	5	100	999	10	100.0	0.0
2026-07-10T09:52:11.408	458	950	639	1185	3057	3001	3547	3853	4080	533	26.04	1018.53	54.25	280866	AS7341	flash	5	100	999	10	100.0	0.0
2026-07-10T09:52:13.401	458	950	639	1185	3058	3002	3548	3854	4081	532	26.04	1018.51	54.23	281346	AS7341	flash	5	100	999	10	100.0	0.0
2026-07-10T09:52:15.398	458	950	639	1185	3059	3002	3548	3854	4082	532	26.04	1018.5	54.21	280627	AS7341	flash	5	100	999	10	100.0	0.0
2026-07-10T09:52:17.400	458	950	639	1185	3059	3003	3549	3854	4083	532	26.03	1018.49	54.2	280866	AS7341	flash	5	100	999	10	100.0	0.0
2026-07-10T09:52:19.384	458	950	639	1185	3059	3003	3548	3853	4082	532	26.04	1018.52	54.19	282069	AS7341	flash	5	100	999	10	100.0	0.0
2026-07-10T09:52:21.373	458	949	639	1185	3060	3003	3549	3854	4082	533	26.03	1018.52	54.15	282311	AS7341	flash	5	100	999	10	100.0	0.0
2026-07-10T09:52:23.360	458	950	639	1186	3061	3006	3551	3856	4084	533	26.03	1018.52	54.15	284260	AS7341	flash	5	100	999	10	100.0	0.0
2026-07-10T09:52:25.344	458	950	639	1186	3061	3005	3551	3855	4084	532	26.03	1018.49	54.12	284506	AS7341	flash	5	100	999	10	100.0	0.0
2026-07-10T09:52:27.436	458	950	639	1187	3063	3006	3552	3856	4085	533	26.02	1018.53	54.13	280388	AS7341	flash	5	100	999	10	100.0	0.0
2026-07-10T09:52:29.425	458	950	639	1186	3063	3006	3552	3856	4086	533	26.02	1018.54	54.1	282796	AS7341	flash	5	100	999	10	100.0	0.0
2026-07-10T09:52:31.409	458	950	639	1187	3063	3008	3552	3856	4086	533	26.03	1018.53	54.1	282796	AS7341	flash	5	100	999	10	100.0	0.0
2026-07-10T09:52:33.403	458	950	639	1187	3064	3008	3553	3857	4087	532	26.02	1018.53	54.09	282069	AS7341	flash	5	100	999	10	100.0	0.0
2026-07-10T09:52:35.382	458	949	639	1187	3065	3009	3554	3857	4087	533	26.02	1018.53	54.08	283282	AS7341	flash	5	100	999	10	100.0	0.0
2026-07-10T09:52:37.377	458	949	639	1187	3065	3010	3555	3857	4088	533	26.02	1018.51	54.07	283526	AS7341	flash	5	100	999	10	100.0	0.0
2026-07-10T09:52:39.366	458	950	639	1188	3066	3010	3556	3859	4090	533	26.01	1018.53	54.07	284506	AS7341	flash	5	100	999	10	100.0	0.0
2026-07-10T09:52:41.347	458	950	639	1188	3067	3011	3556	3859	4089	534	26.01	1018.51	54.04	283282	AS7341	flash	5	100	999	10	100.0	0.0
2026-07-10T09:52:43.445	459	950	639	1188	3068	3012	3557	3860	4091	534	26.01	1018.53	54.05	283526	AS7341	flash	5	100	999	10	100.0	0.0
2026-07-10T09:52:45.432	458	949	639	1188	3068	3012	3557	3859	4090	533	26.02	1018.54	54.04	283771	AS7341	flash	5	100	999	10	100.0	0.0
2026-07-10T09:52:47.419	458	949	639	1188	3067	3011	3557	3859	4090	533	26.02	1018.52	54.04	284015	AS7341	flash	5	100	999	10	100.0	0.0
2026-07-10T09:52:49.405	458	949	639	1188	3069	3013	3558	3860	4091	533	26.01	1018.54	54.02	283771	AS7341	flash	5	100	999	10	100.0	0.0
2026-07-10T09:52:51.395	458	949	639	1188	3068	3012	3557	3859	4090	534	26.01	1018.52	54.02	283039	AS7341	flash	5	100	999	10	100.0	0.0
2026-07-10T09:52:53.387	458	949	639	1188	3069	3013	3558	3859	4091	534	26.01	1018.51	54.02	284260	AS7341	flash	5	100	999	10	100.0	0.0
2026-07-10T09:52:55.370	459	949	639	1189	3070	3014	3559	3861	4092	534	26.01	1018.53	54.01	285245	AS7341	flash	5	100	999	10	100.0	0.0
2026-07-10T09:52:57.362	459	949	639	1189	3069	3015	3560	3861	4093	534	26.0	1018.52	54.01	283771	AS7341	flash	5	100	999	10	100.0	0.0
2026-07-10T09:52:59.357	459	949	639	1189	3070	3015	3560	3861	4093	534	26.0	1018.49	54.01	284752	AS7341	flash	5	100	999	10	100.0	0.0
2026-07-10T09:53:01.360	459	949	639	1189	3071	3015	3560	3861	4093	533	26.01	1018.52	54.02	284015	AS7341	flash	5	100	999	10	100.0	0.0
2026-07-10T09:53:03.344	459	949	639	1189	3072	3016	3562	3862	4095	533	26.0	1018.54	54.0	284015	AS7341	flash	5	100	999	10	100.0	0.0
2026-07-10T09:53:05.439	459	949	639	1190	3073	3018	3563	3864	4095	533	26.0	1018.56	54.0	284506	AS7341	flash	5	100	999	10	100.0	0.0
2026-07-10T09:53:07.430	459	949	639	1189	3073	3017	3562	3863	4095	534	26.01	1018.55	54.0	284015	AS7341	flash	5	100	999	10	100.0	0.0
2026-07-10T09:53:09.419	459	949	639	1190	3073	3017	3563	3863	4095	534	26.01	1018.54	54.0	284998	AS7341	flash	5	100	999	10	100.0	0.0
2026-07-10T09:53:11.412	459	949	639	1190	3074	3018	3564	3865	4097	534	26.01	1018.52	53.98	284998	AS7341	flash	5	100	999	10	100.0	0.0
2026-07-10T09:53:13.396	459	949	639	1190	3073	3017	3563	3863	4095	534	26.0	1018.53	53.98	284998	AS7341	flash	5	100	999	10	100.0	0.0
2026-07-10T09:53:15.387	459	949	639	1190	3073	3018	3563	3863	4096	534	26.0	1018.55	53.98	285245	AS7341	flash	5	100	999	10	100.0	0.0
2026-07-10T09:53:17.380	459	949	639	1190	3074	3019	3564	3864	4097	534	26.0	1018.53	53.97	284260	AS7341	flash	5	100	999	10	100.0	0.0
2026-07-10T09:53:19.365	459	949	639	1190	3074	3018	3564	3864	4096	534	26.0	1018.54	53.97	286237	AS7341	flash	5	100	999	10	100.0	0.0
2026-07-10T09:53:21.347	459	949	639	1190	3074	3019	3564	3864	4097	534	26.0	1018.5	53.97	285740	AS7341	flash	5	100	999	10	100.0	0.0
2026-07-10T09:53:23.445	459	949	639	1190	3075	3020	3565	3865	4098	534	25.99	1018.55	53.97	284260	AS7341	flash	5	100	999	10	100.0	0.0
2026-07-10T09:53:25.435	459	949	639	1190	3075	3020	3566	3865	4098	534	25.99	1018.53	53.97	286237	AS7341	flash	5	100	999	10	100.0	0.0
2026-07-10T09:53:27.424	459	949	640	1190	3075	3021	3567	3866	4099	533	25.99	1018.53	53.96	285740	AS7341	flash	5	100	999	10	100.0	0.0
2026-07-10T09:53:29.413	459	949	639	1190	3075	3020	3566	3865	4098	534	25.99	1018.54	53.95	285740	AS7341	flash	5	100	999	10	100.0	0.0
2026-07-10T09:53:31.402	459	949	639	1190	3076	3020	3566	3865	4098	534	25.99	1018.53	53.95	285740	AS7341	flash	5	100	999	10	100.0	0.0
2026-07-10T09:53:33.392	459	948	639	1190	3076	3020	3566	3865	4098	534	25.98	1018.49	53.95	287486	AS7341	flash	5	100	999	10	100.0	0.0
2026-07-10T09:53:35.389	459	949	639	1190	3076	3020	3566	3865	4098	534	25.98	1018.49	53.95	286735	AS7341	flash	5	100	999	10	100.0	0.0
2026-07-10T09:53:37.383	459	949	639	1191	3077	3021	3567	3867	4100	533	25.99	1018.52	53.95	286735	AS7341	flash	5	100	999	10	100.0	0.0
2026-07-10T09:53:39.365	459	949	639	1191	3076	3022	3567	3866	4100	534	25.98	1018.5	53.95	285988	AS7341	flash	5	100	999	10	100.0	0.0
2026-07-10T09:53:41.359	459	949	640	1191	3077	3022	3568	3866	4100	534	25.98	1018.51	53.95	286735	AS7341	flash	5	100	999	10	100.0	0.0
2026-07-10T09:53:43.345	459	948	639	1191	3077	3022	3568	3867	4100	535	25.98	1018.52	53.95	286237	AS7341	flash	5	100	999	10	100.0	0.0
2026-07-10T09:53:45.440	459	949	639	1191	3078	3023	3569	3868	4101	534	25.97	1018.54	53.95	285492	AS7341	flash	5	100	999	10	100.0	0.0
2026-07-10T09:53:47.423	459	949	639	1191	3078	3023	3569	3867	4101	535	25.98	1018.51	53.95	285245	AS7341	flash	5	100	999	10	100.0	0.0
2026-07-10T09:53:49.417	459	949	640	1191	3078	3023	3569	3868	4101	534	25.98	1018.51	53.96	285988	AS7341	flash	5	100	999	10	100.0	0.0
2026-07-10T09:53:51.404	459	948	639	1191	3079	3024	3570	3869	4102	534	25.98	1018.48	53.94	285245	AS7341	flash	5	100	999	10	100.0	0.0
2026-07-10T09:53:53.392	459	948	639	1191	3080	3024	3571	3869	4103	535	25.97	1018.53	53.95	285740	AS7341	flash	5	100	999	10	100.0	0.0
2026-07-10T09:53:55.388	459	948	639	1191	3078	3024	3569	3867	4101	534	25.98	1018.52	53.95	287235	AS7341	flash	5	100	999	10	100.0	0.0
2026-07-10T09:53:57.383	459	948	639	1191	3078	3024	3570	3868	4102	535	25.97	1018.53	53.94	285245	AS7341	flash	5	100	999	10	100.0	0.0
2026-07-10T09:53:59.378	459	948	639	1191	3079	3024	3570	3868	4102	534	25.98	1018.54	53.94	286735	AS7341	flash	5	100	999	10	100.0	0.0
2026-07-10T09:54:01.367	459	948	639	1191	3079	3025	3570	3868	4102	535	25.97	1018.55	53.93	287486	AS7341	flash	5	100	999	10	100.0	0.0
2026-07-10T09:54:03.352	459	948	639	1191	3080	3025	3571	3869	4103	535	25.97	1018.53	53.93	287235	AS7341	flash	5	100	999	10	100.0	0.0
2026-07-10T09:54:05.439	459	948	639	1192	3081	3027	3573	3871	4104	534	25.95	1018.52	53.94	286735	AS7341	flash	5	100	999	10	100.0	0.0
2026-07-10T09:54:07.428	459	948	639	1192	3080	3026	3572	3870	4104	534	25.96	1018.5	53.93	285492	AS7341	flash	5	100	999	10	100.0	0.0
2026-07-10T09:54:09.411	459	948	639	1192	3080	3025	3571	3870	4103	535	25.96	1018.52	53.95	286735	AS7341	flash	5	100	999	10	100.0	0.0
2026-07-10T09:54:11.393	459	948	640	1192	3079	3026	3571	3869	4103	535	25.95	1018.53	53.94	286735	AS7341	flash	5	100	999	10	100.0	0.0
2026-07-10T09:54:13.385	459	948	639	1192	3080	3026	3572	3870	4104	534	25.95	1018.53	53.94	285988	AS7341	flash	5	100	999	10	100.0	0.0
2026-07-10T09:54:15.381	459	948	640	1192	3081	3027	3572	3870	4104	534	25.95	1018.53	53.95	287235	AS7341	flash	5	100	999	10	100.0	0.0
2026-07-10T09:54:17.376	459	948	639	1192	3081	3026	3572	3870	4104	534	25.95	1018.49	53.94	286486	AS7341	flash	5	100	999	10	100.0	0.0
2026-07-10T09:54:19.375	459	948	639	1192	3081	3026	3572	3869	4104	535	25.95	1018.5	53.96	286735	AS7341	flash	5	100	999	10	100.0	0.0
2026-07-10T09:54:21.364	459	948	640	1192	3081	3026	3572	3870	4104	534	25.95	1018.53	53.96	287486	AS7341	flash	5	100	999	10	100.0	0.0
2026-07-10T09:54:23.350	459	948	639	1192	3080	3026	3572	3870	4104	534	25.94	1018.49	53.96	288746	AS7341	flash	5	100	999	10	100.0	0.0
2026-07-10T09:54:25.440	459	948	640	1192	3083	3028	3574	3872	4106	535	25.93	1018.52	53.95	285492	AS7341	flash	5	100	999	10	100.0	0.0
2026-07-10T09:54:27.426	459	948	640	1192	3082	3028	3574	3871	4106	535	25.94	1018.51	53.95	286486	AS7341	flash	5	100	999	10	100.0	0.0
2026-07-10T09:54:29.422	460	948	640	1192	3082	3028	3574	3872	4106	535	25.94	1018.5	53.95	286735	AS7341	flash	5	100	999	10	100.0	0.0
2026-07-10T09:54:31.415	459	948	640	1192	3083	3028	3574	3872	4106	535	25.94	1018.54	53.95	285988	AS7341	flash	5	100	999	10	100.0	0.0
2026-07-10T09:54:33.403	459	948	640	1192	3083	3028	3574	3872	4106	535	25.94	1018.52	53.94	287737	AS7341	flash	5	100	999	10	100.0	0.0
2026-07-10T09:54:35.400	459	948	639	1192	3081	3028	3574	3871	4105	535	25.94	1018.54	53.95	290273	AS7341	flash	5	100	999	10	100.0	0.0
2026-07-10T09:54:37.389	459	948	640	1192	3082	3028	3574	3871	4106	534	25.94	1018.51	53.93	286486	AS7341	flash	5	100	999	10	100.0	0.0
2026-07-10T09:54:39.386	459	948	640	1192	3083	3028	3575	3872	4106	534	25.94	1018.53	53.92	288746	AS7341	flash	5	100	999	10	100.0	0.0
2026-07-10T09:54:41.374	460	948	640	1193	3083	3028	3575	3872	4106	535	25.94	1018.51	53.94	287989	AS7341	flash	5	100	999	10	100.0	0.0
2026-07-10T09:54:43.365	459	948	640	1192	3082	3028	3574	3871	4105	534	25.94	1018.5	53.94	286237	AS7341	flash	5	100	999	10	100.0	0.0
2026-07-10T09:54:45.345	459	948	640	1192	3083	3028	3575	3872	4106	535	25.94	1018.5	53.94	287486	AS7341	flash	5	100	999	10	100.0	0.0
2026-07-10T09:54:47.444	459	948	640	1193	3083	3029	3575	3872	4106	534	25.93	1018.52	53.95	288241	AS7341	flash	5	100	999	10	100.0	0.0
2026-07-10T09:54:49.440	459	948	639	1192	3082	3029	3575	3872	4106	535	25.94	1018.49	53.94	286237	AS7341	flash	5	100	999	10	100.0	0.0
2026-07-10T09:54:51.423	460	948	640	1193	3083	3030	3576	3873	4107	535	25.94	1018.52	53.94	287989	AS7341	flash	5	100	999	10	100.0	0.0
2026-07-10T09:54:53.413	460	948	640	1192	3084	3030	3576	3873	4108	535	25.94	1018.52	53.95	287737	AS7341	flash	5	100	999	10	100.0	0.0
2026-07-10T09:54:55.397	459	948	639	1192	3083	3029	3576	3873	4107	535	25.94	1018.51	53.95	289763	AS7341	flash	5	100	999	10	100.0	0.0
2026-07-10T09:54:57.385	460	948	640	1193	3083	3030	3576	3872	4107	534	25.94	1018.54	53.95	287235	AS7341	flash	5	100	999	10	100.0	0.0
2026-07-10T09:54:59.378	460	948	640	1193	3083	3030	3576	3873	4107	534	25.94	1018.52	53.94	288746	AS7341	flash	5	100	999	10	100.0	0.0
2026-07-10T09:55:01.375	460	948	640	1193	3084	3030	3576	3873	4108	535	25.94	1018.5	53.93	288241	AS7341	flash	5	100	999	10	100.0	0.0
2026-07-10T09:55:03.360	460	948	640	1193	3085	3032	3578	3875	4109	535	25.94	1018.52	53.94	288746	AS7341	flash	5	100	999	10	100.0	0.0
2026-07-10T09:55:05.352	459	948	640	1193	3084	3030	3577	3873	4109	535	25.94	1018.52	53.94	287737	AS7341	flash	5	100	999	10	100.0	0.0
2026-07-10T09:55:07.439	460	948	640	1193	3084	3031	3578	3874	4109	535	25.93	1018.52	53.94	287737	AS7341	flash	5	100	999	10	100.0	0.0
2026-07-10T09:55:09.432	460	948	640	1193	3085	3031	3577	3874	4109	534	25.94	1018.51	53.93	285988	AS7341	flash	5	100	999	10	100.0	0.0
2026-07-10T09:55:11.419	460	948	640	1193	3085	3030	3577	3873	4108	535	25.93	1018.5	53.95	288746	AS7341	flash	5	100	999	10	100.0	0.0
2026-07-10T09:55:13.415	460	947	640	1193	3085	3031	3577	3872	4108	535	25.93	1018.5	53.95	286735	AS7341	flash	5	100	999	10	100.0	0.0
2026-07-10T09:55:15.397	460	948	640	1193	3085	3031	3578	3874	4109	534	25.93	1018.48	53.95	288241	AS7341	flash	5	100	999	10	100.0	0.0
2026-07-10T09:55:17.379	460	948	640	1193	3085	3031	3578	3874	4109	534	25.94	1018.52	53.93	288241	AS7341	flash	5	100	999	10	100.0	0.0
2026-07-10T09:55:19.366	460	948	640	1193	3086	3031	3578	3874	4109	535	25.93	1018.49	53.95	288241	AS7341	flash	5	100	999	10	100.0	0.0
2026-07-10T09:55:21.353	460	948	640	1193	3085	3032	3579	3875	4110	535	25.93	1018.52	53.94	287486	AS7341	flash	5	100	999	10	100.0	0.0
2026-07-10T09:55:23.347	460	948	640	1193	3085	3032	3578	3873	4109	534	25.93	1018.54	53.95	286985	AS7341	flash	5	100	999	10	100.0	0.0
2026-07-10T09:55:25.348	460	948	640	1193	3086	3032	3578	3875	4109	535	25.93	1018.51	53.95	287737	AS7341	flash	5	100	999	10	100.0	0.0
2026-07-10T09:55:27.439	460	948	640	1194	3086	3033	3579	3876	4111	536	25.92	1018.51	53.93	286486	AS7341	flash	5	100	999	10	100.0	0.0
2026-07-10T09:55:29.424	460	948	640	1193	3085	3032	3578	3875	4109	534	25.93	1018.48	53.95	286735	AS7341	flash	5	100	999	10	100.0	0.0
2026-07-10T09:55:31.412	460	948	640	1193	3084	3031	3578	3873	4109	535	25.93	1018.53	53.95	286985	AS7341	flash	5	100	999	10	100.0	0.0
2026-07-10T09:55:33.399	460	948	640	1193	3086	3032	3578	3875	4110	535	25.92	1018.51	53.95	286985	AS7341	flash	5	100	999	10	100.0	0.0
2026-07-10T09:55:35.394	460	948	640	1194	3086	3032	3579	3875	4110	536	25.91	1018.51	53.94	288241	AS7341	flash	5	100	999	10	100.0	0.0
2026-07-10T09:55:37.375	460	948	640	1194	3086	3033	3579	3875	4110	535	25.91	1018.51	53.94	287737	AS7341	flash	5	100	999	10	100.0	0.0
2026-07-10T09:55:39.372	460	948	640	1193	3086	3033	3579	3875	4110	535	25.91	1018.52	53.94	288746	AS7341	flash	5	100	999	10	100.0	0.0
2026-07-10T09:55:41.369	460	948	640	1193	3087	3033	3580	3876	4111	535	25.91	1018.52	53.94	287737	AS7341	flash	5	100	999	10	100.0	0.0
2026-07-10T09:55:43.352	460	948	640	1194	3087	3033	3580	3876	4110	536	25.91	1018.53	53.94	286486	AS7341	flash	5	100	999	10	100.0	0.0
2026-07-10T09:55:45.339	460	948	640	1193	3087	3033	3579	3875	4110	536	25.91	1018.55	53.94	287486	AS7341	flash	5	100	999	10	100.0	0.0
2026-07-10T09:55:47.430	460	947	640	1194	3086	3033	3579	3875	4110	536	25.88	1018.5	53.95	286237	AS7341	flash	5	100	999	10	100.0	0.0
2026-07-10T09:55:49.420	460	947	640	1193	3086	3032	3578	3875	4110	535	25.89	1018.51	53.95	287989	AS7341	flash	5	100	999	10	100.0	0.0
2026-07-10T09:55:51.422	460	947	640	1193	3086	3033	3580	3876	4111	536	25.89	1018.52	53.95	287737	AS7341	flash	5	100	999	10	100.0	0.0
2026-07-10T09:55:53.405	460	947	640	1193	3085	3032	3579	3875	4109	536	25.89	1018.54	53.96	288241	AS7341	flash	5	100	999	10	100.0	0.0
2026-07-10T09:55:55.391	460	948	640	1194	3087	3034	3581	3876	4112	536	25.89	1018.53	53.96	288241	AS7341	flash	5	100	999	10	100.0	0.0
2026-07-10T09:55:57.380	460	948	640	1193	3087	3033	3580	3876	4111	536	25.89	1018.52	53.95	288746	AS7341	flash	5	100	999	10	100.0	0.0
2026-07-10T09:55:59.369	460	948	640	1194	3088	3034	3580	3877	4111	536	25.88	1018.49	53.95	286735	AS7341	flash	5	100	999	10	100.0	0.0
2026-07-10T09:56:01.368	460	947	640	1194	3087	3033	3580	3875	4110	536	25.89	1018.52	53.95	288493	AS7341	flash	5	100	999	10	100.0	0.0
2026-07-10T09:56:03.353	460	948	640	1194	3088	3034	3581	3875	4112	535	25.89	1018.53	53.96	288493	AS7341	flash	5	100	999	10	100.0	0.0
2026-07-10T09:56:05.352	460	948	640	1194	3087	3034	3581	3877	4112	536	25.9	1018.54	53.97	290273	AS7341	flash	5	100	999	10	100.0	0.0
2026-07-10T09:56:07.342	460	947	640	1194	3085	3033	3580	3876	4111	536	25.89	1018.55	53.96	288746	AS7341	flash	5	100	999	10	100.0	0.0
2026-07-10T09:56:09.432	460	948	640	1194	3088	3035	3582	3878	4113	536	25.89	1018.53	53.95	288746	AS7341	flash	5	100	999	10	100.0	0.0
2026-07-10T09:56:11.422	460	947	640	1194	3088	3034	3581	3876	4111	536	25.89	1018.53	53.96	287989	AS7341	flash	5	100	999	10	100.0	0.0
2026-07-10T09:56:13.410	460	947	640	1194	3088	3035	3582	3877	4113	536	25.89	1018.52	53.96	287737	AS7341	flash	5	100	999	10	100.0	0.0
2026-07-10T09:56:15.398	460	948	640	1194	3087	3034	3582	3877	4112	536	25.89	1018.53	53.95	288241	AS7341	flash	5	100	999	10	100.0	0.0
2026-07-10T09:56:17.392	460	948	640	1194	3089	3035	3582	3878	4113	536	25.89	1018.52	53.96	289254	AS7341	flash	5	100	999	10	100.0	0.0
2026-07-10T09:56:19.382	460	948	640	1194	3089	3036	3582	3878	4114	535	25.89	1018.52	53.96	289254	AS7341	flash	5	100	999	10	0.0	0.0
2026-07-10T09:56:21.366	460	948	640	1194	3089	3035	3583	3879	4114	536	25.92	1018.5	54.04	286486	AS7341	flash	5	100	999	10	0.0	0.0
2026-07-10T09:56:23.359	460	947	640	1194	3088	3036	3584	3881	4115	536	25.94	1018.51	54.26	284752	AS7341	flash	5	100	999	10	0.0	0.0
2026-07-10T09:56:25.445	460	947	640	1194	3090	3036	3585	3882	4115	536	25.94	1018.52	54.57	285492	AS7341	flash	5	100	999	10	0.0	0.0
2026-07-10T09:56:27.438	460	947	640	1194	3089	3037	3586	3883	4116	536	25.94	1018.55	54.91	284015	AS7341	flash	5	100	999	10	0.0	0.0
2026-07-10T09:56:29.421	460	947	640	1194	3090	3037	3587	3886	4117	536	25.96	1018.54	55.24	283526	AS7341	flash	5	100	999	10	0.0	0.0
2026-07-10T09:56:31.409	460	947	640	1194	3089	3036	3587	3886	4117	536	25.96	1018.54	55.56	281828	AS7341	flash	5	100	999	10	0.0	0.0
2026-07-10T09:56:33.401	460	947	640	1194	3089	3037	3588	3888	4117	535	25.97	1018.5	55.84	280627	AS7341	flash	5	100	999	10	0.0	0.0
2026-07-10T09:56:35.388	460	946	639	1193	3087	3037	3588	3889	4117	536	25.97	1018.55	56.09	280150	AS7341	flash	5	100	999	10	0.0	0.0
2026-07-10T09:56:37.374	460	947	640	1193	3088	3037	3589	3890	4118	536	25.98	1018.52	56.35	279912	AS7341	flash	5	100	999	10	0.0	0.0
2026-07-10T09:56:39.363	460	947	640	1193	3088	3036	3589	3891	4117	535	25.99	1018.52	56.56	278021	AS7341	flash	5	100	999	10	0.0	0.0
2026-07-10T09:56:41.357	460	947	640	1193	3086	3035	3589	3891	4117	535	25.99	1018.53	56.78	277086	AS7341	flash	5	100	999	10	0.0	0.0
2026-07-10T09:56:43.448	460	946	640	1193	3087	3036	3590	3893	4118	535	25.99	1018.53	56.98	274316	AS7341	flash	5	100	999	10	0.0	0.0
2026-07-10T09:56:45.430	460	946	640	1192	3085	3034	3589	3892	4116	535	26.01	1018.56	57.14	275003	AS7341	flash	5	100	999	10	0.0	0.0
2026-07-10T09:56:47.424	460	946	639	1192	3084	3033	3588	3892	4115	535	26.01	1018.54	57.23	273405	AS7341	flash	5	100	999	10	0.0	0.0
2026-07-10T09:56:49.417	460	946	639	1191	3082	3032	3588	3891	4114	535	26.01	1018.52	57.28	274088	AS7341	flash	5	100	999	10	0.0	0.0
2026-07-10T09:56:51.408	460	946	639	1191	3083	3032	3587	3893	4115	536	26.02	1018.54	57.33	274316	AS7341	flash	5	100	999	10	0.0	0.0
2026-07-10T09:56:53.396	460	946	639	1191	3082	3031	3587	3893	4115	536	26.01	1018.56	57.41	272726	AS7341	flash	5	100	999	10	0.0	0.0
2026-07-10T09:56:55.384	460	946	639	1191	3080	3029	3585	3892	4113	535	26.02	1018.56	57.51	272952	AS7341	flash	5	100	999	10	0.0	0.0
2026-07-10T09:56:57.379	460	946	639	1190	3079	3030	3587	3894	4114	536	26.03	1018.56	57.59	272050	AS7341	flash	5	100	999	10	0.0	0.0
2026-07-10T09:56:59.365	460	946	639	1190	3079	3029	3586	3894	4113	535	26.03	1018.56	57.61	272275	AS7341	flash	5	100	999	10	0.0	0.0
2026-07-10T09:57:01.355	460	946	639	1190	3078	3027	3584	3893	4112	536	26.03	1018.56	57.68	269821	AS7341	flash	5	100	999	10	0.0	0.0
2026-07-10T09:57:03.351	460	946	639	1189	3077	3027	3585	3894	4112	536	26.03	1018.53	57.82	270043	AS7341	flash	5	100	999	10	0.0	0.0
2026-07-10T09:57:05.346	460	946	639	1189	3075	3025	3583	3893	4110	535	26.03	1018.55	57.94	269160	AS7341	flash	5	100	999	10	0.0	0.0
2026-07-10T09:57:07.445	460	946	639	1189	3077	3026	3585	3895	4111	536	26.03	1018.57	58.05	266330	AS7341	flash	5	100	999	10	0.0	0.0
2026-07-10T09:57:09.444	460	946	639	1188	3075	3024	3583	3894	4109	534	26.04	1018.55	58.12	268064	AS7341	flash	5	100	999	10	0.0	0.0
2026-07-10T09:57:11.428	460	946	639	1188	3073	3023	3581	3893	4108	535	26.04	1018.56	58.22	267629	AS7341	flash	5	100	999	10	0.0	0.0
2026-07-10T09:57:13.420	459	946	639	1188	3072	3022	3581	3893	4107	534	26.05	1018.55	58.23	269601	AS7341	flash	5	100	999	10	0.0	0.0
2026-07-10T09:57:15.406	459	945	638	1187	3072	3021	3580	3892	4107	535	26.05	1018.56	58.22	267846	AS7341	flash	5	100	999	10	0.0	0.0
2026-07-10T09:57:17.409	459	946	639	1187	3069	3020	3579	3892	4105	535	26.06	1018.56	58.32	266330	AS7341	flash	5	100	999	10	0.0	0.0
2026-07-10T09:57:19.389	459	946	638	1187	3069	3019	3578	3892	4104	535	26.05	1018.55	58.47	264406	AS7341	flash	5	100	999	10	100.0	0.0
2026-07-10T09:57:21.374	459	946	639	1186	3067	3016	3574	3888	4102	534	26.02	1018.54	58.36	267629	AS7341	flash	5	100	999	10	100.0	0.0
2026-07-10T09:57:23.360	459	947	639	1186	3066	3015	3572	3885	4100	535	26.01	1018.57	57.85	269380	AS7341	flash	5	100	999	10	100.0	0.0
2026-07-10T09:57:25.347	459	947	639	1186	3064	3012	3568	3881	4097	534	26.01	1018.54	57.26	270709	AS7341	flash	5	100	999	10	100.0	0.0
2026-07-10T09:57:27.441	459	948	639	1186	3063	3011	3566	3878	4096	534	25.99	1018.53	56.7	272952	AS7341	flash	5	100	999	10	100.0	0.0
2026-07-10T09:57:29.425	458	948	638	1185	3061	3009	3563	3874	4092	534	25.99	1018.57	56.23	272275	AS7341	flash	5	100	999	10	100.0	0.0
2026-07-10T09:57:31.419	458	948	639	1185	3063	3009	3562	3873	4092	534	25.99	1018.55	55.84	275233	AS7341	flash	5	100	999	10	100.0	0.0
2026-07-10T09:57:33.396	458	949	639	1185	3061	3009	3560	3871	4091	533	25.99	1018.55	55.53	277086	AS7341	flash	5	100	999	10	100.0	0.0
2026-07-10T09:57:35.392	458	949	639	1185	3062	3007	3558	3868	4089	534	25.98	1018.56	55.29	277086	AS7341	flash	5	100	999	10	100.0	0.0
2026-07-10T09:57:37.376	458	949	639	1185	3061	3006	3557	3865	4088	532	25.98	1018.56	55.07	278492	AS7341	flash	5	100	999	10	100.0	0.0
2026-07-10T09:57:39.373	458	949	639	1185	3061	3008	3557	3866	4088	533	25.98	1018.56	54.9	279437	AS7341	flash	5	100	999	10	100.0	0.0
2026-07-10T09:57:41.367	458	949	639	1185	3061	3006	3556	3862	4087	532	25.97	1018.54	54.75	279912	AS7341	flash	5	100	999	10	100.0	0.0
2026-07-10T09:57:43.360	458	949	639	1185	3063	3007	3557	3864	4088	533	25.97	1018.55	54.64	280388	AS7341	flash	5	100	999	10	100.0	0.0
2026-07-10T09:57:45.357	458	949	639	1186	3060	3006	3555	3861	4085	533	25.96	1018.53	54.55	279674	AS7341	flash	5	100	999	10	100.0	0.0
2026-07-10T09:57:47.442	458	950	639	1186	3063	3009	3556	3863	4089	533	25.95	1018.54	54.47	279912	AS7341	flash	5	100	999	10	100.0	0.0
2026-07-10T09:57:49.427	458	950	639	1186	3063	3009	3556	3862	4089	534	25.96	1018.53	54.4	281346	AS7341	flash	5	100	999	10	100.0	0.0
2026-07-10T09:57:51.415	458	950	639	1186	3063	3008	3556	3862	4088	534	25.96	1018.57	54.35	281346	AS7341	flash	5	100	999	10	100.0	0.0
2026-07-10T09:57:53.408	458	950	639	1187	3065	3011	3558	3863	4090	534	25.95	1018.54	54.3	281828	AS7341	flash	5	100	999	10	100.0	0.0
2026-07-10T09:57:55.394	459	950	639	1187	3065	3011	3558	3862	4090	534	25.95	1018.53	54.25	282796	AS7341	flash	5	100	999	10	100.0	0.0
2026-07-10T09:57:57.379	459	950	639	1187	3065	3010	3558	3862	4090	534	25.96	1018.55	54.22	285245	AS7341	flash	5	100	999	10	100.0	0.0
2026-07-10T09:57:59.361	459	950	639	1187	3066	3010	3558	3862	4090	533	25.95	1018.54	54.18	283526	AS7341	flash	5	100	999	10	100.0	0.0
2026-07-10T09:58:01.346	458	950	639	1187	3065	3010	3557	3861	4090	534	25.95	1018.56	54.14	284260	AS7341	flash	5	100	999	10	100.0	0.0
2026-07-10T09:58:03.437	459	950	639	1188	3066	3012	3559	3862	4090	534	25.94	1018.54	54.12	284015	AS7341	flash	5	100	999	10	100.0	0.0
2026-07-10T09:58:05.426	459	950	639	1188	3066	3012	3559	3861	4091	534	25.94	1018.53	54.09	283282	AS7341	flash	5	100	999	10	100.0	0.0
2026-07-10T09:58:07.417	459	950	639	1188	3069	3014	3560	3863	4092	534	25.94	1018.55	54.08	284015	AS7341	flash	5	100	999	10	100.0	0.0
2026-07-10T09:58:09.418	459	950	639	1188	3069	3015	3561	3862	4092	534	25.94	1018.56	54.06	286735	AS7341	flash	5	100	999	10	100.0	0.0
2026-07-10T09:58:11.408	459	949	639	1188	3069	3014	3561	3862	4093	534	25.94	1018.53	54.04	285740	AS7341	flash	5	100	999	10	100.0	0.0
2026-07-10T09:58:13.404	459	950	639	1188	3069	3014	3561	3861	4093	534	25.94	1018.52	54.03	285988	AS7341	flash	5	100	999	10	100.0	0.0
2026-07-10T09:58:15.389	459	950	639	1188	3069	3015	3562	3863	4094	534	25.95	1018.56	54.01	285740	AS7341	flash	5	100	999	10	100.0	0.0
2026-07-10T09:58:17.375	459	949	639	1189	3071	3016	3562	3863	4094	533	25.94	1018.53	53.99	286486	AS7341	flash	5	100	999	10	100.0	0.0
2026-07-10T09:58:19.372	459	949	639	1189	3071	3016	3562	3863	4094	534	25.93	1018.56	53.97	285492	AS7341	flash	5	100	999	10	100.0	0.0
2026-07-10T09:58:21.365	459	949	639	1189	3071	3016	3563	3862	4094	534	25.94	1018.52	53.97	285988	AS7341	flash	5	100	999	10	100.0	0.0
2026-07-10T09:58:23.347	459	949	639	1189	3072	3017	3564	3864	4095	534	25.94	1018.58	53.95	288746	AS7341	flash	5	100	999	10	100.0	0.0
2026-07-10T09:58:25.436	459	949	640	1190	3073	3018	3565	3865	4096	533	25.93	1018.54	53.97	286237	AS7341	flash	5	100	999	10	100.0	0.0
2026-07-10T09:58:27.421	459	949	640	1190	3073	3019	3565	3865	4097	534	25.93	1018.57	53.96	286985	AS7341	flash	5	100	999	10	100.0	0.0
2026-07-10T09:58:29.417	459	950	640	1190	3074	3019	3566	3865	4097	534	25.93	1018.54	53.95	287737	AS7341	flash	5	100	999	10	100.0	0.0
2026-07-10T09:58:31.396	459	949	640	1190	3074	3020	3566	3865	4098	534	25.93	1018.53	53.93	287737	AS7341	flash	5	100	999	10	100.0	0.0
2026-07-10T09:58:33.378	459	949	640	1190	3075	3020	3566	3865	4098	534	25.93	1018.55	53.93	287737	AS7341	flash	5	100	999	10	100.0	0.0
2026-07-10T09:58:35.362	459	949	640	1190	3076	3021	3567	3866	4099	535	25.93	1018.56	53.93	287989	AS7341	flash	5	100	999	10	100.0	0.0
2026-07-10T09:58:37.352	459	949	640	1190	3074	3022	3567	3865	4098	533	25.93	1018.57	53.92	287989	AS7341	flash	5	100	999	10	100.0	0.0
2026-07-10T09:58:39.443	459	949	639	1190	3077	3022	3569	3867	4100	535	25.92	1018.54	53.91	285988	AS7341	flash	5	100	999	10	100.0	0.0
2026-07-10T09:58:41.428	459	949	639	1190	3076	3022	3568	3867	4099	535	25.92	1018.56	53.91	287235	AS7341	flash	5	100	999	10	100.0	0.0
2026-07-10T09:58:43.414	459	949	640	1191	3077	3023	3570	3867	4100	535	25.92	1018.57	53.91	287737	AS7341	flash	5	100	999	10	100.0	0.0
2026-07-10T09:58:45.397	459	949	640	1191	3079	3024	3571	3869	4102	535	25.93	1018.57	53.89	287235	AS7341	flash	5	100	999	10	100.0	0.0
2026-07-10T09:58:47.389	459	949	639	1190	3076	3022	3569	3866	4100	535	25.93	1018.53	53.89	286237	AS7341	flash	5	100	999	10	100.0	0.0
2026-07-10T09:58:49.374	459	949	640	1191	3077	3024	3570	3867	4101	535	25.93	1018.56	53.88	287737	AS7341	flash	5	100	999	10	100.0	0.0
2026-07-10T09:58:51.367	459	949	640	1191	3078	3024	3571	3867	4101	535	25.93	1018.59	53.88	287486	AS7341	flash	5	100	999	10	100.0	0.0
2026-07-10T09:58:53.367	459	949	640	1191	3079	3025	3571	3868	4102	534	25.93	1018.53	53.88	288493	AS7341	flash	5	100	999	10	100.0	0.0
2026-07-10T09:58:55.368	459	949	640	1191	3080	3026	3573	3870	4104	534	25.92	1018.53	53.88	288241	AS7341	flash	5	100	999	10	100.0	0.0
2026-07-10T09:58:57.363	459	949	640	1191	3081	3026	3572	3869	4103	535	25.92	1018.57	53.87	287737	AS7341	flash	5	100	999	10	100.0	0.0
2026-07-10T09:58:59.362	460	949	640	1192	3081	3027	3573	3870	4105	535	25.92	1018.55	53.87	289000	AS7341	flash	5	100	999	10	100.0	0.0
2026-07-10T09:59:01.351	459	949	640	1192	3082	3027	3574	3871	4105	535	25.92	1018.56	53.87	287235	AS7341	flash	5	100	999	10	100.0	0.0
2026-07-10T09:59:03.447	460	949	640	1192	3082	3028	3575	3871	4106	534	25.91	1018.53	53.87	287486	AS7341	flash	5	100	999	10	100.0	0.0
2026-07-10T09:59:05.429	459	949	640	1192	3082	3028	3574	3871	4105	535	25.92	1018.53	53.87	288493	AS7341	flash	5	100	999	10	100.0	0.0
2026-07-10T09:59:07.429	460	949	640	1192	3082	3028	3574	3871	4105	535	25.92	1018.57	53.87	286237	AS7341	flash	5	100	999	10	100.0	0.0
2026-07-10T09:59:09.428	460	949	640	1192	3082	3028	3575	3871	4105	535	25.92	1018.57	53.88	289254	AS7341	flash	5	100	999	10	100.0	0.0
2026-07-10T09:59:11.410	459	949	640	1192	3083	3028	3575	3871	4106	535	25.91	1018.52	53.86	288746	AS7341	flash	5	100	999	10	100.0	0.0
2026-07-10T09:59:13.404	460	949	640	1192	3082	3029	3576	3872	4107	535	25.91	1018.54	53.87	289254	AS7341	flash	5	100	999	10	100.0	0.0
2026-07-10T09:59:15.391	459	948	640	1192	3083	3029	3575	3872	4106	535	25.91	1018.54	53.85	288241	AS7341	flash	5	100	999	10	100.0	0.0
2026-07-10T09:59:17.376	460	949	640	1192	3082	3029	3576	3871	4106	535	25.91	1018.53	53.87	287989	AS7341	flash	5	100	999	10	100.0	0.0
2026-07-10T09:59:19.361	459	948	640	1192	3083	3029	3576	3871	4107	535	25.91	1018.56	53.88	288746	AS7341	flash	5	100	999	10	100.0	0.0
2026-07-10T09:59:21.346	460	948	640	1192	3084	3030	3576	3872	4107	535	25.91	1018.54	53.89	289254	AS7341	flash	5	100	999	10	100.0	0.0
2026-07-10T09:59:23.435	460	949	640	1193	3083	3031	3578	3873	4108	534	25.9	1018.54	53.92	287737	AS7341	flash	5	100	999	10	100.0	0.0
2026-07-10T09:59:25.421	460	948	640	1193	3085	3031	3578	3873	4108	535	25.9	1018.57	53.93	288241	AS7341	flash	5	100	999	10	100.0	0.0
2026-07-10T09:59:27.410	460	948	640	1193	3083	3030	3577	3873	4108	534	25.9	1018.55	53.94	288241	AS7341	flash	5	100	999	10	100.0	0.0
2026-07-10T09:59:29.404	460	949	640	1193	3085	3031	3578	3873	4108	534	25.9	1018.53	53.95	288493	AS7341	flash	5	100	999	10	100.0	0.0
2026-07-10T09:59:31.398	460	949	640	1193	3085	3032	3579	3874	4109	535	25.91	1018.6	53.96	288746	AS7341	flash	5	100	999	10	100.0	0.0
2026-07-10T09:59:33.382	460	948	640	1193	3084	3031	3578	3873	4109	535	25.9	1018.58	53.95	288746	AS7341	flash	5	100	999	10	100.0	0.0
2026-07-10T09:59:35.372	460	949	640	1193	3086	3032	3579	3874	4109	535	25.9	1018.54	53.96	289254	AS7341	flash	5	100	999	10	100.0	0.0
2026-07-10T09:59:37.358	460	948	640	1193	3086	3031	3579	3874	4109	535	25.9	1018.58	53.99	288746	AS7341	flash	5	100	999	10	100.0	0.0
2026-07-10T09:59:39.444	460	948	640	1193	3085	3032	3580	3875	4110	536	25.89	1018.55	53.99	288493	AS7341	flash	5	100	999	10	100.0	0.0
2026-07-10T09:59:41.431	460	948	640	1193	3086	3032	3580	3875	4110	536	25.9	1018.51	53.99	287989	AS7341	flash	5	100	999	10	100.0	0.0
2026-07-10T09:59:43.420	460	948	640	1193	3086	3033	3580	3875	4110	536	25.9	1018.54	54.01	288241	AS7341	flash	5	100	999	10	100.0	0.0
2026-07-10T09:59:45.416	460	949	640	1193	3087	3033	3580	3876	4111	535	25.9	1018.55	53.99	289508	AS7341	flash	5	100	999	10	100.0	0.0
2026-07-10T09:59:47.404	460	948	640	1193	3086	3032	3580	3874	4109	534	25.89	1018.55	54.01	287486	AS7341	flash	5	100	999	10	100.0	0.0
2026-07-10T09:59:49.391	460	948	640	1193	3086	3032	3580	3874	4109	535	25.9	1018.55	53.99	289763	AS7341	flash	5	100	999	10	100.0	0.0
2026-07-10T09:59:51.385	460	948	640	1193	3086	3033	3580	3875	4110	534	25.89	1018.55	54.01	287989	AS7341	flash	5	100	999	10	100.0	0.0
2026-07-10T09:59:53.376	460	948	640	1193	3086	3033	3581	3875	4111	535	25.89	1018.55	53.99	287737	AS7341	flash	5	100	999	10	100.0	0.0
2026-07-10T09:59:55.459	460	948	640	1194	3087	3034	3581	3876	4111	536	25.88	1018.52	54.01	287737	AS7341	flash	5	100	999	10	100.0	0.0
2026-07-10T09:59:57.449	460	948	640	1194	3088	3035	3582	3877	4112	535	25.9	1018.56	54.02	287737	AS7341	flash	5	100	999	10	100.0	0.0
2026-07-10T09:59:59.429	460	948	640	1193	3088	3035	3582	3877	4112	535	25.89	1018.58	54.02	287235	AS7341	flash	5	100	999	10	100.0	0.0
2026-07-10T10:00:01.409	460	948	640	1194	3087	3035	3581	3877	4112	536	25.9	1018.55	54.01	289254	AS7341	flash	5	100	999	10	100.0	0.0
2026-07-10T10:00:03.395	460	948	640	1194	3087	3035	3582	3877	4112	536	25.9	1018.52	53.99	288746	AS7341	flash	5	100	999	10	100.0	0.0
2026-07-10T10:00:05.384	460	948	640	1194	3088	3034	3582	3877	4112	536	25.89	1018.58	54.0	290018	AS7341	flash	5	100	999	10	100.0	0.0
2026-07-10T10:00:07.371	460	948	640	1194	3087	3035	3582	3877	4112	536	25.89	1018.53	54.01	289254	AS7341	flash	5	100	999	10	100.0	0.0
2026-07-10T10:00:09.365	460	948	640	1194	3089	3035	3582	3877	4113	536	25.89	1018.53	54.01	289508	AS7341	flash	5	100	999	10	100.0	0.0
2026-07-10T10:00:11.456	460	948	640	1194	3088	3035	3583	3878	4112	536	25.89	1018.54	54.0	289254	AS7341	flash	5	100	999	10	100.0	0.0
2026-07-10T10:00:13.442	460	948	640	1194	3088	3034	3582	3877	4112	536	25.89	1018.53	54.01	288241	AS7341	flash	5	100	999	10	100.0	0.0
2026-07-10T10:00:15.426	460	948	640	1194	3088	3035	3583	3878	4112	535	25.89	1018.55	54.01	289000	AS7341	flash	5	100	999	10	100.0	0.0
2026-07-10T10:00:17.428	460	948	640	1194	3089	3035	3582	3877	4113	536	25.88	1018.54	54.01	290273	AS7341	flash	5	100	999	10	100.0	0.0
2026-07-10T10:00:19.412	460	948	640	1194	3088	3035	3582	3877	4112	536	25.89	1018.58	53.99	288746	AS7341	flash	5	100	999	10	100.0	0.0
2026-07-10T10:00:21.397	460	948	640	1194	3088	3035	3583	3877	4113	535	25.88	1018.53	53.97	289763	AS7341	flash	5	100	999	10	100.0	0.0
2026-07-10T10:00:23.387	460	948	640	1194	3089	3036	3583	3878	4113	535	25.88	1018.53	53.99	290273	AS7341	flash	5	100	999	10	100.0	0.0
2026-07-10T10:00:25.378	460	948	640	1194	3089	3036	3584	3878	4114	536	25.88	1018.53	53.98	288241	AS7341	flash	5	100	999	10	100.0	0.0
2026-07-10T10:00:27.370	460	948	640	1194	3089	3035	3582	3877	4112	535	25.89	1018.51	53.98	288241	AS7341	flash	5	100	999	10	100.0	0.0
2026-07-10T10:00:29.457	460	948	640	1194	3090	3036	3584	3878	4113	535	25.88	1018.54	53.97	288241	AS7341	flash	5	100	999	10	100.0	0.0
2026-07-10T10:00:31.437	460	948	640	1194	3088	3036	3583	3878	4113	536	25.89	1018.55	53.99	289508	AS7341	flash	5	100	999	10	100.0	0.0
2026-07-10T10:00:33.422	460	948	640	1194	3089	3036	3583	3878	4113	536	25.89	1018.56	53.97	289254	AS7341	flash	5	100	999	10	100.0	0.0
2026-07-10T10:00:35.408	460	948	640	1194	3090	3036	3584	3877	4114	536	25.87	1018.52	53.96	289763	AS7341	flash	5	100	999	10	100.0	0.0
2026-07-10T10:00:37.398	460	948	640	1194	3090	3037	3584	3879	4114	535	25.88	1018.53	53.95	290273	AS7341	flash	5	100	999	10	100.0	0.0
2026-07-10T10:00:39.383	460	948	640	1195	3090	3037	3585	3878	4115	536	25.88	1018.54	53.98	292075	AS7341	flash	5	100	999	10	100.0	0.0
2026-07-10T10:00:41.370	460	948	640	1194	3090	3036	3584	3878	4114	536	25.88	1018.52	53.98	287989	AS7341	flash	5	100	999	10	100.0	0.0
2026-07-10T10:00:43.360	460	948	640	1194	3089	3036	3584	3878	4114	536	25.89	1018.58	53.96	289763	AS7341	flash	5	100	999	10	100.0	0.0
2026-07-10T10:00:45.443	460	948	640	1194	3090	3038	3585	3880	4115	536	25.87	1018.53	53.96	289763	AS7341	flash	5	100	999	10	100.0	0.0
2026-07-10T10:00:47.426	460	948	640	1195	3090	3038	3586	3880	4116	536	25.88	1018.54	53.97	289000	AS7341	flash	5	100	999	10	100.0	0.0
2026-07-10T10:00:49.420	460	948	640	1194	3090	3036	3584	3879	4114	536	25.88	1018.49	53.97	289508	AS7341	flash	5	100	999	10	100.0	0.0
2026-07-10T10:00:51.405	460	948	640	1194	3090	3037	3585	3879	4114	536	25.88	1018.56	53.97	288746	AS7341	flash	5	100	999	10	100.0	0.0
2026-07-10T10:00:53.395	460	948	640	1195	3090	3036	3584	3877	4114	535	25.88	1018.54	53.95	290273	AS7341	flash	5	100	999	10	100.0	0.0
2026-07-10T10:00:55.382	460	948	640	1194	3090	3037	3584	3878	4114	535	25.88	1018.52	53.96	289508	AS7341	flash	5	100	999	10	100.0	0.0
2026-07-10T10:00:57.378	460	948	640	1194	3090	3038	3586	3880	4116	535	25.88	1018.52	53.95	289508	AS7341	flash	5	100	999	10	100.0	0.0
2026-07-10T10:00:59.373	460	948	640	1194	3090	3037	3584	3878	4113	535	25.88	1018.53	53.95	289763	AS7341	flash	5	100	999	10	100.0	0.0
2026-07-10T10:01:01.458	460	948	640	1195	3091	3039	3586	3881	4116	535	25.87	1018.54	53.96	287737	AS7341	flash	5	100	999	10	100.0	0.0
2026-07-10T10:01:03.452	460	948	640	1195	3091	3038	3586	3880	4115	535	25.87	1018.53	53.95	289763	AS7341	flash	5	100	999	10	100.0	0.0
2026-07-10T10:01:05.439	460	948	640	1195	3091	3037	3585	3879	4115	535	25.87	1018.56	53.94	289763	AS7341	flash	5	100	999	10	100.0	0.0
2026-07-10T10:01:07.435	460	948	640	1195	3092	3038	3586	3880	4116	535	25.86	1018.52	53.95	289254	AS7341	flash	5	100	999	10	100.0	0.0
2026-07-10T10:01:09.425	460	948	640	1195	3091	3037	3585	3879	4115	536	25.87	1018.53	53.94	290786	AS7341	flash	5	100	999	10	100.0	0.0
2026-07-10T10:01:11.412	460	948	640	1195	3092	3039	3586	3880	4116	536	25.87	1018.55	53.94	288493	AS7341	flash	5	100	999	10	100.0	0.0
2026-07-10T10:01:13.402	460	948	640	1195	3091	3038	3586	3880	4116	535	25.87	1018.54	53.95	291300	AS7341	flash	5	100	999	10	100.0	0.0
2026-07-10T10:01:15.390	460	948	640	1194	3091	3038	3585	3879	4115	536	25.87	1018.53	53.93	289254	AS7341	flash	5	100	999	10	100.0	0.0
2026-07-10T10:01:17.386	460	948	640	1195	3092	3038	3586	3880	4116	536	25.87	1018.53	53.93	290786	AS7341	flash	5	100	999	10	100.0	0.0
2026-07-10T10:01:19.372	460	948	640	1195	3090	3038	3586	3879	4116	536	25.86	1018.53	53.92	288746	AS7341	flash	5	100	999	10	100.0	0.0
2026-07-10T10:01:21.368	460	948	640	1195	3092	3039	3586	3880	4116	535	25.87	1018.53	53.91	290529	AS7341	flash	5	100	999	10	100.0	0.0
2026-07-10T10:01:23.365	460	948	640	1195	3092	3039	3587	3880	4116	536	25.86	1018.53	53.92	290273	AS7341	flash	5	100	999	10	100.0	0.0
2026-07-10T10:01:25.460	460	948	640	1195	3092	3040	3588	3882	4117	536	25.86	1018.56	53.92	290018	AS7341	flash	5	100	999	10	100.0	0.0
2026-07-10T10:01:27.451	460	948	640	1195	3092	3039	3586	3880	4116	535	25.86	1018.51	53.92	289254	AS7341	flash	5	100	999	10	100.0	0.0
2026-07-10T10:01:29.446	460	948	640	1195	3092	3039	3587	3881	4117	535	25.86	1018.51	53.9	290018	AS7341	flash	5	100	999	10	100.0	0.0
2026-07-10T10:01:31.440	460	948	640	1195	3092	3039	3586	3880	4116	536	25.86	1018.54	53.89	290273	AS7341	flash	5	100	999	10	100.0	0.0
2026-07-10T10:01:33.425	460	948	640	1195	3091	3038	3586	3879	4116	535	25.87	1018.55	53.91	287989	AS7341	flash	5	100	999	10	100.0	0.0
2026-07-10T10:01:35.415	460	948	640	1195	3092	3040	3588	3880	4118	536	25.86	1018.55	53.9	289508	AS7341	flash	5	100	999	10	100.0	0.0
2026-07-10T10:01:37.395	460	948	640	1195	3093	3040	3588	3881	4117	535	25.87	1018.53	53.89	289763	AS7341	flash	5	100	999	10	100.0	0.0
2026-07-10T10:01:39.381	460	948	640	1195	3092	3040	3587	3881	4117	536	25.87	1018.55	53.88	289763	AS7341	flash	5	100	999	10	100.0	0.0
2026-07-10T10:01:41.367	460	948	640	1195	3091	3039	3587	3880	4117	536	25.87	1018.55	53.87	290018	AS7341	flash	5	100	999	10	100.0	0.0
2026-07-10T10:01:43.459	460	948	640	1195	3093	3040	3588	3881	4117	536	25.86	1018.57	53.87	289254	AS7341	flash	5	100	999	10	100.0	0.0
2026-07-10T10:01:45.448	460	948	640	1195	3093	3040	3588	3881	4117	536	25.86	1018.54	53.88	288493	AS7341	flash	5	100	999	10	100.0	0.0
2026-07-10T10:01:47.436	460	948	640	1195	3092	3040	3588	3881	4117	536	25.87	1018.55	53.87	289254	AS7341	flash	5	100	999	10	100.0	0.0
2026-07-10T10:01:49.425	460	948	640	1196	3094	3041	3589	3882	4118	535	25.87	1018.53	53.87	289763	AS7341	flash	5	100	999	10	100.0	0.0
2026-07-10T10:01:51.420	460	948	640	1195	3094	3041	3589	3882	4118	535	25.86	1018.55	53.87	289254	AS7341	flash	5	100	999	10	100.0	0.0
2026-07-10T10:01:53.417	460	948	640	1195	3093	3040	3588	3881	4118	535	25.87	1018.55	53.87	290273	AS7341	flash	5	100	999	10	100.0	0.0
2026-07-10T10:01:55.406	460	948	640	1195	3093	3040	3588	3881	4117	535	25.87	1018.58	53.87	290273	AS7341	flash	5	100	999	10	100.0	0.0
2026-07-10T10:01:57.394	460	948	640	1195	3094	3041	3589	3882	4119	536	25.86	1018.53	53.85	290273	AS7341	flash	5	100	999	10	100.0	0.0
2026-07-10T10:01:59.380	460	948	640	1195	3094	3041	3589	3882	4119	536	25.87	1018.56	53.86	290786	AS7341	flash	5	100	999	10	100.0	0.0
2026-07-10T10:02:01.376	460	948	640	1195	3092	3040	3587	3880	4117	535	25.87	1018.57	53.85	290786	AS7341	flash	5	100	999	10	100.0	0.0
2026-07-10T10:02:03.362	460	948	640	1195	3094	3041	3588	3881	4118	535	25.87	1018.56	53.85	291043	AS7341	flash	5	100	999	10	100.0	0.0
2026-07-10T10:02:05.462	460	948	640	1196	3095	3042	3590	3883	4119	537	25.87	1018.58	53.85	289763	AS7341	flash	5	100	999	10	100.0	0.0
2026-07-10T10:02:07.452	461	948	640	1196	3094	3042	3590	3883	4119	535	25.87	1018.55	53.84	289254	AS7341	flash	5	100	999	10	100.0	0.0
2026-07-10T10:02:09.438	460	948	640	1195	3092	3040	3588	3880	4117	536	25.87	1018.58	53.85	290018	AS7341	flash	5	100	999	10	100.0	0.0
2026-07-10T10:02:11.426	460	948	640	1195	3092	3040	3588	3881	4117	536	25.87	1018.56	53.83	290018	AS7341	flash	5	100	999	10	100.0	0.0
2026-07-10T10:02:13.420	460	948	640	1196	3093	3041	3589	3881	4118	536	25.87	1018.58	53.84	289254	AS7341	flash	5	100	999	10	100.0	0.0
2026-07-10T10:02:15.408	460	948	640	1195	3092	3040	3588	3880	4117	535	25.87	1018.56	53.83	290273	AS7341	flash	5	100	999	10	100.0	0.0
2026-07-10T10:02:17.397	460	948	640	1195	3094	3041	3589	3881	4117	536	25.87	1018.55	53.83	289000	AS7341	flash	5	100	999	10	100.0	0.0
2026-07-10T10:02:19.395	461	948	641	1196	3094	3042	3590	3882	4119	537	25.87	1018.56	53.84	290273	AS7341	flash	5	100	999	10	0.0	0.0
2026-07-10T10:02:21.378	460	948	640	1195	3093	3041	3590	3882	4119	536	25.9	1018.57	53.92	290786	AS7341	flash	5	100	999	10	0.0	0.0
2026-07-10T10:02:23.369	460	948	640	1195	3094	3042	3590	3882	4119	537	25.91	1018.57	54.11	288746	AS7341	flash	5	100	999	10	0.0	0.0
2026-07-10T10:02:25.358	461	948	640	1196	3095	3042	3592	3886	4121	537	25.92	1018.56	54.42	287235	AS7341	flash	5	100	999	10	0.0	0.0
2026-07-10T10:02:27.451	461	948	640	1196	3094	3043	3594	3888	4122	536	25.92	1018.58	54.75	286735	AS7341	flash	5	100	999	10	0.0	0.0
2026-07-10T10:02:29.442	461	947	640	1195	3095	3043	3594	3889	4122	537	25.93	1018.59	55.07	285740	AS7341	flash	5	100	999	10	0.0	0.0
2026-07-10T10:02:31.431	461	947	640	1195	3093	3043	3594	3890	4122	536	25.94	1018.57	55.34	282796	AS7341	flash	5	100	999	10	0.0	0.0
2026-07-10T10:02:33.414	461	947	640	1195	3093	3043	3595	3891	4123	536	25.94	1018.58	55.57	283039	AS7341	flash	5	100	999	10	0.0	0.0
2026-07-10T10:02:35.400	461	947	640	1195	3094	3043	3595	3892	4123	536	25.95	1018.6	55.83	283526	AS7341	flash	5	100	999	10	0.0	0.0
2026-07-10T10:02:37.394	460	947	640	1194	3092	3041	3594	3891	4121	537	25.96	1018.58	56.06	281346	AS7341	flash	5	100	999	10	0.0	0.0
2026-07-10T10:02:39.394	461	947	640	1194	3093	3041	3595	3893	4122	536	25.96	1018.56	56.32	280866	AS7341	flash	5	100	999	10	0.0	0.0
2026-07-10T10:02:41.389	461	947	640	1194	3091	3041	3594	3893	4121	537	25.97	1018.57	56.5	278963	AS7341	flash	5	100	999	10	0.0	0.0
2026-07-10T10:02:43.372	461	947	640	1194	3090	3040	3594	3892	4120	537	25.98	1018.61	56.68	277787	AS7341	flash	5	100	999	10	0.0	0.0
2026-07-10T10:02:45.469	460	946	640	1193	3090	3039	3594	3894	4120	536	25.97	1018.55	56.81	276853	AS7341	flash	5	100	999	10	0.0	0.0
2026-07-10T10:02:47.455	460	947	640	1193	3088	3038	3594	3894	4120	535	25.98	1018.57	56.9	274774	AS7341	flash	5	100	999	10	0.0	0.0
2026-07-10T10:02:49.440	460	947	640	1193	3088	3039	3595	3896	4121	537	25.99	1018.55	57.01	276853	AS7341	flash	5	100	999	10	0.0	0.0
2026-07-10T10:02:51.428	460	947	640	1193	3088	3038	3594	3896	4120	537	25.98	1018.57	57.12	275694	AS7341	flash	5	100	999	10	0.0	0.0
2026-07-10T10:02:53.413	460	946	640	1192	3087	3037	3593	3896	4119	536	25.99	1018.59	57.23	274088	AS7341	flash	5	100	999	10	0.0	0.0
2026-07-10T10:02:55.408	460	947	640	1192	3087	3037	3593	3897	4120	536	26.0	1018.58	57.35	276388	AS7341	flash	5	100	999	10	0.0	0.0
2026-07-10T10:02:57.396	460	946	640	1192	3084	3035	3592	3896	4118	536	25.99	1018.59	57.47	273405	AS7341	flash	5	100	999	10	0.0	0.0
2026-07-10T10:02:59.397	460	947	640	1192	3084	3035	3592	3897	4118	536	26.0	1018.59	57.6	272952	AS7341	flash	5	100	999	10	0.0	0.0
2026-07-10T10:03:01.390	460	946	640	1191	3083	3034	3591	3896	4117	536	26.0	1018.61	57.72	273405	AS7341	flash	5	100	999	10	0.0	0.0
2026-07-10T10:03:03.380	460	946	639	1191	3082	3032	3590	3896	4115	536	26.0	1018.54	57.83	271154	AS7341	flash	5	100	999	10	0.0	0.0
2026-07-10T10:03:05.374	460	947	640	1191	3082	3032	3590	3896	4115	535	26.01	1018.6	57.9	271826	AS7341	flash	5	100	999	10	0.0	0.0
2026-07-10T10:03:07.455	460	947	640	1191	3081	3031	3590	3896	4115	535	26.01	1018.59	58.02	267629	AS7341	flash	5	100	999	10	0.0	0.0
2026-07-10T10:03:09.442	460	946	639	1190	3081	3031	3589	3896	4115	535	26.01	1018.6	58.1	269601	AS7341	flash	5	100	999	10	0.0	0.0
2026-07-10T10:03:11.430	460	946	639	1190	3079	3029	3587	3895	4113	535	26.03	1018.6	58.2	268502	AS7341	flash	5	100	999	10	0.0	0.0
2026-07-10T10:03:13.410	460	947	639	1190	3078	3029	3588	3896	4113	535	26.02	1018.57	58.27	268283	AS7341	flash	5	100	999	10	0.0	0.0
2026-07-10T10:03:15.403	460	946	639	1189	3076	3027	3586	3894	4111	535	26.03	1018.6	58.39	266762	AS7341	flash	5	100	999	10	0.0	0.0
2026-07-10T10:03:17.397	460	946	639	1189	3077	3027	3586	3896	4112	535	26.03	1018.6	58.49	267629	AS7341	flash	5	100	999	10	0.0	0.0
2026-07-10T10:03:19.381	460	946	639	1188	3075	3025	3584	3894	4110	535	26.03	1018.59	58.58	268064	AS7341	flash	5	100	999	10	0.0	0.0
2026-07-10T10:03:21.364	460	946	639	1188	3074	3025	3584	3894	4109	536	26.03	1018.59	58.66	266762	AS7341	flash	5	100	999	10	0.0	0.0
2026-07-10T10:03:23.456	460	947	639	1188	3074	3025	3585	3895	4109	535	26.03	1018.6	58.71	265044	AS7341	flash	5	100	999	10	0.0	0.0
2026-07-10T10:03:25.445	460	947	639	1188	3073	3023	3583	3893	4108	535	26.05	1018.62	58.76	265686	AS7341	flash	5	100	999	10	0.0	0.0
2026-07-10T10:03:27.433	460	947	639	1187	3073	3023	3583	3895	4108	536	26.05	1018.57	58.82	265472	AS7341	flash	5	100	999	10	0.0	0.0
2026-07-10T10:03:29.421	459	946	639	1187	3070	3022	3582	3894	4107	535	26.06	1018.6	58.87	264406	AS7341	flash	5	100	999	10	0.0	0.0
2026-07-10T10:03:31.416	459	947	639	1187	3071	3021	3581	3893	4106	534	26.06	1018.65	58.9	265044	AS7341	flash	5	100	999	10	0.0	0.0
2026-07-10T10:03:33.401	459	947	639	1187	3069	3019	3580	3892	4105	534	26.05	1018.57	58.96	264831	AS7341	flash	5	100	999	10	0.0	0.0
2026-07-10T10:03:35.388	460	947	639	1187	3069	3019	3580	3893	4105	535	26.05	1018.62	59.03	264618	AS7341	flash	5	100	999	10	0.0	0.0
2026-07-10T10:03:37.383	459	947	639	1186	3068	3018	3579	3892	4103	535	26.06	1018.61	59.06	262928	AS7341	flash	5	100	999	10	0.0	0.0
2026-07-10T10:03:39.369	459	947	639	1186	3067	3017	3578	3891	4103	535	26.06	1018.62	59.06	263349	AS7341	flash	5	100	999	10	0.0	0.0
2026-07-10T10:03:41.461	459	947	639	1186	3067	3017	3578	3892	4103	534	26.05	1018.61	59.06	262091	AS7341	flash	5	100	999	10	0.0	0.0
2026-07-10T10:03:43.448	459	947	639	1185	3065	3015	3576	3890	4101	534	26.06	1018.62	59.1	263138	AS7341	flash	5	100	999	10	0.0	0.0
2026-07-10T10:03:45.435	459	947	639	1185	3065	3015	3577	3891	4101	534	26.06	1018.6	59.19	262300	AS7341	flash	5	100	999	10	0.0	0.0
2026-07-10T10:03:47.420	459	947	639	1185	3064	3013	3575	3889	4100	535	26.06	1018.59	59.29	261260	AS7341	flash	5	100	999	10	0.0	0.0
2026-07-10T10:03:49.402	459	947	639	1185	3063	3013	3575	3889	4099	534	26.07	1018.61	59.39	261467	AS7341	flash	5	100	999	10	0.0	0.0
2026-07-10T10:03:51.396	459	947	639	1184	3063	3013	3575	3890	4100	534	26.06	1018.59	59.45	261675	AS7341	flash	5	100	999	10	0.0	0.0
2026-07-10T10:03:53.381	459	947	639	1184	3061	3011	3573	3888	4098	534	26.07	1018.63	59.51	261053	AS7341	flash	5	100	999	10	0.0	0.0
2026-07-10T10:03:55.369	459	947	638	1184	3061	3011	3573	3890	4097	533	26.08	1018.62	59.55	260846	AS7341	flash	5	100	999	10	0.0	0.0
2026-07-10T10:03:57.458	459	947	639	1184	3060	3011	3573	3890	4098	535	26.06	1018.57	59.59	260846	AS7341	flash	5	100	999	10	0.0	0.0
2026-07-10T10:03:59.443	459	947	639	1184	3060	3010	3572	3889	4097	534	26.07	1018.61	59.6	260228	AS7341	flash	5	100	999	10	0.0	0.0
2026-07-10T10:04:01.440	459	948	639	1184	3060	3010	3573	3890	4097	534	26.07	1018.59	59.55	260433	AS7341	flash	5	100	999	10	0.0	0.0
2026-07-10T10:04:03.422	459	947	638	1183	3058	3008	3571	3889	4096	534	26.07	1018.6	59.48	261053	AS7341	flash	5	100	999	10	0.0	0.0
2026-07-10T10:04:05.416	459	947	639	1183	3057	3008	3570	3889	4094	534	26.07	1018.6	59.42	262091	AS7341	flash	5	100	999	10	0.0	0.0
2026-07-10T10:04:07.409	459	947	638	1183	3057	3008	3570	3889	4095	534	26.08	1018.62	59.39	260022	AS7341	flash	5	100	999	10	0.0	0.0
2026-07-10T10:04:09.397	459	947	638	1182	3055	3006	3568	3887	4092	534	26.07	1018.6	59.46	261053	AS7341	flash	5	100	999	10	0.0	0.0
2026-07-10T10:04:11.392	459	947	639	1182	3056	3006	3569	3889	4093	534	26.07	1018.61	59.54	258796	AS7341	flash	5	100	999	10	0.0	0.0
2026-07-10T10:04:13.386	459	947	638	1182	3055	3005	3568	3887	4093	534	26.08	1018.63	59.55	260228	AS7341	flash	5	100	999	10	0.0	0.0
2026-07-10T10:04:15.377	459	947	638	1182	3054	3004	3567	3886	4092	534	26.07	1018.61	59.53	260022	AS7341	flash	5	100	999	10	0.0	0.0
2026-07-10T10:04:17.459	459	948	639	1182	3054	3005	3568	3888	4093	534	26.07	1018.6	59.55	259408	AS7341	flash	5	100	999	10	0.0	0.0
2026-07-10T10:04:19.456	459	948	638	1182	3054	3004	3567	3888	4092	534	26.08	1018.6	59.6	259000	AS7341	flash	5	100	999	10	0.0	0.0
2026-07-10T10:04:21.440	459	948	638	1181	3052	3003	3566	3887	4091	533	26.09	1018.57	59.68	258390	AS7341	flash	5	100	999	10	0.0	0.0
2026-07-10T10:04:23.433	458	948	638	1181	3052	3002	3565	3887	4090	534	26.08	1018.62	59.76	257582	AS7341	flash	5	100	999	10	0.0	0.0
2026-07-10T10:04:25.421	458	948	638	1181	3051	3002	3565	3886	4090	534	26.09	1018.59	59.83	259000	AS7341	flash	5	100	999	10	0.0	0.0
2026-07-10T10:04:27.405	458	947	638	1181	3050	3001	3564	3885	4088	534	26.09	1018.59	59.91	257985	AS7341	flash	5	100	999	10	0.0	0.0
2026-07-10T10:04:29.402	458	948	638	1181	3050	3000	3564	3886	4088	534	26.08	1018.6	59.95	258188	AS7341	flash	5	100	999	10	0.0	0.0
2026-07-10T10:04:31.397	458	948	638	1180	3050	3000	3564	3887	4089	534	26.08	1018.6	59.95	257582	AS7341	flash	5	100	999	10	0.0	0.0
2026-07-10T10:04:33.385	458	948	638	1180	3049	3000	3563	3886	4088	533	26.09	1018.62	59.96	257582	AS7341	flash	5	100	999	10	0.0	0.0
2026-07-10T10:04:35.375	458	948	638	1180	3048	2998	3562	3884	4086	532	26.08	1018.58	59.99	256778	AS7341	flash	5	100	999	10	0.0	0.0
2026-07-10T10:04:37.473	459	948	638	1180	3049	2999	3563	3884	4087	533	26.08	1018.63	59.99	257380	AS7341	flash	5	100	999	10	0.0	0.0
2026-07-10T10:04:39.459	458	948	638	1180	3048	2998	3562	3886	4086	533	26.09	1018.62	59.99	254989	AS7341	flash	5	100	999	10	0.0	0.0
2026-07-10T10:04:41.443	458	948	638	1179	3047	2997	3561	3885	4086	533	26.08	1018.62	59.99	257582	AS7341	flash	5	100	999	10	0.0	0.0
2026-07-10T10:04:43.430	458	948	638	1179	3045	2997	3561	3885	4085	532	26.08	1018.61	59.95	257582	AS7341	flash	5	100	999	10	0.0	0.0
2026-07-10T10:04:45.423	458	948	638	1179	3046	2996	3561	3885	4085	532	26.09	1018.61	59.9	257985	AS7341	flash	5	100	999	10	0.0	0.0
2026-07-10T10:04:47.406	458	948	638	1179	3045	2995	3559	3883	4083	533	26.09	1018.62	59.93	258796	AS7341	flash	5	100	999	10	0.0	0.0
2026-07-10T10:04:49.392	458	948	638	1179	3044	2994	3559	3883	4083	533	26.09	1018.58	59.85	258796	AS7341	flash	5	100	999	10	0.0	0.0
2026-07-10T10:04:51.381	458	948	638	1179	3044	2995	3558	3883	4082	532	26.09	1018.62	59.73	256979	AS7341	flash	5	100	999	10	0.0	0.0
2026-07-10T10:04:53.370	458	948	638	1178	3043	2994	3558	3883	4082	533	26.09	1018.61	59.65	259204	AS7341	flash	5	100	999	10	0.0	0.0
2026-07-10T10:04:55.460	458	948	638	1178	3044	2994	3559	3884	4083	532	26.08	1018.63	59.58	258188	AS7341	flash	5	100	999	10	0.0	0.0
2026-07-10T10:04:57.461	458	948	638	1178	3043	2994	3558	3884	4082	533	26.09	1018.58	59.61	258796	AS7341	flash	5	100	999	10	0.0	0.0
2026-07-10T10:04:59.450	458	948	638	1178	3042	2993	3557	3883	4081	532	26.09	1018.6	59.65	258188	AS7341	flash	5	100	999	10	0.0	0.0
2026-07-10T10:05:01.440	458	948	638	1178	3041	2992	3556	3882	4080	532	26.09	1018.57	59.6	258593	AS7341	flash	5	100	999	10	0.0	0.0
2026-07-10T10:05:03.424	458	948	638	1177	3040	2990	3555	3881	4080	533	26.09	1018.59	59.57	259204	AS7341	flash	5	100	999	10	0.0	0.0
2026-07-10T10:05:05.413	458	948	638	1177	3041	2992	3556	3883	4080	533	26.09	1018.61	59.58	258188	AS7341	flash	5	100	999	10	0.0	0.0
2026-07-10T10:05:07.406	458	948	638	1177	3039	2989	3554	3881	4078	532	26.1	1018.59	59.61	259408	AS7341	flash	5	100	999	10	0.0	0.0
2026-07-10T10:05:09.398	458	948	638	1177	3039	2989	3555	3882	4079	532	26.09	1018.6	59.67	259612	AS7341	flash	5	100	999	10	0.0	0.0
2026-07-10T10:05:11.396	458	948	638	1177	3037	2987	3552	3880	4076	532	26.09	1018.61	59.75	257582	AS7341	flash	5	100	999	10	0.0	0.0
2026-07-10T10:05:13.384	458	948	638	1176	3037	2988	3552	3880	4077	532	26.1	1018.6	59.83	258390	AS7341	flash	5	100	999	10	0.0	0.0
2026-07-10T10:05:15.365	458	948	638	1176	3037	2987	3552	3880	4077	532	26.09	1018.56	59.9	258390	AS7341	flash	5	100	999	10	0.0	0.0
2026-07-10T10:05:17.449	458	949	638	1176	3037	2988	3553	3881	4077	531	26.09	1018.56	59.99	257380	AS7341	flash	5	100	999	10	0.0	0.0
2026-07-10T10:05:19.441	458	948	638	1176	3036	2987	3552	3880	4076	531	26.09	1018.59	60.05	256979	AS7341	flash	5	100	999	10	0.0	0.0
2026-07-10T10:05:21.425	458	949	638	1176	3036	2986	3551	3879	4075	532	26.1	1018.6	60.08	255385	AS7341	flash	5	100	999	10	0.0	0.0
2026-07-10T10:05:23.418	458	948	638	1176	3036	2986	3551	3880	4075	533	26.09	1018.59	60.11	256379	AS7341	flash	5	100	999	10	0.0	0.0
2026-07-10T10:05:25.414	458	948	638	1176	3035	2984	3550	3878	4074	532	26.1	1018.59	60.19	256179	AS7341	flash	5	100	999	10	0.0	0.0
2026-07-10T10:05:27.398	457	948	638	1175	3034	2985	3549	3878	4073	532	26.1	1018.58	60.25	256778	AS7341	flash	5	100	999	10	0.0	0.0
2026-07-10T10:05:29.393	458	949	638	1176	3034	2984	3550	3879	4074	532	26.1	1018.62	60.31	256778	AS7341	flash	5	100	999	10	0.0	0.0
2026-07-10T10:05:31.386	457	949	638	1175	3033	2984	3549	3878	4073	531	26.1	1018.59	60.35	255781	AS7341	flash	5	100	999	10	0.0	0.0
2026-07-10T10:05:33.368	457	949	638	1175	3032	2982	3547	3876	4072	531	26.1	1018.59	60.38	256778	AS7341	flash	5	100	999	10	0.0	0.0
2026-07-10T10:05:35.455	458	949	638	1175	3033	2983	3549	3878	4073	532	26.09	1018.61	60.39	255980	AS7341	flash	5	100	999	10	0.0	0.0
2026-07-10T10:05:37.445	458	949	638	1175	3032	2982	3548	3878	4072	532	26.1	1018.56	60.39	255583	AS7341	flash	5	100	999	10	0.0	0.0
2026-07-10T10:05:39.446	457	949	638	1175	3032	2982	3547	3877	4071	531	26.1	1018.58	60.4	254202	AS7341	flash	5	100	999	10	0.0	0.0
2026-07-10T10:05:41.437	457	949	638	1175	3032	2982	3548	3878	4072	532	26.1	1018.59	60.4	257179	AS7341	flash	5	100	999	10	0.0	0.0
2026-07-10T10:05:43.428	457	949	638	1175	3031	2981	3547	3877	4071	532	26.1	1018.59	60.44	254989	AS7341	flash	5	100	999	10	0.0	0.0
2026-07-10T10:05:45.413	457	949	638	1174	3031	2981	3546	3876	4071	531	26.1	1018.6	60.45	255583	AS7341	flash	5	100	999	10	0.0	0.0
2026-07-10T10:05:47.408	457	949	638	1175	3030	2981	3546	3877	4070	532	26.1	1018.59	60.5	254398	AS7341	flash	5	100	999	10	0.0	0.0
2026-07-10T10:05:49.402	457	949	638	1174	3030	2980	3546	3877	4071	532	26.1	1018.58	60.56	254006	AS7341	flash	5	100	999	10	0.0	0.0
2026-07-10T10:05:51.389	457	949	637	1174	3029	2979	3545	3876	4069	531	26.1	1018.6	60.57	255187	AS7341	flash	5	100	999	10	0.0	0.0
2026-07-10T10:05:53.369	457	949	638	1174	3029	2979	3545	3875	4069	531	26.11	1018.61	60.52	255187	AS7341	flash	5	100	999	10	0.0	0.0
2026-07-10T10:05:55.465	457	949	638	1174	3029	2979	3546	3877	4070	531	26.1	1018.6	60.46	254595	AS7341	flash	5	100	999	10	0.0	0.0
2026-07-10T10:05:57.448	457	949	638	1174	3029	2978	3545	3876	4069	531	26.1	1018.57	60.42	255583	AS7341	flash	5	100	999	10	0.0	0.0
2026-07-10T10:05:59.433	457	949	638	1174	3028	2978	3544	3876	4068	532	26.1	1018.58	60.4	254792	AS7341	flash	5	100	999	10	0.0	0.0
2026-07-10T10:06:01.420	457	949	638	1174	3027	2977	3543	3874	4067	532	26.11	1018.6	60.45	255781	AS7341	flash	5	100	999	10	0.0	0.0
2026-07-10T10:06:03.410	457	949	637	1173	3027	2978	3544	3875	4067	531	26.11	1018.57	60.51	254989	AS7341	flash	5	100	999	10	0.0	0.0
2026-07-10T10:06:05.388	457	949	638	1173	3027	2977	3542	3874	4066	532	26.11	1018.59	60.54	255187	AS7341	flash	5	100	999	10	0.0	0.0
2026-07-10T10:06:07.368	457	949	637	1173	3027	2977	3543	3875	4067	532	26.1	1018.58	60.58	255583	AS7341	flash	5	100	999	10	0.0	0.0
2026-07-10T10:06:09.454	457	950	638	1173	3027	2976	3543	3875	4067	532	26.1	1018.58	60.63	253419	AS7341	flash	5	100	999	10	0.0	0.0
2026-07-10T10:06:11.439	457	950	638	1173	3026	2975	3542	3875	4066	531	26.11	1018.6	60.67	253615	AS7341	flash	5	100	999	10	0.0	0.0
2026-07-10T10:06:13.432	457	949	637	1173	3026	2976	3542	3874	4066	532	26.11	1018.57	60.71	253615	AS7341	flash	5	100	999	10	0.0	0.0
2026-07-10T10:06:15.422	457	949	637	1173	3025	2975	3541	3874	4065	532	26.11	1018.58	60.74	254398	AS7341	flash	5	100	999	10	0.0	0.0
2026-07-10T10:06:17.415	457	949	637	1172	3025	2975	3541	3874	4065	530	26.11	1018.58	60.79	253810	AS7341	flash	5	100	999	10	0.0	0.0
2026-07-10T10:06:19.398	457	949	637	1172	3025	2975	3541	3873	4064	530	26.11	1018.61	60.74	253810	AS7341	flash	5	100	999	10	0.0	0.0
2026-07-10T10:06:21.395	457	949	637	1172	3023	2973	3540	3872	4063	530	26.11	1018.59	60.69	253810	AS7341	flash	5	100	999	10	0.0	0.0
2026-07-10T10:06:23.390	457	950	637	1172	3023	2974	3540	3873	4063	531	26.11	1018.6	60.69	254792	AS7341	flash	5	100	999	10	0.0	0.0
2026-07-10T10:06:25.377	457	949	637	1172	3023	2974	3539	3872	4063	531	26.11	1018.6	60.68	253225	AS7341	flash	5	100	999	10	0.0	0.0
2026-07-10T10:06:27.372	457	949	637	1172	3023	2973	3539	3873	4063	531	26.11	1018.59	60.68	253225	AS7341	flash	5	100	999	10	0.0	0.0
2026-07-10T10:06:29.466	457	950	638	1172	3024	2974	3541	3874	4064	531	26.11	1018.57	60.67	253030	AS7341	flash	5	100	999	10	0.0	0.0
2026-07-10T10:06:31.455	457	950	638	1172	3023	2974	3540	3873	4064	530	26.11	1018.59	60.71	254792	AS7341	flash	5	100	999	10	0.0	0.0
2026-07-10T10:06:33.445	457	950	638	1172	3023	2973	3539	3873	4063	531	26.11	1018.58	60.74	253615	AS7341	flash	5	100	999	10	0.0	0.0
2026-07-10T10:06:35.428	457	950	638	1172	3022	2972	3538	3872	4063	531	26.11	1018.57	60.77	252642	AS7341	flash	5	100	999	10	0.0	0.0
2026-07-10T10:06:37.418	457	950	637	1172	3022	2971	3539	3872	4062	531	26.11	1018.62	60.81	253615	AS7341	flash	5	100	999	10	0.0	0.0
2026-07-10T10:06:39.406	457	950	637	1171	3021	2971	3537	3871	4061	530	26.12	1018.61	60.84	252836	AS7341	flash	5	100	999	10	0.0	0.0
2026-07-10T10:06:41.394	457	950	637	1171	3021	2972	3537	3871	4061	531	26.11	1018.59	60.88	254989	AS7341	flash	5	100	999	10	0.0	0.0
2026-07-10T10:06:43.398	457	950	637	1172	3021	2972	3537	3872	4061	530	26.11	1018.6	60.88	253419	AS7341	flash	5	100	999	10	0.0	0.0
2026-07-10T10:06:45.395	457	950	637	1171	3021	2971	3538	3872	4061	531	26.11	1018.55	60.83	253810	AS7341	flash	5	100	999	10	0.0	0.0
2026-07-10T10:06:47.380	457	950	638	1172	3021	2971	3538	3872	4061	531	26.11	1018.59	60.78	254006	AS7341	flash	5	100	999	10	0.0	0.0
2026-07-10T10:06:49.368	457	950	637	1171	3020	2970	3536	3870	4060	530	26.11	1018.58	60.81	254792	AS7341	flash	5	100	999	10	0.0	0.0
2026-07-10T10:06:51.460	457	950	637	1171	3020	2970	3537	3871	4060	531	26.1	1018.58	60.89	252255	AS7341	flash	5	100	999	10	0.0	0.0
2026-07-10T10:06:53.450	457	950	637	1171	3019	2969	3536	3871	4060	531	26.11	1018.6	61.01	252642	AS7341	flash	5	100	999	10	0.0	0.0
2026-07-10T10:06:55.438	457	950	637	1171	3018	2968	3535	3870	4059	531	26.11	1018.57	61.07	252836	AS7341	flash	5	100	999	10	0.0	0.0
2026-07-10T10:06:57.434	457	950	637	1171	3018	2969	3535	3870	4058	530	26.11	1018.59	61.13	251677	AS7341	flash	5	100	999	10	0.0	0.0
2026-07-10T10:06:59.424	457	950	637	1170	3018	2969	3535	3870	4059	531	26.11	1018.6	61.13	252062	AS7341	flash	5	100	999	10	0.0	0.0
2026-07-10T10:07:01.408	457	950	637	1171	3018	2969	3535	3870	4059	530	26.11	1018.59	61.15	252836	AS7341	flash	5	100	999	10	0.0	0.0
2026-07-10T10:07:03.398	457	950	637	1170	3017	2968	3534	3870	4058	531	26.11	1018.57	61.18	252062	AS7341	flash	5	100	999	10	0.0	0.0
2026-07-10T10:07:05.386	457	950	637	1170	3018	2968	3534	3870	4058	531	26.11	1018.59	61.2	252448	AS7341	flash	5	100	999	10	0.0	0.0
2026-07-10T10:07:07.378	456	950	637	1170	3017	2967	3533	3869	4057	531	26.11	1018.61	61.17	251869	AS7341	flash	5	100	999	10	0.0	0.0
2026-07-10T10:07:09.464	457	950	637	1171	3018	2968	3534	3870	4058	531	26.1	1018.6	61.15	251677	AS7341	flash	5	100	999	10	0.0	0.0
2026-07-10T10:07:11.458	456	950	637	1170	3015	2967	3533	3869	4057	530	26.1	1018.59	61.14	252448	AS7341	flash	5	100	999	10	0.0	0.0
2026-07-10T10:07:13.450	457	950	637	1170	3017	2967	3534	3869	4057	531	26.1	1018.59	61.12	250910	AS7341	flash	5	100	999	10	0.0	0.0
2026-07-10T10:07:15.438	457	950	637	1170	3016	2966	3532	3868	4056	531	26.1	1018.59	61.03	252642	AS7341	flash	5	100	999	10	0.0	0.0
2026-07-10T10:07:17.427	457	950	637	1170	3017	2967	3534	3870	4057	531	26.11	1018.59	60.96	252255	AS7341	flash	5	100	999	10	0.0	0.0
2026-07-10T10:07:19.423	457	950	637	1170	3016	2966	3533	3869	4056	531	26.11	1018.58	60.95	253225	AS7341	flash	5	100	999	10	0.0	0.0
2026-07-10T10:07:21.411	457	951	637	1170	3016	2967	3533	3870	4057	531	26.11	1018.58	60.93	252062	AS7341	flash	5	100	999	10	0.0	0.0
2026-07-10T10:07:23.392	457	951	637	1170	3017	2967	3534	3870	4057	531	26.11	1018.59	60.94	251869	AS7341	flash	5	100	999	10	0.0	0.0
2026-07-10T10:07:25.381	457	950	637	1170	3015	2966	3532	3869	4056	530	26.11	1018.56	60.98	252642	AS7341	flash	5	100	999	10	0.0	0.0
2026-07-10T10:07:27.383	457	950	637	1170	3015	2966	3532	3869	4056	530	26.11	1018.57	60.98	252448	AS7341	flash	5	100	999	10	0.0	0.0
2026-07-10T10:07:29.366	456	950	637	1169	3014	2964	3532	3868	4055	530	26.11	1018.55	60.93	253225	AS7341	flash	5	100	999	10	0.0	0.0
2026-07-10T10:07:31.465	457	951	637	1170	3016	2965	3534	3870	4057	531	26.11	1018.63	60.96	252448	AS7341	flash	5	100	999	10	0.0	0.0
2026-07-10T10:07:33.461	457	951	637	1169	3015	2966	3532	3868	4056	531	26.11	1018.54	61.0	251869	AS7341	flash	5	100	999	10	0.0	0.0
2026-07-10T10:07:35.446	457	951	637	1169	3014	2965	3532	3869	4055	531	26.11	1018.56	61.01	251677	AS7341	flash	5	100	999	10	0.0	0.0
2026-07-10T10:07:37.439	457	951	637	1169	3013	2964	3530	3867	4053	530	26.11	1018.55	60.96	253615	AS7341	flash	5	100	999	10	0.0	0.0
2026-07-10T10:07:39.434	457	951	637	1169	3014	2964	3531	3867	4055	531	26.11	1018.59	60.96	251869	AS7341	flash	5	100	999	10	0.0	0.0
2026-07-10T10:07:41.426	456	951	637	1169	3014	2965	3531	3868	4054	530	26.11	1018.59	60.96	252642	AS7341	flash	5	100	999	10	0.0	0.0
2026-07-10T10:07:43.423	456	951	637	1169	3013	2964	3531	3868	4054	531	26.12	1018.59	60.93	252836	AS7341	flash	5	100	999	10	0.0	0.0
2026-07-10T10:07:45.412	457	951	637	1169	3013	2963	3530	3868	4054	531	26.12	1018.56	60.97	253225	AS7341	flash	5	100	999	10	0.0	0.0
2026-07-10T10:07:47.399	457	951	637	1169	3014	2964	3531	3869	4055	530	26.11	1018.57	61.06	252836	AS7341	flash	5	100	999	10	0.0	0.0
2026-07-10T10:07:49.395	456	951	637	1169	3013	2962	3530	3868	4054	530	26.12	1018.55	61.1	251292	AS7341	flash	5	100	999	10	0.0	0.0
2026-07-10T10:07:51.383	456	951	637	1169	3012	2962	3530	3867	4053	529	26.11	1018.56	61.14	252448	AS7341	flash	5	100	999	10	0.0	0.0
2026-07-10T10:07:53.369	457	951	637	1169	3013	2963	3530	3868	4054	530	26.12	1018.58	61.15	252062	AS7341	flash	5	100	999	10	0.0	0.0
2026-07-10T10:07:55.454	457	951	637	1169	3012	2963	3530	3868	4054	531	26.11	1018.57	61.18	251677	AS7341	flash	5	100	999	10	0.0	0.0
2026-07-10T10:07:57.442	456	951	637	1169	3011	2962	3528	3867	4052	530	26.12	1018.58	61.23	250910	AS7341	flash	5	100	999	10	0.0	0.0
2026-07-10T10:07:59.427	456	951	637	1169	3011	2962	3529	3867	4053	529	26.12	1018.57	61.26	250910	AS7341	flash	5	100	999	10	0.0	0.0
2026-07-10T10:08:01.421	456	951	637	1168	3011	2961	3528	3867	4052	530	26.12	1018.58	61.33	251869	AS7341	flash	5	100	999	10	0.0	0.0
2026-07-10T10:08:03.412	456	951	637	1168	3010	2960	3528	3865	4051	530	26.12	1018.59	61.39	251677	AS7341	flash	5	100	999	10	0.0	0.0
2026-07-10T10:08:05.398	456	951	637	1168	3010	2959	3527	3865	4051	529	26.12	1018.54	61.33	252062	AS7341	flash	5	100	999	10	0.0	0.0
2026-07-10T10:08:07.385	456	951	637	1168	3010	2961	3528	3866	4051	530	26.12	1018.56	61.27	251677	AS7341	flash	5	100	999	10	0.0	0.0
2026-07-10T10:08:09.375	456	951	637	1168	3011	2962	3529	3867	4052	530	26.12	1018.6	61.23	252642	AS7341	flash	5	100	999	10	0.0	0.0
2026-07-10T10:08:11.374	457	952	637	1169	3011	2961	3529	3867	4053	531	26.12	1018.6	61.22	252062	AS7341	flash	5	100	999	10	0.0	0.0
2026-07-10T10:08:13.470	456	952	637	1168	3011	2961	3529	3867	4052	529	26.11	1018.58	61.25	251484	AS7341	flash	5	100	999	10	0.0	0.0
2026-07-10T10:08:15.457	456	951	637	1168	3010	2960	3527	3866	4051	530	26.12	1018.56	61.31	251484	AS7341	flash	5	100	999	10	0.0	0.0
2026-07-10T10:08:17.444	456	951	637	1168	3009	2960	3526	3865	4050	530	26.12	1018.59	61.35	250719	AS7341	flash	5	100	999	10	0.0	0.0
2026-07-10T10:08:19.438	456	951	637	1168	3010	2960	3527	3866	4051	530	26.13	1018.57	61.35	251101	AS7341	flash	5	100	999	10	0.0	0.0
2026-07-10T10:08:21.425	456	951	637	1168	3010	2960	3527	3866	4051	530	26.12	1018.53	61.36	252062	AS7341	flash	5	100	999	10	0.0	0.0
2026-07-10T10:08:23.407	457	952	637	1168	3010	2960	3527	3866	4051	529	26.13	1018.56	61.38	251677	AS7341	flash	5	100	999	10	0.0	0.0
2026-07-10T10:08:25.400	456	952	637	1168	3009	2959	3527	3866	4050	529	26.13	1018.57	61.37	251292	AS7341	flash	5	100	999	10	0.0	0.0
2026-07-10T10:08:27.398	456	951	637	1168	3009	2958	3526	3864	4049	529	26.12	1018.57	61.34	251101	AS7341	flash	5	100	999	10	0.0	0.0
2026-07-10T10:08:29.386	456	952	637	1168	3010	2960	3527	3867	4051	530	26.13	1018.57	61.31	250910	AS7341	flash	5	100	999	10	0.0	0.0
2026-07-10T10:08:31.376	456	951	637	1168	3008	2957	3526	3865	4049	529	26.13	1018.6	61.34	251677	AS7341	flash	5	100	999	10	0.0	0.0
2026-07-10T10:08:33.369	456	952	637	1168	3008	2958	3526	3864	4049	529	26.13	1018.58	61.4	251677	AS7341	flash	5	100	999	10	0.0	0.0
2026-07-10T10:08:35.456	456	952	637	1168	3008	2959	3526	3865	4049	529	26.12	1018.58	61.42	250528	AS7341	flash	5	100	999	10	0.0	0.0
2026-07-10T10:08:37.446	456	952	637	1168	3009	2959	3526	3866	4050	530	26.13	1018.55	61.42	250910	AS7341	flash	5	100	999	10	0.0	0.0
2026-07-10T10:08:39.429	456	952	637	1168	3009	2958	3527	3866	4050	530	26.13	1018.56	61.48	251292	AS7341	flash	5	100	999	10	0.0	0.0
2026-07-10T10:08:41.422	456	952	637	1168	3008	2958	3525	3866	4049	530	26.13	1018.57	61.52	250910	AS7341	flash	5	100	999	10	0.0	0.0
2026-07-10T10:08:43.418	456	951	637	1167	3007	2957	3525	3864	4048	530	26.13	1018.59	61.55	250719	AS7341	flash	5	100	999	10	0.0	0.0
2026-07-10T10:08:45.411	456	951	637	1167	3007	2957	3525	3864	4048	529	26.13	1018.56	61.58	250147	AS7341	flash	5	100	999	10	0.0	0.0
2026-07-10T10:08:47.403	456	952	637	1168	3008	2958	3525	3865	4049	530	26.13	1018.56	61.55	250528	AS7341	flash	5	100	999	10	0.0	0.0
2026-07-10T10:08:49.394	456	952	637	1167	3007	2958	3525	3865	4049	529	26.13	1018.56	61.48	253225	AS7341	flash	5	100	999	10	0.0	0.0
2026-07-10T10:08:51.375	456	952	637	1167	3007	2956	3525	3865	4048	529	26.13	1018.58	61.42	251292	AS7341	flash	5	100	999	10	0.0	0.0
2026-07-10T10:08:53.361	456	951	637	1167	3007	2956	3524	3864	4048	530	26.13	1018.58	61.36	250910	AS7341	flash	5	100	999	10	0.0	0.0
2026-07-10T10:08:55.458	456	952	637	1167	3007	2957	3525	3865	4048	530	26.12	1018.57	61.32	251101	AS7341	flash	5	100	999	10	0.0	0.0
2026-07-10T10:08:57.439	456	952	637	1167	3007	2957	3525	3865	4048	530	26.12	1018.57	61.37	251292	AS7341	flash	5	100	999	10	0.0	0.0
2026-07-10T10:08:59.427	456	952	637	1167	3007	2957	3524	3864	4048	530	26.13	1018.59	61.36	251677	AS7341	flash	5	100	999	10	0.0	0.0
2026-07-10T10:09:01.417	456	952	637	1167	3006	2956	3524	3864	4047	529	26.13	1018.59	61.38	251869	AS7341	flash	5	100	999	10	0.0	0.0
2026-07-10T10:09:03.415	456	952	637	1167	3006	2955	3524	3864	4047	529	26.13	1018.61	61.42	251292	AS7341	flash	5	100	999	10	0.0	0.0
2026-07-10T10:09:05.401	456	952	637	1167	3007	2957	3525	3865	4048	530	26.13	1018.57	61.45	250528	AS7341	flash	5	100	999	10	0.0	0.0
2026-07-10T10:09:07.396	456	952	637	1167	3006	2956	3524	3865	4047	529	26.13	1018.57	61.47	251292	AS7341	flash	5	100	999	10	0.0	0.0
2026-07-10T10:09:09.389	456	952	637	1167	3006	2956	3524	3864	4047	529	26.13	1018.61	61.48	251484	AS7341	flash	5	100	999	10	0.0	0.0
2026-07-10T10:09:11.383	456	952	637	1166	3005	2955	3523	3863	4046	530	26.12	1018.54	61.37	250910	AS7341	flash	5	100	999	10	0.0	0.0
2026-07-10T10:09:13.364	456	952	637	1167	3005	2955	3523	3862	4046	530	26.13	1018.58	61.31	252062	AS7341	flash	5	100	999	10	0.0	0.0
2026-07-10T10:09:15.450	456	952	637	1167	3006	2956	3524	3865	4047	530	26.12	1018.59	61.36	252836	AS7341	flash	5	100	999	10	0.0	0.0
2026-07-10T10:09:17.446	456	952	637	1166	3004	2954	3522	3863	4045	530	26.13	1018.58	61.44	250719	AS7341	flash	5	100	999	10	0.0	0.0
2026-07-10T10:09:19.441	456	952	637	1167	3005	2955	3522	3863	4046	530	26.13	1018.54	61.44	251677	AS7341	flash	5	100	999	10	0.0	0.0
2026-07-10T10:09:21.437	456	952	637	1166	3004	2955	3522	3863	4045	530	26.12	1018.54	61.34	253615	AS7341	flash	5	100	999	10	0.0	0.0
2026-07-10T10:09:23.438	456	952	637	1166	3004	2954	3522	3863	4045	529	26.13	1018.55	61.26	252255	AS7341	flash	5	100	999	10	0.0	0.0
2026-07-10T10:09:25.424	456	952	637	1166	3003	2953	3521	3861	4044	530	26.12	1018.55	61.23	251869	AS7341	flash	5	100	999	10	0.0	0.0
2026-07-10T10:09:27.406	456	951	637	1166	3003	2953	3521	3862	4044	530	26.13	1018.59	61.26	252448	AS7341	flash	5	100	999	10	0.0	0.0
2026-07-10T10:09:29.395	456	951	637	1166	3003	2953	3521	3861	4044	529	26.12	1018.58	61.26	252448	AS7341	flash	5	100	999	10	0.0	0.0
2026-07-10T10:09:31.387	456	952	637	1166	3002	2952	3520	3861	4043	529	26.12	1018.55	61.21	252642	AS7341	flash	5	100	999	10	0.0	0.0
2026-07-10T10:09:33.372	456	952	637	1166	3003	2952	3521	3862	4045	530	26.13	1018.58	61.24	251292	AS7341	flash	5	100	999	10	0.0	0.0
2026-07-10T10:09:35.468	456	952	637	1166	3003	2954	3522	3862	4044	530	26.12	1018.55	61.27	251292	AS7341	flash	5	100	999	10	0.0	0.0
2026-07-10T10:09:37.452	456	952	637	1166	3003	2953	3521	3862	4043	530	26.13	1018.59	61.28	252062	AS7341	flash	5	100	999	10	0.0	0.0
2026-07-10T10:09:39.441	456	952	637	1166	3002	2953	3521	3862	4044	530	26.12	1018.57	61.22	252448	AS7341	flash	5	100	999	10	0.0	0.0
2026-07-10T10:09:41.428	456	952	637	1166	3002	2952	3520	3862	4043	529	26.13	1018.59	61.16	251292	AS7341	flash	5	100	999	10	0.0	0.0
2026-07-10T10:09:43.423	456	952	637	1166	3002	2952	3520	3861	4043	530	26.13	1018.59	61.14	252448	AS7341	flash	5	100	999	10	0.0	0.0
2026-07-10T10:09:45.410	456	952	637	1165	3002	2952	3520	3861	4042	530	26.12	1018.59	61.15	252836	AS7341	flash	5	100	999	10	0.0	0.0
2026-07-10T10:09:47.393	456	952	637	1165	3002	2952	3520	3860	4042	529	26.12	1018.54	61.11	252255	AS7341	flash	5	100	999	10	0.0	0.0
2026-07-10T10:09:49.386	456	952	637	1166	3002	2952	3521	3863	4044	530	26.12	1018.58	61.04	253030	AS7341	flash	5	100	999	10	0.0	0.0
2026-07-10T10:09:51.373	456	952	637	1166	3002	2952	3520	3862	4043	530	26.12	1018.58	61.05	254398	AS7341	flash	5	100	999	10	0.0	0.0
2026-07-10T10:09:53.465	456	952	637	1166	3003	2953	3521	3863	4045	530	26.11	1018.55	61.04	253225	AS7341	flash	5	100	999	10	0.0	0.0
2026-07-10T10:09:55.458	456	952	637	1166	3002	2952	3521	3862	4043	530	26.12	1018.59	61.05	253225	AS7341	flash	5	100	999	10	0.0	0.0
2026-07-10T10:09:57.445	456	952	637	1166	3003	2953	3521	3863	4044	530	26.12	1018.57	61.09	253810	AS7341	flash	5	100	999	10	0.0	0.0
2026-07-10T10:09:59.434	456	952	637	1166	3003	2953	3521	3863	4044	529	26.11	1018.52	61.16	252448	AS7341	flash	5	100	999	10	0.0	0.0
2026-07-10T10:10:01.423	456	952	637	1165	3001	2950	3520	3862	4042	530	26.12	1018.58	61.24	253419	AS7341	flash	5	100	999	10	0.0	0.0
2026-07-10T10:10:03.408	456	952	637	1165	3001	2951	3519	3861	4043	528	26.12	1018.57	61.31	253225	AS7341	flash	5	100	999	10	0.0	0.0
2026-07-10T10:10:05.399	456	952	637	1165	3001	2950	3519	3861	4042	530	26.12	1018.56	61.37	252448	AS7341	flash	5	100	999	10	0.0	0.0
2026-07-10T10:10:07.388	456	952	637	1165	3000	2950	3519	3860	4041	529	26.12	1018.57	61.42	252062	AS7341	flash	5	100	999	10	0.0	0.0
2026-07-10T10:10:09.375	456	952	637	1165	3001	2950	3519	3861	4042	528	26.12	1018.6	61.42	251677	AS7341	flash	5	100	999	10	0.0	0.0
2026-07-10T10:10:11.462	456	952	637	1165	3001	2951	3520	3862	4042	530	26.11	1018.57	61.43	253030	AS7341	flash	5	100	999	10	0.0	0.0
2026-07-10T10:10:13.455	456	953	637	1165	3001	2951	3520	3862	4043	530	26.12	1018.54	61.41	251292	AS7341	flash	5	100	999	10	0.0	0.0
2026-07-10T10:10:15.442	456	952	637	1165	3001	2950	3519	3861	4042	529	26.12	1018.56	61.41	252836	AS7341	flash	5	100	999	10	0.0	0.0
2026-07-10T10:10:17.443	456	953	637	1165	3001	2950	3519	3862	4042	530	26.12	1018.53	61.43	253225	AS7341	flash	5	100	999	10	0.0	0.0
2026-07-10T10:10:19.433	456	952	637	1165	3000	2950	3519	3861	4041	529	26.12	1018.56	61.44	251677	AS7341	flash	5	100	999	10	0.0	0.0
2026-07-10T10:10:21.421	456	952	637	1165	3000	2950	3519	3861	4041	530	26.13	1018.6	61.47	253225	AS7341	flash	5	100	999	10	0.0	0.0
2026-07-10T10:10:23.413	456	952	637	1165	3000	2950	3519	3861	4041	528	26.13	1018.56	61.48	251484	AS7341	flash	5	100	999	10	0.0	0.0
2026-07-10T10:10:25.411	456	952	637	1165	3000	2950	3519	3861	4041	530	26.13	1018.55	61.44	254006	AS7341	flash	5	100	999	10	0.0	0.0
2026-07-10T10:10:27.403	456	952	637	1165	2999	2949	3518	3859	4040	529	26.12	1018.56	61.38	252836	AS7341	flash	5	100	999	10	0.0	0.0
2026-07-10T10:10:29.399	456	952	637	1164	2999	2949	3517	3860	4040	529	26.13	1018.57	61.34	252255	AS7341	flash	5	100	999	10	0.0	0.0
2026-07-10T10:10:31.391	456	953	637	1165	3000	2950	3519	3861	4041	529	26.13	1018.55	61.33	252062	AS7341	flash	5	100	999	10	0.0	0.0
2026-07-10T10:10:33.477	456	952	637	1165	3000	2949	3518	3861	4041	528	26.12	1018.57	61.4	251101	AS7341	flash	5	100	999	10	0.0	0.0
2026-07-10T10:10:35.463	456	952	637	1165	2999	2949	3518	3861	4041	528	26.13	1018.55	61.45	252062	AS7341	flash	5	100	999	10	0.0	0.0
2026-07-10T10:10:37.453	456	952	637	1165	2999	2949	3518	3861	4041	530	26.13	1018.54	61.48	252062	AS7341	flash	5	100	999	10	0.0	0.0
2026-07-10T10:10:39.438	456	953	637	1165	2999	2949	3517	3861	4040	528	26.13	1018.57	61.51	251869	AS7341	flash	5	100	999	10	0.0	0.0
2026-07-10T10:10:41.423	456	953	637	1165	2999	2949	3518	3861	4041	528	26.13	1018.55	61.51	252448	AS7341	flash	5	100	999	10	0.0	0.0
2026-07-10T10:10:43.414	456	952	637	1165	2999	2949	3518	3861	4041	529	26.14	1018.55	61.46	252642	AS7341	flash	5	100	999	10	0.0	0.0
2026-07-10T10:10:45.398	456	953	637	1165	3000	2950	3519	3862	4041	530	26.14	1018.59	61.44	252642	AS7341	flash	5	100	999	10	0.0	0.0
2026-07-10T10:10:47.391	456	952	637	1165	2999	2949	3518	3861	4041	529	26.13	1018.55	61.45	252255	AS7341	flash	5	100	999	10	0.0	0.0
2026-07-10T10:10:49.484	456	953	637	1165	2999	2949	3518	3860	4040	529	26.13	1018.55	61.49	251484	AS7341	flash	5	100	999	10	0.0	0.0
2026-07-10T10:10:51.472	456	952	637	1164	2999	2949	3518	3861	4040	529	26.14	1018.59	61.51	251677	AS7341	flash	5	100	999	10	0.0	0.0
2026-07-10T10:10:53.458	456	953	637	1165	2999	2948	3517	3860	4040	528	26.13	1018.56	61.5	252836	AS7341	flash	5	100	999	10	0.0	0.0
2026-07-10T10:10:55.451	456	953	637	1165	2999	2949	3518	3861	4041	530	26.14	1018.59	61.47	252062	AS7341	flash	5	100	999	10	0.0	0.0
2026-07-10T10:10:57.444	456	953	637	1164	2998	2948	3517	3860	4039	529	26.14	1018.57	61.48	252255	AS7341	flash	5	100	999	10	0.0	0.0
2026-07-10T10:10:59.432	456	953	637	1165	2999	2949	3518	3861	4041	529	26.14	1018.57	61.49	252062	AS7341	flash	5	100	999	10	0.0	0.0
2026-07-10T10:11:01.429	456	953	637	1165	2999	2949	3518	3862	4041	529	26.14	1018.56	61.55	250910	AS7341	flash	5	100	999	10	0.0	0.0
2026-07-10T10:11:03.411	456	953	637	1165	2998	2948	3517	3861	4040	528	26.14	1018.62	61.61	252255	AS7341	flash	5	100	999	10	0.0	0.0
2026-07-10T10:11:05.393	456	953	637	1164	2998	2947	3517	3860	4039	528	26.14	1018.56	61.67	252062	AS7341	flash	5	100	999	10	0.0	0.0
2026-07-10T10:11:07.387	456	953	637	1164	2998	2948	3516	3859	4039	529	26.14	1018.57	61.74	251292	AS7341	flash	5	100	999	10	0.0	0.0
2026-07-10T10:11:09.473	456	953	637	1164	2998	2948	3517	3861	4039	529	26.12	1018.57	61.79	249768	AS7341	flash	5	100	999	10	0.0	0.0
2026-07-10T10:11:11.457	456	953	637	1164	2997	2945	3515	3858	4038	528	26.14	1018.62	61.8	250910	AS7341	flash	5	100	999	10	0.0	0.0
2026-07-10T10:11:13.453	456	953	637	1164	2998	2948	3517	3861	4040	528	26.13	1018.57	61.74	251869	AS7341	flash	5	100	999	10	0.0	0.0
2026-07-10T10:11:15.447	456	953	637	1164	2998	2948	3517	3860	4039	529	26.13	1018.55	61.69	251484	AS7341	flash	5	100	999	10	0.0	0.0
2026-07-10T10:11:17.434	456	953	637	1164	2997	2947	3515	3859	4038	528	26.13	1018.57	61.69	251677	AS7341	flash	5	100	999	10	0.0	0.0
2026-07-10T10:11:19.431	456	953	637	1164	2996	2946	3515	3859	4038	529	26.13	1018.58	61.69	251101	AS7341	flash	5	100	999	10	0.0	0.0
2026-07-10T10:11:21.413	456	953	637	1164	2997	2946	3515	3859	4038	529	26.14	1018.59	61.65	252062	AS7341	flash	5	100	999	10	0.0	0.0
2026-07-10T10:11:23.404	456	953	637	1164	2997	2947	3516	3860	4039	529	26.14	1018.56	61.64	252255	AS7341	flash	5	100	999	10	0.0	0.0
2026-07-10T10:11:25.392	456	953	637	1164	2997	2945	3515	3859	4038	528	26.13	1018.57	61.58	252448	AS7341	flash	5	100	999	10	0.0	0.0
2026-07-10T10:11:27.390	456	953	637	1164	2997	2947	3516	3860	4039	529	26.13	1018.56	61.5	252448	AS7341	flash	5	100	999	10	0.0	0.0
2026-07-10T10:11:29.476	456	953	637	1164	2998	2948	3517	3860	4040	529	26.12	1018.57	61.52	251484	AS7341	flash	5	100	999	10	0.0	0.0
2026-07-10T10:11:31.463	456	953	637	1164	2997	2946	3516	3859	4038	529	26.13	1018.53	61.6	251101	AS7341	flash	5	100	999	10	0.0	0.0
2026-07-10T10:11:33.453	456	953	637	1164	2998	2947	3517	3861	4039	528	26.13	1018.55	61.71	251869	AS7341	flash	5	100	999	10	0.0	0.0
2026-07-10T10:11:35.437	456	953	637	1164	2996	2944	3515	3859	4037	529	26.13	1018.58	61.76	250719	AS7341	flash	5	100	999	10	0.0	0.0
2026-07-10T10:11:37.426	456	953	637	1164	2996	2946	3515	3859	4038	529	26.14	1018.59	61.71	251484	AS7341	flash	5	100	999	10	0.0	0.0
2026-07-10T10:11:39.419	456	953	637	1164	2997	2947	3516	3860	4039	529	26.13	1018.58	61.7	253419	AS7341	flash	5	100	999	10	0.0	0.0
2026-07-10T10:11:41.414	456	953	637	1164	2996	2946	3515	3859	4037	529	26.13	1018.58	61.67	252255	AS7341	flash	5	100	999	10	0.0	0.0
2026-07-10T10:11:43.406	456	953	637	1164	2996	2946	3515	3859	4037	528	26.13	1018.59	61.62	252062	AS7341	flash	5	100	999	10	0.0	0.0
2026-07-10T10:11:45.393	456	953	637	1164	2997	2945	3516	3859	4038	529	26.13	1018.59	61.59	252062	AS7341	flash	5	100	999	10	0.0	0.0
2026-07-10T10:11:47.486	456	953	637	1164	2996	2946	3515	3859	4038	529	26.13	1018.62	61.6	252255	AS7341	flash	5	100	999	10	0.0	0.0
2026-07-10T10:11:49.483	456	953	637	1164	2996	2946	3515	3860	4038	529	26.14	1018.61	61.5	253615	AS7341	flash	5	100	999	10	0.0	0.0
2026-07-10T10:11:51.473	456	953	637	1164	2997	2946	3516	3860	4038	528	26.14	1018.58	61.38	252836	AS7341	flash	5	100	999	10	0.0	0.0
2026-07-10T10:11:53.466	456	953	637	1164	2997	2947	3516	3860	4039	529	26.13	1018.59	61.31	253225	AS7341	flash	5	100	999	10	0.0	0.0
2026-07-10T10:11:55.454	456	953	637	1163	2995	2945	3513	3858	4036	529	26.13	1018.57	61.3	254792	AS7341	flash	5	100	999	10	0.0	0.0
2026-07-10T10:11:57.443	456	953	637	1164	2995	2945	3514	3859	4037	529	26.13	1018.62	61.36	253225	AS7341	flash	5	100	999	10	0.0	0.0
2026-07-10T10:11:59.421	456	953	637	1163	2995	2945	3514	3858	4036	529	26.14	1018.58	61.48	253030	AS7341	flash	5	100	999	10	0.0	0.0
2026-07-10T10:12:01.406	456	953	637	1163	2995	2944	3513	3858	4036	529	26.13	1018.57	61.56	253030	AS7341	flash	5	100	999	10	0.0	0.0
2026-07-10T10:12:03.400	456	953	637	1164	2995	2945	3514	3859	4037	529	26.13	1018.59	61.64	252642	AS7341	flash	5	100	999	10	0.0	0.0
2026-07-10T10:12:05.391	456	953	637	1163	2994	2945	3515	3859	4037	529	26.14	1018.58	61.71	252642	AS7341	flash	5	100	999	10	0.0	0.0
2026-07-10T10:12:07.389	456	953	637	1164	2995	2945	3514	3857	4036	529	26.13	1018.59	61.73	251869	AS7341	flash	5	100	999	10	0.0	0.0
2026-07-10T10:12:09.388	456	953	637	1163	2995	2945	3514	3859	4037	529	26.14	1018.59	61.74	251292	AS7341	flash	5	100	999	10	0.0	0.0
2026-07-10T10:12:11.380	456	953	637	1164	2995	2945	3514	3859	4037	528	26.13	1018.59	61.73	252255	AS7341	flash	5	100	999	10	0.0	0.0
2026-07-10T10:12:13.471	456	953	637	1163	2996	2945	3515	3860	4037	528	26.13	1018.59	61.76	252062	AS7341	flash	5	100	999	10	0.0	0.0
2026-07-10T10:12:15.458	456	953	637	1163	2995	2944	3514	3859	4036	528	26.13	1018.56	61.77	252062	AS7341	flash	5	100	999	10	0.0	0.0
2026-07-10T10:12:17.439	456	953	637	1164	2995	2944	3514	3858	4036	529	26.14	1018.61	61.77	250337	AS7341	flash	5	100	999	10	0.0	0.0
2026-07-10T10:12:19.426	456	953	637	1163	2995	2943	3514	3858	4036	529	26.14	1018.58	61.81	252062	AS7341	flash	5	100	999	10	0.0	0.0
2026-07-10T10:12:21.413	456	953	637	1163	2995	2945	3514	3859	4037	529	26.14	1018.61	61.87	252062	AS7341	flash	5	100	999	10	0.0	0.0
2026-07-10T10:12:23.404	456	953	637	1163	2995	2944	3513	3858	4036	528	26.14	1018.58	61.9	251869	AS7341	flash	5	100	999	10	0.0	0.0
2026-07-10T10:12:25.407	456	953	637	1163	2995	2944	3513	3857	4036	529	26.14	1018.6	61.91	251484	AS7341	flash	5	100	999	10	0.0	0.0
2026-07-10T10:12:27.392	456	953	637	1163	2995	2944	3514	3858	4036	528	26.14	1018.55	61.88	252448	AS7341	flash	5	100	999	10	0.0	0.0
2026-07-10T10:12:29.381	456	953	637	1163	2994	2944	3513	3858	4036	529	26.14	1018.59	61.88	250528	AS7341	flash	5	100	999	10	0.0	0.0
2026-07-10T10:12:31.474	456	954	637	1163	2996	2946	3515	3859	4037	529	26.14	1018.59	61.87	251292	AS7341	flash	5	100	999	10	0.0	0.0
2026-07-10T10:12:33.468	456	954	637	1164	2995	2945	3515	3860	4038	528	26.14	1018.54	61.87	251292	AS7341	flash	5	100	999	10	0.0	0.0
2026-07-10T10:12:35.457	456	954	637	1163	2994	2944	3513	3858	4036	529	26.15	1018.58	61.83	251677	AS7341	flash	5	100	999	10	0.0	0.0
2026-07-10T10:12:37.450	456	954	637	1163	2995	2945	3514	3858	4036	529	26.15	1018.58	61.82	251677	AS7341	flash	5	100	999	10	0.0	0.0
2026-07-10T10:12:39.440	456	954	637	1163	2994	2944	3513	3858	4035	528	26.15	1018.61	61.81	252448	AS7341	flash	5	100	999	10	0.0	0.0
2026-07-10T10:12:41.431	456	954	637	1163	2994	2944	3513	3858	4036	529	26.16	1018.61	61.81	252836	AS7341	flash	5	100	999	10	0.0	0.0
2026-07-10T10:12:43.419	456	954	637	1163	2994	2944	3514	3859	4036	529	26.15	1018.59	61.81	252062	AS7341	flash	5	100	999	10	0.0	0.0
2026-07-10T10:12:45.407	456	953	637	1163	2994	2943	3513	3857	4035	529	26.15	1018.61	61.83	252062	AS7341	flash	5	100	999	10	0.0	0.0
2026-07-10T10:12:47.400	456	954	637	1163	2994	2943	3513	3858	4035	529	26.14	1018.6	61.85	251101	AS7341	flash	5	100	999	10	0.0	0.0
2026-07-10T10:12:49.383	456	954	637	1163	2994	2944	3513	3859	4036	529	26.15	1018.58	61.75	251677	AS7341	flash	5	100	999	10	0.0	0.0
2026-07-10T10:12:51.482	456	954	637	1163	2995	2944	3514	3858	4036	528	26.14	1018.61	61.71	251484	AS7341	flash	5	100	999	10	0.0	0.0
2026-07-10T10:12:53.467	456	954	637	1163	2994	2944	3513	3858	4036	529	26.14	1018.57	61.67	252448	AS7341	flash	5	100	999	10	0.0	0.0
2026-07-10T10:12:55.457	456	954	637	1163	2994	2944	3513	3859	4036	529	26.15	1018.58	61.67	252836	AS7341	flash	5	100	999	10	0.0	0.0
2026-07-10T10:12:57.447	456	954	637	1163	2994	2943	3513	3858	4035	528	26.14	1018.55	61.58	252448	AS7341	flash	5	100	999	10	0.0	0.0
2026-07-10T10:12:59.439	456	954	637	1163	2994	2943	3513	3858	4035	529	26.15	1018.56	61.55	252062	AS7341	flash	5	100	999	10	0.0	0.0
2026-07-10T10:13:01.423	456	953	637	1163	2993	2942	3512	3857	4034	529	26.15	1018.57	61.57	252836	AS7341	flash	5	100	999	10	0.0	0.0
2026-07-10T10:13:03.420	456	954	637	1163	2993	2943	3513	3858	4035	529	26.15	1018.58	61.58	252448	AS7341	flash	5	100	999	10	0.0	0.0
2026-07-10T10:13:05.413	456	954	637	1163	2994	2943	3513	3859	4035	529	26.14	1018.55	61.61	253225	AS7341	flash	5	100	999	10	0.0	0.0
2026-07-10T10:13:07.409	456	953	637	1163	2993	2943	3513	3858	4035	528	26.16	1018.59	61.62	252836	AS7341	flash	5	100	999	10	0.0	0.0
2026-07-10T10:13:09.402	456	954	637	1163	2992	2942	3511	3857	4034	528	26.15	1018.58	61.64	252062	AS7341	flash	5	100	999	10	0.0	0.0
2026-07-10T10:13:11.389	456	954	637	1163	2993	2943	3513	3858	4035	529	26.15	1018.59	61.67	251869	AS7341	flash	5	100	999	10	0.0	0.0
2026-07-10T10:13:13.385	455	954	637	1163	2993	2942	3512	3856	4034	529	26.16	1018.62	61.7	252255	AS7341	flash	5	100	999	10	0.0	0.0
2026-07-10T10:13:15.474	456	954	637	1163	2993	2943	3513	3858	4034	528	26.15	1018.56	61.71	251869	AS7341	flash	5	100	999	10	0.0	0.0
2026-07-10T10:13:17.468	456	953	637	1163	2992	2942	3512	3857	4033	529	26.16	1018.58	61.76	253030	AS7341	flash	5	100	999	10	0.0	0.0
2026-07-10T10:13:19.455	456	954	637	1163	2993	2943	3513	3858	4035	528	26.15	1018.58	61.83	252062	AS7341	flash	5	100	999	10	0.0	0.0
2026-07-10T10:13:21.443	456	954	637	1163	2992	2942	3512	3857	4034	529	26.16	1018.6	61.79	252255	AS7341	flash	5	100	999	10	0.0	0.0
2026-07-10T10:13:23.447	456	954	637	1163	2993	2942	3512	3858	4034	528	26.15	1018.6	61.7	252448	AS7341	flash	5	100	999	10	0.0	0.0
2026-07-10T10:13:25.429	456	954	637	1163	2993	2943	3513	3857	4035	529	26.15	1018.58	61.64	251869	AS7341	flash	5	100	999	10	0.0	0.0
2026-07-10T10:13:27.417	455	954	637	1162	2993	2942	3512	3857	4034	528	26.15	1018.59	61.61	253419	AS7341	flash	5	100	999	10	0.0	0.0
2026-07-10T10:13:29.411	456	954	637	1163	2991	2942	3512	3858	4034	528	26.16	1018.59	61.62	252062	AS7341	flash	5	100	999	10	0.0	0.0
2026-07-10T10:13:31.411	456	954	637	1163	2993	2943	3513	3859	4035	529	26.15	1018.61	61.61	252836	AS7341	flash	5	100	999	10	0.0	0.0
2026-07-10T10:13:33.403	456	954	637	1163	2993	2942	3512	3857	4034	528	26.15	1018.59	61.54	254792	AS7341	flash	5	100	999	10	0.0	0.0
2026-07-10T10:13:35.398	456	954	637	1163	2993	2942	3513	3859	4035	529	26.15	1018.58	61.48	253615	AS7341	flash	5	100	999	10	0.0	0.0
2026-07-10T10:13:37.384	456	954	637	1163	2992	2941	3511	3857	4033	529	26.15	1018.61	61.47	254006	AS7341	flash	5	100	999	10	0.0	0.0
2026-07-10T10:13:39.474	456	954	637	1163	2992	2941	3512	3858	4034	529	26.14	1018.61	61.49	253615	AS7341	flash	5	100	999	10	0.0	0.0
2026-07-10T10:13:41.463	456	954	637	1162	2992	2941	3511	3857	4033	528	26.15	1018.63	61.49	253225	AS7341	flash	5	100	999	10	0.0	0.0
2026-07-10T10:13:43.450	456	954	637	1163	2992	2941	3511	3857	4034	529	26.15	1018.56	61.53	252448	AS7341	flash	5	100	999	10	0.0	0.0
2026-07-10T10:13:45.441	455	954	637	1162	2992	2941	3511	3858	4034	528	26.15	1018.59	61.6	253615	AS7341	flash	5	100	999	10	0.0	0.0
2026-07-10T10:13:47.427	455	954	637	1162	2992	2941	3511	3857	4033	529	26.15	1018.61	61.64	253225	AS7341	flash	5	100	999	10	0.0	0.0
2026-07-10T10:13:49.409	456	954	637	1162	2991	2941	3511	3857	4033	529	26.15	1018.6	61.68	252836	AS7341	flash	5	100	999	10	0.0	0.0
2026-07-10T10:13:51.398	456	954	637	1162	2992	2941	3511	3857	4033	529	26.14	1018.56	61.7	253810	AS7341	flash	5	100	999	10	0.0	0.0
2026-07-10T10:13:53.384	456	954	637	1162	2993	2942	3512	3859	4035	528	26.15	1018.6	61.71	253810	AS7341	flash	5	100	999	10	0.0	0.0
2026-07-10T10:13:55.478	456	954	637	1162	2991	2941	3511	3857	4033	529	26.14	1018.58	61.75	252255	AS7341	flash	5	100	999	10	0.0	0.0
2026-07-10T10:13:57.471	456	954	637	1162	2991	2941	3511	3857	4033	529	26.14	1018.61	61.79	252448	AS7341	flash	5	100	999	10	0.0	0.0
2026-07-10T10:13:59.461	456	954	637	1162	2991	2941	3511	3857	4032	529	26.15	1018.59	61.81	252448	AS7341	flash	5	100	999	10	0.0	0.0
2026-07-10T10:14:01.449	456	954	637	1162	2991	2941	3511	3857	4033	528	26.16	1018.63	61.75	253225	AS7341	flash	5	100	999	10	0.0	0.0
2026-07-10T10:14:03.438	455	954	637	1162	2991	2940	3510	3857	4032	529	26.16	1018.6	61.68	253030	AS7341	flash	5	100	999	10	0.0	0.0
2026-07-10T10:14:05.426	456	954	637	1162	2992	2941	3511	3858	4033	529	26.16	1018.61	61.72	252062	AS7341	flash	5	100	999	10	0.0	0.0
2026-07-10T10:14:07.410	455	954	637	1162	2990	2940	3510	3856	4031	528	26.16	1018.6	61.74	252836	AS7341	flash	5	100	999	10	0.0	0.0
2026-07-10T10:14:09.399	456	954	637	1162	2991	2941	3511	3857	4033	529	26.16	1018.6	61.75	252836	AS7341	flash	5	100	999	10	0.0	0.0
2026-07-10T10:14:11.392	456	954	637	1162	2991	2940	3510	3857	4033	529	26.16	1018.61	61.76	252255	AS7341	flash	5	100	999	10	0.0	0.0
2026-07-10T10:14:13.379	455	954	637	1162	2992	2941	3511	3858	4033	529	26.16	1018.61	61.77	252836	AS7341	flash	5	100	999	10	0.0	0.0
2026-07-10T10:14:15.477	456	954	637	1162	2991	2941	3510	3857	4033	528	26.14	1018.58	61.79	251677	AS7341	flash	5	100	999	10	0.0	0.0
2026-07-10T10:14:17.461	455	954	637	1162	2991	2940	3511	3857	4032	529	26.14	1018.6	61.8	251101	AS7341	flash	5	100	999	10	0.0	0.0
2026-07-10T10:14:19.449	456	954	637	1162	2990	2940	3510	3855	4032	529	26.16	1018.62	61.85	252836	AS7341	flash	5	100	999	10	0.0	0.0
2026-07-10T10:14:21.444	456	954	637	1162	2990	2940	3510	3856	4032	529	26.16	1018.6	61.89	251292	AS7341	flash	5	100	999	10	0.0	0.0
2026-07-10T10:14:23.426	456	954	637	1162	2992	2941	3511	3858	4034	528	26.16	1018.61	61.92	253030	AS7341	flash	5	100	999	10	0.0	0.0
2026-07-10T10:14:25.426	455	954	637	1162	2991	2940	3510	3857	4032	529	26.16	1018.6	61.95	251484	AS7341	flash	5	100	999	10	0.0	0.0
2026-07-10T10:14:27.412	455	954	637	1162	2990	2940	3510	3856	4032	528	26.16	1018.61	61.98	252062	AS7341	flash	5	100	999	10	0.0	0.0
2026-07-10T10:14:29.400	455	954	637	1162	2990	2938	3509	3856	4031	528	26.16	1018.58	62.01	251484	AS7341	flash	5	100	999	10	0.0	0.0
2026-07-10T10:14:31.384	455	954	637	1162	2990	2940	3509	3856	4032	528	26.16	1018.62	62.0	252255	AS7341	flash	5	100	999	10	0.0	0.0
2026-07-10T10:14:33.477	456	955	637	1162	2991	2940	3511	3857	4033	529	26.15	1018.61	61.98	251101	AS7341	flash	5	100	999	10	0.0	0.0
2026-07-10T10:14:35.471	456	954	637	1162	2990	2940	3510	3857	4032	528	26.16	1018.59	61.98	252448	AS7341	flash	5	100	999	10	0.0	0.0
2026-07-10T10:14:37.452	456	954	637	1162	2991	2940	3510	3857	4032	528	26.16	1018.58	61.91	251869	AS7341	flash	5	100	999	10	0.0	0.0
2026-07-10T10:14:39.437	456	954	637	1162	2990	2939	3509	3856	4031	528	26.16	1018.62	61.85	250528	AS7341	flash	5	100	999	10	0.0	0.0
2026-07-10T10:14:41.423	456	954	637	1162	2990	2939	3510	3856	4032	529	26.17	1018.61	61.8	251677	AS7341	flash	5	100	999	10	0.0	0.0
2026-07-10T10:14:43.416	455	954	637	1162	2990	2939	3509	3856	4031	528	26.17	1018.6	61.81	253225	AS7341	flash	5	100	999	10	0.0	0.0
2026-07-10T10:14:45.409	456	954	637	1162	2990	2939	3510	3856	4032	528	26.17	1018.6	61.84	253615	AS7341	flash	5	100	999	10	0.0	0.0
2026-07-10T10:14:47.392	455	954	637	1161	2989	2938	3508	3854	4030	528	26.16	1018.62	61.87	253225	AS7341	flash	5	100	999	10	0.0	0.0
2026-07-10T10:14:49.386	455	954	637	1162	2989	2938	3509	3855	4030	529	26.17	1018.61	61.82	253419	AS7341	flash	5	100	999	10	0.0	0.0
2026-07-10T10:14:51.484	456	955	637	1162	2990	2940	3510	3857	4032	528	26.16	1018.59	61.76	252448	AS7341	flash	5	100	999	10	0.0	0.0
2026-07-10T10:14:53.476	456	954	637	1162	2989	2939	3509	3856	4031	528	26.16	1018.58	61.71	252062	AS7341	flash	5	100	999	10	0.0	0.0
2026-07-10T10:14:55.465	456	954	637	1162	2990	2940	3510	3856	4032	529	26.17	1018.62	61.64	253419	AS7341	flash	5	100	999	10	0.0	0.0
2026-07-10T10:14:57.450	455	954	637	1161	2989	2939	3509	3856	4031	529	26.17	1018.63	61.62	253225	AS7341	flash	5	100	999	10	0.0	0.0
2026-07-10T10:14:59.437	456	954	637	1162	2989	2939	3509	3856	4031	528	26.17	1018.65	61.63	253615	AS7341	flash	5	100	999	10	0.0	0.0
2026-07-10T10:15:01.421	455	954	637	1161	2989	2938	3509	3856	4030	528	26.17	1018.61	61.6	253810	AS7341	flash	5	100	999	10	0.0	0.0
2026-07-10T10:15:03.412	455	954	637	1161	2989	2938	3508	3855	4030	527	26.16	1018.6	61.5	255187	AS7341	flash	5	100	999	10	0.0	0.0
2026-07-10T10:15:05.406	455	954	637	1162	2989	2939	3509	3856	4031	529	26.17	1018.63	61.42	255980	AS7341	flash	5	100	999	10	0.0	0.0
2026-07-10T10:15:07.394	456	954	637	1162	2990	2939	3510	3857	4032	529	26.16	1018.6	61.39	254792	AS7341	flash	5	100	999	10	0.0	0.0
2026-07-10T10:15:09.481	456	954	637	1162	2989	2938	3509	3856	4030	529	26.16	1018.63	61.45	252836	AS7341	flash	5	100	999	10	0.0	0.0
2026-07-10T10:15:11.464	456	954	637	1162	2989	2938	3509	3856	4030	529	26.16	1018.59	61.52	254792	AS7341	flash	5	100	999	10	0.0	0.0
2026-07-10T10:15:13.453	455	954	637	1161	2989	2938	3509	3855	4031	527	26.16	1018.62	61.57	252836	AS7341	flash	5	100	999	10	0.0	0.0
2026-07-10T10:15:15.444	455	954	637	1161	2989	2938	3509	3856	4030	529	26.16	1018.6	61.59	254202	AS7341	flash	5	100	999	10	0.0	0.0
2026-07-10T10:15:17.438	456	954	637	1162	2989	2938	3509	3856	4030	528	26.16	1018.58	61.63	254398	AS7341	flash	5	100	999	10	0.0	0.0
2026-07-10T10:15:19.424	455	954	637	1161	2989	2938	3509	3856	4031	528	26.17	1018.62	61.68	254006	AS7341	flash	5	100	999	10	0.0	0.0
2026-07-10T10:15:21.410	456	955	637	1162	2990	2939	3510	3857	4032	529	26.16	1018.59	61.72	253615	AS7341	flash	5	100	999	10	0.0	0.0
2026-07-10T10:15:23.401	456	955	638	1162	2989	2939	3509	3856	4031	529	26.16	1018.62	61.74	254398	AS7341	flash	5	100	999	10	0.0	0.0
2026-07-10T10:15:25.388	456	955	637	1162	2989	2938	3509	3856	4030	529	26.16	1018.63	61.74	252836	AS7341	flash	5	100	999	10	0.0	0.0
2026-07-10T10:15:27.482	456	954	637	1162	2988	2938	3509	3856	4031	529	26.15	1018.59	61.73	252448	AS7341	flash	5	100	999	10	0.0	0.0
2026-07-10T10:15:29.465	456	955	637	1162	2989	2939	3509	3857	4031	529	26.16	1018.62	61.72	254398	AS7341	flash	5	100	999	10	0.0	0.0
2026-07-10T10:15:31.459	455	955	637	1162	2988	2938	3508	3856	4030	528	26.16	1018.61	61.74	254006	AS7341	flash	5	100	999	10	0.0	0.0
2026-07-10T10:15:33.442	455	954	637	1162	2989	2938	3509	3856	4030	528	26.16	1018.6	61.75	253810	AS7341	flash	5	100	999	10	0.0	0.0
2026-07-10T10:15:35.431	455	954	637	1161	2989	2939	3510	3857	4031	528	26.16	1018.62	61.78	254792	AS7341	flash	5	100	999	10	0.0	0.0
2026-07-10T10:15:37.421	455	954	637	1161	2988	2938	3508	3856	4030	529	26.16	1018.6	61.74	254398	AS7341	flash	5	100	999	10	0.0	0.0
2026-07-10T10:15:39.424	456	955	637	1162	2989	2939	3509	3857	4031	529	26.17	1018.62	61.7	253810	AS7341	flash	5	100	999	10	0.0	0.0
2026-07-10T10:15:41.413	455	955	637	1162	2989	2938	3508	3856	4030	529	26.16	1018.61	61.72	253030	AS7341	flash	5	100	999	10	0.0	0.0
2026-07-10T10:15:43.405	455	954	637	1161	2989	2938	3508	3856	4030	529	26.17	1018.62	61.74	253615	AS7341	flash	5	100	999	10	0.0	0.0
2026-07-10T10:15:45.398	456	955	637	1162	2989	2938	3509	3856	4030	528	26.16	1018.61	61.79	252836	AS7341	flash	5	100	999	10	0.0	0.0
2026-07-10T10:15:47.391	456	955	637	1161	2989	2938	3509	3857	4031	529	26.17	1018.61	61.81	253810	AS7341	flash	5	100	999	10	0.0	0.0
2026-07-10T10:15:49.483	456	955	637	1162	2989	2937	3509	3855	4030	528	26.16	1018.63	61.74	254006	AS7341	flash	5	100	999	10	0.0	0.0
2026-07-10T10:15:51.473	456	955	637	1162	2990	2938	3510	3857	4032	528	26.17	1018.62	61.68	254398	AS7341	flash	5	100	999	10	0.0	0.0
2026-07-10T10:15:53.459	456	955	637	1161	2989	2938	3508	3856	4030	529	26.16	1018.6	61.68	254398	AS7341	flash	5	100	999	10	0.0	0.0
2026-07-10T10:15:55.451	456	955	637	1161	2988	2938	3509	3856	4030	529	26.16	1018.6	61.76	254202	AS7341	flash	5	100	999	10	0.0	0.0
2026-07-10T10:15:57.435	456	955	637	1162	2988	2937	3508	3856	4030	528	26.16	1018.63	61.81	253225	AS7341	flash	5	100	999	10	0.0	0.0
2026-07-10T10:15:59.421	455	955	637	1161	2988	2937	3508	3856	4030	528	26.17	1018.61	61.91	254398	AS7341	flash	5	100	999	10	0.0	0.0
2026-07-10T10:16:01.404	456	955	638	1162	2989	2938	3509	3856	4030	528	26.17	1018.61	61.97	253225	AS7341	flash	5	100	999	10	0.0	0.0
2026-07-10T10:16:03.390	456	955	637	1162	2988	2937	3508	3855	4029	528	26.18	1018.65	62.07	253225	AS7341	flash	5	100	999	10	0.0	0.0
2026-07-10T10:16:05.483	456	955	637	1162	2989	2938	3509	3856	4031	529	26.16	1018.6	62.11	252642	AS7341	flash	5	100	999	10	0.0	0.0
2026-07-10T10:16:07.476	456	955	638	1162	2988	2938	3508	3855	4030	529	26.17	1018.61	62.13	253225	AS7341	flash	5	100	999	10	0.0	0.0
2026-07-10T10:16:09.460	456	955	638	1161	2988	2938	3508	3856	4030	529	26.17	1018.63	62.13	252448	AS7341	flash	5	100	999	10	0.0	0.0
2026-07-10T10:16:11.451	456	955	638	1161	2988	2938	3508	3856	4030	529	26.17	1018.6	62.12	253225	AS7341	flash	5	100	999	10	0.0	0.0
2026-07-10T10:16:13.433	456	955	638	1161	2988	2937	3508	3856	4030	529	26.17	1018.58	62.13	251484	AS7341	flash	5	100	999	10	0.0	0.0
2026-07-10T10:16:15.432	455	955	638	1161	2987	2936	3507	3854	4029	528	26.18	1018.64	62.1	252836	AS7341	flash	5	100	999	10	0.0	0.0
2026-07-10T10:16:17.411	456	955	638	1162	2988	2937	3508	3855	4030	529	26.17	1018.61	62.1	252642	AS7341	flash	5	100	999	10	0.0	0.0
2026-07-10T10:16:19.405	456	955	637	1161	2988	2938	3508	3856	4030	529	26.17	1018.61	62.08	252836	AS7341	flash	5	100	999	10	0.0	0.0
2026-07-10T10:16:21.386	456	955	638	1161	2988	2938	3508	3856	4030	528	26.18	1018.61	62.02	254006	AS7341	flash	5	100	999	10	0.0	0.0
2026-07-10T10:16:23.473	456	955	637	1162	2988	2938	3508	3855	4030	529	26.16	1018.57	61.91	253615	AS7341	flash	5	100	999	10	0.0	0.0
2026-07-10T10:16:25.461	456	955	638	1161	2989	2938	3509	3856	4031	528	26.17	1018.57	61.8	253225	AS7341	flash	5	100	999	10	0.0	0.0
2026-07-10T10:16:27.457	456	955	637	1161	2988	2937	3508	3855	4029	529	26.17	1018.59	61.76	253419	AS7341	flash	5	100	999	10	0.0	0.0
2026-07-10T10:16:29.444	455	955	637	1161	2988	2937	3507	3855	4029	528	26.18	1018.63	61.83	252448	AS7341	flash	5	100	999	10	0.0	0.0
2026-07-10T10:16:31.434	456	955	638	1161	2988	2937	3508	3855	4029	528	26.17	1018.6	61.91	253615	AS7341	flash	5	100	999	10	0.0	0.0
2026-07-10T10:16:33.423	455	955	637	1161	2987	2936	3507	3854	4029	528	26.17	1018.62	61.98	253225	AS7341	flash	5	100	999	10	0.0	0.0
2026-07-10T10:16:35.416	456	955	638	1161	2989	2938	3509	3857	4031	529	26.18	1018.62	62.04	252836	AS7341	flash	5	100	999	10	0.0	0.0
2026-07-10T10:16:37.410	456	955	637	1161	2988	2936	3508	3856	4029	528	26.17	1018.62	62.01	252836	AS7341	flash	5	100	999	10	0.0	0.0
2026-07-10T10:16:39.405	455	955	637	1161	2987	2936	3507	3854	4028	528	26.17	1018.64	61.99	255583	AS7341	flash	5	100	999	10	0.0	0.0
2026-07-10T10:16:41.384	456	955	637	1161	2987	2936	3507	3855	4029	528	26.18	1018.6	61.91	254398	AS7341	flash	5	100	999	10	0.0	0.0
2026-07-10T10:16:43.474	456	955	638	1162	2989	2938	3509	3857	4031	528	26.17	1018.57	61.89	252062	AS7341	flash	5	100	999	10	0.0	0.0
2026-07-10T10:16:45.460	455	955	638	1161	2987	2936	3507	3854	4028	527	26.17	1018.61	61.88	253615	AS7341	flash	5	100	999	10	0.0	0.0
2026-07-10T10:16:47.444	455	955	637	1161	2987	2937	3507	3854	4029	527	26.17	1018.58	61.87	253810	AS7341	flash	5	100	999	10	0.0	0.0
2026-07-10T10:16:49.439	456	955	637	1161	2987	2936	3508	3855	4028	529	26.17	1018.61	61.91	254006	AS7341	flash	5	100	999	10	0.0	0.0
2026-07-10T10:16:51.436	455	955	637	1161	2986	2936	3507	3854	4028	528	26.17	1018.59	61.94	253419	AS7341	flash	5	100	999	10	0.0	0.0
2026-07-10T10:16:53.430	455	955	637	1161	2987	2936	3507	3854	4028	528	26.17	1018.61	61.92	252836	AS7341	flash	5	100	999	10	0.0	0.0
2026-07-10T10:16:55.419	455	955	637	1161	2987	2936	3507	3855	4029	527	26.17	1018.65	61.91	254792	AS7341	flash	5	100	999	10	0.0	0.0
2026-07-10T10:16:57.402	455	955	637	1161	2987	2937	3508	3854	4029	529	26.17	1018.59	61.83	253615	AS7341	flash	5	100	999	10	0.0	0.0
2026-07-10T10:16:59.392	455	955	637	1161	2987	2936	3507	3855	4028	527	26.17	1018.66	61.74	253810	AS7341	flash	5	100	999	10	0.0	0.0
2026-07-10T10:17:01.380	455	955	637	1161	2986	2936	3507	3853	4028	528	26.17	1018.65	61.72	254792	AS7341	flash	5	100	999	10	0.0	0.0
2026-07-10T10:17:03.478	455	955	637	1161	2987	2936	3507	3855	4029	528	26.15	1018.58	61.74	254202	AS7341	flash	5	100	999	10	0.0	0.0
2026-07-10T10:17:05.468	455	955	637	1161	2987	2936	3507	3855	4028	527	26.16	1018.58	61.79	254595	AS7341	flash	5	100	999	10	0.0	0.0
2026-07-10T10:17:07.460	455	955	637	1161	2987	2936	3507	3855	4028	528	26.16	1018.58	61.81	253225	AS7341	flash	5	100	999	10	0.0	0.0
2026-07-10T10:17:09.452	456	955	637	1161	2987	2936	3507	3855	4029	528	26.16	1018.58	61.88	254792	AS7341	flash	5	100	999	10	0.0	0.0
2026-07-10T10:17:11.440	455	955	637	1161	2987	2936	3507	3855	4028	528	26.16	1018.6	61.9	254989	AS7341	flash	5	100	999	10	0.0	0.0
2026-07-10T10:17:13.433	455	955	637	1161	2987	2936	3507	3855	4028	527	26.16	1018.63	61.91	254989	AS7341	flash	5	100	999	10	0.0	0.0
2026-07-10T10:17:15.426	456	955	638	1161	2987	2936	3507	3856	4029	528	26.16	1018.62	61.91	254006	AS7341	flash	5	100	999	10	0.0	0.0
2026-07-10T10:17:17.422	455	955	637	1161	2986	2935	3507	3854	4027	528	26.16	1018.62	61.91	253225	AS7341	flash	5	100	999	10	0.0	0.0
2026-07-10T10:17:19.412	455	955	637	1160	2986	2935	3506	3854	4027	528	26.17	1018.61	61.96	254006	AS7341	flash	5	100	999	10	0.0	0.0
2026-07-10T10:17:21.402	455	955	638	1161	2987	2936	3507	3855	4028	528	26.17	1018.59	62.02	252836	AS7341	flash	5	100	999	10	0.0	0.0
2026-07-10T10:17:23.393	455	955	637	1161	2986	2935	3506	3854	4028	527	26.17	1018.62	62.05	252836	AS7341	flash	5	100	999	10	0.0	0.0
2026-07-10T10:17:25.480	456	955	638	1161	2987	2936	3507	3855	4029	527	26.17	1018.6	62.08	252062	AS7341	flash	5	100	999	10	0.0	0.0
2026-07-10T10:17:27.470	456	955	637	1161	2987	2936	3507	3855	4029	529	26.16	1018.6	62.03	254989	AS7341	flash	5	100	999	10	0.0	0.0
2026-07-10T10:17:29.466	455	955	637	1161	2987	2936	3507	3855	4028	528	26.17	1018.62	61.93	253225	AS7341	flash	5	100	999	10	0.0	0.0
2026-07-10T10:17:31.451	456	956	638	1161	2987	2937	3508	3856	4029	529	26.17	1018.61	61.88	253225	AS7341	flash	5	100	999	10	0.0	0.0
2026-07-10T10:17:33.440	456	956	638	1161	2986	2936	3507	3855	4029	528	26.17	1018.59	61.81	257179	AS7341	flash	5	100	999	10	0.0	0.0
2026-07-10T10:17:35.432	455	955	637	1161	2986	2936	3507	3855	4028	528	26.17	1018.62	61.77	254792	AS7341	flash	5	100	999	10	0.0	0.0
2026-07-10T10:17:37.432	456	955	638	1161	2987	2936	3507	3855	4029	527	26.17	1018.6	61.74	255187	AS7341	flash	5	100	999	10	0.0	0.0
2026-07-10T10:17:39.418	456	955	638	1161	2987	2936	3507	3855	4028	528	26.18	1018.61	61.77	255385	AS7341	flash	5	100	999	10	0.0	0.0
2026-07-10T10:17:41.403	455	955	637	1161	2987	2936	3507	3855	4028	528	26.18	1018.61	61.8	254989	AS7341	flash	5	100	999	10	0.0	0.0
2026-07-10T10:17:43.393	456	955	638	1161	2987	2936	3507	3855	4028	528	26.17	1018.59	61.83	254792	AS7341	flash	5	100	999	10	0.0	0.0
2026-07-10T10:17:45.384	456	955	637	1161	2987	2936	3507	3855	4029	529	26.17	1018.6	61.87	254989	AS7341	flash	5	100	999	10	0.0	0.0
2026-07-10T10:17:47.475	456	955	638	1161	2987	2936	3508	3856	4029	527	26.16	1018.62	61.89	253810	AS7341	flash	5	100	999	10	0.0	0.0
2026-07-10T10:17:49.467	455	955	637	1161	2986	2936	3506	3855	4028	527	26.17	1018.61	61.93	253225	AS7341	flash	5	100	999	10	0.0	0.0
2026-07-10T10:17:51.456	455	955	637	1161	2986	2935	3506	3854	4027	527	26.18	1018.58	61.95	253030	AS7341	flash	5	100	999	10	0.0	0.0
2026-07-10T10:17:53.452	455	955	637	1161	2986	2935	3507	3855	4028	528	26.18	1018.59	61.96	254006	AS7341	flash	5	100	999	10	0.0	0.0
2026-07-10T10:17:55.439	455	955	637	1160	2985	2935	3506	3854	4027	528	26.18	1018.59	61.96	254595	AS7341	flash	5	100	999	10	0.0	0.0
2026-07-10T10:17:57.424	455	955	637	1160	2986	2935	3506	3854	4027	528	26.18	1018.61	61.97	254202	AS7341	flash	5	100	999	10	0.0	0.0
2026-07-10T10:17:59.412	456	956	638	1161	2987	2936	3507	3855	4029	529	26.18	1018.59	61.99	254792	AS7341	flash	5	100	999	10	0.0	0.0
2026-07-10T10:18:01.412	455	956	638	1161	2986	2935	3506	3854	4027	528	26.18	1018.59	62.04	254595	AS7341	flash	5	100	999	10	0.0	0.0
2026-07-10T10:18:03.402	456	956	638	1161	2987	2936	3508	3856	4029	528	26.18	1018.58	62.09	254006	AS7341	flash	5	100	999	10	0.0	0.0
2026-07-10T10:18:05.398	456	956	638	1161	2986	2934	3506	3854	4027	528	26.18	1018.58	62.13	254006	AS7341	flash	5	100	999	10	0.0	0.0
2026-07-10T10:18:07.386	456	956	638	1161	2985	2935	3506	3854	4027	528	26.19	1018.62	62.16	254202	AS7341	flash	5	100	999	10	0.0	0.0
2026-07-10T10:18:09.485	456	956	638	1161	2987	2936	3508	3856	4029	529	26.18	1018.59	62.24	252836	AS7341	flash	5	100	999	10	0.0	0.0
2026-07-10T10:18:11.469	456	956	637	1161	2986	2935	3506	3854	4027	528	26.18	1018.61	62.31	251677	AS7341	flash	5	100	999	10	0.0	0.0
2026-07-10T10:18:13.456	456	956	638	1161	2987	2935	3507	3855	4028	528	26.19	1018.59	62.27	254006	AS7341	flash	5	100	999	10	0.0	0.0
2026-07-10T10:18:15.444	456	956	638	1161	2987	2936	3507	3855	4028	528	26.18	1018.58	62.17	252642	AS7341	flash	5	100	999	10	0.0	0.0
2026-07-10T10:18:17.429	456	956	638	1161	2986	2935	3506	3855	4028	528	26.19	1018.6	62.12	253225	AS7341	flash	5	100	999	10	0.0	0.0
2026-07-10T10:18:19.414	455	956	638	1161	2986	2935	3506	3855	4027	527	26.19	1018.59	62.11	253810	AS7341	flash	5	100	999	10	0.0	0.0
2026-07-10T10:18:21.418	456	956	638	1161	2986	2935	3506	3853	4027	528	26.18	1018.56	62.13	253225	AS7341	flash	5	100	999	10	0.0	0.0
2026-07-10T10:18:23.405	456	956	638	1160	2987	2936	3507	3856	4028	529	26.18	1018.57	62.17	252836	AS7341	flash	5	100	999	10	0.0	0.0
2026-07-10T10:18:25.395	456	956	638	1161	2986	2936	3507	3855	4028	528	26.19	1018.58	62.19	252448	AS7341	flash	5	100	999	10	0.0	0.0
2026-07-10T10:18:27.385	456	956	638	1161	2986	2936	3507	3855	4028	528	26.19	1018.58	62.25	253615	AS7341	flash	5	100	999	10	0.0	0.0
2026-07-10T10:18:29.471	456	956	638	1161	2987	2935	3507	3855	4028	527	26.18	1018.56	62.25	253419	AS7341	flash	5	100	999	10	0.0	0.0
2026-07-10T10:18:31.467	456	956	638	1161	2986	2935	3507	3855	4028	527	26.19	1018.6	62.22	253615	AS7341	flash	5	100	999	10	0.0	0.0
2026-07-10T10:18:33.463	456	956	638	1161	2986	2936	3507	3854	4028	528	26.19	1018.58	62.12	254792	AS7341	flash	5	100	999	10	0.0	0.0
2026-07-10T10:18:35.453	456	956	638	1161	2986	2935	3507	3855	4028	527	26.19	1018.58	61.96	254398	AS7341	flash	5	100	999	10	0.0	0.0
2026-07-10T10:18:37.445	456	956	638	1161	2986	2936	3507	3855	4028	528	26.19	1018.6	61.9	255583	AS7341	flash	5	100	999	10	0.0	0.0
2026-07-10T10:18:39.428	455	956	638	1161	2985	2935	3506	3854	4027	528	26.19	1018.58	61.92	254792	AS7341	flash	5	100	999	10	0.0	0.0
2026-07-10T10:18:41.430	456	956	638	1161	2986	2935	3506	3854	4027	528	26.18	1018.6	61.91	254792	AS7341	flash	5	100	999	10	0.0	0.0
2026-07-10T10:18:43.414	456	956	638	1161	2986	2935	3507	3855	4028	527	26.18	1018.56	61.96	253810	AS7341	flash	5	100	999	10	0.0	0.0
2026-07-10T10:18:45.399	456	956	638	1161	2986	2935	3507	3855	4028	527	26.18	1018.6	61.96	254792	AS7341	flash	5	100	999	10	0.0	0.0
2026-07-10T10:18:47.382	456	956	638	1161	2986	2935	3507	3854	4028	527	26.18	1018.57	61.93	255583	AS7341	flash	5	100	999	10	0.0	0.0
2026-07-10T10:18:49.479	456	956	638	1161	2986	2935	3506	3855	4027	527	26.17	1018.59	61.86	254398	AS7341	flash	5	100	999	10	0.0	0.0
2026-07-10T10:18:51.463	455	956	638	1160	2986	2936	3507	3855	4028	528	26.17	1018.56	61.81	255980	AS7341	flash	5	100	999	10	0.0	0.0
2026-07-10T10:18:53.452	456	956	638	1161	2986	2935	3506	3855	4027	528	26.18	1018.6	61.83	254202	AS7341	flash	5	100	999	10	0.0	0.0
2026-07-10T10:18:55.439	456	956	638	1161	2986	2935	3506	3855	4027	527	26.18	1018.58	61.86	254398	AS7341	flash	5	100	999	10	0.0	0.0
2026-07-10T10:18:57.428	456	956	638	1161	2985	2935	3506	3854	4027	527	26.18	1018.57	61.93	256379	AS7341	flash	5	100	999	10	0.0	0.0
2026-07-10T10:18:59.424	456	956	638	1161	2986	2934	3507	3855	4028	527	26.18	1018.59	62.02	254398	AS7341	flash	5	100	999	10	0.0	0.0
2026-07-10T10:19:01.420	456	956	638	1160	2985	2934	3506	3854	4027	528	26.19	1018.61	62.11	254398	AS7341	flash	5	100	999	10	0.0	0.0
2026-07-10T10:19:03.411	456	956	638	1160	2986	2935	3507	3855	4028	527	26.18	1018.58	62.19	253030	AS7341	flash	5	100	999	10	0.0	0.0
2026-07-10T10:19:05.398	455	955	637	1160	2984	2934	3505	3853	4026	528	26.19	1018.6	62.22	254989	AS7341	flash	5	100	999	10	0.0	0.0
2026-07-10T10:19:07.382	455	956	638	1161	2986	2935	3506	3854	4027	527	26.18	1018.57	62.2	254792	AS7341	flash	5	100	999	10	0.0	0.0
2026-07-10T10:19:09.474	456	956	638	1161	2986	2934	3507	3855	4027	528	26.17	1018.58	62.14	254006	AS7341	flash	5	100	999	10	0.0	0.0
2026-07-10T10:19:11.460	456	956	638	1161	2985	2935	3506	3854	4027	528	26.18	1018.58	62.14	254202	AS7341	flash	5	100	999	10	0.0	0.0
2026-07-10T10:19:13.454	455	956	638	1160	2985	2934	3506	3854	4027	528	26.17	1018.59	62.06	254989	AS7341	flash	5	100	999	10	0.0	0.0
2026-07-10T10:19:15.446	456	956	638	1161	2986	2935	3506	3855	4028	527	26.18	1018.58	61.98	254792	AS7341	flash	5	100	999	10	0.0	0.0
2026-07-10T10:19:17.433	456	956	638	1160	2986	2935	3506	3855	4028	528	26.18	1018.59	61.96	255187	AS7341	flash	5	100	999	10	0.0	0.0
2026-07-10T10:19:19.424	455	956	638	1160	2985	2934	3505	3854	4026	528	26.18	1018.57	61.97	255980	AS7341	flash	5	100	999	10	0.0	0.0
2026-07-10T10:19:21.414	456	956	638	1161	2985	2934	3506	3854	4027	527	26.18	1018.59	61.95	254989	AS7341	flash	5	100	999	10	0.0	0.0
2026-07-10T10:19:23.401	455	956	638	1160	2985	2934	3506	3854	4027	527	26.18	1018.57	61.95	254398	AS7341	flash	5	100	999	10	0.0	0.0
2026-07-10T10:19:25.391	455	956	638	1160	2985	2934	3505	3853	4026	528	26.18	1018.56	61.91	257582	AS7341	flash	5	100	999	10	0.0	0.0
2026-07-10T10:19:27.474	456	956	638	1161	2985	2935	3506	3855	4027	527	26.17	1018.57	61.83	256179	AS7341	flash	5	100	999	10	0.0	0.0
2026-07-10T10:19:29.463	455	956	638	1160	2985	2934	3505	3854	4026	527	26.18	1018.58	61.73	257179	AS7341	flash	5	100	999	10	0.0	0.0
2026-07-10T10:19:31.461	456	956	638	1160	2985	2933	3506	3853	4026	528	26.17	1018.57	61.7	255980	AS7341	flash	5	100	999	10	0.0	0.0
2026-07-10T10:19:33.453	456	956	638	1160	2985	2934	3506	3854	4026	528	26.17	1018.57	61.63	255980	AS7341	flash	5	100	999	10	0.0	0.0
2026-07-10T10:19:35.442	455	956	638	1160	2985	2934	3505	3854	4026	527	26.17	1018.61	61.59	257179	AS7341	flash	5	100	999	10	0.0	0.0
2026-07-10T10:19:37.439	456	956	638	1160	2985	2933	3506	3854	4027	528	26.17	1018.58	61.6	256379	AS7341	flash	5	100	999	10	0.0	0.0
2026-07-10T10:19:39.428	456	956	638	1160	2985	2934	3505	3854	4026	528	26.18	1018.6	61.63	256379	AS7341	flash	5	100	999	10	0.0	0.0
2026-07-10T10:19:41.414	455	956	638	1160	2984	2934	3505	3854	4026	527	26.18	1018.56	61.71	257179	AS7341	flash	5	100	999	10	0.0	0.0
2026-07-10T10:19:43.403	456	956	638	1160	2985	2934	3505	3854	4026	528	26.18	1018.56	61.71	257179	AS7341	flash	5	100	999	10	0.0	0.0
2026-07-10T10:19:45.403	456	956	638	1160	2984	2933	3505	3853	4025	527	26.17	1018.58	61.72	257582	AS7341	flash	5	100	999	10	0.0	0.0
2026-07-10T10:19:47.393	456	956	638	1160	2984	2934	3505	3854	4026	527	26.17	1018.57	61.71	256778	AS7341	flash	5	100	999	10	0.0	0.0
2026-07-10T10:19:49.491	456	956	638	1161	2986	2935	3507	3855	4028	528	26.16	1018.6	61.74	255980	AS7341	flash	5	100	999	10	0.0	0.0
2026-07-10T10:19:51.380	455	956	638	1160	2984	2934	3505	3854	4026	528	26.18	1018.6	61.77	256979	AS7341	flash	5	100	999	10	0.0	0.0
2026-07-10T10:19:53.477	455	956	638	1160	2985	2934	3506	3855	4027	527	26.16	1018.59	61.85	256979	AS7341	flash	5	100	999	10	0.0	0.0
2026-07-10T10:19:55.461	456	956	638	1160	2984	2933	3505	3853	4025	528	26.17	1018.61	61.92	255781	AS7341	flash	5	100	999	10	0.0	0.0
2026-07-10T10:19:57.444	456	956	638	1160	2984	2934	3506	3854	4026	527	26.18	1018.59	61.99	255583	AS7341	flash	5	100	999	10	0.0	0.0
2026-07-10T10:19:59.428	456	956	638	1160	2984	2933	3505	3854	4026	527	26.17	1018.58	62.01	255781	AS7341	flash	5	100	999	10	0.0	0.0
2026-07-10T10:20:01.419	456	956	638	1160	2984	2934	3505	3854	4026	528	26.18	1018.57	62.08	255980	AS7341	flash	5	100	999	10	0.0	0.0
2026-07-10T10:20:03.397	455	956	637	1160	2984	2932	3504	3852	4025	528	26.17	1018.58	62.11	255980	AS7341	flash	5	100	999	10	0.0	0.0
2026-07-10T10:20:05.386	456	956	638	1161	2985	2934	3506	3855	4026	528	26.18	1018.61	62.14	254792	AS7341	flash	5	100	999	10	0.0	0.0
2026-07-10T10:20:07.474	456	956	638	1160	2984	2934	3505	3854	4026	528	26.16	1018.55	62.18	255187	AS7341	flash	5	100	999	10	0.0	0.0
2026-07-10T10:20:09.471	455	956	638	1160	2985	2934	3505	3854	4026	527	26.17	1018.57	62.2	254792	AS7341	flash	5	100	999	10	0.0	0.0
2026-07-10T10:20:11.455	456	956	638	1160	2984	2934	3505	3854	4026	527	26.17	1018.58	62.18	255781	AS7341	flash	5	100	999	10	0.0	0.0
2026-07-10T10:20:13.450	455	956	638	1160	2983	2932	3504	3852	4024	528	26.17	1018.58	62.08	256379	AS7341	flash	5	100	999	10	0.0	0.0
2026-07-10T10:20:15.443	455	956	638	1160	2984	2933	3505	3853	4025	527	26.17	1018.59	61.97	256179	AS7341	flash	5	100	999	10	0.0	0.0
2026-07-10T10:20:17.433	455	956	638	1160	2985	2934	3505	3854	4026	528	26.18	1018.59	61.91	256778	AS7341	flash	5	100	999	10	0.0	0.0
2026-07-10T10:20:19.430	456	956	638	1160	2984	2934	3505	3853	4026	527	26.17	1018.59	61.86	256379	AS7341	flash	5	100	999	10	0.0	0.0
2026-07-10T10:20:21.417	455	956	638	1160	2984	2933	3505	3853	4026	527	26.18	1018.6	61.75	256778	AS7341	flash	5	100	999	10	0.0	0.0
2026-07-10T10:20:23.398	456	956	638	1160	2985	2935	3506	3855	4027	527	26.18	1018.58	61.7	256179	AS7341	flash	5	100	999	10	0.0	0.0
2026-07-10T10:20:25.478	456	956	638	1160	2986	2935	3507	3855	4028	527	26.17	1018.61	61.69	256179	AS7341	flash	5	100	999	10	0.0	0.0
2026-07-10T10:20:27.463	456	956	638	1160	2984	2934	3506	3854	4026	528	26.18	1018.6	61.75	256179	AS7341	flash	5	100	999	10	0.0	0.0
2026-07-10T10:20:29.456	456	956	638	1160	2984	2934	3506	3854	4027	528	26.18	1018.58	61.79	255980	AS7341	flash	5	100	999	10	0.0	0.0
2026-07-10T10:20:31.460	456	956	638	1160	2985	2934	3506	3855	4027	528	26.18	1018.59	61.77	257985	AS7341	flash	5	100	999	10	0.0	0.0
2026-07-10T10:20:33.456	456	956	638	1160	2985	2934	3506	3854	4026	527	26.17	1018.59	61.7	256179	AS7341	flash	5	100	999	10	0.0	0.0
2026-07-10T10:20:35.440	456	956	638	1160	2984	2933	3506	3855	4026	528	26.17	1018.58	61.72	256778	AS7341	flash	5	100	999	10	0.0	0.0
2026-07-10T10:20:37.429	456	956	638	1160	2985	2934	3507	3856	4027	527	26.18	1018.62	61.79	257783	AS7341	flash	5	100	999	10	0.0	0.0
2026-07-10T10:20:39.415	455	956	638	1160	2985	2934	3506	3855	4027	527	26.17	1018.6	61.84	257783	AS7341	flash	5	100	999	10	0.0	0.0
2026-07-10T10:20:41.405	455	956	638	1160	2985	2934	3506	3854	4027	528	26.17	1018.58	61.79	257783	AS7341	flash	5	100	999	10	0.0	0.0
2026-07-10T10:20:43.399	456	956	638	1160	2984	2933	3505	3854	4026	528	26.17	1018.63	61.71	258390	AS7341	flash	5	100	999	10	0.0	0.0
2026-07-10T10:20:45.385	456	956	638	1160	2984	2933	3505	3854	4026	527	26.17	1018.58	61.65	258593	AS7341	flash	5	100	999	10	0.0	0.0
2026-07-10T10:20:47.481	456	956	638	1160	2984	2933	3506	3855	4026	528	26.17	1018.56	61.72	256778	AS7341	flash	5	100	999	10	0.0	0.0
2026-07-10T10:20:49.465	456	956	638	1160	2984	2933	3505	3855	4026	527	26.17	1018.61	61.85	257179	AS7341	flash	5	100	999	10	0.0	0.0
2026-07-10T10:20:51.450	456	956	638	1160	2984	2933	3505	3854	4026	528	26.17	1018.59	61.96	256778	AS7341	flash	5	100	999	10	0.0	0.0
2026-07-10T10:20:53.438	456	956	638	1160	2984	2933	3505	3854	4026	527	26.17	1018.57	62.01	257179	AS7341	flash	5	100	999	10	0.0	0.0
2026-07-10T10:20:55.430	456	956	638	1160	2985	2934	3506	3854	4027	527	26.17	1018.57	62.07	256979	AS7341	flash	5	100	999	10	0.0	0.0
2026-07-10T10:20:57.412	456	956	638	1160	2984	2933	3505	3854	4026	528	26.18	1018.57	62.09	256179	AS7341	flash	5	100	999	10	0.0	0.0
2026-07-10T10:20:59.401	456	956	638	1160	2985	2933	3506	3855	4026	527	26.18	1018.6	62.1	256379	AS7341	flash	5	100	999	10	0.0	0.0
2026-07-10T10:21:01.400	456	956	638	1160	2985	2934	3506	3855	4026	528	26.18	1018.57	62.03	256778	AS7341	flash	5	100	999	10	0.0	0.0
2026-07-10T10:21:03.384	456	956	638	1160	2986	2935	3507	3855	4028	529	26.18	1018.59	61.94	256778	AS7341	flash	5	100	999	10	0.0	0.0
2026-07-10T10:21:05.471	456	956	638	1160	2985	2934	3507	3856	4027	528	26.17	1018.59	61.88	255781	AS7341	flash	5	100	999	10	0.0	0.0
2026-07-10T10:21:07.466	456	956	638	1160	2984	2933	3505	3854	4025	528	26.18	1018.57	61.89	256778	AS7341	flash	5	100	999	10	0.0	0.0
2026-07-10T10:21:09.454	456	956	638	1160	2985	2934	3506	3856	4027	527	26.18	1018.59	61.9	256979	AS7341	flash	5	100	999	10	0.0	0.0
2026-07-10T10:21:11.437	456	956	638	1160	2984	2933	3505	3854	4026	528	26.18	1018.6	61.88	256379	AS7341	flash	5	100	999	10	0.0	0.0
2026-07-10T10:21:13.432	456	956	638	1160	2983	2933	3505	3854	4025	527	26.18	1018.58	61.86	257380	AS7341	flash	5	100	999	10	0.0	0.0
2026-07-10T10:21:15.417	456	956	638	1160	2984	2933	3505	3854	4026	528	26.18	1018.59	61.87	255980	AS7341	flash	5	100	999	10	0.0	0.0
2026-07-10T10:21:17.407	456	956	638	1160	2985	2934	3506	3855	4027	528	26.17	1018.6	61.87	257582	AS7341	flash	5	100	999	10	0.0	0.0
2026-07-10T10:21:19.396	456	956	638	1160	2985	2933	3506	3855	4026	528	26.18	1018.59	61.83	256979	AS7341	flash	5	100	999	10	0.0	0.0
2026-07-10T10:21:21.389	456	957	638	1160	2985	2934	3506	3855	4027	527	26.18	1018.59	61.85	256979	AS7341	flash	5	100	999	10	0.0	0.0
2026-07-10T10:21:23.484	456	956	638	1160	2985	2934	3507	3856	4028	529	26.17	1018.61	61.89	257179	AS7341	flash	5	100	999	10	0.0	0.0
2026-07-10T10:21:25.464	456	956	638	1160	2984	2934	3506	3856	4027	528	26.18	1018.59	61.9	257179	AS7341	flash	5	100	999	10	0.0	0.0
2026-07-10T10:21:27.460	456	956	638	1160	2985	2934	3506	3855	4027	528	26.18	1018.55	61.92	256578	AS7341	flash	5	100	999	10	0.0	0.0
2026-07-10T10:21:29.442	455	956	638	1160	2984	2933	3505	3855	4026	527	26.18	1018.57	61.95	256379	AS7341	flash	5	100	999	10	0.0	0.0
2026-07-10T10:21:31.427	455	956	638	1160	2983	2932	3505	3854	4025	527	26.18	1018.58	62.01	257985	AS7341	flash	5	100	999	10	0.0	0.0
2026-07-10T10:21:33.420	456	956	638	1160	2984	2934	3506	3856	4026	527	26.17	1018.57	61.95	257179	AS7341	flash	5	100	999	10	0.0	0.0
2026-07-10T10:21:35.407	456	956	638	1160	2984	2933	3506	3855	4026	527	26.17	1018.56	61.88	257783	AS7341	flash	5	100	999	10	0.0	0.0
2026-07-10T10:21:37.389	456	957	638	1160	2985	2934	3506	3855	4027	528	26.18	1018.59	61.8	257582	AS7341	flash	5	100	999	10	0.0	0.0
2026-07-10T10:21:39.474	456	956	638	1160	2984	2933	3505	3854	4025	528	26.17	1018.56	61.83	256379	AS7341	flash	5	100	999	10	0.0	0.0
2026-07-10T10:21:41.461	456	956	638	1160	2984	2933	3505	3855	4026	527	26.18	1018.57	61.87	255980	AS7341	flash	5	100	999	10	0.0	0.0
2026-07-10T10:21:43.452	456	957	638	1160	2984	2933	3505	3854	4025	528	26.18	1018.59	61.94	256778	AS7341	flash	5	100	999	10	0.0	0.0
2026-07-10T10:21:45.444	456	956	638	1160	2983	2932	3505	3854	4025	528	26.18	1018.6	62.0	256578	AS7341	flash	5	100	999	10	0.0	0.0
2026-07-10T10:21:47.436	456	956	638	1160	2984	2933	3505	3854	4025	527	26.18	1018.57	61.98	256778	AS7341	flash	5	100	999	10	0.0	0.0
2026-07-10T10:21:49.436	456	956	638	1160	2983	2933	3505	3854	4025	528	26.18	1018.62	61.98	256979	AS7341	flash	5	100	999	10	0.0	0.0
2026-07-10T10:21:51.418	455	956	638	1160	2984	2933	3505	3853	4025	527	26.17	1018.54	62.01	256778	AS7341	flash	5	100	999	10	0.0	0.0
2026-07-10T10:21:53.413	455	956	638	1160	2983	2933	3505	3854	4025	527	26.18	1018.61	62.04	256578	AS7341	flash	5	100	999	10	0.0	0.0
2026-07-10T10:21:55.399	455	956	638	1160	2984	2933	3505	3854	4026	527	26.18	1018.59	62.11	257985	AS7341	flash	5	100	999	10	0.0	0.0
2026-07-10T10:21:57.384	456	956	638	1160	2984	2933	3506	3855	4027	528	26.17	1018.58	62.15	256778	AS7341	flash	5	100	999	10	0.0	0.0
2026-07-10T10:21:59.482	456	956	638	1160	2984	2933	3505	3855	4026	527	26.17	1018.59	62.2	255781	AS7341	flash	5	100	999	10	0.0	0.0
2026-07-10T10:22:01.477	456	956	638	1160	2984	2933	3505	3855	4025	528	26.18	1018.57	62.18	254792	AS7341	flash	5	100	999	10	0.0	0.0
2026-07-10T10:22:03.466	456	956	638	1160	2983	2933	3505	3854	4025	528	26.17	1018.6	62.11	256379	AS7341	flash	5	100	999	10	0.0	0.0
2026-07-10T10:22:05.459	456	956	638	1160	2984	2933	3506	3855	4026	528	26.17	1018.6	62.08	255583	AS7341	flash	5	100	999	10	0.0	0.0
2026-07-10T10:22:07.458	456	957	638	1160	2984	2933	3506	3855	4026	527	26.17	1018.59	62.07	257582	AS7341	flash	5	100	999	10	0.0	0.0
2026-07-10T10:22:09.448	456	957	638	1160	2984	2934	3506	3855	4026	527	26.17	1018.59	62.08	256179	AS7341	flash	5	100	999	10	0.0	0.0
2026-07-10T10:22:11.442	456	956	638	1160	2984	2933	3506	3855	4026	528	26.17	1018.62	62.14	256778	AS7341	flash	5	100	999	10	0.0	0.0
2026-07-10T10:22:13.430	456	956	638	1160	2984	2933	3505	3854	4025	528	26.17	1018.58	62.16	256578	AS7341	flash	5	100	999	10	0.0	0.0
2026-07-10T10:22:15.424	456	956	638	1160	2984	2933	3505	3854	4026	528	26.17	1018.59	62.18	256778	AS7341	flash	5	100	999	10	0.0	0.0
2026-07-10T10:22:17.420	456	957	638	1160	2983	2933	3506	3855	4026	528	26.17	1018.61	62.22	255980	AS7341	flash	5	100	999	10	0.0	0.0
2026-07-10T10:22:19.410	456	957	638	1160	2984	2933	3505	3855	4026	527	26.18	1018.55	62.2	256578	AS7341	flash	5	100	999	10	0.0	0.0
2026-07-10T10:22:21.395	455	956	638	1160	2983	2932	3504	3853	4025	528	26.17	1018.61	62.22	256979	AS7341	flash	5	100	999	10	0.0	0.0
2026-07-10T10:22:23.483	456	957	638	1160	2984	2933	3505	3855	4025	528	26.17	1018.59	62.15	256379	AS7341	flash	5	100	999	10	0.0	0.0
2026-07-10T10:22:25.474	455	956	638	1160	2983	2933	3505	3854	4025	527	26.17	1018.57	62.08	256379	AS7341	flash	5	100	999	10	0.0	0.0
2026-07-10T10:22:27.464	456	956	638	1160	2983	2933	3505	3853	4025	528	26.17	1018.6	62.06	255980	AS7341	flash	5	100	999	10	0.0	0.0
2026-07-10T10:22:29.453	456	957	638	1160	2984	2933	3506	3855	4026	527	26.17	1018.63	62.0	256979	AS7341	flash	5	100	999	10	0.0	0.0
2026-07-10T10:22:31.438	456	956	638	1160	2983	2933	3505	3855	4025	528	26.17	1018.6	61.93	257985	AS7341	flash	5	100	999	10	0.0	0.0
2026-07-10T10:22:33.426	455	956	638	1160	2984	2933	3505	3855	4026	528	26.17	1018.57	61.78	257985	AS7341	flash	5	100	999	10	0.0	0.0
2026-07-10T10:22:35.414	456	956	638	1160	2983	2933	3505	3855	4025	528	26.17	1018.55	61.66	257985	AS7341	flash	5	100	999	10	0.0	0.0
2026-07-10T10:22:37.406	456	956	638	1160	2983	2932	3505	3853	4025	527	26.17	1018.61	61.58	259408	AS7341	flash	5	100	999	10	0.0	0.0
2026-07-10T10:22:39.397	456	956	638	1160	2983	2932	3505	3854	4025	528	26.17	1018.6	61.46	259408	AS7341	flash	5	100	999	10	0.0	0.0
2026-07-10T10:22:41.483	456	956	638	1160	2983	2933	3506	3855	4025	528	26.16	1018.56	61.35	258390	AS7341	flash	5	100	999	10	0.0	0.0
2026-07-10T10:22:43.467	456	956	638	1160	2983	2932	3505	3855	4025	528	26.17	1018.59	61.34	259612	AS7341	flash	5	100	999	10	0.0	0.0
2026-07-10T10:22:45.458	455	956	638	1160	2983	2932	3505	3855	4025	527	26.17	1018.58	61.42	260433	AS7341	flash	5	100	999	10	0.0	0.0
2026-07-10T10:22:47.438	456	956	638	1160	2983	2932	3504	3854	4025	528	26.17	1018.59	61.5	258188	AS7341	flash	5	100	999	10	0.0	0.0
2026-07-10T10:22:49.435	455	956	638	1160	2983	2932	3505	3854	4025	528	26.17	1018.58	61.55	259204	AS7341	flash	5	100	999	10	0.0	0.0
2026-07-10T10:22:51.409	456	956	638	1160	2983	2933	3505	3854	4025	528	26.17	1018.58	61.56	259612	AS7341	flash	5	100	999	10	0.0	0.0
2026-07-10T10:22:53.389	455	956	638	1159	2982	2931	3504	3853	4023	528	26.16	1018.58	61.6	260433	AS7341	flash	5	100	999	10	0.0	0.0
2026-07-10T10:22:55.492	456	957	638	1160	2984	2933	3506	3854	4026	527	26.16	1018.57	61.64	258390	AS7341	flash	5	100	999	10	0.0	0.0
2026-07-10T10:22:57.478	456	957	638	1160	2984	2933	3505	3855	4025	527	26.17	1018.59	61.68	259612	AS7341	flash	5	100	999	10	0.0	0.0
2026-07-10T10:22:59.471	456	957	638	1160	2983	2933	3505	3855	4026	527	26.17	1018.57	61.71	260022	AS7341	flash	5	100	999	10	0.0	0.0
2026-07-10T10:23:01.454	456	957	638	1160	2983	2932	3505	3854	4025	528	26.17	1018.6	61.69	258593	AS7341	flash	5	100	999	10	0.0	0.0
2026-07-10T10:23:03.440	456	957	638	1160	2984	2933	3506	3856	4026	528	26.17	1018.6	61.7	259612	AS7341	flash	5	100	999	10	0.0	0.0
2026-07-10T10:23:05.434	456	957	638	1160	2983	2932	3505	3855	4025	527	26.17	1018.57	61.78	259817	AS7341	flash	5	100	999	10	0.0	0.0
2026-07-10T10:23:07.417	456	957	638	1160	2984	2933	3505	3855	4026	528	26.17	1018.56	61.88	259817	AS7341	flash	5	100	999	10	0.0	0.0
2026-07-10T10:23:09.413	456	957	638	1160	2982	2932	3504	3854	4024	527	26.16	1018.57	61.91	258593	AS7341	flash	5	100	999	10	0.0	0.0
2026-07-10T10:23:11.402	455	957	638	1160	2983	2932	3505	3854	4025	528	26.18	1018.62	61.98	258593	AS7341	flash	5	100	999	10	0.0	0.0
2026-07-10T10:23:13.386	456	957	638	1160	2983	2932	3505	3854	4025	527	26.17	1018.61	62.03	259204	AS7341	flash	5	100	999	10	0.0	0.0
2026-07-10T10:23:15.486	456	957	638	1160	2983	2932	3505	3854	4025	527	26.17	1018.61	62.12	257783	AS7341	flash	5	100	999	10	0.0	0.0
2026-07-10T10:23:17.474	456	957	638	1160	2983	2933	3505	3855	4025	528	26.17	1018.58	62.2	257380	AS7341	flash	5	100	999	10	0.0	0.0
2026-07-10T10:23:19.461	456	957	638	1160	2984	2933	3506	3856	4026	527	26.17	1018.58	62.24	257179	AS7341	flash	5	100	999	10	0.0	0.0
2026-07-10T10:23:21.452	456	957	638	1160	2983	2933	3506	3854	4026	527	26.18	1018.6	62.22	256979	AS7341	flash	5	100	999	10	0.0	0.0
2026-07-10T10:23:23.442	456	957	638	1160	2983	2932	3505	3855	4025	528	26.17	1018.58	62.14	256379	AS7341	flash	5	100	999	10	0.0	0.0
2026-07-10T10:23:25.428	456	957	638	1160	2983	2932	3505	3854	4025	528	26.17	1018.59	61.92	257783	AS7341	flash	5	100	999	10	0.0	0.0
2026-07-10T10:23:27.412	456	957	638	1160	2982	2932	3504	3854	4025	527	26.18	1018.61	61.77	259000	AS7341	flash	5	100	999	10	0.0	0.0
2026-07-10T10:23:29.400	456	957	638	1160	2983	2932	3505	3854	4025	527	26.17	1018.61	61.75	258390	AS7341	flash	5	100	999	10	0.0	0.0
2026-07-10T10:23:31.393	456	957	638	1160	2982	2931	3504	3854	4024	528	26.17	1018.58	61.81	257985	AS7341	flash	5	100	999	10	0.0	0.0
2026-07-10T10:23:33.485	456	957	638	1160	2984	2933	3506	3856	4027	528	26.17	1018.59	61.88	258593	AS7341	flash	5	100	999	10	0.0	0.0
2026-07-10T10:23:35.474	456	957	638	1160	2984	2933	3506	3855	4025	527	26.17	1018.59	61.94	258796	AS7341	flash	5	100	999	10	0.0	0.0
2026-07-10T10:23:37.468	456	957	638	1160	2983	2932	3505	3855	4025	527	26.18	1018.58	61.96	257179	AS7341	flash	5	100	999	10	0.0	0.0
2026-07-10T10:23:39.446	456	957	638	1160	2983	2932	3505	3854	4025	527	26.17	1018.55	61.89	259612	AS7341	flash	5	100	999	10	0.0	0.0
2026-07-10T10:23:41.426	456	957	638	1160	2983	2933	3505	3855	4025	528	26.17	1018.56	61.81	259204	AS7341	flash	5	100	999	10	0.0	0.0
2026-07-10T10:23:43.415	456	957	638	1160	2983	2932	3505	3854	4025	527	26.18	1018.59	61.75	260433	AS7341	flash	5	100	999	10	0.0	0.0
2026-07-10T10:23:45.406	456	957	638	1160	2983	2932	3505	3855	4025	527	26.18	1018.54	61.78	259612	AS7341	flash	5	100	999	10	0.0	0.0
2026-07-10T10:23:47.387	456	957	638	1160	2983	2932	3505	3854	4024	528	26.17	1018.59	61.83	257783	AS7341	flash	5	100	999	10	0.0	0.0
2026-07-10T10:23:49.476	456	957	638	1160	2984	2933	3506	3854	4026	527	26.17	1018.59	61.85	258390	AS7341	flash	5	100	999	10	0.0	0.0
2026-07-10T10:23:51.464	456	957	638	1160	2982	2931	3505	3854	4024	528	26.17	1018.58	61.91	258390	AS7341	flash	5	100	999	10	0.0	0.0
2026-07-10T10:23:53.456	456	957	638	1160	2982	2932	3504	3854	4025	527	26.18	1018.58	61.95	258796	AS7341	flash	5	100	999	10	0.0	0.0
2026-07-10T10:23:55.443	456	957	638	1160	2983	2932	3505	3854	4024	528	26.18	1018.57	61.96	257783	AS7341	flash	5	100	999	10	0.0	0.0
2026-07-10T10:23:57.434	456	957	638	1160	2983	2932	3505	3854	4025	527	26.17	1018.56	61.99	258796	AS7341	flash	5	100	999	10	0.0	0.0
2026-07-10T10:23:59.427	456	957	638	1160	2982	2931	3504	3854	4024	528	26.18	1018.6	62.03	258593	AS7341	flash	5	100	999	10	0.0	0.0
2026-07-10T10:24:01.410	456	957	638	1160	2983	2933	3506	3855	4025	528	26.18	1018.58	62.05	257783	AS7341	flash	5	100	999	10	0.0	0.0
2026-07-10T10:24:03.397	456	957	638	1160	2982	2931	3504	3854	4024	528	26.18	1018.57	62.04	259408	AS7341	flash	5	100	999	10	0.0	0.0
2026-07-10T10:24:05.487	456	957	638	1160	2983	2933	3505	3855	4025	528	26.17	1018.61	62.02	257380	AS7341	flash	5	100	999	10	0.0	0.0
2026-07-10T10:24:07.473	456	957	638	1160	2983	2932	3505	3854	4024	528	26.18	1018.57	62.02	258593	AS7341	flash	5	100	999	10	0.0	0.0
2026-07-10T10:24:09.467	456	957	638	1160	2983	2932	3505	3855	4025	528	26.18	1018.56	62.0	259000	AS7341	flash	5	100	999	10	0.0	0.0
2026-07-10T10:24:11.447	456	957	638	1160	2984	2933	3506	3856	4026	527	26.17	1018.58	62.02	257582	AS7341	flash	5	100	999	10	0.0	0.0
2026-07-10T10:24:13.427	456	957	638	1160	2983	2933	3505	3855	4025	528	26.18	1018.58	62.03	259204	AS7341	flash	5	100	999	10	0.0	0.0
2026-07-10T10:24:15.408	456	957	638	1160	2983	2932	3505	3855	4025	528	26.18	1018.59	62.01	259204	AS7341	flash	5	100	999	10	0.0	0.0
2026-07-10T10:24:17.400	456	957	638	1159	2983	2933	3505	3855	4025	527	26.18	1018.6	62.02	258593	AS7341	flash	5	100	999	10	0.0	0.0
2026-07-10T10:24:19.486	456	957	638	1160	2984	2933	3507	3856	4026	529	26.17	1018.58	62.1	259204	AS7341	flash	5	100	999	10	0.0	0.0
2026-07-10T10:24:21.472	456	957	638	1160	2983	2932	3505	3854	4025	528	26.17	1018.59	62.14	258593	AS7341	flash	5	100	999	10	0.0	0.0
2026-07-10T10:24:23.460	456	957	638	1160	2984	2933	3506	3856	4025	527	26.17	1018.54	62.11	258390	AS7341	flash	5	100	999	10	0.0	0.0
2026-07-10T10:24:25.443	456	957	638	1160	2984	2933	3506	3856	4026	528	26.17	1018.59	62.04	258390	AS7341	flash	5	100	999	10	0.0	0.0
2026-07-10T10:24:27.433	456	957	638	1160	2982	2932	3505	3855	4025	527	26.17	1018.56	62.02	258796	AS7341	flash	5	100	999	10	0.0	0.0
2026-07-10T10:24:29.421	456	957	638	1160	2983	2932	3505	3855	4025	528	26.17	1018.56	62.08	258390	AS7341	flash	5	100	999	10	0.0	0.0
2026-07-10T10:24:31.414	456	957	638	1160	2983	2932	3505	3855	4024	527	26.18	1018.61	62.13	258796	AS7341	flash	5	100	999	10	0.0	0.0
2026-07-10T10:24:33.403	456	957	638	1160	2983	2933	3506	3856	4026	528	26.17	1018.59	62.16	257380	AS7341	flash	5	100	999	10	0.0	0.0
2026-07-10T10:24:35.385	456	957	638	1159	2983	2932	3505	3855	4025	528	26.17	1018.54	62.14	258390	AS7341	flash	5	100	999	10	0.0	0.0
2026-07-10T10:24:37.474	456	958	638	1160	2983	2932	3506	3855	4026	527	26.17	1018.56	62.11	258390	AS7341	flash	5	100	999	10	0.0	0.0
2026-07-10T10:24:39.467	456	957	638	1160	2983	2932	3505	3855	4025	527	26.17	1018.59	62.13	259000	AS7341	flash	5	100	999	10	0.0	0.0
2026-07-10T10:24:41.456	456	957	638	1160	2983	2932	3506	3856	4025	527	26.18	1018.59	62.2	256979	AS7341	flash	5	100	999	10	0.0	0.0
2026-07-10T10:24:43.445	456	957	638	1160	2983	2933	3506	3855	4026	527	26.17	1018.59	62.26	256578	AS7341	flash	5	100	999	10	0.0	0.0
2026-07-10T10:24:45.431	456	957	638	1160	2983	2932	3506	3856	4026	528	26.18	1018.57	62.3	257380	AS7341	flash	5	100	999	10	0.0	0.0
2026-07-10T10:24:47.419	456	957	638	1160	2983	2931	3505	3855	4025	527	26.18	1018.57	62.21	257985	AS7341	flash	5	100	999	10	0.0	0.0
2026-07-10T10:24:49.410	456	957	638	1160	2983	2932	3505	3855	4025	527	26.18	1018.61	62.01	259612	AS7341	flash	5	100	999	10	0.0	0.0
2026-07-10T10:24:51.405	456	957	638	1160	2983	2933	3505	3855	4025	527	26.17	1018.58	61.77	260639	AS7341	flash	5	100	999	10	0.0	0.0
2026-07-10T10:24:53.398	456	957	638	1159	2983	2933	3506	3856	4026	528	26.17	1018.61	61.52	261467	AS7341	flash	5	100	999	10	0.0	0.0
2026-07-10T10:24:55.480	456	958	638	1160	2984	2933	3507	3857	4026	527	26.15	1018.58	61.48	259000	AS7341	flash	5	100	999	10	0.0	0.0
2026-07-10T10:24:57.470	456	957	638	1159	2982	2932	3505	3855	4025	528	26.15	1018.56	61.5	259000	AS7341	flash	5	100	999	10	0.0	0.0
2026-07-10T10:24:59.467	456	957	638	1160	2982	2932	3505	3855	4024	528	26.15	1018.54	61.53	260022	AS7341	flash	5	100	999	10	0.0	0.0
2026-07-10T10:25:01.471	456	957	638	1160	2982	2931	3504	3854	4024	527	26.16	1018.55	61.58	259204	AS7341	flash	5	100	999	10	0.0	0.0
2026-07-10T10:25:03.453	456	957	638	1159	2982	2932	3505	3854	4024	528	26.15	1018.56	61.66	260639	AS7341	flash	5	100	999	10	0.0	0.0
2026-07-10T10:25:05.440	456	957	638	1159	2982	2931	3504	3854	4024	527	26.16	1018.58	61.73	260022	AS7341	flash	5	100	999	10	0.0	0.0
2026-07-10T10:25:07.427	456	957	638	1160	2983	2932	3506	3856	4026	528	26.16	1018.58	61.86	259408	AS7341	flash	5	100	999	10	0.0	0.0
2026-07-10T10:25:09.418	456	957	638	1159	2982	2932	3505	3855	4025	529	26.16	1018.61	61.93	257985	AS7341	flash	5	100	999	10	0.0	0.0
2026-07-10T10:25:11.407	456	957	638	1159	2982	2932	3505	3855	4025	527	26.16	1018.59	62.02	259817	AS7341	flash	5	100	999	10	0.0	0.0
2026-07-10T10:25:13.390	456	957	638	1159	2982	2931	3504	3855	4024	528	26.16	1018.61	62.05	258796	AS7341	flash	5	100	999	10	0.0	0.0
2026-07-10T10:25:15.481	456	957	638	1160	2983	2932	3505	3855	4025	527	26.16	1018.58	62.07	259204	AS7341	flash	5	100	999	10	0.0	0.0
2026-07-10T10:25:17.467	456	957	638	1160	2982	2931	3505	3854	4024	527	26.16	1018.6	62.12	259408	AS7341	flash	5	100	999	10	0.0	0.0
2026-07-10T10:25:19.461	456	957	638	1159	2982	2931	3504	3854	4024	528	26.16	1018.57	62.17	259612	AS7341	flash	5	100	999	10	0.0	0.0
2026-07-10T10:25:21.445	456	958	638	1160	2984	2933	3506	3856	4026	528	26.17	1018.58	62.26	256778	AS7341	flash	5	100	999	10	0.0	0.0
2026-07-10T10:25:23.430	456	957	638	1160	2983	2932	3505	3856	4025	527	26.17	1018.6	62.3	258796	AS7341	flash	5	100	999	10	0.0	0.0
2026-07-10T10:25:25.417	456	957	638	1160	2982	2931	3504	3853	4024	528	26.17	1018.59	62.31	259204	AS7341	flash	5	100	999	10	0.0	0.0
2026-07-10T10:25:27.395	456	957	638	1160	2983	2932	3505	3855	4025	527	26.17	1018.58	62.3	258796	AS7341	flash	5	100	999	10	0.0	0.0
2026-07-10T10:25:29.492	456	957	638	1160	2983	2931	3504	3855	4024	528	26.16	1018.6	62.31	256778	AS7341	flash	5	100	999	10	0.0	0.0
2026-07-10T10:25:31.489	456	957	638	1159	2982	2931	3505	3854	4024	527	26.17	1018.58	62.32	258390	AS7341	flash	5	100	999	10	0.0	0.0
2026-07-10T10:25:33.480	456	957	638	1160	2982	2932	3505	3855	4024	528	26.16	1018.58	62.29	257783	AS7341	flash	5	100	999	10	0.0	0.0
2026-07-10T10:25:35.462	456	957	638	1159	2981	2931	3504	3854	4023	528	26.17	1018.6	62.27	257985	AS7341	flash	5	100	999	10	0.0	0.0
2026-07-10T10:25:37.448	456	957	638	1159	2982	2931	3504	3854	4023	528	26.17	1018.57	62.28	257783	AS7341	flash	5	100	999	10	0.0	0.0
2026-07-10T10:25:39.430	456	957	638	1160	2982	2931	3504	3854	4024	528	26.17	1018.62	62.29	259000	AS7341	flash	5	100	999	10	0.0	0.0
2026-07-10T10:25:41.409	456	957	638	1159	2983	2932	3505	3855	4025	528	26.17	1018.59	62.3	259000	AS7341	flash	5	100	999	10	0.0	0.0
2026-07-10T10:25:43.389	456	957	638	1159	2982	2931	3505	3854	4024	527	26.18	1018.59	62.31	256778	AS7341	flash	5	100	999	10	0.0	0.0
2026-07-10T10:25:45.485	456	957	638	1159	2983	2932	3505	3855	4024	527	26.16	1018.58	62.26	257783	AS7341	flash	5	100	999	10	0.0	0.0
2026-07-10T10:25:47.474	456	957	638	1159	2982	2931	3504	3854	4024	527	26.17	1018.59	62.26	259612	AS7341	flash	5	100	999	10	0.0	0.0
2026-07-10T10:25:49.466	456	957	638	1159	2981	2931	3504	3854	4023	528	26.17	1018.59	62.32	258188	AS7341	flash	5	100	999	10	0.0	0.0
2026-07-10T10:25:51.458	456	957	638	1159	2982	2931	3504	3854	4024	527	26.18	1018.63	62.43	257380	AS7341	flash	5	100	999	10	0.0	0.0
2026-07-10T10:25:53.450	456	957	638	1159	2982	2931	3504	3853	4024	528	26.17	1018.58	62.53	257179	AS7341	flash	5	100	999	10	0.0	0.0
2026-07-10T10:25:55.438	456	957	638	1159	2982	2931	3505	3855	4025	527	26.18	1018.59	62.57	257179	AS7341	flash	5	100	999	10	0.0	0.0
2026-07-10T10:25:57.425	456	957	638	1159	2982	2932	3505	3854	4024	528	26.17	1018.58	62.58	257582	AS7341	flash	5	100	999	10	0.0	0.0
2026-07-10T10:25:59.415	456	957	638	1159	2982	2931	3504	3854	4024	528	26.18	1018.6	62.57	257380	AS7341	flash	5	100	999	10	0.0	0.0
2026-07-10T10:26:01.397	456	957	638	1159	2982	2932	3505	3855	4024	528	26.17	1018.58	62.52	257985	AS7341	flash	5	100	999	10	0.0	0.0
2026-07-10T10:26:03.394	456	957	638	1159	2982	2931	3504	3854	4024	528	26.18	1018.6	62.46	257179	AS7341	flash	5	100	999	10	0.0	0.0
2026-07-10T10:26:05.486	456	958	638	1160	2982	2932	3505	3854	4024	528	26.17	1018.6	62.44	256578	AS7341	flash	5	100	999	10	0.0	0.0
2026-07-10T10:26:07.474	456	957	638	1159	2983	2932	3506	3855	4025	527	26.17	1018.62	62.41	257582	AS7341	flash	5	100	999	10	0.0	0.0
2026-07-10T10:26:09.463	456	957	638	1160	2983	2932	3505	3855	4025	527	26.18	1018.59	62.37	257582	AS7341	flash	5	100	999	10	0.0	0.0
2026-07-10T10:26:11.452	456	957	638	1160	2982	2932	3505	3855	4024	527	26.18	1018.6	62.35	259000	AS7341	flash	5	100	999	10	0.0	0.0
2026-07-10T10:26:13.439	456	957	638	1160	2982	2931	3505	3854	4024	527	26.18	1018.6	62.3	258390	AS7341	flash	5	100	999	10	0.0	0.0
2026-07-10T10:26:15.424	456	958	638	1160	2982	2932	3505	3854	4025	527	26.17	1018.57	62.25	259204	AS7341	flash	5	100	999	10	0.0	0.0
2026-07-10T10:26:17.413	456	957	638	1159	2982	2931	3505	3854	4024	527	26.17	1018.6	62.23	259612	AS7341	flash	5	100	999	10	0.0	0.0
2026-07-10T10:26:19.395	456	957	638	1159	2982	2931	3505	3855	4024	528	26.17	1018.61	62.22	258796	AS7341	flash	5	100	999	10	0.0	0.0
2026-07-10T10:26:21.389	456	957	638	1160	2983	2932	3505	3855	4025	528	26.18	1018.58	62.26	259204	AS7341	flash	5	100	999	10	0.0	0.0
2026-07-10T10:26:23.482	456	958	638	1160	2983	2932	3506	3856	4025	527	26.17	1018.58	62.26	259204	AS7341	flash	5	100	999	10	0.0	0.0
2026-07-10T10:26:25.467	456	957	638	1159	2982	2931	3505	3855	4024	528	26.17	1018.59	62.24	258796	AS7341	flash	5	100	999	10	0.0	0.0
2026-07-10T10:26:27.449	456	957	638	1160	2983	2932	3506	3856	4025	527	26.17	1018.58	62.23	258390	AS7341	flash	5	100	999	10	0.0	0.0
2026-07-10T10:26:29.444	456	957	638	1160	2983	2932	3505	3855	4025	528	26.17	1018.58	62.22	258188	AS7341	flash	5	100	999	10	0.0	0.0
2026-07-10T10:26:31.432	456	957	638	1160	2982	2932	3505	3854	4025	528	26.17	1018.59	62.21	260846	AS7341	flash	5	100	999	10	0.0	0.0
2026-07-10T10:26:33.413	456	957	638	1160	2982	2932	3506	3854	4025	528	26.18	1018.58	62.16	258796	AS7341	flash	5	100	999	10	0.0	0.0
2026-07-10T10:26:35.404	456	958	638	1160	2984	2933	3507	3857	4026	529	26.17	1018.6	62.2	258593	AS7341	flash	5	100	999	10	0.0	0.0
2026-07-10T10:26:37.392	456	957	638	1160	2982	2932	3505	3855	4024	528	26.18	1018.62	62.24	258188	AS7341	flash	5	100	999	10	0.0	0.0
2026-07-10T10:26:39.488	456	958	638	1160	2983	2932	3506	3856	4025	528	26.17	1018.6	62.29	258796	AS7341	flash	5	100	999	10	0.0	0.0
2026-07-10T10:26:41.480	456	957	638	1160	2983	2931	3506	3856	4025	528	26.17	1018.6	62.3	259000	AS7341	flash	5	100	999	10	0.0	0.0
2026-07-10T10:26:43.464	456	957	638	1160	2982	2932	3505	3854	4024	527	26.18	1018.6	62.16	260846	AS7341	flash	5	100	999	10	0.0	0.0
2026-07-10T10:26:45.453	456	957	638	1160	2983	2932	3505	3855	4024	528	26.17	1018.58	62.04	259204	AS7341	flash	5	100	999	10	0.0	0.0
2026-07-10T10:26:47.432	456	958	638	1160	2983	2932	3506	3856	4025	528	26.17	1018.6	62.01	260846	AS7341	flash	5	100	999	10	0.0	0.0
2026-07-10T10:26:49.415	456	957	638	1159	2982	2931	3505	3856	4024	528	26.17	1018.58	62.09	259408	AS7341	flash	5	100	999	10	0.0	0.0
2026-07-10T10:26:51.409	456	957	638	1159	2982	2931	3505	3854	4024	528	26.18	1018.61	62.15	258796	AS7341	flash	5	100	999	10	0.0	0.0
2026-07-10T10:26:53.401	456	957	638	1159	2982	2932	3505	3854	4024	528	26.16	1018.57	62.22	258796	AS7341	flash	5	100	999	10	0.0	0.0
2026-07-10T10:26:55.391	456	957	638	1159	2982	2931	3505	3855	4024	528	26.17	1018.57	62.26	259612	AS7341	flash	5	100	999	10	0.0	0.0
2026-07-10T10:26:57.482	456	958	638	1160	2982	2932	3505	3855	4024	527	26.16	1018.58	62.25	257985	AS7341	flash	5	100	999	10	0.0	0.0
2026-07-10T10:26:59.466	456	957	638	1159	2981	2931	3504	3854	4023	527	26.17	1018.59	62.24	258390	AS7341	flash	5	100	999	10	0.0	0.0
2026-07-10T10:27:01.457	456	957	638	1160	2983	2932	3506	3855	4025	527	26.17	1018.62	62.17	258593	AS7341	flash	5	100	999	10	0.0	0.0
2026-07-10T10:27:03.447	456	957	638	1160	2982	2932	3505	3854	4024	527	26.17	1018.58	62.1	259612	AS7341	flash	5	100	999	10	0.0	0.0
2026-07-10T10:27:05.440	456	958	638	1160	2983	2933	3506	3856	4026	527	26.17	1018.59	62.09	260022	AS7341	flash	5	100	999	10	0.0	0.0
2026-07-10T10:27:07.422	456	957	638	1159	2982	2931	3505	3855	4024	527	26.18	1018.6	62.09	260022	AS7341	flash	5	100	999	10	0.0	0.0
2026-07-10T10:27:09.411	456	957	638	1159	2981	2931	3504	3854	4023	528	26.17	1018.62	62.08	260022	AS7341	flash	5	100	999	10	0.0	0.0
2026-07-10T10:27:11.398	456	958	638	1159	2982	2931	3505	3855	4024	527	26.17	1018.58	62.09	258796	AS7341	flash	5	100	999	10	0.0	0.0
2026-07-10T10:27:13.385	456	957	638	1159	2982	2932	3505	3855	4024	528	26.18	1018.6	62.06	260022	AS7341	flash	5	100	999	10	0.0	0.0
2026-07-10T10:27:15.485	456	958	638	1160	2983	2932	3506	3856	4025	528	26.17	1018.61	62.09	261260	AS7341	flash	5	100	999	10	0.0	0.0
2026-07-10T10:27:17.474	456	957	638	1160	2982	2931	3505	3856	4024	528	26.17	1018.61	62.16	257985	AS7341	flash	5	100	999	10	0.0	0.0
2026-07-10T10:27:19.470	456	958	638	1160	2983	2932	3506	3856	4025	527	26.17	1018.57	62.16	259204	AS7341	flash	5	100	999	10	0.0	0.0
2026-07-10T10:27:21.456	456	957	638	1159	2982	2931	3505	3854	4024	527	26.17	1018.58	62.11	259204	AS7341	flash	5	100	999	10	0.0	0.0
2026-07-10T10:27:23.445	456	958	638	1159	2983	2932	3506	3856	4025	527	26.18	1018.61	62.04	260846	AS7341	flash	5	100	999	10	0.0	0.0
2026-07-10T10:27:25.432	456	957	638	1159	2982	2931	3505	3855	4024	528	26.18	1018.62	62.05	260433	AS7341	flash	5	100	999	10	0.0	0.0
2026-07-10T10:27:27.420	456	957	638	1159	2982	2931	3506	3856	4025	527	26.18	1018.6	61.95	259817	AS7341	flash	5	100	999	10	0.0	0.0
2026-07-10T10:27:29.409	456	957	638	1159	2982	2931	3505	3855	4024	528	26.17	1018.59	61.93	261053	AS7341	flash	5	100	999	10	0.0	0.0
2026-07-10T10:27:31.402	456	958	638	1160	2982	2932	3506	3856	4025	528	26.18	1018.6	61.91	261260	AS7341	flash	5	100	999	10	0.0	0.0
2026-07-10T10:27:33.391	456	958	638	1160	2983	2933	3507	3857	4026	528	26.18	1018.61	61.88	262719	AS7341	flash	5	100	999	10	0.0	0.0
2026-07-10T10:27:35.391	456	958	638	1160	2983	2932	3506	3856	4025	528	26.17	1018.58	61.9	261053	AS7341	flash	5	100	999	10	0.0	0.0
2026-07-10T10:27:37.491	456	958	638	1159	2982	2932	3505	3856	4024	527	26.17	1018.6	61.92	259000	AS7341	flash	5	100	999	10	0.0	0.0
2026-07-10T10:27:39.483	456	958	638	1160	2982	2931	3505	3856	4024	527	26.17	1018.58	61.94	261053	AS7341	flash	5	100	999	10	0.0	0.0
2026-07-10T10:27:41.473	456	958	638	1160	2982	2931	3506	3855	4024	527	26.17	1018.56	61.97	260846	AS7341	flash	5	100	999	10	0.0	0.0
2026-07-10T10:27:43.465	456	957	638	1159	2982	2931	3505	3855	4024	528	26.17	1018.58	62.03	260022	AS7341	flash	5	100	999	10	0.0	0.0
2026-07-10T10:27:45.450	456	958	638	1160	2983	2932	3506	3857	4025	528	26.18	1018.58	62.07	259612	AS7341	flash	5	100	999	10	0.0	0.0
2026-07-10T10:27:47.451	456	958	638	1160	2982	2932	3505	3856	4024	528	26.17	1018.57	62.09	260433	AS7341	flash	5	100	999	10	0.0	0.0
2026-07-10T10:27:49.433	456	958	638	1160	2982	2932	3506	3856	4024	527	26.17	1018.58	62.02	259408	AS7341	flash	5	100	999	10	0.0	0.0
2026-07-10T10:27:51.422	456	958	638	1160	2983	2932	3506	3855	4025	528	26.17	1018.59	62.03	261053	AS7341	flash	5	100	999	10	0.0	0.0
2026-07-10T10:27:53.405	456	958	638	1160	2982	2931	3505	3855	4024	527	26.17	1018.58	62.03	260846	AS7341	flash	5	100	999	10	0.0	0.0
2026-07-10T10:27:55.390	456	958	638	1160	2982	2932	3505	3856	4024	528	26.17	1018.58	62.07	261260	AS7341	flash	5	100	999	10	0.0	0.0
2026-07-10T10:27:57.392	456	958	639	1160	2983	2932	3507	3857	4026	529	26.17	1018.6	62.14	260846	AS7341	flash	5	100	999	10	0.0	0.0
2026-07-10T10:27:59.476	456	958	639	1160	2984	2933	3507	3858	4026	528	26.16	1018.57	62.2	259612	AS7341	flash	5	100	999	10	0.0	0.0
2026-07-10T10:28:01.476	456	958	639	1160	2983	2932	3506	3856	4025	527	26.16	1018.59	62.2	258390	AS7341	flash	5	100	999	10	0.0	0.0
2026-07-10T10:28:03.478	456	958	638	1159	2982	2932	3506	3856	4024	527	26.16	1018.57	62.19	259204	AS7341	flash	5	100	999	10	0.0	0.0
2026-07-10T10:28:05.468	456	958	639	1160	2983	2933	3507	3857	4025	528	26.17	1018.59	62.2	259817	AS7341	flash	5	100	999	10	0.0	0.0
2026-07-10T10:28:07.450	456	958	638	1160	2982	2932	3506	3856	4025	527	26.17	1018.59	62.22	259204	AS7341	flash	5	100	999	10	0.0	0.0
2026-07-10T10:28:09.430	456	958	638	1160	2982	2931	3505	3855	4024	528	26.17	1018.58	62.14	260228	AS7341	flash	5	100	999	10	0.0	0.0
2026-07-10T10:28:11.418	456	958	638	1160	2983	2932	3506	3856	4025	528	26.17	1018.59	62.01	261675	AS7341	flash	5	100	999	10	0.0	0.0
2026-07-10T10:28:13.410	456	958	638	1159	2983	2932	3506	3856	4025	528	26.17	1018.58	61.89	260846	AS7341	flash	5	100	999	10	0.0	0.0
2026-07-10T10:28:15.395	456	958	638	1160	2982	2931	3505	3854	4024	528	26.17	1018.59	61.84	261467	AS7341	flash	5	100	999	10	0.0	0.0
2026-07-10T10:28:17.489	456	958	639	1160	2983	2932	3506	3856	4025	528	26.16	1018.56	61.88	259408	AS7341	flash	5	100	999	10	0.0	0.0
2026-07-10T10:28:19.480	456	958	638	1160	2983	2932	3506	3856	4025	528	26.17	1018.58	61.93	260846	AS7341	flash	5	100	999	10	0.0	0.0
2026-07-10T10:28:21.467	456	958	639	1160	2983	2932	3506	3856	4025	527	26.17	1018.61	61.93	260639	AS7341	flash	5	100	999	10	0.0	0.0
2026-07-10T10:28:23.452	456	958	638	1159	2982	2932	3505	3856	4024	527	26.17	1018.64	61.95	261260	AS7341	flash	5	100	999	10	0.0	0.0
2026-07-10T10:28:25.443	456	958	639	1160	2983	2932	3506	3857	4025	528	26.17	1018.59	61.93	261053	AS7341	flash	5	100	999	10	0.0	0.0
2026-07-10T10:28:27.431	456	958	639	1160	2982	2932	3506	3856	4025	527	26.16	1018.59	61.91	262091	AS7341	flash	5	100	999	10	0.0	0.0
2026-07-10T10:28:29.419	456	958	638	1159	2982	2932	3505	3855	4024	528	26.17	1018.57	61.9	262300	AS7341	flash	5	100	999	10	0.0	0.0
2026-07-10T10:28:31.399	456	958	639	1160	2983	2932	3506	3856	4025	528	26.17	1018.62	61.91	260846	AS7341	flash	5	100	999	10	0.0	0.0
2026-07-10T10:28:33.490	456	958	639	1160	2983	2933	3507	3858	4026	528	26.15	1018.56	61.93	261260	AS7341	flash	5	100	999	10	0.0	0.0
2026-07-10T10:28:35.484	456	958	639	1160	2983	2932	3507	3857	4025	529	26.16	1018.56	61.86	262509	AS7341	flash	5	100	999	10	0.0	0.0
2026-07-10T10:28:37.465	456	958	639	1160	2983	2932	3507	3857	4025	527	26.17	1018.6	61.75	262719	AS7341	flash	5	100	999	10	0.0	0.0
2026-07-10T10:28:39.454	456	958	638	1159	2983	2932	3506	3857	4025	528	26.16	1018.6	61.71	261883	AS7341	flash	5	100	999	10	0.0	0.0
2026-07-10T10:28:41.440	456	958	639	1160	2983	2932	3506	3857	4025	528	26.16	1018.59	61.7	262300	AS7341	flash	5	100	999	10	0.0	0.0
2026-07-10T10:28:43.432	456	958	639	1160	2983	2932	3507	3857	4026	529	26.16	1018.6	61.79	261675	AS7341	flash	5	100	999	10	0.0	0.0
2026-07-10T10:28:45.417	456	958	638	1159	2982	2932	3506	3856	4025	527	26.15	1018.61	61.88	262300	AS7341	flash	5	100	999	10	0.0	0.0
2026-07-10T10:28:47.501	456	958	639	1160	2983	2933	3507	3857	4026	528	26.15	1018.6	61.89	261467	AS7341	flash	5	100	999	10	0.0	0.0
2026-07-10T10:28:49.492	456	958	639	1160	2983	2932	3506	3856	4025	528	26.15	1018.54	61.84	260846	AS7341	flash	5	100	999	10	0.0	0.0
2026-07-10T10:28:51.485	456	958	638	1159	2982	2931	3505	3855	4024	527	26.16	1018.62	61.83	262091	AS7341	flash	5	100	999	10	0.0	0.0
2026-07-10T10:28:53.473	456	958	639	1160	2982	2931	3505	3856	4024	528	26.16	1018.6	61.91	262719	AS7341	flash	5	100	999	10	0.0	0.0
2026-07-10T10:28:55.460	456	958	639	1160	2983	2932	3507	3857	4025	529	26.15	1018.55	61.98	261883	AS7341	flash	5	100	999	10	0.0	0.0
2026-07-10T10:28:57.457	456	958	639	1160	2983	2932	3506	3857	4026	527	26.16	1018.6	62.01	261675	AS7341	flash	5	100	999	10	0.0	0.0
2026-07-10T10:28:59.446	456	958	639	1160	2982	2931	3506	3856	4025	527	26.16	1018.58	61.99	262719	AS7341	flash	5	100	999	10	0.0	0.0
2026-07-10T10:29:01.427	456	958	639	1160	2982	2931	3506	3856	4024	527	26.16	1018.56	61.92	262928	AS7341	flash	5	100	999	10	0.0	0.0
2026-07-10T10:29:03.416	456	958	639	1160	2982	2932	3506	3856	4025	528	26.16	1018.6	61.9	261883	AS7341	flash	5	100	999	10	0.0	0.0
2026-07-10T10:29:05.414	456	958	639	1160	2983	2932	3506	3857	4025	527	26.17	1018.59	61.9	262719	AS7341	flash	5	100	999	10	0.0	0.0
2026-07-10T10:29:07.505	456	958	639	1160	2983	2932	3506	3857	4025	528	26.15	1018.55	61.98	262091	AS7341	flash	5	100	999	10	0.0	0.0
2026-07-10T10:29:09.491	456	958	639	1159	2982	2931	3505	3855	4023	527	26.16	1018.59	62.07	261467	AS7341	flash	5	100	999	10	0.0	0.0
2026-07-10T10:29:11.498	456	958	639	1160	2982	2931	3505	3854	4024	528	26.16	1018.6	62.13	260846	AS7341	flash	5	100	999	10	0.0	0.0
2026-07-10T10:29:13.492	456	958	639	1160	2982	2932	3506	3857	4024	528	26.17	1018.59	62.17	260022	AS7341	flash	5	100	999	10	0.0	0.0
2026-07-10T10:29:15.495	456	958	639	1160	2982	2931	3505	3856	4024	527	26.16	1018.57	62.18	262300	AS7341	flash	5	100	999	10	0.0	0.0
2026-07-10T10:29:17.487	456	958	639	1160	2983	2931	3506	3856	4025	528	26.17	1018.57	62.22	261467	AS7341	flash	5	100	999	10	0.0	0.0
2026-07-10T10:29:19.474	456	958	639	1160	2983	2932	3506	3855	4025	527	26.18	1018.57	62.25	261260	AS7341	flash	5	100	999	10	0.0	0.0
2026-07-10T10:29:21.464	456	958	639	1160	2983	2931	3506	3856	4025	529	26.18	1018.59	62.3	259612	AS7341	flash	5	100	999	10	0.0	0.0
2026-07-10T10:29:23.457	456	958	639	1159	2982	2931	3505	3856	4024	528	26.17	1018.6	62.32	260022	AS7341	flash	5	100	999	10	0.0	0.0
2026-07-10T10:29:25.457	456	958	639	1159	2982	2931	3505	3856	4024	527	26.18	1018.6	62.35	260022	AS7341	flash	5	100	999	10	0.0	0.0
2026-07-10T10:29:27.445	456	958	639	1160	2983	2932	3506	3856	4025	528	26.17	1018.56	62.32	260846	AS7341	flash	5	100	999	10	0.0	0.0
2026-07-10T10:29:29.441	456	958	639	1160	2982	2932	3506	3855	4025	527	26.18	1018.58	62.33	261467	AS7341	flash	5	100	999	10	0.0	0.0
2026-07-10T10:29:31.427	456	958	639	1159	2983	2932	3507	3857	4026	528	26.18	1018.59	62.33	260022	AS7341	flash	5	100	999	10	0.0	0.0
2026-07-10T10:29:33.415	456	958	639	1159	2982	2931	3506	3856	4025	527	26.18	1018.59	62.32	261053	AS7341	flash	5	100	999	10	0.0	0.0
2026-07-10T10:29:35.407	456	958	639	1160	2982	2932	3506	3856	4025	528	26.18	1018.59	62.23	261053	AS7341	flash	5	100	999	10	0.0	0.0
2026-07-10T10:29:37.403	456	958	639	1159	2983	2932	3506	3856	4025	528	26.17	1018.56	62.13	260433	AS7341	flash	5	100	999	10	0.0	0.0
2026-07-10T10:29:39.498	456	958	639	1160	2983	2933	3507	3856	4026	528	26.17	1018.59	62.08	261260	AS7341	flash	5	100	999	10	0.0	0.0
2026-07-10T10:29:41.492	456	958	639	1160	2983	2932	3507	3858	4025	529	26.17	1018.6	62.06	260846	AS7341	flash	5	100	999	10	0.0	0.0
2026-07-10T10:29:43.482	456	958	639	1160	2982	2932	3506	3856	4024	528	26.17	1018.59	62.07	261467	AS7341	flash	5	100	999	10	0.0	0.0
2026-07-10T10:29:45.469	456	958	639	1160	2983	2932	3507	3857	4026	529	26.18	1018.6	62.08	261675	AS7341	flash	5	100	999	10	0.0	0.0
2026-07-10T10:29:47.458	456	958	639	1160	2983	2932	3506	3856	4025	528	26.17	1018.56	62.14	261467	AS7341	flash	5	100	999	10	0.0	0.0
2026-07-10T10:29:49.447	456	958	639	1160	2982	2932	3506	3856	4024	529	26.18	1018.58	62.18	261260	AS7341	flash	5	100	999	10	0.0	0.0
2026-07-10T10:29:51.443	456	958	639	1160	2982	2931	3506	3856	4024	528	26.17	1018.55	62.22	260433	AS7341	flash	5	100	999	10	0.0	0.0
2026-07-10T10:29:53.426	456	958	639	1159	2982	2932	3506	3855	4024	527	26.17	1018.61	62.24	259408	AS7341	flash	5	100	999	10	0.0	0.0
2026-07-10T10:29:55.415	456	958	639	1160	2982	2932	3506	3856	4024	527	26.18	1018.62	62.28	262091	AS7341	flash	5	100	999	10	0.0	0.0
2026-07-10T10:29:57.405	456	958	639	1160	2982	2931	3505	3856	4024	528	26.18	1018.59	62.33	260846	AS7341	flash	5	100	999	10	0.0	0.0
2026-07-10T10:29:59.498	456	958	639	1160	2983	2932	3506	3855	4024	527	26.17	1018.61	62.4	259612	AS7341	flash	5	100	999	10	0.0	0.0
2026-07-10T10:30:01.484	456	958	639	1159	2982	2930	3505	3855	4024	527	26.18	1018.58	62.48	259204	AS7341	flash	5	100	999	10	0.0	0.0
2026-07-10T10:30:03.482	456	958	639	1160	2983	2932	3506	3856	4025	528	26.18	1018.6	62.52	260433	AS7341	flash	5	100	999	10	0.0	0.0
2026-07-10T10:30:05.466	456	958	639	1160	2982	2932	3506	3856	4024	527	26.17	1018.6	62.54	260228	AS7341	flash	5	100	999	10	0.0	0.0
2026-07-10T10:30:07.461	456	959	639	1160	2982	2932	3506	3856	4024	527	26.17	1018.6	62.56	260639	AS7341	flash	5	100	999	10	0.0	0.0
2026-07-10T10:30:09.452	456	959	639	1160	2983	2932	3506	3856	4025	527	26.18	1018.58	62.53	260022	AS7341	flash	5	100	999	10	0.0	0.0
2026-07-10T10:30:11.444	456	958	639	1160	2982	2932	3506	3855	4024	528	26.18	1018.63	62.53	260433	AS7341	flash	5	100	999	10	0.0	0.0
2026-07-10T10:30:13.439	456	959	639	1160	2982	2932	3506	3854	4024	527	26.18	1018.62	62.58	259817	AS7341	flash	5	100	999	10	0.0	0.0
2026-07-10T10:30:15.430	456	959	639	1160	2982	2931	3506	3856	4024	527	26.17	1018.58	62.69	259612	AS7341	flash	5	100	999	10	0.0	0.0
2026-07-10T10:30:17.420	456	958	639	1160	2983	2932	3506	3855	4025	527	26.17	1018.58	62.67	260228	AS7341	flash	5	100	999	10	0.0	0.0
2026-07-10T10:30:19.417	456	958	639	1160	2982	2931	3505	3855	4024	527	26.17	1018.59	62.66	259612	AS7341	flash	5	100	999	10	0.0	0.0
2026-07-10T10:30:21.407	456	959	639	1160	2982	2931	3505	3855	4024	527	26.17	1018.59	62.64	259817	AS7341	flash	5	100	999	10	0.0	0.0
2026-07-10T10:30:23.505	456	959	639	1160	2983	2932	3506	3855	4025	528	26.17	1018.62	62.66	258188	AS7341	flash	5	100	999	10	0.0	0.0
2026-07-10T10:30:25.485	456	958	639	1159	2982	2932	3506	3856	4024	528	26.18	1018.6	62.62	259204	AS7341	flash	5	100	999	10	0.0	0.0
2026-07-10T10:30:27.480	456	958	639	1159	2982	2931	3505	3855	4024	528	26.18	1018.63	62.61	259204	AS7341	flash	5	100	999	10	0.0	0.0
2026-07-10T10:30:29.469	456	958	639	1160	2983	2932	3506	3856	4025	528	26.18	1018.62	62.56	259817	AS7341	flash	5	100	999	10	0.0	0.0
2026-07-10T10:30:31.454	456	958	638	1159	2982	2931	3505	3853	4023	527	26.17	1018.56	62.49	259612	AS7341	flash	5	100	999	10	0.0	0.0
2026-07-10T10:30:33.440	456	958	639	1160	2982	2932	3506	3855	4025	527	26.18	1018.6	62.41	259817	AS7341	flash	5	100	999	10	0.0	0.0
2026-07-10T10:30:35.427	456	958	639	1159	2982	2931	3505	3855	4023	527	26.18	1018.59	62.41	261053	AS7341	flash	5	100	999	10	0.0	0.0
2026-07-10T10:30:37.418	456	958	639	1160	2982	2931	3505	3855	4023	527	26.19	1018.61	62.4	260228	AS7341	flash	5	100	999	10	0.0	0.0
2026-07-10T10:30:39.503	456	959	639	1160	2984	2933	3507	3857	4026	529	26.17	1018.63	62.4	259204	AS7341	flash	5	100	999	10	0.0	0.0
2026-07-10T10:30:41.493	456	958	639	1160	2983	2932	3506	3856	4025	528	26.18	1018.6	62.41	260022	AS7341	flash	5	100	999	10	0.0	0.0
2026-07-10T10:30:43.484	456	958	639	1160	2983	2932	3506	3856	4025	527	26.17	1018.57	62.39	260433	AS7341	flash	5	100	999	10	0.0	0.0
2026-07-10T10:30:45.467	456	959	639	1160	2983	2933	3507	3857	4026	529	26.18	1018.57	62.35	259817	AS7341	flash	5	100	999	10	0.0	0.0
2026-07-10T10:30:47.461	456	958	639	1159	2982	2931	3506	3855	4024	527	26.18	1018.6	62.28	261467	AS7341	flash	5	100	999	10	0.0	0.0
2026-07-10T10:30:49.454	456	959	639	1160	2983	2932	3507	3857	4025	527	26.18	1018.58	62.17	260846	AS7341	flash	5	100	999	10	0.0	0.0
2026-07-10T10:30:51.442	456	958	639	1159	2982	2932	3506	3856	4024	527	26.18	1018.62	62.12	261675	AS7341	flash	5	100	999	10	0.0	0.0
2026-07-10T10:30:53.436	456	958	639	1160	2983	2933	3507	3857	4025	528	26.18	1018.59	62.12	261467	AS7341	flash	5	100	999	10	0.0	0.0
2026-07-10T10:30:55.430	456	958	639	1160	2983	2932	3507	3856	4025	528	26.18	1018.59	62.1	262091	AS7341	flash	5	100	999	10	0.0	0.0
2026-07-10T10:30:57.427	456	958	638	1159	2982	2931	3505	3854	4023	528	26.18	1018.58	62.05	261675	AS7341	flash	5	100	999	10	0.0	0.0
2026-07-10T10:30:59.417	456	958	638	1159	2982	2931	3505	3855	4023	527	26.19	1018.59	61.94	262300	AS7341	flash	5	100	999	10	0.0	0.0
2026-07-10T10:31:01.421	456	958	639	1160	2982	2932	3506	3855	4024	527	26.18	1018.59	61.83	263771	AS7341	flash	5	100	999	10	0.0	0.0
2026-07-10T10:31:03.417	456	958	639	1159	2982	2931	3506	3855	4024	528	26.18	1018.58	61.71	262719	AS7341	flash	5	100	999	10	0.0	0.0
2026-07-10T10:31:05.407	456	958	638	1159	2982	2931	3506	3855	4024	528	26.18	1018.58	61.72	262928	AS7341	flash	5	100	999	10	0.0	0.0
2026-07-10T10:31:07.503	456	958	639	1160	2983	2932	3507	3857	4025	528	26.18	1018.59	61.8	262509	AS7341	flash	5	100	999	10	0.0	0.0
2026-07-10T10:31:09.494	456	958	639	1159	2982	2931	3506	3856	4024	527	26.18	1018.58	61.89	262928	AS7341	flash	5	100	999	10	0.0	0.0
2026-07-10T10:31:11.489	456	958	639	1160	2982	2932	3506	3856	4024	527	26.18	1018.58	61.92	262928	AS7341	flash	5	100	999	10	0.0	0.0
2026-07-10T10:31:13.481	456	958	639	1159	2982	2932	3506	3856	4024	528	26.18	1018.58	61.96	261260	AS7341	flash	5	100	999	10	0.0	0.0
2026-07-10T10:31:15.467	456	958	639	1160	2982	2932	3506	3855	4024	527	26.18	1018.62	61.96	262091	AS7341	flash	5	100	999	10	0.0	0.0
2026-07-10T10:31:17.448	456	958	639	1159	2983	2932	3507	3857	4025	528	26.18	1018.6	61.99	262091	AS7341	flash	5	100	999	10	0.0	0.0
2026-07-10T10:31:19.439	456	958	639	1159	2982	2931	3506	3856	4024	527	26.18	1018.59	62.02	261883	AS7341	flash	5	100	999	10	0.0	0.0
2026-07-10T10:31:21.441	456	958	639	1159	2982	2932	3506	3856	4024	528	26.18	1018.61	62.01	262928	AS7341	flash	5	100	999	10	0.0	0.0
2026-07-10T10:31:23.438	456	958	639	1160	2982	2931	3506	3855	4024	528	26.18	1018.61	61.97	262300	AS7341	flash	5	100	999	10	0.0	0.0
2026-07-10T10:31:25.424	456	958	639	1160	2982	2931	3505	3855	4024	527	26.18	1018.59	61.98	261675	AS7341	flash	5	100	999	10	0.0	0.0
2026-07-10T10:31:27.418	456	958	639	1159	2982	2932	3506	3856	4024	527	26.18	1018.57	62.0	262091	AS7341	flash	5	100	999	10	0.0	0.0
2026-07-10T10:31:29.419	456	958	639	1160	2982	2932	3506	3855	4024	528	26.18	1018.58	62.05	262928	AS7341	flash	5	100	999	10	0.0	0.0
2026-07-10T10:31:31.510	456	958	639	1160	2984	2933	3508	3858	4026	527	26.18	1018.6	62.11	261467	AS7341	flash	5	100	999	10	0.0	0.0
2026-07-10T10:31:33.495	456	958	639	1160	2983	2932	3507	3856	4025	528	26.18	1018.59	62.14	262928	AS7341	flash	5	100	999	10	0.0	0.0
2026-07-10T10:31:35.477	456	958	639	1160	2983	2933	3507	3857	4025	529	26.18	1018.58	62.2	261675	AS7341	flash	5	100	999	10	0.0	0.0
2026-07-10T10:31:37.466	456	958	639	1159	2983	2932	3507	3856	4025	527	26.18	1018.56	62.24	262091	AS7341	flash	5	100	999	10	0.0	0.0
2026-07-10T10:31:39.449	456	958	639	1159	2982	2931	3506	3856	4024	528	26.19	1018.58	62.29	262300	AS7341	flash	5	100	999	10	0.0	0.0
2026-07-10T10:31:41.434	456	958	639	1160	2983	2932	3507	3856	4025	527	26.18	1018.6	62.31	262091	AS7341	flash	5	100	999	10	0.0	0.0
2026-07-10T10:31:43.434	456	958	639	1159	2983	2932	3506	3856	4024	529	26.19	1018.57	62.29	261260	AS7341	flash	5	100	999	10	0.0	0.0
2026-07-10T10:31:45.432	456	958	639	1160	2983	2932	3507	3856	4024	527	26.18	1018.57	62.25	263349	AS7341	flash	5	100	999	10	0.0	0.0
2026-07-10T10:31:47.426	456	958	639	1160	2983	2932	3507	3856	4024	527	26.18	1018.58	62.22	262719	AS7341	flash	5	100	999	10	0.0	0.0
2026-07-10T10:31:49.413	456	958	639	1159	2982	2931	3505	3855	4023	528	26.18	1018.6	62.16	263138	AS7341	flash	5	100	999	10	0.0	0.0
2026-07-10T10:31:51.508	456	958	639	1160	2982	2932	3506	3856	4024	528	26.17	1018.58	62.12	262091	AS7341	flash	5	100	999	10	0.0	0.0
2026-07-10T10:31:53.496	456	958	639	1160	2983	2932	3507	3856	4025	528	26.18	1018.58	62.14	262300	AS7341	flash	5	100	999	10	0.0	0.0
2026-07-10T10:31:55.491	456	959	639	1160	2983	2932	3507	3857	4025	529	26.18	1018.58	62.16	263349	AS7341	flash	5	100	999	10	0.0	0.0
2026-07-10T10:31:57.488	456	958	639	1159	2982	2932	3506	3855	4024	528	26.18	1018.62	62.18	261883	AS7341	flash	5	100	999	10	0.0	0.0
2026-07-10T10:31:59.473	456	958	639	1159	2982	2932	3506	3855	4024	527	26.18	1018.56	62.16	263138	AS7341	flash	5	100	999	10	0.0	0.0
2026-07-10T10:32:01.463	456	958	639	1159	2982	2932	3507	3856	4024	527	26.18	1018.58	62.11	263349	AS7341	flash	5	100	999	10	0.0	0.0
2026-07-10T10:32:03.452	456	958	639	1160	2982	2932	3506	3856	4024	528	26.18	1018.61	62.06	262509	AS7341	flash	5	100	999	10	0.0	0.0
2026-07-10T10:32:05.432	456	958	639	1159	2982	2932	3506	3856	4024	527	26.18	1018.6	62.06	263560	AS7341	flash	5	100	999	10	0.0	0.0
2026-07-10T10:32:07.416	456	958	639	1159	2983	2932	3507	3856	4024	527	26.18	1018.58	62.04	262300	AS7341	flash	5	100	999	10	0.0	0.0
2026-07-10T10:32:09.500	456	958	639	1160	2983	2932	3507	3856	4025	528	26.17	1018.6	62.04	261883	AS7341	flash	5	100	999	10	0.0	0.0
2026-07-10T10:32:11.485	456	958	639	1160	2983	2933	3508	3857	4026	528	26.19	1018.59	62.08	262928	AS7341	flash	5	100	999	10	0.0	0.0
2026-07-10T10:32:13.477	456	958	639	1159	2982	2932	3506	3855	4024	528	26.18	1018.6	62.07	263138	AS7341	flash	5	100	999	10	0.0	0.0
2026-07-10T10:32:15.467	456	958	639	1160	2983	2932	3507	3857	4025	527	26.18	1018.59	62.11	262928	AS7341	flash	5	100	999	10	0.0	0.0
2026-07-10T10:32:17.446	456	959	639	1160	2983	2932	3507	3857	4025	529	26.18	1018.56	62.13	262509	AS7341	flash	5	100	999	10	0.0	0.0
2026-07-10T10:32:19.440	456	958	639	1159	2982	2931	3506	3855	4023	528	26.18	1018.58	62.13	263560	AS7341	flash	5	100	999	10	0.0	0.0
2026-07-10T10:32:21.434	456	958	639	1159	2982	2932	3506	3856	4024	527	26.18	1018.57	62.14	262509	AS7341	flash	5	100	999	10	0.0	0.0
2026-07-10T10:32:23.423	456	958	639	1160	2983	2933	3507	3857	4025	529	26.18	1018.58	62.17	263560	AS7341	flash	5	100	999	10	0.0	0.0
2026-07-10T10:32:25.413	456	958	639	1159	2983	2932	3507	3856	4025	529	26.18	1018.58	62.18	263349	AS7341	flash	5	100	999	10	0.0	0.0
2026-07-10T10:32:27.411	456	958	639	1159	2983	2932	3507	3856	4025	529	26.18	1018.59	62.24	262928	AS7341	flash	5	100	999	10	0.0	0.0
2026-07-10T10:32:29.509	456	959	639	1160	2984	2933	3508	3858	4026	527	26.18	1018.57	62.29	261675	AS7341	flash	5	100	999	10	0.0	0.0
2026-07-10T10:32:31.500	456	959	639	1160	2983	2933	3508	3857	4025	528	26.18	1018.56	62.34	261675	AS7341	flash	5	100	999	10	0.0	0.0
2026-07-10T10:32:33.493	456	958	639	1160	2983	2932	3507	3856	4024	528	26.19	1018.59	62.38	262719	AS7341	flash	5	100	999	10	0.0	0.0
2026-07-10T10:32:35.491	456	958	639	1159	2982	2932	3507	3856	4024	527	26.18	1018.59	62.39	262091	AS7341	flash	5	100	999	10	0.0	0.0
2026-07-10T10:32:37.472	456	958	639	1160	2983	2932	3507	3857	4025	527	26.19	1018.58	62.3	261883	AS7341	flash	5	100	999	10	0.0	0.0
2026-07-10T10:32:39.457	456	958	639	1160	2983	2933	3507	3857	4025	529	26.19	1018.6	62.27	262509	AS7341	flash	5	100	999	10	0.0	0.0
2026-07-10T10:32:41.448	456	958	639	1160	2983	2932	3507	3857	4025	528	26.19	1018.56	62.3	263138	AS7341	flash	5	100	999	10	0.0	0.0
2026-07-10T10:32:43.435	456	959	639	1160	2983	2932	3507	3857	4025	527	26.18	1018.59	62.37	262509	AS7341	flash	5	100	999	10	0.0	0.0
2026-07-10T10:32:45.426	456	958	639	1160	2983	2932	3507	3856	4025	528	26.19	1018.6	62.47	261883	AS7341	flash	5	100	999	10	0.0	0.0
2026-07-10T10:32:47.413	456	959	639	1160	2983	2932	3507	3856	4025	528	26.19	1018.58	62.51	261675	AS7341	flash	5	100	999	10	0.0	0.0
2026-07-10T10:32:49.510	456	959	639	1160	2983	2932	3507	3856	4025	527	26.18	1018.6	62.53	261675	AS7341	flash	5	100	999	10	0.0	0.0
2026-07-10T10:32:51.511	456	959	639	1160	2983	2932	3507	3856	4025	528	26.18	1018.61	62.58	261053	AS7341	flash	5	100	999	10	0.0	0.0
2026-07-10T10:32:53.509	456	958	639	1160	2982	2932	3507	3856	4024	528	26.19	1018.65	62.59	261675	AS7341	flash	5	100	999	10	0.0	0.0
2026-07-10T10:32:55.494	456	959	639	1160	2983	2932	3507	3856	4025	528	26.18	1018.59	62.54	261260	AS7341	flash	5	100	999	10	0.0	0.0
2026-07-10T10:32:57.475	456	958	639	1159	2982	2932	3506	3855	4024	528	26.19	1018.6	62.45	262509	AS7341	flash	5	100	999	10	0.0	0.0
2026-07-10T10:32:59.458	456	958	639	1160	2983	2932	3507	3856	4024	527	26.18	1018.59	62.38	262928	AS7341	flash	5	100	999	10	0.0	0.0
2026-07-10T10:33:01.443	456	958	639	1160	2983	2932	3506	3856	4024	527	26.19	1018.6	62.37	263138	AS7341	flash	5	100	999	10	0.0	0.0
2026-07-10T10:33:03.436	456	958	639	1160	2982	2932	3506	3855	4024	527	26.19	1018.61	62.33	262509	AS7341	flash	5	100	999	10	0.0	0.0
2026-07-10T10:33:05.425	456	959	639	1160	2983	2933	3507	3856	4025	528	26.18	1018.57	62.31	263138	AS7341	flash	5	100	999	10	0.0	0.0
2026-07-10T10:33:07.511	456	959	639	1160	2983	2931	3507	3856	4024	528	26.17	1018.59	62.27	260639	AS7341	flash	5	100	999	10	0.0	0.0
2026-07-10T10:33:09.497	456	959	639	1160	2984	2934	3509	3858	4027	529	26.18	1018.59	62.26	262300	AS7341	flash	5	100	999	10	0.0	0.0
2026-07-10T10:33:11.480	456	958	639	1160	2983	2932	3507	3857	4025	527	26.18	1018.59	62.2	262719	AS7341	flash	5	100	999	10	0.0	0.0
2026-07-10T10:33:13.458	456	958	639	1160	2983	2932	3506	3856	4024	528	26.18	1018.59	62.18	261883	AS7341	flash	5	100	999	10	0.0	0.0
2026-07-10T10:33:15.448	456	958	639	1159	2982	2931	3506	3856	4024	527	26.18	1018.61	62.18	263138	AS7341	flash	5	100	999	10	0.0	0.0
2026-07-10T10:33:17.438	456	959	639	1160	2983	2932	3507	3855	4024	528	26.18	1018.6	62.21	262928	AS7341	flash	5	100	999	10	0.0	0.0
2026-07-10T10:33:19.419	456	958	639	1159	2982	2932	3506	3856	4024	528	26.18	1018.59	62.2	263349	AS7341	flash	5	100	999	10	0.0	0.0
2026-07-10T10:33:21.506	456	959	639	1160	2984	2933	3508	3857	4025	528	26.18	1018.6	62.24	262928	AS7341	flash	5	100	999	10	0.0	0.0
2026-07-10T10:33:23.491	456	959	639	1160	2983	2933	3508	3857	4025	528	26.18	1018.6	62.27	260433	AS7341	flash	5	100	999	10	0.0	0.0
2026-07-10T10:33:25.479	456	958	639	1160	2983	2932	3507	3855	4024	528	26.18	1018.6	62.28	262719	AS7341	flash	5	100	999	10	0.0	0.0
2026-07-10T10:33:27.469	456	958	639	1159	2983	2932	3507	3856	4024	527	26.17	1018.57	62.24	263349	AS7341	flash	5	100	999	10	0.0	0.0
2026-07-10T10:33:29.463	456	959	639	1160	2984	2933	3508	3857	4026	528	26.18	1018.61	62.16	265044	AS7341	flash	5	100	999	10	0.0	0.0
2026-07-10T10:33:31.453	456	959	639	1160	2984	2933	3508	3857	4025	527	26.18	1018.59	62.09	263982	AS7341	flash	5	100	999	10	0.0	0.0
2026-07-10T10:33:33.440	456	959	639	1160	2984	2933	3508	3857	4025	528	26.18	1018.61	62.0	263138	AS7341	flash	5	100	999	10	0.0	0.0
2026-07-10T10:33:35.425	456	959	639	1160	2984	2933	3508	3857	4026	528	26.18	1018.62	61.96	264618	AS7341	flash	5	100	999	10	0.0	0.0
2026-07-10T10:33:37.420	456	958	639	1160	2984	2933	3509	3858	4026	528	26.18	1018.61	61.98	263349	AS7341	flash	5	100	999	10	0.0	0.0
2026-07-10T10:33:39.403	456	958	639	1160	2983	2933	3508	3857	4025	529	26.18	1018.61	62.03	263349	AS7341	flash	5	100	999	10	0.0	0.0
2026-07-10T10:33:41.495	456	959	639	1160	2986	2934	3510	3859	4027	528	26.17	1018.59	62.1	262928	AS7341	flash	5	100	999	10	0.0	0.0
2026-07-10T10:33:43.482	456	959	639	1160	2984	2933	3508	3857	4025	529	26.18	1018.62	62.16	262509	AS7341	flash	5	100	999	10	0.0	0.0
2026-07-10T10:33:45.477	456	959	639	1160	2984	2934	3509	3858	4026	529	26.18	1018.63	62.18	263349	AS7341	flash	5	100	999	10	0.0	0.0
2026-07-10T10:33:47.466	456	958	639	1160	2983	2932	3507	3856	4024	527	26.18	1018.61	62.18	263560	AS7341	flash	5	100	999	10	0.0	0.0
2026-07-10T10:33:49.454	456	958	639	1160	2983	2932	3507	3856	4025	528	26.18	1018.6	62.16	263560	AS7341	flash	5	100	999	10	0.0	0.0
2026-07-10T10:33:51.451	456	958	639	1159	2984	2933	3508	3857	4026	527	26.18	1018.61	62.11	264194	AS7341	flash	5	100	999	10	0.0	0.0
2026-07-10T10:33:53.445	456	959	639	1160	2984	2933	3508	3857	4025	528	26.18	1018.62	62.05	264406	AS7341	flash	5	100	999	10	0.0	0.0
2026-07-10T10:33:55.441	456	959	639	1160	2984	2934	3509	3858	4026	528	26.17	1018.62	62.01	264618	AS7341	flash	5	100	999	10	0.0	0.0
2026-07-10T10:33:57.427	456	959	639	1160	2984	2933	3508	3857	4026	529	26.17	1018.59	61.97	263982	AS7341	flash	5	100	999	10	0.0	0.0
2026-07-10T10:33:59.422	456	959	639	1160	2984	2934	3509	3858	4026	529	26.17	1018.58	61.98	264831	AS7341	flash	5	100	999	10	0.0	0.0
2026-07-10T10:34:01.414	456	959	639	1160	2984	2933	3509	3858	4026	528	26.17	1018.59	62.02	262928	AS7341	flash	5	100	999	10	0.0	0.0
2026-07-10T10:34:03.502	456	959	639	1160	2984	2934	3509	3858	4026	528	26.16	1018.61	62.08	262928	AS7341	flash	5	100	999	10	0.0	0.0
2026-07-10T10:34:05.487	456	958	639	1160	2984	2934	3509	3857	4026	529	26.17	1018.6	62.15	263560	AS7341	flash	5	100	999	10	0.0	0.0
2026-07-10T10:34:07.480	456	959	639	1160	2984	2934	3509	3856	4026	528	26.17	1018.61	62.18	262928	AS7341	flash	5	100	999	10	0.0	0.0
2026-07-10T10:34:09.468	456	959	639	1160	2984	2934	3509	3858	4026	529	26.17	1018.62	62.18	262928	AS7341	flash	5	100	999	10	0.0	0.0
2026-07-10T10:34:11.454	456	959	639	1160	2984	2934	3508	3857	4025	528	26.17	1018.61	62.21	264406	AS7341	flash	5	100	999	10	0.0	0.0
2026-07-10T10:34:13.447	456	959	639	1160	2984	2933	3509	3858	4026	529	26.17	1018.6	62.22	263349	AS7341	flash	5	100	999	10	0.0	0.0
2026-07-10T10:34:15.441	456	958	639	1160	2984	2933	3508	3857	4025	527	26.17	1018.59	62.27	264406	AS7341	flash	5	100	999	10	0.0	0.0
2026-07-10T10:34:17.429	456	958	639	1160	2984	2933	3508	3857	4026	528	26.17	1018.61	62.3	262928	AS7341	flash	5	100	999	10	0.0	0.0
2026-07-10T10:34:19.411	456	959	639	1160	2985	2934	3509	3858	4027	529	26.18	1018.61	62.34	263982	AS7341	flash	5	100	999	10	0.0	0.0
2026-07-10T10:34:21.497	456	959	639	1161	2985	2935	3510	3858	4027	529	26.17	1018.6	62.36	263349	AS7341	flash	5	100	999	10	0.0	0.0
2026-07-10T10:34:23.494	456	959	639	1160	2984	2934	3509	3858	4027	528	26.17	1018.63	62.35	262928	AS7341	flash	5	100	999	10	0.0	0.0
2026-07-10T10:34:25.474	456	959	639	1160	2985	2934	3509	3858	4027	529	26.18	1018.61	62.34	262091	AS7341	flash	5	100	999	10	0.0	0.0
2026-07-10T10:34:27.463	456	959	639	1160	2984	2934	3508	3857	4026	529	26.17	1018.61	62.32	263982	AS7341	flash	5	100	999	10	0.0	0.0
2026-07-10T10:34:29.445	456	959	639	1160	2984	2934	3509	3858	4026	529	26.17	1018.62	62.3	264194	AS7341	flash	5	100	999	10	0.0	0.0
2026-07-10T10:34:31.432	456	959	639	1160	2985	2934	3509	3858	4027	528	26.18	1018.61	62.26	263982	AS7341	flash	5	100	999	10	0.0	0.0
2026-07-10T10:34:33.413	456	959	639	1160	2984	2934	3509	3857	4026	529	26.17	1018.61	62.17	264194	AS7341	flash	5	100	999	10	0.0	0.0
2026-07-10T10:34:35.508	456	959	639	1160	2984	2934	3509	3858	4026	528	26.16	1018.6	62.07	263771	AS7341	flash	5	100	999	10	0.0	0.0
2026-07-10T10:34:37.504	456	958	639	1160	2984	2934	3509	3858	4026	529	26.16	1018.57	61.95	264618	AS7341	flash	5	100	999	10	0.0	0.0
2026-07-10T10:34:39.495	456	959	639	1160	2984	2934	3509	3858	4026	529	26.16	1018.59	61.81	266978	AS7341	flash	5	100	999	10	0.0	0.0
2026-07-10T10:34:41.480	456	958	639	1160	2983	2933	3508	3857	4025	528	26.17	1018.64	61.73	266330	AS7341	flash	5	100	999	10	0.0	0.0
2026-07-10T10:34:43.476	456	958	639	1160	2984	2933	3508	3856	4025	529	26.16	1018.6	61.7	266762	AS7341	flash	5	100	999	10	0.0	0.0
2026-07-10T10:34:45.476	456	959	639	1160	2984	2934	3509	3858	4026	529	26.17	1018.63	61.73	266115	AS7341	flash	5	100	999	10	0.0	0.0
2026-07-10T10:34:47.464	456	958	639	1160	2984	2934	3509	3858	4026	529	26.16	1018.63	61.76	265900	AS7341	flash	5	100	999	10	0.0	0.0
2026-07-10T10:34:49.443	456	959	639	1160	2984	2934	3509	3858	4026	528	26.17	1018.63	61.76	265900	AS7341	flash	5	100	999	10	0.0	0.0
2026-07-10T10:34:51.433	456	959	639	1160	2984	2933	3508	3858	4026	528	26.16	1018.62	61.78	266762	AS7341	flash	5	100	999	10	0.0	0.0
2026-07-10T10:34:53.422	456	958	639	1160	2983	2933	3508	3856	4024	528	26.17	1018.62	61.89	265044	AS7341	flash	5	100	999	10	0.0	0.0
2026-07-10T10:34:55.421	456	958	639	1160	2983	2933	3508	3856	4025	527	26.16	1018.61	61.99	265258	AS7341	flash	5	100	999	10	0.0	0.0
2026-07-10T10:34:57.410	456	959	639	1160	2984	2933	3508	3856	4026	528	26.15	1018.58	62.08	266978	AS7341	flash	5	100	999	10	0.0	0.0
2026-07-10T10:34:59.506	456	959	639	1160	2985	2935	3510	3859	4027	528	26.15	1018.59	62.21	263138	AS7341	flash	5	100	999	10	0.0	0.0
2026-07-10T10:35:01.509	456	959	639	1160	2984	2934	3509	3858	4026	529	26.16	1018.62	62.3	263349	AS7341	flash	5	100	999	10	0.0	0.0
2026-07-10T10:35:03.488	456	959	639	1160	2984	2933	3508	3857	4026	528	26.16	1018.62	62.29	263771	AS7341	flash	5	100	999	10	0.0	0.0
2026-07-10T10:35:05.478	456	959	639	1160	2985	2934	3509	3858	4027	529	26.17	1018.62	62.24	263982	AS7341	flash	5	100	999	10	0.0	0.0
2026-07-10T10:35:07.470	456	959	639	1160	2984	2933	3508	3857	4026	529	26.16	1018.61	62.16	263771	AS7341	flash	5	100	999	10	0.0	0.0
2026-07-10T10:35:09.468	456	959	639	1160	2984	2933	3508	3857	4025	529	26.16	1018.62	62.13	264618	AS7341	flash	5	100	999	10	0.0	0.0
2026-07-10T10:35:11.457	456	959	639	1160	2985	2934	3509	3858	4027	528	26.16	1018.64	62.16	265044	AS7341	flash	5	100	999	10	0.0	0.0
2026-07-10T10:35:13.443	456	959	639	1160	2985	2935	3510	3858	4028	528	26.16	1018.62	62.17	264831	AS7341	flash	5	100	999	10	0.0	0.0
2026-07-10T10:35:15.435	456	959	639	1160	2984	2934	3509	3857	4026	529	26.17	1018.62	62.17	265044	AS7341	flash	5	100	999	10	0.0	0.0
2026-07-10T10:35:17.426	456	959	639	1160	2984	2934	3509	3858	4026	529	26.16	1018.6	62.07	264618	AS7341	flash	5	100	999	10	0.0	0.0
2026-07-10T10:35:19.414	456	959	639	1160	2984	2934	3509	3858	4026	528	26.16	1018.64	62.02	265900	AS7341	flash	5	100	999	10	0.0	0.0
2026-07-10T10:35:21.511	456	959	639	1160	2984	2934	3509	3858	4026	528	26.15	1018.6	62.01	265044	AS7341	flash	5	100	999	10	0.0	0.0
2026-07-10T10:35:23.495	456	959	639	1160	2985	2934	3509	3858	4026	528	26.16	1018.61	62.03	263560	AS7341	flash	5	100	999	10	0.0	0.0
2026-07-10T10:35:25.487	456	959	639	1160	2985	2935	3510	3859	4028	529	26.16	1018.62	62.03	265686	AS7341	flash	5	100	999	10	0.0	0.0
2026-07-10T10:35:27.475	456	959	639	1160	2984	2934	3509	3857	4026	529	26.16	1018.62	62.03	265686	AS7341	flash	5	100	999	10	0.0	0.0
2026-07-10T10:35:29.468	456	959	639	1160	2985	2934	3509	3857	4026	529	26.16	1018.59	62.02	267412	AS7341	flash	5	100	999	10	0.0	0.0
2026-07-10T10:35:31.457	456	959	639	1160	2985	2934	3510	3858	4027	529	26.16	1018.63	62.01	265258	AS7341	flash	5	100	999	10	0.0	0.0
2026-07-10T10:35:33.440	456	959	639	1160	2985	2935	3510	3859	4027	528	26.15	1018.59	62.01	265258	AS7341	flash	5	100	999	10	0.0	0.0
2026-07-10T10:35:35.431	456	959	639	1160	2983	2933	3508	3857	4025	527	26.17	1018.61	62.08	265472	AS7341	flash	5	100	999	10	0.0	0.0
2026-07-10T10:35:37.423	456	959	639	1160	2984	2933	3508	3856	4025	528	26.16	1018.62	62.1	265044	AS7341	flash	5	100	999	10	0.0	0.0
2026-07-10T10:35:39.414	457	959	639	1161	2985	2935	3510	3859	4028	529	26.16	1018.61	62.05	267629	AS7341	flash	5	100	999	10	0.0	0.0
2026-07-10T10:35:41.408	456	959	639	1160	2985	2935	3510	3858	4027	528	26.16	1018.63	62.03	265472	AS7341	flash	5	100	999	10	0.0	0.0
2026-07-10T10:35:43.490	456	959	639	1160	2986	2934	3510	3859	4028	528	26.15	1018.62	62.04	265686	AS7341	flash	5	100	999	10	0.0	0.0
2026-07-10T10:35:45.478	456	959	639	1160	2984	2935	3510	3858	4027	528	26.16	1018.63	62.1	264618	AS7341	flash	5	100	999	10	0.0	0.0
2026-07-10T10:35:47.467	456	959	639	1160	2984	2934	3509	3858	4026	528	26.16	1018.61	62.13	264831	AS7341	flash	5	100	999	10	0.0	0.0
2026-07-10T10:35:49.453	456	959	639	1160	2984	2934	3509	3858	4026	528	26.16	1018.62	62.12	265472	AS7341	flash	5	100	999	10	0.0	0.0
2026-07-10T10:35:51.454	456	959	639	1160	2985	2934	3510	3857	4026	528	26.16	1018.62	62.06	266115	AS7341	flash	5	100	999	10	0.0	0.0
2026-07-10T10:35:53.449	456	959	639	1160	2985	2934	3510	3858	4027	528	26.16	1018.64	61.97	265044	AS7341	flash	5	100	999	10	0.0	0.0
2026-07-10T10:35:55.439	456	959	639	1160	2984	2934	3509	3857	4026	528	26.16	1018.61	61.9	266330	AS7341	flash	5	100	999	10	0.0	0.0
2026-07-10T10:35:57.433	456	959	639	1160	2985	2934	3510	3857	4027	529	26.16	1018.62	61.87	266762	AS7341	flash	5	100	999	10	0.0	0.0
2026-07-10T10:35:59.524	456	959	639	1160	2985	2935	3510	3858	4026	529	26.15	1018.6	61.95	265900	AS7341	flash	5	100	999	10	0.0	0.0
2026-07-10T10:36:01.505	457	959	639	1160	2985	2935	3510	3857	4027	529	26.16	1018.6	62.04	263771	AS7341	flash	5	100	999	10	0.0	0.0
2026-07-10T10:36:03.496	456	959	639	1160	2984	2934	3509	3857	4026	528	26.15	1018.62	62.1	264831	AS7341	flash	5	100	999	10	0.0	0.0
2026-07-10T10:36:05.483	456	959	639	1160	2984	2934	3509	3858	4026	528	26.17	1018.64	62.13	265686	AS7341	flash	5	100	999	10	0.0	0.0
2026-07-10T10:36:07.474	456	959	639	1160	2985	2934	3510	3858	4026	529	26.16	1018.61	62.01	266762	AS7341	flash	5	100	999	10	0.0	0.0
2026-07-10T10:36:09.457	456	958	639	1160	2984	2934	3509	3857	4026	529	26.16	1018.62	61.88	267195	AS7341	flash	5	100	999	10	0.0	0.0
2026-07-10T10:36:11.442	456	959	639	1160	2984	2934	3509	3857	4026	528	26.15	1018.62	61.81	266546	AS7341	flash	5	100	999	10	0.0	0.0
2026-07-10T10:36:13.440	456	959	639	1160	2985	2934	3510	3858	4027	528	26.17	1018.61	61.81	267195	AS7341	flash	5	100	999	10	0.0	0.0
2026-07-10T10:36:15.433	456	959	639	1161	2985	2935	3510	3859	4027	529	26.16	1018.65	61.84	265686	AS7341	flash	5	100	999	10	0.0	0.0
2026-07-10T10:36:17.435	456	959	639	1160	2985	2935	3510	3858	4026	528	26.15	1018.64	61.81	266330	AS7341	flash	5	100	999	10	0.0	0.0
2026-07-10T10:36:19.424	456	959	639	1160	2984	2934	3509	3857	4026	529	26.16	1018.64	61.76	267412	AS7341	flash	5	100	999	10	0.0	0.0
2026-07-10T10:36:21.517	456	959	639	1160	2985	2935	3510	3859	4027	528	26.15	1018.61	61.73	264831	AS7341	flash	5	100	999	10	0.0	0.0
2026-07-10T10:36:23.505	456	959	639	1160	2985	2935	3510	3858	4026	528	26.16	1018.63	61.71	265686	AS7341	flash	5	100	999	10	0.0	0.0
2026-07-10T10:36:25.488	456	959	639	1160	2985	2935	3510	3858	4027	528	26.16	1018.65	61.71	265686	AS7341	flash	5	100	999	10	0.0	0.0
2026-07-10T10:36:27.484	456	959	639	1160	2985	2934	3509	3857	4026	528	26.16	1018.62	61.69	268283	AS7341	flash	5	100	999	10	0.0	0.0
2026-07-10T10:36:29.470	456	959	639	1160	2984	2933	3509	3857	4025	529	26.16	1018.66	61.73	266546	AS7341	flash	5	100	999	10	0.0	0.0
2026-07-10T10:36:31.456	456	959	639	1160	2984	2934	3509	3858	4026	528	26.16	1018.67	61.78	267195	AS7341	flash	5	100	999	10	0.0	0.0
2026-07-10T10:36:33.441	456	959	639	1160	2985	2935	3511	3859	4027	528	26.15	1018.62	61.81	267846	AS7341	flash	5	100	999	10	0.0	0.0
2026-07-10T10:36:35.439	456	959	639	1160	2985	2934	3509	3858	4026	528	26.15	1018.64	61.84	267412	AS7341	flash	5	100	999	10	0.0	0.0
2026-07-10T10:36:37.435	456	959	639	1160	2984	2934	3509	3858	4027	528	26.16	1018.66	61.91	267195	AS7341	flash	5	100	999	10	0.0	0.0
2026-07-10T10:36:39.519	456	959	639	1161	2985	2935	3511	3859	4027	529	26.15	1018.65	61.91	266978	AS7341	flash	5	100	999	10	0.0	0.0
2026-07-10T10:36:41.513	456	959	639	1160	2985	2935	3510	3858	4027	529	26.16	1018.66	61.89	267629	AS7341	flash	5	100	999	10	0.0	0.0
2026-07-10T10:36:43.513	456	959	639	1160	2985	2935	3511	3859	4027	529	26.15	1018.64	61.87	266762	AS7341	flash	5	100	999	10	0.0	0.0
2026-07-10T10:36:45.505	456	959	639	1160	2985	2935	3510	3858	4027	528	26.14	1018.67	61.88	266115	AS7341	flash	5	100	999	10	0.0	0.0
2026-07-10T10:36:47.500	457	959	639	1161	2985	2935	3510	3859	4027	528	26.14	1018.64	62.0	267195	AS7341	flash	5	100	999	10	0.0	0.0
2026-07-10T10:36:49.491	456	959	639	1160	2984	2934	3509	3858	4026	529	26.14	1018.67	62.02	265900	AS7341	flash	5	100	999	10	0.0	0.0
2026-07-10T10:36:51.479	456	959	639	1160	2984	2934	3509	3857	4025	528	26.14	1018.67	62.02	267412	AS7341	flash	5	100	999	10	0.0	0.0
2026-07-10T10:36:53.469	456	959	639	1160	2985	2935	3510	3858	4027	528	26.14	1018.66	62.06	266762	AS7341	flash	5	100	999	10	0.0	0.0
2026-07-10T10:36:55.450	456	959	639	1160	2984	2934	3509	3857	4026	528	26.14	1018.62	62.1	265900	AS7341	flash	5	100	999	10	0.0	0.0
2026-07-10T10:36:57.442	456	959	639	1160	2984	2934	3510	3856	4026	529	26.14	1018.6	62.12	265900	AS7341	flash	5	100	999	10	0.0	0.0
2026-07-10T10:36:59.430	456	958	639	1160	2984	2934	3509	3856	4025	529	26.14	1018.65	62.13	265686	AS7341	flash	5	100	999	10	0.0	0.0
2026-07-10T10:37:01.432	456	959	639	1160	2985	2935	3510	3857	4027	529	26.14	1018.63	62.14	266762	AS7341	flash	5	100	999	10	0.0	0.0
2026-07-10T10:37:03.515	456	959	639	1161	2986	2935	3511	3859	4028	528	26.14	1018.64	62.14	265900	AS7341	flash	5	100	999	10	0.0	0.0
2026-07-10T10:37:05.504	457	959	639	1160	2985	2935	3510	3858	4027	528	26.14	1018.63	62.11	265686	AS7341	flash	5	100	999	10	0.0	0.0
2026-07-10T10:37:07.489	456	959	639	1160	2986	2935	3511	3859	4027	528	26.15	1018.63	62.1	265258	AS7341	flash	5	100	999	10	0.0	0.0
2026-07-10T10:37:09.474	456	959	639	1160	2985	2934	3509	3857	4026	529	26.15	1018.65	62.08	266330	AS7341	flash	5	100	999	10	0.0	0.0
2026-07-10T10:37:11.455	456	959	639	1160	2985	2935	3510	3858	4026	528	26.15	1018.61	62.08	265686	AS7341	flash	5	100	999	10	0.0	0.0
2026-07-10T10:37:13.448	456	959	639	1160	2985	2935	3510	3858	4026	529	26.15	1018.63	62.11	268283	AS7341	flash	5	100	999	10	0.0	0.0
2026-07-10T10:37:15.447	456	959	639	1160	2985	2935	3510	3858	4026	529	26.15	1018.62	62.13	265686	AS7341	flash	5	100	999	10	0.0	0.0
2026-07-10T10:37:17.437	456	959	639	1160	2985	2935	3510	3858	4026	528	26.15	1018.64	62.18	267195	AS7341	flash	5	100	999	10	0.0	0.0
2026-07-10T10:37:19.516	456	959	639	1161	2986	2935	3511	3859	4027	529	26.14	1018.62	62.19	263771	AS7341	flash	5	100	999	10	0.0	0.0
2026-07-10T10:37:21.501	456	959	639	1160	2986	2935	3511	3859	4028	528	26.15	1018.61	62.23	265900	AS7341	flash	5	100	999	10	0.0	0.0
2026-07-10T10:37:23.487	456	959	639	1160	2985	2935	3510	3858	4026	528	26.16	1018.62	62.23	266115	AS7341	flash	5	100	999	10	0.0	0.0
2026-07-10T10:37:25.473	456	959	639	1160	2985	2935	3510	3858	4027	528	26.15	1018.63	62.23	266546	AS7341	flash	5	100	999	10	0.0	0.0
2026-07-10T10:37:27.453	456	959	639	1160	2985	2934	3510	3858	4026	529	26.16	1018.62	62.22	265900	AS7341	flash	5	100	999	10	0.0	0.0
2026-07-10T10:37:29.448	456	959	639	1160	2986	2936	3511	3859	4027	528	26.15	1018.6	62.16	265900	AS7341	flash	5	100	999	10	0.0	0.0
2026-07-10T10:37:31.441	456	959	639	1160	2985	2935	3511	3858	4027	529	26.16	1018.64	62.15	267195	AS7341	flash	5	100	999	10	0.0	0.0
2026-07-10T10:37:33.429	456	959	639	1160	2985	2934	3510	3858	4026	528	26.16	1018.65	62.18	266762	AS7341	flash	5	100	999	10	0.0	0.0
2026-07-10T10:37:35.519	457	959	639	1161	2986	2936	3511	3859	4028	529	26.15	1018.66	62.23	265900	AS7341	flash	5	100	999	10	0.0	0.0
2026-07-10T10:37:37.512	456	959	639	1161	2985	2935	3511	3859	4028	529	26.15	1018.61	62.23	265472	AS7341	flash	5	100	999	10	0.0	0.0
2026-07-10T10:37:39.503	456	959	639	1160	2985	2935	3511	3857	4026	529	26.16	1018.66	62.25	266115	AS7341	flash	5	100	999	10	0.0	0.0
2026-07-10T10:37:41.494	456	959	639	1160	2986	2936	3511	3859	4027	529	26.16	1018.65	62.21	266330	AS7341	flash	5	100	999	10	0.0	0.0
2026-07-10T10:37:43.488	456	959	639	1160	2985	2935	3510	3857	4026	528	26.16	1018.62	62.08	265472	AS7341	flash	5	100	999	10	0.0	0.0
2026-07-10T10:37:45.485	456	959	639	1161	2986	2936	3511	3859	4028	529	26.16	1018.64	62.0	266115	AS7341	flash	5	100	999	10	0.0	0.0
2026-07-10T10:37:47.468	456	959	639	1161	2985	2935	3511	3858	4027	529	26.16	1018.64	62.01	265686	AS7341	flash	5	100	999	10	0.0	0.0
2026-07-10T10:37:49.460	457	959	639	1161	2986	2936	3512	3859	4028	529	26.16	1018.64	62.05	266978	AS7341	flash	5	100	999	10	0.0	0.0
2026-07-10T10:37:51.452	457	959	639	1161	2986	2936	3511	3859	4028	528	26.16	1018.66	62.12	266115	AS7341	flash	5	100	999	10	0.0	0.0
2026-07-10T10:37:53.442	456	959	639	1161	2985	2935	3511	3858	4027	529	26.16	1018.64	62.2	266762	AS7341	flash	5	100	999	10	0.0	0.0
2026-07-10T10:37:55.443	456	959	639	1160	2986	2936	3511	3859	4028	528	26.16	1018.63	62.27	265472	AS7341	flash	5	100	999	10	0.0	0.0
2026-07-10T10:37:57.540	457	959	639	1161	2987	2936	3512	3860	4028	528	26.15	1018.63	62.25	265258	AS7341	flash	5	100	999	10	0.0	0.0
2026-07-10T10:37:59.529	457	959	639	1161	2986	2936	3511	3858	4027	528	26.16	1018.64	62.21	265900	AS7341	flash	5	100	999	10	0.0	0.0
2026-07-10T10:38:01.508	456	959	639	1160	2986	2935	3511	3858	4027	529	26.16	1018.64	62.13	265472	AS7341	flash	5	100	999	10	0.0	0.0
2026-07-10T10:38:03.494	456	959	639	1160	2986	2936	3511	3859	4027	529	26.17	1018.63	62.06	266330	AS7341	flash	5	100	999	10	0.0	0.0
2026-07-10T10:38:05.481	456	959	639	1160	2986	2936	3511	3859	4028	528	26.17	1018.62	62.03	265686	AS7341	flash	5	100	999	10	0.0	0.0
2026-07-10T10:38:07.474	456	959	639	1160	2985	2934	3510	3858	4026	528	26.17	1018.66	61.98	266978	AS7341	flash	5	100	999	10	0.0	0.0
2026-07-10T10:38:09.473	456	959	639	1160	2986	2936	3512	3860	4028	529	26.16	1018.62	61.88	267629	AS7341	flash	5	100	999	10	0.0	0.0
2026-07-10T10:38:11.471	457	959	639	1161	2986	2935	3512	3859	4028	529	26.17	1018.63	61.8	268721	AS7341	flash	5	100	999	10	0.0	0.0
2026-07-10T10:38:13.454	457	959	639	1161	2986	2936	3512	3860	4028	528	26.16	1018.64	61.69	268940	AS7341	flash	5	100	999	10	0.0	0.0
2026-07-10T10:38:15.444	456	959	639	1160	2986	2936	3512	3860	4028	529	26.16	1018.64	61.68	268940	AS7341	flash	5	100	999	10	0.0	0.0
2026-07-10T10:38:17.534	456	959	639	1161	2986	2936	3512	3859	4028	528	26.16	1018.63	61.68	267412	AS7341	flash	5	100	999	10	0.0	0.0
2026-07-10T10:38:19.517	456	959	639	1161	2986	2935	3511	3859	4027	529	26.16	1018.62	61.72	267412	AS7341	flash	5	100	999	10	0.0	0.0
2026-07-10T10:38:21.506	456	959	639	1160	2985	2935	3511	3858	4027	529	26.16	1018.64	61.75	268064	AS7341	flash	5	100	999	10	0.0	0.0
2026-07-10T10:38:23.498	456	959	639	1160	2985	2935	3510	3858	4027	528	26.17	1018.62	61.81	266978	AS7341	flash	5	100	999	10	0.0	0.0
2026-07-10T10:38:25.488	456	959	639	1160	2985	2935	3511	3859	4027	529	26.17	1018.63	61.87	268283	AS7341	flash	5	100	999	10	0.0	0.0
2026-07-10T10:38:27.478	456	959	639	1160	2985	2935	3511	3858	4027	528	26.16	1018.64	61.89	266330	AS7341	flash	5	100	999	10	0.0	0.0
2026-07-10T10:38:29.472	456	959	639	1160	2985	2935	3511	3858	4027	528	26.17	1018.63	61.87	268283	AS7341	flash	5	100	999	10	0.0	0.0
2026-07-10T10:38:31.476	456	959	639	1161	2986	2936	3512	3860	4028	528	26.17	1018.61	61.91	267629	AS7341	flash	5	100	999	10	0.0	0.0
2026-07-10T10:38:33.472	457	959	639	1160	2986	2936	3511	3859	4028	529	26.16	1018.61	61.92	268940	AS7341	flash	5	100	999	10	0.0	0.0
2026-07-10T10:38:35.459	457	959	639	1161	2986	2935	3511	3858	4027	528	26.16	1018.63	61.85	268502	AS7341	flash	5	100	999	10	0.0	0.0
2026-07-10T10:38:37.463	456	959	639	1161	2986	2936	3512	3860	4028	529	26.16	1018.64	61.79	267412	AS7341	flash	5	100	999	10	0.0	0.0
2026-07-10T10:38:39.454	456	959	639	1160	2985	2935	3511	3858	4027	529	26.17	1018.64	61.78	268940	AS7341	flash	5	100	999	10	0.0	0.0
2026-07-10T10:38:41.443	456	959	639	1161	2987	2937	3512	3859	4029	528	26.16	1018.66	61.78	268502	AS7341	flash	5	100	999	10	0.0	0.0
2026-07-10T10:38:43.536	457	959	639	1161	2986	2935	3511	3858	4027	529	26.15	1018.64	61.75	267629	AS7341	flash	5	100	999	10	0.0	0.0
2026-07-10T10:38:45.529	457	959	639	1161	2986	2936	3511	3859	4028	529	26.15	1018.63	61.79	267629	AS7341	flash	5	100	999	10	0.0	0.0
2026-07-10T10:38:47.514	457	959	639	1161	2987	2936	3512	3860	4029	528	26.16	1018.65	61.79	267195	AS7341	flash	5	100	999	10	0.0	0.0
2026-07-10T10:38:49.507	457	959	639	1161	2987	2937	3512	3860	4029	529	26.15	1018.65	61.8	270264	AS7341	flash	5	100	999	10	0.0	0.0
2026-07-10T10:38:51.488	457	959	639	1161	2986	2936	3511	3858	4027	528	26.16	1018.65	61.87	269380	AS7341	flash	5	100	999	10	0.0	0.0
2026-07-10T10:38:53.481	456	959	639	1161	2986	2936	3512	3859	4028	529	26.16	1018.66	61.95	269380	AS7341	flash	5	100	999	10	0.0	0.0
2026-07-10T10:38:55.463	457	959	639	1161	2986	2935	3511	3859	4027	529	26.15	1018.65	62.0	268283	AS7341	flash	5	100	999	10	0.0	0.0
2026-07-10T10:38:57.458	457	959	640	1161	2987	2936	3512	3859	4028	529	26.15	1018.61	61.98	269380	AS7341	flash	5	100	999	10	0.0	0.0
2026-07-10T10:38:59.453	456	959	639	1161	2985	2935	3510	3857	4026	529	26.15	1018.64	61.93	267629	AS7341	flash	5	100	999	10	0.0	0.0
2026-07-10T10:39:01.440	456	959	639	1161	2985	2935	3510	3857	4027	529	26.15	1018.65	61.92	267846	AS7341	flash	5	100	999	10	0.0	0.0
2026-07-10T10:39:03.529	457	959	639	1161	2986	2936	3512	3859	4028	529	26.14	1018.63	61.98	269380	AS7341	flash	5	100	999	10	0.0	0.0
2026-07-10T10:39:05.522	456	959	639	1161	2986	2936	3511	3859	4027	528	26.15	1018.6	62.0	267412	AS7341	flash	5	100	999	10	0.0	0.0
2026-07-10T10:39:07.508	456	959	639	1161	2985	2936	3511	3858	4027	529	26.15	1018.64	62.0	267629	AS7341	flash	5	100	999	10	0.0	0.0
2026-07-10T10:39:09.497	457	959	639	1161	2986	2936	3512	3859	4028	529	26.15	1018.63	61.9	268721	AS7341	flash	5	100	999	10	0.0	0.0
2026-07-10T10:39:11.485	456	959	639	1161	2986	2935	3511	3858	4027	528	26.16	1018.64	61.78	269821	AS7341	flash	5	100	999	10	0.0	0.0
2026-07-10T10:39:13.476	456	959	639	1161	2986	2936	3512	3859	4028	528	26.14	1018.63	61.71	268502	AS7341	flash	5	100	999	10	0.0	0.0
2026-07-10T10:39:15.458	456	959	639	1160	2985	2935	3511	3858	4026	528	26.15	1018.64	61.7	269380	AS7341	flash	5	100	999	10	0.0	0.0
2026-07-10T10:39:17.457	457	959	639	1161	2986	2936	3512	3859	4028	529	26.15	1018.61	61.75	268940	AS7341	flash	5	100	999	10	0.0	0.0
2026-07-10T10:39:19.456	457	959	639	1161	2986	2936	3512	3859	4028	528	26.15	1018.66	61.86	268502	AS7341	flash	5	100	999	10	0.0	0.0
2026-07-10T10:39:21.440	456	959	639	1161	2987	2937	3513	3860	4029	529	26.15	1018.6	61.95	268940	AS7341	flash	5	100	999	10	0.0	0.0
2026-07-10T10:39:23.535	457	959	639	1161	2987	2937	3512	3860	4029	528	26.14	1018.64	62.03	267412	AS7341	flash	5	100	999	10	0.0	0.0
2026-07-10T10:39:25.523	456	959	639	1161	2986	2936	3511	3858	4027	528	26.15	1018.65	62.02	267846	AS7341	flash	5	100	999	10	0.0	0.0
2026-07-10T10:39:27.510	456	959	639	1161	2986	2936	3512	3859	4028	529	26.15	1018.62	62.0	268064	AS7341	flash	5	100	999	10	0.0	0.0
2026-07-10T10:39:29.492	457	959	640	1161	2987	2936	3512	3860	4028	528	26.15	1018.65	62.02	269380	AS7341	flash	5	100	999	10	0.0	0.0
2026-07-10T10:39:31.472	457	959	640	1161	2986	2936	3512	3859	4028	529	26.15	1018.65	62.03	268502	AS7341	flash	5	100	999	10	0.0	0.0
2026-07-10T10:39:33.459	457	959	639	1161	2986	2936	3512	3859	4028	529	26.15	1018.65	61.98	268940	AS7341	flash	5	100	999	10	0.0	0.0
2026-07-10T10:39:35.454	457	959	639	1161	2986	2936	3512	3859	4028	529	26.15	1018.65	61.93	269601	AS7341	flash	5	100	999	10	0.0	0.0
2026-07-10T10:39:37.442	456	959	639	1161	2986	2936	3512	3859	4028	528	26.14	1018.64	61.94	268064	AS7341	flash	5	100	999	10	0.0	0.0
2026-07-10T10:39:39.439	457	959	640	1161	2988	2937	3513	3861	4029	528	26.15	1018.65	61.97	269160	AS7341	flash	5	100	999	10	0.0	0.0
2026-07-10T10:39:41.527	457	960	640	1162	2988	2938	3514	3861	4030	528	26.13	1018.64	62.06	268064	AS7341	flash	5	100	999	10	0.0	0.0
2026-07-10T10:39:43.523	457	960	640	1161	2988	2938	3514	3862	4030	529	26.15	1018.63	62.11	267412	AS7341	flash	5	100	999	10	0.0	0.0
2026-07-10T10:39:45.509	457	959	640	1161	2987	2937	3513	3860	4029	528	26.14	1018.64	62.12	266978	AS7341	flash	5	100	999	10	0.0	0.0
2026-07-10T10:39:47.493	457	960	640	1161	2988	2937	3513	3861	4029	528	26.14	1018.63	62.12	268721	AS7341	flash	5	100	999	10	0.0	0.0
2026-07-10T10:39:49.488	457	959	640	1161	2987	2937	3513	3859	4028	529	26.14	1018.6	62.08	268502	AS7341	flash	5	100	999	10	0.0	0.0
2026-07-10T10:39:51.478	457	959	640	1161	2988	2938	3514	3861	4030	528	26.14	1018.63	62.04	268283	AS7341	flash	5	100	999	10	0.0	0.0
2026-07-10T10:39:53.457	457	959	640	1161	2987	2937	3513	3859	4029	528	26.15	1018.66	62.04	267412	AS7341	flash	5	100	999	10	0.0	0.0
2026-07-10T10:39:55.460	457	959	640	1161	2987	2936	3512	3859	4028	529	26.15	1018.63	62.07	269601	AS7341	flash	5	100	999	10	0.0	0.0
2026-07-10T10:39:57.447	456	959	639	1161	2988	2937	3513	3859	4029	528	26.14	1018.64	62.02	267846	AS7341	flash	5	100	999	10	0.0	0.0
2026-07-10T10:39:59.447	456	959	639	1161	2987	2937	3513	3860	4029	528	26.14	1018.64	61.98	269380	AS7341	flash	5	100	999	10	0.0	0.0
2026-07-10T10:40:01.531	457	959	639	1161	2987	2937	3512	3859	4028	529	26.13	1018.6	61.95	268940	AS7341	flash	5	100	999	10	0.0	0.0
2026-07-10T10:40:03.526	457	959	639	1161	2987	2937	3513	3860	4028	528	26.14	1018.65	61.86	268940	AS7341	flash	5	100	999	10	0.0	0.0
2026-07-10T10:40:05.512	457	959	639	1161	2987	2937	3513	3860	4029	528	26.14	1018.63	61.73	269821	AS7341	flash	5	100	999	10	0.0	0.0
2026-07-10T10:40:07.511	457	959	639	1161	2987	2937	3512	3860	4028	528	26.14	1018.63	61.67	271154	AS7341	flash	5	100	999	10	0.0	0.0
2026-07-10T10:40:09.494	457	959	639	1161	2987	2937	3512	3859	4028	528	26.13	1018.62	61.71	269821	AS7341	flash	5	100	999	10	0.0	0.0
2026-07-10T10:40:11.483	457	959	640	1161	2987	2937	3513	3860	4028	529	26.14	1018.64	61.75	269821	AS7341	flash	5	100	999	10	0.0	0.0
2026-07-10T10:40:13.478	457	959	639	1161	2988	2937	3513	3861	4029	528	26.14	1018.65	61.85	268940	AS7341	flash	5	100	999	10	0.0	0.0
2026-07-10T10:40:15.471	456	959	639	1161	2986	2936	3512	3859	4028	529	26.14	1018.64	61.88	269380	AS7341	flash	5	100	999	10	0.0	0.0
2026-07-10T10:40:17.466	457	959	639	1161	2987	2937	3513	3860	4029	529	26.14	1018.61	61.89	268283	AS7341	flash	5	100	999	10	0.0	0.0
2026-07-10T10:40:19.455	456	959	639	1161	2986	2936	3512	3859	4028	528	26.14	1018.63	61.9	269601	AS7341	flash	5	100	999	10	0.0	0.0
2026-07-10T10:40:21.442	457	959	640	1161	2987	2937	3513	3860	4028	528	26.14	1018.65	61.95	268064	AS7341	flash	5	100	999	10	0.0	0.0
2026-07-10T10:40:23.542	457	959	640	1161	2988	2936	3513	3861	4029	529	26.13	1018.65	61.98	268940	AS7341	flash	5	100	999	10	0.0	0.0
2026-07-10T10:40:25.536	457	959	639	1161	2987	2937	3513	3860	4028	528	26.14	1018.63	61.98	268502	AS7341	flash	5	100	999	10	0.0	0.0
2026-07-10T10:40:27.520	457	959	640	1161	2987	2937	3513	3860	4029	528	26.13	1018.61	61.96	268721	AS7341	flash	5	100	999	10	0.0	0.0
2026-07-10T10:40:29.503	457	959	640	1161	2987	2937	3513	3860	4029	529	26.14	1018.63	61.92	268940	AS7341	flash	5	100	999	10	0.0	0.0
2026-07-10T10:40:31.493	457	959	639	1161	2987	2936	3513	3860	4028	529	26.13	1018.59	61.92	270264	AS7341	flash	5	100	999	10	0.0	0.0
2026-07-10T10:40:33.481	456	959	639	1161	2987	2937	3513	3860	4028	529	26.14	1018.62	61.89	268283	AS7341	flash	5	100	999	10	0.0	0.0
2026-07-10T10:40:35.472	457	959	639	1161	2986	2936	3512	3858	4027	529	26.14	1018.61	61.89	269821	AS7341	flash	5	100	999	10	0.0	0.0
2026-07-10T10:40:37.461	457	959	639	1161	2987	2937	3513	3860	4029	529	26.14	1018.63	61.92	269380	AS7341	flash	5	100	999	10	0.0	0.0
2026-07-10T10:40:39.447	457	959	639	1161	2987	2937	3512	3859	4028	529	26.13	1018.63	61.97	269160	AS7341	flash	5	100	999	10	0.0	0.0
2026-07-10T10:40:41.442	456	959	639	1161	2987	2936	3512	3859	4028	528	26.14	1018.65	61.97	269821	AS7341	flash	5	100	999	10	0.0	0.0
2026-07-10T10:40:43.538	457	959	640	1161	2988	2938	3513	3860	4029	528	26.13	1018.68	61.95	267629	AS7341	flash	5	100	999	10	0.0	0.0
2026-07-10T10:40:45.531	457	959	639	1161	2987	2937	3513	3860	4029	529	26.13	1018.62	61.96	269601	AS7341	flash	5	100	999	10	0.0	0.0
2026-07-10T10:40:47.525	457	959	639	1161	2987	2937	3513	3860	4029	529	26.13	1018.63	61.98	270264	AS7341	flash	5	100	999	10	0.0	0.0
2026-07-10T10:40:49.510	457	959	639	1161	2987	2937	3513	3858	4028	528	26.13	1018.62	61.96	269821	AS7341	flash	5	100	999	10	0.0	0.0
2026-07-10T10:40:51.506	457	959	639	1161	2987	2937	3513	3860	4029	528	26.14	1018.64	61.91	270264	AS7341	flash	5	100	999	10	0.0	0.0
2026-07-10T10:40:53.492	457	959	639	1161	2987	2937	3513	3860	4029	528	26.13	1018.6	61.94	268502	AS7341	flash	5	100	999	10	0.0	0.0
2026-07-10T10:40:55.474	457	959	640	1161	2988	2938	3514	3861	4030	529	26.13	1018.65	61.97	270486	AS7341	flash	5	100	999	10	0.0	0.0
2026-07-10T10:40:57.466	457	959	640	1161	2988	2938	3514	3860	4030	529	26.13	1018.63	62.01	270043	AS7341	flash	5	100	999	10	0.0	0.0
2026-07-10T10:40:59.464	457	960	640	1162	2988	2938	3514	3861	4030	528	26.13	1018.64	62.08	267629	AS7341	flash	5	100	999	10	0.0	0.0
2026-07-10T10:41:01.447	457	960	640	1161	2988	2938	3514	3860	4029	528	26.13	1018.62	62.12	269380	AS7341	flash	5	100	999	10	0.0	0.0
2026-07-10T10:41:03.536	457	960	640	1162	2989	2939	3515	3862	4031	529	26.13	1018.62	62.09	269160	AS7341	flash	5	100	999	10	0.0	0.0
2026-07-10T10:41:05.523	457	959	639	1161	2987	2937	3513	3860	4028	528	26.13	1018.61	62.0	269380	AS7341	flash	5	100	999	10	0.0	0.0
2026-07-10T10:41:07.512	457	959	639	1161	2988	2938	3514	3860	4029	529	26.13	1018.63	61.91	270264	AS7341	flash	5	100	999	10	0.0	0.0
2026-07-10T10:41:09.500	457	959	640	1161	2988	2938	3514	3861	4030	529	26.13	1018.62	61.91	270486	AS7341	flash	5	100	999	10	0.0	0.0
2026-07-10T10:41:11.488	457	959	640	1161	2988	2938	3513	3860	4029	528	26.13	1018.6	61.93	269821	AS7341	flash	5	100	999	10	0.0	0.0
2026-07-10T10:41:13.474	457	959	639	1161	2988	2938	3514	3861	4029	528	26.13	1018.61	61.93	269821	AS7341	flash	5	100	999	10	0.0	0.0
2026-07-10T10:41:15.462	457	959	640	1161	2988	2938	3514	3861	4030	528	26.13	1018.61	61.94	270264	AS7341	flash	5	100	999	10	0.0	0.0
2026-07-10T10:41:17.551	457	960	640	1162	2989	2939	3515	3861	4030	529	26.12	1018.64	61.91	270486	AS7341	flash	5	100	999	10	0.0	0.0
2026-07-10T10:41:19.539	457	959	640	1161	2988	2938	3514	3861	4030	529	26.13	1018.64	61.88	268940	AS7341	flash	5	100	999	10	0.0	0.0
2026-07-10T10:41:21.532	457	959	639	1161	2987	2937	3514	3860	4029	528	26.13	1018.63	61.81	270709	AS7341	flash	5	100	999	10	0.0	0.0
2026-07-10T10:41:23.525	457	959	640	1161	2988	2938	3514	3860	4029	528	26.13	1018.65	61.75	270709	AS7341	flash	5	100	999	10	0.0	0.0
2026-07-10T10:41:25.518	457	959	640	1161	2988	2938	3514	3861	4030	528	26.13	1018.64	61.7	270931	AS7341	flash	5	100	999	10	0.0	0.0
2026-07-10T10:41:27.520	457	959	640	1161	2989	2939	3515	3862	4031	528	26.13	1018.64	61.66	270709	AS7341	flash	5	100	999	10	0.0	0.0
2026-07-10T10:41:29.512	457	959	640	1161	2988	2938	3514	3859	4029	528	26.13	1018.63	61.69	271602	AS7341	flash	5	100	999	10	0.0	0.0
2026-07-10T10:41:31.496	457	959	640	1161	2988	2939	3515	3862	4031	528	26.13	1018.63	61.68	270486	AS7341	flash	5	100	999	10	0.0	0.0
2026-07-10T10:41:33.488	457	959	640	1161	2989	2939	3515	3861	4030	528	26.13	1018.61	61.67	270486	AS7341	flash	5	100	999	10	0.0	0.0
2026-07-10T10:41:35.479	457	959	640	1161	2988	2938	3514	3861	4030	528	26.13	1018.65	61.75	270709	AS7341	flash	5	100	999	10	0.0	0.0
2026-07-10T10:41:37.479	457	959	639	1161	2987	2937	3513	3860	4029	528	26.13	1018.65	61.83	271378	AS7341	flash	5	100	999	10	0.0	0.0
2026-07-10T10:41:39.477	457	960	640	1161	2989	2939	3515	3860	4030	528	26.13	1018.63	61.93	270709	AS7341	flash	5	100	999	10	0.0	0.0
2026-07-10T10:41:41.466	457	959	640	1162	2988	2938	3514	3859	4029	528	26.13	1018.63	61.99	268940	AS7341	flash	5	100	999	10	0.0	0.0
2026-07-10T10:41:43.556	457	959	640	1161	2988	2938	3514	3860	4029	528	26.12	1018.6	62.05	269160	AS7341	flash	5	100	999	10	0.0	0.0
2026-07-10T10:41:45.545	457	959	640	1161	2988	2938	3514	3860	4029	529	26.13	1018.62	62.1	269601	AS7341	flash	5	100	999	10	0.0	0.0
2026-07-10T10:41:47.538	457	959	640	1161	2988	2938	3514	3860	4029	528	26.13	1018.61	62.15	268502	AS7341	flash	5	100	999	10	0.0	0.0
2026-07-10T10:41:49.531	457	959	639	1161	2988	2938	3514	3860	4029	529	26.13	1018.62	62.19	269160	AS7341	flash	5	100	999	10	0.0	0.0
2026-07-10T10:41:51.519	457	959	640	1161	2988	2938	3514	3861	4029	529	26.13	1018.63	62.23	269821	AS7341	flash	5	100	999	10	0.0	0.0
2026-07-10T10:41:53.509	457	959	640	1161	2988	2938	3514	3860	4029	529	26.13	1018.65	62.22	269601	AS7341	flash	5	100	999	10	0.0	0.0
2026-07-10T10:41:55.498	457	959	639	1161	2988	2938	3515	3861	4030	528	26.13	1018.62	62.16	268940	AS7341	flash	5	100	999	10	0.0	0.0
2026-07-10T10:41:57.485	457	959	640	1161	2988	2939	3514	3861	4030	528	26.13	1018.66	62.14	268940	AS7341	flash	5	100	999	10	0.0	0.0
2026-07-10T10:41:59.476	457	959	640	1161	2988	2938	3514	3860	4029	529	26.13	1018.62	62.11	270264	AS7341	flash	5	100	999	10	0.0	0.0
2026-07-10T10:42:01.570	457	960	640	1162	2989	2939	3515	3862	4030	529	26.13	1018.63	62.07	268064	AS7341	flash	5	100	999	10	0.0	0.0
2026-07-10T10:42:03.555	457	959	640	1162	2989	2939	3515	3862	4030	528	26.13	1018.6	62.01	269160	AS7341	flash	5	100	999	10	0.0	0.0
2026-07-10T10:42:05.557	457	960	640	1162	2989	2939	3516	3862	4031	528	26.13	1018.65	61.97	268940	AS7341	flash	5	100	999	10	0.0	0.0
2026-07-10T10:42:07.559	457	960	640	1162	2989	2939	3516	3861	4031	528	26.13	1018.63	61.93	268940	AS7341	flash	5	100	999	10	0.0	0.0
2026-07-10T10:42:09.553	457	959	640	1161	2988	2939	3515	3861	4030	529	26.12	1018.6	61.93	268721	AS7341	flash	5	100	999	10	0.0	0.0
2026-07-10T10:42:11.554	457	959	640	1161	2989	2938	3515	3861	4030	528	26.13	1018.64	61.93	269601	AS7341	flash	5	100	999	10	0.0	0.0
2026-07-10T10:42:13.541	457	959	640	1162	2988	2939	3514	3861	4030	529	26.13	1018.62	61.87	269821	AS7341	flash	5	100	999	10	0.0	0.0
2026-07-10T10:42:15.527	457	959	640	1161	2989	2939	3515	3862	4030	529	26.13	1018.61	61.81	269601	AS7341	flash	5	100	999	10	0.0	0.0
2026-07-10T10:42:17.511	457	959	640	1161	2988	2939	3515	3860	4030	528	26.14	1018.61	61.84	270043	AS7341	flash	5	100	999	10	0.0	0.0
2026-07-10T10:42:19.506	457	959	640	1162	2990	2940	3517	3863	4032	529	26.13	1018.68	61.87	269821	AS7341	flash	5	100	999	10	0.0	0.0
2026-07-10T10:42:21.495	457	959	640	1161	2988	2938	3515	3861	4030	529	26.13	1018.63	61.87	270709	AS7341	flash	5	100	999	10	0.0	0.0
2026-07-10T10:42:23.490	457	959	640	1162	2989	2939	3515	3861	4030	529	26.13	1018.64	61.91	270931	AS7341	flash	5	100	999	10	0.0	0.0
2026-07-10T10:42:25.482	457	959	640	1161	2989	2939	3515	3861	4030	529	26.13	1018.63	61.92	270709	AS7341	flash	5	100	999	10	0.0	0.0
2026-07-10T10:42:27.568	457	960	640	1162	2991	2941	3517	3864	4033	530	26.12	1018.62	61.93	270486	AS7341	flash	5	100	999	10	0.0	0.0
2026-07-10T10:42:29.546	457	959	640	1161	2989	2940	3516	3862	4031	528	26.13	1018.67	61.89	269160	AS7341	flash	5	100	999	10	0.0	0.0
2026-07-10T10:42:31.534	457	960	640	1162	2990	2940	3516	3863	4031	528	26.13	1018.63	61.85	270709	AS7341	flash	5	100	999	10	0.0	0.0
2026-07-10T10:42:33.523	457	960	640	1162	2989	2940	3516	3862	4031	528	26.12	1018.61	61.83	270709	AS7341	flash	5	100	999	10	0.0	0.0
2026-07-10T10:42:35.513	457	960	640	1162	2990	2940	3517	3863	4032	529	26.12	1018.63	61.79	271602	AS7341	flash	5	100	999	10	0.0	0.0
2026-07-10T10:42:37.502	457	959	640	1162	2990	2940	3516	3862	4031	529	26.13	1018.65	61.81	270709	AS7341	flash	5	100	999	10	0.0	0.0
2026-07-10T10:42:39.490	457	960	640	1162	2990	2940	3516	3863	4032	529	26.12	1018.63	61.87	271154	AS7341	flash	5	100	999	10	0.0	0.0
2026-07-10T10:42:41.489	457	959	640	1161	2990	2939	3515	3862	4031	529	26.13	1018.65	61.92	271602	AS7341	flash	5	100	999	10	0.0	0.0
2026-07-10T10:42:43.492	457	959	640	1162	2990	2939	3516	3862	4031	529	26.12	1018.62	61.97	271378	AS7341	flash	5	100	999	10	0.0	0.0
2026-07-10T10:42:45.476	457	960	640	1162	2991	2941	3518	3864	4033	530	26.13	1018.64	61.97	270264	AS7341	flash	5	100	999	10	0.0	0.0
2026-07-10T10:42:47.572	457	960	640	1162	2990	2941	3517	3864	4032	528	26.12	1018.64	61.97	270931	AS7341	flash	5	100	999	10	0.0	0.0
2026-07-10T10:42:49.556	457	960	640	1162	2990	2940	3516	3862	4031	528	26.12	1018.64	62.0	270486	AS7341	flash	5	100	999	10	0.0	0.0
2026-07-10T10:42:51.541	457	960	640	1162	2990	2940	3516	3862	4032	529	26.12	1018.65	62.06	270931	AS7341	flash	5	100	999	10	0.0	0.0
2026-07-10T10:42:53.526	457	960	640	1162	2990	2940	3517	3862	4032	528	26.12	1018.63	62.13	268502	AS7341	flash	5	100	999	10	0.0	0.0
2026-07-10T10:42:55.515	457	959	640	1162	2990	2940	3516	3862	4031	529	26.12	1018.61	62.21	267629	AS7341	flash	5	100	999	10	0.0	0.0
2026-07-10T10:42:57.500	457	959	640	1162	2989	2940	3516	3862	4031	529	26.12	1018.64	62.23	269160	AS7341	flash	5	100	999	10	0.0	0.0
2026-07-10T10:42:59.492	457	959	640	1162	2989	2940	3516	3862	4031	529	26.12	1018.62	62.15	270931	AS7341	flash	5	100	999	10	0.0	0.0
2026-07-10T10:43:01.487	457	959	640	1161	2989	2939	3516	3862	4030	529	26.12	1018.65	62.03	269821	AS7341	flash	5	100	999	10	0.0	0.0
2026-07-10T10:43:03.474	457	959	640	1162	2990	2940	3516	3862	4031	528	26.12	1018.64	61.93	270486	AS7341	flash	5	100	999	10	0.0	0.0
2026-07-10T10:43:05.567	457	959	640	1162	2990	2940	3517	3863	4031	528	26.11	1018.63	61.8	270709	AS7341	flash	5	100	999	10	0.0	0.0
2026-07-10T10:43:07.557	457	959	640	1162	2990	2941	3517	3863	4032	528	26.11	1018.66	61.76	270264	AS7341	flash	5	100	999	10	0.0	0.0
2026-07-10T10:43:09.553	457	959	640	1162	2990	2940	3516	3862	4031	528	26.11	1018.66	61.81	272050	AS7341	flash	5	100	999	10	0.0	0.0
2026-07-10T10:43:11.534	457	959	640	1162	2989	2940	3516	3862	4031	528	26.12	1018.64	61.87	271826	AS7341	flash	5	100	999	10	0.0	0.0
2026-07-10T10:43:13.527	457	960	640	1162	2990	2940	3516	3862	4031	528	26.11	1018.65	61.91	270264	AS7341	flash	5	100	999	10	0.0	0.0
2026-07-10T10:43:15.507	457	959	640	1161	2989	2939	3515	3860	4030	529	26.11	1018.63	61.92	271826	AS7341	flash	5	100	999	10	0.0	0.0
2026-07-10T10:43:17.498	457	959	640	1162	2990	2940	3516	3863	4031	529	26.11	1018.61	61.82	271378	AS7341	flash	5	100	999	10	0.0	0.0
2026-07-10T10:43:19.491	457	960	640	1162	2990	2940	3516	3861	4031	528	26.12	1018.63	61.7	272050	AS7341	flash	5	100	999	10	0.0	0.0
2026-07-10T10:43:21.485	457	959	640	1162	2990	2940	3516	3861	4031	528	26.11	1018.64	61.72	271602	AS7341	flash	5	100	999	10	0.0	0.0
2026-07-10T10:43:23.485	457	960	640	1162	2990	2941	3517	3863	4032	528	26.12	1018.65	61.78	271602	AS7341	flash	5	100	999	10	0.0	0.0
2026-07-10T10:43:25.483	457	960	640	1162	2990	2941	3517	3863	4032	529	26.12	1018.63	61.85	270486	AS7341	flash	5	100	999	10	0.0	0.0
2026-07-10T10:43:27.469	457	960	640	1162	2990	2940	3516	3861	4031	529	26.12	1018.66	61.81	272500	AS7341	flash	5	100	999	10	0.0	0.0
2026-07-10T10:43:29.561	457	960	640	1162	2990	2941	3517	3863	4032	529	26.11	1018.6	61.72	271154	AS7341	flash	5	100	999	10	0.0	0.0
2026-07-10T10:43:31.554	457	960	640	1162	2990	2940	3516	3862	4031	529	26.12	1018.68	61.7	270709	AS7341	flash	5	100	999	10	0.0	0.0
2026-07-10T10:43:33.545	457	959	640	1162	2990	2940	3516	3862	4031	528	26.12	1018.65	61.68	272050	AS7341	flash	5	100	999	10	0.0	0.0
2026-07-10T10:43:35.539	457	959	640	1162	2990	2940	3517	3863	4032	528	26.12	1018.66	61.66	272275	AS7341	flash	5	100	999	10	0.0	0.0
2026-07-10T10:43:37.528	457	959	640	1162	2990	2940	3517	3863	4032	529	26.12	1018.68	61.68	271378	AS7341	flash	5	100	999	10	0.0	0.0
2026-07-10T10:43:39.523	457	959	640	1162	2990	2940	3516	3862	4031	529	26.12	1018.65	61.67	272952	AS7341	flash	5	100	999	10	0.0	0.0
2026-07-10T10:43:41.515	457	959	640	1162	2990	2940	3517	3863	4031	529	26.13	1018.71	61.66	271602	AS7341	flash	5	100	999	10	0.0	0.0
2026-07-10T10:43:43.504	457	959	640	1162	2990	2939	3516	3861	4031	528	26.12	1018.62	61.61	272952	AS7341	flash	5	100	999	10	0.0	0.0
2026-07-10T10:43:45.498	457	959	640	1162	2989	2939	3516	3861	4030	529	26.12	1018.67	61.6	271602	AS7341	flash	5	100	999	10	0.0	0.0
2026-07-10T10:43:47.494	457	959	640	1161	2989	2940	3516	3861	4031	529	26.11	1018.64	61.59	272726	AS7341	flash	5	100	999	10	0.0	0.0
2026-07-10T10:43:49.486	457	960	640	1162	2990	2940	3517	3863	4032	529	26.12	1018.64	61.65	272500	AS7341	flash	5	100	999	10	0.0	0.0
2026-07-10T10:43:51.479	457	959	640	1162	2990	2939	3517	3862	4032	529	26.12	1018.69	61.73	272500	AS7341	flash	5	100	999	10	0.0	0.0
2026-07-10T10:43:53.477	457	959	640	1162	2989	2939	3516	3862	4030	528	26.12	1018.63	61.76	272050	AS7341	flash	5	100	999	10	0.0	0.0
2026-07-10T10:43:55.479	457	959	640	1162	2990	2940	3516	3862	4031	528	26.12	1018.65	61.72	272050	AS7341	flash	5	100	999	10	0.0	0.0
2026-07-10T10:43:57.481	457	959	640	1162	2989	2939	3516	3861	4031	529	26.12	1018.65	61.65	272275	AS7341	flash	5	100	999	10	0.0	0.0
2026-07-10T10:43:59.565	457	959	640	1162	2990	2940	3516	3862	4031	529	26.11	1018.64	61.65	272500	AS7341	flash	5	100	999	10	0.0	0.0
2026-07-10T10:44:01.550	457	959	640	1162	2989	2939	3516	3861	4030	529	26.12	1018.66	61.65	272952	AS7341	flash	5	100	999	10	0.0	0.0
2026-07-10T10:44:03.536	457	959	640	1162	2989	2939	3516	3861	4030	529	26.12	1018.64	61.68	271154	AS7341	flash	5	100	999	10	0.0	0.0
2026-07-10T10:44:05.527	457	959	640	1162	2990	2940	3517	3863	4031	528	26.12	1018.65	61.71	271378	AS7341	flash	5	100	999	10	0.0	0.0
2026-07-10T10:44:07.515	457	959	640	1162	2990	2939	3516	3862	4031	528	26.12	1018.66	61.71	272500	AS7341	flash	5	100	999	10	0.0	0.0
2026-07-10T10:44:09.515	457	959	640	1162	2989	2939	3516	3860	4030	528	26.12	1018.64	61.56	272726	AS7341	flash	5	100	999	10	0.0	0.0
2026-07-10T10:44:11.496	457	960	640	1162	2990	2940	3516	3862	4031	529	26.12	1018.66	61.42	272726	AS7341	flash	5	100	999	10	0.0	0.0
2026-07-10T10:44:13.485	457	960	640	1162	2990	2941	3517	3863	4031	529	26.12	1018.65	61.35	274545	AS7341	flash	5	100	999	10	0.0	0.0
2026-07-10T10:44:15.473	457	960	640	1162	2990	2940	3517	3863	4032	528	26.11	1018.65	61.31	273405	AS7341	flash	5	100	999	10	0.0	0.0
2026-07-10T10:44:17.569	457	959	640	1162	2990	2940	3517	3862	4031	528	26.1	1018.63	61.3	272500	AS7341	flash	5	100	999	10	0.0	0.0
2026-07-10T10:44:19.555	457	960	640	1162	2990	2940	3517	3863	4032	528	26.11	1018.66	61.22	273405	AS7341	flash	5	100	999	10	0.0	0.0
2026-07-10T10:44:21.536	457	960	640	1162	2990	2941	3517	3863	4032	530	26.11	1018.64	61.2	275233	AS7341	flash	5	100	999	10	0.0	0.0
2026-07-10T10:44:23.528	457	960	640	1162	2990	2940	3517	3863	4032	529	26.11	1018.64	61.15	275463	AS7341	flash	5	100	999	10	0.0	0.0
2026-07-10T10:44:25.509	457	960	640	1162	2990	2941	3517	3863	4032	529	26.11	1018.62	61.17	275003	AS7341	flash	5	100	999	10	0.0	0.0
2026-07-10T10:44:27.497	457	960	640	1162	2990	2941	3517	3863	4032	529	26.11	1018.64	61.26	276388	AS7341	flash	5	100	999	10	0.0	0.0
2026-07-10T10:44:29.491	457	960	640	1162	2991	2941	3518	3864	4033	529	26.12	1018.65	61.35	273405	AS7341	flash	5	100	999	10	0.0	0.0
2026-07-10T10:44:31.479	457	960	640	1162	2990	2940	3517	3863	4032	529	26.11	1018.64	61.46	274316	AS7341	flash	5	100	999	10	0.0	0.0
2026-07-10T10:44:33.470	457	960	640	1162	2990	2940	3516	3862	4031	528	26.12	1018.66	61.55	275003	AS7341	flash	5	100	999	10	0.0	0.0
2026-07-10T10:44:35.557	457	960	640	1162	2990	2940	3517	3863	4032	529	26.1	1018.64	61.61	274088	AS7341	flash	5	100	999	10	0.0	0.0
2026-07-10T10:44:37.547	457	960	640	1162	2991	2941	3517	3863	4032	530	26.1	1018.68	61.65	272500	AS7341	flash	5	100	999	10	0.0	0.0
2026-07-10T10:44:39.533	457	960	640	1162	2991	2941	3518	3863	4032	528	26.1	1018.63	61.64	273632	AS7341	flash	5	100	999	10	0.0	0.0
2026-07-10T10:44:41.520	457	960	640	1162	2991	2940	3517	3863	4032	528	26.11	1018.65	61.7	272050	AS7341	flash	5	100	999	10	0.0	0.0
2026-07-10T10:44:43.506	457	960	640	1161	2990	2940	3517	3861	4031	528	26.11	1018.66	61.72	272726	AS7341	flash	5	100	999	10	0.0	0.0
2026-07-10T10:44:45.501	457	960	640	1162	2991	2941	3517	3863	4032	529	26.1	1018.64	61.8	274088	AS7341	flash	5	100	999	10	0.0	0.0
2026-07-10T10:44:47.494	457	960	640	1162	2990	2940	3517	3862	4031	528	26.1	1018.68	61.85	272952	AS7341	flash	5	100	999	10	0.0	0.0
2026-07-10T10:44:49.484	457	960	640	1162	2990	2940	3516	3862	4032	528	26.1	1018.67	61.89	273860	AS7341	flash	5	100	999	10	0.0	0.0
2026-07-10T10:44:51.568	457	960	640	1162	2991	2941	3518	3864	4033	530	26.09	1018.65	61.96	271154	AS7341	flash	5	100	999	10	0.0	0.0
2026-07-10T10:44:53.559	457	960	640	1163	2991	2941	3518	3864	4033	528	26.1	1018.67	62.04	270931	AS7341	flash	5	100	999	10	0.0	0.0
2026-07-10T10:44:55.549	457	960	640	1162	2990	2940	3517	3862	4031	528	26.09	1018.66	62.13	272500	AS7341	flash	5	100	999	10	0.0	0.0
2026-07-10T10:44:57.544	457	960	640	1162	2990	2939	3516	3862	4031	529	26.1	1018.65	62.16	270931	AS7341	flash	5	100	999	10	0.0	0.0
2026-07-10T10:44:59.530	457	959	640	1162	2990	2940	3517	3861	4031	528	26.1	1018.7	62.13	272726	AS7341	flash	5	100	999	10	0.0	0.0
2026-07-10T10:45:01.518	457	959	640	1161	2989	2940	3516	3861	4030	529	26.09	1018.62	62.13	272500	AS7341	flash	5	100	999	10	0.0	0.0
2026-07-10T10:45:03.503	457	960	640	1162	2990	2940	3516	3861	4030	528	26.1	1018.67	62.16	272500	AS7341	flash	5	100	999	10	0.0	0.0
2026-07-10T10:45:05.490	457	960	640	1162	2990	2941	3516	3862	4031	529	26.09	1018.63	62.14	272050	AS7341	flash	5	100	999	10	0.0	0.0
2026-07-10T10:45:07.483	457	960	640	1162	2991	2940	3518	3863	4033	530	26.1	1018.63	62.12	270931	AS7341	flash	5	100	999	10	0.0	0.0
2026-07-10T10:45:09.481	457	959	640	1162	2990	2940	3516	3860	4031	529	26.1	1018.64	62.08	270931	AS7341	flash	5	100	999	10	0.0	0.0
2026-07-10T10:45:11.476	457	960	640	1162	2991	2941	3517	3862	4032	529	26.09	1018.65	62.02	271826	AS7341	flash	5	100	999	10	0.0	0.0
2026-07-10T10:45:13.573	457	960	640	1162	2992	2942	3519	3864	4033	529	26.09	1018.66	62.11	271826	AS7341	flash	5	100	999	10	0.0	0.0
2026-07-10T10:45:15.570	457	960	640	1162	2991	2941	3518	3863	4032	529	26.09	1018.67	62.16	270709	AS7341	flash	5	100	999	10	0.0	0.0
2026-07-10T10:45:17.553	457	960	640	1162	2991	2941	3517	3862	4032	529	26.09	1018.64	62.17	272050	AS7341	flash	5	100	999	10	0.0	0.0
2026-07-10T10:45:19.542	457	960	640	1162	2992	2942	3518	3864	4033	529	26.09	1018.66	62.23	272050	AS7341	flash	5	100	999	10	0.0	0.0
2026-07-10T10:45:21.533	457	960	640	1162	2991	2941	3517	3862	4032	529	26.08	1018.64	62.28	270709	AS7341	flash	5	100	999	10	0.0	0.0
2026-07-10T10:45:23.526	457	960	640	1162	2992	2942	3518	3863	4033	529	26.09	1018.65	62.32	270486	AS7341	flash	5	100	999	10	0.0	0.0
2026-07-10T10:45:25.510	457	960	640	1162	2991	2941	3517	3861	4032	528	26.09	1018.66	62.35	272050	AS7341	flash	5	100	999	10	0.0	0.0
2026-07-10T10:45:27.497	457	959	640	1162	2990	2941	3517	3862	4032	529	26.09	1018.67	62.36	270486	AS7341	flash	5	100	999	10	0.0	0.0
2026-07-10T10:45:29.493	457	960	640	1162	2990	2940	3516	3860	4031	528	26.09	1018.65	62.35	270486	AS7341	flash	5	100	999	10	0.0	0.0
2026-07-10T10:45:31.493	457	960	640	1162	2990	2941	3516	3860	4031	529	26.09	1018.66	62.33	270709	AS7341	flash	5	100	999	10	0.0	0.0
2026-07-10T10:45:33.486	457	960	640	1162	2992	2942	3519	3863	4033	530	26.09	1018.65	62.27	272050	AS7341	flash	5	100	999	10	0.0	0.0
2026-07-10T10:45:35.469	457	959	640	1162	2990	2940	3517	3862	4031	529	26.09	1018.65	62.23	271602	AS7341	flash	5	100	999	10	0.0	0.0
2026-07-10T10:45:37.561	457	960	640	1163	2992	2942	3518	3863	4033	529	26.08	1018.68	62.23	270486	AS7341	flash	5	100	999	10	0.0	0.0
2026-07-10T10:45:39.549	457	959	640	1162	2991	2941	3517	3861	4032	528	26.09	1018.67	62.23	270264	AS7341	flash	5	100	999	10	0.0	0.0
2026-07-10T10:45:41.533	457	959	640	1162	2992	2942	3518	3862	4033	529	26.08	1018.67	62.2	271602	AS7341	flash	5	100	999	10	0.0	0.0
2026-07-10T10:45:43.531	457	960	640	1162	2991	2941	3518	3863	4032	528	26.09	1018.64	62.2	271602	AS7341	flash	5	100	999	10	0.0	0.0
2026-07-10T10:45:45.519	457	960	640	1162	2992	2942	3519	3863	4033	529	26.1	1018.64	62.18	270931	AS7341	flash	5	100	999	10	0.0	0.0
2026-07-10T10:45:47.509	457	960	640	1162	2992	2941	3518	3863	4033	529	26.1	1018.66	62.17	270264	AS7341	flash	5	100	999	10	0.0	0.0
2026-07-10T10:45:49.504	457	959	640	1162	2992	2942	3519	3864	4033	529	26.1	1018.66	62.14	271154	AS7341	flash	5	100	999	10	0.0	0.0
2026-07-10T10:45:51.493	457	960	640	1162	2992	2942	3519	3864	4033	530	26.1	1018.67	62.11	272952	AS7341	flash	5	100	999	10	0.0	0.0
2026-07-10T10:45:53.489	457	960	640	1162	2991	2941	3518	3863	4033	530	26.1	1018.66	61.96	271602	AS7341	flash	5	100	999	10	0.0	0.0
2026-07-10T10:45:55.487	457	959	640	1162	2991	2941	3518	3863	4033	528	26.1	1018.68	61.9	273632	AS7341	flash	5	100	999	10	0.0	0.0
2026-07-10T10:45:57.476	457	959	640	1162	2992	2942	3519	3862	4033	529	26.09	1018.64	61.88	272275	AS7341	flash	5	100	999	10	0.0	0.0
2026-07-10T10:45:59.559	457	960	640	1163	2991	2943	3519	3864	4034	530	26.09	1018.67	61.95	270709	AS7341	flash	5	100	999	10	0.0	0.0
2026-07-10T10:46:01.546	457	960	640	1162	2993	2943	3520	3864	4034	530	26.09	1018.63	62.04	270709	AS7341	flash	5	100	999	10	0.0	0.0
2026-07-10T10:46:03.528	457	960	640	1162	2991	2942	3518	3863	4032	528	26.1	1018.67	62.07	272050	AS7341	flash	5	100	999	10	0.0	0.0
2026-07-10T10:46:05.521	457	960	640	1163	2992	2942	3519	3863	4033	528	26.1	1018.65	62.1	271602	AS7341	flash	5	100	999	10	0.0	0.0
2026-07-10T10:46:07.512	457	959	640	1162	2992	2942	3519	3863	4033	529	26.1	1018.65	62.06	272500	AS7341	flash	5	100	999	10	0.0	0.0
2026-07-10T10:46:09.499	457	960	640	1163	2993	2943	3520	3865	4034	529	26.09	1018.66	62.07	272726	AS7341	flash	5	100	999	10	0.0	0.0
2026-07-10T10:46:11.491	457	960	640	1162	2992	2943	3519	3863	4033	530	26.09	1018.66	62.06	273405	AS7341	flash	5	100	999	10	0.0	0.0
2026-07-10T10:46:13.483	457	960	640	1163	2993	2943	3520	3863	4034	529	26.09	1018.64	62.06	272050	AS7341	flash	5	100	999	10	0.0	0.0
2026-07-10T10:46:15.475	457	960	640	1163	2993	2943	3520	3865	4034	529	26.09	1018.65	62.1	272050	AS7341	flash	5	100	999	10	0.0	0.0
2026-07-10T10:46:17.565	457	960	640	1163	2993	2942	3520	3865	4034	529	26.09	1018.65	62.14	271378	AS7341	flash	5	100	999	10	0.0	0.0
2026-07-10T10:46:19.552	457	960	640	1163	2992	2943	3520	3864	4034	530	26.09	1018.64	62.22	270709	AS7341	flash	5	100	999	10	0.0	0.0
2026-07-10T10:46:21.534	457	960	640	1163	2993	2944	3521	3866	4035	529	26.09	1018.64	62.28	271826	AS7341	flash	5	100	999	10	0.0	0.0
2026-07-10T10:46:23.531	457	959	640	1162	2992	2942	3519	3864	4033	529	26.1	1018.66	62.32	271602	AS7341	flash	5	100	999	10	0.0	0.0
2026-07-10T10:46:25.521	457	959	640	1162	2992	2942	3519	3863	4033	529	26.09	1018.64	62.34	270709	AS7341	flash	5	100	999	10	0.0	0.0
2026-07-10T10:46:27.502	457	960	640	1163	2993	2943	3520	3864	4034	530	26.09	1018.65	62.34	270931	AS7341	flash	5	100	999	10	0.0	0.0
2026-07-10T10:46:29.490	457	960	640	1163	2992	2943	3519	3863	4034	529	26.1	1018.67	62.28	271602	AS7341	flash	5	100	999	10	0.0	0.0
2026-07-10T10:46:31.474	457	960	640	1162	2992	2943	3519	3864	4033	529	26.09	1018.63	62.1	272050	AS7341	flash	5	100	999	10	0.0	0.0
2026-07-10T10:46:33.566	457	959	640	1163	2993	2943	3520	3863	4034	530	26.09	1018.67	62.0	274316	AS7341	flash	5	100	999	10	0.0	0.0
2026-07-10T10:46:35.557	457	960	640	1163	2993	2943	3520	3865	4034	529	26.09	1018.64	61.96	271378	AS7341	flash	5	100	999	10	0.0	0.0
2026-07-10T10:46:37.542	457	960	640	1163	2993	2943	3520	3864	4034	530	26.09	1018.67	61.94	272500	AS7341	flash	5	100	999	10	0.0	0.0
2026-07-10T10:46:39.530	457	960	640	1163	2994	2944	3521	3866	4036	530	26.1	1018.64	61.93	273179	AS7341	flash	5	100	999	10	0.0	0.0
2026-07-10T10:46:41.523	457	960	640	1163	2993	2943	3520	3864	4034	530	26.09	1018.65	61.93	270709	AS7341	flash	5	100	999	10	0.0	0.0
2026-07-10T10:46:43.525	457	959	640	1162	2993	2944	3521	3865	4035	529	26.09	1018.64	61.91	273860	AS7341	flash	5	100	999	10	0.0	0.0
2026-07-10T10:46:45.514	457	960	640	1163	2993	2943	3520	3863	4034	530	26.09	1018.65	61.82	273179	AS7341	flash	5	100	999	10	0.0	0.0
2026-07-10T10:46:47.498	457	960	640	1163	2993	2944	3520	3865	4035	530	26.09	1018.66	61.73	272500	AS7341	flash	5	100	999	10	0.0	0.0
2026-07-10T10:46:49.488	457	960	640	1163	2993	2944	3520	3865	4035	529	26.09	1018.65	61.65	274774	AS7341	flash	5	100	999	10	0.0	0.0
2026-07-10T10:46:51.476	457	959	640	1163	2992	2942	3520	3864	4034	529	26.08	1018.65	61.64	275694	AS7341	flash	5	100	999	10	0.0	0.0
2026-07-10T10:46:53.574	457	960	640	1163	2994	2944	3521	3865	4035	530	26.07	1018.61	61.72	271826	AS7341	flash	5	100	999	10	0.0	0.0
2026-07-10T10:46:55.560	457	960	640	1163	2992	2942	3520	3864	4034	529	26.08	1018.65	61.74	273860	AS7341	flash	5	100	999	10	0.0	0.0
2026-07-10T10:46:57.547	457	960	640	1163	2993	2943	3520	3864	4034	530	26.08	1018.64	61.76	274316	AS7341	flash	5	100	999	10	0.0	0.0
2026-07-10T10:46:59.542	457	960	640	1163	2993	2944	3521	3865	4035	530	26.08	1018.68	61.8	273179	AS7341	flash	5	100	999	10	0.0	0.0
2026-07-10T10:47:01.528	457	960	640	1163	2993	2944	3521	3865	4035	530	26.08	1018.66	61.89	273179	AS7341	flash	5	100	999	10	0.0	0.0
2026-07-10T10:47:03.524	457	960	640	1162	2993	2943	3520	3865	4034	530	26.08	1018.65	61.95	272952	AS7341	flash	5	100	999	10	0.0	0.0
2026-07-10T10:47:05.518	457	960	640	1163	2994	2944	3521	3866	4035	529	26.09	1018.66	61.94	272952	AS7341	flash	5	100	999	10	0.0	0.0
2026-07-10T10:47:07.502	457	959	640	1163	2993	2943	3520	3865	4034	530	26.09	1018.67	61.93	274316	AS7341	flash	5	100	999	10	0.0	0.0
2026-07-10T10:47:09.495	457	960	640	1163	2994	2945	3522	3866	4036	530	26.09	1018.67	61.87	274545	AS7341	flash	5	100	999	10	0.0	0.0
2026-07-10T10:47:11.482	457	960	640	1163	2994	2945	3522	3866	4036	529	26.08	1018.62	61.79	275233	AS7341	flash	5	100	999	10	0.0	0.0
2026-07-10T10:47:13.569	457	960	640	1163	2994	2945	3522	3866	4036	529	26.08	1018.65	61.75	273405	AS7341	flash	5	100	999	10	0.0	0.0
2026-07-10T10:47:15.560	457	960	640	1163	2994	2944	3521	3866	4035	529	26.09	1018.66	61.74	273860	AS7341	flash	5	100	999	10	0.0	0.0
2026-07-10T10:47:17.551	457	960	640	1163	2994	2944	3522	3866	4035	530	26.09	1018.68	61.79	272952	AS7341	flash	5	100	999	10	0.0	0.0
2026-07-10T10:47:19.533	457	960	640	1163	2994	2944	3521	3866	4035	529	26.09	1018.68	61.83	273405	AS7341	flash	5	100	999	10	0.0	0.0
2026-07-10T10:47:21.516	457	960	640	1163	2993	2943	3521	3865	4035	529	26.09	1018.64	61.79	274774	AS7341	flash	5	100	999	10	0.0	0.0
2026-07-10T10:47:23.502	457	960	640	1163	2994	2944	3521	3865	4035	529	26.1	1018.66	61.64	275694	AS7341	flash	5	100	999	10	0.0	0.0
2026-07-10T10:47:25.493	457	960	640	1163	2993	2944	3521	3865	4035	530	26.1	1018.66	61.58	275233	AS7341	flash	5	100	999	10	0.0	0.0
2026-07-10T10:47:27.483	457	960	640	1163	2993	2944	3521	3865	4035	529	26.09	1018.65	61.62	273860	AS7341	flash	5	100	999	10	0.0	0.0
2026-07-10T10:47:29.468	457	960	640	1163	2994	2944	3521	3866	4035	529	26.09	1018.66	61.65	275233	AS7341	flash	5	100	999	10	0.0	0.0
2026-07-10T10:47:31.556	457	960	640	1163	2993	2944	3521	3865	4035	529	26.08	1018.67	61.71	272952	AS7341	flash	5	100	999	10	0.0	0.0
2026-07-10T10:47:33.551	457	960	640	1163	2994	2944	3521	3865	4035	529	26.09	1018.64	61.77	273860	AS7341	flash	5	100	999	10	0.0	0.0
2026-07-10T10:47:35.545	457	960	640	1163	2993	2944	3521	3865	4034	529	26.09	1018.63	61.75	273860	AS7341	flash	5	100	999	10	0.0	0.0
2026-07-10T10:47:37.539	457	959	640	1163	2992	2943	3519	3864	4033	530	26.09	1018.62	61.65	273860	AS7341	flash	5	100	999	10	0.0	0.0
2026-07-10T10:47:39.526	457	960	640	1163	2993	2943	3520	3863	4034	530	26.08	1018.64	61.5	275233	AS7341	flash	5	100	999	10	0.0	0.0
2026-07-10T10:47:41.507	457	960	640	1163	2993	2944	3521	3864	4035	529	26.09	1018.64	61.39	275003	AS7341	flash	5	100	999	10	0.0	0.0
2026-07-10T10:47:43.495	457	959	640	1163	2993	2944	3521	3865	4035	530	26.08	1018.66	61.39	275233	AS7341	flash	5	100	999	10	0.0	0.0
2026-07-10T10:47:45.490	457	959	640	1163	2993	2944	3521	3865	4034	530	26.08	1018.65	61.4	275003	AS7341	flash	5	100	999	10	0.0	0.0
2026-07-10T10:47:47.480	457	960	640	1163	2993	2944	3521	3865	4034	530	26.08	1018.62	61.42	276156	AS7341	flash	5	100	999	10	0.0	0.0
2026-07-10T10:47:49.473	457	960	640	1163	2993	2943	3521	3865	4035	530	26.09	1018.67	61.43	276853	AS7341	flash	5	100	999	10	0.0	0.0
2026-07-10T10:47:51.466	457	960	640	1163	2993	2944	3521	3865	4035	529	26.08	1018.61	61.43	276620	AS7341	flash	5	100	999	10	0.0	0.0
2026-07-10T10:47:53.562	457	960	640	1163	2994	2944	3522	3866	4035	529	26.08	1018.62	61.48	275233	AS7341	flash	5	100	999	10	0.0	0.0
2026-07-10T10:47:55.543	457	960	640	1163	2994	2944	3522	3866	4035	529	26.09	1018.67	61.51	275463	AS7341	flash	5	100	999	10	0.0	0.0
2026-07-10T10:47:57.536	457	960	640	1163	2994	2945	3522	3867	4036	529	26.09	1018.65	61.55	274316	AS7341	flash	5	100	999	10	0.0	0.0
2026-07-10T10:47:59.528	457	960	640	1163	2994	2944	3521	3865	4035	530	26.08	1018.63	61.62	274774	AS7341	flash	5	100	999	10	0.0	0.0
2026-07-10T10:48:01.514	457	960	640	1163	2993	2944	3520	3864	4034	529	26.09	1018.63	61.69	276156	AS7341	flash	5	100	999	10	0.0	0.0
2026-07-10T10:48:03.503	457	960	640	1163	2993	2944	3521	3865	4034	530	26.08	1018.64	61.78	275003	AS7341	flash	5	100	999	10	0.0	0.0
2026-07-10T10:48:05.494	457	960	640	1163	2993	2944	3521	3865	4034	529	26.08	1018.66	61.79	275003	AS7341	flash	5	100	999	10	0.0	0.0
2026-07-10T10:48:07.486	457	960	640	1163	2993	2944	3521	3865	4035	529	26.08	1018.65	61.7	275233	AS7341	flash	5	100	999	10	0.0	0.0
2026-07-10T10:48:09.480	457	959	640	1163	2993	2943	3520	3865	4034	529	26.08	1018.66	61.64	275694	AS7341	flash	5	100	999	10	0.0	0.0
2026-07-10T10:48:11.568	457	960	640	1163	2993	2944	3521	3865	4034	530	26.07	1018.64	61.58	275463	AS7341	flash	5	100	999	10	0.0	0.0
2026-07-10T10:48:13.556	457	960	640	1163	2993	2944	3521	3865	4035	529	26.08	1018.63	61.56	275233	AS7341	flash	5	100	999	10	0.0	0.0
2026-07-10T10:48:15.544	457	960	640	1163	2994	2944	3521	3865	4035	529	26.08	1018.63	61.58	277553	AS7341	flash	5	100	999	10	0.0	0.0
2026-07-10T10:48:17.540	457	960	640	1163	2993	2944	3521	3864	4034	529	26.08	1018.65	61.63	276388	AS7341	flash	5	100	999	10	0.0	0.0
2026-07-10T10:48:19.519	457	960	640	1163	2994	2944	3521	3864	4035	530	26.08	1018.66	61.64	275233	AS7341	flash	5	100	999	10	0.0	0.0
2026-07-10T10:48:21.509	457	960	640	1163	2994	2944	3521	3865	4035	529	26.08	1018.63	61.67	276620	AS7341	flash	5	100	999	10	0.0	0.0
2026-07-10T10:48:23.505	457	960	640	1163	2993	2944	3521	3865	4035	530	26.08	1018.64	61.7	276620	AS7341	flash	5	100	999	10	0.0	0.0
2026-07-10T10:48:25.493	457	960	640	1163	2993	2944	3520	3865	4034	530	26.08	1018.66	61.74	275925	AS7341	flash	5	100	999	10	0.0	0.0
2026-07-10T10:48:27.487	457	960	640	1163	2994	2944	3522	3866	4035	529	26.07	1018.63	61.84	274774	AS7341	flash	5	100	999	10	0.0	0.0
2026-07-10T10:48:29.473	457	960	640	1163	2994	2945	3522	3866	4035	530	26.08	1018.66	61.91	274545	AS7341	flash	5	100	999	10	0.0	0.0
2026-07-10T10:48:31.557	457	960	640	1163	2994	2945	3522	3866	4035	529	26.07	1018.66	62.0	273860	AS7341	flash	5	100	999	10	0.0	0.0
2026-07-10T10:48:33.549	458	960	640	1163	2994	2945	3522	3865	4036	529	26.07	1018.64	62.04	272952	AS7341	flash	5	100	999	10	0.0	0.0
2026-07-10T10:48:35.539	457	960	640	1163	2994	2944	3522	3866	4035	529	26.07	1018.63	62.05	274774	AS7341	flash	5	100	999	10	0.0	0.0
2026-07-10T10:48:37.527	457	960	640	1163	2994	2945	3521	3865	4035	530	26.08	1018.66	62.05	274774	AS7341	flash	5	100	999	10	0.0	0.0
2026-07-10T10:48:39.517	457	960	640	1163	2993	2944	3521	3865	4034	530	26.07	1018.61	62.07	273860	AS7341	flash	5	100	999	10	0.0	0.0
2026-07-10T10:48:41.506	457	960	640	1163	2994	2944	3521	3864	4035	529	26.08	1018.65	62.14	274316	AS7341	flash	5	100	999	10	0.0	0.0
2026-07-10T10:48:43.494	457	960	640	1163	2994	2945	3522	3866	4036	529	26.08	1018.64	62.16	273405	AS7341	flash	5	100	999	10	0.0	0.0
2026-07-10T10:48:45.490	457	960	640	1163	2995	2945	3522	3866	4036	529	26.08	1018.63	62.21	274088	AS7341	flash	5	100	999	10	0.0	0.0
2026-07-10T10:48:47.488	457	960	640	1163	2995	2945	3522	3866	4036	529	26.07	1018.65	62.24	274545	AS7341	flash	5	100	999	10	0.0	0.0
2026-07-10T10:48:49.474	457	960	640	1163	2994	2945	3522	3866	4035	530	26.07	1018.62	62.29	271826	AS7341	flash	5	100	999	10	0.0	0.0
2026-07-10T10:48:51.567	457	960	640	1163	2995	2945	3522	3865	4036	530	26.07	1018.68	62.34	272952	AS7341	flash	5	100	999	10	0.0	0.0
2026-07-10T10:48:53.554	457	960	640	1163	2994	2945	3522	3866	4036	530	26.07	1018.61	62.36	273405	AS7341	flash	5	100	999	10	0.0	0.0
2026-07-10T10:48:55.547	457	960	640	1163	2994	2945	3522	3865	4035	529	26.07	1018.63	62.33	271602	AS7341	flash	5	100	999	10	0.0	0.0
2026-07-10T10:48:57.533	457	960	640	1163	2994	2945	3522	3865	4036	530	26.07	1018.64	62.34	273860	AS7341	flash	5	100	999	10	0.0	0.0
2026-07-10T10:48:59.519	457	960	640	1163	2994	2944	3521	3865	4035	529	26.07	1018.64	62.33	272952	AS7341	flash	5	100	999	10	0.0	0.0
2026-07-10T10:49:01.509	457	960	640	1163	2995	2946	3523	3867	4037	530	26.07	1018.62	62.27	273860	AS7341	flash	5	100	999	10	0.0	0.0
2026-07-10T10:49:03.490	457	960	640	1163	2995	2946	3523	3865	4036	530	26.07	1018.65	62.19	274088	AS7341	flash	5	100	999	10	0.0	0.0
2026-07-10T10:49:05.479	457	960	640	1163	2994	2945	3522	3866	4036	530	26.07	1018.63	62.13	273405	AS7341	flash	5	100	999	10	0.0	0.0
2026-07-10T10:49:07.575	457	960	640	1164	2995	2945	3523	3867	4037	530	26.05	1018.62	62.06	274088	AS7341	flash	5	100	999	10	0.0	0.0
2026-07-10T10:49:09.559	457	960	640	1163	2995	2945	3523	3866	4037	529	26.06	1018.65	61.98	273632	AS7341	flash	5	100	999	10	0.0	0.0
2026-07-10T10:49:11.556	457	960	640	1163	2994	2945	3522	3865	4035	529	26.06	1018.62	61.86	274316	AS7341	flash	5	100	999	10	0.0	0.0
2026-07-10T10:49:13.539	457	960	640	1163	2994	2946	3522	3866	4036	530	26.06	1018.63	61.79	274088	AS7341	flash	5	100	999	10	0.0	0.0
2026-07-10T10:49:15.522	457	960	640	1163	2995	2945	3522	3866	4036	530	26.07	1018.62	61.76	274774	AS7341	flash	5	100	999	10	0.0	0.0
2026-07-10T10:49:17.510	457	960	640	1163	2995	2946	3523	3867	4036	529	26.06	1018.67	61.74	275233	AS7341	flash	5	100	999	10	0.0	0.0
2026-07-10T10:49:19.505	457	960	640	1163	2995	2945	3523	3866	4036	529	26.07	1018.66	61.75	276388	AS7341	flash	5	100	999	10	0.0	0.0
2026-07-10T10:49:21.492	457	960	640	1163	2995	2946	3523	3866	4036	529	26.07	1018.62	61.76	275233	AS7341	flash	5	100	999	10	0.0	0.0
2026-07-10T10:49:23.485	457	960	640	1163	2994	2945	3522	3866	4036	530	26.06	1018.62	61.76	275694	AS7341	flash	5	100	999	10	0.0	0.0
2026-07-10T10:49:25.481	457	960	640	1163	2995	2946	3523	3867	4037	529	26.06	1018.64	61.79	273860	AS7341	flash	5	100	999	10	0.0	0.0
2026-07-10T10:49:27.476	457	960	640	1163	2994	2944	3522	3866	4035	530	26.06	1018.64	61.81	275003	AS7341	flash	5	100	999	10	0.0	0.0
2026-07-10T10:49:29.567	457	960	640	1163	2995	2946	3524	3867	4037	530	26.05	1018.62	61.84	275233	AS7341	flash	5	100	999	10	0.0	0.0
2026-07-10T10:49:31.552	458	960	640	1164	2996	2947	3524	3868	4038	529	26.06	1018.65	61.88	272500	AS7341	flash	5	100	999	10	0.0	0.0
2026-07-10T10:49:33.549	457	960	640	1163	2994	2945	3523	3866	4036	530	26.06	1018.64	61.94	274088	AS7341	flash	5	100	999	10	0.0	0.0
2026-07-10T10:49:35.542	457	959	640	1163	2994	2945	3522	3866	4036	529	26.06	1018.61	62.01	275694	AS7341	flash	5	100	999	10	0.0	0.0
2026-07-10T10:49:37.523	457	960	640	1163	2995	2946	3523	3866	4036	529	26.07	1018.63	62.09	273632	AS7341	flash	5	100	999	10	0.0	0.0
2026-07-10T10:49:39.514	457	960	640	1163	2995	2945	3522	3866	4036	529	26.06	1018.65	62.12	274088	AS7341	flash	5	100	999	10	0.0	0.0
2026-07-10T10:49:41.509	457	960	640	1163	2995	2945	3523	3866	4036	530	26.06	1018.66	62.17	272952	AS7341	flash	5	100	999	10	0.0	0.0
2026-07-10T10:49:43.500	457	960	640	1163	2995	2946	3523	3866	4036	530	26.07	1018.64	62.19	274774	AS7341	flash	5	100	999	10	0.0	0.0
2026-07-10T10:49:45.495	458	960	640	1163	2996	2946	3524	3867	4037	529	26.07	1018.65	62.23	274316	AS7341	flash	5	100	999	10	0.0	0.0
2026-07-10T10:49:47.481	457	960	640	1163	2996	2946	3524	3867	4037	529	26.07	1018.63	62.27	273860	AS7341	flash	5	100	999	10	0.0	0.0
2026-07-10T10:49:49.469	457	960	640	1163	2996	2948	3525	3869	4039	529	26.07	1018.64	62.28	274774	AS7341	flash	5	100	999	10	0.0	0.0
2026-07-10T10:49:51.566	458	960	640	1164	2996	2947	3525	3868	4038	529	26.06	1018.63	62.27	272952	AS7341	flash	5	100	999	10	0.0	0.0
2026-07-10T10:49:53.566	458	960	640	1164	2996	2947	3524	3867	4037	529	26.07	1018.64	62.21	273405	AS7341	flash	5	100	999	10	0.0	0.0
2026-07-10T10:49:55.545	458	960	641	1164	2996	2947	3524	3867	4037	529	26.07	1018.62	62.09	274774	AS7341	flash	5	100	999	10	0.0	0.0
2026-07-10T10:49:57.534	458	960	640	1164	2997	2947	3525	3868	4038	529	26.07	1018.67	61.93	275925	AS7341	flash	5	100	999	10	0.0	0.0
2026-07-10T10:49:59.522	458	960	640	1164	2996	2947	3524	3868	4037	529	26.07	1018.64	61.86	273405	AS7341	flash	5	100	999	10	0.0	0.0
2026-07-10T10:50:01.519	458	960	640	1163	2996	2946	3524	3867	4037	529	26.07	1018.63	61.84	275003	AS7341	flash	5	100	999	10	0.0	0.0
2026-07-10T10:50:03.512	457	960	640	1164	2995	2946	3523	3866	4037	529	26.07	1018.61	61.82	275694	AS7341	flash	5	100	999	10	0.0	0.0
2026-07-10T10:50:05.496	458	960	640	1164	2996	2947	3524	3868	4038	529	26.08	1018.66	61.76	275233	AS7341	flash	5	100	999	10	0.0	0.0
2026-07-10T10:50:07.486	457	960	640	1163	2996	2945	3524	3867	4037	529	26.07	1018.63	61.73	275233	AS7341	flash	5	100	999	10	0.0	0.0
2026-07-10T10:50:09.481	458	960	641	1164	2996	2947	3525	3868	4038	529	26.07	1018.6	61.76	278021	AS7341	flash	5	100	999	10	0.0	0.0
2026-07-10T10:50:11.484	458	960	640	1164	2996	2946	3524	3867	4037	529	26.07	1018.62	61.75	275694	AS7341	flash	5	100	999	10	0.0	0.0
2026-07-10T10:50:13.483	458	960	641	1164	2996	2947	3525	3868	4038	530	26.07	1018.62	61.79	275463	AS7341	flash	5	100	999	10	0.0	0.0
2026-07-10T10:50:15.567	458	960	640	1164	2996	2946	3524	3868	4037	529	26.07	1018.62	61.8	276156	AS7341	flash	5	100	999	10	0.0	0.0
2026-07-10T10:50:17.547	458	960	641	1164	2996	2947	3525	3868	4038	530	26.08	1018.64	61.87	275003	AS7341	flash	5	100	999	10	0.0	0.0
2026-07-10T10:50:19.543	457	960	640	1163	2995	2947	3524	3867	4037	530	26.08	1018.66	61.88	274774	AS7341	flash	5	100	999	10	0.0	0.0
2026-07-10T10:50:21.532	458	960	641	1164	2996	2947	3524	3868	4037	530	26.07	1018.61	61.81	274774	AS7341	flash	5	100	999	10	0.0	0.0
2026-07-10T10:50:23.519	458	960	640	1164	2996	2947	3524	3868	4038	529	26.08	1018.63	61.74	275694	AS7341	flash	5	100	999	10	0.0	0.0
2026-07-10T10:50:25.506	458	960	640	1163	2996	2946	3524	3867	4037	529	26.08	1018.61	61.74	278021	AS7341	flash	5	100	999	10	0.0	0.0
2026-07-10T10:50:27.492	458	960	641	1164	2997	2948	3526	3869	4039	529	26.08	1018.64	61.67	274774	AS7341	flash	5	100	999	10	0.0	0.0
2026-07-10T10:50:29.489	458	960	640	1164	2997	2948	3526	3869	4039	530	26.08	1018.6	61.64	275233	AS7341	flash	5	100	999	10	0.0	0.0
2026-07-10T10:50:31.489	458	960	640	1164	2996	2947	3524	3868	4037	529	26.07	1018.63	61.68	275233	AS7341	flash	5	100	999	10	0.0	0.0
2026-07-10T10:50:33.486	457	960	640	1164	2996	2947	3524	3867	4037	529	26.08	1018.63	61.68	275233	AS7341	flash	5	100	999	10	0.0	0.0
2026-07-10T10:50:35.472	458	960	641	1164	2996	2947	3524	3868	4037	530	26.08	1018.63	61.68	276853	AS7341	flash	5	100	999	10	0.0	0.0
2026-07-10T10:50:37.566	458	960	641	1164	2996	2947	3525	3868	4038	530	26.07	1018.64	61.68	274774	AS7341	flash	5	100	999	10	0.0	0.0
2026-07-10T10:50:39.552	458	960	640	1163	2997	2947	3525	3869	4038	529	26.07	1018.63	61.72	275233	AS7341	flash	5	100	999	10	0.0	0.0
2026-07-10T10:50:41.543	458	960	640	1163	2995	2946	3524	3867	4037	529	26.08	1018.68	61.81	277086	AS7341	flash	5	100	999	10	0.0	0.0
2026-07-10T10:50:43.545	458	960	641	1164	2997	2948	3525	3869	4038	529	26.08	1018.65	61.85	276620	AS7341	flash	5	100	999	10	0.0	0.0
2026-07-10T10:50:45.531	457	960	640	1163	2996	2947	3524	3867	4037	529	26.08	1018.62	61.84	276156	AS7341	flash	5	100	999	10	0.0	0.0
2026-07-10T10:50:47.525	458	960	640	1163	2996	2947	3524	3867	4037	530	26.08	1018.63	61.74	275694	AS7341	flash	5	100	999	10	0.0	0.0
2026-07-10T10:50:49.519	458	960	641	1164	2996	2947	3525	3868	4038	530	26.07	1018.61	61.68	277086	AS7341	flash	5	100	999	10	0.0	0.0
2026-07-10T10:50:51.511	458	960	641	1164	2996	2947	3525	3868	4038	529	26.07	1018.63	61.7	275694	AS7341	flash	5	100	999	10	0.0	0.0
2026-07-10T10:50:53.495	458	960	641	1164	2997	2948	3525	3868	4039	529	26.07	1018.64	61.76	275233	AS7341	flash	5	100	999	10	0.0	0.0
2026-07-10T10:50:55.489	458	960	641	1164	2997	2948	3526	3870	4039	530	26.07	1018.64	61.87	276156	AS7341	flash	5	100	999	10	0.0	0.0
2026-07-10T10:50:57.491	458	960	640	1164	2996	2947	3524	3868	4038	530	26.07	1018.62	61.98	275925	AS7341	flash	5	100	999	10	0.0	0.0
2026-07-10T10:50:59.483	458	960	641	1164	2997	2947	3525	3867	4038	530	26.08	1018.65	62.0	275233	AS7341	flash	5	100	999	10	0.0	0.0
2026-07-10T10:51:01.573	458	960	641	1164	2996	2947	3524	3867	4038	529	26.06	1018.66	62.0	275003	AS7341	flash	5	100	999	10	0.0	0.0
2026-07-10T10:51:03.568	458	960	641	1164	2996	2947	3525	3868	4038	529	26.07	1018.67	62.01	276156	AS7341	flash	5	100	999	10	0.0	0.0
2026-07-10T10:51:05.554	458	960	641	1164	2996	2947	3524	3867	4037	530	26.07	1018.63	61.96	274774	AS7341	flash	5	100	999	10	0.0	0.0
2026-07-10T10:51:07.534	458	960	641	1164	2996	2947	3525	3867	4038	530	26.07	1018.64	61.83	275003	AS7341	flash	5	100	999	10	0.0	0.0
2026-07-10T10:51:09.518	458	960	640	1164	2996	2947	3524	3868	4037	529	26.07	1018.65	61.68	274774	AS7341	flash	5	100	999	10	0.0	0.0
2026-07-10T10:51:11.515	458	960	640	1164	2996	2947	3524	3867	4037	529	26.06	1018.61	61.65	276388	AS7341	flash	5	100	999	10	0.0	0.0
2026-07-10T10:51:13.509	457	960	640	1164	2997	2947	3525	3867	4038	529	26.07	1018.63	61.68	276156	AS7341	flash	5	100	999	10	0.0	0.0
2026-07-10T10:51:15.493	458	960	641	1164	2997	2948	3526	3869	4039	530	26.07	1018.63	61.79	277086	AS7341	flash	5	100	999	10	0.0	0.0
2026-07-10T10:51:17.485	458	960	640	1164	2995	2946	3523	3865	4036	529	26.07	1018.63	61.88	277086	AS7341	flash	5	100	999	10	0.0	0.0
2026-07-10T10:51:19.467	458	960	640	1164	2996	2947	3524	3867	4038	529	26.06	1018.6	61.9	276156	AS7341	flash	5	100	999	10	0.0	0.0
2026-07-10T10:51:21.567	458	960	640	1164	2996	2947	3525	3867	4037	530	26.06	1018.63	61.92	276156	AS7341	flash	5	100	999	10	0.0	0.0
2026-07-10T10:51:23.547	458	960	641	1164	2996	2947	3525	3868	4038	529	26.06	1018.63	61.96	276388	AS7341	flash	5	100	999	10	0.0	0.0
2026-07-10T10:51:25.532	458	960	640	1164	2996	2947	3525	3868	4038	530	26.07	1018.68	61.99	277086	AS7341	flash	5	100	999	10	0.0	0.0
2026-07-10T10:51:27.525	458	960	640	1164	2996	2947	3525	3868	4038	530	26.07	1018.61	62.02	274774	AS7341	flash	5	100	999	10	0.0	0.0
2026-07-10T10:51:29.503	458	960	640	1164	2996	2947	3524	3867	4037	530	26.07	1018.64	61.92	275694	AS7341	flash	5	100	999	10	0.0	0.0
2026-07-10T10:51:31.492	457	960	640	1163	2996	2947	3524	3867	4037	529	26.07	1018.62	61.88	275233	AS7341	flash	5	100	999	10	0.0	0.0
2026-07-10T10:51:33.484	458	960	641	1164	2996	2947	3524	3867	4037	530	26.07	1018.64	61.88	277086	AS7341	flash	5	100	999	10	0.0	0.0
2026-07-10T10:51:35.479	458	960	640	1164	2996	2947	3524	3867	4037	529	26.07	1018.64	61.94	277319	AS7341	flash	5	100	999	10	0.0	0.0
2026-07-10T10:51:37.475	458	960	641	1164	2996	2947	3524	3866	4037	530	26.07	1018.61	61.99	276620	AS7341	flash	5	100	999	10	0.0	0.0
2026-07-10T10:51:39.569	458	960	640	1164	2996	2947	3525	3866	4038	530	26.07	1018.62	62.05	274774	AS7341	flash	5	100	999	10	0.0	0.0
2026-07-10T10:51:41.563	458	960	640	1164	2996	2946	3525	3867	4038	530	26.07	1018.61	62.13	275463	AS7341	flash	5	100	999	10	0.0	0.0
2026-07-10T10:51:43.564	458	960	641	1164	2997	2946	3525	3868	4038	530	26.07	1018.64	62.21	274316	AS7341	flash	5	100	999	10	0.0	0.0
2026-07-10T10:51:45.550	458	960	641	1164	2997	2948	3526	3869	4039	530	26.07	1018.62	62.26	276156	AS7341	flash	5	100	999	10	0.0	0.0
2026-07-10T10:51:47.538	458	960	641	1164	2997	2948	3525	3867	4038	530	26.07	1018.64	62.32	275694	AS7341	flash	5	100	999	10	0.0	0.0
2026-07-10T10:51:49.525	458	960	641	1164	2997	2948	3525	3868	4038	529	26.06	1018.6	62.35	274316	AS7341	flash	5	100	999	10	0.0	0.0
2026-07-10T10:51:51.507	458	960	641	1164	2996	2947	3525	3867	4038	530	26.07	1018.63	62.36	274774	AS7341	flash	5	100	999	10	0.0	0.0
2026-07-10T10:51:53.498	458	960	641	1164	2996	2947	3525	3866	4038	530	26.07	1018.67	62.35	275925	AS7341	flash	5	100	999	10	0.0	0.0
2026-07-10T10:51:55.493	458	960	641	1164	2997	2947	3525	3867	4038	529	26.07	1018.63	62.22	273405	AS7341	flash	5	100	999	10	0.0	0.0
2026-07-10T10:51:57.492	458	960	641	1164	2996	2947	3524	3867	4037	530	26.07	1018.62	62.05	275694	AS7341	flash	5	100	999	10	0.0	0.0
2026-07-10T10:51:59.488	458	960	641	1164	2996	2947	3525	3866	4038	530	26.07	1018.62	61.95	272952	AS7341	flash	5	100	999	10	0.0	0.0
2026-07-10T10:52:01.490	458	960	641	1164	2997	2948	3526	3868	4039	529	26.07	1018.64	61.98	275925	AS7341	flash	5	100	999	10	0.0	0.0
2026-07-10T10:52:03.486	458	960	641	1164	2998	2949	3526	3869	4039	530	26.07	1018.64	61.92	275925	AS7341	flash	5	100	999	10	0.0	0.0
2026-07-10T10:52:05.469	458	960	641	1164	2997	2947	3525	3868	4038	530	26.07	1018.6	61.8	276620	AS7341	flash	5	100	999	10	0.0	0.0
2026-07-10T10:52:07.561	458	960	641	1164	2997	2948	3526	3868	4038	529	26.06	1018.59	61.75	275694	AS7341	flash	5	100	999	10	0.0	0.0
2026-07-10T10:52:09.539	458	960	641	1164	2997	2948	3525	3868	4038	529	26.08	1018.6	61.78	277319	AS7341	flash	5	100	999	10	0.0	0.0
2026-07-10T10:52:11.522	458	960	640	1164	2996	2947	3525	3867	4037	529	26.07	1018.6	61.74	277553	AS7341	flash	5	100	999	10	0.0	0.0
2026-07-10T10:52:13.506	458	960	641	1164	2997	2948	3525	3867	4038	530	26.07	1018.62	61.71	276620	AS7341	flash	5	100	999	10	0.0	0.0
2026-07-10T10:52:15.488	458	960	641	1164	2997	2948	3525	3868	4038	529	26.07	1018.64	61.68	277553	AS7341	flash	5	100	999	10	0.0	0.0
2026-07-10T10:52:17.478	458	960	641	1164	2996	2947	3525	3867	4038	529	26.08	1018.61	61.6	277787	AS7341	flash	5	100	999	10	0.0	0.0
2026-07-10T10:52:19.567	458	960	641	1164	2998	2949	3526	3869	4039	530	26.07	1018.63	61.52	277553	AS7341	flash	5	100	999	10	0.0	0.0
2026-07-10T10:52:21.561	458	960	641	1164	2997	2948	3525	3868	4038	529	26.07	1018.59	61.49	277319	AS7341	flash	5	100	999	10	0.0	0.0
2026-07-10T10:52:23.544	458	960	641	1164	2997	2948	3526	3868	4038	529	26.07	1018.62	61.48	278021	AS7341	flash	5	100	999	10	0.0	0.0
2026-07-10T10:52:25.534	457	960	640	1164	2997	2947	3526	3868	4039	530	26.07	1018.6	61.45	276853	AS7341	flash	5	100	999	10	0.0	0.0
2026-07-10T10:52:27.516	458	960	641	1164	2997	2947	3525	3867	4038	529	26.07	1018.65	61.4	279200	AS7341	flash	5	100	999	10	0.0	0.0
2026-07-10T10:52:29.509	458	960	641	1164	2998	2948	3526	3868	4039	530	26.07	1018.62	61.33	278963	AS7341	flash	5	100	999	10	0.0	0.0
2026-07-10T10:52:31.498	458	960	641	1164	2998	2949	3527	3868	4040	530	26.07	1018.62	61.38	277787	AS7341	flash	5	100	999	10	0.0	0.0
2026-07-10T10:52:33.486	458	960	641	1164	2999	2950	3527	3870	4040	530	26.07	1018.63	61.48	278963	AS7341	flash	5	100	999	10	0.0	0.0
2026-07-10T10:52:35.476	458	960	641	1164	2997	2948	3526	3868	4039	529	26.07	1018.61	61.6	278021	AS7341	flash	5	100	999	10	0.0	0.0
2026-07-10T10:52:37.558	458	960	641	1164	2998	2948	3527	3869	4039	530	26.07	1018.62	61.67	278021	AS7341	flash	5	100	999	10	0.0	0.0
2026-07-10T10:52:39.542	458	960	641	1164	2997	2948	3526	3869	4039	529	26.07	1018.62	61.71	278492	AS7341	flash	5	100	999	10	0.0	0.0
2026-07-10T10:52:41.531	458	960	641	1164	2997	2948	3525	3868	4038	529	26.06	1018.6	61.73	277086	AS7341	flash	5	100	999	10	0.0	0.0
2026-07-10T10:52:43.525	458	960	641	1164	2998	2949	3526	3867	4039	529	26.06	1018.58	61.72	278492	AS7341	flash	5	100	999	10	0.0	0.0
2026-07-10T10:52:45.516	458	960	641	1164	2998	2948	3527	3869	4039	530	26.06	1018.61	61.74	276620	AS7341	flash	5	100	999	10	0.0	0.0
2026-07-10T10:52:47.504	458	960	641	1164	2998	2949	3527	3869	4040	530	26.06	1018.62	61.76	277086	AS7341	flash	5	100	999	10	0.0	0.0
2026-07-10T10:52:49.490	458	960	641	1164	2998	2948	3526	3868	4039	530	26.07	1018.64	61.74	278963	AS7341	flash	5	100	999	10	0.0	0.0
2026-07-10T10:52:51.487	458	960	641	1164	2998	2949	3527	3869	4039	529	26.07	1018.62	61.7	276156	AS7341	flash	5	100	999	10	0.0	0.0
2026-07-10T10:52:53.481	458	960	641	1164	2998	2949	3526	3868	4039	529	26.06	1018.6	61.68	277319	AS7341	flash	5	100	999	10	0.0	0.0
2026-07-10T10:52:55.478	458	960	641	1164	2998	2948	3527	3868	4039	530	26.06	1018.61	61.7	277319	AS7341	flash	5	100	999	10	0.0	0.0
2026-07-10T10:52:57.572	458	960	641	1164	2999	2949	3527	3869	4040	529	26.05	1018.62	61.77	277553	AS7341	flash	5	100	999	10	0.0	0.0
2026-07-10T10:52:59.575	458	960	641	1164	2998	2948	3526	3868	4039	530	26.06	1018.6	61.81	276620	AS7341	flash	5	100	999	10	0.0	0.0
2026-07-10T10:53:01.563	458	961	641	1165	2998	2949	3527	3869	4040	529	26.06	1018.63	61.84	276853	AS7341	flash	5	100	999	10	0.0	0.0
2026-07-10T10:53:03.557	458	960	641	1164	2998	2949	3526	3868	4039	529	26.06	1018.61	61.9	276853	AS7341	flash	5	100	999	10	0.0	0.0
2026-07-10T10:53:05.549	458	960	641	1164	2998	2949	3527	3869	4040	529	26.06	1018.59	61.98	276620	AS7341	flash	5	100	999	10	0.0	0.0
2026-07-10T10:53:07.551	458	960	641	1164	2998	2949	3527	3869	4040	530	26.06	1018.61	61.98	277319	AS7341	flash	5	100	999	10	0.0	0.0
2026-07-10T10:53:09.539	458	961	641	1165	2999	2949	3528	3870	4040	530	26.06	1018.61	61.93	277086	AS7341	flash	5	100	999	10	0.0	0.0
2026-07-10T10:53:11.526	458	961	641	1164	2999	2950	3527	3870	4040	530	26.06	1018.64	61.85	276620	AS7341	flash	5	100	999	10	0.0	0.0
2026-07-10T10:53:13.509	458	961	641	1165	2998	2949	3527	3869	4039	529	26.06	1018.6	61.78	278256	AS7341	flash	5	100	999	10	0.0	0.0
2026-07-10T10:53:15.504	458	960	641	1164	2998	2949	3526	3868	4039	529	26.06	1018.63	61.76	278021	AS7341	flash	5	100	999	10	0.0	0.0
2026-07-10T10:53:17.491	458	960	641	1164	2998	2949	3527	3868	4039	529	26.06	1018.57	61.73	278963	AS7341	flash	5	100	999	10	0.0	0.0
2026-07-10T10:53:19.479	458	960	641	1164	2998	2949	3527	3869	4040	529	26.06	1018.59	61.71	277086	AS7341	flash	5	100	999	10	0.0	0.0
2026-07-10T10:53:21.470	458	960	641	1164	2998	2949	3527	3868	4040	529	26.05	1018.56	61.71	278963	AS7341	flash	5	100	999	10	0.0	0.0
2026-07-10T10:53:23.563	458	961	641	1165	2999	2950	3528	3870	4041	529	26.05	1018.62	61.75	277086	AS7341	flash	5	100	999	10	0.0	0.0
2026-07-10T10:53:25.558	458	960	641	1164	2999	2949	3527	3869	4040	529	26.05	1018.62	61.75	277553	AS7341	flash	5	100	999	10	0.0	0.0
2026-07-10T10:53:27.548	458	960	641	1164	2999	2950	3528	3870	4040	529	26.04	1018.59	61.72	278492	AS7341	flash	5	100	999	10	0.0	0.0
2026-07-10T10:53:29.541	458	960	641	1164	2998	2948	3527	3869	4040	530	26.05	1018.59	61.72	277319	AS7341	flash	5	100	999	10	0.0	0.0
2026-07-10T10:53:31.527	458	960	641	1164	2998	2949	3526	3867	4039	530	26.05	1018.59	61.73	278256	AS7341	flash	5	100	999	10	0.0	0.0
2026-07-10T10:53:33.512	458	960	641	1164	2998	2949	3527	3869	4039	529	26.05	1018.62	61.63	278727	AS7341	flash	5	100	999	10	0.0	0.0
2026-07-10T10:53:35.501	458	960	641	1164	2998	2949	3526	3868	4039	530	26.04	1018.6	61.55	279200	AS7341	flash	5	100	999	10	0.0	0.0
2026-07-10T10:53:37.488	458	960	641	1164	2999	2950	3528	3870	4040	529	26.05	1018.64	61.55	279200	AS7341	flash	5	100	999	10	0.0	0.0
2026-07-10T10:53:39.478	458	960	641	1165	2999	2949	3528	3870	4040	530	26.04	1018.61	61.58	278727	AS7341	flash	5	100	999	10	0.0	0.0
2026-07-10T10:53:41.575	458	960	641	1165	2998	2949	3527	3869	4039	530	26.03	1018.6	61.72	277319	AS7341	flash	5	100	999	10	0.0	0.0
2026-07-10T10:53:43.565	458	960	641	1164	2999	2950	3527	3868	4040	530	26.04	1018.59	61.85	277553	AS7341	flash	5	100	999	10	0.0	0.0
2026-07-10T10:53:45.562	458	960	641	1164	2999	2950	3528	3870	4040	529	26.04	1018.6	61.83	277553	AS7341	flash	5	100	999	10	0.0	0.0
2026-07-10T10:53:47.544	458	960	641	1164	2998	2949	3527	3868	4039	529	26.04	1018.58	61.81	278727	AS7341	flash	5	100	999	10	0.0	0.0
2026-07-10T10:53:49.538	458	960	641	1164	2999	2950	3528	3871	4041	531	26.04	1018.63	61.8	277086	AS7341	flash	5	100	999	10	0.0	0.0
