{
  "ts": 1772822680.525246,
  "cmd_id": "2be54f76-63a7-479d-b0cc-fcddfebea22a",
  "cmd": {
    "action": "measure",
    "co2_r": 400,
    "tair": 20,
    "rh_air": 55,
    "wait_for_co2": false,
    "co2_tol": 1,
    "wait_s": 0,
    "qin": 0,
    "log": true,
    "cmd_id": "2be54f76-63a7-479d-b0cc-fcddfebea22a"
  },
  "meas": {
    "CO2_r": 390,
    "CO2_s": 389.249,
    "H2O_r": 15.9611,
    "H2O_s": 15.8248,
    "Tchamber": 19.8595,
    "Tleaf": 25.9168,
    "RHcham": 69.47420602449064,
    "PPFD_in": 0
  },
  "error": null
}